Date,Open,High,Low,Close,Volume,Dividends,Stock Splits,SMA_20,SMA_50,SMA_100,SMA_200,EMA_20,EMA_50,EMA_100,EMA_200,WMA_20,WMA_50,DEMA_20,DEMA_50,TEMA_20,TEMA_50,HMA_20,HMA_50,KAMA_10,ZLMA_20,ZLMA_50,VWMA_20,VWMA_50,MCGD_14,ALMA_10,MIDPOINT_2,MIDPOINT_14,MIDPRICE_14,RSI_14,MACD_12_26_9,MACDh_12_26_9,MACDs_12_26_9,STOCHk_14_3_3,STOCHd_14_3_3,STOCHh_14_3_3,STOCHRSIk_14_14_3_3,STOCHRSId_14_14_3_3,WILLR_14,ROC_10,ROC_20,MOM_10,CCI_20,AO_5_34,UO_7_14_28,FISHERT_9_1,FISHERTs_9_1,TRIX_18_9,TRIXs_18_9,COPPOCK_10_14_11,BULLP_13,BEARP_13,RVGI_14_4,RVGIs_14_4,SQZ_20_2_20_1.5,SQZ_ON,SQZ_OFF,SQZ_NO,SQZPRO_20_2_20_2.0_1.5_1.0,SQZPRO_ON_WIDE,SQZPRO_ON_NORMAL,SQZPRO_ON_NARROW,SQZPRO_OFF,SQZPRO_NO,ATR_14,TR,BBL_20_2.0_2.0,BBM_20_2.0_2.0,BBU_20_2.0_2.0,BBB_20_2.0_2.0,BBP_20_2.0_2.0,KCLe_20_2,KCBe_20_2,KCUe_20_2,DCL_20_20,DCM_20_20,DCU_20_20,UI_14,HIST_VOL_20,ACCBL_20,ACCBM_20,ACCBU_20,OBV,MFI_14,CMF_20,AD,ADOSC_3_10,EFI_13,VWAP,PVT,NVI,PVO_12_26_9,PVOh_12_26_9,PVOs_12_26_9,RVOL_10,ZSCORE_20,STDEV_20,VARIANCE_20,MEDIAN_20,QUANTILE_20,SKEW_20,KURT_20,CORRELATION_20,COVARIANCE_20,LINREG_20,SLOPE_20,ENTROPY_10,MAD_30,RETURN_1D,RETURN_5D,RETURN_20D,RETURN_60D,RETURN_120D,RETURN_252D,LOG_RETURN,QOQ_RETURN,QOQ_VOLUME_GROWTH,QOQ_VOLATILITY,QOQ_HL_RANGE
2025-10-07 00:00:00+05:30,5672.5,5672.5,5607.0,5627.0,13182,0.0,0.0,,,,,,,,,,,,,,,,,,,,,,,,,,,,,,,,,,,,,,,,,,,,,,,,,,,,,0,0,1,,0,0,0,0,1,,65.5,,,,,,,,,,,,,,,,,,,,-5131.923664122137,,,5635.5,,1000.0,,,,,,,,,,,,,,,,,,,,,,,,,-0.048899593228087235,0.704416626753654,-0.07864988951387775,-0.011541096308635201
2025-10-08 00:00:00+05:30,5627.0,5633.5,5550.0,5566.0,15267,0.0,0.0,,,,,,,,,,,,,,,,,,,,,,5622.448687540764,,5596.5,,,0.0,,,,,,,,,,,,,,,,,,,,,,,,,,0,0,1,,0,0,0,0,1,,83.5,,,,,,,,,,,,,,,,,-15267.0,,,-14548.097316816747,,,5583.166666666667,-16550.32877199218,1000.0,,,,,,,,,,,,,,,,,,-0.010840590012439977,,,,,,-0.010899777347442848,-0.048899593228087235,0.704416626753654,-0.07864988951387775,-0.011541096308635201
2025-10-09 00:00:00+05:30,5566.0,5566.0,5466.0,5498.5,24627,0.0,0.0,,,,,,,,,,,,,,,,,,,,,,5612.769498284424,,5532.25,,,0.0,,,,,,,,,,,,,,,,,,,,,,,,,,0,0,1,,0,0,0,0,1,,100.0,,,,,,,,,,,,,,,,,-39894.0,,,-23167.54731681675,,,5510.166666666667,-46415.98633577228,1000.0,,,,,,,,,,,,,,,,,,-0.012127200862378729,,,,,,-0.012201335334846936,-0.048899593228087235,0.704416626753654,-0.07864988951387775,-0.011541096308635201
2025-10-10 00:00:00+05:30,5520.0,5541.0,5472.0,5502.0,18791,0.0,0.0,,,,,,,,,,,,,,,,,,,,,,5604.200725286476,,5500.25,,,0.436117662765342,,,,,,,,,,,,,,,,,,,,,,,,,,0,0,1,,0,0,0,0,1,,69.0,,,,,,,,,,,,,,,,,-21103.0,,,-25618.54731681675,,,5505.0,-45219.869212920596,1000.0636537237428,,,,,,,,,,,,,,,,,,0.0006365372374284028,,,,,,0.0006363347335307106,-0.048899593228087235,0.704416626753654,-0.07864988951387775,-0.011541096308635201
2025-10-13 00:00:00+05:30,5469.0,5554.5,5445.0,5534.0,17807,0.0,0.0,,,,,,,,,,,,,,,,,,,,,,5598.927070807124,,5518.0,,,4.535443615488385,,,,,,,,,,,,,,,,,,,,,,,,,,0,0,1,,0,0,0,0,1,,109.5,,,,,,,,,,,,,,,,,-3296.0,,,-14479.00850403136,,,5511.166666666667,-34863.19891121212,1000.6452604122197,,,,,,,,,,,,,,,,,,0.0058160668847691,,,,,,0.005799218862351291,-0.048899593228087235,0.704416626753654,-0.07864988951387775,-0.011541096308635201
2025-10-14 00:00:00+05:30,5600.0,5600.0,5450.0,5468.0,15915,0.0,0.0,,,,,,,,,,,,,,,,,,,,,,5588.646750773017,,5501.0,,,4.155425122933118,,,,,,,,,,,,,,,,,,,,,,,,,,0,0,1,,0,0,0,0,1,,150.0,,,,,,,,,,,,,,,,,-19211.0,,,-26574.40850403136,,,5506.0,-53843.863891335,999.4526330179299,,,,,,,,,,,,,,,,,,-0.011926273942898469,-0.02825661986849115,,,,,-0.011997962503031059,-0.048899593228087235,0.704416626753654,-0.07864988951387775,-0.011541096308635201
2025-10-15 00:00:00+05:30,5476.0,5540.0,5456.0,5498.0,7310,0.0,0.0,,,,,,,,,,,,,,,,,,,,,,5581.734302387428,,5483.0,,,7.931645592512317,,,,,,,,,,,,,,,,,,,,,,,,,,0,0,1,,0,0,0,0,1,,84.0,,,,,,,,,,,,,,,,,-11901.0,,,-26574.40850403136,,,5498.0,-49833.25672235183,1000.0012796894734,,,,,,,,,,,,,,,,,,0.00548646671543529,-0.01221703197987778,,,,,0.0054714708813508725,-0.048899593228087235,0.704416626753654,-0.07864988951387775,-0.011541096308635201
2025-10-16 00:00:00+05:30,5535.5,5599.0,5490.0,5577.5,15230,0.0,0.0,,,,,,,,,,,,,,,,,,,,,,5581.430932719207,,5537.75,,,17.23745591527586,,,,,,,,,,,,,,,,,,,,,,,,,,0,0,1,,0,0,0,0,1,,109.0,,,,,,,,,,,,,,,,,3329.0,,,-17352.573641646035,,,5555.5,-27810.97589295932,1000.0012796894734,,,,,,,,,,,,,,,,,,0.014459803564932594,0.014367554787669379,,,,,0.014356257581496449,-0.048899593228087235,0.704416626753654,-0.07864988951387775,-0.011541096308635201
2025-10-17 00:00:00+05:30,5580.0,5590.0,5512.5,5571.0,8953,0.0,0.0,,,,,,,,,,,,,,,,,,,,,,5580.680270264888,,5574.25,,,17.085401194519864,,,,,,,,,,,,,,,,0.0,,,,,,,,,,0,0,1,,0,0,0,0,1,,77.5,,,,,,,,,,,,,,,,,-5624.0,,,-12789.431706162164,,,5557.833333333333,-28854.355543340313,999.8847400211632,,,,,,,,,,,,,,,,,,-0.0011653966831017826,0.012540894220283594,,,,,-0.0011660762858721277,-0.048899593228087235,0.704416626753654,-0.07864988951387775,-0.011541096308635201
2025-10-20 00:00:00+05:30,5593.0,5595.5,5511.0,5546.5,10924,0.0,0.0,,,,,,,,,,,,,,,,,5538.850000000001,,,,,5578.178082169714,5538.13365046654,5558.75,,,16.494777833026433,,,,,,,,,,,,,,,,0.059028463376664765,0.0,,,,,,,,,0,0,1,,0,0,0,0,1,,84.5,,,,,,,,,,,,,,,,,-16548.0,,,-14534.686144031986,2413.9781429385803,,5551.0,-33658.48406604719,999.8847400211632,,,,0.7380781860194857,,,,,,,,,,,,,,-0.004397774187757997,0.0022587640043367774,,,,,-0.004407472842101138,-0.048899593228087235,0.704416626753654,-0.07864988951387775,-0.011541096308635201
2025-10-21 00:00:00+05:30,5530.5,5591.5,5530.5,5578.0,2588,0.0,0.0,,,,,,,,,,,,,,,,,5539.594628373193,,,,,5578.165360390251,5552.973436960581,5562.25,,,20.309149890940954,,,,,,,,,,-0.8708014928025591,,-49.0,,,,0.41736185432060563,0.059028463376664765,,,,,,,,,0,0,1,,0,0,0,0,1,,61.0,,,,,,,,,,,,,,,,,-13960.0,,,-13092.194340753298,2793.0837281820895,,5566.666666666667,-32188.69230547746,1000.4526657400851,,,,0.18833871859808457,,,,,,,,,,,,,,0.005679257189218356,0.02011704462326258,,,,,0.005663191008719882,-0.048899593228087235,0.704416626753654,-0.07864988951387775,-0.011541096308635201
2025-10-23 00:00:00+05:30,5604.5,5646.5,5549.0,5568.0,10227,0.0,0.0,,,,,,,,,,,,,,,,,5539.725770864326,,,,,5577.433946210105,5561.3587823436,5573.0,,,19.996868902373038,,,,,,,,,,0.035932446999640676,,2.0,,,,0.8674852489610787,0.41736185432060563,,,,,,,,,0,0,1,,0,0,0,0,1,,97.5,,,,,,,,,,,,,,,,,-24187.0,,,-19333.286648445606,708.4535762266896,,5587.833333333333,-34022.1451559615,1000.4526657400851,,,,0.7725954129272051,,,,,,,,,,,,,,-0.0017927572606668551,0.012731902510003668,,,,,-0.001794366173178637,-0.048899593228087235,0.704416626753654,-0.07864988951387775,-0.011541096308635201
2025-10-24 00:00:00+05:30,5560.0,5626.0,5512.5,5565.5,10522,0.0,0.0,,,,,,,,,,,,,,,,,5540.81506391641,,,,,5576.574186608824,5565.203401618228,5566.75,,,19.914427320836243,,,,,,,,,,1.21851414022006,,67.0,,,,1.0216633972374285,0.8674852489610787,,,,79.84615384615427,-33.653846153845734,,,,0,0,1,,0,0,0,0,1,,113.5,,,,,,,,,,,,,,,,,-34709.0,,,-20028.57299205794,-429.9820112886882,-162600.625,5568.0,-34494.576908835064,1000.4526657400851,,,,0.8896818216408634,,,,,,,,,,,,,,-0.0004489942528735913,-0.0021515015688032824,,,,,-0.000449095080975103,-0.048899593228087235,0.704416626753654,-0.07864988951387775,-0.011541096308635201
2025-10-27 00:00:00+05:30,5593.5,5593.5,5524.5,5566.0,6004,0.0,0.0,,,,,,,,,,,,,,,,,5541.829439713864,,,,,5575.8131315744795,5566.725805079123,5565.75,5547.5,5558.75,19.985477930643967,,,,,,,,,-46.81318681318681,1.1632133769538349,,64.0,,,,0.9678317954976077,1.0216633972374285,,,,44.51098901098885,-24.48901098901115,,,,0,0,1,,0,0,0,0,1,90.96428571428571,69.0,,,,,,,,,,,,,,,,,-28705.0,,,-18810.370093507216,-469.006373798049,-138943.10714285716,5561.333333333333,-34440.63746044768,1000.4616496588704,,,,0.5692074326886614,,,,,,,,,,,,,,8.983918785365752e-05,-0.0008975049362771603,,,,,8.983515255550388e-05,-0.048899593228087235,0.704416626753654,-0.07864988951387775,-0.011541096308635201
2025-10-28 00:00:00+05:30,5566.0,5586.5,5510.0,5537.5,6301,0.0,0.0,,,,,,,,,,,,,,,,,5541.806960675433,,,,,5572.999951712826,5563.333010195135,5551.75,5523.0,5545.75,18.9532924919871,,,,,,,,,-54.09429280397022,0.06324539212143115,,3.5,,,,0.7813878045646552,0.9678317954976077,,,,39.15227629513265,-37.34772370486735,,,,0,0,1,,0,0,0,0,1,89.93112244897958,76.5,,,,,,,,,,,,,,,,,-35006.0,32.216151399831745,,-20581.239374552966,-1005.7923502666126,-144748.16326530615,5544.666666666668,-37666.98492721017,1000.4616496588704,,,,0.6705046076574371,,,,,,,,,,,,,,-0.005120373697448777,-0.0016226449112052288,,,,,-0.005133527732444991,-0.048899593228087235,0.704416626753654,-0.07864988951387775,-0.011541096308635201
2025-10-29 00:00:00+05:30,5900.0,6645.0,5800.0,6572.0,3495838,0.0,0.0,,,,,,,,,,,,,,,,,5909.208020353481,,,,,5609.89800142645,5685.606853878289,6054.75,6020.0,6045.0,73.15350963930318,,,,64.33639568316988,,,,,-6.0833333333333295,20.190197512801756,,1104.0,,,,0.9720194967020082,0.7813878045646552,,,,951.2733796815419,106.27337968154188,,,,0,0,1,,0,0,0,0,1,162.6146137026239,1107.5,,,,,,,,,,,,,,,,,3460832.0,97.5910250912301,,2871242.1476076953,918991.6721855539,516510846.0029154,6339.0,65270584.22951975,1000.4616496588704,,,,9.78158575918668,,,,,,,,,,,,,,0.18681715575620772,0.1782000717102905,,,,,0.17127506480376767,-0.048899593228087235,0.704416626753654,-0.07864988951387775,-0.011541096308635201
2025-10-30 00:00:00+05:30,6598.0,7036.0,6334.5,6694.0,3477567,0.0,0.0,,,,,,,,,,,,,,,,,6193.580043782289,,,,,5648.094111605258,5914.121395828086,6633.0,6081.0,6240.5,75.25517718326239,,,,72.77548644784204,,,97.77463621695189,,-21.495914519170334,21.753364859949073,,1196.0,,,,1.3166710153162104,0.9720194967020082,,,,1199.3771825841777,497.8771825841777,-2341.0544349939246,,,0,0,1,,0,0,0,0,1,201.10642700957933,701.5,,,,,,,,,,,,,,,,,6938399.0,99.09232411939949,,2957995.422732428,1239412.888654845,503332607.14535606,6688.166666666667,71726201.6062696,1002.3180099753647,,,,4.936812852189205,,,,,,,,,,,,,,0.0185636031649421,0.20222701149425282,,,,,0.018393402614113142,-0.048899593228087235,0.704416626753654,-0.07864988951387775,-0.011541096308635201
2025-10-31 00:00:00+05:30,6578.0,6760.0,6482.0,6572.0,679060,0.0,0.0,,,,,,,,,,,,,,,,,6287.306317692036,,,,,5684.095328310016,6183.297550491697,6633.0,6081.0,6240.5,69.40396975630158,,,,81.0855681262658,72.73248341909257,8.353084707173224,97.25680833036004,,-29.164047768698932,17.830569251456748,,994.5,,,,1.6286926736560652,1.3166710153162104,,,,818.3232993578658,540.3232993578658,-3445.6902807518436,,551.9166666666666,0,0,1,551.9166666666666,0,0,0,0,1,206.59882508032368,278.0,,,,,,,,,,,,,,,,,6259339.0,90.49872271678647,,2718614.5594230755,1181653.7580979574,419592903.26744807,6604.666666666667,70488595.98929918,1000.4954823386752,,,,0.8809826278829846,,,,,,,,,,,,,,-0.01822527636689575,0.18084628514958223,,,,,-0.018393402614113243,-0.048899593228087235,0.704416626753654,-0.07864988951387775,-0.011541096308635201
2025-11-03 00:00:00+05:30,6495.0,6534.0,6283.0,6370.5,220766,0.0,0.0,,,,,,,,,,,,,,,,,6298.676751476568,,,,,5715.169783731717,6380.727655194842,6471.25,6081.0,6243.0,60.9718223438542,,,,69.1263765892054,74.32914372110442,-5.202767131899009,90.56041609011308,95.19728687914166,-41.9609079445145,14.351103931071622,,799.5,,,,1.6270709800258887,1.6286926736560652,0.013161438541198223,,,531.0628280210276,280.0628280210276,-4113.649554582515,,707.5833333333333,0,0,1,707.5833333333333,0,0,0,0,1,212.484623288872,289.0,,,,,,,,,,,,,,,,,6038573.0,88.01564539118307,,2651769.0773513624,1029332.9369293256,353296152.9435269,6395.833333333333,69811719.10250673,997.4294446028262,,,,0.27875209427716396,,,,,,,,,,,,3.4165574798335627,,-0.030660377358490587,0.14453826805605452,,,,,-0.031140240735723176,-0.048899593228087235,0.704416626753654,-0.07864988951387775,-0.011541096308635201
2025-11-04 00:00:00+05:30,6370.5,6540.0,6303.0,6376.0,173408,0.0,0.0,5789.4000000000015,,,,5789.4,,,,5960.8,,5789.4,,5789.4,,,,6310.138362776355,6447.772727272727,,6590.981976327193,,5745.640675917804,6460.5482439530715,6373.25,6096.0,6246.0,61.11070763119111,,,,62.36763079601746,70.85985850382954,-8.492227707812084,83.55718397703191,90.45813613250166,-41.77215189873418,14.955377264941855,,829.5,5309.373047577277,,,1.5492194279362694,1.6270709800258887,0.035435468466160636,,,483.76813830373703,246.76813830373703,-4427.769540422677,-3647.9172743475524,840.6666666666665,0,1,0,840.6666666666665,0,0,0,1,0,214.23572162538113,237.0,4915.118544656304,5789.4000000000015,6663.681455343699,30.20283467522359,0.8354754904239587,5393.099999999999,5789.4,6185.7,5445.0,6240.5,7036.0,,,5335.271639673714,5789.4000000000015,6250.896639673715,6211981.0,88.41341482377459,0.314106453248345,2585186.2587859617,852258.7099141371,302961523.09445167,6406.333333333332,69826690.36064973,997.5157800553025,,,,0.214553292566789,1.341901961695835,437.1407276718487,191092.0157894734,5567.0,5567.0,1.3060621641257197,-0.15085284736265478,,191092.0157894734,6303.6,,3.4265344517765075,,0.0008633545247624941,0.15142212189616244,,,,,0.000862982048615341,-0.048899593228087235,0.704416626753654,-0.07864988951387775,-0.011541096308635201
2025-11-06 00:00:00+05:30,6375.0,6434.5,6251.5,6331.0,75777,0.0,0.0,5824.600000000001,,,,5840.980952380952,,,,6012.380952380953,,5887.649433106575,,5929.873296620234,,,,6312.737186434367,6509.318181818182,,6590.138669524057,,5774.004128849146,6445.666014279281,6353.5,6115.75,6263.0,59.252811467584664,,,,56.88846258782612,62.79415665768299,-5.905694069856871,77.22262606666581,83.78007537793692,-45.60155239327296,13.4994621728218,12.511107161897991,753.0,5333.788787543762,,,1.3945807067848182,1.5492194279362694,0.06257217970258022,,,339.0155471174885,156.0155471174885,-4478.362568151908,-4167.815173152356,960.8333333333331,0,1,0,960.8333333333331,0,0,0,1,0,212.00459865213963,183.0,4921.631293891907,5824.600000000001,6727.568706108095,31.005346499608347,0.7804083887816251,5447.566666666666,5840.980952380952,6234.395238095238,5445.0,6240.5,7036.0,,0.6422694208168848,5355.972587775805,5824.600000000001,6300.972587775805,6136204.0,87.6832873044239,0.3111560269683048,2575248.291572847,699179.1083933746,259194167.65238714,6339.0,69773209.10280783,996.8100084116387,,,,0.09291555238386016,1.1216335551265004,451.4843530540469,203838.12105263126,5567.0,5567.0,1.0287296531195649,-0.8593892253060607,,203838.12105263126,6387.942857142857,35.2,3.431584455251421,,-0.00705771643663744,-0.03667072428484475,0.12511107161897983,,,,-0.007082739925924491,-0.048899593228087235,0.704416626753654,-0.07864988951387775,-0.011541096308635201
2025-11-07 00:00:00+05:30,6318.0,6318.0,6122.5,6221.5,105093,0.0,0.0,5857.375000000001,,,,5877.2208616780035,,,,6050.1809523809525,,5952.233214555662,,6016.08021349129,,,,6304.529308015268,6544.3831168831175,,6587.382302652078,,5797.717261759616,6386.554238196346,6276.25,6115.75,6273.0,54.88052441610122,,,,53.08381984499718,57.44663774294692,-4.362817897949739,72.36097752181423,77.71359585517064,-53.37483617300131,11.736709770114942,11.776859504132231,653.5,5254.649216186857,,,1.1563548000594188,1.3945807067848182,0.09001952928744394,,,204.51332610070494,9.013326100704944,-4466.001615434321,-4398.652564527667,894.9999999999999,0,1,0,894.9999999999999,0,0,0,1,0,211.7542701769868,208.5,4946.37832919899,5857.375000000001,6768.3716708010115,31.105970534616972,0.6998497972993883,5481.560317460317,5877.2208616780035,6272.8814058956905,5445.0,6240.5,7036.0,,0.6449549412880151,5373.642468085562,5857.375000000001,6346.642468085562,6031111.0,86.59983646606737,0.30910539758099864,2576592.1918286015,573421.5025441325,220522474.63061756,6220.666666666667,69591441.87014318,996.8100084116387,,,,0.1273802666945928,0.7993991891975532,455.4983354005053,207478.73355263122,5569.5,5569.5,0.8108793668682162,-1.2494451843703902,,207478.73355263122,6435.7928571428565,32.775,3.4316781298843826,,-0.017295845837940305,-0.07058559904391992,0.11776859504132231,,,,-0.017447166328440636,-0.048899593228087235,0.704416626753654,-0.07864988951387775,-0.011541096308635201
2025-11-10 00:00:00+05:30,6221.5,6276.0,6100.0,6134.5,36251,0.0,0.0,5889.175000000001,,,,5901.723636756289,,,,6076.57380952381,,5991.761133478334,,6063.121643612633,,6555.807272727273,,6293.067831198985,6559.489486703773,,6588.621051383242,,5816.90983619898,6315.433800702305,6178.0,6115.75,6273.0,51.62127039537601,,,,47.31586523544461,52.42938255608931,-5.113517320644696,65.95727398365936,71.84695919071314,-59.07601572739188,10.223699577755816,11.56679094298445,569.0,5211.831636711106,,,0.9198885471701423,1.1563548000594188,0.11493107150308823,,,159.51142237203203,-16.48857762796797,-4458.7478106185,-4462.5409530356055,794.4166666666666,0,1,0,794.4166666666666,0,0,0,1,0,209.20039373577347,176.0,4986.561468724238,5889.175000000001,6791.788531275764,30.653309887234226,0.6358970320626891,5510.2212396069535,5901.723636756289,6293.226033905625,5445.0,6240.5,7036.0,,0.6456764488492643,5397.902113575932,5889.175000000001,6389.902113575934,5994860.0,86.22907934423972,0.3070787263260668,2554553.2316013286,462833.5853022076,188568715.82624364,6170.166666666667,69540749.32011504,995.4116318143551,,,,0.04380221759978927,0.5435881282507564,451.3067656378817,203677.7967105259,5574.25,5574.25,0.6413453121583516,-1.4460175760211278,,203677.7967105259,6451.371428571429,31.8,3.4277205654448313,,-0.013983765972836126,-0.0665702982349361,0.1156679094298445,,,,-0.014082459984448367,-0.048899593228087235,0.704416626753654,-0.07864988951387775,-0.011541096308635201
2025-11-11 00:00:00+05:30,6134.5,6305.0,6038.0,6079.5,73197,0.0,0.0,5918.050000000001,,,,5918.654718969976,,,,6094.700000000001,,6015.435814197543,,6086.101436300238,,6518.220844155844,,6281.243409735261,6565.395249874842,,6586.6269739930385,,5832.629682514655,6241.885665205294,6107.0,6115.75,6273.0,49.61521485039972,,,,41.622979467016165,47.34088818248598,-5.717908715469818,59.85497380544009,66.05774177030456,-62.68020969855832,9.225655767157743,10.49618320610687,513.5,5170.413081636168,,,0.3499354376742818,0.9198885471701423,0.13597373276037494,,26.453015072674702,193.79550489031317,-73.20449510968683,-4484.080096534766,-4468.656919465386,695.6666666666666,0,1,0,695.6666666666666,0,0,0,1,0,213.3289370403611,267.0,5030.7688839227085,5918.050000000001,6805.331116077294,29.985590391338107,0.5909801849011372,5513.5811215491485,5918.654718969976,6323.728316390803,5445.0,6240.5,7036.0,,0.6475388913780339,5406.936449080484,5918.050000000001,6448.4364490804855,5921663.0,85.6130787004981,0.2994209197295088,2504110.355196834,359467.28709251713,161055208.5653517,6140.833333333333,69475123.18921603,995.4116318143551,,,,0.08773191479875127,0.3639207396045486,443.6405580386465,196816.94473684163,5577.75,5577.75,0.5013824930391682,-1.53315862880697,,196816.94473684163,6448.0,28.875,3.420749565741837,,-0.008965685874969487,-0.04567930303743817,0.1049618320610688,,,,-0.009006119494764651,-0.048899593228087235,0.704416626753654,-0.07864988951387775,-0.011541096308635201
2025-11-12 00:00:00+05:30,6079.5,6200.0,6061.5,6178.5,47059,0.0,0.0,5950.2750000000015,,,,5943.401888591883,,,,6119.504761904763,,6053.356032979503,,6129.210068883895,,6461.026147186147,,6273.76923616954,6491.071892743905,,6586.572489528766,,5852.250209482904,6188.353989924342,6129.0,6115.75,6273.0,53.14484222244451,,,,40.68370467453036,43.20751645899704,-2.5238117844666803,58.322668336556035,61.37830537521849,-56.19266055045872,11.575620767494357,11.646187206360679,641.0,5149.7620494339335,,,-0.25274738890194665,0.3499354376742818,0.15542050613466252,,25.485127206391358,79.18186133455401,-59.318138665445986,-4493.836923495533,-4474.2490588727305,652.4166666666666,0,1,0,652.4166666666666,0,0,0,1,0,207.9840129660496,138.5,5074.98945411106,5950.2750000000015,6825.560545888943,29.420003138979006,0.6303717404405512,5550.525776639705,5943.401888591883,6336.278000544061,5450.0,6243.0,7036.0,,0.6487522383211434,5434.908884784008,5950.2750000000015,6483.6588847840085,5968722.0,85.68535884846817,0.30090127356243657,2536558.9797455706,294826.792263831,138712870.34173003,6146.666666666667,69551755.16552988,997.0400552044365,,,,0.05612942532552419,0.5214869617622047,437.642772944471,191531.19671052578,5828.75,5828.75,0.32821466765778445,-1.6187941351212136,,191531.19671052578,6457.964285714285,32.225,3.4158767280062166,,0.016284233900814238,-0.03097553324968627,0.11646187206360681,,,,0.016153067807772217,-0.048899593228087235,0.704416626753654,-0.07864988951387775,-0.011541096308635201
2025-11-13 00:00:00+05:30,6208.5,6235.0,6024.0,6044.5,24649,0.0,0.0,5979.100000000002,,,,5953.030280154561,,,,6128.478571428572,,6061.224003157212,,6128.261082960499,,6373.659761904761,,6239.170887642385,6386.684093434961,,6587.095722801871,,5864.3168911392895,6143.733421812998,6111.5,6115.75,6273.0,48.220837263241755,245.36070598545848,,,38.717780690257754,40.34148827726809,-1.6237075870103368,55.72401787034668,57.96722000411427,-64.9737876802097,-8.026475958612295,10.54316020482809,-527.5,5053.551792130401,,,-0.8199658627332586,-0.25274738890194665,0.17019668906539387,,23.366739873331557,125.08445257247422,-85.91554742752578,-4464.595346960731,-4479.8628662733045,599.0833333333333,0,1,0,599.0833333333333,0,0,0,1,0,208.1994406113318,211.0,5133.210334431385,5979.100000000002,6824.98966556862,28.294882693670196,0.53865752394317,5557.380464578781,5953.030280154561,6348.680095730341,5456.0,6246.0,7036.0,,0.6532474787256916,5457.668434790486,5979.100000000002,6521.668434790487,5944073.0,85.43528640213763,0.2996767662484777,2516699.595859315,235261.6229370297,118424893.72148289,6101.166666666668,69498296.13825789,994.8712440043071,-7.888961311033804,0.0,-7.888961311033804,0.05017274168213128,0.15463009577268008,422.9448327843087,178882.33157894682,6062.0,6062.0,0.22343830852013008,-1.573082056172897,,178882.33157894682,6427.2357142857145,28.825,3.379560359476183,,-0.021688112001294835,-0.0452535144526931,0.10543160204828084,,,,-0.021926755902198548,-0.048899593228087235,0.704416626753654,-0.07864988951387775,-0.011541096308635201
2025-11-14 00:00:00+05:30,6044.5,6051.0,5980.5,5995.0,27628,0.0,0.0,6003.950000000002,,,,5957.027396330317,,,,6129.992857142857,,6058.533393682208,,6113.1351902964,,6271.775606060605,,6171.082948301552,6294.428465488774,,6586.10864281615,,5872.863707906384,6105.437658065245,6019.75,6115.75,6273.0,46.50665290493497,217.1011803221245,,,36.87199650502403,38.75782728993738,-1.8858307849133524,53.88360467487955,55.97676362726075,-68.2175622542595,-10.442187033164027,9.039650782102584,-699.0,4874.8025708843015,,,-1.3434165737182922,-0.8199658627332586,0.1799595055870462,0.10640779122754987,18.18210695532676,-42.499040652165604,-112.9990406521656,-4438.383539752297,-4473.221362866599,548.6666666666666,0,1,0,548.6666666666666,0,0,0,1,0,198.36376628195094,70.5,5188.931827777671,6003.950000000002,6818.968172222332,27.149399053034433,0.49450932488069715,5585.629944142707,5957.027396330317,6328.424848517927,5490.0,6263.0,7036.0,6.2495265251178544,0.6549261504002999,5485.22057631227,6003.950000000002,6545.845576312271,5916445.0,85.26813459567231,0.29704928147565324,2500436.305079173,184331.94996992638,101311682.33269963,6008.833333333333,69475670.84253451,994.8712440043071,-15.004076005955072,-5.692091755937014,-9.311984250018059,0.1888592974991934,-0.021962700477211303,407.5090861111655,166063.65526315733,6062.0,6062.0,0.142500632388632,-1.4717459576645744,,166063.65526315733,6382.078571428571,24.85,3.344277611814177,,-0.008189262966333044,-0.03640601141203892,0.09039650782102582,,,,-0.008222979180431992,-0.048899593228087235,0.704416626753654,-0.07864988951387775,-0.011541096308635201
2025-11-17 00:00:00+05:30,5999.0,6108.5,5985.0,6044.0,32524,0.0,0.0,6027.2750000000015,,,,5965.310501441715,,,,6133.807142857144,,6064.643498908501,,6112.079076901485,,6178.682186147185,,6145.885986726941,6239.482897346986,,6585.842295751831,,5883.760933677622,6074.892062428955,6019.5,6115.75,6273.0,48.45984113447305,196.39527069618453,,,33.93403232852774,36.507936507936506,-2.573904179408764,51.109866214991335,53.57249625340585,-65.00655307994758,-8.034083992696287,8.363962348722547,-528.0,4817.65474771351,,40.767664348917656,-1.69238659527718,-1.3434165737182922,0.1866073780887989,0.1256795622883944,13.808885966452525,22.07225086957169,-101.42774913042831,-4444.874695162506,-4457.444898680682,348.16666666666663,0,1,0,348.16666666666663,0,0,0,1,0,193.01635440466876,123.5,5237.328601085561,6027.2750000000015,6817.221398914442,26.212389476652067,0.5105861613034646,5605.760425652925,5965.310501441715,6324.860577230505,5510.0,6273.0,7036.0,6.760730711480949,0.6540347245320113,5508.539553502252,6027.2750000000015,6572.789553502252,5948969.0,85.37243483065073,0.2951948915990472,2498987.8678322094,146278.76736208424,87066252.85659969,6045.833333333333,69502254.26205078,994.8712440043071,-21.237770706148844,-9.540629164904626,-11.697141541244218,0.3984065697150249,0.04234464521385846,394.9731994572203,156003.82828947314,6062.0,6062.0,0.033080089168253654,-1.3330617358406986,,156003.82828947314,6346.871428571429,23.325,3.3189320248660845,,0.008173477898248516,-0.014752628576086058,0.08363962348722542,,,,0.008140255931015545,-0.048899593228087235,0.704416626753654,-0.07864988951387775,-0.011541096308635201
2025-11-18 00:00:00+05:30,6044.0,6076.5,5964.5,5984.5,32938,0.0,0.0,6047.950000000002,,,,5967.138072732981,,,,6129.733333333334,,6058.664301609313,,6094.518938687793,,6096.158095238095,,6120.075445947751,6177.913097599654,,6584.58811619264,,5890.484171499328,6044.6368807528925,6014.25,6339.25,6418.0,46.25145362830904,173.1881304400058,,,27.23435637727078,32.68012840360752,-5.445772026336737,33.78211899910342,46.25852996299143,-85.07281553398059,-6.059179028333726,7.422365823012027,-386.0,4666.416896595391,,38.03453163811444,-2.05531474216591,-1.69238659527718,0.18939740214416467,0.14278644380817263,10.211218873477494,4.633357888204046,-107.36664211179595,-4475.039586765819,-4451.025233926026,137.16666666666663,0,1,0,137.16666666666663,0,0,0,1,0,187.22947194719242,112.0,5287.179414205228,6047.950000000002,6808.720585794776,25.15796545258389,0.4582988609281498,5620.497527971695,5967.138072732981,6313.778617494267,5510.0,6273.0,7036.0,7.327625203500583,0.6556834556908069,5527.739632720069,6047.950000000002,6600.6146327200695,5916031.0,85.12053858092847,0.29135579618113816,2477813.439260781,110676.16835323209,74348243.73422831,6008.5,69469828.53405607,994.8712440043071,-26.791413825069444,-12.07541782706018,-14.715995998009264,0.5240531785580185,-0.16680455628740076,380.38529289738716,144692.97105263104,6062.0,6062.0,-0.04348484434641404,-1.1368652644539536,,144692.97105263104,6293.299999999999,20.675,3.301454792271314,,-0.00984447385837195,-0.015626285056336897,0.07422365823012034,,,,-0.009893251079205046,-0.048899593228087235,0.704416626753654,-0.07864988951387775,-0.011541096308635201
2025-11-19 00:00:00+05:30,6054.5,6054.5,5925.0,5937.0,23542,0.0,0.0,6067.475000000001,,,,5964.2677800917445,,,,6119.166666666667,,6044.48029382826,,6066.683985106098,,6025.623528138527,,6087.136796020044,6117.445183542544,,6584.131922678106,,5893.703820308307,6015.224871990553,5960.75,6315.5,6480.5,44.50768203157581,149.24307034824233,,,17.000246465624308,26.056211723807607,-9.0559652581833,17.469248619462512,34.12041127785242,-98.91989198919892,-6.885194479297365,7.040475975840621,-439.0,4512.932200996329,,32.73987632301212,-2.451503583849445,-2.05531474216591,0.188167331968625,0.15674146072662204,4.326327773606071,1.900021047032169,-127.59997895296783,-4487.776220095694,-4460.998053950773,-53.9166666666667,0,1,0,-53.9166666666667,0,0,0,1,0,183.1059382366787,129.5,5341.650642893946,6067.475000000001,6793.299357106057,23.925087688241174,0.4101194395568234,5625.973953879152,5964.2677800917445,6302.561606304337,5510.0,6273.0,7036.0,7.926458821099018,0.6563803556416925,5544.015335025189,6067.475000000001,6628.14033502519,5892489.0,74.83290369164091,0.2888899362025368,2458634.435399777,79947.58858899772,63567316.772195704,5972.166666666668,69451142.84602867,994.0775269017922,-32.118896289522475,-13.922320233210566,-18.19657605631191,0.4918334175966974,-0.3595222417727064,362.91217855302784,131705.24934210477,6062.0,6062.0,-0.07699232446623915,-0.90577033415324,,131705.24934210477,6222.55,19.525,3.286297993629886,344.3666666666667,-0.007937171025148348,-0.03908715707696042,0.0704047597584061,,,,-0.007968838042749784,-0.048899593228087235,0.704416626753654,-0.07864988951387775,-0.011541096308635201
2025-11-20 00:00:00+05:30,5937.0,6086.5,5876.0,5905.5,40273,0.0,0.0,6083.850000000001,,,,5958.670848654436,,,,6103.740476190476,,6026.180185020385,,6034.775888079344,,5964.9973376623375,,6055.152409413748,6067.164689871825,,6581.256267921469,,5894.539692500468,5984.69566535782,5921.25,6238.75,6318.0,43.340706299330925,126.26909938918834,,,6.448132183072895,16.894245008655993,-10.446112825583098,0.0,17.08378920618864,-96.66289592760181,-6.720897172642553,5.871280028684116,-425.5,4369.606576236898,,31.085638888056756,-2.85931278607819,-2.451503583849445,0.18325685545201864,0.167101163633797,-1.18386859959779,54.91430375459913,-155.58569624540087,-4254.089508863703,-4437.432636291539,-233.58333333333331,0,1,0,-233.58333333333331,0,0,0,1,0,185.0626569340588,210.5,5390.469713971743,6083.850000000001,6777.23028602826,22.794128258529003,0.3713909209752665,5612.5002439859,5958.670848654436,6304.841453322972,5510.0,6273.0,7036.0,8.377063523161851,0.657035958194662,5546.677288425653,6083.850000000001,6668.177288425654,5852216.0,15.661379221598743,0.284085168624705,2429649.354639682,50886.317662781104,54305043.01902489,5956.0,69429775.16032882,994.0775269017922,-36.118221130059055,-14.337316058997718,-21.780905071061337,0.9087811460575781,-0.514436316098934,346.6901430141293,120194.05526315742,6062.0,6062.0,-0.08726421701025291,-0.6587998398353412,,120194.05526315742,6143.521428571428,16.375,3.2751511465597583,335.4133333333335,-0.005305709954522508,-0.022996112168086724,0.058712800286841116,,,,-0.00531983521877354,-0.048899593228087235,0.704416626753654,-0.07864988951387775,-0.011541096308635201
2025-11-21 00:00:00+05:30,5905.5,5905.5,5784.0,5805.5,46978,0.0,0.0,6095.725000000001,,,,5944.083148782585,,,,6077.230952380953,,5991.964629420103,,5981.983157957247,,5904.455173160172,,6011.879071340495,6010.910909884033,,6578.236027792652,,5887.780470912633,5942.595195317781,5855.5,6090.75,6162.0,39.77525920814896,98.85337741968215,,,2.4203758090382044,8.62291815257847,-6.202542343540265,0.0,5.823082873154171,-97.15608465608466,-6.686490396206702,4.265445402298851,-416.0,4155.104971553511,,25.435660093843236,-3.2697060805018605,-2.85931278607819,0.17366122245614513,0.17362673596191444,-5.959475330422544,-93.78773963891581,-215.2877396389158,-3493.9926731269197,-4242.127286301922,-408.41666666666663,0,1,0,-408.41666666666663,0,0,0,1,0,180.52246715305458,121.5,5432.043999026921,6095.725000000001,6759.406000973082,21.775293372751577,0.28135203540972464,5607.738315987243,5944.083148782585,6280.427981577927,5510.0,6273.0,7036.0,8.69807422023469,0.6606993808904755,5556.068663488226,6095.725000000001,6683.568663488226,5805238.0,26.68102810769908,0.28008402647665726,2399297.3134874185,24714.119402446784,45876065.44487849,5831.666666666667,69350225.58789635,994.0775269017922,-39.27176900039059,-13.992691143463404,-25.279077856927188,1.2200841992629317,-0.8745918583611019,331.8405004865401,110118.11776315742,6062.0,6062.0,-0.033684941980180454,-0.49823354408125975,,110118.11776315742,6040.242857142857,11.875,3.26740548837164,327.1,-0.016933367200067773,-0.03160967472894083,0.04265445402298851,,,,-0.017078375984841108,-0.048899593228087235,0.704416626753654,-0.07864988951387775,-0.011541096308635201
2025-11-24 00:00:00+05:30,5810.0,5853.5,5700.0,5730.5,25590,0.0,0.0,6103.974999999999,,,,5923.7418965175775,,,,6042.44761904762,,5948.659245997467,,5918.851319817029,,5841.621450216449,,5964.1066894180085,5950.9670137046005,,6576.96007505049,,5875.261081952471,5887.723233057105,5768.0,6053.25,6120.0,37.297047458944334,70.26438297155437,,,3.270657265755305,4.0463884192888,-0.7757311535334956,0.0,0.0,-96.36904761904762,-6.5857038063411855,2.9646931991734795,-404.0,4012.446272518092,,26.276954029476542,-3.6792856667299803,-3.2697060805018605,0.15933059535075955,0.1762219429164016,-9.584194641525809,-107.38949111907095,-260.88949111907095,-2191.9238246170103,-3695.977401448991,-584.75,0,1,0,-584.75,0,0,0,1,0,178.59229092783642,153.5,5464.380763908004,6103.974999999999,6743.569236091995,20.956646647209247,0.20803755027407633,5590.191809702745,5923.7418965175775,6257.29198333241,5510.0,6273.0,7036.0,9.01716407950964,0.662838185950167,5561.531948692586,6103.974999999999,6699.031948692587,5779648.0,33.82888190642015,0.277893883867033,2383876.6294483305,6853.991610559635,39048163.238467276,5761.333333333333,69317166.41986603,992.7856485106114,-43.10741077381013,-14.262666333506353,-28.844744440303778,0.6835337546543867,-1.167849798903694,319.7971180459978,102270.19671052587,6062.0,6062.0,0.055782483896505766,-0.44922030979982014,,102270.19671052587,5919.392857142857,8.25,3.26285778178568,319.3666666666667,-0.012918783911807785,-0.05186962276637985,0.029646931991734737,,,,-0.013002957130306974,-0.048899593228087235,0.704416626753654,-0.07864988951387775,-0.011541096308635201
2025-11-25 00:00:00+05:30,5735.0,5779.5,5697.0,5714.5,15348,0.0,0.0,6111.400000000001,,,,5903.814096849237,,,,6005.354761904762,,5908.328451440639,,5862.899522854467,,5781.07448051948,,5924.762498575976,5884.255869542258,,6576.132429642897,,5862.430433145751,5829.007327036791,5722.5,6022.75,6065.75,36.77070219534396,45.7885111620908,-101.151903141746,146.9404143038368,2.9492496935999757,2.8800942561311613,0.06915543746881436,0.0,0.0,-97.6271186440678,-6.003783205855744,2.6679841897233203,-365.0,3913.1229665367723,-22.570588235294963,26.228475444274086,-4.087071734842002,-3.6792856667299803,0.14157574613182788,0.17468363624942,-12.38352008983892,-146.19099238777562,-228.69099238777562,-1251.9993896484375,-2812.986982333333,-581.25,0,1,0,-581.25,0,0,0,1,0,171.7285558615624,82.5,5495.077323064241,6111.400000000001,6727.72267693576,20.169606863754943,0.17800957610929347,5586.316399254864,5903.814096849237,6221.31179444361,5510.0,6273.0,7036.0,9.29895046937929,0.6629964858175188,5568.823432215581,6111.400000000001,6709.698432215581,5764300.0,13.141887471581256,0.2764329275384153,2375039.9021756034,-3887.200401130598,33434773.061543383,5730.333333333333,69312881.13934949,992.5064407625964,-47.08909441866057,-14.595479982685433,-32.49361443597514,0.484884481358738,-1.2879616955628255,308.16133846788006,94963.41052631535,6062.0,6062.0,0.17508990736164926,-0.4677029968394621,,94963.41052631535,5793.2642857142855,7.425,3.262144717109726,312.28333333333336,-0.0027920774801500903,-0.04511655109031665,0.02667984189723316,,,,-0.002795982599101266,-0.048899593228087235,0.704416626753654,-0.07864988951387775,-0.011541096308635201
2025-11-26 00:00:00+05:30,5715.0,5771.0,5715.0,5750.5,11056,0.0,0.0,6122.049999999999,,,,5889.212754292167,,,,5970.983333333334,,5880.0864318470385,,5826.642502950309,,5731.583982683982,,5881.979814882226,5843.517215300139,,6575.834229322217,,5853.794514821494,5782.472260465111,5732.5,5968.0,6007.5,38.86134271842416,28.962246796704676,-94.38253400570571,123.34478080241038,4.8729902042970075,3.697632387884096,1.1753578164129115,3.848078495002078,1.2826928316673594,-91.38486312399357,-6.927247713846403,3.8465011286681716,-428.0,3840.0972545972554,-74.95735294117549,25.50456065053802,-4.2290778533736235,-4.087071734842002,0.12249264573689356,0.16938318699069774,-14.046987355341098,-129.66370776095118,-185.66370776095118,-992.2348011174671,-1895.6789837958804,-527.0,0,1,0,-527.0,0,0,0,1,0,163.49794472859367,56.5,5541.138927903582,6122.049999999999,6702.9610720964165,18.97766506632312,0.18020062119049185,5591.191027897258,5889.212754292167,6187.234480687076,5697.0,6366.5,7036.0,9.405519338602105,0.6627615861477786,5581.097995416418,6122.049999999999,6716.847995416419,5775356.0,16.74815298369847,0.2768273926217432,2378001.330747032,-6985.669823992066,28715236.338465758,5745.5,69319846.15816128,993.1364171384823,-50.91858617863084,-14.739977394124558,-36.17860878450628,0.3941167663603374,-1.2791975152380326,290.4555360482086,84364.4184210522,6062.0,6062.0,0.4257399467215994,-0.664507170336025,,84364.4184210522,5668.849999999999,10.65,3.2628318497416924,305.06666666666655,0.0062997637588591004,-0.031413171635506165,0.03846501128668178,,,,0.006280003194983506,-0.048899593228087235,0.704416626753654,-0.07864988951387775,-0.011541096308635201
2025-11-27 00:00:00+05:30,5750.5,5779.0,5723.0,5750.0,22946,0.0,0.0,6080.949999999999,,,,5875.9543967405325,,,,5935.55,,5855.701591029176,,5797.280741929358,,5697.612922077922,,5855.692926093926,5811.277480509649,,6574.766024096388,,5845.8306316167545,5755.115810109463,5750.25,5946.5,6001.0,38.842133209366736,15.409336005627665,-86.34835583742618,101.75769184305385,6.568374498365513,4.796871465420832,1.7715030329446808,8.064953418090942,3.9710106376976735,-91.2828947368421,-4.872197865828439,-12.507608034083992,-294.5,3902.974937476183,-125.6911764705892,26.20335605585337,-4.011771296136759,-4.2290778533736235,0.10290713666472051,0.16082181266599488,-15.03737099844179,-100.14032093795868,-156.14032093795868,-877.5679930039352,-1259.6600331921256,-476.0833333333333,0,1,0,-476.0833333333333,0,0,0,1,0,155.8195201051227,56.0,5518.042893519441,6080.949999999999,6643.8571064805565,18.513788354798432,0.20603497789432357,5595.649025240376,5875.9543967405325,6156.259768240689,5697.0,6366.5,7036.0,9.3989695235268,0.19819464642686202,5650.437815482995,6080.949999999999,6588.9378154829965,5752410.0,24.69936084928171,-0.09516441148010045,2377181.830747032,-7878.9146038903855,24611420.718684938,5750.666666666667,69319646.64507547,993.1364171384823,-53.49420190335729,-13.852474495080813,-39.64172740827648,0.8229593684882525,-1.1758600884227057,281.4535532402788,79216.10263157844,6044.25,6044.25,0.5842996209514966,-0.28464977444683603,,79216.10263157844,5644.75,-41.1,3.266971959745566,295.8644444444445,-8.694896095995386e-05,-0.026331385996105294,-0.12507608034083995,,,,-8.695274123998907e-05,-0.048899593228087235,0.704416626753654,-0.07864988951387775,-0.011541096308635201
2025-11-28 00:00:00+05:30,5800.0,5807.0,5693.0,5719.0,16211,0.0,0.0,6032.199999999999,,,,5861.00635895572,,,,5901.078571428572,,5829.157976744901,,5765.809782155076,,5673.811428571428,,5829.571201487747,5771.536768080158,,6327.110444814582,,5835.940532414534,5741.935232445383,5734.5,5946.5,5999.0,37.6011221758105,2.142419163552404,-79.69221814360117,81.83463730715357,7.19353605074541,6.211633584469309,0.9819024662761002,9.755464551484067,7.222832154859029,-95.75163398692811,-4.6038365304420354,-14.565282342396175,-276.0,3762.474507882722,-151.52352941176468,27.431632780027808,-3.770754263300619,-4.011771296136759,0.08283725098154893,0.1492917985429671,-15.013496806885517,-49.26313223253601,-163.263132232536,-811.0689105120433,-967.1123147338809,-475.16666666666663,0,1,0,-475.16666666666663,0,0,0,1,0,152.83241152618538,114.0,5526.911713344177,6032.199999999999,6537.488286655821,16.753034934379567,0.19007791366699975,5585.682451407961,5861.00635895572,6136.33026650348,5693.0,6226.5,6760.0,9.343519242396008,0.17489491169194457,5673.545316718193,6032.199999999999,6465.170316718193,5736199.0,25.92707484073032,-0.34076873684895514,2368365.321975102,-10333.320750018116,21023711.90172995,5739.666666666667,69310906.80159721,992.5972867036998,-56.231261984724775,-13.271627661158632,-42.95963432356614,0.6062317225492323,-1.2396883453320002,252.6441433279112,63829.06315789413,6019.5,6019.5,0.4519538831235764,-0.6042793206704904,,63829.06315789413,5638.835714285715,-48.75,3.270437705447806,288.9888888888888,-0.005391304347826087,-0.01489966411161825,-0.1456528234239618,,,,-0.005405889876079936,-0.048899593228087235,0.704416626753654,-0.07864988951387775,-0.011541096308635201
2025-12-01 00:00:00+05:30,5719.0,5736.0,5630.0,5644.0,22926,0.0,0.0,5985.799999999999,,,,5840.339086674223,,,,5864.107142857143,,5792.8249230859365,,5721.336087686957,,5649.310692640692,,5768.256582030206,5726.96183778681,,6157.716973262826,,5820.268184270987,5726.20840443688,5681.5,5911.25,5932.5,34.71156669109347,-14.259209919709974,-76.87507778149084,62.61586786178087,5.093173621002216,6.285028056704379,-1.1918544357021625,5.9073860564819896,7.9092680086856655,-97.68595041322314,-6.618133686300463,-14.120511259890444,-400.0,3569.1065664668777,-175.46470588235388,28.347120369937965,-3.8552978692816406,-3.770754263300619,0.06145804243919972,0.13507631413130433,-14.94425784781722,-89.93982762788801,-195.939827627888,-767.1185389386629,-856.1045245146812,-446.8333333333333,0,1,0,-446.8333333333333,0,0,0,1,0,149.48723927431502,106.0,5520.361169149849,5985.799999999999,6451.2388308501495,15.551432752519306,0.1328196345632762,5571.046027464345,5840.339086674223,6109.632145884101,5630.0,6085.0,6540.0,9.307402123756917,0.1716933498809944,5647.660545105317,5985.799999999999,6396.285545105317,5713273.0,29.51539933321746,-0.34177339774304727,2351495.246503404,-15765.754482608754,17774688.77291139,5670.0,69280841.2306932,992.5972867036998,-58.05645546426139,-12.077456912556201,-45.97899855170519,0.8892664308322473,-1.4687214617468944,232.71941542507523,54158.32631578874,5989.75,5989.75,0.25089647000874066,-1.076807915713434,,54158.32631578874,5620.721428571429,-46.4,3.2696156792704145,286.91999999999996,-0.013114180800839259,-0.015094668877061346,-0.14120511259890445,,,,-0.013200930942611516,-0.048899593228087235,0.704416626753654,-0.07864988951387775,-0.011541096308635201
2025-12-02 00:00:00+05:30,5644.0,5715.5,5630.0,5655.0,11238,0.0,0.0,5950.025,,,,5822.687745086201,,,,5832.602380952381,,5763.728478498113,,5688.693010423026,,5626.959826839826,,5736.080012824205,5693.2511865690185,,6096.853171060054,,5807.021634715964,5705.82207468757,5649.5,5844.25,5932.5,35.49453261876199,-26.069498119762102,-70.94829278523437,44.87879466547228,3.5648823349358105,5.283864002227811,-1.7189816672920006,3.5888485838929514,6.417233063953002,-95.86776859504133,-5.505890216392347,-11.231457499411349,-329.5,3553.5026251712625,-193.65294117647045,27.98774797542475,-4.101007662950914,-3.8552978692816406,0.03995210600475918,0.11860795569087479,-15.002504679877525,-86.01985225247608,-171.51985225247608,-739.1926106526632,-795.5225837596685,-403.4166666666667,0,1,0,-403.4166666666667,0,0,0,1,0,144.91672218329253,85.5,5499.330626370764,5950.025,6400.719373629236,15.149327057591725,0.1726994863234058,5562.755929610597,5822.687745086201,6082.619560561805,5630.0,6085.0,6540.0,9.238922075141465,0.1504050835148094,5631.133435657802,5950.025,6338.383435657802,5724511.0,18.824882019627246,-0.3526817201114429,2346829.176327965,-18039.522021526005,15253107.233924048,5666.833333333333,69283031.48583141,992.7921839397026,-60.636129488962474,-11.725704749805821,-48.91042473915665,0.4759686245277585,-1.3092020547063772,225.34718681461794,50781.35460526231,5960.75,5960.75,0.33426290761594263,-0.9627886016905347,-0.7761056144032614,50781.35460526231,5597.757142857143,-35.775,3.2709010187688237,284.3066666666667,0.0019489723600283337,-0.010412109545892001,-0.11231457499411346,,,,0.0019470755775161917,-0.048899593228087235,0.704416626753654,-0.07864988951387775,-0.011541096308635201
2025-12-03 00:00:00+05:30,5655.0,5695.5,5616.0,5629.5,8581,0.0,0.0,5912.7,,,,5804.288912220848,,,,5802.076190476191,,5734.2982508105915,,5656.428231998789,,5606.124978354978,,5706.626634094266,5660.893930705302,,6021.951375740381,,5792.664831915949,5680.475795634562,5642.25,5836.75,5862.25,34.46274880797913,-37.05967265690015,-65.55077385789794,28.491101200997793,3.062465914334857,3.9068406234242943,-0.8443747090894371,1.8983374504998267,3.7981906969582555,-97.25888324873097,-5.179383527033855,-11.707967377666249,-307.5,3510.0063381856553,-214.94852941176487,28.689578952614003,-4.42623341702191,-4.101007662950914,0.018464780997096142,0.1002977251958834,-14.421567031648127,-81.44558764497924,-160.94558764497924,-732.121501140369,-759.3021184725106,-388.0,0,1,0,-388.0,0,0,0,1,0,140.2440991702002,79.5,5487.626829828091,5912.7,6337.7731701719085,14.378310084120917,0.166880880901672,5553.969650600064,5804.288912220848,6054.608173841632,5616.0,6025.25,6434.5,9.054980907195182,0.1483677927824887,5612.151959124052,5912.7,6280.026959124053,5715930.0,19.79349465194636,-0.3487025393805472,2341162.4782147575,-19132.783412419725,13042832.557649186,5647.0,69279162.06938578,992.3412555577397,-63.16730963728682,-11.405507918504128,-51.76180171878269,0.38802244660791235,-1.332476476393313,212.53658508595421,45171.79999999905,5921.25,5921.25,0.31874573028334047,-1.053931634768156,-0.586396427429612,45171.79999999905,5580.828571428571,-37.325,3.2724900107304804,281.72444444444443,-0.004509283819628673,-0.02104164855229984,-0.11707967377666251,,,,-0.004519481307035642,-0.048899593228087235,0.704416626753654,-0.07864988951387775,-0.011541096308635201
2025-12-04 00:00:00+05:30,5629.5,5652.0,5580.0,5592.0,10062,0.0,0.0,5875.75,,,,5784.070920580767,,,,5771.533333333334,,5702.453567820938,,5621.480353865408,,5585.976255411255,,5674.69891922169,5633.999270638131,,5978.195838918764,,5776.160871191118,5653.711196890008,5610.75,5818.0,5844.25,32.94602654322004,-48.23932880244229,-61.384344002752066,13.145015200309778,3.0479750870806344,3.225107778783767,-0.17713269170313284,1.8983374504998267,2.4618411616308684,-97.7294228949858,-5.308610617221235,-11.672721528984363,-313.5,3436.227205058551,-245.41911764705856,28.31467148517559,-4.790508497524371,-4.42623341702191,-0.0031168585591601072,0.08065571619418282,-13.859261115019699,-98.52478940998299,-170.524789409983,-731.3542477673459,-740.1835017153454,-389.41666666666663,0,1,0,-389.41666666666663,0,0,0,1,0,135.36952065804306,72.0,5476.057552446166,5875.75,6275.442447553834,13.604814621242715,0.14503957763452383,5543.877302923866,5784.070920580767,6024.264538237668,5580.0,5949.0,6318.0,8.843020119994744,0.14834398815225663,5589.459129050925,5875.75,6229.584129050925,5705868.0,20.952532758301075,-0.3797470601304058,2334454.4782147575,-19975.046398473904,11125667.192270732,5608.0,69272459.4314961,992.3412555577397,-65.24355750596105,-10.785404629742686,-54.458152876218364,0.5269828633678301,-1.419841689461904,199.84622377691733,39938.513157893714,5855.5,5855.5,0.22917476689985208,-1.3413050760670437,-0.2964027498210341,39938.513157893714,5563.1,-36.95,3.273540019258019,281.2888888888889,-0.006661337596589378,-0.027478260869565174,-0.11672721528984364,,,,-0.006683623329539011,-0.048899593228087235,0.704416626753654,-0.07864988951387775,-0.011541096308635201
2025-12-05 00:00:00+05:30,5593.0,5606.5,5550.0,5564.5,9490,0.0,0.0,5842.9000000000015,,,,5763.15940433498,,,,5741.890476190477,,5670.3951895203745,,5587.048454082479,,5566.95015151515,,5647.401512962779,5611.570768672595,,5923.421001806913,,5758.607316467387,5627.291136955582,5578.25,5774.5,5818.25,31.839385103814664,-58.642314913025075,-57.429864090667884,-1.2124508223571926,2.5714655196619765,2.8939688403591557,-0.32250332069717924,0.0,1.2655583003332178,-97.2972972972973,-4.15123589699423,-10.560154303624527,-241.0,3373.1716210320906,-280.76176470588416,25.520959213414308,-6.195455416012385,-4.790508497524371,-0.02465054811829903,0.06021336691984298,-13.630954710525321,-117.44981949427165,-173.94981949427165,-726.6531065088757,-732.132869162828,-396.5833333333333,0,1,0,-396.5833333333333,0,0,0,1,0,129.73598346818284,56.5,5455.0359977897915,5842.9000000000015,6230.764002210211,13.276421031002066,0.14111131941406937,5535.079464550165,5763.15940433498,5991.239344119795,5550.0,5927.5,6305.0,8.659233154129446,0.14229430466577223,5574.455518027245,5842.9000000000015,6179.830518027244,5696378.0,11.314370603655378,-0.45824084919880353,2329835.451666085,-19973.38548566727,9499004.02194634,5573.666666666667,69267792.4965891,991.8494815949357,-67.11554289789515,-10.125912017341427,-56.989630880553726,0.6184505500234607,-1.4355547223437213,193.93200110510514,37609.6210526305,5778.0,5778.0,0.2479515799136538,-1.3411559781235465,0.016553531777508866,37609.6210526305,5539.871428571429,-32.85,3.2763602471487188,281.3977777777778,-0.0049177396280400965,-0.02701521244972893,-0.10560154303624525,,,,-0.004929871500166415,-0.048899593228087235,0.704416626753654,-0.07864988951387775,-0.011541096308635201
2025-12-08 00:00:00+05:30,5597.0,5597.0,5390.0,5461.5,39926,0.0,0.0,5809.250000000001,,,,5734.429937255458,,,,5705.5666666666675,,5624.507082208391,,5533.573647078068,,5538.95554112554,,5598.908512266811,5573.183076418062,,5875.29058565521,,5732.376765204201,5590.704431579546,5513.0,5699.25,5738.25,28.040325172448856,-74.34103833398785,-58.50287000930453,-15.838168324683325,5.079631196972872,3.5663572679051607,1.513273929067711,0.0,0.6327791501666089,-89.73438621679828,-4.694180263502312,-10.97073926155351,-269.0,3258.676900759111,-316.96323529411893,26.8315394050915,-6.897928875256392,-6.195455416012385,-0.047513749334859856,0.03920342297909989,-13.690370179171193,-89.45698813794752,-296.4569881379475,-700.6285064442759,-724.7941193561813,-393.99999999999994,0,1,0,-393.99999999999994,0,0,0,1,0,135.25484179188408,207.0,5411.262496890199,5809.250000000001,6207.237503109803,13.701854907597426,0.06311442283646367,5488.643325069197,5734.429937255458,5980.216549441719,5390.0,5847.5,6305.0,8.4581251814965,0.1468065015551521,5535.99522441116,5809.250000000001,6149.120224411158,5656452.0,11.17849866566588,-0.4372531650441092,2317491.181134684,-22084.66614626767,7554520.875954008,5482.833333333333,69193888.67773744,991.8494815949357,-64.94418304006354,-6.363641727607842,-58.58054131245569,2.3796071139083583,-1.7475423086541453,198.99375155490088,39598.51315789361,5750.25,5750.25,0.20307516834157155,-0.9816422788510605,0.3122992183990482,39598.51315789361,5498.200000000001,-33.65,3.2777444033496765,284.6333333333333,-0.018510198580285686,-0.03233522324592486,-0.10970739261553508,,,,-0.018683656129881928,-0.048899593228087235,0.704416626753654,-0.07864988951387775,-0.011541096308635201
2025-12-09 00:00:00+05:30,5461.5,5467.0,5391.0,5421.0,16094,0.0,0.0,5776.325000000002,,,,5704.579467040652,,,,5668.590476190477,,5578.117887041814,,5480.881170777062,,5502.496926406925,,5550.691601258103,5527.30849771158,,5829.401592383608,,5704.568144672057,5544.84399386948,5441.25,5663.25,5738.25,26.691703168508504,-89.02418587652028,-58.54881404146956,-30.475371835050716,5.8063806807525395,4.485825799129129,1.3205548816234103,0.0,0.0,-95.5491744436468,-5.136057397847581,-10.831482852208241,-293.5,3182.862985407913,-362.0588235294108,26.822714330144645,-7.249165604878396,-6.897928875256392,-0.07139129354732932,0.017660763058630687,-13.7052198467748,-181.53456126109813,-257.53456126109813,-663.3650398406375,-708.213752252381,-391.3333333333333,0,1,0,-391.3333333333333,0,0,0,1,0,131.0223530924638,76.0,5363.78635428239,5776.325000000002,6188.8636457176135,14.283775435683129,0.06934337705269644,5467.724913157845,5704.579467040652,5941.43402092346,5390.0,5812.5,6235.0,8.198354767896555,0.14645965435811029,5522.22085397962,5776.325000000002,6087.595853979619,5640358.0,11.529695211297561,-0.3917201507207695,2314102.970608368,-22018.7419343167,6382188.322246294,5426.333333333333,69181954.09932493,991.1079270769461,-65.83614600338502,-5.804483752743458,-60.03166225064157,0.9549635079807749,-1.7226264917892131,206.26932285880608,42547.033552630375,5740.25,5740.25,0.19766914355051032,-0.6848250123349466,0.5232299953394083,42547.033552630375,5453.121428571429,-32.925,3.2780914432019426,289.14444444444445,-0.007415545179895622,-0.04137931034482756,-0.10831482852208241,,,,-0.007443177023259631,-0.048899593228087235,0.704416626753654,-0.07864988951387775,-0.011541096308635201
2025-12-10 00:00:00+05:30,5421.0,5497.0,5357.5,5389.0,33282,0.0,0.0,5736.85,,,,5674.524279703447,,,,5631.702380952382,,5532.913871161313,,5431.231711573078,,5459.977705627704,,5486.082855895765,5479.755307453334,,5763.441789629141,,5676.265730888397,5493.976171455639,5405.0,5597.25,5631.5,25.642296657664428,-102.06626231723385,-57.2727123857465,-44.79354993148735,6.821538174012223,5.902516683912545,0.919021490099678,0.0,0.0,-94.25182481751825,-6.286409877401965,-12.778182406733025,-361.5,3058.6773231031525,-403.8249999999998,27.390438489503705,-7.424783969689398,-7.249165604878396,-0.09583673448311236,-0.004421889291128522,-13.84058876055861,-114.45819536665658,-253.95819536665658,-619.7754811119032,-679.0692800317676,-391.5833333333333,0,1,0,-391.5833333333333,0,0,0,1,0,131.62789930014495,139.5,5335.4041787882015,5736.85,6138.295821211799,13.995339644989805,0.06675349247628841,5433.655873809478,5674.524279703447,5915.392685597416,5357.5,5796.25,6235.0,7.97138486899557,0.12155348290154784,5486.943693834435,5736.85,6052.568693834434,5607076.0,11.950213947856653,-0.5107503118982709,2295851.5512535293,-25797.33892102912,5318300.847639681,5414.5,69162307.83479808,991.1079270769461,-64.13003057878356,-3.278694662513594,-60.85133591626997,1.744741974040135,-1.732986030094845,200.72291060589959,40289.686842103954,5724.75,5724.75,-0.01161867831633672,-0.850644675237503,0.709957096633694,40289.686842103954,5421.407142857142,-39.475,3.27601639123374,293.76444444444445,-0.005902969931746882,-0.042721378452793335,-0.1277818240673303,,,,-0.005920461326841462,-0.048899593228087235,0.704416626753654,-0.07864988951387775,-0.011541096308635201
2025-12-11 00:00:00+05:30,5389.0,5431.5,5352.0,5391.0,30152,0.0,0.0,5704.175,,,,5647.521967350738,,,,5598.764285714286,,5494.9676008268325,,5393.067780168255,,5418.052445887444,,5448.821933923817,5440.064325791112,,5725.358232746419,,5651.222225735832,5449.350867487392,5390.0,5569.75,5602.75,25.83854698902437,-110.9617209267135,-52.93453679618092,-58.027184130532575,5.991890242954952,6.206603032573238,-0.21471278961828588,0.4948676085952056,0.1649558695317352,-92.2233300099701,-6.243478260869566,-10.811481512118455,-359.0,3027.2563329769355,-442.61617647058756,29.269238392733254,-7.512593152094899,-7.424783969689398,-0.11981468302050269,-0.026938770846912034,-13.78744105709064,-148.46416745713395,-227.96416745713395,-573.2590919358481,-640.0281067142008,-376.4166666666667,0,1,0,-376.4166666666667,0,0,0,1,0,127.90447792156317,79.5,5301.78355991631,5704.175,6106.56644008369,14.108663920152878,0.1108577757831213,5414.450552494291,5647.521967350738,5880.593382207186,5352.0,5730.25,6108.5,7.785631098259015,0.1100630913319827,5466.18913429542,5704.175,5998.9391342954195,5637228.0,12.823495093140101,-0.4643957974058797,2295282.645593152,-25178.931405619718,4567158.440834013,5391.5,69163426.85502447,991.145039713799,-62.82469107851569,-1.578684129796578,-61.24600694871911,1.5231205989028196,-1.5565688968675153,201.19572004184505,40479.71776315649,5716.75,5716.75,0.028699545231334122,-0.8352055534682384,0.7994443897634917,40479.71776315649,5387.942857142857,-32.675,3.274292958137133,288.35,0.0003711263685284294,-0.03594420600858372,-0.1081148151211846,,,,0.00037105751817198264,-0.048899593228087235,0.704416626753654,-0.07864988951387775,-0.011541096308635201
2025-12-12 00:00:00+05:30,5391.0,5453.5,5374.5,5393.5,18854,0.0,0.0,5674.1,,,,5623.329399031621,,,,5569.176190476191,,5463.415505602219,,5364.561810187106,,5382.709805194804,,5427.9450096981445,5411.772485239578,,5696.071489772679,,5629.03460938613,5418.436699103797,5392.25,5569.75,5579.5,26.101100059262308,-116.4671460945192,-46.75196957118929,-69.7151765233299,7.548574764463594,6.787334393810256,0.7612403706533382,1.651792749005101,0.7155534525334355,-90.87912087912088,-5.691554467564259,-10.033361134278566,-325.5,3074.953379774284,-470.89999999999964,29.905417328661105,-5.558853983718516,-7.512593152094899,-0.14256280065492177,-0.04960775341292553,-13.516411600163384,-99.82642924897209,-178.8264292489721,-535.7262062859672,-597.5267320370178,-370.5,0,1,0,-370.5,0,0,0,1,0,124.4113009271658,79.0,5273.320680226776,5674.1,6074.879319773225,14.12662165887892,0.14993203721342946,5397.40764273293,5623.329399031621,5849.251155330311,5352.0,5730.25,6108.5,7.486523733486073,0.11175018728324614,5435.0554615911915,5674.1,5969.9304615911915,5656082.0,20.11141222024493,-0.45925981831151974,2285497.6582513796,-25750.357812096365,3921440.8064291542,5407.166666666667,69164301.18260749,991.1914132994046,-63.12843451863773,-1.505942055934888,-61.622492462702844,0.9398569327783455,-1.4002718511462813,200.38965988661235,40156.01578947218,5684.75,5684.75,0.13659541311747944,-0.7795007931886584,0.8482255760248361,40156.01578947218,5359.328571428571,-30.075,3.2738838606997036,276.06666666666666,0.0004637358560564131,-0.03073052385659092,-0.10033361134278562,,,,0.0004636283638150374,-0.048899593228087235,0.704416626753654,-0.07864988951387775,-0.011541096308635201
2025-12-15 00:00:00+05:30,5393.0,5440.0,5361.0,5427.5,30212,0.0,0.0,5643.275000000001,,,,5604.678980076229,,,,5545.690476190477,,5443.120792680465,,5352.194040382939,,5359.669675324674,,5427.843451497393,5391.603677121523,,5654.349028020247,,5612.379098860618,5406.115727017301,5410.5,5569.75,5579.5,29.743989153593795,-116.74100175482909,-37.62066018519934,-79.12034156962974,11.163651901438541,8.234705636285696,2.9289462651528453,11.994678504090192,4.7137796205635,-83.40659340659342,-3.8359319631467046,-10.20019854401059,-216.5,3016.0429338182557,-484.8382352941171,35.34946045799751,-4.54085282657232,-5.558853983718516,-0.16291860900931043,-0.07214894397004439,-12.890161231247003,-95.35122507054803,-174.35122507054803,-505.43992248062017,-557.1976666726923,-362.16666666666663,0,1,0,-362.16666666666663,0,0,0,1,0,121.16763657522539,79.0,5268.2813193515,5643.275000000001,6018.268680648501,13.2899311356792,0.21229515171182722,5385.225962472651,5604.678980076229,5824.131997679807,5352.0,5719.25,6086.5,7.17832756073643,0.10895145104193797,5408.2371238750875,5643.275000000001,5931.987123875087,5686294.0,29.64915628019362,-0.4140849971215313,2306148.8987577087,-17072.332288905047,3507978.9769392754,5409.5,69183346.4778703,991.1914132994046,-61.420965788111594,0.16122133967300556,-61.5821871277846,1.453261564954712,-1.1508193931526913,187.4968403242501,35155.06513157733,5649.5,5649.5,0.13788636446081748,-0.9282642150324207,0.8922574031172443,35155.06513157733,5350.521428571429,-30.825,3.2765685907151174,261.63000000000005,0.006303884305182139,-0.006225395953492585,-0.10200198544010586,,,,0.006284097936963138,-0.048899593228087235,0.704416626753654,-0.07864988951387775,-0.011541096308635201
2025-12-16 00:00:00+05:30,5427.5,5431.5,5370.5,5383.5,14400,0.0,0.0,5613.224999999999,,,,5583.614315307064,,,,5520.950000000001,,5418.384115729272,,5332.7947573906295,,5342.424826839826,,5415.216481040042,5367.403326919473,,5621.307822014891,,5593.067989466606,5401.363073619192,5405.5,5566.75,5579.5,27.831895318945172,-119.13515075644045,-32.01184734944857,-87.12330340699188,10.87912087912088,9.86378251500767,1.0153383641132088,17.029168911165172,10.225213388086821,-93.07692307692308,-4.80106100795756,-10.042610076029744,-271.5,2977.6173254738164,-486.1073529411751,34.42255622610944,-3.962095653077435,-4.54085282657232,-0.1816522575253332,-0.09438417047253653,-12.476294878924573,-82.15819291761272,-143.15819291761272,-492.7667224080267,-524.7263453128415,-344.0833333333333,0,1,0,-344.0833333333333,0,0,0,1,0,116.86994824842358,61.0,5257.53893573014,5613.224999999999,5968.911064269859,12.673144734795393,0.17706775289106227,5373.442537475256,5583.614315307064,5793.786093138872,5352.0,5719.25,6086.5,7.0948239809336435,0.10816290486616442,5383.5673938057525,5613.224999999999,5894.5673938057525,5671894.0,25.33155149244268,-0.40237595761937783,2297886.6036757417,-14599.112801961135,2916324.837376522,5395.166666666667,69171672.59486708,990.3807269797363,-62.28858477277059,-0.5651181159887955,-61.723466656781795,0.6822930733038621,-1.291728988435751,177.84303213492967,31628.144078945632,5636.75,5636.75,0.13513486443787873,-1.0871200463994541,0.9262378107718406,31628.144078945632,5336.4,-30.05,3.2772268265500646,252.47666666666663,-0.008106863196683523,-0.006917542888765893,-0.10042610076029745,,,,-0.008139902496675226,-0.048899593228087235,0.704416626753654,-0.07864988951387775,-0.011541096308635201
2025-12-17 00:00:00+05:30,5383.5,5383.5,5311.5,5335.5,10976,0.0,0.0,5583.150000000001,5768.02,,,5559.984380515915,5768.02,,,5494.500000000001,5730.749411764706,5389.110925610683,5768.02,5306.5671322937515,5768.02,5325.450194805194,,5391.825253929688,5339.936343403333,5496.75,5596.988508841568,6520.220379470099,5570.8520977505505,5392.962771483009,5359.5,5527.25,5559.25,25.877528724661175,-123.4823028146102,-29.08719952609465,-94.39510328851554,9.453358615820775,10.498710465460064,-1.0453518496392888,16.527915925850586,15.183921113701983,-95.15640766902119,-5.222488675726086,-10.131379484588177,-294.0,2910.6119852079623,-476.322058823529,34.39449099653352,-3.878523838023817,-3.962095653077435,-0.19942872328048145,-0.11619659988601667,-12.471908063635563,-104.70702250081104,-176.70702250081104,-493.1337173421107,-504.2122022342286,-331.4166666666667,0,1,0,-331.4166666666667,0,0,0,1,0,113.66495194496476,72.0,5241.283436311163,5583.150000000001,5925.016563688838,12.246368580060976,0.1377972777919742,5356.114676763327,5559.984380515915,5763.854084268503,5311.5,5699.0,6086.5,7.0790389202911275,0.10854311033999174,5358.550873818973,5583.150000000001,5855.175873818973,5660918.0,17.748379660227098,-0.37829818196413084,2294227.937009075,-13424.27033288125,2424443.0034655905,5343.5,69161886.24769516,989.4891137169891,-63.52993924513187,-1.4451780706800577,-62.08476117445181,0.5142236048124134,-1.4488108888321036,170.93328184441856,29218.186842103427,5610.75,5610.75,0.0968030300437735,-1.2645923228317613,0.9526625415198835,29218.186842103427,5317.200000000001,-30.075,3.2770625811072858,241.05333333333328,-0.008916132627472817,-0.00992763035813693,-0.10131379484588177,,,,-0.008956119199152051,-0.048899593228087235,0.704416626753654,-0.07864988951387775,-0.011541096308635201
2025-12-18 00:00:00+05:30,5335.5,5335.5,5242.5,5280.0,30912,0.0,0.0,5551.875,5761.080000000001,,,5533.319201419162,5748.881960784314,,,5465.628571428572,5711.6113725490195,5354.59377065546,5730.494432910419,5272.8071223539055,5712.82798456099,5304.321341991341,,5358.30800671037,5307.132882126825,5460.2107843137255,5544.7268550962535,6517.320862118466,5545.1069737321295,5371.610962333268,5307.75,5467.5,5489.25,23.796787771878098,-129.90833587654288,-28.41058607042187,-101.497749806121,6.455151149528202,8.929210214823286,-2.4740590652950836,6.185030170765492,13.247371669260417,-92.40121580547113,-5.579399141630901,-10.591821183642367,-312.0,2845.663675122302,-455.8058823529409,35.007851258982534,-4.040672875898713,-3.878523838023817,-0.21689039257114517,-0.13755658260299958,-12.652955456148248,-122.96316214355284,-215.96316214355284,-497.1948770491803,-495.7392798383458,-337.0,0,1,0,-337.0,0,0,0,1,0,112.18888394889585,93.0,5219.87200778141,5551.875,5883.87799221859,11.960031240566128,0.0905533890173529,5331.151374214439,5533.319201419162,5735.487028623885,5242.5,5574.0,5905.5,7.021614907853084,0.11005075765094258,5338.337228244169,5551.875,5805.587228244169,5630006.0,16.950791920157016,-0.33253311205722474,2288244.9692671397,-13626.936301339418,1833006.0029705064,5286.0,69129731.51055713,989.4891137169891,-60.734805955209765,1.0799641753936413,-61.81477013060341,1.3193454489581644,-1.6377864439305878,166.00149610929526,27556.496710524374,5578.25,5578.25,-0.04284283316329146,-1.5397256845825589,0.9744639042758261,27556.496710524374,5293.135714285715,-31.275,3.27624355174797,233.26666666666668,-0.010402024177677771,-0.02058987200890372,-0.10591821183642369,,,,-0.010456503356312376,-0.048899593228087235,0.704416626753654,-0.07864988951387775,-0.011541096308635201
2025-12-19 00:00:00+05:30,5292.0,5450.0,5284.0,5408.5,17548,0.0,0.0,5532.025,5757.930000000001,,,5521.43165842686,5735.533648596695,,,5451.97380952381,5697.784705882353,5348.972301219046,5705.042351282689,5280.644162163443,5676.439593014307,5296.352359307359,,5361.603076055139,5311.739274305223,5433.261341791619,5507.736047387092,6516.7824493474245,5534.3255227244545,5358.356119457051,5344.25,5467.5,5479.0,36.523177588902996,-123.21182803758347,-17.371262585169973,-105.8405654524135,15.845837982075498,10.584782582474825,5.261055399600673,33.98900548842864,18.900650528348237,-64.90486257928119,-2.8034863869170636,-6.8383429506502456,-156.0,2880.9949813916764,-428.32352941176396,45.235045679219766,-2.733318621689115,-4.040672875898713,-0.23079693467359386,-0.15792138097397002,-11.640255106292143,-1.3255675516165866,-167.3255675516166,-478.9559921414538,-492.06331722201037,-319.91666666666663,0,1,0,-319.91666666666663,0,0,0,1,0,116.31824938111757,170.0,5216.822896914589,5532.025,5847.22710308541,11.395541527213283,0.30405428962742664,5306.136957622587,5521.43165842686,5736.726359231133,5242.5,5548.0,5853.5,6.73161246408189,0.14455602631570466,5309.017658807387,5532.025,5787.392658807388,5647554.0,23.516210387970297,-0.25840654520994866,2297018.9692671397,-9679.305442858953,1893279.145403291,5380.833333333333,69172438.29086016,991.9228258382012,-60.604302367417176,0.968374210548987,-61.57267657796616,0.7240588225585503,-0.7837828414902936,157.6010515427051,24838.091447366394,5513.0,5513.0,0.08435173374806859,-1.5916498046424117,0.9612241150153281,24838.091447366394,5291.871428571429,-19.85,3.280604118871257,226.56666666666666,0.024337121212121282,0.0027811254287568588,-0.06838342950650245,,,,0.02404569237003717,-0.048899593228087235,0.704416626753654,-0.07864988951387775,-0.011541096308635201
2025-12-22 00:00:00+05:30,5408.5,5449.5,5380.5,5432.5,9118,0.0,0.0,5517.125,5756.610000000001,,,5512.961976671921,5723.649976102706,,,5442.495238095238,5685.022745098039,5349.264274753239,5682.936769816594,5295.370789440718,5645.634638546321,5303.328593073593,,5362.414830111906,5324.335533895202,5411.584426427242,5490.899788312085,6518.442996435745,5526.49143421974,5360.616551071111,5420.5,5454.75,5469.0,38.58613917405664,-114.64662300093369,-7.044846038816132,-107.60177696211755,28.21217549058661,16.8377215407301,11.374453949856509,66.66666666666666,35.61356744195359,-58.05739514348787,-0.5309896548567243,-5.200244306779513,-29.0,2811.0787240156915,-396.20294117647063,47.43568377816232,-1.5064479217235098,-2.733318621689115,-0.240996032992713,-0.1767663520234571,-10.532659805017802,0.8637992414714972,-68.1362007585285,-435.7182723071453,-480.19228800508733,-286.99999999999994,0,1,0,-286.99999999999994,0,0,0,1,0,112.93837442532346,69.0,5213.464373122261,5517.125,5820.785626877739,11.007929922839836,0.3606585897056846,5305.028675944245,5512.961976671921,5720.895277399596,5242.5,5524.75,5807.0,6.574446899253491,0.14265360608072805,5301.332679661832,5517.125,5758.582679661833,5656672.0,26.99828400602507,-0.2167826276650071,2301644.0417309077,-5712.814722021576,1654072.4103456782,5420.833333333333,69176484.36648187,992.3665717936417,-62.050521469627164,-0.3822759133287974,-61.668245556298366,0.4310132924915386,-0.557365641177262,151.83031343886924,23052.44407894528,5447.0,5447.0,0.2754628937634515,-1.4217228279251304,0.9381056463418168,23052.44407894528,5293.235714285714,-14.9,3.288500712179736,218.88222222222223,0.004437459554404999,0.0009212344541686956,-0.05200244306779511,,,,0.004427643060240341,-0.048899593228087235,0.704416626753654,-0.07864988951387775,-0.011541096308635201
2025-12-23 00:00:00+05:30,5432.5,5490.0,5379.5,5477.0,9069,0.0,0.0,5505.25,5756.110000000001,,,5509.53702651269,5713.977428020247,,,5438.67380952381,5674.057647058823,5358.3308174898175,5665.567585587699,5320.871871969935,5622.333475716743,5325.867922077922,,5364.849644043853,5347.255959238517,5396.110527351664,5481.36260933433,6519.4995510115705,5522.826813396936,5384.578618818974,5454.75,5436.0,5447.25,42.32870233940154,-103.07962050212245,3.6177251679960847,-106.69734567011854,44.767566514062736,29.608526662241612,15.159039851821124,99.99999999999999,66.88522405169843,-42.73504273504274,1.0330197380557093,-4.156094146469507,56.0,2661.5714887877234,-360.43088235294,54.813568270193954,-0.5116869917541111,-1.5064479217235098,-0.247057531804995,-0.1935686628369996,-8.871278656275443,37.311827921260374,-73.18817207873963,-385.6288675985551,-452.0287122574889,-247.83333333333331,0,1,0,-247.83333333333331,0,0,0,1,0,112.76420482351465,110.5,5215.847984948651,5505.25,5794.652015051349,10.51367385863853,0.4511924614709618,5300.35927823527,5509.53702651269,5718.714774790111,5242.5,5524.75,5807.0,6.33766198513663,0.14773416636514586,5282.7107086627675,5505.25,5746.9607086627675,5665741.0,30.239277513678037,-0.1781536210609119,2308579.1593779665,-1364.184291976504,1475429.2802962959,5448.833333333333,69183913.18378514,993.1857158341387,-63.236899090266,-1.2549228271740986,-61.9819762630919,0.44342201121634245,-0.19523015411615302,144.70100752567424,20938.381578945235,5447.0,5447.0,0.4427586330999102,-1.098176988321454,0.8971182949220418,20938.381578945235,5305.521428571428,-11.875,3.2981549729295665,209.32666666666665,0.008191440404970107,0.0173678833472648,-0.04156094146469502,,,,0.008158072653136639,-0.048899593228087235,0.704416626753654,-0.07864988951387775,-0.011541096308635201
2025-12-24 00:00:00+05:30,5477.0,5495.0,5421.5,5440.0,7377,0.0,0.0,5489.725,5754.230000000001,,,5502.9144525591,5703.233215156708,,,5432.459523809524,5661.661176470588,5360.116982247062,5646.398926734977,5333.83346180078,5596.766196594845,5352.972164502164,,5366.2732345537215,5360.7553916919915,5379.576781181011,5472.480785057965,6520.549664708935,5516.541990886128,5413.188611393342,5458.5,5422.25,5424.5,40.1384711393607,-95.79402457852848,8.722656873272058,-104.51668145180054,51.15526795990372,41.37833665485102,9.776931305052699,96.06043366960198,87.57570011208954,-45.74175824175825,0.9463722397476341,-5.399530475610817,51.0,2361.8454464515844,-312.25882352941153,51.03346072845232,0.2785790700289399,-0.5116869917541111,-0.2504303724586654,-0.2080815172190177,-7.411578457918325,44.12442393250876,-29.375576067491238,-345.6943931866572,-411.2241108565853,-195.50000000000003,0,1,0,-195.50000000000003,0,0,0,1,0,109.95961876469218,73.5,5223.318607829195,5489.725,5756.131392170806,9.705637064545334,0.4066745366077415,5299.658394593815,5502.9144525591,5706.1705105243855,5242.5,5524.75,5807.0,6.043896285755164,0.14513243078471497,5266.3078928744235,5489.725,5734.9328928744235,5658364.0,33.24635894440292,-0.19786335673959252,2304915.751214701,-626.8122323625721,1225660.9545396823,5452.166666666667,69178929.63439679,992.5101635244802,-64.58196102874007,-2.0799878125185245,-62.50197321622154,0.413004288481564,-0.3733018535690345,133.20319608540262,17743.091447366223,5436.25,5436.25,0.5860809683176139,-0.7404089665133057,0.8567567492733165,17743.091447366223,5317.928571428572,-15.525,3.306254283326925,197.06666666666666,-0.006755523096585669,0.019585793271483354,-0.05399530475610814,,,,-0.006778444933732959,-0.048899593228087235,0.704416626753654,-0.07864988951387775,-0.011541096308635201
2025-12-26 00:00:00+05:30,5499.0,5499.0,5410.0,5443.0,13880,0.0,0.0,5474.375000000001,5753.7300000000005,,,5497.208314220138,5693.027991032915,,,5428.009523809525,5649.456078431373,5362.847906393043,5628.617478979373,5346.701111094689,5573.652013590642,5378.474047619046,5280.256686059039,5367.753348694585,5373.302497245135,5367.848279958226,5453.6714630260785,6520.746351876074,5510.999286419706,5434.548387596971,5441.5,5378.5,5419.75,40.40771712906843,-88.7549505691195,12.609384706144837,-101.36433527526434,56.02724405615802,50.65002617670815,5.377217879449866,92.60515978998609,96.22186448652934,-43.441466854724965,0.9645705805972918,-5.339130434782609,52.0,1878.1090197995595,-256.63676470588143,51.36462878515173,0.9022921335838117,0.2785790700289399,-0.2514259673304986,-0.22017742462741513,-5.955734165079273,49.249506227864,-39.750493772136,-324.53534275806885,-370.4833561059397,-140.41666666666669,0,1,0,-140.41666666666669,0,0,0,1,0,108.46250313864275,89.0,5237.3555970634225,5474.375000000001,5711.394402936579,8.659231526396288,0.4338134355008982,5296.35759510869,5497.208314220138,5698.059033331587,5242.5,5524.75,5807.0,5.747873932274956,0.1453068251442746,5247.403237822663,5474.375000000001,5724.278237822663,5672244.0,32.74958199041937,-0.21052279112444094,2301328.7849225663,-1409.4845525305718,1056515.1038911561,5450.666666666667,69179695.07557327,992.5101635244802,-63.982042214212605,-1.1840551983928478,-62.79798701581976,0.8549640890443867,-0.26474625799640766,118.50970146828907,14044.549342102997,5436.25,5436.25,0.6434339979096521,-0.4779302541682799,0.7998885567581254,14044.549342102997,5335.278571428572,-15.35,3.313003794448462,187.71555555555557,0.0005514705882352366,0.03087121212121202,-0.05339130434782613,,,,0.0005513185842116571,-0.048899593228087235,0.704416626753654,-0.07864988951387775,-0.011541096308635201
2025-12-29 00:00:00+05:30,5443.0,5490.0,5386.5,5460.0,11582,0.0,0.0,5461.425,5752.97,,,5493.664665246792,5683.889638443389,,,5426.640476190477,5637.937254901961,5368.89432814163,5613.225043002009,5362.962053524868,5554.40626084413,5402.239848484847,5272.8778140486975,5370.011618397353,5384.654640364646,5360.854229763787,5441.784498100818,6520.219602531271,5507.218458492966,5445.888830223279,5451.5,5378.5,5370.75,41.99972011594004,-80.8724287603909,16.393525211898762,-97.26595397228967,65.20403218031456,57.46218139879209,7.741850781522466,92.01341984453,93.55967110137269,-15.204678362573098,1.2329656067488644,-4.528763769889841,66.5,1168.8903830480895,-220.3352941176454,55.29983600181014,1.2853242214306566,0.9022921335838117,-0.25005203073147353,-0.2298589159298777,-4.27936395199743,38.78529105245434,-64.71470894754566,-307.098712998713,-338.8645087477867,-66.08333333333331,0,1,0,-66.08333333333331,0,0,0,1,0,108.10803862873969,103.5,5254.2598548418155,5461.425,5668.590145158185,7.586486865907148,0.4965607148854309,5292.228300336434,5493.664665246792,5695.10103015715,5242.5,5489.25,5736.0,5.335082653493949,0.14638174416755897,5233.113718990478,5461.425,5707.3637189904775,5683826.0,36.4818492863553,-0.17478889659239363,2306196.5820240155,-52.68919190810993,933712.0890495625,5445.5,69183312.45569453,992.8224912849064,-63.865303869596865,-0.8538534830216804,-63.011450386575184,0.7468692366225157,-0.013757140458276381,103.58257257909241,10729.349342102947,5436.25,5436.25,0.6122096757474027,-0.2918839827023704,0.7158795648262641,10729.349342102947,5357.071428571428,-12.95,3.318922853117046,177.4933333333333,0.0031232776042624533,0.009522048627160995,-0.04528763769889843,,,,0.003118410304750798,-0.048899593228087235,0.704416626753654,-0.07864988951387775,-0.011541096308635201
2025-12-30 00:00:00+05:30,5460.0,5575.0,5413.0,5542.5,34226,0.0,0.0,5456.35,5752.270000000001,,,5498.3156495090025,5678.344946739727,,,5434.361904761905,5629.6835294117645,5389.636235032046,5605.124259090569,5398.827392756685,5546.156242543172,5431.949783549783,5271.916444731739,5377.444699758138,5414.830388901347,5361.232495263247,5438.54479275381,6518.131335538939,5509.675010292118,5461.071733475145,5501.25,5411.25,5408.75,49.10553830332876,-67.1938441095599,24.057687890183814,-91.25153199974372,77.19313956415878,66.14147193354378,11.051667630615,95.95298617492801,93.5238552698147,-9.774436090225569,2.1188392445877477,-1.7983699503897945,115.0,594.3331081689921,-184.60882352941007,60.584599110383564,1.7072613305180708,1.2853242214306566,-0.24504704376423492,-0.23690278106753343,-2.16333981334395,110.74453518781775,-51.255464812182254,-287.97011408730157,-316.15543646458707,-4.0000000000000036,0,1,0,-4.0000000000000036,1,0,0,0,0,111.95746444097257,162.0,5263.541368395906,5456.35,5649.158631604095,7.067311723188374,0.7234080478743727,5285.20655744725,5498.3156495090025,5711.424741570755,5242.5,5479.0,5715.5,4.8636724073053665,0.1526606279688356,5216.803705126073,5456.35,5705.0537051260735,5718052.0,46.80733628032312,-0.06759329226025335,2326689.9277030276,7027.763370933011,1203702.504899625,5510.166666666667,69235027.56558463,992.8224912849064,-57.27890403716445,4.5860370795285945,-61.864941116693046,2.1513879110932317,0.8936321914974922,96.40431580204707,9293.792105260822,5436.25,5436.25,0.5726043009967252,0.021738839133553886,0.5528015011955105,9293.792105260822,5390.385714285714,-5.075,3.325357292869538,161.42444444444445,0.015109890109890056,0.020248504371836118,-0.017983699503898,,,,0.014996872751515752,-0.048899593228087235,0.704416626753654,-0.07864988951387775,-0.011541096308635201
2025-12-31 00:00:00+05:30,5543.0,5575.5,5490.0,5521.0,9434,0.0,0.0,5449.650000000001,5751.27,,,5500.476063841478,5672.174556671502,,,5440.519047619048,5620.614117647058,5404.101730377424,5595.896854550879,5423.55070828282,5536.304177689621,5463.022034632034,5275.155554837319,5385.9859279253415,5442.608447101219,5358.497887605865,5434.013701649894,6518.029990150397,5510.477321247183,5479.336116923621,5531.75,5411.25,5409.0,47.47323076933494,-57.42636218529515,27.06013585155887,-84.48649803685402,86.21817306027832,76.20511493491722,10.013058125361098,97.25840081651029,95.07493561198943,-16.36636636636637,2.5541004922448223,-2.3695844385499556,137.5,-108.7807525574899,-147.4205882352926,58.21575764240061,2.1377172372567625,1.7072613305180708,-0.23773237499007394,-0.24115874236859927,-0.47350631758473155,103.13817301812924,17.638173018129237,-263.6351986832824,-296.3846992688967,43.833333333333336,0,1,0,43.833333333333336,1,0,0,0,0,110.06764555233168,85.5,5277.724649002016,5449.650000000001,5621.575350997985,6.309592395767964,0.7075028481426102,5291.377361499893,5500.476063841478,5709.574766183064,5242.5,5469.0,5695.5,4.4709795202856295,0.15261834187321158,5209.805335531371,5449.650000000001,5698.055335531371,5708618.0,55.16853968365564,-0.062250207120341856,2324096.956942794,8460.38841648167,1002769.1470568215,5528.833333333333,69231368.00762342,992.4345796926647,-58.21687495035513,2.918452933070334,-61.13532788342546,0.6121124823192017,0.8300113925704422,85.96267549899208,7389.5815789450135,5436.25,5436.25,0.3711938351304385,0.14931362374057905,0.35630306998727895,7389.5815789450135,5422.257142857143,-6.7,3.33117652805819,146.8144444444445,-0.003879115922417631,0.00803359503377754,-0.023695844385499543,,,,-0.0038866592064218716,-0.048899593228087235,0.704416626753654,-0.07864988951387775,-0.011541096308635201
2026-01-01 00:00:00+05:30,5612.0,6039.5,5612.0,5676.0,649756,0.0,0.0,5451.975,5753.860000000002,,,5517.192629189909,5672.324574056934,,,5462.076190476191,5617.662352941176,5445.121315180535,5599.182288723122,5484.706455649174,5544.939038847672,5509.16829004329,5286.173766429648,5438.411866067985,5502.550499758247,5368.046990052694,5588.586744174492,6463.220310170083,5520.980404327024,5518.017902985258,5598.5,5478.0,5641.0,58.248369509579426,-36.75467278952783,38.18546019786095,-74.94013298738878,76.08355518280896,79.83162260241535,-3.748067419606386,97.85014076196639,97.02050925113488,-45.608531994981185,6.381782400899635,0.826005861977085,340.5,817.4290208281145,-64.98676470587998,46.90673367546838,2.5656780206199183,2.1377172372567625,-0.2255225826095164,-0.24211787459508496,2.131007706721021,538.0470054441103,110.54700544411025,-379.6771996426976,-298.3310896970964,99.83333333333333,0,1,0,99.83333333333333,1,0,0,0,0,139.24138515573657,518.5,5268.912032690961,5451.975,5635.03796730904,6.715473468203349,1.1118796261556532,5229.246184214188,5517.192629189909,5805.13907416563,5242.5,5641.0,6039.5,4.1470499744724645,0.1831000955668773,5176.317982199369,5451.975,5751.567982199369,6358374.0,91.10789361312878,-0.4692946743587908,1868887.782673788,-136561.94664288452,15246970.697477276,5775.833333333333,71055533.55734268,992.4345796926647,30.97854197915489,73.69109589006428,-42.71255391090939,8.194657095076062,2.447518504622611,91.53148365451996,8378.012499997654,5436.25,5436.25,0.6635289214927195,0.866481088353811,-0.006342093360428,8378.012499997654,5482.278571428572,2.325,3.341715890991736,136.9544444444445,0.02807462416228934,0.04338235294117654,0.00826005861977075,,,,0.027687755995888574,-0.048899593228087235,0.704416626753654,-0.07864988951387775,-0.011541096308635201
2026-01-02 00:00:00+05:30,5676.0,5688.0,5544.0,5593.5,42785,0.0,0.0,5452.05,5754.170000000002,,,5524.459997838489,5669.233414289995,,,5475.554761904762,5611.373725490196,5465.8278567977695,5595.989516055941,5513.802235621987,5543.775824369491,5552.144329004328,5301.142692307693,5460.985788475265,5528.831404543175,5371.96671593298,5588.756000300267,6459.667422061646,5525.896921851444,5554.854028547914,5634.75,5478.0,5641.0,52.11989167657013,-26.721244655641385,38.575110665397915,-65.2963553210393,60.68841740108992,74.33004854805907,-13.641631146969146,91.92058443596203,95.67637533814623,-55.95984943538268,5.9375,0.02682403433476395,313.5,652.4369173023388,-20.929411764705037,43.883673744538264,1.9744771041738403,2.5656780206199183,-0.2115791925462851,-0.2399825699142729,3.9111587696816406,173.3974332378084,29.3974332378084,-629.6014601674898,-367.3660618177919,138.41666666666666,1,0,0,138.41666666666666,1,1,0,0,0,139.5812862160411,144.0,5268.744416773258,5452.05,5635.355583226742,6.7242810769065535,0.8858311282996538,5236.508452384265,5524.459997838489,5812.411543292712,5242.5,5641.0,6039.5,3.8204689196659456,0.18926512045141664,5167.45644373783,5452.05,5760.70644373783,6315589.0,86.61611080261248,-0.4609271995720889,1855517.470173788,-187728.73344963603,12564580.24069481,5608.5,70993346.05734268,990.9810913205716,22.991732085312407,52.56342879697744,-29.571696711665034,0.5316392780590848,1.5433245131986175,91.6527916133708,8400.234210523973,5436.25,5436.25,0.6649438931432247,0.857645273294182,-0.26845897498070564,8400.234210523973,5522.564285714286,0.075,3.3492849997496545,125.70888888888888,-0.014534883720930258,0.0276501929083226,0.00026824034334760327,-0.005953438777323572,,,-0.014641549992948118,-0.048899593228087235,0.704416626753654,-0.07864988951387775,-0.011541096308635201
2026-01-05 00:00:00+05:30,5600.0,5706.0,5535.0,5684.0,28684,0.0,0.0,5458.025000000001,5756.490000000003,,,5539.654283758632,5669.812496082544,,,5497.645238095239,5608.621960784313,5500.353367220969,5599.997280285804,5561.2489130885015,5553.125408654281,5596.137424242423,5321.9279907347545,5490.223559391294,5567.5617469676345,5385.771942759137,5591.555074948004,6458.334016800904,5535.98496963376,5594.623575937678,5638.75,5482.0,5641.0,57.413156389983406,-11.336407859513201,43.167957969220886,-54.50436582873409,51.27561689669594,62.682529826864936,-11.406912930169,93.26234036158948,94.34435518650596,-44.604767879548305,5.093833780160858,2.147542456644802,275.5,984.4803570413269,28.05735294117767,48.88669137793308,1.393031294543237,1.9744771041738403,-0.19469802083466048,-0.23483834634115594,5.980568276090816,167.19779991812084,-3.802200081879164,-864.2718556701032,-524.4107289956266,192.83333333333331,0,1,0,192.83333333333331,1,0,0,0,0,141.82548005775246,171.0,5252.80561161671,5458.025000000001,5663.244388383291,7.51991382902389,1.0505693243221819,5246.555266442906,5539.654283758632,5832.753301074358,5242.5,5641.0,6039.5,3.513180902837452,0.19651007758590422,5155.487958475906,5458.025000000001,5777.362958475906,6344273.0,86.61186839770268,-0.4280721782450645,1876820.791811215,-184816.02267234074,11140483.349166982,5641.666666666667,71039755.31809177,992.5990407261316,14.912821037495924,35.58761419932877,-20.674793161832845,0.35155795178640803,2.2022772972887292,102.60969419164522,10528.74934210295,5436.25,5436.25,0.8780606554404103,0.7610505005803132,-0.5073547979624057,10528.74934210295,5576.885714285714,5.975,3.35389163529762,121.38888888888887,0.016179494055600152,0.0410256410256411,0.02147542456644791,0.021200143729787957,,,0.016050000930005973,-0.048899593228087235,0.704416626753654,-0.07864988951387775,-0.011541096308635201
2026-01-06 00:00:00+05:30,5684.0,5684.0,5538.0,5558.5,18527,0.0,0.0,5462.875000000001,5756.350000000002,,,5541.449113876857,5665.447300157739,,,5507.214285714286,5600.857647058823,5507.515035687841,5594.175924189979,5567.466716645337,5547.743109320871,5623.482142857141,5343.592087912087,5492.427037722292,5574.460628208812,5388.761278337211,5595.972385105916,6457.5956347452775,5537.567287277287,5612.080141357843,5621.25,5482.0,5641.0,49.27742944971945,-9.164966975258722,36.271519082780294,-45.436486058039016,46.36135508155583,52.77512979311389,-6.413774711558062,84.58258401236424,89.92183626997192,-60.351317440401495,2.319374137137598,1.7760688455552505,126.0,1351.9186840471793,63.50147058823586,46.401521684030605,0.9223918270809366,1.393031294543237,-0.17857004133676746,-0.22722862517801953,6.534248376321058,142.38382850124617,-3.616171498753829,-951.0412058334147,-719.7441728585496,227.41666666666666,0,1,0,227.41666666666666,1,0,0,0,0,142.12366005362728,146.0,5252.782820982787,5462.875000000001,5672.967179017215,7.69163413101029,0.7275786762918097,5248.454764876915,5541.449113876857,5834.4434628767995,5242.5,5641.0,6039.5,3.12869719554468,0.20172199343068853,5168.787909522214,5462.875000000001,5775.412909522214,6325746.0,86.1707517099635,-0.43785187859229513,1863496.5794824478,-171062.52467056923,9216823.085000271,5593.5,70998848.58867586,990.3910885797559,6.87044623819916,22.036191520025604,-15.165745281826444,0.22448262492124266,0.9103147051672374,105.0460895086073,11034.680921050336,5436.25,5436.25,0.7155253806954291,0.2554269266269905,-0.5999417658604084,11034.680921050336,5595.892857142858,4.85,3.3529235689818084,115.27333333333335,-0.022079521463757912,0.0028867839422643815,0.017760688455552565,0.010912066927343922,,,-0.022326922543321574,-0.048899593228087235,0.704416626753654,-0.07864988951387775,-0.011541096308635201
2026-01-07 00:00:00+05:30,5556.0,5558.0,5450.5,5467.0,58409,0.0,0.0,5465.175000000001,5754.370000000003,,,5534.358722079061,5657.665053092729,,,5507.607142857143,5589.510588235294,5497.241344471946,5581.711572139676,5548.603213483781,5532.601158946231,5625.564696969696,5362.847071751778,5492.291369286746,5566.797711236544,5385.456914480849,5591.60135398723,6452.2959566994705,5532.261434967116,5598.844425008134,5512.75,5482.0,5641.0,44.343663310906855,-14.658396858247215,24.62247135983344,-39.280868218080656,41.070681723128395,46.23588456712672,-5.165202843998323,77.05876074752071,84.96789504049147,-71.83186951066499,-0.18258170531312762,0.8485519276886183,-10.0,1259.3282795064451,72.08088235294235,43.37934488806396,0.39231484703954705,0.9223918270809366,-0.16515983360260167,-0.21775412086067913,6.332023230250286,27.0432815724962,-80.4567184275038,-928.8355455144498,-864.8438547814959,211.91666666666666,0,1,0,211.91666666666666,1,0,0,0,0,139.6862557640825,108.0,5256.007911162817,5465.175000000001,5674.342088837185,7.6545431330994385,0.504362540995681,5248.697168221971,5534.358722079061,5820.020275936152,5242.5,5641.0,6039.5,2.7600580715462497,0.20921087240496172,5168.664689422478,5465.175000000001,5783.164689422478,6267337.0,81.95311498574613,-0.4550527449698126,1823017.7841336105,-162764.57176533178,7136645.001428803,5491.833333333333,70902699.92446789,990.3910885797559,4.048124581202599,15.371095890423238,-11.322971309220637,0.6677909130404958,0.017450163982723796,104.58354441859201,10937.71776315561,5441.5,5441.5,0.6554995488522269,0.24593381681258172,-0.6332091201520853,10937.71776315561,5592.471428571429,2.3,3.3475321791046206,110.07333333333335,-0.016461275523972252,-0.009780836804926696,0.008485519276886233,-0.006361323155216314,,,-0.016598267778670364,-0.048899593228087235,0.704416626753654,-0.07864988951387775,-0.011541096308635201
2026-01-08 00:00:00+05:30,5509.0,5509.0,5370.5,5393.0,15426,0.0,0.0,5465.375000000001,5751.480000000002,,,5520.89598664296,5647.2860314028185,,,5500.733333333334,5575.339215686275,5475.133027222907,5564.339117098794,5513.781096593337,5510.435421399257,5603.995324675324,5377.572737556561,5491.246022362713,5545.4836434997305,5377.948800187483,5595.068102479255,6451.229407333645,5521.246246566833,5554.83845365678,5430.0,5538.5,5661.75,40.78696360065516,-24.698452785281006,11.665932346239721,-36.36438513152073,27.414781495022833,38.28227276656902,-10.86749127154619,51.07553048938841,70.90562508309111,-85.57246856386499,-0.8639705882352942,0.07422527370569679,-47.0,1174.5995944235665,10.80735294117676,38.57491020934129,-0.19635323621203918,0.39231484703954705,-0.15545916581301,-0.2070911429142915,5.5760329486136415,-2.2486157950033885,-140.7486157950034,-932.9471091280908,-926.1620779156539,184.08333333333331,0,1,0,184.08333333333331,1,0,0,0,0,139.60152320950516,138.5,5256.507155859787,5465.375000000001,5674.242844140214,7.643312458530786,0.32674451326405374,5236.059342677021,5520.89598664296,5805.7326306089,5242.5,5641.0,6039.5,2.5197421148925097,0.21404348282345553,5169.411722184126,5465.375000000001,5783.661722184126,6251911.0,83.19160878936492,-0.4553240512661844,1812603.8418953435,-147886.70249215327,5954049.429796117,5424.166666666667,70881819.66106932,989.0375125782925,-3.0824836984345034,6.592390088628909,-9.674873787063412,0.17475747953175963,-0.6930219469437866,104.43392207010653,10906.444078945084,5441.5,5441.5,0.6553279897832842,0.2574725588102972,-0.6016001534078149,10906.444078945084,5571.45,0.2,3.341205759943674,104.79111111111112,-0.013535760014633302,-0.04985905567300919,0.0007422527370568588,-0.025478857968919355,,,-0.013628203557772306,-0.048899593228087235,0.704416626753654,-0.07864988951387775,-0.011541096308635201
2026-01-09 00:00:00+05:30,5393.0,5415.0,5318.0,5387.5,15092,0.0,0.0,5465.200000000001,5727.790000000001,,,5508.191606962679,5637.098343896825,,,5493.3166666666675,5561.065490196078,5455.292585871899,5547.61607941269,5483.803449981155,5489.547192194988,5566.6941125541125,5388.354647705236,5490.005618084745,5523.53282030928,5371.382180572288,5597.954978987199,6383.13486557159,5510.708374964637,5497.4348395446295,5390.25,5535.75,5678.75,40.526783890769885,-32.72187605819545,2.9140072586602273,-35.635883316855676,17.409457186059882,28.631640134737037,-11.222182948677155,29.711923977597806,52.61540507150231,-90.36729036729037,-1.0196582766856512,-0.06492301984789464,-55.5,1155.596391194389,-25.026470588234588,39.968377727411855,-0.7610314570058386,-0.19635323621203918,-0.14866365693023686,-0.19582576804748741,4.409637040197949,-78.57024211000316,-175.57024211000316,-961.5008039345503,-939.3512198421743,127.74999999999999,0,1,0,127.74999999999999,1,0,0,0,0,136.55855726596906,97.0,5256.064083479337,5465.200000000001,5674.335916520665,7.6533673615115285,0.31423563849607,5232.006071945876,5508.191606962679,5784.377141979481,5242.5,5641.0,6039.5,2.633541121643997,0.21407167155318058,5165.990776020335,5465.200000000001,5784.615776020335,6236819.0,81.60797626771684,-0.4550885417254269,1819138.5223077147,-126276.8392499024,5091612.939825244,5373.5,70880280.51773536,988.93552852489,-9.41750999978738,0.2058910298208243,-9.623401029608205,0.17073924027147222,-0.7430574460157193,104.56795826033212,10934.45789473456,5441.5,5441.5,0.6552770801719388,0.24717258912723353,-0.5723567568358142,10934.45789473456,5549.55,-0.175,3.334953689487511,98.08666666666674,-0.0010198405340255956,-0.03682846160722264,-0.0006492301984789561,-0.014722019019751231,,,-0.0010203609252237937,-0.048899593228087235,0.704416626753654,-0.07864988951387775,-0.011541096308635201
2026-01-12 00:00:00+05:30,5387.5,5399.0,5300.0,5366.5,11663,0.0,0.0,5463.85,5701.240000000002,,,5494.697168204328,5626.486644136165,,,5483.916666666667,5546.897254901961,5434.6268950074955,5530.317933391165,5453.934163010394,5468.102024754896,5521.290952380952,5395.007923938806,5487.597537652318,5491.815408851254,5367.465232314552,5599.066865657564,6015.148150068604,5499.255154302238,5443.392989132513,5377.0,5525.25,5669.75,39.49094813282638,-40.31034869585528,-3.7395723031996866,-36.570776392655596,11.017601203700973,18.61394662826123,-7.596345424560255,9.83197023511237,30.20647490069953,-91.00743745774172,-1.7124542124542124,-0.5006025771762307,-93.5,1226.1963334308903,-66.66029411764703,44.21006744573166,-1.285620317282274,-0.7610314570058386,-0.14443473660666895,-0.18464662280775787,3.0159969210109563,-76.41735038000297,-175.41735038000297,-988.9719608033374,-951.1172220738448,80.5,0,1,0,80.5,1,0,0,0,0,133.8758031755427,99.0,5252.429217274148,5463.85,5675.270782725853,7.7388941030903995,0.2697719241579166,5225.957874617697,5494.697168204328,5763.436461790959,5242.5,5641.0,6039.5,2.8791536586847557,0.21449874543993494,5160.299745106343,5463.85,5783.924745106343,6225156.0,80.46947124448405,-0.44496616339535344,1823143.9970551895,-104682.25875388482,4329250.662707352,5355.166666666667,70875734.3831646,988.5457373415953,-15.482784328121376,-4.687506638810536,-10.79527768931084,0.13193409064685374,-0.9209123033683355,105.71039136292598,11174.686842102976,5441.5,5441.5,0.6474805151807979,0.16525135400751292,-0.5402730482699861,11174.686842102976,5524.05,-1.35,3.3279329376284226,91.59333333333343,-0.0038979118329466322,-0.05585855031667841,-0.005006025771762346,-0.0239177882866497,,,-0.0039055284904241355,-0.048899593228087235,0.704416626753654,-0.07864988951387775,-0.011541096308635201
2026-01-13 00:00:00+05:30,5366.5,5495.0,5356.5,5405.5,91086,0.0,0.0,5462.75,5677.910000000002,,,5486.202199803915,5617.8205012288645,,,5478.359523809524,5535.299607843137,5424.166981215932,5517.096818308028,5439.85765405513,5452.9444034101225,5478.415432900431,5399.779001292824,5484.897110386926,5472.594893722563,5368.348948694374,5587.750120914586,5833.088516755451,5492.081521995161,5409.936694900396,5386.0,5525.25,5669.75,42.43365762803882,-42.68524493680343,-4.891574835318266,-37.79367010148516,10.963889462875263,13.130315950878705,-2.1664264880034416,8.519384182063806,16.021092798257992,-85.73360378634212,-2.471808750563825,-0.4053431598341778,-137.0,1274.0570813037575,-94.51911764706074,43.526833298027,-1.521793214761304,-1.285620317282274,-0.14120843895236712,-0.17392174102579044,1.750364185378597,29.570842531426024,-108.92915746857398,-1030.818227191056,-977.4518109658203,16.166666666666664,0,1,0,16.166666666666664,1,0,0,0,0,134.20610294871824,138.5,5250.306447125629,5462.75,5675.193552874371,7.777897684293466,0.36525832574016726,5216.676172273154,5486.202199803915,5755.728227334676,5242.5,5641.0,6039.5,3.1148420279380584,0.21491192056434896,5154.243733912021,5462.75,5792.7437339120215,6316242.0,81.9861994367961,-0.4633302950317823,1796508.7407375,-94806.39749260759,4218265.425177731,5419.0,70941929.37058657,988.5457373415953,-9.057099246032138,1.3905427546229632,-10.447642000655101,0.9681122204956731,-0.5389666970393305,106.2217764371854,11283.065789471395,5441.5,5441.5,0.6653441576925015,0.13317616057101272,-0.5853916471537227,11283.065789471395,5509.578571428571,-1.1,3.320302057614431,86.2899999999999,0.00726730643808815,-0.027525411531888144,-0.004053431598341817,-0.030838189152846307,,,0.007241026811246994,-0.048899593228087235,0.704416626753654,-0.07864988951387775,-0.011541096308635201
2026-01-14 00:00:00+05:30,5424.5,5444.0,5386.5,5434.0,10733,0.0,0.0,5465.275,5659.180000000001,,,5481.230561727351,5610.61185412185,,,5475.621428571429,5525.734509803921,5420.6053104594275,5506.9121644872475,5436.077318222567,5442.416229997602,5443.970389610389,5403.942772031889,5483.927961820042,5445.871570510891,5372.68820560832,5588.927738093176,5776.492102553997,5487.752604420692,5399.857964586081,5419.75,5525.25,5669.75,44.55567568081707,-41.78597281860948,-3.1938421736994513,-38.59213064491003,13.793103448275861,11.9248647049507,1.8682387433251613,14.229811376822331,10.860388597999503,-81.87964841108857,-1.5758014852381814,0.938051453515371,-87.0,1231.6440392277082,-102.67941176470777,40.428417960836654,-1.5238788571901942,-1.521793214761304,-0.13804865499814634,-0.1642024157356382,0.6604556007699771,-16.939277830206265,-74.43927783020627,-1085.1616480162768,-1014.3738046566023,-34.583333333333336,0,1,0,-34.583333333333336,1,0,0,0,0,128.72709559523835,57.5,5255.615256857145,5465.275,5674.934743142854,7.672431602905783,0.42541486617511975,5226.4212987233295,5481.230561727351,5736.039824731373,5242.5,5641.0,6039.5,3.275128822300287,0.21360765571172305,5155.389813802261,5465.275,5793.014813802261,6326975.0,82.04261331248847,-0.45095844807366897,1803508.5233461955,-79920.30546544492,3659354.721580912,5421.5,70947588.24580626,989.0729781148818,-15.248298921223363,-3.8405255364546083,-11.407773384768754,0.11391895864931789,-0.298340535299521,104.82987157142723,10989.301973681928,5441.5,5441.5,0.6359555352965732,0.22848532588044188,-0.6049692048449523,10989.301973681928,5496.314285714286,2.525,3.315163821349107,79.158888888889,0.005272407732864748,-0.006036217303822977,0.009380514535153761,-0.024591635253993882,,,0.005258557253467051,-0.048899593228087235,0.704416626753654,-0.07864988951387775,-0.011541096308635201
2026-01-15 00:00:00+05:30,5434.0,5434.0,5434.0,5434.0,0,0.0,0.0,5470.2,5640.340000000002,,,5476.732412991413,5603.685899058249,,,5472.642857142858,5516.903921568627,5417.811241559348,5497.398514936444,5433.351511291775,5432.945616507709,5417.02922077922,5408.2053522947635,5478.632754704021,5429.550468557472,5376.778864211915,5591.490720597951,5724.474917440557,5483.7589448878925,5405.365435296697,5434.0,5525.25,5669.75,44.55567568081707,-40.60522146881431,-1.6104726591234169,-38.99474880969089,16.835699797160242,13.864230902770455,2.971468894389787,23.230209043898327,15.326468200928154,-81.87964841108857,-4.263565891472868,1.8461250117139911,-242.0,1082.2631814341776,-94.50588235294435,43.59836754509274,-1.387377362664708,-1.5238788571901942,-0.13487594492145316,-0.15567983266621244,-0.2565899481203124,-23.090809568748227,-23.090809568748227,-1130.867318579516,-1058.6331716329198,-62.41666666666667,0,1,0,-62.41666666666667,1,0,0,0,0,119.53230305272133,2.220446049250313e-16,5268.915597906081,5470.2,5671.484402093919,7.359306866071413,0.4100774833434214,5246.190698844917,5476.732412991413,5707.274127137909,5242.5,5641.0,6039.5,3.4757356697391684,0.210713700429954,5168.666342554015,5470.2,5788.291342554015,6326975.0,83.13888002761212,-0.4521480223226049,1803508.5233461955,-66565.05823020148,3136589.7613550676,,70947588.24580626,989.0729781148818,-22.549983937241038,-8.913768441977826,-13.636215495263212,0.0,-0.3596900666263137,100.64220104695977,10128.85263157667,5441.5,5441.5,0.6790612138141466,0.5128389032573446,-0.5632851145434715,10128.85263157667,5477.528571428572,4.925,3.306799615657874,72.81999999999995,0.0,0.007602447617281571,0.01846125011713995,-0.02028306139006586,,,0.0,-0.048899593228087235,0.704416626753654,-0.07864988951387775,-0.011541096308635201
2026-01-16 00:00:00+05:30,5434.0,5448.0,5374.5,5399.5,20471,0.0,0.0,5476.175,5621.710000000002,,,5469.37694508747,5595.678608899102,,,5465.909523809524,5507.459215686275,5409.412366640605,5485.8660787076,5422.528575766078,5420.553839875771,5394.992186147186,5411.760102348632,5471.812853800191,5399.593281075809,5377.905183262428,5596.7923666764045,5697.400117792115,5477.355890038942,5412.4285145982585,5416.75,5525.25,5669.75,42.36330553367995,-41.969530565485,-2.379825404635284,-39.58970516084972,16.56524678837052,15.731350011268873,0.8338967771016463,23.105188138046692,20.18840285292245,-86.54496281271129,-3.468311432913203,2.2632575757575757,-194.0,818.347546910386,-75.5926470588247,45.337716619790704,-1.3062592701471512,-1.387377362664708,-0.13235740061731116,-0.14875309708650697,-1.717670874852653,-0.8635510589274418,-74.36355105892744,-1170.6081009994741,-1105.5807102303527,-76.08333333333333,1,0,0,-76.08333333333333,1,1,0,0,0,116.24428140609838,73.5,5292.323436589699,5476.175,5660.026563410302,6.714597813630917,0.29147580097297127,5246.791584669211,5469.37694508747,5691.962305505728,5284.0,5661.75,6039.5,3.723351069011264,0.20827356583612236,5177.18449535536,5476.175,5791.93449535536,6306504.0,82.44541010259181,-0.45706310887199697,1796963.3736863316,-57132.72668663133,2587612.724018629,5407.333333333333,70934591.38345808,989.0729781148818,-25.318170171173584,-9.345563740728297,-15.972606430445287,0.7579297347930883,-0.8340967961081168,91.92578170515051,8450.349342102985,5441.5,5441.5,1.1655290898887152,0.5746316440034718,-0.4074495843251062,8450.349342102985,5445.378571428571,5.975,3.3017560844399036,68.64333333333343,-0.006348914243651138,0.0022273781902553136,0.022632575757575824,-0.03200071710290431,,,-0.006369154313478674,-0.048899593228087235,0.704416626753654,-0.07864988951387775,-0.011541096308635201
2026-01-19 00:00:00+05:30,5404.0,5404.0,5341.5,5371.0,8230,0.0,0.0,5474.3,5604.700000000001,,,5460.007712221996,5586.8676830599225,,,5455.892857142858,5497.627450980392,5397.277121034643,5472.896127265737,5406.641584430581,5406.149226142383,5374.881103896104,5413.852057746176,5448.078115824532,5379.0129685923985,5375.418705487431,5598.149305333969,5666.114489834495,5469.139203082658,5411.061481245129,5385.25,5525.25,5669.75,40.58664503236113,-44.83365272879746,-4.195158054358188,-40.63849467443927,13.725490196078432,15.708812260536396,-1.9833220644579637,16.051925380983256,20.795774187642756,-90.39891818796484,-5.506685432793807,-0.6933530553757974,-313.0,800.963568446261,-61.81764705882597,49.042839572326216,-1.3410058209166924,-1.3062592701471512,-0.13083211719592258,-0.14344888329307975,-3.1133592686258873,-33.74018662193885,-96.24018662193885,-1224.1073365054774,-1152.0366372799558,-112.0,0,1,0,-112.0,1,0,0,0,0,112.40540416280564,62.5,5286.8134671503285,5474.3,5661.786532849672,6.849698878383416,0.2245135465734304,5246.716195653096,5460.007712221996,5673.299228790896,5300.0,5669.75,6039.5,4.003662510923556,0.19073728523992978,5190.189130807856,5474.3,5779.064130807857,6298274.0,81.19552587652733,-0.46972682186143455,1796502.4936863317,-48226.80499274982,2184445.9063016823,5372.166666666667,70930247.3701235,988.545151464266,-30.04680858930017,-11.259361727083906,-18.787446862216264,0.3296786934629081,-1.1019458137062805,93.74326642483567,8787.799999997722,5441.5,5441.5,1.105137781435352,0.46552314233219944,-0.3940886973676175,8787.799999997722,5419.078571428571,-1.875,3.2947119575235253,65.46666666666654,-0.005278266506157925,0.000838535358240966,-0.006933530553758005,-0.035380747126436796,,,-0.005292245767355028,-0.048899593228087235,0.704416626753654,-0.07864988951387775,-0.011541096308635201
2026-01-20 00:00:00+05:30,5371.0,5385.5,5305.0,5345.0,19602,0.0,0.0,5469.925,5588.910000000001,,,5449.054596772283,5577.382675881103,,,5443.578571428572,5487.443137254902,5382.388386005412,5458.767546750176,5387.300197077411,5390.176698739495,5356.7945238095235,5413.741704374058,5428.715582674748,5364.154590631218,5372.716011154591,5594.94136884405,5653.394702367875,5459.419209263752,5398.088092924936,5358.0,5514.5,5669.75,38.98053400857786,-48.64077234132037,-6.401822133504879,-42.23895020781549,9.713770565697544,13.33483585004883,-3.6210652843512854,7.0515277139072605,15.40288041097907,-93.91480730223124,-3.8409642889268687,-1.6106764841233319,-213.5,923.6688017147699,-68.28529411764976,47.08241198476593,-1.5986581474814172,-1.3410058209166924,-0.13046456302042708,-0.13959385322839368,-4.5335713058806,-38.99158853309109,-119.49158853309109,-1308.8466944609886,-1204.8574813417347,-141.16666666666666,0,1,0,-141.16666666666666,1,0,0,0,0,110.12644672260524,80.5,5274.419373482524,5469.925,5665.430626517476,7.148384174096582,0.1805079162546937,5240.743224638516,5449.054596772283,5657.36596890605,5300.0,5669.75,6039.5,4.308053248657308,0.19050003264454612,5185.280786491878,5469.925,5777.030786491878,6278672.0,79.50656908310023,-0.4695615925895987,1796380.7421335366,-40237.957521801116,1799574.7768300136,5345.166666666667,70920758.41089803,988.545151464266,-31.688497171594328,-10.320840247502453,-21.367656924091875,0.7818532818532818,-1.277968334981226,97.75281325873804,9555.612499997713,5441.5,5441.5,0.9931780257084689,0.26965428338807146,-0.4279078429231056,9555.612499997713,5390.885714285715,-4.375,3.2921379852080417,66.82222222222214,-0.004840811766896325,-0.011192304134677644,-0.0161067648412333,-0.03961908184350016,,,-0.004852566446313778,-0.048899593228087235,0.704416626753654,-0.07864988951387775,-0.011541096308635201
2026-01-21 00:00:00+05:30,5340.0,5340.0,5190.5,5274.5,63777,0.0,0.0,5459.800000000001,5572.81,,,5432.4303494606365,5565.5049238857655,,,5424.966666666667,5475.113333333333,5357.072315961026,5440.129410646806,5353.652305410833,5367.733128807257,5335.341147186146,5409.6692673992675,5401.712121535092,5344.330343904435,5366.4722460112735,5577.813488954137,5622.9855786503695,5444.258672449258,5371.042141573047,5309.75,5479.25,5448.25,34.942692830910325,-56.6931791905472,-11.563383186185362,-45.129796004361836,10.660377956549578,11.36654623944185,-0.7061682828922731,1.9471349100125592,8.350196001634359,-83.7051406401552,-3.5211267605633805,-3.6972795325908345,-192.5,1167.9226133543307,-86.80000000000109,47.544910161377004,-1.9528613646461745,-1.5986581474814172,-0.13227243206687112,-0.13701754947882272,-6.228946079012418,-63.064218742650155,-212.56421874265016,-1225.6336844745424,-1243.6916412344915,-203.16666666666666,0,1,0,-203.16666666666666,1,0,0,0,0,113.29598624241916,154.5,5245.742850719988,5459.800000000001,5673.857149280014,7.841208442800567,0.06717166274692787,5214.529584196752,5432.4303494606365,5650.331114724521,5190.5,5615.0,6039.5,4.718764828746179,0.19230034125591924,5172.030694526272,5459.800000000001,5773.530694526273,6214895.0,32.423817306766125,-0.4459966748507031,1804272.8792572825,-30800.661969602806,900167.1658542976,5268.333333333333,70836637.20416276,988.545151464266,-23.511609300416858,-1.7151619010599823,-21.796447399356875,2.4905107778819118,-1.7313133490122905,107.02857464000623,11455.115789471383,5437.0,5437.0,0.716999678193567,0.17550164903462295,-0.5018301276528063,11455.115789471383,5355.3,-10.125,3.290828236876923,70.26888888888885,-0.01318989710009355,-0.029352226720647745,-0.03697279532590836,-0.052371541501976315,,,-0.01327765633728215,-0.048899593228087235,0.704416626753654,-0.07864988951387775,-0.011541096308635201
2026-01-22 00:00:00+05:30,5300.0,5362.5,5300.0,5327.0,13355,0.0,0.0,5454.1500000000015,5555.78,,,5422.389363797719,5556.151789615736,,,5412.319047619048,5465.473725490196,5345.123584555431,5426.706618479648,5340.303233623786,5353.23934304637,5319.308290043289,5403.6559879336355,5398.888888925532,5336.917930199251,5366.767452050048,5575.761120612148,5606.14099264644,5435.12088279657,5346.0016345775675,5300.75,5479.25,5448.25,39.93262849303845,-58.16793465144383,-10.430510917665593,-47.737423733778236,16.28639950578713,12.220182676011417,4.066216829775714,7.402214391364582,5.4669590050948,-73.52085354025219,-1.2238086408307065,-2.077205882352941,-66.0,1422.2768235223884,-98.97500000000036,51.34564204266595,-1.7023193799090937,-1.9528613646461745,-0.13434149826613284,-0.13542619851614449,-6.763244511574514,-29.69790177941468,-92.19790177941468,-938.6434671765455,-1205.2852602588475,-237.41666666666663,0,1,0,-237.41666666666663,1,0,0,0,0,111.48913008224638,88.0,5232.077204917442,5454.1500000000015,5676.222795082561,8.143259539343779,0.21371999899237717,5208.479147606586,5422.389363797719,5636.299579988852,5190.5,5615.0,6039.5,4.993353101924387,0.1957552052636873,5167.042842915658,5454.1500000000015,5765.792842915658,6228250.0,38.61960974246129,-0.44202621226849464,1802456.5992572824,-24717.79724646709,871734.3564465408,5329.833333333333,70849930.17032069,989.5405064742196,-27.149378675400875,-4.282345020835201,-22.867033654565674,0.5257687719726466,-1.1451200040304934,111.03639754127951,12329.081578945063,5434.0,5434.0,0.7121819306771981,-0.027011838510689914,-0.49000916876752265,12329.081578945063,5328.657142857143,-5.65,3.293993697858034,71.78444444444443,0.00995355009953558,-0.019690835480309143,-0.020772058823529393,-0.038013544018058676,,,0.009904339795135764,-0.048899593228087235,0.704416626753654,-0.07864988951387775,-0.011541096308635201
2026-01-23 00:00:00+05:30,5339.0,5344.5,5280.0,5298.5,15655,0.0,0.0,5446.925000000001,5540.86,,,5410.590376769365,5546.047797866099,,,5397.495238095238,5455.38431372549,5330.007969191166,5411.9711511719715,5322.645940330043,5336.935096297961,5305.105909090908,5395.187763413057,5393.697341766323,5326.782889227893,5359.776571577497,5573.567169055937,5597.353290122095,5424.316147598438,5324.890111329982,5312.75,5416.5,5437.25,38.21888010215466,-60.93399166894051,-10.55725434812981,-50.3767373208107,21.552834766611927,16.166537409649543,5.386297356962384,15.020508698322244,8.123285999899794,-78.11550151975683,-1.6519721577726219,-2.6547859636230022,-89.0,1604.2157755024637,-110.95147058823659,45.84172046071938,-1.4868266642306764,-1.7023193799090937,-0.13698456202045906,-0.13459840133989895,-7.373181953399268,-34.312487239499205,-98.8124872394992,-645.6141991570072,-1047.169199486695,-247.41666666666666,0,1,0,-247.41666666666666,1,0,0,0,0,108.13276364780022,64.5,5214.178859775368,5446.925000000001,5679.671140224634,8.545964566232604,0.18114401412468073,5204.76684783453,5410.590376769365,5616.4139057042,5190.5,5615.0,6039.5,5.147462999985587,0.19623924956151736,5162.959390280716,5446.925000000001,5755.584390280716,6212595.0,31.891801435604677,-0.4440491053246569,1795781.9868541816,-22106.02042012848,683462.6626684635,5307.666666666667,70841554.58368656,989.5405064742196,-29.69941689973621,-5.465906596136428,-24.233510303599783,0.614953726254262,-1.2754239435012764,116.37307011231638,13542.691447366104,5419.75,5419.75,0.6859841759822128,-0.21843379790649456,-0.3135338945530549,13542.691447366104,5298.635714285714,-7.225,3.2964674266115277,74.34888888888891,-0.005350103247606541,-0.018705435688489702,-0.026547859636230076,-0.19377662811929397,,,-0.005364466302108455,-0.048899593228087235,0.704416626753654,-0.07864988951387775,-0.011541096308635201
2026-01-27 00:00:00+05:30,5298.5,5579.0,5211.0,5359.5,17311,0.0,0.0,5441.900000000001,5528.15,,,5405.724626600854,5538.732197949782,,,5389.169047619048,5448.272156862745,5328.414388639545,5402.88474532406,5324.714039799525,5329.089918275536,5299.603333333333,5386.529466709761,5393.500134668432,5325.51785215857,5356.902980535242,5571.478079865621,5588.807145278098,5419.458365242599,5319.601591393631,5329.0,5370.75,5384.75,43.78020279249989,-57.54062902830174,-5.731113365992826,-51.80951566230891,30.62142948021149,22.820221250870183,7.801208229341306,45.664864356272545,22.695862481986456,-56.4993564993565,-0.1304388335041461,-1.8406593406593406,-7.0,1762.3124314806892,-103.60441176470613,44.75112175264017,-0.9451403484404284,-1.4868266642306764,-0.13852393985598344,-0.13430012366252297,-7.04625492932364,202.9464395090008,-165.0535604909992,-489.50439802089056,-813.9422358604231,-232.75,0,1,0,-232.75,1,0,0,0,0,126.69470910152879,368.0,5206.02389514388,5441.900000000001,5677.7761048561215,8.668887883133499,0.3253320317243184,5149.408100421718,5405.724626600854,5662.041152779991,5190.5,5615.0,6039.5,5.140460713426235,0.20092282796153152,5128.890988461735,5441.900000000001,5787.640988461735,6229906.0,36.85948816357174,-0.44899896103341225,1792442.0928324426,-20090.6215962586,736678.1394301116,5383.166666666667,70861484.20527758,989.5405064742196,-31.370749782518402,-5.709791583134894,-25.660958199383508,0.6652447928675735,-0.698671873102725,117.93805242806069,13909.384210523993,5402.5,5402.5,0.7772509778971173,-0.22073661108748532,-0.19189321031242068,13909.384210523993,5283.707142857143,-5.025,3.3015265136281555,75.4066666666667,0.011512692271397507,-0.002141128281511806,-0.018406593406593452,-0.19935763370182258,,,0.011446925516683424,-0.048899593228087235,0.704416626753654,-0.07864988951387775,-0.011541096308635201
2026-01-28 00:00:00+05:30,5450.0,5529.0,5360.0,5504.5,23316,0.0,0.0,5440.000000000001,5517.36,,,5415.131805019821,5537.389758814496,,,5395.130952380953,5447.344705882353,5353.69570352913,5405.579862808822,5364.710082813957,5338.558171612836,5316.109588744588,5382.224865330747,5397.5079459670615,5349.278056714897,5363.769530318174,5570.975255269512,5579.26820702361,5425.165992415539,5344.005875137357,5432.0,5389.5,5384.75,54.30894230431505,-42.65932634371802,7.320151454872715,-49.979477798590736,48.736274268189156,33.636846171670854,15.099428096518302,71.5959832982413,44.09378545094536,-19.17631917631918,1.831467949310887,-0.6856111862877763,99.0,1734.8251684611141,-84.21029411764721,51.33360686749223,-0.27332801718377076,-0.9451403484404284,-0.13601031207622905,-0.13407364111564327,-5.3547442263832625,134.59694815057173,-34.403051849428266,-451.80995051491243,-610.1151020078755,-162.41666666666669,0,1,0,-162.41666666666669,1,0,0,0,0,129.752229879991,169.5,5206.940486480179,5440.000000000001,5673.059513519823,8.568364467640508,0.6383766726058006,5150.940662286316,5415.131805019821,5679.322947753325,5190.5,5615.0,6039.5,5.038180057098071,0.21687859609453955,5125.564438309745,5440.000000000001,5786.064438309745,6253222.0,48.215622128030574,-0.4567957413542035,1808997.8324774131,-12171.98477252503,1114412.6909400956,5464.5,70924565.08968844,989.5405064742196,-31.110910094392775,-4.359961516007413,-26.750948578385362,1.2115354637568199,0.5535066904232027,116.52975675991087,13579.184210523994,5402.5,5402.5,0.8315674593739815,-0.026689161477034474,-0.21340340362845095,13579.184210523994,5305.392857142857,-1.9,3.3094502234078034,77.81111111111113,0.02705476257113526,0.029840972871842952,-0.006856111862877712,-0.1624315276932441,,,0.02669525237888356,-0.048899593228087235,0.704416626753654,-0.07864988951387775,-0.011541096308635201
2026-01-29 00:00:00+05:30,5530.0,5530.0,5384.0,5412.0,13111,0.0,0.0,5434.550000000001,5505.91,,,5414.833537875076,5532.472513370791,,,5392.464285714286,5443.21294117647,5358.978632919207,5401.107220605701,5373.993677708412,5337.1409988446285,5335.986212121211,5379.0801045033395,5397.622979366621,5353.156337027764,5364.562882070402,5569.556720865374,5570.327961619354,5424.216379667669,5375.471517659522,5458.25,5389.5,5384.75,48.11804633516466,-37.892957273531465,9.66921642004742,-47.562173693578885,60.446160446160434,46.60128806485369,13.844872381306743,86.65520591292226,67.97201785581203,-42.98584298584298,-0.4048582995951417,-1.9742800217351928,-22.0,1490.035674308579,-46.735294117646845,48.80982613940142,0.36287358039806106,-0.27332801718377076,-0.13245187487056498,-0.1338042999988779,-4.270686753160453,133.08309841477603,-12.916901585223968,-388.25306023512303,-486.0826594106226,-113.41666666666667,0,1,0,-113.41666666666667,1,0,0,0,0,130.91278488856307,146.0,5204.386008120547,5434.550000000001,5664.7139918794555,8.470397434174105,0.451013188866199,5147.993932544763,5414.833537875076,5681.673143205389,5190.5,5615.0,6039.5,4.869576490171249,0.22452832616838375,5114.343683647039,5434.550000000001,5789.968683647039,6240111.0,48.55764045319142,-0.4601462703271995,1800915.7091897419,-10397.583047754131,781958.3779486534,5442.0,70902532.79792716,987.8600632005345,-33.39785117905801,-5.317522080538115,-28.080329098519893,0.6729525530211263,-0.19594724453520435,115.08199593972705,13243.865789471354,5402.5,5402.5,1.000097410574151,0.3515002397404166,-0.13465241524564664,13243.865789471354,5308.292857142857,-5.45,3.312974161304611,76.97333333333336,-0.016804432736851616,0.026068821689259725,-0.019742800217351975,-0.15045914763362378,,,-0.01694722921977913,-0.048899593228087235,0.704416626753654,-0.07864988951387775,-0.011541096308635201
2026-01-30 00:00:00+05:30,5412.0,5519.0,5333.0,5492.0,24247,0.0,0.0,5425.350000000001,5497.009999999999,,,5422.182724744117,5530.885355983701,,,5397.935714285715,5442.667450980392,5378.296598856034,5403.146727406116,5402.710534726645,5345.173426992297,5365.612424242423,5379.314055160526,5399.003322648324,5375.189066834643,5371.481984734308,5430.66042562759,5564.2718658728645,5428.823426576126,5413.788134105089,5452.0,5389.5,5384.75,53.09780470071544,-27.345027577247492,16.17371689306512,-43.51874447031261,71.81467181467181,60.33236884300713,11.48230297166468,87.25956449317479,81.83691790144611,-22.393822393822393,1.0673536989326462,-3.2417195207892884,58.0,364.10455311972873,-28.792647058823604,52.964267888808756,0.7753069476461774,0.36287358039806106,-0.12640754261646903,-0.13314320466545101,-2.772006127766855,108.49979864123634,-77.50020135876366,-332.9453362255965,-417.0959592910929,-30.749999999999986,0,1,0,-30.749999999999986,1,0,0,0,0,134.84758596795143,186.0,5222.765099019563,5425.350000000001,5627.934900980439,7.468085966082844,0.664498932737427,5145.327843730976,5422.182724744117,5699.037605757258,5190.5,5448.25,5706.0,4.666136552164916,0.20650568553297063,5123.2939608047745,5425.350000000001,5738.5439608047745,6264358.0,54.55979311663297,-0.09925026412948636,1818123.2575768386,-3251.327578294091,947358.6096702744,5448.0,70938374.63089094,987.8600632005345,-32.098515394358934,-3.2145490366712295,-28.883966357687704,1.106789912130549,0.6579957309497083,101.2924504902189,10260.160526313446,5402.5,5402.5,0.9889192021364233,0.9944145836801184,-0.14657448381433952,10260.160526313446,5343.107142857143,-9.2,3.318233696206245,76.29444444444441,0.014781966001478297,0.03097428195982732,-0.03241719520789288,-0.1386449184441656,,,0.01467377759718311,-0.048899593228087235,0.704416626753654,-0.07864988951387775,-0.011541096308635201
2026-02-02 00:00:00+05:30,5532.0,5532.0,5440.0,5498.5,12455,0.0,0.0,5420.600000000001,5488.87,,,5429.451036673249,5529.615342023556,,,5404.9023809523815,5442.725882352941,5396.320633567532,5405.665861938286,5428.140800920227,5353.606578719586,5399.416017316017,5382.433167420814,5401.724742105332,5399.075822374201,5377.972887293747,5417.936432505456,5555.762154481259,5433.552811873883,5445.691852775199,5495.25,5389.5,5384.75,53.488430564912555,-18.250837329991555,20.214325712256844,-38.4651630422484,71.29987129987128,67.85356785356784,3.446303446303446,85.84729355496468,86.58735465368724,-20.72072072072072,1.8335031021390868,-1.6983999284884241,99.0,-112.55512489233388,3.8397058823538828,53.29676227970038,1.2296993024336675,0.7753069476461774,-0.11847454646470856,-0.1317701412508717,-1.2433568235599202,108.92839883534543,16.928398835345433,-307.7038617886179,-366.9851008708282,18.583333333333336,0,1,0,18.583333333333336,1,0,0,0,0,131.78704411309778,92.0,5230.548317278553,5420.600000000001,5610.651682721449,7.0122009637843705,0.7049442522278901,5161.43947766136,5429.451036673249,5697.462595685139,5190.5,5448.25,5706.0,4.420970558192952,0.20086177347949238,5123.186487235689,5420.600000000001,5725.436487235689,6276813.0,58.190936254250786,-0.07068419770837467,1821507.7684464038,1044.605624828022,823587.022574521,5490.166666666668,70939848.72957994,987.9784171699445,-34.17627424695622,-4.233846311414808,-29.94242793554141,0.5901193505133635,0.8197770089115621,95.02584136072376,9029.910526313439,5402.5,5402.5,1.067177248908251,1.8740065533137698,-0.20012917884020318,9029.910526313439,5373.507142857143,-4.75,3.32389781839784,74.14000000000003,0.001183539694100455,0.03774653203736911,-0.016983999284884255,-0.13149581424735424,,,0.0011828398631274298,-0.048899593228087235,0.704416626753654,-0.07864988951387775,-0.011541096308635201
2026-02-03 00:00:00+05:30,5615.0,5718.5,5531.0,5681.0,33387,0.0,0.0,5420.450000000002,5486.38,,,5453.408080799607,5535.551995277535,,,5429.702380952382,5450.2603921568625,5445.108375056378,5422.167122439628,5496.363919322495,5382.2996886632445,5452.309307359307,5392.69437513467,5429.449099604916,5457.925744052849,5395.287676027325,5420.305741654369,5551.314103764914,5448.343585853382,5491.339343125057,5589.75,5477.75,5454.5,62.84504545401207,3.6406318076597017,33.68463587992648,-30.04400407226678,83.26106138606139,75.45853483353483,7.802526552526558,96.50310996665938,89.86998933826628,-7.102272727272729,5.771737106684044,-0.05277973258268825,310.0,48.63482131337787,43.1941176470591,57.53015679399838,1.6868590644587396,1.2296993024336675,-0.10542053095519144,-0.12898747102140107,1.3218051536346191,258.58148471601,71.08148471600998,-283.85480296753065,-325.56770987184706,87.83333333333333,0,1,0,87.83333333333333,1,0,0,0,0,138.0879695335908,220.0,5231.270914697794,5420.450000000002,5609.629085302209,6.980198518654633,1.1886332058952978,5169.01667026504,5453.408080799607,5737.799491334174,5190.5,5454.5,5718.5,4.22257950962253,0.22641498737660729,5121.388873022713,5420.450000000002,5727.763873022713,6310200.0,49.6219540926108,-0.07261625093353621,1841539.9684464037,9080.950514757307,1576378.5193495895,5643.5,71050663.08804134,987.9784171699445,-29.555778063837927,0.30931989736279064,-29.865097961200718,1.4134097605581333,2.754532823581184,94.58954265110401,8947.181578945025,5402.5,5402.5,1.0446414434622946,1.7882017787280289,-0.4856240522646477,8947.181578945025,5448.207142857143,-0.15,3.3345708125248534,81.87666666666664,0.033190870237337355,0.05998693908013797,-0.000527797325826862,-0.08687615526802217,,,0.03265194580613764,-0.048899593228087235,0.704416626753654,-0.07864988951387775,-0.011541096308635201
2026-02-04 00:00:00+05:30,5681.0,5759.0,5601.0,5706.5,20430,0.0,0.0,5427.850000000001,5485.9,,,5477.512073104407,5542.255838599985,,,5456.945238095239,5458.892549019608,5491.811189517257,5439.7583788694465,5558.631806756388,5411.914829599216,5518.831688311687,5409.14893557423,5464.738550928099,5522.74233985734,5414.76659069292,5427.043995358336,5550.478064686529,5463.666224073344,5548.87618887319,5693.75,5490.5,5474.75,63.93669998178286,22.78476709433562,42.26301693328192,-19.4782498389463,87.64739268532144,80.7361084570847,6.911284228236738,98.58772906178986,93.6460441944713,-9.234828496042214,6.76333021515435,2.6625888279212018,361.5,513.5658495095431,82.08823529411893,59.03585234353744,2.1346484340427794,1.6868590644587396,-0.08841651374933424,-0.1241145912083414,3.7438587139867865,263.85555832800856,105.85555832800856,-249.31567988412095,-294.22972427033574,144.58333333333331,0,1,0,144.58333333333331,1,0,0,0,0,139.5102574240486,158.0,5207.005663299641,5427.850000000001,5648.694336700361,8.137451723992376,1.1308742260800395,5190.1103207159895,5477.512073104407,5764.913825492825,5190.5,5474.75,5759.0,4.055660488144183,0.21085652192645238,5123.368678228032,5427.850000000001,5732.743678228032,6330630.0,51.511802506562375,-0.03096529775178872,1848393.0697122265,13723.537416603183,1425605.1594425053,5688.833333333333,71059833.39256519,988.4272818064521,-29.309299437365784,0.44463881906795066,-29.753938256433734,0.8618653077065861,2.523496904320153,110.42216835018029,12193.055263155558,5402.5,5402.5,1.335255781800937,1.9269474149704882,-0.614781925800024,12193.055263155558,5515.135714285714,7.4,3.3450019343500648,90.3944444444444,0.004488646365076621,0.03669724770642202,0.026625888279212084,-0.06976933735430757,,,0.004478602436527873,-0.048899593228087235,0.704416626753654,-0.07864988951387775,-0.011541096308635201
2026-02-05 00:00:00+05:30,5706.5,5902.0,5611.5,5884.0,50074,0.0,0.0,5448.700000000001,5489.29,,,5516.225208999225,5555.657570419594,,,5500.388095238096,5474.50431372549,5564.1886753728295,5470.055792622818,5655.103645696536,5459.537253417192,5606.963203463203,5435.120464339582,5567.68938317036,5610.195450347117,5441.324763606923,5469.903662960113,5558.69014824559,5485.98715167385,5631.988908722302,5795.25,5579.25,5546.25,70.44591802965786,51.68362218111179,56.92949761604647,-5.245875434934684,93.7110107658053,88.20648827906271,5.504522486742587,99.99999999999999,98.36361300948307,-2.5298664792691494,11.555597686984548,7.627583683921712,609.5,1724.34227525066,130.00147058823677,68.68110462913754,2.571101152702688,2.1346484340427794,-0.0652218607465671,-0.11643463148394521,7.0864277746904865,351.3047642811498,60.8047642811498,-217.86168208991893,-265.3177515969734,210.58333333333331,0,1,0,210.58333333333331,0,0,0,1,0,150.29523903661658,290.5,5147.994268690975,5448.700000000001,5749.405731309026,11.037705555784878,1.223797311918634,5200.861718743038,5516.225208999225,5831.588699255412,5190.5,5546.25,5902.0,3.8815700786027034,0.2238869327028128,5113.746670347822,5448.700000000001,5768.871670347822,6380704.0,59.17496887775659,0.14443235018411263,1892261.6858912283,28333.379259167472,2491680.850950719,5799.166666666667,71215587.97067787,988.4272818064521,-20.451777441913872,7.441728651615893,-27.893506093529766,2.242042437349166,2.895189247674533,150.35286565451287,22605.984210523995,5402.5,5402.5,1.6955536657698727,2.850064649392776,-0.4928516102208238,22605.984210523995,5603.7642857142855,20.85,3.3609625325063615,106.5466666666666,0.0311048803995444,0.08721359940872131,0.07627583683921713,-0.032157249773830054,,,0.030630926727673445,-0.048899593228087235,0.704416626753654,-0.07864988951387775,-0.011541096308635201
2026-02-06 00:00:00+05:30,5884.0,5884.0,5737.0,5845.5,18202,0.0,0.0,5471.325,5491.19,,,5547.58471290406,5567.023940207061,,,5538.178571428572,5488.473333333333,5619.353114584554,5495.699724668706,5723.147314916998,5499.311335052763,5697.0546753246745,5467.009128420599,5620.8179497650835,5684.700645552153,5467.057125818416,5486.541925810406,5560.477554662452,5505.908506245885,5714.569223825489,5864.75,5579.25,5546.25,67.59600605137324,70.66496309318882,60.7286708224988,9.936292270690018,93.43144508084607,91.59661617732426,1.8348289035218102,97.32426940338445,98.63733282172475,-7.940969782150386,9.733433452224517,8.39050621175598,518.5,2639.303750710361,191.56323529411839,68.30001410782641,2.9976535830718136,2.571101152702688,-0.03903516678713803,-0.10555136534690954,10.004538571882096,291.1897979552714,144.1897979552714,-199.6119982736297,-236.30358753154002,286.41666666666663,0,1,0,286.41666666666663,0,0,0,1,0,150.0598648197154,147.0,5123.815473436162,5471.325,5818.834526563837,12.702938559264435,1.0383665358757643,5234.25584076751,5547.58471290406,5860.913585040611,5190.5,5546.25,5902.0,3.647969403118514,0.21797215374874154,5131.231302653258,5471.325,5788.481302653257,6362502.0,65.10980928036872,0.18317298333150905,1900929.3049388472,34492.2497772621,2035615.4436720447,5822.166666666667,71203678.09644265,987.7729650151537,-21.986978206505647,4.725222309619298,-26.712200516124945,0.7976756008203763,2.1534661435030586,173.75476328191863,30190.717763155582,5408.75,5408.75,1.3603757213895065,0.9917043087301465,-0.28353767291154286,30190.717763155582,5671.885714285714,22.625,3.3718100107977476,119.30000000000005,-0.006543167912984371,0.06436635105608168,0.08390506211755988,-0.05389657683903859,,,-0.006564668274454532,-0.048899593228087235,0.704416626753654,-0.07864988951387775,-0.011541096308635201
2026-02-09 00:00:00+05:30,5845.5,5870.0,5748.5,5823.5,14020,0.0,0.0,5493.124999999999,5492.660000000001,,,5573.86235929415,5577.081824904823,,,5571.719047619048,5501.505098039215,5662.5706885008685,5518.218095273665,5771.806327992045,5533.659913278987,5775.546666666666,5502.790269338505,5660.942544756362,5742.1101078805195,5486.5058659824,5499.467658093011,5560.094324700899,5524.035278077592,5778.42873509338,5834.5,5579.25,5546.25,65.9540419255507,82.97609955600547,58.43184582825236,24.54425372775311,92.83204497540407,93.3248336073518,-0.49278863194773237,93.1069285102106,96.81039930453167,-11.03302881236824,9.90846465980938,8.092807424593968,525.0,3128.5989453233456,243.20588235294326,71.34243873106672,3.391211500218649,2.9976535830718136,-0.011936328056760814,-0.09148607514699592,12.198744877925769,244.2341125330895,122.7341125330895,-192.6235756132106,-212.8144360374048,363.5,0,1,0,363.5,0,0,0,1,0,148.01987447545,121.5,5114.451571054338,5493.124999999999,5871.79842894566,13.78717684180356,0.9362268048749327,5267.231474980129,5573.86235929415,5880.493243608172,5190.5,5546.25,5902.0,3.3492127688388518,0.2190331349629044,5150.345696580119,5493.124999999999,5813.720696580119,6348482.0,63.81111005775582,0.17683434576553114,1904217.9469141557,34922.514728875365,1700750.3802903243,5814.0,71198401.55893517,987.3966071330221,-24.379952671848933,1.8657982754208113,-26.245750947269745,0.6188397416939966,1.7449072194997306,189.3367144728304,35848.391447366106,5423.0,5423.0,1.0472205359531799,-0.16888301928587846,-0.03366874969240112,35848.391447366106,5728.907142857142,21.8,3.3808573322460407,130.84333333333342,-0.0037635788213155053,0.05910702918977906,0.08092807424593973,-0.036562163950699,,,-0.0037706789041670246,-0.048899593228087235,0.704416626753654,-0.07864988951387775,-0.011541096308635201
2026-02-10 00:00:00+05:30,5880.0,5929.0,5823.5,5840.0,9806,0.0,0.0,5516.8,5495.080000000001,,,5599.208801266136,5587.392341575222,,,5604.754761904763,5515.126274509804,5702.401213284964,5540.743176181552,5814.338104892699,5567.314994414841,5839.640584415583,5541.160286576169,5694.4194308159695,5783.385335701422,5511.407596728188,5509.670847000009,5560.19248651356,5542.102232341418,5816.547569739603,5831.75,5579.25,5559.75,66.60915458206722,92.99221958179078,54.758372683230135,38.23384689856064,89.65818191737667,91.9738906578756,-2.315708740498934,89.50466099215424,93.31195296858309,-12.051455653351384,8.965388562365892,8.823255380601882,480.5,3543.5914625155424,279.93970588235516,66.79639036780448,3.7919630921278866,3.391211500218649,0.015332522821620564,-0.0746702046027904,14.230691062834211,272.6292393140757,167.12923931407568,-186.19876714812355,-198.0885995019538,438.25,0,1,0,438.25,0,0,0,1,0,144.98274058434643,105.5,5113.081051381441,5516.8,5920.518948618559,14.635982766044044,0.9002784624129262,5301.685620220116,5599.208801266136,5896.731982312156,5190.5,5559.75,5929.0,2.9523568274560215,0.21715011197411274,5175.873795269738,5516.8,5840.8737952697375,6358288.0,68.62089440417998,0.15510159134308885,1897479.2265350088,29779.619840363273,1480900.1831059924,5864.166666666667,71201179.93963405,987.6799418973392,-27.650840129263994,-1.1240713455953966,-26.526768783668597,0.44766443884445417,1.6011138496517032,201.85947430927965,40747.24736841873,5434.0,5434.0,0.7825012045288643,-0.8788888005636436,0.20398748736003858,40747.24736841873,5780.664285714286,23.675,3.3866566947872685,143.05333333333328,0.0028333476431698923,0.027988030276359765,0.08823255380601891,-0.025854879065888237,,,0.002829341279566169,-0.048899593228087235,0.704416626753654,-0.07864988951387775,-0.011541096308635201
2026-02-11 00:00:00+05:30,5840.0,5862.0,5764.5,5836.0,7171,0.0,0.0,5538.325,5498.920000000001,,,5621.760344002695,5597.141661513449,,,5635.154761904762,5528.495686274509,5735.528684019474,5561.688868820965,5846.373616043667,5597.9759542285965,5885.87,5580.657963800906,5714.19708776081,5828.777208491763,5538.607298817278,5539.589962640982,5560.225626969093,5559.175051875255,5831.773809774139,5838.0,5591.25,5570.0,66.2762123847799,99.46077835319738,48.981545163709384,50.479233189488,87.98762309824203,90.15928333034091,-2.171660232098887,87.86754755776494,90.15971235337659,-12.952646239554323,6.022345353801435,7.964110628064009,331.5,3720.076660792521,295.4573529411782,68.07984056367935,3.3070060879179692,3.7919630921278866,0.041760186970529745,-0.05531330884266877,15.843978975006145,179.96791941206448,82.46791941206448,-175.31757763604938,-188.7623769053912,486.66666666666663,0,1,0,486.66666666666663,0,0,0,1,0,141.59111625689312,97.5,5114.2018457157865,5538.325,5962.448154284213,15.31593592951708,0.850929909146769,5334.001275437249,5621.760344002695,5909.519412568141,5190.5,5559.75,5929.0,2.248672195025402,0.21751369917220767,5200.27878842058,5538.325,5855.02878842058,6351117.0,81.8317080370638,0.26385774855426847,1900825.6932016753,26033.25497624185,1265245.2998051364,5820.833333333333,71200688.7752505,987.6114487466542,-31.314114311716317,-3.8298764224381756,-27.48423788927814,0.3534201071447933,1.403719636587076,212.06157714210667,44970.11249999765,5463.0,5463.0,0.5432348638026265,-1.3471680596180777,0.3592741490141975,44970.11249999765,5828.814285714286,21.525,3.386541886296339,155.2133333333334,-0.00068493150684934,0.02269341978445638,0.07964110628064014,-0.03441429516876238,,,-0.0006851661795965015,-0.048899593228087235,0.704416626753654,-0.07864988951387775,-0.011541096308635201
2026-02-12 00:00:00+05:30,5836.0,5850.5,5769.0,5833.5,6703,0.0,0.0,5558.3,5502.490000000002,,,5641.926025526248,5606.410615963903,,,5663.266666666667,5541.616470588235,5763.104425967501,5581.253594907835,5870.097038182962,5626.0096732442735,5918.164047619048,5619.742058823529,5746.632205146875,5861.750807683024,5567.446228275424,5547.520434525955,5560.67697342433,5575.335814824603,5835.208792950279,5834.75,5591.25,5570.0,66.05398445502053,103.19585114158508,42.17329436167766,61.02255677990742,87.23168748416606,88.29249749992825,-1.0608100157621863,87.54218781085589,88.30479878692502,-13.3008356545961,7.788248337028825,7.351858667648141,421.5,3855.7396772634584,295.71911764706056,67.51659400322568,2.7872575832911934,3.3070060879179692,0.0666447625220945,-0.03386305271616171,16.424702019155802,146.82964521034046,65.32964521034046,-158.8071313768677,-179.07723275973734,514.5,0,1,0,514.5,0,0,0,1,0,137.29889366711507,81.5,5117.55978531328,5558.3,5999.04021468672,15.85881347486533,0.8122020533066324,5366.048773014653,5641.926025526248,5917.803278037843,5190.5,5559.75,5929.0,1.5137390445925447,0.2179551142037242,5217.030425885834,5558.3,5877.780425885833,6344414.0,78.83472569676701,0.258670781674468,1904732.3496433932,23377.01867453498,1082102.042690117,5817.666666666667,71200401.635086,987.5686111866817,-34.62377193604424,-5.711627237412877,-28.912144698631366,0.3411282729840454,1.2488082132265304,220.3701073433598,48562.98421052392,5495.25,5495.25,0.3278035482885459,-1.6451959093719155,0.456135086952789,48562.98421052392,5873.2,19.975,3.38807492569393,167.29333333333324,-0.0004283755997258609,-0.008582596872875548,0.07351858667648137,-0.02523184894310304,,,-0.0004284673787646176,-0.048899593228087235,0.704416626753654,-0.07864988951387775,-0.011541096308635201
2026-02-13 00:00:00+05:30,5746.5,5821.0,5715.0,5811.5,11484,0.0,0.0,5577.175,5506.130000000001,,,5658.075927857082,5614.453336906496,,,5687.380952380953,5553.734509803921,5782.325344650875,5598.010185817077,5881.906722879066,5649.383273402398,5935.006645021644,5656.962328162034,5759.839481027933,5886.774540284641,5593.644415401878,5555.04647386962,5562.0227258836285,5589.625318892629,5832.443592755342,5822.5,5621.75,5570.0,64.01965337865091,103.19118337018881,33.7349012722251,69.45628209796371,85.79387186629526,87.00439414956779,-1.2105222832725246,83.11133790471742,86.17369109111274,-16.364902506963787,5.81755280407866,6.947000368053,319.5,3892.161468615688,277.99852941176596,69.10221282134093,2.07154904639387,2.7872575832911934,0.08908612165721141,-0.0108007562581706,17.019494531915317,101.92541018029169,-4.074589819708308,-139.97853951081845,-165.7377874474627,480.16666666666663,0,1,0,480.16666666666663,0,0,0,1,0,135.95611554803543,118.5,5126.624193822318,5577.175,6027.725806177682,16.156954234991076,0.76004281513547,5385.901270822783,5658.075927857082,5930.250584891382,5190.5,5559.75,5929.0,0.9149038422255066,0.21917991771793294,5220.577825331048,5577.175,5907.827825331048,6332930.0,79.72374220295252,0.27469575619840064,1914157.8968132045,23164.230771091767,891423.4651629573,5782.5,71196070.65025699,987.5686111866817,-35.488766672674664,-5.26129757923464,-30.227469093440025,0.6250408203252563,1.0401712605418811,225.2754030888407,50749.007236839665,5501.5,5501.5,0.1197345589458582,-1.8037173082617182,0.5112465276005206,50749.007236839665,5907.7928571428565,18.875,3.3852881806366977,172.7133333333334,-0.0037713208194051218,-0.0058164399965785485,0.06947000368053002,-0.021138622199764145,,,-0.0037784501801489826,-0.048899593228087235,0.704416626753654,-0.07864988951387775,-0.011541096308635201
2026-02-16 00:00:00+05:30,5809.5,5857.0,5714.0,5834.5,9158,0.0,0.0,5598.925,5510.9800000000005,,,5674.878220442122,5623.082617812123,,,5711.888095238096,5566.611764705882,5802.496433689638,5615.575173910051,5895.641829830418,5673.518917907319,5940.82712121212,5692.296760396466,5775.510134208297,5896.415060257532,5621.442673621413,5569.717010988673,5563.312647516431,5604.3597054975335,5830.022814120915,5823.0,5648.0,5631.0,65.22544975355335,103.8463162174412,27.512027295581987,76.33428892185921,84.8261857134845,85.95058168798194,-1.124395974497432,79.63053229528646,83.42801933695324,-15.855704697986573,6.110757479312539,8.056301509399018,336.0,3941.777273610301,263.03529411764885,68.10042557551132,1.4837258672670537,2.07154904639387,0.10944480649754951,0.013073170125467283,17.00150722570926,121.43606586882106,-21.56393413117894,-126.65978492150211,-149.9247840554873,467.16666666666663,0,1,0,467.16666666666663,0,0,0,1,0,136.4592501517472,143.0,5142.527749789188,5598.925,6055.322250210812,16.303031393019616,0.7580810904219808,5401.386864077756,5674.878220442122,5948.369576806488,5190.5,5559.75,5929.0,0.781934670900939,0.2161455456292996,5230.729634789636,5598.925,5935.354634789635,6342088.0,79.15955916911052,0.315383211530662,1920434.0087013163,22968.286704892293,794167.8272825349,5801.833333333333,71199695.08456828,987.9643782003615,-37.030228217249295,-5.442207299047418,-31.588020918201877,0.5075511957214509,1.032324361687924,228.1986251054057,52074.6124999975,5592.75,5592.75,-0.09207281599312477,-1.8322651889896304,0.5616919910715648,52074.6124999975,5937.814285714286,21.75,3.3822771603123747,182.3533333333333,0.0039576701367978195,0.0018888984287799282,0.08056301509399022,-0.01202269071204809,,,0.00394985916239944,-0.048899593228087235,0.704416626753654,-0.07864988951387775,-0.011541096308635201
2026-02-17 00:00:00+05:30,5850.0,5850.0,5755.0,5770.0,4612,0.0,0.0,5618.875000000001,5515.09,,,5683.937437542872,5628.8440837802755,,,5728.1809523809525,5576.769411764706,5807.597969762732,5627.166575569254,5888.291616769842,5688.439326642346,5929.636515151515,5723.866497522085,5775.290063857034,5890.423149756814,5641.562568773515,5576.314857067722,5563.868128825673,5614.889956257381,5820.730555986323,5802.25,5648.0,5631.0,59.23068746848058,98.0308639898767,17.357260054413985,80.67360393546272,80.36718014868545,83.66241257615506,-3.295232427469614,67.42998826695293,76.72395282231894,-26.67785234899329,1.5666255940855482,7.428784211506237,89.0,3901.643250357847,239.2117647058849,62.679197593346835,0.9489961617301373,1.4837258672670537,0.1261650477820453,0.03691556585117612,15.804734867497986,109.51662788756039,14.51662788756039,-120.5310542947429,-135.43580575604193,421.99999999999994,0,1,0,421.99999999999994,0,0,0,1,0,133.49787514090812,95.0,5169.600863197102,5618.875000000001,6068.1491368029,15.991604611346546,0.6681879587766022,5418.397638927493,5683.937437542872,5949.477236158252,5190.5,5559.75,5929.0,0.9378412607153527,0.22036895328572675,5248.196050566399,5618.875000000001,5960.946050566399,6337476.0,75.59696561062411,0.31137769820152983,1917278.429753948,19796.05385774863,638218.9948136015,5791.666666666667,71194596.54998948,986.8588850132846,-40.282043505226795,-6.9552180696199315,-33.326825435606864,0.30410127917710666,0.6727518351064093,224.6370684014494,50461.81249999746,5693.75,5693.75,-0.3064594747375322,-1.7042348139715475,0.5703804338567994,50461.81249999746,5946.792857142857,19.95,3.3717946366404483,185.79333333333332,-0.01105493187076867,-0.011986301369863006,0.07428784211506234,-0.006114891051589022,,,-0.011116491744016717,-0.048899593228087235,0.704416626753654,-0.07864988951387775,-0.011541096308635201
2026-02-18 00:00:00+05:30,5770.0,5830.0,5721.0,5820.5,7698,0.0,0.0,5642.65,5522.2699999999995,,,5696.943395872122,5636.360002063402,,,5747.383333333334,5588.746274509804,5820.5940301784585,5641.969454877777,5893.593612691704,5707.840550815539,5912.433030303029,5753.270834949364,5777.631375435842,5877.716183113309,5663.736585684357,5593.37456113753,5567.512560773573,5627.608579776323,5814.074909676128,5795.25,5688.0,5631.0,62.162860073585755,96.38592718491964,12.569858599565535,83.8160685853541,79.7539149888143,81.64909361699475,-1.895178628180446,59.54771900708454,68.86941318977463,-18.20469798657718,1.9977218960834136,8.896164639850328,114.0,3809.8803223309187,224.52205882353155,66.90875286244243,0.32597093702301605,0.9489961617301373,0.14066835225332586,0.05979225618449756,14.662047112860414,78.0856810464802,-30.914318953519796,-115.22185779547853,-124.93034595646449,390.16666666666663,0,1,0,390.16666666666663,0,0,0,1,0,131.74802691655754,109.0,5204.204288303269,5642.65,6081.09571169673,15.540418480562524,0.702818724479871,5435.931197124874,5696.943395872122,5957.95559461937,5190.5,5559.75,5929.0,0.8723705623500659,0.21873696146236649,5266.188290559047,5642.65,5986.063290559048,6345174.0,77.1396468363939,0.33846625389497736,1923634.5765429388,18721.091320618987,602580.4241259443,5790.5,71201333.96766712,986.8588850132846,-41.53337187107037,-6.565237148370805,-34.96813472269957,0.5540999654497294,0.8112748979194839,219.22285584836538,48058.660526313186,5738.25,5738.25,-0.5332046297579259,-1.451740955289334,0.5906263977810816,48058.660526313186,5956.85,23.775,3.3629922808822212,196.27333333333337,0.008752166377816284,-0.0026559287183002267,0.08896164639850324,0.01570543582584416,,,0.008714088186150418,-0.048899593228087235,0.704416626753654,-0.07864988951387775,-0.011541096308635201
2026-02-19 00:00:00+05:30,5817.5,5858.0,5611.0,5667.5,6213,0.0,0.0,5662.3,5527.200000000001,,,5694.13926293192,5637.581178453072,,,5749.750000000001,5594.441568627451,5803.476573691755,5644.143939845194,5856.573665137857,5708.347779477742,5875.86,5776.041171083818,5760.595106913923,5840.7432132929935,5673.041033304578,5658.691400655762,5569.31412536109,5630.378586861457,5791.352413769843,5744.0,5691.25,5684.5,50.34812073176174,81.7936157031445,-1.6179623057676906,83.41157800891219,67.21365568228087,75.7782502732602,-8.564594590979326,34.008035314187,53.66191419607482,-53.47648261758691,-3.6794697484704284,7.450943217366575,-216.5,3492.1510826932767,212.15588235294308,61.127214684509795,-0.2954250100022393,0.32597093702301605,0.1497211357316175,0.0807651786865815,12.180140199303942,118.14486946841134,-128.85513053158866,-109.44683674084797,-117.93540764046548,298.3333333333333,0,1,0,298.3333333333333,0,0,0,1,0,139.980310708232,247.0,5259.552802290137,5662.3,6065.047197709863,14.225569034133233,0.5064556625465907,5410.937749779648,5694.13926293192,5977.340776084192,5211.0,5570.0,5929.0,1.313157447023126,0.23729894496506684,5277.782994538175,5662.3,6022.032994538175,6338961.0,72.40276488372955,0.36428444605990185,1920263.9611583233,15506.947994814022,380699.077822238,5712.166666666667,71185002.22640778,984.2302448620949,-43.22539600667278,-6.605809027178566,-36.619586979494215,0.6535390829625422,0.025822650186362685,201.37359885493137,40551.32631578681,5738.25,5738.25,-0.6568411834772179,-1.1760884596159384,0.5348944881206348,40551.32631578681,5924.65,19.65,3.346184608599268,197.52333333333337,-0.02628640151189765,-0.02845632981914803,0.07450943217366568,-0.008224691574066023,,,-0.02663806530661166,-0.048899593228087235,0.704416626753654,-0.07864988951387775,-0.011541096308635201
2026-02-20 00:00:00+05:30,5689.0,5689.5,5611.0,5648.0,4611,0.0,0.0,5678.35,5532.379999999999,,,5689.7450474145935,5637.9897596902065,,,5748.388095238096,5599.178823529412,5784.693562157816,5644.687716334001,5819.715353260686,5706.503651810998,5827.904999999999,5792.518453996984,5744.374983884982,5805.672431074613,5681.804130037732,5672.83718643433,5573.230454769231,5631.621624665397,5757.092987902297,5657.75,5766.0,5730.0,49.0680906397861,67.87321650000831,-12.430689207123109,80.30390570713142,52.57193477348633,66.51316848152716,-13.941233708040826,17.41794664927009,36.99123365684721,-70.60301507537689,-3.3786673509537253,6.025905763093673,-197.5,3139.5006644076816,187.59852941176723,59.35455484681016,-0.8683238497556114,-0.2954250100022393,0.15400670125647054,0.09920329305471833,9.294823489692805,-37.23296902707625,-115.73296902707625,-103.0232745280099,-112.14861964923429,209.5833333333333,0,1,0,209.5833333333333,0,0,0,1,0,135.5888599433583,78.5,5307.546732541522,5678.35,6049.153267458479,13.060246989300706,0.45907533365600817,5418.56272599111,5689.7450474145935,5960.927368838077,5211.0,5570.0,5929.0,1.6948789947732827,0.23732175478921197,5291.750889906694,5678.35,6040.000889906694,6334350.0,69.18641134426682,0.37958250574905994,1919999.636317559,12698.245276303729,313468.56670477544,5649.5,71183415.73324502,983.8861778131314,-45.454950732429495,-7.068291002348225,-38.38665973008127,0.565933526437233,-0.16369866537596714,185.40163372923928,34373.765789471,5738.25,5738.25,-0.7850795377034634,-0.7491268587184876,0.45743562755836226,34373.765789471,5888.464285714286,16.05,3.3323977390942416,194.88666666666668,-0.0034406704896339235,-0.028133872494192524,0.06025905763093675,-0.01782453699678288,,,-0.0034466032086061006,-0.048899593228087235,0.704416626753654,-0.07864988951387775,-0.011541096308635201
2026-02-23 00:00:00+05:30,5648.0,5680.5,5590.5,5612.0,4929,0.0,0.0,5694.025000000001,5536.799999999999,,,5682.340757184633,5636.9705534278455,,,5742.069047619048,5602.301176470588,5761.5474365061555,5642.42660771589,5778.991205931976,5700.625188557872,5773.554891774891,5802.680205774618,5724.259758832828,5765.51315192465,5688.517693565665,5691.437639242921,5576.784517467122,5630.2003757362245,5712.9237784837815,5630.0,5748.0,5759.75,46.7072131950267,53.321642007523224,-21.58581095968657,74.90745296720979,27.424017755718125,49.06986940382844,-21.645851648110316,0.0,17.141993987819028,-93.64844903988183,-3.631836524426891,5.916768896857601,-211.5,2742.534790445001,157.15735294117894,55.11402728991364,-1.39260781959051,-0.8683238497556114,0.15381476487517087,0.11459020883844613,6.067800933931852,-29.842544880350943,-119.84254488035094,-95.88787391444195,-106.00832570793938,113.08333333333333,0,1,0,113.08333333333333,0,0,0,1,0,132.33251280454698,90.0,5366.899163114737,5694.025000000001,6021.150836885264,11.490144032920936,0.37462775673575094,5419.842466372909,5682.340757184633,5944.839047996356,5211.0,5570.0,5929.0,2.0973795683695156,0.23782652266266247,5304.758598620301,5694.025000000001,6059.383598620301,6329421.0,61.55632376031385,0.40691921445264345,1917425.6029842256,9575.833987552207,243338.2000326647,5627.666666666667,71180274.019364,983.8861778131314,-47.101247711622655,-6.971670385233104,-40.12957732638955,0.6809421841541756,-0.5014889730569959,163.56291844263168,26752.828289470985,5738.25,5738.25,-0.735323154027403,-0.7599974493058032,0.34288431542272396,26752.828289470985,5838.157142857143,15.675,3.320595354426462,189.73333333333332,-0.006373937677053854,-0.038135230096837724,0.05916768896857594,-0.02400000000000002,,,-0.006394337950726476,-0.048899593228087235,0.704416626753654,-0.07864988951387775,-0.011541096308635201
2026-02-24 00:00:00+05:30,5612.0,5625.0,5513.5,5550.5,9401,0.0,0.0,5703.575,5539.94,,,5669.78449459562,5633.579551332637,,,5728.400000000001,5602.838431372549,5730.0872525917,5635.563621086538,5728.766162777755,5688.144076362697,5712.597575757574,5805.889350355526,5686.869232492769,5717.845232693731,5691.164058523874,5706.629365559329,5578.802059517431,5624.1734018341085,5663.205279312208,5581.25,5717.25,5721.25,42.90899487587615,36.407198835262534,-30.800203305557815,67.20740214082035,14.884489899807464,31.626814143003976,-16.742324243196514,0.0,5.805982216423363,-91.0950661853189,-4.957191780821918,3.5637652766116243,-289.5,2422.041483004177,111.73529411764957,50.67070079872542,-1.8786836122286779,-1.39260781959051,0.1489614337360612,0.12650145847906075,2.855853875190836,-62.50789561172951,-174.0078956117295,-88.08840649181676,-99.2262566862614,-6.499999999999993,0,1,0,-6.499999999999993,0,0,0,1,0,130.84447617565078,111.5,5407.932207890493,5703.575,5999.217792109506,10.366929236820992,0.24111494667642588,5411.047945765966,5669.78449459562,5928.521043425275,5333.0,5631.0,5929.0,2.587211023914705,0.2404415038912897,5344.390125694547,5703.575,6034.890125694547,6320020.0,53.45179231737404,0.41859112817782146,1914263.8316837773,6421.935411324725,125981.10002799833,5563.0,71169971.7830846,983.8861778131314,-45.5532761587215,-4.338959065865559,-41.21431709285594,1.3060572381217004,-1.035540213294296,147.8213960547533,21851.165131576236,5738.25,5738.25,-0.5875709485776275,-1.0506029849152174,0.16281393085056725,21851.165131576236,5778.05,9.55,3.3087518456593266,183.6,-0.010958660014255162,-0.038041594454072736,0.03563765276611619,-0.029463192865885612,,,-0.01101914844964972,-0.048899593228087235,0.704416626753654,-0.07864988951387775,-0.011541096308635201
2026-02-25 00:00:00+05:30,5579.5,5630.0,5529.0,5622.0,8775,0.0,0.0,5709.45,5543.829999999999,,,5665.233590348418,5633.125451280376,,,5720.630952380953,5606.056470588235,5715.67574374026,5634.595422170188,5705.5589726,5684.6199606837445,5661.954999999999,5805.48516914458,5680.218684503119,5688.574258151471,5702.079193483722,5720.988903637423,5581.957289785689,5624.017918645957,5628.243072232539,5586.25,5698.0,5721.25,48.18457962033085,28.443949069698647,-31.01076245689736,59.45471152659601,13.789867167211469,18.699458274245686,-4.909591107034217,7.12329344224943,2.3744311474164768,-73.88688327316486,-3.666895133653187,2.1346171314379143,-214.0,2252.6719582924115,70.32205882353264,49.02726780188341,-2.2171173955571684,-1.8786836122286779,0.1422658311745817,0.1349037994404482,-0.005866555906171749,-48.149624810053865,-149.14962481005387,-76.86856035189741,-91.30739928207079,-86.41666666666666,0,1,0,-86.41666666666666,0,0,0,1,0,128.71272787739002,101.0,5426.047570860632,5709.45,5992.852429139368,9.92748615503658,0.3457140959137743,5411.900522359683,5665.233590348418,5918.566658337153,5333.0,5631.0,5929.0,2.781701077383356,0.22594354135468872,5359.469248474385,5709.45,6032.969248474385,6328795.0,37.56945319455339,0.40743651671313164,1921648.7326738762,6897.633089597337,197614.1571668557,5593.666666666667,71181275.49446195,985.1743500498669,-44.37079729421322,-2.525184161085818,-41.8456131331274,1.1925146771037183,-0.6171436163449033,141.70121456968388,20079.234210523595,5738.25,5738.25,-0.6543254186909886,-0.7455915092762398,0.04028144745139338,20079.234210523595,5742.992857142857,5.875,3.3012289944292634,177.9911111111111,0.012881722367354298,-0.03410359934713514,0.021346171314379214,-0.0038979447200566675,,,0.012799458693775361,-0.048899593228087235,0.704416626753654,-0.07864988951387775,-0.011541096308635201
2026-02-26 00:00:00+05:30,5645.0,5668.0,5569.0,5612.0,5002,0.0,0.0,5719.450000000001,5548.399999999998,,,5660.16372460095,5632.297002210557,,,5711.35,5608.729803921568,5701.214841993479,5632.913366312118,5683.56492124815,5680.156026205059,5621.2038095238095,5802.078317173024,5673.001044475163,5662.2814716608555,5709.723146680439,5734.052534112334,5583.886164314079,5623.152119092394,5609.235711340309,5617.0,5695.25,5721.25,47.52314528949458,21.083067355143612,-30.697315337161918,51.78038269230553,19.574809466506217,16.08305551117505,3.4917539553311663,13.6129127399246,6.912068727391343,-76.2936221419976,-3.797034370446559,3.695491500369549,-221.5,1962.0676826535196,41.86470588235443,50.13829023035095,-2.1145289792151063,-2.2171173955571684,0.1340901887219914,0.13990425133653486,-2.2993954935443797,-0.6996784086177286,-99.69967840861773,-61.54259120751267,-81.22406646823049,-178.08333333333331,0,1,0,-178.08333333333331,1,0,0,0,0,126.59039017186217,99.0,5467.917664525091,5719.450000000001,5970.9823354749105,8.79568264343284,0.2864091712162415,5412.100472611142,5660.16372460095,5908.226976590759,5333.0,5631.0,5929.0,2.9658050412118615,0.2161152368689353,5373.311160485135,5719.450000000001,6035.061160485135,6323793.0,29.843447458952646,0.4474144497734784,1920991.904391048,6256.188314391067,162237.84900016204,5616.333333333333,71180385.77550073,984.9964774066794,-45.65281067145283,-3.0457580306603447,-42.60705264079249,0.6958529833201174,-0.8543633151350329,125.76616773745505,15817.12894736568,5738.25,5738.25,-0.45505437515810004,-1.1448446497309033,-0.16435209461694006,15817.12894736568,5695.15,10.0,3.295570642413785,172.20777777777778,-0.001778726431874822,-0.009792677547419526,0.03695491500369541,-0.007603890362511079,,,-0.0017803102441256745,-0.048899593228087235,0.704416626753654,-0.07864988951387775,-0.011541096308635201
2026-02-27 00:00:00+05:30,5650.0,5729.5,5602.0,5682.5,10866,0.0,0.0,5728.975,5555.339999999997,5661.679999999999,,5662.290988924669,5634.265747221908,5661.68,,5707.830952380953,5613.98862745098,5701.357143810797,5636.749479506862,5683.592249440184,5683.933624129223,5598.714610389609,5798.2408392587795,5673.393358257454,5649.730855312202,5723.714395830226,5754.87190829696,5586.321636689991,5627.2169148867315,5613.47746971171,5647.25,5695.25,5721.25,52.476101808594244,20.699663534849606,-24.864575325964744,45.56423886081435,30.164460489370235,21.176379041029307,8.988081448340928,27.068668666355382,15.934958282843137,-59.326113116726845,-2.2197367288995955,3.468681718863802,-129.0,1546.5121731289455,36.16323529411966,48.38064240944014,-1.7031383627633194,-2.1145289792151063,0.12643489357280213,0.1417920387893407,-3.655681566605523,58.82884707832818,-68.67115292167182,-45.454470577468655,-68.3941966980176,-201.41666666666666,0,1,0,-201.41666666666666,1,0,0,0,0,126.65536230244345,127.5,5500.320934698427,5728.975,5957.629065301574,7.98237259899279,0.39837267940391935,5413.567094267224,5662.290988924669,5911.014883582115,5440.0,5684.5,5929.0,3.0397384654314874,0.214521068954929,5392.435822813834,5728.975,6039.560822813834,6334659.0,40.928918053453515,0.4146073681239541,1923846.8926263421,6333.440043546725,248497.15628585318,5671.333333333333,71194036.04278512,984.9964774066794,-42.4510812489942,0.12477711343863263,-42.57585836243283,1.5247316354451694,-0.4065092823843224,114.32703265078686,13070.670394734085,5738.25,5738.25,-0.4256486174559939,-1.0457946236866922,-0.3529994430505515,13070.670394734085,5665.5428571428565,9.525,3.2944365520635666,167.52666666666664,0.012562366357804722,0.006108356940509818,0.034686817188638086,0.009414690469846443,,,0.01248411450434673,-0.048899593228087235,0.704416626753654,-0.07864988951387775,-0.011541096308635201
2026-03-02 00:00:00+05:30,5323.0,5599.5,5300.0,5537.5,10915,0.0,0.0,5730.925,5560.489999999998,5660.784999999999,,5650.406132836605,5630.471012036735,5659.22099009901,,5689.5952380952385,5613.289019607843,5674.998736511044,5629.211421014957,5645.830619079436,5670.948680710364,5575.470432900432,5790.267578108166,5658.885251185982,5616.899345282469,5723.3922626604135,5758.1091348828395,5592.126645627922,5620.383056671311,5613.028285476866,5610.0,5686.75,5581.0,43.4025809346457,8.596430757868802,-29.574246482356443,38.170677240225245,35.5466837393813,28.428651231752582,7.118032507628719,20.649475685334703,20.443685697204895,-57.74021352313168,-5.090410489330705,0.7092843502773484,-297.0,1379.3495563323495,-3.9352941176457534,56.63277643785526,-1.741082851298636,-1.7031383627633194,0.11620817945812156,0.14068572008668254,-5.498788945955499,-52.14670250429026,-351.64670250429026,-32.82395543175487,-53.94777322560249,-241.0,0,1,0,-241.0,1,0,0,0,0,144.92997928084034,382.5,5510.012710903913,5730.925,5951.837289096087,7.709481073163131,0.06221312813460355,5352.513085289393,5650.406132836605,5948.299180383818,5300.0,5614.5,5929.0,3.3269696104414854,0.23579682575848512,5365.431656822884,5730.925,6064.431656822883,6323744.0,31.375075460897865,0.42900791483930023,1930242.827517828,7824.34593971516,-13098.866040697234,5479.0,71166184.30499366,984.9964774066794,-39.44546655467657,2.5043134462050105,-41.94978000088158,1.4947550053408563,-1.7511474874615858,110.45614454804354,12200.559868418288,5738.25,5738.25,-0.3042086966610396,-1.3705073800754035,-0.6676958316882802,12200.559868418288,5606.935714285713,1.95,3.2897873469971572,162.62,-0.02551693796744392,-0.013275124732715637,0.007092843502773505,-0.009746065808297621,,,-0.025848141373307206,-0.048899593228087235,0.704416626753654,-0.07864988951387775,-0.011541096308635201
2026-03-04 00:00:00+05:30,5537.5,5540.0,5355.0,5467.0,13089,0.0,0.0,5720.225,5561.659999999998,5659.794999999999,,5632.938882090262,5624.060384113726,5655.4146338594255,,5664.459523809524,5609.622745098039,5639.385629977586,5616.690958068733,5596.57774944636,5650.921228832212,5545.207337662337,5776.704558284853,5638.025983617555,5568.956550493663,5711.867075889417,5752.8085255126325,5593.158943477947,5608.144879939728,5594.332801164905,5502.25,5650.75,5579.0,39.79931989729048,-6.6080556714787235,-35.822986329363175,29.214930657884455,37.62066292410929,34.44393571762028,3.176727206489012,14.159856387659536,20.626000246449873,-70.07168458781362,-5.251299826689775,-3.7669424397113183,-303.0,1754.712896953988,-28.924999999997453,57.35647933289595,-1.9873981527371414,-1.741082851298636,0.10285978228814496,0.13648476786832908,-7.38328004235207,-85.26860214653516,-270.26860214653516,-28.70514364355754,-41.13409781158621,-253.08333333333334,0,1,0,-253.08333333333334,1,0,0,0,0,147.79212361792318,185.0,5470.305123365845,5720.225,5970.1448766341555,8.73811350547068,-0.006612365951755506,5328.178505738022,5632.938882090262,5937.6992584425025,5300.0,5614.5,5929.0,3.7222383869267595,0.20662169624507334,5356.883277857654,5720.225,6055.258277857654,6310655.0,29.92486356980717,0.39227377786886725,1933002.1302205308,8600.917762669967,-143052.52803488332,5454.0,71149520.20567086,984.9964774066794,-35.16297813983953,5.429441488833646,-40.59241962867318,1.6060319758524646,-2.0264494638070247,124.9599383170774,15614.98618420779,5738.25,5738.25,-0.4711892885785189,-1.0393904551284339,-0.7779022876581528,15614.98618420779,5552.928571428572,-10.7,3.286124028011306,159.20666666666668,-0.01273137697516935,-0.015043689757679446,-0.03766942439711318,-0.01752178991823161,,,-0.012813115458391859,-0.048899593228087235,0.704416626753654,-0.07864988951387775,-0.011541096308635201
2026-03-05 00:00:00+05:30,5469.5,5494.5,5411.0,5453.0,5107,0.0,0.0,5707.550000000001,5562.069999999998,5659.339999999998,,5615.801845700713,5617.352133756325,5651.406423287952,,5639.009523809525,5605.361568627451,5606.129679912985,5603.826523095201,5552.814961345401,5630.799664687751,5511.188917748917,5758.089939668174,5607.800024759425,5537.484498065694,5703.323268991792,5750.122840118254,5593.648257378609,5595.747088687954,5556.88919833802,5460.0,5643.75,5579.0,39.1050369904559,-19.561906228130283,-39.02146950881179,19.459563280681508,33.20248557592146,35.45661074647068,-2.254125170549223,0.7041004612287527,11.837810844740996,-72.58064516129032,-6.313890559230306,-4.4423026373433805,-367.5,2174.8221691507956,-55.377941176468084,58.256366101286794,-2.266149827999456,-1.9873981527371414,0.0872903189984342,0.12954801045353095,-8.750822182977767,-106.15880183988793,-189.65880183988793,-28.163712612755187,-32.77939689014144,-267.5,0,1,0,-267.5,1,0,0,0,0,143.19982907378582,83.5,5430.4627251302845,5707.550000000001,5984.637274869718,9.709499693203442,0.040668188173405395,5324.161505191543,5615.801845700713,5907.4421862098825,5300.0,5614.5,5929.0,4.105646872017998,0.20523678847832755,5354.677457672917,5707.550000000001,6034.427457672918,6305548.0,30.454197092476342,0.3885475373520804,1933032.7110588541,8146.434887648094,-132830.45260132855,5452.833333333333,71148212.39517151,984.7403954604566,-36.94862911623777,2.9150324099483242,-39.86366152618609,0.6472094084250013,-1.8373272473063758,138.54363743485848,19194.339473681524,5726.25,5726.25,-0.459466779386742,-1.1616812501316693,-0.8581058920286211,19194.339473681524,5501.928571428572,-12.675,3.281938394472398,155.46666666666667,-0.002560819462227859,-0.030060476698683725,-0.04442302637343376,-0.0015563489883732018,,,-0.0025641039689376474,-0.048899593228087235,0.704416626753654,-0.07864988951387775,-0.011541096308635201
2026-03-06 00:00:00+05:30,5453.0,5480.0,5377.0,5404.0,4931,0.0,0.0,5683.55,5560.609999999999,5658.359999999999,,5595.6302413482645,5608.98538341294,5646.50728619314,,5610.1,5599.162745098039,5568.628735030962,5587.9515463693915,5504.712681562104,5606.653131571276,5473.725714285713,5734.088172807585,5582.21467835567,5501.5335934880095,5688.134121188193,5701.420827711604,5593.728640912146,5580.001036323415,5507.910455899101,5428.5,5619.25,5579.0,36.69241205547785,-33.396838644560376,-42.28512154019351,8.888282895633132,25.328554360812422,32.05056762028106,-6.7220132594686355,0.0,4.954652282962762,-81.36200716845879,-4.649316277018086,-8.157715839564922,-263.5,2380.0986009773096,-93.2161764705861,57.054284392723034,-2.6185489329058242,-2.266149827999456,0.06949786517815859,0.12015813977816296,-10.109105553848119,-92.56468729133303,-195.56468729133303,-28.15538307846,-29.11950850380672,-294.91666666666663,0,1,0,-294.91666666666663,0,0,0,1,0,140.32841271137255,103.0,5388.260507788516,5683.55,5978.839492211484,10.39102294205149,0.026650952076904766,5312.14612374473,5595.6302413482645,5879.114358951799,5300.0,5614.5,5929.0,4.542758147128974,0.16530445989371229,5361.06720561195,5683.55,5993.94220561195,6300617.0,32.500341952245414,0.22250588983714154,1930686.8955248736,6473.529233631911,-148371.67365828162,5420.333333333333,71143781.45807266,983.8418075272089,-38.478474130094014,1.1081499168736642,-39.58662404696768,0.6352253111071032,-1.8933961916923798,147.64474610574197,21798.971052629007,5675.0,5675.0,-0.4407910424414191,-1.1252185956554985,-0.8096307561100906,21798.971052629007,5463.200000000001,-24.0,3.281243618505266,151.15,-0.00898587933247752,-0.03706343549536706,-0.08157715839564916,-0.0031359527762405692,,,-0.009026495845972078,-0.048899593228087235,0.704416626753654,-0.07864988951387775,-0.011541096308635201
2026-03-09 00:00:00+05:30,5359.5,5359.5,5218.0,5300.0,10868,0.0,0.0,5656.275,5557.809999999999,5656.019999999999,,5567.474980267477,5596.868309553609,5639.645755773474,,5573.571428571429,5588.942745098039,5517.571238335871,5565.017434372411,5439.02135773682,5572.5927835125585,5428.171753246752,5702.598702865762,5537.94101112358,5452.625632203438,5665.1288615337535,5659.178369486993,5592.383653811595,5555.42763672079,5451.418932126753,5352.0,5560.25,5538.0,32.15756897736352,-52.15187870136924,-48.8321292776019,-3.319749423767343,19.623282556750297,26.051440831161393,-6.428158274411096,0.0,0.23470015374291756,-87.1875,-6.161473087818697,-9.331964759216492,-348.0,2520.304010547619,-165.01323529411547,53.34859820337736,-3.0033735685945917,-2.6185489329058242,0.04842272941847359,0.1084479136163077,-11.432785475182635,-174.12687482114234,-315.62687482114234,-27.944738714522888,-28.214678956751797,-343.66666666666663,0,1,0,-343.66666666666663,0,0,0,1,0,143.59066894627452,186.0,5325.348155643456,5656.275,5987.201844356543,11.701228966291186,-0.038298729879021165,5275.560778626184,5567.474980267477,5859.389181908769,5218.0,5573.5,5929.0,5.128173246217347,0.1737824576908953,5335.670548706692,5656.275,5967.170548706692,6289749.0,23.33005667653132,0.19040824989572389,1932415.0227333542,5750.514738447964,-288643.14884995564,5292.5,71122865.98805046,983.8418075272089,-34.94999084500784,3.709306561567871,-38.65929740657571,1.295614129203772,-2.1531949195160864,165.46342217827154,27378.144078944923,5657.75,5657.75,-0.5416875068087739,-0.655460385356703,-0.7088242838943392,27378.144078944923,5408.164285714286,-27.275,3.2781055033556705,152.05,-0.01924500370096227,-0.06731192256929164,-0.09331964759216493,-0.01651512339951755,,,-0.019432599539876295,-0.048899593228087235,0.704416626753654,-0.07864988951387775,-0.011541096308635201
2026-03-10 00:00:00+05:30,5300.0,5390.0,5300.0,5347.0,6169,0.0,0.0,5632.45,5555.889999999999,5654.809999999999,,5546.477363099146,5587.069552316213,5633.850790312613,,5544.116666666667,5580.67568627451,5482.328514389679,5547.053238815995,5398.371144858187,5546.486290389235,5385.926406926406,5666.801936005171,5519.272843751267,5423.185095803111,5639.555180689293,5632.325018411762,5592.751242320471,5538.079353161914,5404.43477468785,5323.5,5560.25,5538.0,36.006758649849125,-62.5023872507054,-47.34611026155044,-15.156276989154954,17.202247610513737,20.718028176025484,-3.515780565511747,4.276123234556491,1.4253744115188303,-79.84375,-4.722024233784747,-8.182364557396754,-265.0,2720.154663385182,-185.1470588235279,54.100761777444596,-2.7864631282613903,-3.0033735685945917,0.0265756473132317,0.09484949290265998,-11.952762847642196,-116.9658927038372,-206.9658927038372,-27.705867930696307,-28.01163735490288,-371.5,0,1,0,-371.5,0,0,0,1,0,139.76276402154062,90.0,5284.064566139302,5632.45,5980.835433860698,12.370653405203702,0.0903244334346408,5265.221656852262,5546.477363099146,5827.73306934603,5218.0,5573.5,5929.0,5.545908305754847,0.1804921742762734,5316.344262315955,5632.45,5939.969262315955,6295918.0,28.572018970467532,0.18076068261279515,1932689.2005111321,5019.2003980339505,-205987.98472853343,5345.666666666667,71128336.61069196,984.728599980039,-35.43986013905965,2.5755498140128523,-38.0154099530725,0.724715999201156,-1.6387022662614386,174.19271693034878,30343.102631576618,5635.0,5635.0,-0.3843993111340367,-0.9493513925793369,-0.6126174587288986,30343.102631576618,5367.450000000001,-23.825,3.2780193782505798,150.43333333333334,0.008867924528301874,-0.03440180586907449,-0.0818236455739676,-0.008161751066592449,,,0.00882883540851835,-0.048899593228087235,0.704416626753654,-0.07864988951387775,-0.011541096308635201
2026-03-11 00:00:00+05:30,5450.0,5498.5,5305.0,5398.5,10650,0.0,0.0,5610.375,5554.659999999999,5653.814999999998,,5532.384280899227,5579.674667911656,5629.190378623253,,5521.835714285715,5574.503529411764,5461.593962457402,5534.122732669814,5379.6235840758245,5528.259478978621,5354.735519480519,5629.626495367377,5513.991893440583,5399.548420012339,5618.023604975988,5603.738721329696,5592.402107750809,5527.037615615165,5376.632687506806,5372.75,5491.25,5538.0,40.022366466379964,-65.79122002011991,-40.50795442477196,-25.28326559534795,20.390625,19.072051722421342,1.3185732775786576,17.17862552042989,7.151582918328793,-71.796875,-2.7384920277452482,-7.559931506849315,-152.0,2798.8800473543097,-195.95882352941044,52.49224247275394,-2.274129962556339,-2.7864631282613903,0.005888547521659682,0.07969646138566865,-12.045306985976511,7.029234825282401,-186.4707651747176,-29.02811178372999,-28.08078469210473,-363.75,0,1,0,-363.75,0,0,0,1,0,143.60113802000203,193.5,5261.413099651655,5610.375,5959.336900348345,12.43987791719252,0.1964210135999093,5241.057689532999,5532.384280899227,5823.710872265455,5218.0,5540.0,5862.0,5.6971968335041066,0.1855385752521925,5281.87113211809,5610.375,5927.49613211809,6306568.0,37.33513903740479,0.2200933492354916,1932331.4485731476,4149.905242321314,-98207.55833874297,5400.666666666667,71138594.2317879,984.728599980039,-32.01542875345623,4.79998495969302,-36.81541371314925,1.2330384846941138,-1.2143159456003643,174.48095017417225,30443.60197368198,5617.0,5617.0,-0.19780267091065334,-1.1334110946748677,-0.4791981555316743,30443.60197368198,5344.757142857143,-22.075,3.2813598389316496,149.13333333333333,0.009631569104170623,-0.012529723797329417,-0.07559931506849316,0.0009270418095856936,,,0.009585481238463577,-0.048899593228087235,0.704416626753654,-0.07864988951387775,-0.011541096308635201
2026-03-12 00:00:00+05:30,5398.5,5398.5,5256.0,5303.5,5898,0.0,0.0,5583.75,5549.879999999999,5651.074999999999,,5510.585777956443,5568.844288777866,5622.74106419507,,5492.609523809524,5564.654117647058,5426.814939560845,5514.673045554218,5340.9069839241,5500.758427476239,5323.544999999999,5589.9903684550745,5487.217703245571,5361.019999058783,5582.924640074969,5581.862126700577,5592.40478967973,5508.203641599546,5357.410299139628,5351.0,5491.25,5473.75,35.586272451899895,-75.1965309360994,-39.93061227260117,-35.26591866349824,21.69163917399804,19.76150392817059,1.9301352458274508,22.80354523127677,14.752764662087717,-83.28445747800586,-5.665243685521167,-9.124400274160385,-318.5,2814.07860482608,-222.88235294117567,49.059260802556715,-2.079200276332582,-2.274129962556339,-0.0153213049676304,0.063095184309044,-12.038715616925154,-66.11779872118677,-208.61779872118677,-31.153132250580047,-28.76097173232592,-357.75,0,1,0,-357.75,0,0,0,1,0,143.52248530428758,142.5,5226.121480590923,5583.75,5941.378519409077,12.809617887945448,0.10818281430257909,5219.861719101284,5510.585777956443,5801.3098368116025,5218.0,5538.0,5858.0,5.8879889027876375,0.1913796551200996,5252.054956958428,5583.75,5908.929956958428,6300670.0,37.58705852300776,0.18805668085149446,1930365.4485731476,2791.4749293187633,-164222.19286177968,5319.333333333333,71128215.23762286,982.9688519018691,-32.794335137322626,3.2168628606613012,-36.01119799798393,0.7063896041679143,-1.567268742789685,178.81425970453833,31974.539473682078,5612.0,5612.0,-0.09664531068431562,-1.1691507110915085,-0.22831953431772833,31974.539473682078,5310.328571428571,-26.625,3.2793813705972075,155.83333333333334,-0.01759748078169865,-0.027416101228681433,-0.09124400274160382,-0.022846614463380877,,,-0.017754157241670194,-0.048899593228087235,0.704416626753654,-0.07864988951387775,-0.011541096308635201
2026-03-13 00:00:00+05:30,5250.0,5276.0,5195.0,5219.5,8102,0.0,0.0,5553.050000000001,5543.849999999999,5647.559999999998,,5482.863322912972,5555.144512747362,5614.756092626851,,5457.919047619048,5551.698039215686,5381.988438372862,5489.935102091412,5288.787103427916,5465.960857189376,5286.837987012987,5546.943882783883,5446.903283603548,5303.446665815089,5544.12367379752,5552.693493734146,5590.831263128687,5482.626702428009,5333.993383649367,5261.5,5451.0,5462.25,32.188890686490524,-88.4092784521963,-42.51468783095845,-45.89459062123785,16.500796875900136,19.527687016632726,-3.02689014073259,18.578806463284494,19.520325738330385,-95.41627689429373,-6.993941553813257,-10.525413559612582,-392.5,2847.9490231007508,-258.66617647058683,45.20622602843097,-2.206436031768243,-2.079200276332582,-0.037992223297445005,0.04482550465679432,-12.687541584491967,-153.6009703324462,-234.6009703324462,-33.328712542541716,-30.23284475697635,-349.33333333333337,0,1,0,-349.33333333333337,0,0,0,1,0,141.0208792111242,108.5,5180.584685472181,5553.050000000001,5925.515314527821,13.414801398432205,0.052240185877646485,5199.1606029964,5482.863322912972,5766.566042829544,5195.0,5526.5,5858.0,6.185568804710731,0.19460911022684363,5223.41045105021,5553.050000000001,5880.16045105021,6292568.0,36.607427979371586,0.14154840928265955,1927164.6584496908,963.549768416211,-237985.87959581116,5230.166666666667,71115382.80620964,982.9688519018691,-31.386119683616776,3.700062651493724,-35.0861823351105,0.9356198394826492,-1.791039256489414,186.2326572639099,34682.60263157694,5581.25,5581.25,-0.10941950720059539,-1.015275447229842,0.1120008991097469,34682.60263157694,5267.657142857143,-30.7,3.2753798535950787,162.60222222222225,-0.015838597152823652,-0.03414137675795703,-0.10525413559612584,-0.03046345314386556,,,-0.01596536809717186,-0.048899593228087235,0.704416626753654,-0.07864988951387775,-0.011541096308635201
2026-03-16 00:00:00+05:30,5205.0,5217.0,5029.0,5110.5,13894,0.0,0.0,5518.0,5532.539999999999,5643.199999999998,,5447.400149302212,5537.707473031779,5604.770823465923,,5415.771428571429,5534.703921568627,5324.046668118092,5458.302059929718,5219.383872870941,5421.628685026595,5236.622965367964,5499.1390551605255,5358.576014312797,5244.404126213652,5499.15803953095,5496.03314417483,5518.395075341666,5447.416871794715,5289.005409086852,5165.0,5396.5,5379.25,28.3999999094966,-106.44878971464004,-48.44335927472174,-58.0054304399183,10.977937460006725,16.390124503301635,-5.41218704329491,5.676304177411094,15.686218623990785,-88.36545324768022,-10.065992080950286,-12.062290286500904,-572.0,2892.847254447023,-286.24999999999727,44.85622915137164,-2.486037142787766,-2.206436031768243,-0.06325238487960849,0.024885441952602092,-13.779085746629969,-167.01511742781167,-355.0151174278117,-36.71646366724666,-32.45137750620336,-373.5833333333333,0,1,0,-373.5833333333333,0,0,0,1,0,144.55510212461533,190.5,5117.0922143041225,5518.0,5918.9077856958775,14.530909231456233,-0.008221609232008391,5154.431021758647,5447.400149302212,5740.369276845778,5029.0,5443.5,5858.0,6.631162628327806,0.2020789980794103,5181.158005733436,5518.0,5858.408005733436,6278674.0,34.23621773486766,0.06935977359099046,1925317.0520667122,-459.70798912039027,-420337.32536783814,5118.833333333333,71086367.65150133,982.9688519018691,-25.186832086358063,7.919480199001956,-33.10631228536002,1.5502716936500676,-2.0328864369280346,200.45389284793862,40181.763157892856,5544.0,5544.0,-0.2532730226841253,-0.6142343487109645,0.44660169547141315,40181.763157892856,5211.314285714285,-35.05,3.266661653307752,177.23333333333332,-0.020883226362678364,-0.035754716981132084,-0.12062290286500899,-0.04217036828788301,,,-0.021104365079222098,-0.048899593228087235,0.704416626753654,-0.07864988951387775,-0.011541096308635201
2026-03-17 00:00:00+05:30,5200.0,5214.5,5098.0,5148.5,7987,0.0,0.0,5483.700000000001,5523.639999999999,5638.904999999998,,5418.933468416287,5522.444434873671,5595.7357576547165,,5380.580952380953,5519.643529411765,5281.572369400531,5431.488471898214,5174.203900424484,5385.155681426658,5187.193246753246,5449.726607412195,5321.809587375655,5204.937066574256,5458.289096804247,5459.246661282143,5510.885394166824,5420.658359074115,5235.834667321755,5129.5,5396.5,5379.25,31.43026303812643,-116.33787928248512,-46.66595907405346,-69.67192020843166,11.092504418533068,12.85707958481331,-1.7645751662802418,4.246780024269231,9.500630221654939,-82.94075660242683,-7.024830699774267,-11.75764847030594,-389.0,2949.285686531645,-316.97794117646936,45.89799588026261,-2.5141678506694607,-2.486037142787766,-0.08874838333366997,0.003595645772400433,-14.412662161684688,-135.87010065241066,-252.37010065241066,-40.328089338115426,-35.261929001378704,-364.0833333333333,0,1,0,-364.0833333333333,0,0,0,1,0,142.55116625857139,116.5,5079.438047405173,5483.700000000001,5887.961952594828,14.744130882244745,0.08541732922371294,5131.675686353061,5418.933468416287,5706.191250479513,5029.0,5443.5,5858.0,6.927151232866943,0.20478904947585502,5152.9628891319,5483.700000000001,5823.587889131901,6286661.0,41.064913918615176,0.023919778713135467,1924254.4039980427,-1338.27345822379,-316931.1360295756,5153.666666666667,71092306.5224533,983.7124190675084,-24.76347709980545,6.674268148443659,-31.437745248249108,0.9212757367783609,-1.6583306831051485,202.13097629741375,40856.931578945645,5502.25,5502.25,-0.257401853164722,-0.7918384952965921,0.6652932424365493,40856.931578945645,5174.342857142858,-34.3,3.264542970431614,191.2333333333334,0.007435671656393694,-0.03712362072190012,-0.11757648470305937,-0.024905303030303028,,,0.007408163327674562,-0.048899593228087235,0.704416626753654,-0.07864988951387775,-0.011541096308635201
2026-03-18 00:00:00+05:30,5149.5,5260.0,5149.5,5246.0,6626,0.0,0.0,5457.5,5514.88,5635.684999999999,,5402.463614281402,5511.603476643331,5588.810297107098,,5357.942857142858,5508.75568627451,5263.28322809749,5413.798591563253,5164.494305871782,5362.702436343004,5155.949653679652,5403.003730876967,5316.776737936208,5189.133536424327,5426.826779282512,5441.648508943863,5502.476510302236,5406.436500990925,5201.415719841481,5197.25,5396.5,5379.25,38.60943937179784,-114.98217590364493,-36.248204556170606,-78.73397134747432,19.8905543659291,13.986998748156296,5.903555617772803,18.330351879522606,9.417812027067644,-69.02212705210565,-4.042436436802634,-9.081455805892547,-221.0,2950.791374395107,-349.32647058823477,48.37786016725514,-2.176541715449503,-2.5141678506694607,-0.11151982618762268,-0.018494370359383665,-14.071280169243073,-75.46008627349511,-185.9600862734951,-42.46619897959184,-38.314002922142954,-383.41666666666663,0,1,0,-383.41666666666663,0,0,0,1,0,140.33322581153058,111.5,5063.576015882313,5457.5,5851.423984117687,14.436059885210692,0.2315471911748165,5121.325620986103,5402.463614281402,5683.601607576702,5029.0,5443.5,5858.0,7.152333517828405,0.22210854319759143,5121.1774200303225,5457.5,5795.6774200303225,6293287.0,39.737570651721576,0.07372110367681467,1929201.4175727032,-1.9756074447650462,-179364.54516820773,5218.5,71104854.54614952,985.6061745302646,-25.367893168308644,4.855881663952374,-30.223774832261018,0.8258550204407219,-1.073811235300734,196.9619920588434,38794.026315787894,5460.0,5460.0,-0.11444323817030819,-0.8825382127548237,0.7492119714726401,38794.026315787894,5158.828571428572,-26.2,3.268101576895061,201.7555555555556,0.018937554627561415,-0.02824858757062143,-0.09081455805892547,-0.030045299066284503,,,0.01876047133001346,-0.048899593228087235,0.704416626753654,-0.07864988951387775,-0.011541096308635201
2026-03-19 00:00:00+05:30,5201.0,5222.5,5061.0,5072.5,10740,0.0,0.0,5420.1,5505.16,5630.754999999998,,5371.038508159365,5494.3837324612405,5578.586330827749,,5321.276190476191,5491.407450980392,5216.6811579777905,5383.869872974057,5113.569165680455,5322.566905292874,5123.151515151514,5354.417056668822,5289.437432724726,5146.4541520029625,5383.088474212609,5399.887700047945,5495.330329379866,5375.654839355619,5172.650147794754,5159.25,5377.5,5379.25,32.157330672989495,-126.45013279026807,-38.17292915423499,-88.27720363603308,18.082322150844636,16.3551269784356,1.7271951724090364,23.532371679405184,15.36983452773234,-93.79014989293361,-6.977810379607556,-12.851129628038828,-380.5,2860.3684767706222,-377.1544117647045,42.6320989384015,-2.1129974856870124,-2.176541715449503,-0.13515587173063004,-0.04123367446036018,-14.628839394185938,-75.39435966299607,-236.89435966299607,-43.63327808035361,-40.989719730502465,-419.3333333333333,0,1,0,-419.3333333333333,0,0,0,1,0,143.52370968213555,185.0,5029.266262297751,5420.1,5810.933737702249,14.421643058329144,0.055309628534660454,5081.437466606475,5371.038508159365,5660.639549712255,5029.0,5443.5,5858.0,7.635323049540157,0.23830836747211936,5083.078195166711,5420.1,5770.70319516671,6282547.0,33.958780762320416,-0.02211298796842167,1919990.9531764183,-2385.7310120854527,-419939.61014417803,5118.666666666667,71069334.34027839,985.6061745302646,-22.180148177204448,6.434901324045256,-28.615049501249704,1.2508006754789496,-1.778761485861359,195.4168688511244,38187.752631577554,5428.5,5428.5,-0.293058837033887,-1.1499912354355226,0.8642141010932214,38187.752631577554,5123.628571428571,-37.4,3.265976018793415,215.72,-0.03307281738467405,-0.04355614217026493,-0.12851129628038827,-0.06626783248964563,,,-0.03363208872684918,-0.048899593228087235,0.704416626753654,-0.07864988951387775,-0.011541096308635201
2026-03-20 00:00:00+05:30,5075.0,5159.5,5075.0,5101.5,5459,0.0,0.0,5391.8,5497.85,5626.11,,5345.368174048949,5478.976527266682,5569.139076751952,,5290.933333333333,5475.5776470588235,5182.485983499053,5357.993543552851,5081.481230134887,5289.036043484544,5095.444415584415,5306.290451411333,5274.239421354939,5123.268042288394,5344.202651694468,5379.819453843761,5494.659823129639,5351.5112509005485,5153.230742120819,5087.0,5305.0,5314.25,34.138506218046764,-131.68058182918503,-34.72270255452156,-96.95787927466347,16.6319579333071,18.201611483360278,-1.5696535500531787,32.08701848425676,24.64991401439485,-87.29184925503944,-5.597705403404885,-9.986766651962947,-302.5,2889.8487555422735,-391.7235294117654,40.68597540938299,-2.3022777500032294,-2.1129974856870124,-0.15795930214856924,-0.06416501130114272,-15.069987601780749,-110.33802256828312,-194.83802256828312,-44.78414555947419,-42.885198169580086,-428.8333333333333,0,1,0,-428.8333333333333,0,0,0,1,0,139.48630184769732,87.0,4994.480375251208,5391.8,5789.119624748792,14.737921464030276,0.13467699313425033,5066.776755501096,5345.368174048949,5623.959592596802,5029.0,5379.25,5729.5,7.887124469952313,0.23025392375537945,5072.066014655315,5391.8,5719.066014655315,6288006.0,26.085444750814037,-0.014071661308902538,1917955.9413420989,-3791.5228056230117,-337332.38012358116,5112.0,71072455.3062715,986.1778847323346,-23.90383257843755,3.7689735382497247,-27.672806116687276,0.6318798976768951,-1.4612920274629977,198.65981237439624,39465.72105263032,5401.25,5401.25,-0.15487566402032116,-1.2748276862868035,0.8941675460701152,39465.72105263032,5089.2,-28.3,3.2667938988202674,221.76777777777775,0.00571710202069986,-0.022607529456844522,-0.09986766651962942,-0.06855943034507939,,,0.005700821415390038,-0.048899593228087235,0.704416626753654,-0.07864988951387775,-0.011541096308635201
2026-03-23 00:00:00+05:30,5095.0,5095.0,4900.0,4932.5,19579,0.0,0.0,5356.025000000001,5488.639999999999,5620.0599999999995,,5306.047395568096,5457.5460752170075,5556.532362360825,,5247.190476190477,5453.407058823529,5123.101852159323,5320.717480071679,5013.564041767046,5239.239980787553,5053.8324675324675,5255.217272139624,5240.93411012914,5065.623466832357,5292.684900647626,5323.979375597109,5481.951015942692,5310.041154560998,5112.61098133269,5017.0,5199.75,5220.0,28.85096500582664,-147.75936005820313,-40.641184626831716,-107.11817543137141,7.998708617342313,14.237662900498016,-6.238954283155703,19.245445037957346,24.954945067206427,-94.921875,-6.933962264150943,-12.668201133144477,-367.5,2870.657024522803,-402.45588235294144,36.722874961834904,-2.61063227811415,-2.3022777500032294,-0.1828587844579843,-0.08743550372016672,-16.00748014688298,-126.64687648709969,-321.6468764870997,-49.34719972721848,-44.77470766441098,-460.4166666666667,0,1,0,-460.4166666666667,0,0,0,1,0,143.91585171571893,201.5,4928.161338119385,5356.025000000001,5783.888661880616,15.97691055887961,0.005070145313983081,5015.607540691467,5306.047395568096,5596.487250444726,4900.0,5314.75,5729.5,8.195467752522168,0.2511679367363932,5025.191924102451,5356.025000000001,5701.316924102451,6268427.0,24.631431056165855,-0.08434334137187181,1904903.2746754321,-8175.056769134942,-761835.0401059268,4975.833333333333,71007594.95147389,986.1778847323346,-13.359852689755822,11.450362741545163,-24.810215431300986,2.05869364064603,-1.9797194187440665,213.93183094030803,45766.82828947254,5372.75,5372.75,-0.24028855653705927,-0.8991622919428682,0.9261565392782595,45766.82828947254,5029.521428571428,-35.775,3.265103387016611,233.23777777777778,-0.03312751151622073,-0.03483025144310736,-0.12668201133144474,-0.09329044117647056,,,-0.033688655218589436,-0.048899593228087235,0.704416626753654,-0.07864988951387775,-0.011541096308635201
2026-03-24 00:00:00+05:30,5100.0,5100.0,4831.0,4964.5,29010,0.0,0.0,5323.650000000001,5480.18,5603.985,,5273.519072180658,5438.210935012419,5544.808949244769,,5209.9023809523815,5432.852549019608,5078.5665260317055,5288.17126771544,4968.597409388054,5197.195973590869,5008.031255411255,5203.971259426847,5211.430721984375,5014.659327134037,5248.22666924968,5265.633647349655,5463.994110983929,5277.7367877999495,5063.078401771918,4948.5,5192.75,5164.75,31.029286259000735,-156.1201195247204,-39.20155527467918,-116.91856425004121,12.595425248320186,12.408697266323198,0.18672798199698804,21.584305822752064,24.30558978165539,-80.0,-7.153544043388816,-11.537776193870277,-382.5,2932.016282473472,-421.2161764705879,39.27649621282687,-2.973877981136865,-2.61063227811415,-0.20767038225276702,-0.11116427369510301,-16.121456127157945,-84.91160841751389,-353.9116084175139,-60.07559718969555,-48.66192764057242,-448.4166666666667,0,1,0,-448.4166666666667,0,0,0,1,0,152.85043373602474,269.0,4879.654848295798,5323.650000000001,5767.645151704203,16.680103000918642,0.09554738534704484,4959.502060625613,5273.519072180658,5587.536083735704,4831.0,5280.25,5729.5,8.370432551627978,0.2555357796482003,4969.973695851474,5323.650000000001,5690.848695851473,6297437.0,22.237547271758324,-0.06272783521350431,1904687.5869430902,-9293.761599122547,-520384.32009079447,4965.166666666667,71026415.42790572,986.1778847323346,0.4226538713956675,20.186295442157324,-19.763641570761656,2.4596210097927,-1.617810458611821,221.99757585210133,49282.92368420949,5325.25,5325.25,-0.13574647250220437,-0.9648399640677298,0.9382768458028533,49282.92368420949,4982.407142857142,-32.375,3.2634496718209083,240.31666666666666,0.006487582361885513,-0.03573856463047487,-0.11537776193870275,-0.0879110784493845,,,0.006466628576878444,-0.048899593228087235,0.704416626753654,-0.07864988951387775,-0.011541096308635201
2026-03-25 00:00:00+05:30,5029.0,5134.5,4977.5,5056.5,15683,0.0,0.0,5298.950000000001,5473.9800000000005,5587.61,,5252.850589115834,5423.241878737423,5535.139465101308,,5184.459523809524,5416.237647058823,5057.764896017655,5264.704085501603,4958.148562290766,5169.13158387205,4976.395865800865,5156.465809092868,5198.526314179572,4995.120343597462,5210.7471920242015,5237.1747432529255,5457.086840223086,5258.981653814399,5027.883067867548,5010.5,5168.25,5164.75,37.00112712747124,-153.55239409792102,-29.307063878303836,-124.24533021961719,19.620298845193506,13.404810903618667,6.215487941574839,33.50258201613997,24.777444292283125,-66.21722846441948,-6.335093081411503,-8.900099090172057,-342.0,3043.928096820123,-432.61323529411766,40.35786138067867,-2.4216652671909555,-2.973877981136865,-0.22953798598815967,-0.13496612714182848,-15.671130769012434,-32.06709292929827,-189.06709292929827,-76.27162612294339,-56.65022758604094,-411.74999999999994,0,1,0,-411.74999999999994,0,0,0,1,0,154.07540275488012,170.0,4853.1315450916845,5298.950000000001,5744.768454908317,16.826671506933113,0.22808438353021832,4936.359007232698,5252.850589115834,5569.34217099897,4831.0,5280.25,5729.5,8.364439204429782,0.2690070581420103,4938.755840621982,5298.950000000001,5671.005840621981,6313120.0,30.73016369303375,-0.04526559838042628,1904787.4786628354,-8874.742427914636,-239924.27436353816,5056.166666666667,71055478.49568696,988.0310421500001,1.9752355091200817,17.391101663905392,-15.41586615478531,1.2752687472556068,-1.087662465879127,222.90922745415804,49688.52368420957,5301.75,5301.75,0.07455881903086771,-0.9956594682667853,0.9282111390222464,49688.52368420957,4955.478571428572,-24.7,3.2641619403389903,242.0711111111111,0.018531574176654297,-0.03612276019824623,-0.08900099090172053,-0.07390109890109886,,,0.018361956868576362,-0.048899593228087235,0.704416626753654,-0.07864988951387775,-0.011541096308635201
2026-03-27 00:00:00+05:30,5000.0,5027.0,4816.5,4841.5,21183,0.0,0.0,5259.925000000001,5462.7,5570.304999999999,,5213.674342533373,5400.4284717281125,5521.404030148807,,5140.892857142858,5391.434509803921,5001.7230637747,5226.189083257301,4896.334660519447,5119.278676465875,4936.37093073593,5106.73317173023,5159.1100339473,4944.489834683418,5163.874753121291,5184.15108812309,5445.010399669899,5217.467495437864,4989.152170205259,4949.0,5120.0,5157.5,30.380817794066658,-166.94175572538006,-34.15714040461029,-132.78461532076977,19.14948689504688,17.121736996186858,2.027749898860023,37.890250628358366,30.992379489083465,-96.33431085043989,-8.711228434052984,-13.88295980078264,-462.0,2949.3976348854385,-452.05441176470595,35.88802453947738,-2.3706157678694675,-2.4216652671909555,-0.2529302728124794,-0.15884813264349898,-16.649441351955637,-93.1289367965419,-303.6289367965419,-94.22823069805696,-69.37831284175888,-423.24999999999994,0,1,0,-423.24999999999994,0,0,0,1,0,160.2128739866744,240.0,4796.8637587393105,5259.925000000001,5722.986241260692,17.607142355097857,0.04819690926751583,4881.610530353393,5213.674342533373,5545.738154713354,4816.5,5273.0,5729.5,8.58364608655903,0.2935627182029601,4892.539572925966,5259.925000000001,5652.164572925966,6291937.0,28.030141152977833,-0.14886796671195687,1888636.0701117665,-13035.61526704114,-856270.0923116041,4895.0,70965409.37673116,988.0310421500001,6.219926028349245,17.308633746507642,-11.088707718158398,1.5320801660603345,-1.807212362929937,231.53062063034525,53606.42828947286,5273.0,5273.0,0.024093122769348236,-0.741909957398469,0.941421095490995,53606.42828947286,4902.828571428572,-39.025,3.260688708043495,249.18333333333334,-0.042519529318698734,-0.045539674716609135,-0.13882959800782635,-0.1264772214704556,,,-0.04344995429063934,-0.048899593228087235,0.704416626753654,-0.07864988951387775,-0.011541096308635201
2026-03-30 00:00:00+05:30,4841.5,4861.5,4683.0,4747.0,36166,0.0,0.0,5216.675000000001,5448.96,5554.07,,5169.229167054005,5374.803825777991,5506.069296878533,,5092.042857142857,5363.367843137255,4937.251422743397,5182.777596628467,4823.7808271559425,5062.970437294413,4886.1055844155835,5053.650834949363,5112.691582582269,4891.062231380236,5112.19339025379,5113.180170171042,5409.92439619733,5168.42600400457,4940.06111597673,4794.25,5072.75,5090.75,28.008709763491957,-183.06798770443947,-40.226697906935755,-142.84128979750372,15.098802243503858,17.956195994581414,-2.8573937510775558,30.349370043681066,33.914067562726466,-92.15205395462907,-9.052591244372067,-15.413399857448326,-472.5,2875.9305812885045,-490.51764705882306,33.06065794023705,-2.5612943756853936,-2.3706157678694675,-0.27847707219315065,-0.1827619867894481,-17.485023833316472,-205.3248029684646,-383.8248029684646,-112.56187968401865,-85.60619841928582,-454.3333333333333,0,1,0,-454.3333333333333,0,0,0,1,0,161.51909727334052,178.5,4731.0400629276555,5216.675000000001,5702.309937072347,18.61856209452747,0.016432031402599547,4834.790479843547,5169.229167054005,5503.667854264464,4683.0,5206.25,5729.5,8.852673216917673,0.29584219590931404,4840.536180520337,5216.675000000001,5620.036180520337,6255771.0,24.78299616831476,-0.16838263106529228,1878404.2325767525,-16808.319256275194,-1222186.7934099464,4763.833333333333,70894817.88649052,988.0310421500001,16.25520321972397,21.875128750305898,-5.619925530581925,2.174391409692954,-1.9342718743896035,242.81746853617258,58960.32302631516,5232.75,5232.75,-0.10826659448055953,-0.46580467219433713,0.9510336038984266,58960.32302631516,4842.778571428572,-43.25,3.256924965442652,258.26222222222225,-0.01951874419084998,-0.06948936587278254,-0.1541339985744833,-0.14019199420394857,,,-0.0197117505002678,-0.048899593228087235,0.704416626753654,-0.07864988951387775,-0.011541096308635201
2026-04-01 00:00:00+05:30,4700.0,4973.5,4684.5,4886.7998046875,24161,0.0,0.0,5176.889990234376,5438.01599609375,5539.177998046875,,5142.3311325429095,5355.666413186207,5493.806534656929,,5060.626171875,5341.322345281863,4908.110189799463,5152.78369857201,4803.416757114437,5027.244118275193,4846.417576433982,5003.419200392897,5104.605001994596,4865.732457855927,5074.915202768348,5069.397071115124,5392.851046119901,5143.256188122106,4897.345940140626,4816.89990234375,5072.75,5090.75,35.97317155146895,-182.46413389296777,-31.69827527637125,-150.76585861659652,12.16813814437616,15.472142427642298,-3.3040042832661385,27.77940723111426,32.00634263438456,-75.00922076180258,-4.377266320565503,-14.00264312032556,-223.7001953125,2932.3323259109684,-495.3867647058805,40.743770593798786,-2.478609173993406,-2.5612943756853936,-0.30159420722298824,-0.20641152277715014,-17.12710692738288,-67.60694607118421,-356.6069460711842,-131.66143196807488,-103.58554647586158,-462.86669921874994,0,1,0,-462.86669921874994,0,0,0,1,0,170.62487603953048,289.0,4722.574099363061,5176.889990234376,5631.20588110569,17.551691912647595,0.18073955657755797,4784.696129828685,5142.3311325429095,5499.966135257134,4683.0,5141.25,5599.5,8.947632547686249,0.3164171360683113,4779.232505483369,5176.889990234376,5599.107505483369,6279932.0,30.672361673997628,-0.1343952215923512,1888068.5999196914,-13748.643164910842,-565059.6684864274,4848.2666015625,70965972.3647095,990.9760559416053,17.522922692406382,18.514278578390645,-0.9913558859842633,1.3681665288741405,-1.2770417736897677,227.15794543565752,51600.73217454916,5184.0,5184.0,-0.22553279878175833,-0.9319602830806918,0.9568768737161609,51600.73217454916,4828.09853515625,-39.785009765625,3.26134322198028,260.1737847222222,0.029450137916052332,-0.009265118157627983,-0.14002643120325564,-0.13904161298669837,,,0.02902481301122498,-0.048899593228087235,0.704416626753654,-0.07864988951387775,-0.011541096308635201
2026-04-02 00:00:00+05:30,4899.89990234375,4918.7001953125,4765.0,4893.2998046875,12405,0.0,0.0,5144.679980468751,5427.8919921875,5524.800996093749,,5118.613863223347,5337.534389323512,5481.915312281297,,5033.617582775298,5319.960926011029,4885.241195166339,5125.186895492772,4791.286052215236,4995.47682458778,4817.122819264069,4956.853534367172,5095.194364487277,4834.767424667268,5042.0204736156675,5042.151500178193,5384.201981716231,5121.464969121782,4868.59249594842,4890.0498046875,5025.25,5040.75,36.325892147662024,-179.3931471871947,-22.90183085647854,-156.49131633071616,20.74357717640026,16.003505854760093,4.740071321640169,48.25121720193676,35.45999815891069,-70.60799375436757,-4.956787322763912,-11.63341210496614,-255.2001953125,2938.192305753254,-489.6932186351087,44.118941385307345,-2.2446065248153886,-2.478609173993406,-0.3218365642926102,-0.22978004923325987,-16.57219244434184,-101.29144484672997,-254.99164015922997,-144.0720092576843,-121.12447720998804,-430.48339843749994,0,1,0,-430.48339843749994,0,0,0,1,0,169.415970273314,153.7001953125,4706.971105595159,5144.679980468751,5582.388855342342,17.01598064545543,0.21284546623158107,4765.7631092795245,5118.613863223347,5471.464617167169,4683.0,5111.5,5540.0,9.085650247231076,0.31020895098417184,4766.483463880368,5144.679980468751,5549.908512708494,6292337.0,30.849842462085352,-0.1265163461051373,1896373.5160510603,-8604.607525288826,-472817.9301312235,4859.0,70967622.37091443,991.10906732451,13.223909942223141,11.372212662565923,1.8516972796572178,0.6853136808609374,-1.1486181350736753,218.8544374367958,47897.26478577636,5129.5,5129.5,-0.14672071187728428,-1.1277541328205412,0.9481304391219042,47897.26478577636,4811.492787388393,-32.210009765625,3.264231054784893,258.9300130208333,0.0013301138290471304,-0.01434186631332457,-0.11633412104966145,-0.12518104859435053,-0.13038922966278654,,0.001329230011280034,-0.048899593228087235,0.704416626753654,-0.07864988951387775,-0.011541096308635201
2026-04-06 00:00:00+05:30,4924.0,4950.0,4775.0,4899.2998046875,27662,0.0,0.0,5116.294970703127,5418.45798828125,5511.578994140624,,5097.726810029457,5320.348719337787,5470.378371536865,,5010.248042224703,5299.231820618872,4867.682300326263,5099.816856063144,4785.686457119193,4967.33004082597,4801.67312952347,4914.7917624817355,5079.550371052708,4824.418108925147,5008.08240050819,5008.453024852874,5366.501425328733,5102.515864752259,4864.17128492272,4896.2998046875,4996.5,4979.5,36.67269480371476,-174.46410464350083,-14.37823065022772,-160.0858739932731,30.28610020273249,21.065938507836304,9.220161694896188,75.49457799046965,50.50840080784022,-63.52448487563238,-6.608848557234083,-10.384126491905981,-346.7001953125,2917.3170961947244,-500.4299833409905,49.18929336485224,-1.9314182805354978,-2.2446065248153886,-0.338953057687541,-0.25242418100624997,-15.863925447701721,-52.749949377554,-227.749949377554,-148.56977921618272,-135.4330902252866,-392.4334309895833,0,1,0,-392.4334309895833,0,0,0,1,0,169.81482953950587,175.0,4693.209788035151,5116.294970703127,5539.380153371102,16.53873301248819,0.2435561739042065,4745.1475564612365,5097.726810029457,5450.306063597677,4683.0,5090.75,5498.5,9.082478758566769,0.3102323584640663,4738.484238981799,5116.294970703127,5519.409287809923,6319999.0,39.564048261586755,-0.08854622735533356,1908007.3011626673,-2016.3333621784113,-381562.225826763,4874.7666015625,70971014.19251998,991.10906732451,16.260265088453743,11.52685424703722,4.733410841416523,1.369080614507444,-1.0257753043831737,211.5425913339878,44750.26794829857,5106.0,5106.0,-0.010498933413556875,-1.1909285109364818,0.9349961206324184,44750.26794829857,4798.154185267857,-28.385009765625,3.2643715002961993,257.8635763888889,0.0012261664397208438,-0.031088736341837286,-0.10384126491905976,-0.13805422155392333,-0.1197808471635825,,0.0012254153115945968,-0.048899593228087235,0.704416626753654,-0.07864988951387775,-0.011541096308635201
2026-04-07 00:00:00+05:30,4900.0,4935.2998046875,4794.0,4909.10009765625,27699,0.0,0.0,5089.099975585938,5409.739990234375,5499.3249951171865,,5079.7623612320085,5304.221322409099,5459.263950271903,,4990.515197172619,5279.257001378676,4855.373303540951,5076.84281750786,4786.303425793153,4942.973417776002,4799.860501851664,4877.374060031765,5073.494073379851,4814.159260009657,4976.636039520124,4991.979625746048,5350.380258900864,5086.391086778591,4876.8976629427725,4904.199951171875,4996.5,4971.5,37.27364994531462,-167.83233449758973,-6.197168403453304,-161.63516609413642,35.01766007863375,28.6824458192555,6.3352142593782546,82.52924901084538,68.75834806775059,-60.81454113409879,-3.2212893512814196,-9.974324268178067,-163.39990234375,2898.790975914818,-484.0529411764701,52.2534538450846,-1.603475578850551,-1.9314182805354978,-0.35275030930872475,-0.27406762624626724,-15.129545017449574,-54.07159444415356,-195.37139913165356,-151.38459560610198,-144.7216007536518,-391.75008138020826,0,1,0,-391.75008138020826,0,0,0,1,0,167.77804205007686,141.2998046875,4687.780264607981,5089.099975585938,5490.419686563896,15.771736177446632,0.27574004838803584,4733.847835682191,5079.7623612320085,5425.676886781826,4683.0,5090.75,5498.5,8.983061037208614,0.3112226245999373,4701.995536601998,5089.099975585938,5497.370536601997,6347698.0,47.29216942279785,-0.024922809475752,1925434.4442883627,6407.172822922468,-288273.57714559603,4879.466634114583,70976554.94988865,991.10906732451,18.130853773151614,10.717954345388073,7.412899427763541,1.2647540946179803,-0.8970398064478562,200.65985548897888,40264.37760485789,5087.0,5087.0,0.10169438225598365,-1.2127661128405307,0.9167550352032577,40264.37760485789,4793.345640345982,-27.1949951171875,3.2704470856083137,252.533349609375,0.0020003456329358293,0.01396263506273887,-0.0997432426817807,-0.11683006248875594,-0.10719285302241521,,0.001998347605663293,-0.048899593228087235,0.704416626753654,-0.07864988951387775,-0.011541096308635201
2026-04-08 00:00:00+05:30,5102.0,5120.0,4981.10009765625,5036.0,17181,0.0,0.0,5070.699975585937,5404.9699902343755,5488.889995117186,,5075.5945173051505,5293.702839177369,5450.882485910083,,4985.458056640626,5264.600531173407,4868.804939650846,5065.135144696673,4822.236484578947,4935.372970652469,4818.946348628584,4848.339604355414,5073.050589159034,4845.144092389691,4953.611096793844,4987.957960849292,5349.592279894509,5082.645483284146,4907.506607848618,4972.550048828125,4996.5,4971.5,44.60417369409674,-150.6008148573028,8.82748098946692,-159.42829584676971,45.6131611741104,36.97230715182555,8.640854022284856,89.70972088561965,82.57784929564488,-38.821490467937615,-1.283936097226306,-6.809770540340488,-65.5,2895.9352837907522,-407.29146225873137,53.30083759626048,-0.8619494618224426,-1.603475578850551,-0.36065149029869126,-0.29382237133967914,-12.623242116025388,123.96737217286773,-14.932530170882274,-157.11496892179974,-150.1826213040089,-342.5000813802083,0,1,0,-342.5000813802083,0,0,0,1,0,170.85817492819638,210.89990234375,4697.404676498541,5070.699975585937,5443.9952746733325,14.723620047911037,0.45352208336031974,4722.4528223136485,5075.5945173051505,5428.736212296652,4683.0,5090.75,5498.5,8.637276400438157,0.3293037458682485,4678.703836299686,5070.699975585937,5483.053811885625,6364879.0,53.4441168781627,-0.027913361446418053,1921834.9545162627,8125.390169075225,64375.108470627456,5045.700032552083,71020967.71758123,993.6940604967684,15.212438921195586,6.239631594745635,8.972807326449951,0.744639815541176,-0.18591166655872118,186.64764954369758,34837.34508018695,5064.5,5064.5,0.17390220512632762,-1.0117519198941027,0.8571572087067939,34837.34508018695,4814.97421875,-18.4,3.2794401998098195,245.483349609375,0.025849931722585096,0.06088055614072041,-0.06809770540340487,-0.07883665630144499,-0.08469647400945113,,0.025521470673156917,-0.048899593228087235,0.704416626753654,-0.07864988951387775,-0.011541096308635201
2026-04-09 00:00:00+05:30,5070.0,5118.39990234375,4966.10009765625,5045.10009765625,16537,0.0,0.0,5057.954980468749,5399.331992187501,5477.555996093748,,5072.690286862397,5283.953712058894,5442.847191093176,,4983.019973028274,5250.487986366421,4882.9673176317265,5054.982648169493,4856.275170664248,4929.921635832384,4853.773552341212,4827.771812292524,5072.3599449814565,4871.863721239482,4937.88910065732,4980.379331441678,5342.984132176976,5079.882942753271,4945.48279055978,5040.550048828125,4996.5,4971.5,45.099657528383496,-134.65815418811871,19.8161133269208,-154.47426751503951,54.37320596837088,45.001342407038344,9.371863561332539,95.79969343042008,89.34622110896169,-37.244350492850955,2.2828200234414595,-4.809432119693396,112.60009765625,2742.779785234311,-342.781168141084,58.04423372172031,-0.1673052763574603,-0.8619494618224426,-0.36346909547518846,-0.31113333947550376,-10.550731527831859,115.35763596959987,-36.94216871790013,-163.0511024811378,-154.77000179218732,-238.4833984375,0,1,0,-238.4833984375,0,0,0,1,0,169.53257705386093,152.2998046875,4700.555687014808,5057.954980468749,5415.3542739226905,14.13216585889101,0.4820160769090103,4724.171647643896,5072.690286862397,5421.208926080899,4683.0,5090.75,5498.5,8.327204067812442,0.3242887415780634,4665.069578497282,5057.954980468749,5472.119505255095,6381416.0,48.6580941435636,-0.030859380405989473,1922453.8924727247,8286.560236005113,76676.99510931014,5043.200032552083,71023955.96847363,993.8747614033659,12.48916194457926,2.8130836945034456,9.676078250075815,0.7263040928994628,-0.07193569236395878,178.69964672697037,31933.563740344012,5050.800048828125,5050.800048828125,0.31259100976419063,-0.6587736662794645,0.7969148414988083,31933.563740344012,4833.149958147322,-12.7449951171875,3.293301507148217,237.01334635416666,0.0018070090659749738,0.032393447510762785,-0.04809432119693391,-0.06450953130794546,-0.08834476009102821,,0.0018053783892289642,-0.048899593228087235,0.704416626753654,-0.07864988951387775,-0.011541096308635201
2026-04-10 00:00:00+05:30,5078.0,5185.0,5055.60009765625,5170.60009765625,15951,0.0,0.0,5049.134985351562,5396.773994140626,5468.816997070311,,5082.015030747527,5279.508472278399,5437.456159539969,,4993.748079427084,5241.518108149509,4918.797588768228,5055.245749144577,4918.628742358418,4939.612790174088,4909.608310758252,4818.286559538328,5076.897974945235,4911.181480675008,4935.391496526151,4982.702215552994,5340.118933699916,5085.919820829261,5000.3204119936345,5107.85009765625,4958.800048828125,4952.75,51.537503526130976,-110.62150375855163,35.08221100519032,-145.70371476374194,71.43805286826046,57.141473336913904,14.296579531346552,99.99999999999999,95.16980477201324,-9.620000434430032,4.151477442970088,-3.2990443677529457,206.10009765625,2656.489804731682,-267.02647346047706,62.15181739156181,0.4692270994867631,-0.1673052763574603,-0.359413432566702,-0.32556394465089733,-7.596379438042168,158.0209005855504,28.620998241800407,-168.0538854297823,-159.96177064029322,-157.51668294270831,0,1,0,-157.51668294270831,1,0,0,0,0,167.41595743171015,139.89990234375,4713.74086874762,5049.134985351562,5384.529101955504,13.285210935218808,0.6810781798061811,4740.041042436739,5082.015030747527,5423.989019058315,4683.0,5090.75,5498.5,8.070172057527678,0.33615728885916724,4648.997330708052,5049.134985351562,5465.897233051802,6397367.0,50.4214156292436,0.006511557078883195,1934854.7685835275,11544.90309536783,351701.7815222658,5137.066731770833,71063635.07218319,996.3623235442698,9.958732425160303,0.22612334006759127,9.732609085092712,0.7431928732504612,0.7243127192247253,167.69705830197094,28122.303363134637,5050.800048828125,5050.800048828125,0.2720038079789459,-0.4001040933761912,0.6569670810270211,28122.303363134637,4882.974267578124,-8.8199951171875,3.3084465676065675,224.16712022569445,0.02487562140903843,0.056669385493836266,-0.03299044367752946,-0.040259842662413,-0.05438915551275603,,0.0245712602606836,-0.048899593228087235,0.704416626753654,-0.07864988951387775,-0.011541096308635201
2026-04-13 00:00:00+05:30,5121.2998046875,5198.10009765625,5000.0,5055.39990234375,17806,0.0,0.0,5031.979980468749,5390.691992187501,5459.420996093749,,5079.480256613834,5270.7199009084125,5429.89068910044,,4994.344738188244,5228.1308888633575,4929.513965844937,5046.807872855734,4941.350336854997,4936.046482060088,4962.6096544194725,4814.382377058546,5076.806313614108,4945.2879877238165,4924.505547826596,4973.477829664936,5332.581638860285,5083.686704702508,5044.184620176255,5113.0,4958.800048828125,4940.550048828125,46.1838546900785,-99.71848548386424,36.78818342390218,-136.50666890776643,75.1440859454584,66.98511492736324,8.158971018095158,92.41546494044607,96.07171945695536,-27.703391236343812,-0.02175610909225749,-6.3554709207418725,-1.10009765625,2329.3639403935113,-199.82087689568016,58.45175428929419,0.9702418094010593,0.4692270994867631,-0.35259592170279186,-0.3366379056387098,-5.330601776315174,167.06088353761425,-31.039214118635755,-171.97521875015246,-165.21669391563208,-82.66666666666666,0,1,0,-82.66666666666666,1,0,0,0,0,169.60768173346298,198.10009765625,4739.46953413308,5031.979980468749,5324.490426804418,11.626057634212636,0.5400326247632973,4732.341867636217,5079.480256613834,5426.618645591451,4683.0,5040.75,5398.5,7.566454904873562,0.3411795261206588,4633.325559089526,5031.979980468749,5451.3754858473385,6379561.0,49.15394824948435,-0.01567003895620367,1927007.8819085956,9331.588223504601,8422.287342745753,5084.5,71023963.57102293,996.3623235442698,8.63791443751248,-0.8757557180641857,9.513670155576666,0.8214956332381397,0.1601304990531891,146.25522316783466,21390.590303873116,5050.25,5050.25,0.005815651438695151,-0.5756793306654796,0.5420721869412539,21390.590303873116,4919.074253627232,-17.1550048828125,3.3146550828855146,215.01045572916664,-0.022279850140551116,0.031861715730663764,-0.06355470920741868,-0.05797076263043888,-0.08050201848967808,,-0.022531795232695224,-0.048899593228087235,0.704416626753654,-0.07864988951387775,-0.011541096308635201
2026-04-15 00:00:00+05:30,5156.60009765625,5187.0,5101.0,5169.7001953125,9757,0.0,0.0,5025.289990234374,5383.995996093751,5450.677998046874,,5088.072631727993,5266.75834382622,5424.7384020947375,,5007.460949125744,5219.464543887868,4960.1628985165635,5047.820977716246,4990.827929125278,4946.182748034008,5021.450765037371,4818.318918690073,5086.852871952939,5006.917740381072,4924.9327965637885,4973.3849011022,5324.625525391791,5089.431733605884,5084.286049454144,5112.550048828125,4958.800048828125,4940.550048828125,51.56042844912857,-80.92186961321113,44.46783943564424,-125.38970904885537,85.72104526916097,77.43439469429327,8.286650574867693,92.41546494044607,94.9436432936307,-5.513472521743257,6.778894873747806,-2.5228585780616575,328.2001953125,2242.6678260603358,-126.58321030560546,59.23141730007823,1.457510998507418,0.9702418094010593,-0.3410999833201922,-0.34359600687504777,-2.9444820592843177,136.1520742822404,50.15207428224039,-173.65671265662837,-169.4610039162726,-13.266601562500007,0,1,0,-13.266601562500007,1,0,0,0,0,166.89285429937632,131.60009765625,4753.543268777474,5025.289990234374,5297.036711691275,10.815165770930031,0.7657073548190524,4748.928356432768,5088.072631727993,5427.2169070232185,4683.0,4979.5,5276.0,7.267954389724675,0.3482513849421236,4631.106860185881,5025.289990234374,5435.031786943693,6389318.0,51.88738129973895,0.007200446335559915,1932839.43552869,9433.309361999156,166537.38322179546,5152.566731770833,71046023.7043465,998.6232780716408,3.9472106516307033,-4.4531676031567695,8.400378254787473,0.475197857055887,1.0628294192762102,135.87336072845017,18461.57015564354,5050.25,5050.25,-0.23425365416064917,-0.7134184051112344,0.3393039821058747,18461.57015564354,4971.8028669084815,-6.689990234375,3.33025784846325,198.16180338541665,0.022609545273710063,0.05308510571635483,-0.025228585780616597,-0.04362220047867915,-0.07311515996190054,,0.022357737938317877,-0.048899593228087235,0.704416626753654,-0.07864988951387775,-0.011541096308635201
2026-04-16 00:00:00+05:30,5195.0,5284.7001953125,5156.5,5239.60009765625,18233,0.0,0.0,5026.294995117188,5380.547998046875,5443.228999023437,,5102.503818959256,5265.693314564653,5421.072297056352,,5027.871435546876,5213.801959635416,4999.832753548629,5054.318464109642,5050.412290204859,4963.931993769714,5086.479607409193,4830.508721429077,5121.28423393929,5062.677992785255,4934.904067102954,4981.470067993151,5320.821566322843,5098.980230720058,5122.464781031714,5204.650146484375,4993.300048828125,4983.85009765625,54.55085181605672,-59.69692913313338,52.5542239325776,-112.25115306571098,86.42923094293269,82.43145405251735,3.997776890415338,92.41546494044607,92.41546494044607,-7.495443413114855,10.37708231843796,0.38509622868569787,492.60009765625,2313.8566440128807,-79.9364387063406,59.56815986470941,1.9244425092033044,1.457510998507418,-0.32464163102521315,-0.34615683174196166,0.976714199756849,206.88767360352722,78.68747829102722,-172.1561596259122,-171.91231797820936,57.15006510416666,0,1,0,57.15006510416666,1,0,0,0,0,164.1290929431709,128.2001953125,4751.393701248414,5026.294995117188,5301.1962889859615,10.93852605689987,0.8879667125919115,4771.239913632624,5102.503818959256,5433.767724285888,4683.0,4983.85009765625,5284.7001953125,6.78200137730492,0.34743907713460387,4624.556589937134,5026.294995117188,5440.281565523072,6407551.0,58.605899697387486,0.03132216879611783,1938243.9046740849,10336.952795645455,324815.60268062376,5226.933430989583,71070676.67978574,998.6232780716408,4.0037925622086235,-3.5172685540630795,7.521061116271703,0.9729871072404371,1.551866850367644,137.45064693438707,18892.68034268153,5050.25,5050.25,-0.1939521812490573,-0.6953333281542683,0.11106903581530737,18892.68034268153,5031.02431640625,1.0050048828125,3.3484611460438383,184.92091796875,0.013521074666405175,0.040428931226419884,0.003850962286856996,-0.03577473359288741,-0.05948660964705621,,0.01343048064183228,-0.048899593228087235,0.704416626753654,-0.07864988951387775,-0.011541096308635201
2026-04-17 00:00:00+05:30,5269.7998046875,5410.0,5256.2001953125,5391.0,16241,0.0,0.0,5040.319995117188,5378.527998046876,5437.768999023437,,5129.979645725041,5270.607302228784,5420.476806025533,,5062.605245535715,5214.21184206495,5061.945858379709,5072.242943861076,5139.046785984899,4997.901317696789,5164.384058187905,4853.378126799097,5182.860462916209,5141.346773978326,4954.515672314603,4995.11482416313,5316.524640824092,5115.673454032609,5178.791748407374,5315.300048828125,5069.0,5046.5,60.271765088664736,-30.309910289318395,65.55299422111406,-95.86290451043246,94.79253467004042,88.98093696071135,5.811597709329078,99.99999999999999,94.94364329363071,-2.613480055020634,10.317594652207008,5.48869973583798,504.2001953125,2651.885472639597,-12.872304400274516,61.46938624465042,2.3730217199308132,1.9244425092033044,-0.3013853535960398,-0.34388447499789826,5.656305087071896,287.446409963738,133.646605276238,-166.97756370370726,-171.76308783649017,183.7333984375,0,1,0,183.7333984375,1,0,0,0,0,164.5770079003551,170.39990234375,4722.119074892839,5040.319995117188,5358.520915341537,12.626218991357936,1.051035497690521,4797.807559506898,5129.979645725041,5462.151731943185,4683.0,5046.5,5410.0,6.345331112159084,0.3516890137947363,4639.213434615692,5040.319995117188,5446.388361373504,6423792.0,67.3446212998523,0.07064734260587802,1950472.1687590168,13657.713427738752,629682.7757212266,5352.400065104167,71117605.56306186,1001.5128097061538,3.090130417341074,-3.5447445591445037,6.634874976485578,0.9049322456984933,2.2041419907620856,159.10046011217435,25312.956407905578,5050.25,5050.25,0.27602152133106045,-0.15038401686210356,-0.07562439515216125,25312.956407905578,5107.175746372768,14.025,3.3639485590857405,174.79669596354168,0.028895316345129762,0.06856155391335861,0.054886997358379874,-0.00791313949208683,-0.02803569818804652,,0.028485718290063397,-0.048899593228087235,0.704416626753654,-0.07864988951387775,-0.011541096308635201
2026-04-20 00:00:00+05:30,5391.0,5550.0,5347.0,5502.89990234375,13616,0.0,0.0,5058.039990234375,5378.61599609375,5433.742998046874,,5165.495860641109,5279.716815958783,5422.108946546685,,5106.660474795387,5219.089171645221,5136.075199871774,5097.883729934317,5240.768867940468,5042.340448812135,5258.494289413386,4887.361481773148,5263.352768766012,5233.266128837533,4980.115050054716,5010.843308729128,5316.911024839862,5136.331145334902,5259.847316082143,5446.949951171875,5124.949951171875,5116.5,63.889690603152054,1.9860073426798408,78.27912948248984,-76.29312213981,94.81951310553691,92.01375957283668,2.805753532700237,99.99999999999999,97.47182164681534,-5.4325372152537525,12.457853023276607,6.883556421166359,609.60009765625,3038.5643618929744,56.319156422335254,63.8720867389108,2.807274183009417,2.3730217199308132,-0.2710856711955034,-0.33634365427656077,9.529419802219106,373.11122249123946,170.11122249123946,-158.89072957764918,-168.4691481489194,314.28336588541663,0,1,0,314.28336588541663,0,0,0,1,0,167.32150733604405,203.0,4680.529177750831,5058.039990234375,5435.550802717919,14.927158077532377,1.0892015505234918,4826.292544538979,5165.495860641109,5504.699176743239,4683.0,5116.5,5550.0,6.1081611155215425,0.35708520289458656,4643.2599932219255,5058.039990234375,5472.059919979738,6437408.0,67.2289709427102,0.09266202482608726,1957769.7950675143,16096.568109231768,757389.3892342657,5466.63330078125,71145868.0203112,1003.588489586394,1.102430045643145,-4.425955944673946,5.5283859903170915,0.753585007997432,2.356806202093967,188.7554062417721,35628.60338549642,5050.25,5050.25,0.701119284766128,0.37132788581921733,-0.23768508012948408,35628.60338549642,5203.901443917411,17.7199951171875,3.379871713684147,173.643359375,0.02075679880240222,0.06426716404506427,0.06883556421166359,0.019149903202842822,-0.013463624535003604,,0.020544311790421262,-0.048899593228087235,0.704416626753654,-0.07864988951387775,-0.011541096308635201
2026-04-21 00:00:00+05:30,5502.89990234375,5579.7001953125,5401.0,5469.0,8174,0.0,0.0,5069.189990234375,5374.37599609375,5430.3779980468735,,5194.401016770527,5287.139685921183,5423.037482258632,,5145.799523344494,5222.633642386642,5193.934607810603,5119.5690861752755,5314.8541543669835,5079.907146031402,5349.8662809878915,4928.864388548989,5306.825153519186,5309.040773933363,5005.777204954532,5016.863588701727,5300.78315758709,5154.818061661363,5343.44281990859,5485.949951171875,5124.949951171875,5131.35009765625,62.04624932529334,24.5621784361374,80.68424046075792,-56.12206202462052,93.20289922072914,94.27164899876882,-1.0687497780396882,98.28744808092395,99.42914936030797,-12.345285067538203,11.628196232600999,4.250857796416317,569.7001953125,3276.5645223567813,137.20122213924697,63.38132734879215,3.231050106836529,2.807274183009417,-0.23702389169127924,-0.3234851634301779,13.363600980126137,361.08124316213434,182.38104784963434,-148.46808497535233,-162.06013852732957,399.800048828125,0,1,0,399.800048828125,0,0,0,1,0,168.13427076293377,178.7001953125,4656.7476679688625,5069.189990234375,5481.632312499887,16.27251387539503,0.9846859647786642,4853.464645951934,5194.401016770527,5535.337387589121,4683.0,5131.35009765625,5579.7001953125,5.4527831345515025,0.35374819495156945,4649.188491742962,5069.189990234375,5495.038467328899,6429234.0,73.65182542725917,0.0732710887513479,1955816.627664009,15009.49465879728,609605.504806826,5483.2333984375,71140832.53344655,1002.9724525341969,-3.238812070543346,-7.01375844868835,3.774946378145004,0.507087688824095,1.9387438591146582,206.22116113275604,42527.16729894213,5050.25,5050.25,0.7757573834990664,0.06363897133810288,-0.41697801331399015,42527.16729894213,5299.018589564732,11.15,3.3909814493844146,173.71002604166668,-0.006160370521970049,0.08181352724727065,0.042508577964163186,0.018246136659839873,-0.01778017241379315,,-0.00617942389531725,-0.048899593228087235,0.704416626753654,-0.07864988951387775,-0.011541096308635201
2026-04-22 00:00:00+05:30,5474.89990234375,5500.0,5377.0,5478.2998046875,20112,0.0,0.0,5089.47998046875,5369.8119921875,5427.855996093748,,5221.438996572144,5294.636161166921,5424.131785673065,,5184.762362816221,5226.709085860906,5245.479941619389,5140.839453313817,5377.056661176888,5115.96662264122,5430.3902328319455,4975.9494959393005,5343.054873389254,5367.284472546852,5034.456514931805,5040.1661130728935,5293.806270622989,5172.931125686464,5411.503095333355,5473.64990234375,5194.849853515625,5132.10009765625,62.3670438310122,42.7120156674946,79.0672621536921,-36.355246486197494,90.29835293501361,92.77358842042655,-2.475235485412938,96.46935276930229,98.25226695007541,-11.327118912167212,11.594787144450422,7.999996149581074,569.19970703125,3474.4813799381477,201.39533978630607,63.75278049768899,3.0367022397991423,3.231050106836529,-0.20078597757686723,-0.3057223286833086,16.97575375418697,244.28378320147203,121.28378320147203,-136.36215373368765,-153.00955775723298,476.81673177083326,0,1,0,476.81673177083326,0,0,0,1,0,164.91039427986706,123.0,4638.249525000967,5089.47998046875,5540.710435936533,17.731888412938563,0.9308439506988364,4889.544184879131,5221.438996572144,5553.333808265157,4683.0,5131.35009765625,5579.7001953125,4.39820581689223,0.3277122001629781,4668.72395137237,5089.47998046875,5504.948926958307,6449346.0,77.33874449802943,0.13107679869931912,1968832.1345237652,17341.580915469676,549238.6715308509,5451.7666015625,71144252.49453405,1002.9724525341969,-0.6641940165825413,-3.5513123157820363,2.887118299199495,1.3093068069371387,1.7233758027953439,225.61522773389174,50902.23098541583,5050.25,5050.25,0.6404566502875786,-0.5946827813334934,-0.47073589331590987,50902.23098541583,5375.327127511161,20.289990234375,3.399349770469946,174.55335286458333,0.0017004579790638186,0.05969390829565224,0.07999996149581068,0.02493915896866228,-0.015667989455125375,,0.001699013837297684,-0.048899593228087235,0.704416626753654,-0.07864988951387775,-0.011541096308635201
2026-04-23 00:00:00+05:30,5475.89990234375,5492.89990234375,5319.0,5350.89990234375,14838,0.0,0.0,5101.949975585938,5359.149990234374,5424.219995117186,,5233.76860664563,5296.842582389542,5422.681649369514,,5209.659498232887,5225.967435278799,5266.675299373911,5151.197012881824,5393.74229354211,5135.131073194895,5479.970602213541,5023.227668832106,5343.683148410683,5394.847828212033,5056.29350668693,5051.359603746741,5249.028387211632,5184.0345070467665,5436.607504784223,5414.599853515625,5198.099853515625,5172.35009765625,55.452361714496895,46.282271822275106,66.11001464677808,-19.827742824502977,82.74786983593658,88.74970733055977,-6.001837494623189,86.26595875077984,93.67425320033536,-28.083986512484827,6.252976615245235,4.888756294104675,314.89990234375,3578.6063153503874,246.10648839613987,62.01373784233607,2.573601332004162,3.0367022397991423,-0.16666417073692985,-0.28385511482350206,18.281332684546044,223.5860161816181,49.686113837868106,-126.81957096495687,-142.561796326781,517.8833821614584,0,1,0,517.8833821614584,0,0,0,1,0,165.55250199871585,173.89990234375,4635.783466404362,5101.949975585938,5568.116484767514,18.27405252549692,0.7670182454707875,4900.359033715046,5233.76860664563,5567.178179576214,4683.0,5131.35009765625,5579.7001953125,3.6703979288053787,0.3416499087350962,4672.193897362664,5101.949975585938,5530.76884853454,6434508.0,70.06057836420982,0.10859308825084478,1959437.849495392,13730.018155492144,200724.61117264908,5387.599934895833,71109746.17289464,1000.6469152893251,-1.2791153329329013,-3.3329869057059174,2.053871572773016,0.9809275113211913,1.0680729818831498,233.08325459078782,54327.80357063401,5050.25,5050.25,0.48483217455528177,-0.9917448316818378,-0.5419741414402031,54327.80357063401,5425.078543526786,12.4699951171875,3.3970820398689474,172.783349609375,-0.02325537244871856,0.02124204187592227,0.04888756294104679,0.01448476677291688,-0.038645364293253714,,-0.023530045393508135,-0.048899593228087235,0.704416626753654,-0.07864988951387775,-0.011541096308635201
2026-04-24 00:00:00+05:30,5350.89990234375,5384.60009765625,5290.0,5348.5,7462,0.0,0.0,5122.749975585939,5349.209990234374,5420.1999951171865,,5244.695406012713,5298.868363472306,5421.212705817643,,5233.140452938988,5225.549788602941,5284.35427981328,5160.880723613034,5405.42877169753,5152.802439458414,5502.910577482413,5069.070768358575,5344.051815843168,5407.376597176959,5075.595722110973,5063.645887615701,5232.981937483948,5194.402394871389,5427.112817323048,5349.699951171875,5201.099853515625,5177.35009765625,55.32791869173107,48.360602562021995,54.55067630921998,-6.190073747197983,77.28589103396678,83.44403793497233,-6.158146901005551,77.49269514670154,86.74266888892788,-28.731221473447633,6.013753869515837,8.43385707045109,303.39990234375,3599.0376158271256,250.25383013556893,59.93195822119526,1.9753122884097956,2.573601332004162,-0.13497204347651115,-0.25891718270236974,18.667606324839333,103.97390951727994,9.373811861029935,-122.61602506962527,-132.9079265737111,560.6000162760416,0,1,0,560.6000162760416,0,0,0,1,0,160.48447311711115,94.60009765625,4651.324569720182,5122.749975585939,5594.175381451696,18.40516941535237,0.7394334518304955,4925.020059521947,5244.695406012713,5564.370752503479,4683.0,5131.35009765625,5579.7001953125,3.124273417517444,0.3143845420919316,4701.43728357121,5122.749975585939,5534.912259157149,6427046.0,66.20985041244379,0.15221672590390775,1961204.7406025918,11566.569819111377,169491.370820976,5341.033365885417,71109411.49888436,1000.6020648457072,-5.603621768513908,-6.125994673029539,0.5223729045156313,0.5247907729094873,0.9577338073219821,235.71270293287847,55560.47832392341,5055.949951171875,5055.949951171875,0.2624882497980584,-1.2150178593803824,-0.5191883836434606,55560.47832392341,5453.921407645089,20.8,3.393743454543849,174.40001627604167,-0.0004485044361788315,-0.00788350955295869,0.084338570704511,0.004036042800825923,-0.034130925507900645,,-0.00044860504437674087,-0.048899593228087235,0.704416626753654,-0.07864988951387775,-0.011541096308635201
2026-04-27 00:00:00+05:30,5360.0,5498.5,5351.0,5421.60009765625,6990,0.0,0.0,5145.60498046875,5341.171992187499,5416.9159960937495,,5261.543471883526,5303.68137265599,5421.22037694316,,5261.602369326637,5228.388616344975,5312.66879825287,5175.729276516701,5432.586795615132,5177.609780804991,5514.497812774789,5114.460903463399,5348.952447827134,5443.607425347605,5096.050799491425,5079.107189610242,5221.814745722433,5208.07679673347,5408.964067783507,5385.050048828125,5206.0,5186.85009765625,58.3909233241576,55.26915321033266,49.16738156602452,6.101771644308146,74.35420018240353,78.12932035076896,-3.775120168365433,72.42425744654048,78.72763711467395,-20.12219146685692,4.85436884035519,9.207374310731192,251.0,3742.833088546863,246.1729477826275,58.32245963129839,1.6886529307440714,1.9753122884097956,-0.10422280064169565,-0.23132016925113685,19.190858696424517,197.73468192999007,50.234681929990074,-121.65466559649265,-126.14800189989077,533.2833658854166,0,1,0,533.2833658854166,0,0,0,1,0,159.73558218017465,150.0,4662.311367220923,5145.60498046875,5628.898593716577,18.784714920102573,0.7855356553677164,4943.74196791569,5261.543471883526,5579.344975851362,4683.0,5131.35009765625,5579.7001953125,2.6071469198776707,0.3161174231436609,4739.05917364586,5145.60498046875,5542.159149231798,6434036.0,63.22360119445959,0.1616141316205354,1960906.1939262147,9535.02430091612,218273.98679186337,5423.700032552083,71118965.01262873,1001.9688050094213,-9.516347581162512,-8.030976388542514,-1.4853711926199973,0.524660546877932,1.1421426214708654,241.64680662391362,58393.17915153511,5113.10009765625,5113.10009765625,0.054405886478063506,-1.3785513006255485,-0.4685061880872783,58393.17915153511,5493.597147042411,22.8550048828125,3.3882128903029054,176.88668619791667,0.013667401637141197,-0.014773993009190245,0.09207374310731198,0.023233008899924412,-0.1750456333450624,,0.013574845088158429,-0.048899593228087235,0.704416626753654,-0.07864988951387775,-0.011541096308635201
2026-04-28 00:00:00+05:30,5421.60009765625,5520.0,5383.0,5407.0,7248,0.0,0.0,5163.129980468751,5332.511992187499,5413.795996093749,,5275.396474561285,5307.733083532226,5420.938785320523,,5286.497133091519,5230.970106847426,5334.186391318188,5188.69153690694,5449.6182564251685,5199.05941212875,5517.430346193519,5157.937564804317,5356.62096536809,5462.720985284738,5121.362532844702,5087.153561514132,5214.211545280967,5220.307218907514,5396.446105139548,5414.300048828125,5269.449951171875,5272.900146484375,57.542288048851056,58.88730728745304,42.22842851451591,16.658878772937125,74.33372937698459,75.32460686445162,-0.9908774874670314,71.65671995510577,73.85789084944926,-28.14539892874166,6.954941338928371,6.931672105211114,351.60009765625,3838.1089520858814,238.43969295726038,51.309368649453084,1.6030002769854463,1.6886529307440714,-0.0753034471886127,-0.20178722079207245,18.826408669363023,204.05829879713383,67.05829879713383,-118.60028054256351,-122.32687213995936,467.61669921874994,0,1,0,467.61669921874994,0,0,0,1,0,158.11161202444788,137.0,4668.162559941623,5163.129980468751,5658.097400995878,19.173153587049168,0.7463495670801263,4961.76654239991,5275.396474561285,5589.02640672266,4683.0,5131.35009765625,5579.7001953125,2.0169911928807776,0.3126032819547796,4761.262559037735,5163.129980468751,5559.362534623672,6426788.0,59.70601714459986,0.15146384300031762,1956197.6391816891,6338.94059740426,171974.63041981147,5436.666666666667,71117013.16251242,1001.9688050094213,-12.629251267154489,-8.915104059627593,-3.7141472075268958,0.5908486928450897,0.9853982683205054,247.4837102635638,61248.186845819604,5170.150146484375,5170.150146484375,-0.11417605715653295,-1.487981957560553,-0.43651134885468185,61248.186845819604,5533.231438337054,17.525,3.3851997674571335,177.17001953125,-0.002692949939734901,-0.011336624611446355,0.06931672105211106,0.008862767049164999,-0.1922617269196295,,-0.002696582452339193,-0.048899593228087235,0.704416626753654,-0.07864988951387775,-0.011541096308635201
2026-04-29 00:00:00+05:30,5385.10009765625,5480.0,5385.10009765625,5475.2998046875,9257,0.0,0.0,5194.819970703125,5325.29798828125,5412.108994140624,,5294.434886954257,5314.3043274991,5422.015241149571,,5316.227592540923,5236.56962890625,5364.850994280336,5206.244624944938,5479.80828274924,5226.757100344031,5521.011053186721,5201.364497643709,5370.5349118577105,5486.366559230834,5149.901241728243,5114.014192381715,5210.93308283734,5235.357761225819,5404.515027127991,5441.14990234375,5274.0,5272.900146484375,60.43891343854809,66.49938043078146,39.872401326275465,26.626979104505992,78.23933568683368,75.6424217487406,2.5969139380930812,76.02089082606115,73.3672894092358,-17.014402543900342,5.911360385116627,13.090980164979861,305.599609375,3849.5179555621407,237.13058363970504,51.088655112419794,1.372922290470878,1.6030002769854463,-0.04698764916852838,-0.17093677836355192,18.642453036614597,141.292855442186,46.39295309843601,-110.02403214281762,-118.85832491509254,421.36661783854163,0,1,0,421.36661783854163,0,0,0,1,0,153.59648990439803,94.89990234375,4705.4305347158115,5194.819970703125,5684.209406690439,18.84143969366755,0.786560981254656,4992.598300266584,5294.434886954257,5596.27147364193,4683.0,5131.35009765625,5579.7001953125,1.7151155249495558,0.26021774218154875,4800.8853155524475,5194.819970703125,5570.0852667243225,6436045.0,58.191290400470855,0.23176346903002776,1964537.6791652243,7108.833568237489,237728.43921586522,5446.799967447917,71128706.36192045,1001.9688050094213,-13.875171875129352,-8.128819734081965,-5.746352141047387,0.7577084578173215,1.1462439250186238,244.69471799365698,59875.505013995324,5205.10009765625,5205.10009765625,-0.29813556794231505,-1.3648720234106002,-0.1945873658057576,59875.505013995324,5559.042836216518,31.689990234375,3.380504673065977,183.19645616319443,0.012631737504623652,-0.0005476151556059738,0.1309098016497987,-0.005304786140884699,-0.166874649317179,,0.012552622650517764,-0.048899593228087235,0.704416626753654,-0.07864988951387775,-0.011541096308635201
2026-04-30 00:00:00+05:30,5430.0,5480.0,5413.2001953125,5465.7001953125,6426,0.0,0.0,5230.75498046875,5317.9419921875,5410.215996093749,,5310.745868702662,5320.241420354528,5422.880289746857,,5342.025709170387,5242.075597809436,5389.2132350081465,5222.123618879273,5500.506682699474,5251.383706083625,5521.3708144362145,5244.218393161202,5378.577590362011,5491.512638411231,5183.195325998704,5166.182308344149,5206.85969471798,5249.207709486414,5423.128132298609,5470.5,5279.14990234375,5289.85009765625,59.82116818211519,70.93964689856512,35.4501342352473,35.48951266331782,78.39162033649339,76.98822846677055,1.4033918697228387,75.24794847049192,74.30851975055295,-19.665337517877813,4.315216685284587,15.140092591373499,226.10009765625,3757.886006197041,240.61796300551396,54.03259805995883,1.2190089023114885,1.372922290470878,-0.020145606798294136,-0.13968791760824686,17.674489878119623,123.15099104865931,56.35118636115931,-99.80876487220898,-113.11867597324398,392.24999999999994,0,1,0,392.24999999999994,0,0,0,1,0,147.3967266746196,66.7998046875,4775.460635733466,5230.75498046875,5686.049325204033,17.408360607037373,0.7580146421326096,5024.931851282863,5310.745868702662,5596.559886122461,4684.5,5132.10009765625,5579.7001953125,1.3880606583264525,0.24383777681865043,4848.272479763094,5230.75498046875,5589.547382106844,6429619.0,65.08538888435393,0.3016168427320458,1968212.4572012753,7946.779743391089,194954.79220734877,5452.966796875,71127579.71877679,1001.793479279006,-16.71276561979647,-8.773130782999267,-7.939634836797204,0.5822550831792976,1.0320585685304378,227.64717236764193,51823.23508698287,5294.050048828125,5294.050048828125,-0.35733801809267846,-1.5010236369268346,0.13395523759927885,51823.23508698287,5564.567166573661,35.935009765625,3.3740129935622334,191.9502408854167,-0.0017532573041537658,0.021454389927658024,0.151400925913735,0.009922430767276502,-0.14202963734204532,,-0.0017547960585590071,-0.048899593228087235,0.704416626753654,-0.07864988951387775,-0.011541096308635201
2026-05-01 00:00:00+05:30,5465.7001953125,5465.7001953125,5465.7001953125,5465.7001953125,0,0.0,0.0,5259.7,5311.025996093749,5408.577998046873,,5325.503423617884,5325.945686039155,5423.728208668948,,5364.401443917412,5247.870037147672,5409.849780912809,5237.15621047561,5515.862939719218,5274.231352489083,5516.965561671401,5286.274042937187,5380.931214730818,5485.511481255995,5213.928857944833,5190.854399101831,5195.496659837175,5262.363186471814,5442.589151394874,5465.7001953125,5279.14990234375,5289.85009765625,59.82116818211519,73.61005912376731,30.49643716835959,43.11362195540772,81.21830747344801,79.28308783225836,1.9352196411896472,78.55940461309714,76.60941463655007,-19.665337517877813,1.3856463608328695,11.84620638786367,74.7001953125,3672.5273515212857,262.74798655790346,50.222041628376985,1.2281874831094517,1.2190089023114885,0.004822658717751338,-0.1090314365067741,15.979006011449394,93.3010168809933,93.3010168809933,-91.3143005130046,-104.93002918093687,366.31665039062494,0,1,0,366.31665039062494,0,0,0,1,0,136.86838905500392,2.220446049250313e-16,4823.260030155313,5259.7,5696.139969844687,16.59562217786896,0.7360006066651138,5066.909788809495,5325.503423617884,5584.097058426274,4765.0,5172.35009765625,5579.7001953125,1.3997691652629967,0.2305470268031565,4915.367703858808,5259.7,5584.392606202558,6429619.0,61.657102203740266,0.2929288082076939,1968212.4572012753,7567.141383827198,167104.10760629896,,71127579.71877679,1001.793479279006,-23.88828119716785,-12.758917088296515,-11.129364108871334,0.0,0.9440024266604553,218.21998492234346,47619.9618195078,5349.699951171875,5349.699951171875,-0.548568913035941,-1.2599360197969776,0.3419157663592794,47619.9618195078,5573.804331752232,28.94501953125,3.3637457617146636,200.79578342013883,0.0,0.021912722317004807,0.11846206387863667,-0.0047887481222687045,-0.14276973097357282,,0.0,-0.048899593228087235,0.704416626753654,-0.07864988951387775,-0.011541096308635201
2026-05-04 00:00:00+05:30,5465.0,5715.5,5432.5,5565.0,29195,0.0,0.0,5293.285009765625,5305.63599609375,5408.307998046872,,5348.312621368562,5335.320365018011,5426.525669883425,,5393.477634393602,5257.82980200674,5445.2628854574405,5259.019874181743,5552.583087667293,5306.640309677758,5520.384640743371,5330.003234562905,5385.067759101505,5502.2246735173285,5247.637530182291,5241.181880073409,5203.317207989874,5279.6476664233205,5468.5687033394515,5515.35009765625,5367.35009765625,5408.25,64.20972752838367,82.7847533023596,31.736905077561502,51.0478482247981,78.72595616519021,79.44529465837721,-0.7193384931869957,84.68104926529611,79.49613411629505,-24.49145646867372,1.128497678647595,13.726937284101208,62.10009765625,3661.1958912321156,287.53181008731644,54.34357349570195,1.478734473649052,1.2281874831094517,0.029868835355140178,-0.07937668905717195,15.10150844086725,315.58641848727984,32.58641848727984,-85.82305858837951,-96.3488702502707,347.316650390625,0,1,0,347.316650390625,0,0,0,1,0,147.30636126536078,283.0,4872.463956703508,5293.285009765625,5714.106062827741,15.90018494321542,0.8228391120848559,5060.442189875257,5348.312621368562,5636.183052861867,4775.0,5245.25,5715.5,1.266802352422395,0.2340246180410466,4936.287185496577,5293.285009765625,5637.637039012202,6458814.0,74.69271170245685,0.24099734957095661,1966355.5314062224,6133.072812504834,557383.2062127652,5571.0,71180620.64115189,1001.793479279006,-8.559868396873238,2.0555965695984764,-10.615464966471714,2.6613006143917155,1.2913564483394249,210.410526531058,44272.58967507706,5370.949951171875,5370.949951171875,-0.6613214077018409,-0.9354642540947813,0.5141824110060881,44272.58967507706,5593.862883649554,33.585009765625,3.3550157290574942,213.96845052083336,0.018167810369961623,0.02644973804057238,0.13726937284101215,0.012094207511139432,-0.1209919444005686,,0.018004747735681552,-0.048899593228087235,0.704416626753654,-0.07864988951387775,-0.011541096308635201
2026-05-05 00:00:00+05:30,5501.0,5605.0,5469.0,5541.0,12466,0.0,0.0,5325.370019531249,5301.055996093751,5408.072998046872,,5366.663800285842,5343.386233056521,5428.792488301575,,5417.069538225447,5267.05976294424,5470.98415348189,5277.827477819458,5574.751559911575,5333.900936322709,5527.583907560538,5373.4096668787715,5389.354937609178,5511.889008926392,5286.573313312398,5289.12956203864,5205.815005451479,5295.035075883165,5493.494200631421,5553.0,5402.300048828125,5436.0,62.43472727339465,87.11495810550241,28.853687904563444,58.26127020093897,74.87558268426815,78.27328210763545,-3.3976994233672997,86.2148970825606,83.15178365365128,-31.216457960644007,1.3165112452002194,13.09779398881736,72.0,3409.877013198922,298.46269244025643,53.20086369681222,1.5967773026966134,1.478734473649052,0.053609650997432645,-0.051110508104471965,13.383912148697764,184.93121584623987,48.931215846239866,-84.17638615271026,-89.70997820461457,308.0499674479167,0,1,0,308.0499674479167,0,0,0,1,0,146.49876403212073,136.0,4934.223628478482,5325.370019531249,5716.516410584017,14.689923502712656,0.7756384635026086,5080.304838458565,5366.663800285842,5653.022762113118,4794.0,5254.75,5715.5,1.2720265885451338,0.23647697474400964,4974.739297323859,5325.370019531249,5666.339150839484,6446348.0,67.74523077442399,0.2146943531943579,1967088.8255238694,5222.17717871489,435016.4624680845,5538.333333333333,71175244.46864516,1001.3622124326448,-7.986110087029218,2.1034839035539985,-10.089593990583216,1.0935663280523538,1.1025538540104347,195.5731955263836,38248.87480840108,5399.0,5399.0,-0.7786344765599346,-0.6461030392767064,0.6133026521973761,38248.87480840108,5600.46857561384,32.085009765625,3.348493771839014,224.45733940972224,-0.004312668463611891,0.02478268910671355,0.13097793988817363,-0.024643548671008597,-0.10937876717833317,,-0.004321994842295583,-0.048899593228087235,0.704416626753654,-0.07864988951387775,-0.011541096308635201
2026-05-06 00:00:00+05:30,5568.0,5663.0,5524.0,5647.0,6782,0.0,0.0,5362.2650146484375,5297.5859960937505,5409.927998046872,,5393.362485972904,5355.292655289598,5433.1134291272865,,5447.7009649367565,5280.626194469975,5511.903521152861,5303.744335344592,5618.654648765159,5371.079841147927,5549.546417579815,5418.593076420172,5406.520555905756,5552.95673166257,5336.001810829559,5340.07309276236,5203.088380576068,5314.469673972361,5529.205666041475,5594.0,5497.75,5485.85009765625,66.80003199227077,97.97064610676262,31.767500724658916,66.2031453821037,76.45935988803438,76.68696624583092,-0.2276063577965317,93.87437244991253,88.25677293258974,-14.914005906579098,3.0794261235603044,15.031266172308145,168.7001953125,3172.7948192802533,320.12327090992585,57.79365777368294,1.8848882471331592,1.5967773026966134,0.0779577041965629,-0.023930299778528327,12.546433618354342,210.51247072534807,71.51247072534807,-82.7790222445718,-85.68203537329265,271.75,0,1,0,271.75,0,0,0,1,0,145.96313802982638,139.0,4998.17450983746,5362.2650146484375,5726.355519459415,13.579728111772475,0.8910222617579479,5107.799615748226,5393.362485972904,5678.925356197583,4966.10009765625,5340.800048828125,5715.5,1.2720265885451338,0.24015242704198433,5011.436775762103,5362.2650146484375,5702.461678105853,6453130.0,65.61830814037938,0.1843500562173559,1972309.5017828622,6035.918940142728,475570.11068692955,5611.333333333333,71188218.51665093,1003.275224524325,-11.158758408362207,-0.8553315342231915,-10.303426874139015,0.6737264563299691,1.5640890470317923,182.04525240548844,33140.47392337799,5414.300048828125,5414.300048828125,-0.6290497815236681,-0.6673048623947866,0.7173901750095067,33140.47392337799,5618.572865513393,36.8949951171875,3.346712965339951,235.32333984375,0.019130120916801996,0.03135904908175147,0.15031266172308144,-0.010426706387452911,-0.07946857934632001,,0.018949440805487015,-0.048899593228087235,0.704416626753654,-0.07864988951387775,-0.011541096308635201
2026-05-07 00:00:00+05:30,5715.0,5753.0,5610.0,5662.5,15881,0.0,0.0,5393.590014648438,5297.48599609375,5412.342998046872,,5418.99463016596,5367.340002140986,5437.655737461399,,5476.294773065477,5294.936547564338,5549.4370305510665,5329.388086815746,5656.789285957329,5407.146196830096,5582.360009469696,5464.488700014562,5475.484009669033,5593.294185789944,5379.225276887713,5380.965924856787,5209.89769098271,5333.758061603015,5569.327002494547,5654.75,5505.5,5521.5,67.39665594087768,106.5958074056798,32.314129618860875,74.28167778681893,78.10769994922657,76.4808808405097,1.626819108716873,93.87437244991253,91.32121399412854,-19.54643628509719,5.823321372910861,12.44042891183479,311.60009765625,3061.76763779568,350.6767807904416,58.19164541086228,2.2476211882033588,1.8848882471331592,0.1022136138161045,0.0024236621428734098,11.524912380281968,270.5106891931546,127.51068919315458,-80.36923462606474,-83.35051833483473,253.21671549479166,0,1,0,253.21671549479166,0,0,0,1,0,145.75148531341023,143.0,5040.040768859639,5393.590014648438,5747.139260437238,13.109978505173583,0.8803006067112376,5133.390128534108,5418.99463016596,5704.599131797812,4966.10009765625,5359.550048828125,5753.0,1.2720265885451338,0.23026241873153308,5042.460721582826,5393.590014648438,5734.510648340639,6469011.0,65.74453477988702,0.18284403567380478,1968089.3759087364,4477.326069855364,442796.59487451107,5675.166666666667,71192577.56570353,1003.275224524325,-7.597277348039439,2.1649196208796617,-9.7621969689191,1.561446114820022,1.52120242684495,176.77462289439976,31249.267299457246,5443.650146484375,5443.650146484375,-0.630025126396247,-0.2547109730267867,0.7714972486364459,31249.267299457246,5641.704289899553,31.325,3.3499534143590637,245.14934027777775,0.0027448202585442782,0.036006329958653716,0.12440428911834789,-0.03764445955132567,-0.06859116703676293,,0.002741060118452684,-0.048899593228087235,0.704416626753654,-0.07864988951387775,-0.011541096308635201
2026-05-08 00:00:00+05:30,5707.5,5775.5,5642.0,5682.0,12577,0.0,0.0,5425.435009765627,5298.16599609375,5415.272998046871,,5444.042760626345,5379.679609900163,5442.494237709689,,5503.762390718007,5310.015528109681,5584.724669486551,5355.071706552377,5691.117217760165,5442.601196309209,5619.6173378525755,5509.997598462161,5533.854387117281,5626.54234927126,5422.028214865156,5418.475437440483,5215.872412104758,5353.072468097727,5609.4547989487255,5672.25,5515.25,5532.75,68.17159140789887,113.69420093154622,31.53001851578182,82.1641824157644,82.09368713761837,78.8869156582931,3.206771479325269,99.99999999999999,95.91624829994169,-19.258496395468594,6.235393100869403,12.624128164268297,333.5,2831.358972278403,383.03674172794126,52.21467520083542,2.64121057208044,2.2476211882033588,0.12593485292751172,0.02799673476167423,10.87678615546362,264.50916216556107,131.00916216556107,-79.06952473980577,-81.59040410563152,218.78336588541669,0,1,0,218.78336588541669,0,0,0,1,0,144.8763792195952,133.5,5089.769417463226,5425.435009765627,5761.100602068028,12.373776174563423,0.8821735026139256,5160.210116292765,5444.042760626345,5727.875404959925,5000.0,5387.75,5775.5,1.2720265885451338,0.22995362388111593,5078.061784342874,5425.435009765627,5765.411759928811,6481588.0,65.63620431007722,0.1630253259370198,1963049.1549349537,1828.9835794568062,414575.86703529523,5699.833333333333,71196908.71802141,1003.6195953852522,-6.870947289349469,2.3129997436557064,-9.183947033005175,1.177379191552302,1.5286940104557007,167.83279615120063,28167.847463930462,5465.7001953125,5465.7001953125,-0.5563573044580792,0.01356585437852445,0.8182645750641799,28167.847463930462,5660.417152622767,31.8449951171875,3.353862722905899,247.99377821180556,0.0034437086092715674,0.039574033876392134,0.126241281642683,-0.027970233512958687,-0.0803593105122603,,0.003437792622843829,-0.048899593228087235,0.704416626753654,-0.07864988951387775,-0.011541096308635201
2026-05-11 00:00:00+05:30,5488.0,5500.0,5205.5,5258.5,85358,0.0,0.0,5429.830004882814,5291.095996093751,5413.947998046871,,5426.372021519074,5374.927468335451,5438.850787458012,,5487.863818359376,5308.459998851103,5537.66784177173,5346.718797733246,5607.340352898169,5427.356197784585,5610.032750143735,5541.871851070958,5523.874384307082,5577.3478398168545,5429.701625863091,5388.008273596158,5218.162941121048,5345.818065307673,5589.5492582640945,5470.25,5470.25,5490.5,43.814524811578536,84.17648416769225,1.6098414015422833,82.56664276614997,56.83110431115644,72.34416379933378,-15.513059488177348,66.66666666666666,86.84701303885971,-90.70175438596492,-3.0083387693378185,1.699994211186311,-163.10009765625,2162.0902408894976,334.433800551471,40.38470975076912,1.6066855741940724,2.64121057208044,0.13896083951361327,0.05180387772858822,7.6163812956458425,25.07928185619494,-269.42071814380506,-94.42760192701623,-82.68069048388818,154.05004882812497,0,1,0,154.05004882812497,0,0,0,1,0,168.56378070390983,476.5,5106.124730474545,5429.830004882814,5753.5352792910835,11.923219478958828,0.2353611163797006,5078.809152836311,5426.372021519074,5773.934890201837,5000.0,5387.75,5775.5,2.3577504241287923,0.36555441180954096,5069.693407036394,5429.830004882814,5798.318407036394,6396230.0,41.102970104808286,-0.08303691192021576,1908414.2381268044,-16804.537658249727,-4808808.25682689,5321.333333333333,70560704.68775037,1003.6195953852522,26.864075970376856,28.838418402705624,-1.9743424323287684,4.609212160483827,-1.058555534481196,161.8526372041349,26196.276169933313,5465.7001953125,5465.7001953125,-0.5467786179006388,0.2735584492185631,0.6210323642535656,26196.276169933313,5603.931445312501,4.3949951171875,3.3421377363715643,237.54044487847221,-0.07453361492432242,-0.055076370170709765,0.016999942111863175,-0.09702069202369712,-0.13003556952601536,,-0.07745746845405013,-0.048899593228087235,0.704416626753654,-0.07864988951387775,-0.011541096308635201
2026-05-12 00:00:00+05:30,5258.5,5260.5,5126.0,5167.5,10868,0.0,0.0,5435.435009765626,5283.435996093751,5411.687998046872,,5401.717543279162,5366.793057812492,5433.477504538051,,5462.880008370536,5303.613097043504,5480.107328909739,5331.875195554983,5513.372236223207,5402.904258523722,5555.921114443823,5558.747424198045,5504.551388627736,5509.000445102154,5429.552538666255,5399.328195970483,5213.180572334086,5331.229853379791,5509.472682742735,5213.0,5424.75,5450.75,40.46862693255974,52.83153246760503,-23.788088238835954,76.61962070644098,32.14309320885755,57.02262821921079,-24.879535010353237,33.33333333333333,66.66666666666666,-93.61046959199383,-4.429443314222304,2.2174328405608215,-239.5,1847.4542740864736,264.16909466911875,39.25737844807378,0.6589582608109604,1.6066855741940724,0.14175907986393455,0.07277573650997299,3.9081746744788184,-170.50347269468966,-305.00347269468966,-127.15515016044445,-92.41977302002553,69.65006510416666,0,1,0,69.65006510416666,1,0,0,0,0,166.1306535107734,134.5,5136.060203172247,5435.435009765626,5734.809816359005,11.015670541750719,0.05250908916737146,5061.636852566186,5401.717543279162,5741.798233992138,5101.0,5438.25,5775.5,3.376572381794953,0.36167365489750486,5082.142774269583,5435.435009765626,5794.867749855521,6385362.0,42.89177796213726,-0.07305420536611366,1904252.884966953,-24223.723473787075,-4263119.648708763,5184.666666666667,70541897.27118671,1001.8890638648567,20.040007768354297,17.611480160546453,2.428527607807845,0.5756051056617764,-1.7899636433305135,149.6874032966894,22406.318705705748,5465.7001953125,5465.7001953125,-0.21557079396627105,-0.4459869083827658,0.34563561867449827,22406.318705705748,5517.770005580357,5.6050048828125,3.329726293243719,233.59377821180558,-0.017305315203955507,-0.06740660530590148,0.02217432840560818,-0.11515410958904104,-0.1380316930775647,,-0.017456802404159796,-0.048899593228087235,0.704416626753654,-0.07864988951387775,-0.011541096308635201
2026-05-13 00:00:00+05:30,5166.0,5167.0,5051.0,5102.0,14946,0.0,0.0,5432.050000000001,5273.035996093751,5408.432998046873,,5373.173015347813,5356.40901632965,5426.913593557099,,5431.124293154762,5296.497959941789,5418.271105647114,5312.883657834017,5418.246868869097,5372.857319986962,5468.188578974736,5560.506868131868,5461.306997276606,5435.600384110282,5419.295576365618,5392.3702055875765,5206.1229936596155,5311.709352678318,5384.991983388058,5134.75,5392.0,5413.25,38.20699440591922,22.4463819052271,-43.33859104097111,65.78497294619821,7.575704498720442,32.18330067291147,-24.60759617419103,0.0,33.33333333333333,-92.96066252587991,-6.817887933148638,-1.3095574744138065,-373.2998046875,1853.391751276476,167.51174172794163,38.63966112480932,-0.1256071737815101,0.6589582608109604,0.13556084758230558,0.09007645366337297,0.6681789711204383,-217.00297659544867,-333.0029765954487,-158.8673847696273,-113.5170689473924,-8.616617838541664,0,1,0,-8.616617838541664,0,0,0,1,0,162.58560683143247,116.5,5118.8139854977,5432.050000000001,5745.286014502302,11.53288406779397,-0.026839163951845494,5043.29048565512,5373.173015347813,5703.055545040505,5051.0,5413.25,5775.5,4.277719116073329,0.35572462254998866,5076.702573865455,5432.050000000001,5796.927549451391,6370416.0,43.01882802157695,-0.09596860500819093,1902449.0573807461,-25630.633405409986,-3793954.41317894,5106.666666666667,70522952.6558021,1001.8890638648567,15.804777232313246,10.70099969960432,5.103777532708925,0.76843582743356,-2.107356655807383,156.61800725115057,24529.200195321453,5465.7001953125,5465.7001953125,-0.3948044236339337,-0.11886232576333527,0.049806420526370895,24529.200195321453,5429.272879464285,-3.385009765625,3.314920161216814,224.33155598958334,-0.012675374939525863,-0.09651142199397911,-0.013095574744138028,-0.12577107607950655,-0.1558570483123759,,-0.012756392854166602,-0.048899593228087235,0.704416626753654,-0.07864988951387775,-0.011541096308635201
2026-05-14 00:00:00+05:30,5110.0,5118.0,5000.0,5017.0,19366,0.0,0.0,5420.9199951171895,5261.135996093751,5404.767998046873,,5339.251775790878,5343.098858826526,5418.796492694582,,5391.595721726191,5286.457332643995,5349.364164557781,5288.492186592427,5317.6885060864515,5335.467188010259,5358.23914922805,5547.180375135932,5405.232231849683,5353.00032892716,5402.41731463927,5378.2609554436285,5198.613924899878,5285.259290855225,5251.408882894153,5059.5,5349.5,5387.75,35.43910563113096,-8.396073742278531,-59.3448373507814,50.948763608502865,5.207000663051321,14.975266123543104,-9.768265460491783,0.0,11.111111111111109,-97.80786589297227,-8.209381767725109,-4.248417694240106,-448.7001953125,2088.6903793094098,41.202918198529005,35.43416915125839,-0.7804793401128872,-0.1256071737815101,0.12111049310157274,0.10299732415046423,-2.852502383879931,-213.57397993895574,-331.57397993895574,-177.23441991686994,-140.61784861733827,-97.63330078125,0,1,0,-97.63330078125,0,0,0,1,0,159.40092062918728,118.0,5065.864239339931,5420.9199951171895,5775.975750894448,13.09946489146009,-0.06881206478819347,5018.310439402251,5339.251775790878,5660.193112179505,5000.0,5387.75,5775.5,5.245996533139717,0.35602895924016764,5069.877801472026,5420.9199951171895,5787.552728229838,6351050.0,41.07305740721788,-0.15601115595206336,1888663.0912790513,-28262.57364566694,-3487119.49701052,5045.0,70490688.64168999,1001.8890638648567,13.998366503196866,7.115671176390353,6.882695326806513,0.9335756535656264,-2.2752482591527716,177.52787788862923,31516.147427640048,5465.7001953125,5465.7001953125,-0.7346344802557236,0.3312516088776996,-0.18842657869305524,31516.147427640048,5332.947174944196,-11.1300048828125,3.299653568739348,214.73155598958334,-0.016660133281066303,-0.11399558498896245,-0.04248417694240103,-0.13996742950201424,-0.161667641406968,,-0.016800474217503785,-0.048899593228087235,0.704416626753654,-0.07864988951387775,-0.011541096308635201
2026-05-15 00:00:00+05:30,5017.0,5120.0,5005.0,5071.0,13888,0.0,0.0,5404.9199951171895,5248.905996093751,5402.122998046872,,5313.703987620318,5332.428315343133,5411.909433433303,,5358.270007905507,5279.001019071691,5299.7386262551045,5269.710990438092,5249.295066090082,5307.051247077262,5253.846248266706,5523.2600052184325,5373.890719445831,5279.095535696001,5385.514671019839,5364.077614274375,5189.377493340007,5267.199929890965,5152.587369442953,5044.0,5349.5,5387.75,38.487884598756025,-28.157016785285123,-63.28462431503039,35.12760752974527,6.128951734872178,6.303885632214647,-0.174933897342469,3.1047432902157386,1.0349144300719129,-90.84461637653128,-7.221402221274471,-5.9358189575217954,-394.7001953125,2507.1668118945317,-90.90002297794126,33.12852331902142,-1.3380894293448036,-0.7804793401128872,0.10228355678016943,0.11104340430880082,-5.69259046714133,-174.34912566196272,-289.3491256619627,-185.76796011882334,-164.18778660871038,-197.2666015625,0,1,0,-197.2666015625,0,0,0,1,0,156.22942629853105,115.0,5016.878869244615,5404.9199951171895,5792.961120989764,14.35881109149187,0.06973633353125216,5001.423730887751,5313.703987620318,5625.984244352885,5000.0,5387.75,5775.5,5.968587523900443,0.3410002860180385,5061.106619948978,5404.9199951171895,5769.081595534915,6364938.0,42.53057751951117,-0.18943118967923048,1890716.0999747035,-26116.721554822056,-2881823.56886616,5065.333333333333,70505636.85775536,1002.9654043073522,10.231562064829836,2.6790933904186573,7.552468674411179,0.6274878347422592,-1.721054665874991,194.02056293628723,37643.97884211379,5465.7001953125,5465.7001953125,-0.6300679635190527,-0.3748455724350076,-0.28430665412217887,37643.97884211379,5264.970033482143,-16.0,3.287977155765942,208.18221571180553,0.010763404424955159,-0.10753255895811331,-0.05935818957521799,-0.1274197711434225,-0.14586491494020548,,0.010705891310766094,-0.048899593228087235,0.704416626753654,-0.07864988951387775,-0.011541096308635201
2026-05-18 00:00:00+05:30,5030.0,5030.0,4876.5,4899.5,14371,0.0,0.0,5374.750000000002,5236.145996093751,5398.317998046873,,5274.255988799336,5315.450734349285,5401.762711979179,,5310.134770275298,5265.298823146446,5225.929615297539,5238.881118877803,5149.2016689294205,5261.447988241796,5142.351701226832,5486.8156916255075,5280.296998848552,5181.848341820191,5360.341550495777,5336.985540559253,5178.959446377913,5232.1184684577465,5074.660360864653,4985.25,5290.75,5326.0,33.13594917087425,-56.99927111487432,-73.70150291569567,16.70223180082135,4.635305316913723,5.323752571612407,-0.6884472546986844,3.1047432902157386,2.0698288601438257,-97.44160177975529,-11.958670260557053,-10.965125898196964,-665.5,2794.2571317673214,-167.77796415441117,30.526068789373596,-1.841323708449587,-1.3380894293448036,0.07702422373834228,0.11364502350223521,-9.20284982478273,-207.94210771025428,-361.4421077102543,-198.04306719899262,-180.48586867333438,-325.5833333333333,0,1,0,-325.5833333333333,0,0,0,1,0,158.96303870577884,194.5,4929.2153513061985,5374.750000000002,5820.284648693805,16.578804546957652,-0.03334796900007274,4954.669089850822,5274.255988799336,5593.842887747849,4876.5,5326.0,5775.5,6.996709972417023,0.34629566893101554,5042.391298009275,5374.750000000002,5737.991273595211,6350567.0,38.59792428653758,-0.24388632754163483,1880651.7188672116,-26066.92863778537,-2822223.987599566,4935.333333333333,70457034.48149821,1002.9654043073522,7.297112221297869,-0.2042851624906481,7.501397383788517,0.695922093141504,-2.1333918760002923,222.76732434690152,49625.28079667762,5443.650146484375,5443.650146484375,-0.6498768238873478,-0.3933516868068612,-0.3035443133422291,49625.28079667762,5180.904310825893,-30.1699951171875,3.2690699317133323,207.96176432291668,-0.033819759416288675,-0.06827041932109912,-0.10965125898196959,-0.16025366355300363,-0.17034967403268142,,-0.034404877719145875,-0.048899593228087235,0.704416626753654,-0.07864988951387775,-0.011541096308635201
2026-05-19 00:00:00+05:30,4899.5,4968.5,4887.5,4911.0,9103,0.0,0.0,5346.850000000002,5225.025996093751,5393.342998046872,,5239.660180342255,5299.589921237549,5392.04463847464,,5265.968103608631,5252.5479997702205,5164.635349046129,5210.784215343868,5071.059078613436,5220.70986569971,5035.6558453395555,5442.219934485513,5212.574585165197,5085.958023551601,5332.575207522903,5321.355451804408,5170.795728032827,5202.567767471019,5016.346664679313,4905.25,5290.75,5326.0,33.80069959396373,-78.02953566238648,-75.78541397056627,-2.244121691820215,5.18379305802684,5.316016703270913,-0.13222364524407304,3.7371948744170327,3.3155604849495033,-96.16240266963293,-11.36978884677856,-10.202962150301701,-630.0,3054.8248381554395,-221.01178768382397,29.34960521924982,-2.3087562414246507,-1.841323708449587,0.048122322573007636,0.11032998109961796,-12.532721006461994,-222.73609232307535,-303.73609232307535,-211.70905871699793,-192.7609222115833,-402.6333821614583,0,1,0,-402.6333821614583,0,0,0,1,0,153.39425022679464,81.0,4858.352166112249,5346.850000000002,5835.347833887756,18.272359759026468,0.053887479365823304,4935.081557484077,5239.660180342255,5544.238803200434,4876.5,5326.0,5775.5,7.879566740949684,0.3474938449846054,5026.262068974119,5346.850000000002,5697.436995731931,6359670.0,34.98948744200162,-0.24906166208125438,1876830.7065215325,-24892.614678278565,-2404094.203656771,4922.333333333333,70459171.11788969,1003.200122135702,2.4696045466312966,-4.025434269725777,6.495038816357074,0.4481146007679433,-1.784450082536708,244.24891694387662,59657.53342825674,5414.300048828125,5414.300048828125,-0.5141782324346144,-0.8231319280221363,-0.3002038084372063,59657.53342825674,5104.204310825893,-27.9,3.2538648683492064,207.5457573784722,0.0023471782834982857,-0.049637155297532654,-0.10202962150301698,-0.14887348353552865,-0.1540780294548273,,0.002344427963371403,-0.048899593228087235,0.704416626753654,-0.07864988951387775,-0.011541096308635201
2026-05-20 00:00:00+05:30,4889.5,4889.5,4830.0,4839.5,10496,0.0,0.0,5314.9100097656265,5212.7559960937515,5387.412998046872,,5201.549686976326,5281.547179228233,5381.103160485043,,5217.649055989584,5237.42933325674,5099.189155139226,5178.888866537119,4989.792609972576,5175.1159083873545,4933.04326440324,5391.077498203007,5101.088275829988,4984.104878451449,5297.548724966858,5294.644756341627,5164.374696674562,5167.931692898337,4961.190222293062,4875.25,5260.75,5302.75,31.691117744016246,-99.32071688152246,-77.6612761517618,-21.659440729760664,2.466918312393248,4.095338895777937,-1.6284205833846892,0.6324515842012939,2.491463249611355,-98.99524061343205,-14.299628121126261,-11.660548481499895,-807.5,3209.6199785871145,-273.4353170955883,31.612368387334946,-2.752882572364161,-2.3087562414246507,0.015877084922522045,0.10073703344477547,-15.692680195030578,-251.48807913406563,-310.98807913406563,-226.05737492437484,-205.22159781252986,-493.38338216145826,0,1,0,-493.38338216145826,0,0,0,1,0,148.22323235345218,81.0,4781.161626908752,5314.9100097656265,5848.658392622501,20.084945253114892,0.05464969540422176,4910.54998058083,5201.549686976326,5492.549393371821,4830.0,5302.75,5775.5,8.818100470969508,0.3479267806056435,5005.159401511591,5314.9100097656265,5660.459328269403,6349174.0,31.988908039601995,-0.3224063766566068,1869686.3703870787,-24422.446403235663,-2167861.3174200896,4853.0,70443889.83098274,1003.200122135702,-0.9107326822970913,-5.924617198923332,5.0138845166262405,0.5074110242006439,-1.781401218383114,266.8741914284372,71221.83405058214,5378.949951171875,5378.949951171875,-0.4020187333426651,-1.050217062585562,-0.2544067750710152,71221.83405058214,5023.127148437499,-31.939990234375,3.235821917175301,210.0204275173611,-0.01455915292201182,-0.05145041160329278,-0.116605484814999,-0.16854222145863762,-0.15548381467585726,,-0.014666177450101325,-0.048899593228087235,0.704416626753654,-0.07864988951387775,-0.011541096308635201
2026-05-21 00:00:00+05:30,4841.0,4920.0,4841.0,4872.5,7241,0.0,0.0,5290.990014648439,5202.125996093751,5381.367998046873,,5170.211621550009,5265.506113376146,5371.031810772468,,5175.514769345238,5224.085960860906,5049.2462240259665,5151.461612422872,4933.4354237298585,5136.896942340829,4846.383186806683,5336.631392602113,5037.3228201237025,4896.380604313215,5260.546814183844,5281.669792811066,5160.085977763241,5141.226930686252,4917.3945748299075,4856.0,5260.75,5302.75,33.746405880106245,-112.23750311439017,-72.4624499077036,-39.775053206686565,3.1124443066673955,3.5877185590291605,-0.475274252361765,2.510431710434167,2.2933593896841646,-95.50502379693285,-13.951434878587197,-8.940550394788843,-790.0,3405.632418045324,-310.65002297794126,31.931558201478584,-2.9627924281205313,-2.752882572364161,-0.017068939857445287,0.0848477231353358,-18.295656388808517,-182.6326392577712,-261.6326392577712,-241.35480439424651,-219.15512314599744,-551.5333658854166,0,1,0,-551.5333658854166,0,0,0,1,0,143.38585861391988,80.5,4722.297540540929,5290.990014648439,5859.682488755949,21.49663758703188,0.1320594752856495,4891.592839573133,5170.211621550009,5448.830403526886,4830.0,5302.75,5775.5,9.603337521954943,0.3445274683759593,4990.533627166255,5290.990014648439,5622.10857833813,6356415.0,33.718978402238726,-0.30414012607947727,1868219.838741509,-22476.506141287042,-1824030.7006457911,4877.833333333333,70448827.38651533,1003.88201076056,-5.421971040479564,-8.348684445684643,2.9267134052050796,0.36531223828791104,-1.4717620988574023,284.3462370537549,80852.78252663018,5377.75,5377.75,-0.2716447136872974,-1.3558130442835767,-0.22798958704157843,80852.78252663018,4944.56427873884,-23.9199951171875,3.2224565155485903,215.83376085069443,0.006818886248579403,-0.028802072951963353,-0.08940550394788849,-0.14027348919276572,-0.14734447458220312,,0.006795742792572602,-0.048899593228087235,0.704416626753654,-0.07864988951387775,-0.011541096308635201
2026-05-22 00:00:00+05:30,4872.0,4887.0,4835.5,4851.5,7878,0.0,0.0,5266.140014648438,5193.155996093751,5375.482998046873,,5139.858133783342,5249.270579518257,5360.744052143311,,5133.658577473959,5210.335921798407,5002.950570901272,5124.099565680082,4883.745506738007,5099.41588008439,4781.255516648065,5279.996762155584,4980.862206037731,4853.344356283385,5218.960668437664,5268.725784467741,5154.922600021588,5115.127935804501,4885.9322581598235,4862.0,5260.75,5302.75,33.06461829609093,-122.75364613883721,-66.38287434572051,-56.3707717931167,2.5912215758857746,2.723528064982139,-0.13230648909636455,3.1329899201750595,2.0919577382701737,-97.72607086197779,-14.616332277367125,-9.292324950920818,-830.5,3517.2996697684857,-351.47060834099284,30.139046503704442,-3.2472701400612527,-2.9627924281205313,-0.04996551313425357,0.06385590617446171,-20.767435997983036,-179.75654793523245,-231.25654793523245,-254.1915959072652,-233.4541688769176,-619.11669921875,0,1,0,-619.11669921875,0,0,0,1,0,136.8225829986399,51.5,4665.491857270616,5266.140014648438,5866.788172026261,22.811704804925185,0.1548395183141972,4877.964950089978,5139.858133783342,5401.751317476706,4830.0,5302.75,5775.5,10.367443723677335,0.3441703053134205,4972.062080243899,5266.140014648438,5592.862007001712,6348537.0,24.170164407358822,-0.31953383665654805,1865236.906702674,-20586.235670002177,-1587088.886267821,4858.0,70445432.04531471,1003.88201076056,-8.86360268603476,-9.43225287299187,0.5686501869571117,0.40710022478877606,-1.3806419267432122,300.3240786889112,90194.55224034333,5332.75,5332.75,-0.1377546034964274,-1.566254716844814,-0.16743859805157071,90194.55224034333,4868.695703124999,-24.85,3.211849007957596,222.7173198784722,-0.004309902514109787,-0.04328534805758233,-0.09292324950920816,-0.1410233711048159,-0.15633423180592987,,-0.00431921691636171,-0.048899593228087235,0.704416626753654,-0.07864988951387775,-0.011541096308635201
2026-05-25 00:00:00+05:30,4865.0,4960.0,4865.0,4886.0,8935,0.0,0.0,5239.360009765625,5183.93599609375,5369.912998046873,,5115.681168661119,5235.024674439111,5351.343179823642,,5097.45476655506,5198.29058861826,4969.938024276283,5101.075085675408,4854.091725816541,5068.925070664824,4744.350842485964,5223.843106863839,4964.460732081984,4829.644893780205,5183.040642224422,5253.877906216945,5150.251562854221,5095.468902513511,4872.1659020009465,4868.75,5260.75,5302.75,35.37460385271153,-126.84175083162245,-56.37678323080459,-70.46496760081786,4.230565838180857,3.3114105735780086,0.919155264602848,6.498704724788563,4.0473754517992635,-94.07720782654681,-7.083769135685081,-9.879004131783699,-372.5,3623.681282842846,-361.09119657628617,31.06907872062947,-2.7873136922656556,-3.2472701400612527,-0.08102538000009929,0.039102077300680174,-22.33522167485439,-80.93418394448508,-175.93418394448508,-265.1046184248714,-247.0424656587116,-681.1500651041666,0,1,0,-681.1500651041666,0,0,0,1,0,134.7995413558799,108.5,4620.414945854597,5239.360009765625,5858.305073676654,23.62674306622865,0.21454654833759207,4858.063526271884,5115.681168661119,5373.298811050354,4830.0,5302.75,5775.5,11.022200945467405,0.34030546630810926,4952.903410076175,5239.360009765625,5560.578336833988,6357472.0,28.198912840532998,-0.3329807156801423,1860252.1172289897,-19527.536612466676,-1316325.1168009897,4903.666666666667,70451785.90494576,1003.88201076056,-11.069092441384841,-9.310194102673561,-1.758898338711279,0.7630751887404775,-1.1418138066496324,309.47253195551394,95773.24803495659,5213.0,5213.0,0.047512411633650824,-1.6709797126009795,-0.05066528099233508,95773.24803495659,4813.644280133928,-26.7800048828125,3.217928191445515,232.8364344618056,0.0071112027208080075,-0.0027553832023675673,-0.09879004131783697,-0.1293656450463293,-0.15026086956521734,,0.007086037352331634,-0.048899593228087235,0.704416626753654,-0.07864988951387775,-0.011541096308635201
2026-05-26 00:00:00+05:30,4897.5,4914.0,4863.0,4871.5,7245,0.0,0.0,5212.585009765625,5173.395996093751,5364.027998046873,,5092.425819264822,5220.768804853264,5341.841334678619,,5062.420479910715,5186.038196614583,4939.522420129511,5078.37532526252,4828.23077674884,5039.373337300879,4729.095822003517,5168.900133019554,4950.919451840688,4811.678713420186,5147.0272913651315,5241.041563413503,5144.153054946352,5076.3199297929805,4868.746867176598,4878.75,5260.75,5302.75,34.830543150674515,-129.75588697746207,-47.43273550131536,-82.3231514761467,4.195311122862683,3.672366178976438,0.522944943886245,7.489314368509296,5.707003004490973,-95.61078794288737,-5.728108369617804,-9.903828370630665,-296.0,3637.440143394425,-369.69267003676487,26.131864635091677,-2.4579707907964132,-2.7873136922656556,-0.11007193130574411,0.011809546313119097,-22.67255316501236,-102.72930052384436,-153.72930052384436,-285.59352215367363,-260.9234592020322,-721.86669921875,0,1,0,-721.86669921875,0,0,0,1,0,128.81385983045993,51.0,4578.0405779717075,5212.585009765625,5847.129441559542,24.346631493016112,0.2312363069664443,4849.628904722182,5092.425819264822,5335.222733807463,4830.0,5302.75,5775.5,11.66287237411196,0.34027998177078994,4935.357868047591,5212.585009765625,5521.532794805404,6350227.0,25.181586540378706,-0.3333857858226977,1855422.1172289897,-18856.020033250563,-1143286.1715437055,4882.833333333333,70449635.83331253,1003.5852444895817,-13.898228112542922,-9.711463819065315,-4.186764293477608,0.6385003833646195,-1.075054772134222,317.27221589695887,100661.6589801665,5134.75,5134.75,0.22632453239310557,-1.6874565860276964,0.09694370694370695,100661.6589801665,4762.091420200893,-26.775,3.2270013131838446,239.37509765625,-0.002967662709783103,-0.008043168397475098,-0.09903828370630663,-0.12233132150256731,-0.14819024304948414,,-0.0029720749522898987,-0.048899593228087235,0.704416626753654,-0.07864988951387775,-0.011541096308635201
2026-05-27 00:00:00+05:30,4870.0,4902.5,4750.0,4773.0,14397,0.0,0.0,5177.47001953125,5162.785996093751,5356.332998046873,,5062.004312668172,5203.209243878626,5330.577149833498,,5020.555240885417,5170.3363928462,4896.138921767826,5049.52887157071,4783.718966159806,5001.212103859693,4718.1822213414835,5113.592795093999,4922.811315934241,4784.756931189691,5109.69681318047,5212.068328421726,5136.0264413929535,5048.599298614183,4857.9120632647055,4822.25,5227.5,5262.75,31.30794395300408,-138.417892368333,-44.87579271374905,-93.54209965458396,4.184937538906311,4.203604833316616,-0.01866729441030479,6.23430457456711,6.74077455595499,-97.7571916138469,-6.448451587612701,-12.82669131809456,-329.0,3583.59529198718,-369.7956097771139,26.10335221864049,-2.512797468784666,-2.4579707907964132,-0.1388636938894683,-0.01707647446366324,-23.223913049203052,-79.41082902043854,-231.91082902043854,-321.7729038523794,-279.5601301527891,-710.3333333333331,0,1,0,-710.3333333333331,0,0,0,1,0,130.5057269854271,152.5,4526.620180405145,5177.47001953125,5828.319858657354,25.141616916017615,0.18927547091789151,4813.28329474864,5062.004312668172,5310.725330587704,4750.0,5262.75,5775.5,12.421895159154639,0.3375671648264137,4898.000899218484,5177.47001953125,5498.57585039036,6335830.0,18.19861005155365,-0.3876463728555823,1845367.818868334,-20066.21999893873,-1182545.9327517475,4808.5,70420525.61058852,1003.5852444895817,-11.535116253073925,-5.878681567677054,-5.656434685396871,1.2749734325185973,-1.242898116328433,325.4249195630525,105901.37827261921,5086.5,5086.5,0.395983140464108,-1.5412863806783264,0.29644069188264616,105901.37827261921,4706.72568359375,-35.114990234375,3.2346032850534563,253.74999348958335,-0.02021964487324235,-0.01374108895547066,-0.12826691318094563,-0.15101387406616862,-0.15432317505315374,,-0.02042685985949939,-0.048899593228087235,0.704416626753654,-0.07864988951387775,-0.011541096308635201
2026-05-28 00:00:00+05:30,4773.0,4773.0,4773.0,4773.0,0,0.0,0.0,5142.835009765624,5153.855996093751,5348.852998046873,,5034.48009241406,5186.338293138288,5319.536018153627,,4982.034286644346,5155.050667509191,4859.508539464788,5022.4752572683965,4749.556337775169,4966.269921339443,4710.379231348078,5058.895746482187,4904.185355018583,4755.256271076388,5073.9243891341775,5206.653457057141,5135.142473301111,5023.9577529815115,4838.532895370354,4773.0,5015.75,5125.0,31.307943953004077,-143.62695194957632,-40.06788183599389,-103.55907011358244,3.2328957033108003,3.8710481216932644,-0.6381524183824641,2.8685897699536054,5.53073623767667,-96.93333333333334,-4.863464221646402,-12.673585644279838,-244.0,3557.7073883832063,-383.37649213005534,25.245999330109527,-2.752950413793728,-2.512797468784666,-0.1664720223324534,-0.046938205476176886,-23.374987565822618,-179.06642487466252,-179.06642487466252,-361.8645756457565,-306.95034101378894,-655.1666666666666,0,1,0,-655.1666666666666,0,0,0,1,0,121.18388934361087,2.220446049250313e-16,4482.906166453242,5142.835009765624,5802.763853078006,25.664009911235986,0.21979175216125546,4809.446790486864,5034.48009241406,5259.513394341256,4750.0,5262.75,5775.5,12.664604565007654,0.3379766205835497,4872.6299066249985,5142.835009765624,5456.504906624999,6335830.0,13.070959132827069,-0.4081312134599187,1845367.818868334,-18737.099984998582,-1013610.799501498,,70420525.61058852,1003.5852444895817,-19.156706237424483,-10.80021724162209,-8.356488995802394,0.0,-1.1208329913549775,329.96442165619123,108876.51955890475,5044.0,5044.0,0.5844131225111954,-1.315746927308367,0.44904934003654,108876.51955890475,4660.432840401786,-34.635009765625,3.2447148310448015,271.3771082899305,0.0,-0.020420728578758318,-0.1267358564427984,-0.14950106913756234,-0.15596816976127326,,0.0,-0.048899593228087235,0.704416626753654,-0.07864988951387775,-0.011541096308635201
2026-05-29 00:00:00+05:30,4849.0,4849.0,4731.5,4741.5,16927,0.0,0.0,5106.624999999999,5146.47599609375,5339.507998046873,,5006.5772264698635,5168.893654191688,5308.089760368406,,4943.811904761905,5138.879844132965,4823.024180804344,4994.696084269962,4715.779409675227,4930.765620955085,4701.075492297416,5004.650037044566,4868.017159921382,4738.898530973875,5034.217546514945,5181.887312846,5126.913428176627,4998.527753022703,4809.829151662955,4757.25,4954.5,4996.0,30.1760416452913,-148.58417011779238,-36.02008000336795,-112.56409011442443,2.3999447403539094,3.272592660857007,-0.8726479205030975,0.0,3.0342981148402384,-98.10964083175804,-6.497732202721357,-13.249907046376041,-329.5,3536.8211904395152,-387.86913775275843,25.056034409226324,-2.6798089403659766,-2.752950413793728,-0.19293541599917363,-0.07693372100256754,-22.087678135598132,-72.98550703542514,-190.48550703542514,-368.62191837580275,-336.91506658762466,-603.8333333333334,0,1,0,-603.8333333333334,0,0,0,1,0,120.92075439049582,117.5,4441.8324423274225,5106.624999999999,5771.417557672576,26.036474488437143,0.22538426025834787,4780.594715202401,5006.5772264698635,5232.559737737326,4731.5,5253.5,5775.5,12.69954747676616,0.33703188968311776,4824.3140046825565,5106.624999999999,5437.5640046825565,6318903.0,29.899818669516232,-0.4305814256529302,1831322.0103576956,-20959.117234044475,-944980.7567155698,4774.0,70409354.42894176,1003.5852444895817,-13.518844674708832,-4.129884543125149,-9.388960131583683,1.752404418539646,-1.0984629589666086,332.3962788362882,110487.28618421145,4964.0,4964.0,0.7797873331886661,-0.9690779758801842,0.5572961894680486,110487.28618421145,4618.185714285714,-36.210009765625,3.2515248703863255,284.3302191840278,-0.006599622878692646,-0.022673399979387776,-0.13249907046376042,-0.16559612846458427,-0.15774047428723692,,-0.006621496682114449,-0.048899593228087235,0.704416626753654,-0.07864988951387775,-0.011541096308635201
2026-06-01 00:00:00+05:30,4800.0,4809.7998046875,4707.7001953125,4720.5,8345,0.0,0.0,5064.399999999999,5137.91599609375,5330.777998046873,,4979.331776329876,5151.309589321426,5296.454319569031,,4907.038095238096,5122.1749031096815,4788.609327743942,4967.048802952652,4685.091741699128,4895.956836122568,4691.96789996787,4950.7954873154185,4846.224885390746,4719.003432785887,4994.993329004555,5131.275497357527,5122.275711778543,4973.560168009913,4779.156293429187,4731.0,4911.25,4937.35009765625,29.41259076125946,-152.4499772852796,-31.90870973668413,-120.54126754859547,2.581278016562896,2.738039486742535,-0.1567614701796387,0.0,0.956196589984535,-97.21319178521995,-3.6534340238799876,-15.175202156334231,-179.0,3435.3849715134165,-408.61031278722476,21.85045231429599,-2.8555048518227526,-2.6798089403659766,-0.21805906601586322,-0.10650943084577541,-20.81410484782153,-83.40205848572168,-185.50166786072168,-332.64251823165137,-352.56473502119155,-520.6666666666666,0,1,0,-520.6666666666666,0,0,0,1,0,119.57638688938897,102.099609375,4415.095221997521,5064.399999999999,5713.704778002477,25.641923149928058,0.23517829249772884,4755.423864349791,4979.331776329876,5203.239688309962,4707.7001953125,5241.60009765625,5775.5,12.625993854667337,0.3240172362788125,4805.555165681117,5064.399999999999,5373.580068024867,6310558.0,30.564173246040045,-0.4755988990842751,1825069.3664552567,-21952.227601789404,-835018.5057562027,4746.0,70405658.44665767,1003.1423466724352,-14.82573688806314,-4.349421405183566,-10.476315482879574,0.9214172932745922,-1.0592868300090854,324.6523890012388,105399.1736842117,4905.25,4905.25,1.0100648358487199,-0.3480571687972999,0.6381262439321616,105399.1736842117,4592.314285714286,-42.225,3.262249527610887,291.3666666666667,-0.004428978171464704,-0.03387228817028243,-0.15175202156334233,-0.14753950338600452,-0.1558476394849786,,-0.004438815151210839,-0.048899593228087235,0.704416626753654,-0.07864988951387775,-0.011541096308635201
2026-06-02 00:00:00+05:30,4720.0,4768.0,4700.0,4730.39990234375,8644,0.0,0.0,5023.869995117187,5127.603994140625,5321.241997070311,,4955.623978807389,5134.803327087007,5285.245321208135,,4875.228562127977,5106.193879825368,4761.615660899769,4941.909496076097,4664.983963187221,4865.310955642001,4686.073140937837,4898.444025329182,4828.720536452952,4709.698325347946,4955.405355318101,5102.041557848169,5116.815291873536,4952.335414746299,4755.301469349674,4725.449951171875,4895.75,4910.0,30.307748613514203,-152.95168610662677,-25.92833484642503,-127.02335126020174,3.9717464565430545,2.9843230711532867,0.9874233853897678,3.2878929993289523,1.0959643331096507,-92.76192801339286,-3.6774607545560984,-14.62913007861848,-180.60009765625,3332.3542673999436,-427.4514892578145,22.886001064517593,-3.151491367860181,-2.8555048518227526,-0.24103222237980004,-0.13505490943492232,-18.73890096569256,-101.94444019758248,-169.94444019758248,-287.6503788958539,-342.0073046260864,-448.0166829427083,0,1,0,-448.0166829427083,0,0,0,1,0,115.89235925443262,68.0,4399.093962940199,5023.869995117187,5648.646027294174,24.872300946649553,0.2651397639640072,4740.088248920645,4955.623978807389,5171.159708694133,4700.0,5237.75,5775.5,12.457747328939242,0.3258390424282556,4773.786982019931,5023.869995117187,5324.811884363681,6319202.0,32.07157493387476,-0.4874192865939466,1824154.0945687678,-20654.065843223594,-703505.1826682631,4732.799967447917,70407471.27910888,1003.1423466724352,-15.578761881686257,-4.081957119045345,-11.496804762640911,0.9592932924934524,-0.9394409441439714,312.38801608849366,97586.27259570497,4892.75,4892.75,1.2896411332254376,0.5741137765746385,0.6777890712852327,97586.27259570497,4577.945696149554,-40.5300048828125,3.2714308299893355,295.886669921875,0.002097214774653189,-0.028964404732885196,-0.1462913007861848,-0.13473570471122187,-0.1498966839170186,,0.0020950186896529343,-0.048899593228087235,0.704416626753654,-0.07864988951387775,-0.011541096308635201
2026-06-03 00:00:00+05:30,4731.5,4731.5,4685.0,4691.89990234375,8683,0.0,0.0,4976.114990234375,5119.991992187501,5312.5759960937485,,4930.507400096566,5117.43456533237,5273.495906973196,,4843.61236281622,5089.107444852941,4732.2515412513085,4915.41756443998,4640.979849139237,4833.057489823056,4678.962729978354,4847.062876201712,4811.143571224882,4690.803228142189,4914.7266986144505,5077.453406950084,5112.633255179707,4929.245761047421,4735.4253418679655,4711.14990234375,4881.449951171875,4902.5,28.779245627620917,-154.67294873182345,-22.119677977297385,-132.55327075452607,3.8703548827420926,3.474459785282681,0.39589509745941154,3.2878929993289523,2.1919286662193014,-98.41381555316092,-3.04990386726418,-16.913407077319818,-147.60009765625,3150.2437839828985,-435.98236873851147,21.262955372778524,-3.504947282635077,-3.151491367860181,-0.2623873290587553,-0.16231250823506788,-16.907140947687783,-113.00950621846368,-159.50950621846368,-260.1687154646478,-311.56273801591016,-347.5333658854167,0,1,0,-347.5333658854167,0,0,0,1,0,110.9357621648303,46.5,4408.489926991503,4976.114990234375,5543.740053477247,22.813984980525408,0.2496454030175401,4726.641739722845,4930.507400096566,5134.373060470287,4685.0,5230.25,5775.5,12.223075272036107,0.310027422976258,4740.937234978415,4976.114990234375,5268.837137322164,6310519.0,34.82996842253996,-0.522656534030093,1818047.9484204142,-20188.222003447823,-650760.9422870827,4702.799967447917,70400404.31845225,1003.1423466724352,-16.04466061640642,-3.638284683012408,-12.406375933394013,0.9834078939917322,-1.0014183879298397,283.8125316214359,80549.55310536853,4879.25,4879.25,1.5736447601194865,2.0287057866337044,0.7181135104411589,80549.55310536853,4578.60710797991,-47.7550048828125,3.2794998359077905,299.5689019097221,-0.008138846777187791,-0.016991430474806224,-0.1691340707731982,-0.13957456403012103,-0.14091368628696332,,-0.00817214800275211,-0.048899593228087235,0.704416626753654,-0.07864988951387775,-0.011541096308635201
2026-06-04 00:00:00+05:30,4675.0,4742.7001953125,4675.0,4719.60009765625,10512,0.0,0.0,4928.969995117188,5112.353994140626,5305.101997070312,,4910.420990340345,5101.833213658796,5262.527673125335,,4819.182373046875,5073.4058019301465,4712.873223510436,4892.748914134635,4630.9347281848295,4806.828496699614,4674.184691790956,4798.477788534134,4798.310917327792,4680.983891682219,4877.815847688394,5032.409308214758,5107.370309985371,4911.427762124081,4723.333712065822,4705.75,4801.449951171875,4852.5,31.4576633262172,-152.04915943909327,-15.596710947653776,-136.4524484914395,7.129221407979728,4.990440915754958,2.13878049222477,16.824775592538337,7.800187197065414,-87.43659220950704,-3.1380174929451,-16.651653904525386,-152.89990234375,2829.8376978970896,-430.452055089615,24.444546119236026,-3.85105104214552,-3.504947282635077,-0.2810584878300548,-0.18798950542349024,-15.03598245169707,-83.96510968279108,-151.66530499529108,-255.25548725111335,-280.589365700628,-298.5166829427083,0,1,0,-298.5166829427083,0,0,0,1,0,107.84750738966385,67.7001953125,4451.99178614932,4928.969995117188,5405.948204085055,19.354072329122673,0.2805246722759168,4713.075831847455,4910.420990340345,5107.766148833235,4675.0,5225.25,5775.5,11.92598291193957,0.3118386575600348,4701.585921214901,4928.969995117188,5210.660872386775,6321031.0,32.71214808296488,-0.5062566841561529,1821386.3139739663,-17100.149392550346,-516197.3143710708,4712.433430989583,70406610.42811328,1003.1423466724352,-14.918148614293855,-2.0094181447198736,-12.908730469573982,1.1480243758600353,-0.8779013108963329,238.48910448393366,56877.05295754862,4872.0,4872.0,1.8532189408189317,4.25439818489858,0.7523908345189411,56877.05295754862,4599.60712890625,-47.1449951171875,3.285147935737097,303.7686805555556,0.005903833391386559,-0.011187911658024352,-0.16651653904525388,-0.12664691013022766,-0.12938570417704298,,0.00588647405792906,-0.048899593228087235,0.704416626753654,-0.07864988951387775,-0.011541096308635201
2026-06-05 00:00:00+05:30,4720.0,4771.2001953125,4686.2001953125,4700.10009765625,8815,0.0,0.0,4879.875000000001,5107.705996093751,5298.172998046874,,4890.390429132337,5086.078973815559,5251.390493413076,,4797.385239955358,5057.238982460171,4693.533846621841,4870.057632070412,4620.024374759094,4780.841641420524,4669.206571779457,4752.892615839755,4784.652478135045,4665.099730123198,4836.928959359928,4993.60333159211,5107.15227220402,4893.429485098099,4714.601020333723,4709.85009765625,4801.449951171875,4821.75,30.58564454805798,-149.8162856691306,-10.691069742152877,-139.12521592697772,7.567194874823342,6.188923721848387,1.3782711529749552,22.666530338321046,14.259732976729445,-91.44800761286201,-3.1206823115273625,-17.280885292920626,-151.39990234375,2235.885921381607,-421.591433536305,25.651625485383615,-3.4261840132110057,-3.85105104214552,-0.2973883681828937,-0.21202983744380072,-13.113374103074316,-37.38436577721404,-122.38436577721404,-246.58457474017885,-260.8472265112592,-255.99999999999997,0,1,0,-255.99999999999997,0,0,0,1,0,106.21554257611643,85.0,4549.712399869872,4879.875000000001,5210.03760013013,13.531600712318625,0.227747930454729,4695.6495714482935,4890.390429132337,5085.13128681638,4675.0,5087.5,5500.0,11.401733323269564,0.308942041876982,4658.566230275717,4879.875000000001,5155.516181447592,6312216.0,41.08995365288226,-0.5160333884113257,1815454.317248323,-16169.741428746842,-467010.91231806076,4719.166829427083,70402968.32928196,1002.7291760733058,-15.147394544187767,-1.7909312596910265,-13.35646328449674,0.9529420667437813,-1.0890082781810844,165.0813000650646,27251.8356311719,4861.5,4861.5,0.9033362285112121,-0.013465534807855102,0.8706785300891213,27251.8356311719,4632.405719866071,-49.0949951171875,3.2883503903933575,306.06689995659724,-0.004131705991294421,-0.00873139351339236,-0.17280885292920622,-0.11318866081957546,-0.12783445951823158,,-0.004140265072366638,-0.048899593228087235,0.704416626753654,-0.07864988951387775,-0.011541096308635201
2026-06-08 00:00:00+05:30,4675.0,4688.0,4628.5,4647.39990234375,52043,0.0,0.0,4849.319995117188,5101.363994140626,5290.771997070313,,4867.248474200091,5068.875872973527,5239.430283688931,,4775.244754464286,5039.187763097426,4668.202178418562,4844.797486958395,4599.712439487998,4751.339080858908,4658.541526629294,4709.258941412352,4747.200996796422,4642.071165795989,4794.453306235519,4832.827579462801,5081.967989457601,4871.828554868183,4702.415504249493,4673.75,4766.699951171875,4794.25,28.302241841420503,-150.56357922848565,-9.150690641206353,-141.4128885872793,8.938909394931784,7.878441892578284,1.0604675023535002,22.666530338321046,20.719278756393475,-94.2986719928356,-4.883342154241711,-11.621186605614719,-238.60009765625,1853.9880876467446,-417.21790125229654,25.457949070526805,-3.4221267573885723,-3.4261840132110057,-0.31242248821861107,-0.2345132326563415,-11.903496005890492,-97.55818126886243,-157.05818126886243,-269.1106417307752,-255.49324686300125,-233.433349609375,0,1,0,-233.433349609375,0,0,0,1,0,103.74301079612597,71.60009765625,4555.595996158704,4849.319995117188,5143.043994075672,12.114028327857792,0.15627580059949706,4677.416251027623,4867.248474200091,5057.0806973725585,4628.5,4944.5,5260.5,10.888126197501188,0.176933919873366,4652.444083407455,4849.319995117188,5090.644034579331,6260173.0,31.055726569490883,-0.4429725011108013,1796473.7581786013,-20358.41229039803,-792105.9626509717,4654.63330078125,70344614.75791831,1002.7291760733058,11.173496162983044,19.62396755798383,-8.450471395000784,3.837668035778808,-1.3748967976020114,146.8619994792421,21568.446891040905,4845.5,4845.5,0.7529681445595797,-0.23343762867368756,0.9030723955491271,21568.446891040905,4627.094273158483,-30.5550048828125,3.287660088341607,305.11734375000003,-0.011212568715032178,-0.015485668394502716,-0.1162118660561472,-0.13083974147302224,-0.13793361114009461,,-0.011275903438615481,-0.048899593228087235,0.704416626753654,-0.07864988951387775,-0.011541096308635201
2026-06-09 00:00:00+05:30,4660.89990234375,4729.0,4651.10009765625,4691.0,5514,0.0,0.0,4825.4949951171875,5094.053994140625,5284.016997070313,,4850.462905228654,5054.057211288291,5228.570278071328,,4760.166659691221,5023.0950574448525,4655.186456166446,4824.528675262447,4596.630363213417,4729.498886058531,4650.8620658947175,4669.6994724816,4739.022092710355,4638.921530958276,4752.906117755695,4814.961094700154,5079.7033865145095,4856.802491002116,4692.831084384668,4669.199951171875,4766.699951171875,4794.25,32.77384319777727,-145.9551709023708,-3.633825852073187,-142.32134505029762,11.035671906195319,9.180592058650149,1.85507984754517,30.20512130080094,25.17939399248101,-81.14630467571644,-3.705224263573848,-9.221093372036767,-180.5,1670.7000156383451,-403.9946576286766,30.934561060335028,-2.8054516075471105,-3.4221267573885723,-0.3247735608425395,-0.2551698845400161,-10.531902261611297,-43.04986965902481,-120.94977200277481,-316.64419587385254,-267.215019344479,-210.76668294270831,0,1,0,-210.76668294270831,0,0,0,1,0,102.1613741432777,81.60009765625,4565.019889214447,4825.4949951171875,5085.970101019928,10.795788045218547,0.2418275449950157,4663.167065661897,4850.462905228654,5037.75874479541,4628.5,4897.75,5167.0,10.197305718392801,0.17981793546508276,4634.249621607234,4825.4949951171875,5058.299548365047,6265687.0,35.35101523424501,-0.4351933734411473,1796608.2392396585,-20178.40527888271,-644603.5482041813,4690.36669921875,70349787.77817756,1003.667337164936,4.6424845371274985,10.474364745702626,-5.831880208575128,0.41186136838960263,-1.0326898200199368,130.23755295137022,16961.820198760965,4806.25,4806.25,0.7388401480058284,-0.21907941880394835,0.9103887478491708,16961.820198760965,4629.509988839285,-23.825,3.288870692383463,301.8106770833335,0.009381610916302296,-0.00832908488862194,-0.0922109337203677,-0.1310549226637029,-0.13024937424677852,,0.009337876922039226,-0.048899593228087235,0.704416626753654,-0.07864988951387775,-0.011541096308635201
2026-06-10 00:00:00+05:30,4715.89990234375,4869.7998046875,4690.10009765625,4756.60009765625,24519,0.0,0.0,4808.225,5092.35599609375,5277.527998046874,,4841.523590221758,5042.392226439976,5219.224333904693,,4753.6052408854175,5009.861571308211,4656.756946540188,4810.657275011862,4613.286495879453,4717.234254900036,4654.104431205187,4636.468153801334,4739.185348155815,4648.56711803963,4717.525493346158,4792.693492995625,5076.010686004726,4849.022747692782,4694.237178860095,4723.800048828125,4766.699951171875,4794.25,38.943888488615826,-135.44823156429084,5.498490788805441,-140.94672235309628,21.065862242332827,13.680147847819976,7.385714394512851,54.40880688902261,35.76015284271486,-61.357436604449475,-0.34359736735281793,-6.769892245075461,-16.39990234375,1389.3740730616719,-371.2429026884183,33.828629310094016,-1.6650604991574485,-2.8054516075471105,-0.33299842888353526,-0.27367281860124737,-8.993230733162813,99.95704531458523,-79.74266171666477,-356.50614651856733,-295.76673274466697,-175.566650390625,0,1,0,-175.566650390625,0,0,0,1,0,107.69982649241858,179.69970703125,4581.300009694061,4808.225,5035.149990305939,9.439033751787363,0.3862511742885833,4637.83693403636,4841.523590221758,5045.210246407157,4628.5,4874.25,5120.0,9.486211120345086,0.18889706657298527,4610.040752414543,4808.225,5050.015605930168,6290206.0,41.455604003751105,-0.43675795294245173,1790236.3305948654,-20297.791044889716,-322738.92782735627,4772.166666666667,70384075.75077261,1003.667337164936,9.209953584117638,12.033467034154214,-2.8235134500365744,1.7026846849349313,-0.454995302845667,113.46249515296945,12873.737806337618,4773.0,4773.0,0.7694169067054183,0.07340978932653815,0.883413761269319,12873.737806337618,4644.36572265625,-17.2699951171875,3.295326251782678,290.89246093749995,0.01398424592970593,0.013789764628222345,-0.0676989224507546,-0.10312056233501465,-0.12361122106748046,,0.013887368489822432,-0.048899593228087235,0.704416626753654,-0.07864988951387775,-0.011541096308635201
2026-06-11 00:00:00+05:30,4711.0,4750.89990234375,4666.39990234375,4710.10009765625,9062,0.0,0.0,4792.8800048828125,5091.617998046874,5270.288999023437,,4829.007067120281,5029.361162566105,5209.142665860169,,4744.260012090775,4994.8711439185045,4650.512773364191,4794.193814530865,4616.857348889436,4701.136649447951,4660.667911678164,4608.315541103159,4738.337273772976,4651.436934922761,4679.120579697779,4772.044630531359,5087.4272466633365,4837.8761747470435,4700.7940620910995,4733.35009765625,4766.699951171875,4794.25,36.394044879236844,-129.38213115338021,9.251672959772861,-138.63380411315308,27.370557598039213,19.824030582189117,7.546527015850096,79.75514443146484,54.789690873762794,-75.38458592571644,-1.317827411350304,-6.1171995683426355,-62.89990234375,1005.4007267138713,-352.7932315602011,34.555309104155775,-1.0651500071092317,-1.6650604991574485,-0.33869589760970875,-0.2898684276690846,-7.701046316712432,-10.408191069641362,-94.90819106964136,-364.8198195509086,-330.0385243444206,-167.86661783854166,0,1,0,-167.86661783854166,0,0,0,1,0,106.44985283671011,90.2001953125,4584.662943722081,4792.8800048828125,5001.097066043544,8.68859896131794,0.30121728074276016,4627.538150512063,4829.007067120281,5030.475983728499,4628.5,4874.25,5120.0,8.697939927235668,0.1839426247304253,4596.6489519679135,4792.8800048828125,5028.2488054835385,6281144.0,41.24568770686719,-0.39784490686911667,1790547.3760368032,-18402.40794083127,-336830.93813773396,4709.13330078125,70375216.83912672,1002.6897481508225,4.77997754972861,6.082792799812148,-1.3028152500835375,0.592039931009251,-0.7951308770289605,104.10853058036567,10838.586139602934,4764.800048828125,4764.800048828125,0.9704883894720265,0.973413325414018,0.8651085739285079,10838.586139602934,4647.020026506696,-15.3449951171875,3.299251923246827,279.4493391927084,-0.009775890141135113,-0.0020128824060152706,-0.06117199568342635,-0.0975955364199157,-0.12508589251300273,,-0.009823987877324455,-0.048899593228087235,0.704416626753654,-0.07864988951387775,-0.011541096308635201
2026-06-12 00:00:00+05:30,4730.10009765625,4776.89990234375,4725.60009765625,4758.60009765625,23564,0.0,0.0,4777.260009765625,5089.054003906249,5263.535,,4822.30164145704,5018.7430815892485,5200.22103084623,,4740.995259021578,4981.81161841299,4654.739990553837,4782.596296852135,4634.181283372147,4692.247404941261,4674.837142751453,4586.999143217384,4738.509093834905,4665.271531150354,4662.633505800317,4754.608798464086,5083.565343677213,4831.82671943895,4715.7303196179855,4734.35009765625,4759.449951171875,4771.25,40.751426517154115,-119.28610227129047,15.478161473490104,-134.76426374478058,36.275729519279196,28.237383119883745,8.03834639939545,92.01300420910889,75.39231850986545,-54.430788911996494,0.3606474249973637,-6.160518681596332,17.10009765625,373.0248561244298,-328.4744470932901,38.186737247916675,-0.5113202008947322,-1.0651500071092317,-0.34093183849361886,-0.3035209579443908,-6.499434650817544,15.978665467092469,-35.32113922040753,-357.61915115413257,-352.8192131944895,-138.36661783854169,0,1,0,-138.36661783854169,1,0,0,0,0,103.61770654033795,66.7998046875,4615.117881041787,4777.260009765625,4939.402138489463,6.7880805479454285,0.44245816230414514,4627.296468394843,4822.30164145704,5017.306814519237,4628.5,4829.25,5030.0,7.875245916086713,0.18348805626175266,4588.946053599062,4777.260009765625,5004.620858286562,6304708.0,45.51906284836434,-0.3644890290276346,1797299.7487690947,-13805.595534275286,-125447.37554662916,4753.700032552083,70399480.7396024,1002.6897481508225,8.595423154166308,7.918590723399877,0.6768324307664317,1.475507354368476,-0.23016735078341902,81.07106436191921,6572.517476774448,4757.60009765625,4757.60009765625,0.34032983449985327,-1.2542372073560097,0.851161435939861,6572.517476774448,4668.465757533482,-15.6199951171875,3.305006554498615,264.03999565972225,0.010297021081172808,0.01244654343195184,-0.061605186815963275,-0.06885821394066138,-0.1081248059870209,,0.010244367898427732,-0.048899593228087235,0.704416626753654,-0.07864988951387775,-0.011541096308635201
2026-06-15 00:00:00+05:30,4860.0,4949.5,4860.0,4904.39990234375,19142,0.0,0.0,4777.505004882813,5089.276005859375,5258.583999023437,,4830.120523446251,5014.2590353443275,5194.363186717468,,4753.103820219494,4974.570281096813,4685.591351571687,4783.064707538059,4687.829526099878,4701.017152361169,4707.4528808382365,4576.5721346444225,4752.148837580782,4704.61709031163,4661.796890070402,4757.615980021139,5082.1545162686025,4836.710431370472,4748.899788707335,4831.5,4775.89990234375,4789.0,51.50645653790242,-98.3859687017466,29.102636034427192,-127.4886047361738,52.044916834339716,38.5637346505527,13.481182183787013,92.01300420910889,87.92705094989421,-14.049874659267914,3.8957716840112275,0.10000821193489132,183.89990234375,411.8117295855045,-263.0935647403494,43.78735038479514,0.10323288559899974,-0.5113202008947322,-0.336896493855654,-0.31417254366393016,-4.247145106563889,168.08181091375718,78.58181091375718,-361.3143963285176,-360.4497473761945,-93.23331705729166,0,1,0,-93.23331705729166,1,0,0,0,0,109.85214909772453,190.89990234375,4614.572297637514,4777.505004882813,4940.437712128113,6.820828322682052,0.8894089149021895,4617.3253854673585,4830.120523446251,5042.915661425144,4628.5,4798.5,4968.5,6.890995567135352,0.18091071659129215,4594.364865322112,4777.505004882813,4994.039670009612,6323850.0,52.26984141266489,-0.31985032783968464,1797149.9930297441,-10717.67678190698,291173.6582926214,4904.63330078125,70458130.33830902,1005.7536703484309,9.157479488298586,6.784517646025723,2.3729618422728627,1.1227111168459454,1.557635659608755,81.46635362265005,6636.766772570666,4757.60009765625,4757.60009765625,0.3500981219715618,-1.2412002615011135,0.6217191828258587,6636.766772570666,4704.301450892857,0.2449951171875,3.315863532562798,237.93799804687504,0.03063922197608293,0.0552997386496461,0.0010000821193489884,-0.04741188650213657,-0.07113638213186557,,0.03017921360688135,-0.048899593228087235,0.704416626753654,-0.07864988951387775,-0.011541096308635201
2026-06-16 00:00:00+05:30,4914.39990234375,4914.39990234375,4795.0,4834.39990234375,12475,0.0,0.0,4773.675000000001,5087.978007812499,5253.2179980468745,,4830.528083341251,5007.205736010971,5187.235200888285,,4758.522381882441,4964.575139782475,4700.132339169263,4778.3011530729,4714.944741187578,4701.671100031214,4742.410524659259,4573.533516983266,4754.715919744427,4730.548786695641,4658.071514173033,4755.95821161924,5084.803248470997,4836.545077847232,4783.365471618394,4869.39990234375,4775.89990234375,4789.0,47.0870775483087,-86.47405814211197,32.81163727524947,-119.28569541736144,65.22086939563772,51.1805052497522,14.040364145885519,93.65147086797157,92.5591597620631,-35.85672824182243,2.1985456229286573,-1.5597657840816535,104.0,57.58741058480973,-213.16799316406195,45.00716470768266,0.5073879318968461,0.10323288559899974,-0.329666846972021,-0.321648045654293,-2.4274010255175673,125.41289707786291,6.012994734112908,-362.29680038980024,-360.8306191510015,-40.233317057291664,0,1,0,-40.233317057291664,1,0,0,0,0,110.53413147244065,119.39990234375,4620.655355188556,4773.675000000001,4926.694644811446,6.410978745366819,0.6984219164100658,4615.256310437729,4830.528083341251,5045.799856244773,4628.5,4794.25,4960.0,5.417604981275511,0.18770601542677728,4585.980136755527,4773.675000000001,4995.254917028967,6311375.0,52.73301033898666,-0.3173634744282127,1792908.061434159,-9829.808547087247,124827.42139367547,4847.933268229167,70440324.89794143,1004.3263805394056,6.28064346046784,3.126145294555982,3.1544981659118583,0.7156009614005702,0.7936876656402643,76.50982240572229,5853.752924555164,4757.60009765625,4757.60009765625,0.30306727325908694,-1.1784204259114035,0.4745814045484913,5853.752924555164,4728.217145647322,-3.8300048828125,3.3224932786038623,211.3177777777776,-0.014272898090253228,0.030569154198198722,-0.01559765784081657,-0.07845979749451959,-0.1061477484804012,,-0.014375735599199801,-0.048899593228087235,0.704416626753654,-0.07864988951387775,-0.011541096308635201
2026-06-17 00:00:00+05:30,4834.10009765625,4880.0,4827.2001953125,4841.89990234375,9977,0.0,0.0,4773.794995117189,5086.634003906249,5248.186997070311,,4831.611113722442,5000.723154298532,5180.396878144829,,4765.019991629465,4954.925017999387,4714.613896483149,4774.566858850002,4740.138070295967,4703.582417437157,4777.668097203902,4576.837937167956,4759.5625099311965,4752.801255299033,4658.413800075561,4755.884649518565,5088.1731886265,4836.925876091664,4814.989274630062,4838.14990234375,4775.89990234375,4789.0,47.60579485311927,-75.55761473337134,34.982464547192095,-110.54007928056343,72.19103915173935,63.15227512723892,9.038764024500423,88.04808985033466,91.2375216424717,-33.52027964369159,3.196999150068618,0.04958988209009195,150.0,45.230829858401194,-180.99678739659976,45.24857158749776,0.775237045103434,0.5073879318968461,-0.3197991271646772,-0.3259525611359177,-0.8516672700688841,83.45400943727509,30.65420474977509,-361.0098622178571,-360.9752344681042,6.749999999999998,0,1,0,6.749999999999998,1,0,0,0,0,106.41025098780203,52.7998046875,4620.554403913065,4773.794995117189,4927.035586321313,6.4200742328007,0.7222156241091576,4626.784308774017,4831.611113722442,5036.437918670867,4628.5,4794.25,4960.0,4.835050660922562,0.18048901817815327,4586.502460941716,4773.794995117189,4994.1021923870285,6321352.0,54.94089917537099,-0.30767141354942334,1788486.3462659419,-9979.880136631196,117684.57548029326,4849.700032552083,70441872.71155865,1004.4815187189419,2.6128493689815926,-0.4333190375442131,3.0461684065258057,0.5680918786263759,0.8888624964366326,76.62029560206182,5870.669698147334,4757.60009765625,4757.60009765625,0.30074330358107454,-1.1882935048093968,0.359611264214731,5870.669698147334,4747.469984654018,0.1199951171875,3.329773003280285,176.6653287760415,0.0015513817953627385,0.017932935907210235,0.0004958988209009529,-0.04546083738910789,-0.10871607872181321,,0.0015501796457932783,-0.048899593228087235,0.704416626753654,-0.07864988951387775,-0.011541096308635201
2026-06-18 00:00:00+05:30,4845.5,4930.0,4830.0,4870.39990234375,7990,0.0,0.0,4773.689990234376,5083.322001953124,5244.145996093749,,4835.305284067328,4995.6124385356,5174.258324168571,,4774.220458984375,4946.445249310662,4732.793003543818,4773.41472188145,4768.991722593503,4709.017324463709,4811.780019467837,4585.77300012057,4765.758150301417,4780.220155464006,4658.860310060343,4756.151268013645,5086.994705050114,4839.2518195689845,4838.106254927443,4856.14990234375,4775.89990234375,4789.0,49.626663049260706,-63.87028596887831,37.3358346493481,-101.20612061822641,68.66040571456386,68.69077142064697,-0.03036570608310285,85.34772770602888,89.0157628081117,-24.641774970794394,3.1951818282736935,-0.043101029374037966,150.7998046875,67.89078070744108,-129.50029153262858,45.684378539468874,1.0570239069751537,0.775237045103434,-0.3072988986054126,-0.32705373118286424,0.9510020093234035,122.90345061141488,22.903450611414883,-349.87129771805496,-359.6331698769812,51.64998372395833,0,1,0,51.64998372395833,1,0,0,0,0,105.95237591724474,100.0,4620.731561856887,4773.689990234376,4926.648418611864,6.408393871005376,0.8161313604461939,4630.938174828278,4835.305284067328,5039.672393306379,4628.5,4794.25,4960.0,4.307865322925464,0.18005731051919194,4583.890981837016,4773.689990234376,4996.740713282328,6329342.0,53.04407709427404,-0.3070559914195417,1786952.250660473,-9622.132558036363,133403.20755453708,4876.799967447917,70446575.72080281,1005.0701306393619,-1.537867168131523,-3.6672284597258633,2.12936129159434,0.46158023350529465,1.2645254417847793,76.479214188744,5849.07020292778,4757.60009765625,4757.60009765625,0.2991324617412694,-1.1854054748240503,0.18412778768343444,5849.07020292778,4775.281396484374,-0.1050048828125,3.3358627211770204,142.27555338541654,0.005886119204200124,0.034033205529382604,-0.0004310102937403748,-0.045300420985249445,-0.1107540802731879,,0.005868863683482127,-0.048899593228087235,0.704416626753654,-0.07864988951387775,-0.011541096308635201
2026-06-19 00:00:00+05:30,4851.2001953125,5000.0,4830.0,4968.7998046875,24139,0.0,0.0,4779.55498046875,5081.795996093749,5240.563994140623,,4848.019047935915,4994.560962698419,5170.189838634292,,4792.802346075149,4941.954182751225,4766.772770962413,4780.066640500865,4818.764662838326,4725.595931773491,4851.948604974127,4601.634890372916,4788.00698214337,4828.789636565648,4673.732439445233,4771.749448743873,5084.008623569744,4847.577304105096,4863.542214394005,4919.599853515625,4808.099853515625,4814.25,55.94476648072345,-46.136115542281004,44.05600406075632,-90.19211960303733,77.81316929517133,72.8882047204915,4.924964574679834,91.69625683805728,88.36402479814026,-8.3984375,5.7168932884054895,2.4178048992579613,268.69970703125,425.82412474547345,-77.367938591452,53.69238915033867,1.4396423542093053,1.0570239069751537,-0.2906408470476296,-0.32463354883053297,3.194425488535268,169.80298556871276,-0.1970144312872435,-325.5784912150178,-351.6062685794404,124.69995117187499,0,1,0,124.69995117187499,1,0,0,0,0,110.52720620887011,170.0,4606.37553977646,4779.55498046875,4952.73442116104,7.2466763704978066,1.046383633825812,4630.734520529155,4848.019047935915,5065.303575342676,4628.5,4814.25,5000.0,3.8162757238998704,0.19261697077589232,4572.032700296128,4779.55498046875,5014.50743174144,6353481.0,60.209745654561644,-0.22427862103396443,1802230.7622528444,-3739.6973548531532,453670.64114328625,4932.933268229167,70495345.33500908,1005.0701306393619,3.9184026245482797,1.4312330663631516,2.487169558185128,1.2810932731856177,2.1855345353032525,86.58972034614482,7497.779669623566,4757.60009765625,4757.60009765625,0.6065586010732321,-0.5324878466816401,-0.028754625262905304,7497.779669623566,4819.297077287946,5.864990234375,3.344853704633628,114.33042968750003,0.020203659723382783,0.04417259335046442,0.02417804899257958,0.007359311644703492,-0.08661768296185657,,0.020002273760971235,-0.048899593228087235,0.704416626753654,-0.07864988951387775,-0.011541096308635201
2026-06-22 00:00:00+05:30,4977.0,5056.10009765625,4969.39990234375,4993.39990234375,19110,0.0,0.0,4784.924975585937,5078.251992187499,5237.512993164061,,4861.864843593804,4994.515430919805,5166.689047816657,,4813.168529110863,4938.487669270833,4800.88345573682,4788.388904550547,4866.258638539495,4744.09394902006,4897.576216158515,4623.568781493667,4824.99276825681,4873.266795434396,4689.499787101792,4782.793345552976,5079.724707672468,4856.828766261198,4895.766037226731,4981.099853515625,4820.39990234375,4842.300048828125,57.38385342931277,-29.753653821886473,48.350772624920694,-78.10442644680717,84.09883617726781,76.85747039566766,7.241365781600152,97.2996378556942,91.44787413326011,-14.663278997402152,7.4450231800690805,2.198115070481989,346.0,855.3382223795024,-40.34882094439399,52.03657773798369,1.857177075176181,1.4396423542093053,-0.270565857610372,-0.31861047069362547,5.336962111902856,202.58838495175405,115.88818963925405,-302.10282805724387,-335.6687113568744,172.73323567708331,0,1,0,172.73323567708331,0,0,0,1,0,108.86814097743296,87.30029296875,4592.281216442474,4784.924975585937,4977.568734729401,8.05211200285844,1.041089230413532,4648.6454534698305,4861.864843593804,5075.084233717777,4628.5,4842.300048828125,5056.10009765625,3.367729020635687,0.1918953102489332,4578.065796420363,4784.924975585937,5018.4655766938,6372591.0,65.7670592900149,-0.2286182142199501,1793700.6692149197,-3707.3946151768323,456018.81615295075,5006.299967447917,70504806.53056313,1005.5652219818032,5.329263704000799,2.2736753166525365,3.0555883873482625,1.2290021351580789,2.1643569216541287,96.32187957173159,9277.904484231163,4757.60009765625,4757.60009765625,0.8156124621058118,-0.17864276666774961,-0.2463988772963898,9277.904484231163,4869.655636160714,5.3699951171875,3.3545897578334984,104.82442708333335,0.00495091342441345,0.018146970429036235,0.021981150704819985,0.005821311782405081,-0.08260152446376079,,0.0049386979544442725,-0.048899593228087235,0.704416626753654,-0.07864988951387775,-0.011541096308635201
2026-06-23 00:00:00+05:30,4966.60009765625,5039.0,4941.89990234375,4984.7001953125,18374,0.0,0.0,4790.584985351563,5076.837998046874,5233.764995117186,,4873.563448519394,4994.130519719519,5163.0853081631085,,4832.194740513393,4934.818971354166,4828.974263962418,4795.717569897799,4902.954279960083,4760.570754796535,4941.062735558712,4649.325987164547,4849.228455231916,4905.603319009097,4706.770399004663,4792.941697633539,5077.9193097027455,4865.060673736125,4930.790876635023,4989.050048828125,4820.39990234375,4842.300048828125,56.67873485598459,-17.273312535501645,48.66489112904442,-65.93820366454607,86.74682056593583,82.88627534612499,3.860545219810845,99.19179333052992,96.06256267476047,-16.697821804790316,6.2609293394265615,2.323723602843067,293.7001953125,1149.3283849425916,4.537945197610497,50.81537259785398,2.1060863630173503,1.857177075176181,-0.2485100119612782,-0.3092228688133747,7.39965292334287,166.74707549436062,69.64697783811062,-290.0312532902485,-315.87753159213776,198.2666015625,0,1,0,198.2666015625,0,0,0,1,0,108.02756645449132,97.10009765625,4581.2982897430575,4790.584985351563,4999.871680960068,8.737417089915027,0.9637542998052101,4662.155410282227,4873.563448519394,5084.971486756561,4628.5,4842.300048828125,5056.10009765625,2.711410793114755,0.19160000006784764,4577.4686432375765,4790.584985351563,5029.3934479250765,6354217.0,62.93208249549261,-0.21141861495152664,1791524.6463949601,-4049.514881189447,368037.78284650244,4988.533365885417,70501605.33658472,1005.3909978619372,5.966356275486189,2.328614310510341,3.637741964975848,1.0914037255274662,1.8550171992208437,104.64334780425251,10950.23023968176,4757.60009765625,4757.60009765625,0.8294064618042365,-0.44672958012856695,-0.42334259605906943,10950.23023968176,4915.414250837053,5.660009765625,3.3603851288052957,98.71509548611108,-0.0017422411986603992,0.03108975177992268,0.023237236028430752,-0.014199506513893012,-0.0870512462797619,,-0.0017437606659663858,-0.048899593228087235,0.704416626753654,-0.07864988951387775,-0.011541096308635201
2026-06-24 00:00:00+05:30,4993.39990234375,5018.89990234375,4926.10009765625,4998.7001953125,5402,0.0,0.0,4801.8699951171875,5073.417998046874,5228.706997070311,,4885.481233928261,4994.30972268395,5159.830157413591,,4852.015236700149,4931.754743795956,4855.9213966037805,4803.849848252437,4936.453677621545,4777.722529706521,4979.2440214294165,4677.828357947295,4868.6557638686645,4941.95541176716,4723.16765357801,4797.711245900953,5076.088376772969,4873.625756418693,4961.334724302938,4991.7001953125,4823.050048828125,4842.300048828125,57.58203151181974,-6.18161138479536,47.80527382380057,-53.98688520859593,85.07172152597371,85.30579275639245,-0.2340712304187349,99.1917933305299,98.56107483891802,-13.423734619886385,5.089771952356085,4.728686262570711,242.10009765625,1560.6389810091878,49.17086684283095,49.63509743862693,2.1042519539403344,2.1060863630173503,-0.22507099880662018,-0.29659788005747595,8.902134322705725,128.58308200855936,35.78327732105936,-286.5345976922654,-299.3968752670446,241.33333333333331,0,1,0,241.33333333333331,0,0,0,1,0,106.93986918542052,92.7998046875,4573.138916726672,4801.8699951171875,5030.601073507703,9.526750146218143,0.930265536236535,4676.531141297015,4885.481233928261,5094.4313265595065,4628.5,4842.300048828125,5056.10009765625,2.50335455147217,0.17382473775319784,4592.089326966889,4801.8699951171875,5029.089082826264,6359619.0,59.879885674187655,-0.1732144172577251,1794574.9427949307,-2850.7866008230485,326264.9567255735,4981.2333984375,70503122.53916535,1005.6718572807878,-0.17810501289907368,-3.0526775822999372,2.8745725694008635,0.36197942841826647,1.7210621449461427,114.36553919525777,13079.476555422041,4757.60009765625,4757.60009765625,0.6579229865525337,-0.9806370245713031,-0.472469850043946,13079.476555422041,4952.305719866072,11.285009765625,3.3630961972860955,95.50598415798608,0.002808594188506097,0.03238404265500194,0.04728686262570703,0.032469316392130576,-0.09811453399864678,,0.0028046574572459736,-0.048899593228087235,0.704416626753654,-0.07864988951387775,-0.011541096308635201
2026-06-25 00:00:00+05:30,5000.0,5079.5,4952.2998046875,4982.2998046875,13006,0.0,0.0,4812.334985351563,5068.2719921875005,5224.409995117186,,4894.702050191046,4993.838745507619,5156.314704884362,,4869.199028087798,4928.181481311274,4876.300078754273,4810.395378276554,4959.257830716367,4792.03401051326,5007.515961343344,4707.732449891465,4888.605555594938,4967.102468905407,4738.459102824951,4805.55063748077,5070.233968501776,4880.732769067192,4978.970073847503,4990.5,4823.050048828125,4854.0,56.10615302258467,1.2706203088891925,44.206004413988104,-42.93538410509891,82.77543127954235,84.86465779048396,-2.0892265109416144,97.51159172406467,98.63172612837484,-21.552149736696236,5.779064168226421,4.385078665147706,272.19970703125,1888.618495750923,96.72879136029405,48.65748581030674,2.323334368952155,2.1042519539403344,-0.20146229257308468,-0.2811012638440833,9.778263177687204,176.04275332876477,48.842558016264775,-281.83977839503603,-289.51238473621794,269.6499837239583,0,1,0,269.6499837239583,0,0,0,1,0,108.38703533735477,127.2001953125,4570.394943320955,4812.334985351563,5054.275027382171,10.054995870697205,0.85125400886397,4681.42335775087,4894.702050191046,5107.980742631221,4628.5,4854.0,5079.5,2.2264708520644687,0.17479274390658692,4588.495583680526,4812.334985351563,5057.295388368026,6346613.0,60.678657596394245,-0.18829485027579354,1787703.8390353243,-4287.49562774552,249183.75141209876,5004.699869791667,70498855.36025615,1005.6718572807878,-1.1570260378721282,-3.225278885818393,2.068252847946265,0.8490720007311707,1.4050160354558774,120.97002101530438,14633.745984443185,4757.60009765625,4757.60009765625,0.46165563815871763,-1.3970413902015753,-0.5168908556763724,14633.745984443185,4982.9271135602685,10.464990234375,3.3657357960823227,94.50353407118055,-0.0032809310389086965,0.02297550603388876,0.043850786651477014,0.0495681071597851,-0.09757293883580875,,-0.003286325094731304,-0.048899593228087235,0.704416626753654,-0.07864988951387775,-0.011541096308635201
2026-06-26 00:00:00+05:30,4982.2998046875,4982.2998046875,4982.2998046875,4982.2998046875,0,0.0,0.0,4824.374975585937,5060.097988281249,5219.3129931640615,,4903.044693476422,4993.386238024477,5152.868865276503,,4885.386153738839,4924.810022977941,4893.943396577541,4816.701966240239,4977.4153062680025,4805.554684995006,5025.870870831643,4738.1223743599,4902.853477003579,4975.968872536439,4751.797946219071,4809.2980456456735,5062.806158895622,4887.413829982904,4985.638498508834,4982.2998046875,4844.85009765625,4865.300048828125,56.106153022584664,7.094783370222103,40.02413398025681,-32.92935061003471,80.778329749965,82.87516085182702,-2.0968311018620227,96.33674549912722,97.68004351790725,-22.689126393522407,4.700956214863036,5.078557517399557,223.69970703125,2031.667507790894,121.0843462775747,50.03658413573781,2.171341338515968,2.323334368952155,-0.17821244394511382,-0.26346970274291215,10.788572445163632,67.57933544251227,67.57933544251227,-261.9391133668142,-281.45318647194426,283.93326822916663,0,1,0,283.93326822916663,0,0,0,1,0,100.64510424182944,2.220446049250313e-16,4573.47663548122,4824.374975585937,5075.273315690654,10.401278564556216,0.8147187602669073,4710.078257459121,4903.044693476422,5096.011129493723,4628.5,4854.0,5079.5,1.8059629180800754,0.17194479729218903,4612.641466091718,4824.374975585937,5052.066270779218,6346613.0,76.35442119373297,-0.15076308023880997,1787703.8390353243,-4485.467899873387,213586.0726389418,,70498855.36025615,1005.6718572807878,-9.672728409993912,-9.392785006352142,-0.2799434036417705,0.0,1.2588750410676297,125.4491700523585,15737.494266825559,4796.5,4796.5,0.24896520131424793,-1.6449659556419698,-0.5236213073546071,15737.494266825559,5007.408510044643,12.039990234375,3.365660552188885,91.94108398437506,0.0,0.002716953898457275,0.05078557517399562,0.019542441642155017,-0.12221638395216705,,0.0,-0.048899593228087235,0.704416626753654,-0.07864988951387775,-0.011541096308635201
2026-06-29 00:00:00+05:30,4962.0,5012.60009765625,4850.5,4874.10009765625,6643,0.0,0.0,4832.05498046875,5047.521992187499,5213.068994140624,,4900.2880653030725,4988.708350166899,5147.348691660261,,4890.121879650298,4917.51598805147,4889.559466428196,4814.458432079664,4963.609349598428,4806.0871879646975,5024.079454477814,4765.052937609839,4902.486315216088,4970.048055434754,4756.6960736345,4813.371212189789,5052.371197972443,4886.452415934969,4972.624022262898,4928.199951171875,4854.400146484375,4872.949951171875,46.9070939572355,2.945706195038838,28.70004544405884,-25.754339249020003,68.67904740729031,77.41093614559921,-8.731888738308896,79.54273585631023,91.13035769316737,-49.72158164791042,-0.6178086063703759,3.2538946648924902,-30.2998046875,1936.1312052606254,112.54141343060746,44.99406472687033,1.6349201164058393,2.171341338515968,-0.15826083609787878,-0.24442459042356302,10.299922607637091,103.68253863822429,-58.41755901802571,-234.86040255797658,-268.15879729565705,265.11661783854163,0,1,0,265.11661783854163,0,0,0,1,0,105.03474662857377,162.10009765625,4585.173240707162,4832.05498046875,5078.936720230337,10.21849878610603,0.585152343037,4694.823176019562,4900.2880653030725,5105.752954586583,4628.5,4854.0,5079.5,1.6023708791872326,0.19142860256863214,4613.938291056835,4832.05498046875,5068.363217814647,6339970.0,73.0686851589889,-0.14628711826910226,1782995.1432214072,-5656.908142910805,80392.25457500818,4912.400065104167,70484428.87686524,1005.6718572807878,-12.759253095108829,-9.983447753173646,-2.775805341935182,0.5672154103623758,0.3406093721480007,123.44086988079367,15237.648356927035,4838.14990234375,4838.14990234375,0.09231602582484331,-1.6132518107485025,-0.5147855470301653,15237.648356927035,5006.255678013393,7.6800048828125,3.3566110347759857,91.20730902777784,-0.021716819796643416,-0.023891498181730753,0.03253894664892498,-0.003923672735698269,-0.1286135518626531,,-0.021956100548740073,-0.048899593228087235,0.704416626753654,-0.07864988951387775,-0.011541096308635201
2026-06-30 00:00:00+05:30,4862.5,4935.0,4831.10009765625,4864.7998046875,20905,0.0,0.0,4838.774975585938,5035.437988281249,5204.9069921875,,4896.908230958732,4983.849191520649,5141.753664195453,,4893.240434337798,4910.350412071079,4884.143458046107,4811.76400014926,4949.298718689783,4805.800875589322,5008.220943799039,4788.24466765417,4901.920618107642,4962.2053555868015,4764.535427977265,4819.348098320589,5042.009823823051,4884.878081310601,4946.801129113206,4869.449951171875,4854.400146484375,4872.949951171875,46.20582458984491,-1.0804683094629581,19.73909675164564,-20.819565061108598,58.538789681525735,69.33205561292701,-10.793265931401272,63.3256778517081,79.73505306904852,-51.97292291398994,0.628824734358693,2.8411953559604863,30.39990234375,1763.2923866102287,97.70701976102919,38.59698161179882,0.8372467587179077,1.6349201164058393,-0.14133110482502653,-0.22459481016360183,8.886716238338419,32.38497731490588,-71.51492502884412,-212.72074972949122,-248.02659332901814,237.18326822916666,0,1,0,237.18326822916666,0,0,0,1,0,104.95368632251493,103.89990234375,4596.26588918053,4838.774975585938,5081.284061991345,10.023573637087406,0.5536574309179824,4691.220968779603,4896.908230958732,5102.595493137861,4628.5,4854.0,5079.5,1.605967164587563,0.1918190032893714,4616.965004878426,4838.774975585938,5080.364907222176,6319065.0,61.66259330172744,-0.16174395634689023,1775651.1256592441,-7958.602180940565,41132.9861340472,4876.966634114583,70480439.98413394,1005.6718572807878,-5.802693378619226,-2.4215104293472356,-3.3811829492719907,1.6651267264588279,0.21462972367192948,121.25454320270364,14702.664247296325,4853.349853515625,4853.349853515625,-0.051923824185224655,-1.5169329069120607,-0.5134508399320996,14702.664247296325,5002.171351841518,6.7199951171875,3.3502218715189263,89.87263671874994,-0.0019081046310932548,-0.024053681450642017,0.028411953559604797,-0.0070418225818700275,-0.14412389080093246,,-0.0019099273817699232,-0.048899593228087235,0.704416626753654,-0.07864988951387775,-0.011541096308635201
2026-07-01 00:00:00+05:30,4860.10009765625,4988.0,4860.10009765625,4893.7998046875,6159,0.0,0.0,4848.869970703125,5023.747988281248,5196.779990234375,,4896.612190361472,4980.3178430173875,5136.843686779454,,4898.480894252232,4904.795973498774,4884.795263852529,4811.5882262750765,4944.602836895377,4809.082933204249,4986.994942568824,4808.996009457569,4901.719878692473,4957.919103343415,4774.341866463451,4824.611846366437,5028.034069740321,4885.5107128453255,4919.40966397312,4879.2998046875,4878.650146484375,4902.550048828125,48.77737038372478,-1.9091751912319523,15.128311895901316,-17.037487087133268,48.6109919751568,58.60960968799095,-9.998617712834147,47.87093190508456,63.5797818710343,-52.47251951262923,1.0718912697601937,4.3031587746127045,51.89990234375,1615.8475489247235,91.98614573759187,37.62428946873655,0.30508192405138007,0.8372467587179077,-0.12624906132353564,-0.2044781615767266,8.17982387664131,86.64429417170504,-41.25560817204496,-203.2233284722266,-226.72079106899605,187.98323567708331,0,1,0,187.98323567708331,0,0,0,1,0,106.59270175260315,127.89990234375,4615.465922189071,4848.869970703125,5082.274019217179,9.627152302465582,0.5962490459578939,4686.152305086308,4896.612190361472,5107.072075636636,4628.5,4854.0,5079.5,1.4028333216981492,0.18899905866554634,4617.723164187665,4848.869970703125,5101.473042117353,6325224.0,65.79753552436884,-0.15237955954278762,1772737.734010807,-9103.683250006288,60772.70240061189,4913.966634114583,70484111.48156798,1006.267976364086,-9.693902988038905,-5.050176031013532,-4.643726957025374,0.5059641167192429,0.3849961838315749,116.70202425702722,13619.36246568777,4867.599853515625,4867.599853515625,-0.22463182990588676,-1.325787531643283,-0.42442084227317844,13619.36246568777,4997.702741350447,10.0949951171875,3.345053064878574,91.4412977430556,0.0059611908329828545,-0.020985533543974033,0.04303158774612714,-0.0031167205117806907,-0.11958265634838539,,0.005943493232596553,-0.048899593228087235,0.704416626753654,-0.07864988951387775,-0.011541096308635201
2026-07-02 00:00:00+05:30,4931.0,4937.7998046875,4884.0,4898.5,5584,0.0,0.0,4857.814965820313,5014.699990234374,5186.924990234374,,4896.791981755618,4977.10930015396,5132.124009813525,,4903.2075637090775,4899.8842876838235,4886.263145223182,4811.913813473937,4941.540173669264,4812.902303916712,4964.363207331405,4827.734505592352,4901.674646504287,4945.5649216261845,4785.367675621747,4829.797741293754,5019.971603232155,4886.428717138802,4900.061093810115,4896.14990234375,4916.550048828125,4937.25,49.20122298714611,-2.161745627046912,11.900593168069086,-14.062338795115998,43.97805697671569,50.375946211132735,-6.397889234417043,40.10840121140663,50.43500365606643,-63.62038664323375,0.5769566815802452,3.7905733249008016,28.10009765625,1370.1823119966598,75.44497213924751,35.90081872313898,-0.12150876403242869,0.30508192405138007,-0.11270100591884713,-0.184707068117973,7.2633439925605705,36.85205683467575,-16.94774785282425,-201.3604858254942,-211.35150746448437,140.11653645833331,0,1,0,140.11653645833331,0,0,0,1,0,102.82178053366722,53.7998046875,4631.671058295368,4857.814965820313,5083.958873345257,9.310519610816707,0.5899538586402099,4696.12831323285,4896.791981755618,5097.455650278385,4628.5,4854.0,5079.5,1.3679551445137192,0.18850062739355705,4629.54400553855,4857.814965820313,5109.818785811987,6330808.0,59.02885803941252,-0.1751661333432767,1770163.7077633257,-9563.52628882206,55840.30071838162,4906.7666015625,70484647.79060538,1006.3640202461427,-13.356941060268076,-6.970571282594161,-6.386369777673915,0.4679774056753993,0.3598154345608394,113.07195376247236,12785.266727662689,4872.25,4872.25,-0.41891498970351826,-1.036135781361438,-0.29671886495464933,12785.266727662689,4993.992759486607,8.9449951171875,3.3394474124903213,92.19240885416669,0.0009604388205659564,-0.01681950263383558,0.03790573324900803,-0.027303415409054788,-0.10398756173404056,,0.0009599778943059715,-0.048899593228087235,0.704416626753654,-0.07864988951387775,-0.011541096308635201
2026-07-03 00:00:00+05:30,4898.5,4979.5,4844.5,4851.89990234375,12637,0.0,0.0,4865.404956054688,5004.767988281249,5176.988989257811,,4892.516545621154,4972.199127690815,5126.5750175864005,,4902.644224330357,4893.499970511642,4879.122203684436,4808.764278710122,4926.542153103205,4811.405597905478,4938.158581299886,4843.398687956404,4896.131993117181,4923.168253123095,4793.129719898836,4834.599813017678,5013.3317823380585,4883.891412716484,4887.029132247575,4875.199951171875,4916.550048828125,4937.25,45.20715235005283,-6.052379876949999,6.4079671345328,-12.4603470114828,34.63568650618862,42.40824515268703,-7.77255864649841,24.672327489140667,37.55055353521062,-80.00003432557118,-2.352678854830661,3.2297142940252788,-116.89990234375,989.1377274777005,62.59824649586608,27.1460969626356,-0.44377393599005793,-0.12150876403242869,-0.10164025046837111,-0.16593755621330622,5.379989835865901,85.5590872199009,-49.4409127800991,-193.21375757496997,-202.5170226499838,93.23323567708334,0,1,0,93.23323567708334,0,0,0,1,0,105.12022478126242,135.0,4651.70131614462,4865.404956054688,5079.108595964756,8.784618827837848,0.4684023778990814,4685.2494169576985,4892.516545621154,5099.78367428461,4628.5,4854.0,5079.5,1.5771319319872288,0.19174167140233309,4632.56811563747,4865.404956054688,5125.342895910908,6318171.0,49.66279565236316,-0.19086309688961753,1758912.0791102585,-12462.296077147592,-36263.37568167735,4891.966634114583,70472626.04039446,1006.3640202461427,-11.258415173870729,-3.897636316957451,-7.360778856913278,1.1720460025969208,-0.1263904884036743,106.85181995503406,11417.311427703014,4872.25,4872.25,-0.545569053073741,-0.5933719297429136,-0.15905983428342177,11417.311427703014,4977.122760881696,7.589990234375,3.329773997747461,92.20396158854165,-0.009513136196029448,-0.0261726326105598,0.032297142940252765,-0.03829462083462987,-0.10033378410091787,,-0.009558675118279096,-0.048899593228087235,0.704416626753654,-0.07864988951387775,-0.011541096308635201
2026-07-06 00:00:00+05:30,4860.0,5007.0,4840.2001953125,4972.60009765625,12382,0.0,0.0,4881.664965820313,4995.7879882812485,5168.479990234374,,4900.143550576878,4972.214852003185,5123.526009270951,,4912.853285435268,4892.238484604779,4894.925483784548,4815.204320459111,4945.226829817882,4823.914441929048,4923.897504925088,4860.0062503019535,4896.889657695421,4926.723657587562,4809.665820803539,4879.229113658395,5008.496294274661,4889.7875551503885,4892.820409560909,4912.25,4920.300048828125,4953.35009765625,55.32352031952838,0.5968810049134845,10.445782413117028,-9.848901408203544,38.0031302414693,38.87229124145787,-0.8691609999885728,36.026535094605855,33.60242126505105,-42.37018830678717,-0.41654594252980226,6.997465295562297,-20.7998046875,416.11872444636447,61.137665153954,36.35157449064025,-0.6141572809644803,-0.44377393599005793,-0.0897381684038634,-0.14829624026248237,4.512003741249636,101.82206080902142,-64.97774387847858,-178.95981601334165,-195.2219385477494,72.64998372395831,0,1,0,72.64998372395831,1,0,0,0,0,109.5259090602794,166.7998046875,4689.390078326138,4881.664965820313,5073.939853314489,7.877430706138824,0.7364716813023529,4680.844757083751,4900.143550576878,5119.442344070005,4651.10009765625,4865.300048828125,5079.5,1.5366546084490216,0.20180026415610872,4632.6676840869095,4881.664965820313,5152.267415532221,6330553.0,57.25642201514989,-0.11803882699983825,1766186.883791675,-10200.509857635014,182418.5091813301,4939.933430989583,70503428.60945894,1008.8517095584097,-9.662743841551874,-1.8415719877108767,-7.821171853840998,1.2248249119613817,0.9458867252094134,96.13744374708747,9242.40809022441,4883.949951171875,4883.949951171875,-0.5555207730228894,-0.6148319386667792,0.09351413102473316,9242.40809022441,4975.229924665178,16.260009765625,3.3252184749489517,94.70574218749995,0.024876893122670385,0.02020885866651856,0.06997465295562288,-0.03829342750559073,-0.07701158280162412,,0.024572501106710564,-0.048899593228087235,0.704416626753654,-0.07864988951387775,-0.011541096308635201
2026-07-07 00:00:00+05:30,4980.0,5035.2001953125,4880.2001953125,4898.5,9676,0.0,0.0,4892.039965820313,4985.617988281249,5159.064990234373,,4899.987021950508,4969.324073493256,5119.070048691328,,4914.45662202381,4888.423269378063,4895.1242927621615,4815.693403049213,4940.956530338781,4827.309268655653,4911.312018229167,4875.220820083141,4896.946104665477,4914.492814454223,4821.251478719331,4883.924719454664,5002.824532696684,4890.4054570357775,4900.044679105407,4935.550048828125,4925.300048828125,4954.75,49.305031260544446,-0.11150508022092254,7.789917062386097,-7.90142214260702,35.02822906242697,35.889015270028295,-0.860786207601322,38.28790755356252,32.995590045769674,-72.54509018036073,-1.7292954828769989,4.4233638882967385,-86.2001953125,-350.3874388045715,73.18680635340206,33.38323782583836,-0.5194744783828665,-0.6141572809644803,-0.07924328045693096,-0.13209316044585023,3.138523419376811,130.97624743451888,-24.023752565481118,-164.48208519241803,-185.03161969908922,33.60001627604167,1,0,0,33.60001627604167,1,1,0,0,0,112.77405841311659,155.0,4721.972963297416,4892.039965820313,5062.106968343211,6.952805116520752,0.5189926149219247,4672.050018313869,4899.987021950508,5127.924025587147,4666.39990234375,4872.949951171875,5079.5,1.5913250418484008,0.2105891457428262,4636.590284701365,4892.039965820313,5175.465040560739,6320877.0,51.254496879202186,-0.14501697175387265,1758795.6439227234,-10699.672739079222,53931.215738015104,4937.966796875,70489009.74345642,1007.3615415135034,-10.183630723302711,-1.8899670955693697,-8.293663627733341,1.0472541507024267,0.07597045968769896,85.0335012614485,7230.696336780764,4896.14990234375,4896.14990234375,-0.5519295269203415,-0.3772811590180867,0.1486059669480129,7230.696336780764,4959.289934430803,10.375,3.3196449739608784,95.4857421875,-0.014901680449062371,0.006927355012641634,0.044233638882967385,-0.031036101075012756,-0.08720767725705769,,-0.015013825988431406,-0.048899593228087235,0.704416626753654,-0.07864988951387775,-0.011541096308635201
2026-07-08 00:00:00+05:30,4880.0,4886.89990234375,4760.0,4789.39990234375,6871,0.0,0.0,4893.679956054689,4971.899990234375,5148.598989257811,,4889.454915321294,4962.268223644256,5112.541926981476,,4904.681377883185,4880.728442478554,4875.5262543435,4807.883135519568,4908.791007198561,4818.318644311019,4889.5938237706305,4886.160578539108,4886.759048642409,4884.207784506201,4822.739644535485,4894.095072084082,4994.415627788433,4882.562636309631,4893.160942670233,4843.949951171875,4894.050048828125,4919.75,42.051489808497365,-9.36837940348596,-1.1735658087031524,-8.194813594782808,31.428856293929314,34.82007186594186,-3.3912155720125483,38.28790755356252,37.534116733910295,-90.79815263106417,-4.187094340345117,0.6895640586573939,-209.30029296875,-691.9233831595375,54.74472943474302,33.80132111125248,-0.770068475914468,-0.5194744783828665,-0.0725714820899781,-0.1177719592810606,1.1420306305771557,-0.9206104579125167,-127.82051280166252,-155.27081685269744,-172.56139613986446,-18.099934895833336,1,0,0,-18.099934895833336,1,1,0,0,0,114.61162566932255,138.5,4728.5513211687585,4893.679956054689,5058.808590940619,6.748648721158213,0.1842460007527625,4656.845245364335,4889.454915321294,5122.064585278253,4666.39990234375,4872.949951171875,5079.5,1.936557547628138,0.22300155271969957,4645.194404641361,4893.679956054689,5170.869209328861,6314006.0,46.7307222763713,-0.14450126709794542,1755108.361565889,-11104.404418746475,-60862.78236685758,4812.099934895833,70473706.55327584,1005.1343271079456,-12.569324414024424,-3.420528629032864,-9.14879578499156,0.7320243333368847,-1.2630159969889492,82.56431744296519,6816.866514822726,4896.14990234375,4896.14990234375,-0.5233679049516445,-0.2841833090151745,0.002185066654681542,6816.866514822726,4926.684221540178,1.639990234375,3.311059304575617,94.89641710069445,-0.022272144055578202,-0.021333096266780482,0.006895640586573881,-0.07356331674969818,-0.1139765234772454,,-0.022523913575959703,-0.048899593228087235,0.704416626753654,-0.07864988951387775,-0.011541096308635201
2026-07-09 00:00:00+05:30,4793.0,4892.89990234375,4793.0,4846.7998046875,3857,0.0,0.0,4900.514941406251,4959.521982421875,5138.731987304686,,4885.392523832361,4957.740050351835,5107.279706738031,,4900.216601562501,4875.822552849265,4869.114904933894,4805.058681539318,4897.086338445958,4816.721861482014,4869.817264652665,4894.803710891208,4884.989295068445,4867.740357856801,4829.436109915222,4900.337141467866,4989.216077444318,4879.931915083662,4878.620630232769,4818.099853515625,4894.050048828125,4919.75,46.51011741691591,-11.935244519322623,-2.992344739631852,-8.942899779690771,21.274715065727435,29.243933474027905,-7.9692184083004705,20.60775569415903,32.39452360042802,-72.83261199139281,-2.7196275878966065,2.902267556888481,-135.5,-1475.9469387537765,41.692975930607645,34.517524723505616,-1.002226973524809,-0.770068475914468,-0.06740809532422842,-0.10546036498985112,-0.510390355201591,10.939490701253817,-88.96041164249618,-148.9725515341849,-161.23969527295958,-39.316650390625,1,0,0,-39.316650390625,1,1,0,0,0,113.81793812151379,103.5,4757.552077277775,4900.514941406251,5043.477805534726,5.8346057848137365,0.3121360499937978,4655.221870061779,4885.392523832361,5115.563177602943,4725.60009765625,4902.550048828125,5079.5,2.0999636705872042,0.22320538741166313,4650.011634999241,4900.514941406251,5179.536415272679,6317863.0,39.02599849201403,-0.14772077869103023,1755405.636831658,-10165.897574161412,-20540.752980185964,4844.233235677083,70478329.08277544,1006.3328050699897,-16.88376043361952,-6.187971718902368,-10.695788714717153,0.4552966451826145,-0.7514558000248069,71.48143206423784,5109.595129954249,4896.14990234375,4896.14990234375,-0.1521472921186183,-0.8784255636504118,-0.1476923054999737,5109.595129954249,4899.619921875,6.8349853515625,3.3068909157651984,92.9048578559028,0.011984779620440644,-0.010554291173318409,0.029022675568884715,-0.0749676092922541,-0.10806039663461542,,0.011913530851423009,-0.048899593228087235,0.704416626753654,-0.07864988951387775,-0.011541096308635201
2026-07-10 00:00:00+05:30,4855.39990234375,4942.5,4855.39990234375,4918.39990234375,6110,0.0,0.0,4908.504931640626,4948.5759765625,5129.800986328124,,4888.536083690588,4956.197299449557,5103.539512591609,,4901.919931175596,4874.209922257965,4876.652887416086,4808.021184429461,4905.936281062969,4823.555561939671,4860.120608216653,4903.255367848011,4885.5157171773335,4876.784105397224,4843.552337069282,4915.9888871631765,4988.5962355541305,4882.59466960088,4868.875221465753,4882.599853515625,4894.050048828125,4919.75,51.520848340997716,-8.098618292549872,0.675425189712719,-8.774043482262591,28.64888986697965,27.117487075545462,1.5314027914341892,29.89375474250059,29.59647266340738,-50.42256577660407,-1.2825382824941811,3.3581263692699475,-63.89990234375,-2423.217025146889,39.4814970128682,38.74524615940088,-0.8403231980865744,-1.002226973524809,-0.061711830216515384,-0.09473269766969963,-1.3748258594395393,55.33394682875314,-31.76615082749686,-139.10018620215348,-152.01150136138935,-63.38338216145833,1,0,0,-63.38338216145833,1,1,0,0,0,112.52381363515566,95.7001953125,4782.025844506055,4908.504931640626,5034.984018775196,5.1534668456488975,0.5391170229296338,4662.0578359338715,4888.536083690588,5115.014331447305,4760.0,4919.75,5079.5,2.1434028386698456,0.2260537120502635,4652.971330548958,4908.504931640626,5191.446184064582,6323973.0,32.651223230392404,-0.17766963140514225,1758134.4328917766,-7989.537157324376,44890.296971224525,4905.433268229167,70487355.17451245,1006.3328050699897,-18.60344808239143,-6.3261274941394205,-12.27732058825201,0.6727296749757774,0.15646809171853557,63.239543567284976,3999.2398705985343,4898.5,4898.5,0.018968141940617654,-1.1710567411104824,-0.26608069253814887,3999.2398705985343,4888.749930245536,7.989990234375,3.3065798143559944,91.32197265625,0.014772654234037619,0.013705971132643713,0.03358126369269954,-0.0876646443435819,-0.09488408127645376,,0.014664601428827844,-0.048899593228087235,0.704416626753654,-0.07864988951387775,-0.011541096308635201
2026-07-13 00:00:00+05:30,4896.7998046875,5050.0,4855.0,4945.60009765625,5542,0.0,0.0,4910.56494140625,4936.187978515624,5120.911987304687,,4893.970751687319,4955.781722908643,5100.411999424572,,4905.452804129464,4874.093221124387,4888.13636895981,4813.017156506888,4920.103604039984,4833.141673767653,4864.135315184489,4912.077627816901,4886.741604767249,4891.033275418918,4857.538527588624,4917.854790962586,4963.290459517959,4886.870068452795,4875.169086974401,4932.0,4894.050048828125,4919.75,53.3101954040398,-2.8306064569869704,4.7547496202204975,-7.585356077207468,44.94520654016692,31.622937157624666,13.322269382542256,54.05841001899987,34.853306818553165,-41.90920261150235,1.4669374565036395,0.8400659842769134,71.5,-2161.504165418114,43.3791245404409,40.263462344455085,-0.3344545363575013,-0.8403231980865744,-0.05509101962106744,-0.08515046598037085,-1.7228080380696211,154.48622618803802,-40.51377381196198,-117.47985526896647,-141.48269126572342,-71.16666666666667,1,0,0,-71.16666666666667,1,1,0,0,0,118.41496980407312,195.0,4783.029695658359,4910.56494140625,5038.100187154141,5.194320705241243,0.6373547996263587,4651.919003716956,4893.970751687319,5136.022499657682,4760.0,4919.75,5079.5,2.161622091486123,0.20025203544953935,4642.473569484116,4910.56494140625,5207.32342299974,6329515.0,41.23096253713565,-0.19052382608700127,1757742.235365735,-6497.6764580565505,60012.18060703174,4950.200032552083,70490420.0632042,1006.8858344261333,-20.432131801842246,-6.523848970872187,-13.908282830970059,0.6176788560346845,0.5494191985054334,63.76762287394572,4066.309726993765,4898.5,4898.5,-0.07769408480260717,-1.2364562304216935,-0.21475284758086385,4066.309726993765,4895.228529575893,2.060009765625,3.3110410889972592,89.40487738715274,0.005530293561436084,-0.005429754951082,0.008400659842769054,-0.10127384008023466,-0.0840633211119085,,0.005515057634950776,-0.048899593228087235,0.704416626753654,-0.07864988951387775,-0.011541096308635201
2026-07-14 00:00:00+05:30,4903.10009765625,4956.0,4885.0,4903.60009765625,4015,0.0,0.0,4914.024951171875,4923.43998046875,5112.24798828125,,4894.887832255788,4953.735384663451,5096.514734043021,,4904.789485677084,4872.815265012255,4890.438844588087,4814.603339022267,4920.615033762356,4837.428728493748,4873.071356238162,4919.640668457137,4886.926169708311,4893.163476867116,4865.10956955206,4922.814323684774,4952.116472145634,4888.048845449302,4890.5929490204435,4924.60009765625,4885.849853515625,4919.75,50.22741658992784,-2.0214164837461794,4.451151674769031,-6.472568158515211,50.87116303142932,41.48841981285863,9.382743218570688,63.879600517465335,49.2772550929886,-55.054742517605625,0.7975722440081461,1.431412309911542,38.80029296875,-2699.1080372634196,33.16702665441335,41.65317650121524,0.040093095504727894,-0.3344545363575013,-0.048942104524707375,-0.07656080411383437,-1.8873559856973505,59.331037067425314,-11.668962932574686,-94.70286301102041,-126.13924958124088,-101.316650390625,1,0,0,-101.316650390625,1,1,0,0,0,115.02818624663934,71.0,4791.535125743168,4914.024951171875,5036.514776600582,4.985315567007711,0.45744604305239867,4662.364822187365,4894.887832255788,5127.410842324212,4760.0,4919.75,5079.5,2.202460193584438,0.19554303621110813,4651.717953932094,4914.024951171875,5204.467831861782,6325500.0,41.7621162980739,-0.1869007365740477,1755830.880213336,-5904.830406113993,27349.011948884356,4914.86669921875,70487010.36576264,1006.0365947146593,-23.301583804411678,-7.514640778753293,-15.786943025658385,0.5512611041698131,-0.1702158277904051,61.24491271435369,3750.9393333888024,4901.050048828125,4901.050048828125,-0.163831892147026,-0.9862987953079265,-0.32252794683563163,3750.9393333888024,4886.3185546875,3.460009765625,3.314220879310286,86.30843858506948,-0.008492397114741257,0.0010411549772890716,0.014314123099115506,-0.10338268464870182,-0.08702288258122326,,-0.008528662987884784,-0.048899593228087235,0.704416626753654,-0.07864988951387775,-0.011541096308635201
2026-07-15 00:00:00+05:30,4900.0,4963.7998046875,4900.0,4919.60009765625,5702,0.0,0.0,4917.9099609375,4908.891982421876,5103.238989257813,,4897.241381341547,4952.396745957287,5093.01147391655,,4905.320452008929,4872.664681372549,4895.345508338837,4817.43471589807,4924.957735621979,4843.37147761609,4883.746197958942,4926.128773663912,4887.201522849804,4897.690783385724,4875.462139281636,4926.8789265003,4944.749521837235,4890.245245813511,4906.745768746902,4911.60009765625,4885.849853515625,4905.0,51.380855971888245,-0.0880463738421895,5.1076174277384165,-5.195663801580606,52.690190434693896,49.50218666876337,3.1880037659305245,65.68181978902305,61.20661010849608,-44.96548356681035,0.5272036862651661,1.60474600631229,25.80029296875,-3318.2548954404892,50.18349034926541,37.324579693913414,0.37426227827978165,0.040093095504727894,-0.04288430196817128,-0.06880339256375928,-1.7897716693141401,63.85496536582832,0.0551606783283205,-80.00419317850805,-107.24496932343921,-82.01668294270834,1,0,0,-82.01668294270834,1,1,0,0,0,111.36901613527225,63.7998046875,4800.217193278229,4917.9099609375,5035.60272859677,4.786292087252232,0.5071802913312535,4674.711076101068,4897.241381341547,5119.771686582026,4760.0,4919.75,5079.5,2.226266601157138,0.1957340946965935,4654.270491275574,4917.9099609375,5209.770369205261,6331202.0,37.61908976410192,-0.17956360855129333,1753632.3315917016,-5825.0379093743395,36475.15309904373,4927.799967447917,70488870.87637082,1006.0365947146593,-23.947589569570795,-6.528517235129925,-17.41907233444087,0.7878302199624184,0.028721165325013932,58.8463838296353,3462.8968898247626,4911.0,4911.0,-0.29737230239262774,-0.6458625202216048,-0.43213240599204644,3462.8968898247626,4880.141434151786,3.885009765625,3.31699739319845,81.40799479166665,0.003262908818287835,0.027185074950367927,0.016047460063122854,-0.10198414233430586,-0.07958838210360153,,0.0032575970826460056,-0.048899593228087235,0.704416626753654,-0.07864988951387775,-0.011541096308635201
2026-07-16 00:00:00+05:30,4919.60009765625,4949.5,4880.0,4908.89990234375,4712,0.0,0.0,4919.834960937501,4893.81998046875,5095.65298828125,,4898.351716675091,4950.690987384207,5089.365700222039,,4904.4623511904765,4872.66499195772,4897.640992117274,4819.382719874745,4925.50528444264,4847.812831426136,4892.31209047788,4931.474766570842,4887.324880004575,4904.186889953155,4882.667534095347,4928.799787605102,4927.0542566025715,4891.557581908,4913.986391687102,4914.25,4881.0,4905.0,50.53737807843689,0.5741288311974131,4.615834106222416,-4.041705275025003,50.441522609073985,51.33429202506573,-0.8927694159917436,62.829874884626705,64.1304317303717,-48.65520608836207,0.21230789718791468,0.790489503366508,10.39990234375,-3726.8081376644996,60.8817354090088,40.738143032309715,0.5488436703317493,0.37426227827978165,-0.037282484477563216,-0.06165252967589173,-1.7842953728163422,48.27586596088895,-21.22413403911105,-73.74098691444314,-90.10582576041108,-40.66666666666666,1,0,0,-40.66666666666666,1,1,0,0,0,108.37837212560994,69.5,4804.172198977567,4919.834960937501,5035.497722897435,4.701896013922133,0.4527286984658949,4683.776678600372,4898.351716675091,5112.926754749809,4760.0,4919.75,5079.5,2.250730973951258,0.19505088684297983,4659.767172602026,4919.834960937501,5207.642050531713,6326490.0,36.01576393291153,-0.17876586773367148,1752839.0751843276,-5515.246389474953,24061.656897394627,4912.799967447917,70487846.01013552,1005.8190933913789,-25.3550309025479,-6.348766854485621,-19.006264048062278,0.6589841127769076,-0.18908520613641977,57.83138097996712,3344.468626050103,4913.64990234375,4913.64990234375,-0.39210112541714387,-0.4148245870265419,-0.5382936632691255,3344.468626050103,4873.717131696429,1.925,3.319250991169527,76.77600911458327,-0.0021750132328027805,0.012812598035551348,0.007904895033665094,-0.08260292811801606,-0.06931464549364874,,-0.002177382009454531,-0.048899593228087235,0.704416626753654,-0.07864988951387775,-0.011541096308635201
2026-07-17 00:00:00+05:30,4900.2001953125,4950.0,4851.0,4926.39990234375,4171,0.0,0.0,4917.7149658203125,4878.707978515625,5088.436987304688,,4901.022972453058,4949.7383958139935,5086.138654719498,,4905.087583705357,4873.942635952819,4902.796786414147,4822.664237090384,4930.2552524161065,4854.047507610479,4900.921743142923,4936.088066936511,4888.16503510563,4901.902396341545,4885.245274026657,4923.089956436664,4912.3360368472595,4893.976655408986,4916.4980838360625,4917.64990234375,4881.0,4905.0,51.92733579299712,2.4823956860727776,5.219280768878225,-2.736885082805447,54.5861956716954,52.57263623848775,2.0135594332076465,68.24274916323614,65.5848146122953,-42.62072332974138,1.535480976514214,-0.8533228145708445,74.5,-3617.450768638946,57.022627527574514,47.34723072338268,0.5632938766131149,0.5488436703317493,-0.031721222734004684,-0.05520620237924076,-1.1725302886568045,45.179327631654814,-53.820672368345186,-70.43180444681198,-78.77083794062246,-12.249918619791664,1,0,0,-12.249918619791664,1,1,0,0,0,107.70848840235209,99.0,4804.298584527662,4917.7149658203125,5031.131347112963,4.612564253151346,0.5382878400124034,4688.026509433074,4901.022972453058,5114.019435473042,4760.0,4919.75,5079.5,2.1641721153103264,0.181380125785087,4667.723174636614,4917.7149658203125,5197.848052566302,6330661.0,36.840342472687865,-0.27630718653552655,1755021.4689757575,-4192.729435018031,31051.77734062397,4909.13330078125,70489332.95224988,1006.1755887436603,-26.99240846664923,-6.388915534869561,-20.60349293177967,0.6616643929058663,0.15315136004961397,56.70819064632519,3215.818886379964,4913.64990234375,4913.64990234375,-0.3287440244173468,-0.27221966507453116,-0.482187387865907,3215.818886379964,4879.832819475446,-2.1199951171875,3.3232352461342654,71.71267469618057,0.0035649535228137186,0.0016265452502526312,-0.008533228145708449,-0.07891934143334578,-0.0752018204723578,,0.0035586141379446586,-0.048899593228087235,0.704416626753654,-0.07864988951387775,-0.011541096308635201
2026-07-20 00:00:00+05:30,4926.39990234375,4943.7998046875,4870.0,4883.0,5258,0.0,0.0,4912.194970703125,4871.1979785156245,5081.146987304688,,4899.306498886101,4947.121203821289,5082.11610710129,,4901.781396484375,4874.110950520833,4899.358378290315,4822.515788427183,4922.643811502535,4855.040272321897,4904.69152834145,4938.175467466434,4887.998516518356,4898.62597764235,4887.063110247426,4913.189595576388,4859.7846216011185,4893.185534848817,4912.809457980947,4904.699951171875,4881.0,4905.0,48.3021807907504,0.4870866738838231,2.579177405351416,-2.092090731467593,50.37928789511494,51.802335391961435,-1.4230474968464932,61.815271888843625,64.29596531223548,-57.586206896551715,-1.8018761995053951,-2.210916499836747,-89.60009765625,-4533.665072667404,42.81731675091942,44.67357690200566,0.5748956552242701,0.5632938766131149,-0.027354820623193277,-0.049440817953269905,-0.7310843504668681,42.09637122891854,-31.703433458581458,-62.64138706717258,-71.83186049469847,-1.449869791666667,1,0,0,-1.449869791666667,1,1,0,0,0,105.28643956557694,73.7998046875,4803.646585998237,4912.194970703125,5020.7433554080135,4.41954708036968,0.36552093436259736,4692.538307641829,4899.306498886101,5106.074690130372,4760.0,4919.75,5079.5,2.0983373524991995,0.18256772922523198,4664.023738013071,4912.194970703125,5190.923518286509,6325403.0,43.01234880067314,-0.2680457015184245,1751615.8858023179,-4354.1371965601575,-5983.717497099093,4898.933268229167,70484700.83364305,1006.1755887436603,-26.980878450394822,-5.101908414892119,-21.878970035502704,0.9403727152412634,-0.53791626254961,54.27419235244411,2945.6879555101027,4906.25,4906.25,-0.20862084403962394,-0.09681810270924818,-0.422465526793592,2945.6879555101027,4880.954248046874,-5.5199951171875,3.3212073856312387,62.81222656250005,-0.008809658818623833,-0.01265773544567761,-0.02210916499836746,-0.0993433834946783,-0.07841842030763424,,-0.00884869328553029,-0.048899593228087235,0.704416626753654,-0.07864988951387775,-0.011541096308635201
2026-07-21 00:00:00+05:30,4880.0,4883.0,4844.0,4869.7998046875,4078,0.0,0.0,4906.449951171875,4865.243974609374,5074.339985351563,,4896.496337533853,4944.088992090552,5077.911823885176,,4897.743761625745,4874.056120174632,4894.00074910468,4821.4567621078595,4912.7636701617175,4854.601581637276,4904.325716589726,4937.6048901803815,4887.790692148926,4903.5377613936735,4887.480231689929,4902.742679965735,4853.868891402727,4891.48280715479,4904.565016261851,4876.39990234375,4881.0,4905.0,47.222353119749954,-2.134747496480486,-0.03412541201031427,-2.1006220844701717,45.88502379669539,50.28350245450191,-4.398478657806514,53.48942967017267,61.18248357408414,-62.13799838362068,-0.5858976281004389,-2.3050612097604133,-28.7001953125,-5268.9826909006815,26.851140280331492,43.466324209309896,0.27228524832424483,0.5748956552242701,-0.024261911127043678,-0.0440730878462772,-0.9043390644756202,-14.14577220557021,-53.14577220557021,-51.908655254398475,-65.29933753280179,7.650065104166666,1,0,0,7.650065104166666,1,1,0,0,0,100.55169388232146,39.0,4801.972999624264,4906.449951171875,5010.926902719486,4.2587594936195075,0.3246017617212288,4701.991783550941,4896.496337533853,5091.000891516765,4760.0,4919.75,5079.5,2.0961226463488,0.18264352467068087,4664.859924830342,4906.449951171875,5177.234680689717,6321325.0,37.21054645496973,-0.2704175863337325,1752933.3526492731,-3605.1429934725165,-12818.957352424222,4865.599934895833,70483598.42945537,1005.9052591243177,-28.18439520223336,-5.044340133384527,-23.140055068848834,0.8104777804276969,-0.7015929531150835,52.238475773805575,2728.8583511704724,4901.050048828125,4901.050048828125,-0.05345302070992323,0.1063471942228682,-0.3513570373281825,2728.8583511704724,4880.331382533483,-5.74501953125,3.3212750601707137,56.0575672743055,-0.00270329619342613,-0.00689295462427808,-0.023050612097604173,-0.09935272707832443,-0.09137050010495384,,-0.002706956697019385,-0.048899593228087235,0.704416626753654,-0.07864988951387775,-0.011541096308635201
2026-07-22 00:00:00+05:30,4855.0,4869.89990234375,4801.2001953125,4811.7001953125,6269,0.0,0.0,4897.099951171875,4859.437978515625,5066.236987304687,,4888.420514465152,4938.897274569844,5072.640306487698,,4888.719975353423,4871.956364123775,4878.855904062314,4816.0860308901065,4889.43609847108,4847.75906002317,4895.216160819974,4933.193108005372,4886.997192080688,4891.448506588324,4882.2065162621375,4895.157148618832,4846.641899612365,4885.3965807958075,4886.1374808887595,4840.75,4881.0,4905.0,42.69784654286565,-8.79929014424215,-5.358934447817583,-3.440355696424567,32.701149425287355,42.98848703903256,-10.287337613745208,30.30913021144653,48.5379439234876,-82.17234644396552,0.46561768537718234,-3.740972506720009,22.30029296875,-5041.72313649947,3.8547004250922328,40.2644677236125,-0.21812873710077896,0.27228524832424483,-0.023530661038118073,-0.039197817370042715,-1.2236959337000888,-15.039358877095765,-83.73906590834576,-41.745110573812354,-56.87949994396107,-6.049967447916664,1,0,0,-6.049967447916664,1,1,0,0,0,98.27655196438778,68.69970703125,4793.921753389546,4897.099951171875,5000.278148954203,4.213848964125713,0.08615406309218722,4699.354545236565,4888.420514465152,5077.4864836937395,4760.0,4919.75,5079.5,2.203309990736497,0.18590746766781946,4660.987146753579,4897.099951171875,5167.336878198891,6315056.0,36.972191399291525,-0.3203458336925241,1748580.6490308591,-4355.9471532071475,-63020.02789806004,4827.60009765625,70476119.13942744,1005.9052591243177,-26.34057268949512,-2.5604140965170252,-23.780158592978093,1.2610129943275536,-1.6553837476312507,51.58909889116423,2661.4351244023223,4898.5,4898.5,-0.1410720689658271,-0.021647951380180892,-0.22116047004239903,2661.4351244023223,4871.960023716519,-9.35,3.3224280556227193,53.976008029513835,-0.01193059503577032,-0.021932657167633374,-0.037409725067200084,-0.12119877140003932,-0.12586062397810882,,-0.012002335762036468,-0.048899593228087235,0.704416626753654,-0.07864988951387775,-0.011541096308635201
2026-07-23 00:00:00+05:30,4790.0,4809.10009765625,4750.0,4765.39990234375,6742,0.0,0.0,4886.254956054687,4854.4059765625,5057.770986328124,,4876.704265691686,4932.093456051174,5066.556338088808,,4876.1771135602685,4868.268596430759,4857.450155008361,4807.561337468391,4858.2560211244245,4836.338897414878,4874.30804556446,4924.499431042398,4881.8281800021805,4864.872449041221,4869.649397977348,4880.532162352304,4839.479700960892,4875.928911509461,4857.082045761419,4788.550048828125,4869.0,4900.0,39.453658008599014,-17.613991770118446,-11.338908858955103,-6.275082911163343,20.274318651221265,32.953497291068004,-12.67917863984674,14.61022371014469,32.80292786392129,-94.86669921875,-1.6794566646847155,-4.3534092858017885,-81.39990234375,-3957.4762045226607,-24.68087373621347,40.71045885941593,-0.7388519917270824,-0.21812873710077896,-0.025589002641834835,-0.03518416986174487,-1.3509975654961317,-58.76211229643923,-117.86220995268923,-35.45922403622431,-47.56802379330309,-35.816650390625,1,0,0,-35.816650390625,1,1,0,0,0,95.6639550606815,61.7001953125,4775.467462171789,4886.254956054687,4997.042449937585,4.534658747006988,-0.04543635511188642,4693.8921610920115,4876.704265691686,5059.51637029136,4750.0,4900.0,5050.0,2.340664963469255,0.18790566051974,4657.557419504027,4886.254956054687,5146.882126535278,6308314.0,39.59520616636979,-0.30843125413001465,1745352.2182369696,-5294.327093590051,-98610.96322623896,4774.833333333333,70469631.69086406,1005.9052591243177,-24.03725317481931,-0.20567566547297034,-23.83157750934634,1.2817734177455846,-2.181745420447543,55.39374694144915,3068.467200213307,4896.14990234375,4896.14990234375,-0.45128315848458617,0.2566165897596585,-0.03977421611268504,3068.467200213307,4856.021428571428,-10.8449951171875,3.319335431123525,51.99513671874999,-0.009622439281203543,-0.02923261888707207,-0.0435340928580179,-0.128126364041947,-0.11947525825133964,,-0.009669034094826784,-0.048899593228087235,0.704416626753654,-0.07864988951387775,-0.011541096308635201
2026-07-24 00:00:00+05:30,4756.0,4975.0,4716.10009765625,4911.5,35686,0.0,0.0,4882.7149658203125,4851.215976562499,5050.060986328124,5355.870493164063,4880.01814514962,4931.285869539364,5063.485915552395,5355.870493164062,4878.581403459822,4870.507577742034,4865.596031183792,4810.8614469975,4870.696954699869,4842.457085103048,4862.516986226663,4916.655782499898,4881.992409585389,4866.065539831939,4868.078837180442,4886.920166065018,4838.325239901926,4878.396893502166,4843.062367084808,4838.449951171875,4855.5,4883.050048828125,51.878496485538996,-12.664659136671617,-5.111660980406619,-7.552998156264998,27.160485776666825,26.711984617725147,0.44850115894167786,31.51258911811726,25.477314346569493,-41.479497007284,-0.14028754230541543,-1.4210265833639593,-6.89990234375,-4237.902006475914,-41.17968893611942,50.02289819446137,-0.8145420528715508,-0.7388519917270824,-0.026079274694557064,-0.031960642647688164,-1.10210594535289,100.90382004055209,-157.9960823031979,-38.00107467446072,-40.71973319148876,-22.816650390625,1,0,0,-22.816650390625,1,1,1,0,0,107.32366558090068,258.89990234375,4780.669624523557,4882.7149658203125,4984.760307117068,4.179860672232029,0.6410404130845057,4665.302450065392,4880.01814514962,5094.733840233848,4716.10009765625,4883.050048828125,5050.0,2.343757091252587,0.22041186460927184,4619.04910078633,4882.7149658203125,5173.0987834035195,6344000.0,52.41750946652952,-0.13971714717816752,1763532.9122906486,587.8589563868009,660294.6150862148,4867.533365885417,70579039.67742981,1005.9052591243177,5.435311020681492,23.413510824022264,-17.97819980334077,4.342683297839976,0.5641616523380216,51.022670648377805,2603.312920092834,4896.14990234375,4896.14990234375,-0.728807923306042,0.5420435894508466,0.1801976492790613,2603.312920092834,4870.314278738839,-3.539990234375,3.318929747032061,47.56002604166667,0.030658517784497796,-0.0030245011852694237,-0.014210265833639601,-0.10139601066809223,-0.1056991988346686,,0.030197935607146745,-0.048899593228087235,0.704416626753654,-0.07864988951387775,-0.011541096308635201
2026-07-27 00:00:00+05:30,4935.7998046875,5129.2001953125,4922.89990234375,5114.2001953125,37705,0.0,0.0,4894.719970703124,4855.50998046875,5045.82798828125,5353.306494140626,4902.3211975460845,4938.4589803539975,5064.490158715962,5353.465813583451,4900.627615792411,4880.820684359681,4909.451570411898,4829.648896537638,4933.5665607265,4871.164364473356,4880.459834343716,4915.74755181189,4894.800372295905,4909.754563940207,4882.809086518954,4929.33276434306,4854.680505781725,4892.341924059352,4871.633124272968,5012.85009765625,4939.800048828125,4922.650146484375,63.17081848568387,7.52716587613304,12.06413122591843,-4.53696534978539,53.34090752329793,33.59190398372867,19.74900353956926,63.22256689473788,36.44845990766661,-3.6310812040722062,3.4090928163834073,4.92603953233755,168.60009765625,-2852.8045268289625,-27.232012580421724,59.934924791066294,-0.3572062538964915,-0.8145420528715508,-0.02057703164626279,-0.028808967883416543,0.5993545974217896,220.80344173118738,14.503148762437377,-51.28249905355102,-39.99136784145557,16.31673177083332,1,0,0,16.31673177083332,1,1,0,0,0,115.20770341887207,217.7001953125,4749.558182084098,4894.719970703124,5039.88175932215,5.9313623450525474,1.2559848452453177,4666.587912410354,4902.3211975460845,5138.054482681815,4716.10009765625,4922.650146484375,5129.2001953125,2.2817074080873887,0.24996463789758364,4618.406057014749,4894.719970703124,5183.505788460064,6381705.0,69.6161530428125,0.06252905964316817,1795754.8856612518,13193.212144170422,1657796.9363964433,5055.433430989583,70734650.20098184,1005.9052591243177,21.86275075718499,31.87276044842061,-10.01000969123562,3.297678811943536,3.0239393809812736,72.58089430951297,5267.986218768693,4898.5,4898.5,1.0874550291368879,3.8167509402173265,0.14651426346887456,5267.986218768693,4912.442905970982,12.0050048828125,3.324750878147954,54.814249131944415,0.04127052739743453,0.04734798183749733,0.04926039532337545,-0.08100625421159025,-0.06989175314858598,,0.040441628491805395,-0.048899593228087235,0.704416626753654,-0.07864988951387775,-0.011541096308635201
2026-07-28 00:00:00+05:30,5114.2001953125,5277.0,5100.0,5103.5,28302,0.0,0.0,4906.654980468749,4859.35998046875,5042.19298828125,5350.993994140626,4921.481083494076,4944.93117720286,5065.262630820596,5350.978591557745,4920.511428106399,4890.545783164828,4945.267508135138,4846.606540704677,4982.1555938354795,4896.568204379986,4918.369528037067,4920.605979590454,4910.891593142265,4945.720786645306,4895.573428407917,4959.023495481926,4865.536787560813,4905.079136502247,4932.586235859132,5108.85009765625,4939.800048828125,4996.550048828125,62.339193618787874,22.407615295695905,21.555664516385036,0.8519507793108683,74.65232879331114,51.717907364425294,22.934421428885848,95.38709130074129,63.374082437865475,-30.93243540871037,4.076594713326953,4.906680745269298,199.89990234375,-1192.4522096368937,25.75180951286893,50.91929012121989,0.20232751037517982,-0.3572062538964915,-0.01117853379076772,-0.025286104752593925,2.3691904900627807,340.7313540731602,163.73135407316022,-72.89229029876857,-47.81977696516939,49.75008138020833,1,0,0,49.75008138020833,1,1,0,0,0,119.62143888895264,177.0,4735.014761103205,4906.654980468749,5078.295199834293,6.9962212565900295,1.0734233510621067,4674.484301704606,4921.481083494076,5168.477865283547,4716.10009765625,4996.550048828125,5277.0,1.989232765106235,0.2500077303311584,4624.7324130672705,4906.654980468749,5208.1071689266455,6353403.0,78.19050001400969,-0.03347686946059803,1768572.1737968451,8501.519932846306,1377706.384377755,5160.166666666667,70728728.70952338,1005.696033929686,26.45351223098514,29.170817537776607,-2.7173053067914674,2.0416230838593328,2.2936934042484274,85.820109682772,7365.091225963016,4901.050048828125,4901.050048828125,1.035574869361435,1.8819305899454073,0.16241810540340046,7365.091225963016,4948.224323381697,11.935009765625,3.3311581218655366,59.747805989583384,-0.0020922519463175693,0.04798969253059404,0.049066807452692984,-0.07895686699151783,-0.10165463826791055,,-0.0020944437631766994,-0.048899593228087235,0.704416626753654,-0.07864988951387775,-0.011541096308635201
2026-07-29 00:00:00+05:30,5080.0,5125.2001953125,5046.60009765625,5069.60009765625,8120,0.0,0.0,4915.444995117187,4863.961982421875,5038.358989257813,5348.8494946289065,4935.587656271427,4949.820154475542,5065.348521252985,5348.178805548775,4936.030010695685,4898.790493642769,4969.871796792847,4860.04863874908,5012.744664889671,4916.268725766815,4962.80658027682,4929.467366875236,4918.541663498094,4972.823596771349,4905.821544573293,4965.112900461138,4868.758935742083,4915.377837902714,5000.106365537779,5086.550048828125,4939.800048828125,4996.550048828125,59.65951856713827,31.106463909861304,24.20361050444035,6.902853405420956,76.15340208388345,68.04887946683084,8.10452261705261,93.89622717885689,84.16862845811201,-36.97627713556706,3.049028315766186,3.5923065917073402,150.0,-229.1187340896231,64.72623362821741,50.66034608426417,0.5343378152721848,0.20232751037517982,-7.197671539893591e-05,-0.021151603890131227,3.6165407478443035,169.88419913860162,91.28410148235162,-94.48124860997562,-63.471983664845915,67.43343098958331,0,1,0,67.43343098958331,1,0,0,0,0,116.69134308661674,78.60009765625,4729.192590363353,4915.444995117187,5101.697399871022,7.578252017420618,0.9138338582602622,4697.142930336906,4935.587656271427,5174.032382205947,4716.10009765625,4996.550048828125,5277.0,1.8307862409956208,0.25163477014418384,4638.882022823969,4915.444995117187,5209.931827511469,6345283.0,73.69703745101543,-0.03529865320513724,1765204.33074242,4737.73942609271,1141567.2998907543,5080.466796875,70723335.01486224,1005.0317858187083,19.824070654533273,18.033100769059793,1.7909698854734808,0.5757109533971909,1.655335433041046,93.12620237691742,8672.48956914658,4906.25,4906.25,0.8082709159263668,0.5972519579804382,0.2393451739432961,8672.48956914658,4977.200041852679,8.7900146484375,3.3352146438830976,63.54802734374995,-0.006642481109777609,0.05359849780229298,0.035923065917073504,-0.10224896446675225,-0.11160955092328928,,-0.006664640571138523,-0.048899593228087235,0.704416626753654,-0.07864988951387775,-0.011541096308635201
2026-07-30 00:00:00+05:30,5059.0,5096.0,5018.0,5025.89990234375,7629,0.0,0.0,4921.814990234376,4867.029980468749,5034.57798828125,5346.468994140625,4944.188822564029,4952.803673999786,5064.567360482504,5344.972050293004,4946.549525669643,4905.141000306372,4982.989814443383,4869.419128629027,5025.866227283403,4929.571007281937,4999.99563683712,4940.292007253623,4921.979985318762,4987.354673492529,4912.240307531203,4968.991555241228,4870.713616739446,4922.600432552706,5042.936296303342,5047.75,4939.800048828125,4996.550048828125,56.29984000924678,34.081256059451334,21.7427221232243,12.338533936227034,62.44130801478396,71.08234629732618,-8.641038282542226,84.23939595310692,91.17423814423503,-44.76736341137071,2.383426069538278,2.6007941684954576,117.0,281.1464953469622,111.2235768037699,47.25451541508022,0.6802831863083441,0.5343378152721848,0.010873056420690475,-0.016418906206276212,4.055323532830248,130.60058865897918,52.60058865897918,-111.26796989816962,-82.88292446153483,114.63338216145831,0,1,0,114.63338216145831,1,0,0,0,0,113.92767572328698,78.0,4729.3906134391855,4921.814990234376,5114.239367029566,7.819244615126301,0.7704566693755194,4713.595975289938,4944.188822564029,5174.781669838119,4716.10009765625,4996.550048828125,5277.0,1.8385814874477462,0.2543437963253137,4643.1926882004145,4921.814990234376,5220.2925417160395,6337654.0,69.25949389002947,-0.0512523418552942,1759120.6731778167,831.59822767484,930859.2870436377,5046.63330078125,70716758.78037398,1004.1697810358714,13.906096459344514,9.692101259096827,4.2139952002476875,0.5299388719088636,1.081826677502075,96.21218839759534,9256.78519625438,4910.199951171875,4910.199951171875,0.6007357501461562,-0.015699719406080816,0.3160743767518459,9256.78519625438,4996.018596540178,6.3699951171875,3.3376389670464324,66.03469401041663,-0.008620047828368782,0.054664877101264775,0.026007941684954572,-0.11242385830573953,-0.1458361824704708,,-0.008657415335417877,-0.048899593228087235,0.704416626753654,-0.07864988951387775,-0.011541096308635201
2026-07-31 00:00:00+05:30,5025.89990234375,5185.0,4993.0,5160.2998046875,39069,0.0,0.0,4937.2349853515625,4873.2059765625,5033.180986328125,5344.600493164063,4964.770820861502,4960.940777164011,5066.463052446959,5343.134515510859,4969.26236514137,4916.641777726715,5018.498288164346,4888.644215044008,5070.79613945038,4957.090356873022,5041.418516491646,4956.299266539699,4937.695432896006,5030.235143576574,4933.191648871891,5006.007087599274,4888.89377487877,4936.6602151206225,5071.162039051954,5093.099853515625,4962.849853515625,4996.550048828125,63.16937487247821,46.7449030182097,27.52509526558613,19.219807752623566,65.81682442155332,68.13717817340691,-2.320353751853588,85.40617595120499,87.84726636105626,-20.805886188402255,4.747887036788699,6.356270915539187,233.89990234375,924.0321059389416,154.49444939108525,54.268294504513115,0.8018360489896321,0.6802831863083441,0.024546702664318687,-0.010652070285441548,5.324109443352942,191.75767532376813,-0.24232467623187404,-128.42569025021572,-102.13606959421246,176.93334960937497,0,1,0,176.93334960937497,1,0,0,0,0,119.50427031448076,192.0,4720.508001652551,4937.2349853515625,5153.961969050574,8.779285747671553,1.0146217040646117,4719.567768565897,4964.770820861502,5209.973873157108,4716.10009765625,4996.550048828125,5277.0,1.8165294939545416,0.2657719468644955,4645.094366100487,4937.2349853515625,5236.444219616112,6376723.0,74.61345969540037,0.12081798151467588,1788137.4655667327,8390.647295006784,1548003.6438471135,5112.7666015625,70821234.99133511,1004.1697810358714,24.68892157605707,16.379941100647507,8.308980475409564,2.184358541412741,2.0584868162584433,108.36349184950606,11742.646365817967,4914.949951171875,4914.949951171875,0.5818241507816652,-0.24390646022437282,0.44944977857089013,11742.646365817967,5033.317124720982,15.4199951171875,3.3437772587247756,73.69469401041661,0.026741460227067915,0.050656582446808596,0.06356270915539186,-0.09181629625351984,-0.11721840651997262,,0.02639015653439831,-0.048899593228087235,0.704416626753654,-0.07864988951387775,-0.011541096308635201
2026-08-03 00:00:00+05:30,5560.0,5745.0,5326.0,5427.0,601176,0.0,0.0,4959.95498046875,4884.0259765625,5033.980986328125,5344.395493164063,5008.792647446121,4979.217609432089,5073.602397943059,5343.968997943587,5015.906652250745,4938.359190410539,5097.232484772872,4927.3163003586715,5175.956018339009,5012.673718964638,5113.59443784243,4983.5247070649175,5018.841424190549,5121.088958027614,4974.6037487323065,5311.180474127213,5153.450461625294,4960.640964765573,5125.513904696522,5293.64990234375,5096.199951171875,5230.550048828125,72.43079541562109,77.40908754908105,46.551423837165984,30.857663711915066,67.83998460120897,65.36603901251542,2.473945588693553,90.34113984501815,86.66223724977668,-30.906796596600117,11.14069219741962,9.138074516748766,544.0,2654.7259278538586,236.36090877757488,52.06294341164693,1.1244316972181638,0.8018360489896321,0.04606213817088811,-0.0028382870301157936,8.518502277998387,689.7922931346584,270.7922931346584,-268.93909291898086,-140.4679436376212,242.93334960937497,0,1,0,242.93334960937497,0,0,0,1,0,152.73255067148216,584.7001953125,4651.681214306507,4959.95498046875,5268.228746630994,12.430506622586691,1.2575166472087116,4675.570801023907,5008.792647446121,5342.014493868335,4716.10009765625,5230.550048828125,5745.0,1.7667932998751108,0.3061920115827666,4645.4675715085705,4959.95498046875,5299.867473852322,6977899.0,94.58719706436105,-0.34838306124569174,1476788.5586454915,-88345.36186102568,24231682.6400386,5499.333333333333,73928297.8110485,1004.1697810358714,85.91057653444852,62.081276847231166,23.829299687217357,7.759352380559026,3.030066588834842,154.13688308112182,23758.17872596342,4914.949951171875,4914.949951171875,1.5824449855395384,3.2971806692812042,0.7465090618628775,23758.17872596342,5127.809995814732,22.7199951171875,3.358750999857546,91.33824544270828,0.05168308148883827,0.061162995725940084,0.09138074516748773,0.032043358372159325,-0.06808620245556796,,0.050391815592009864,-0.048899593228087235,0.704416626753654,-0.07864988951387775,-0.011541096308635201
2026-08-04 00:00:00+05:30,5375.5,5443.5,5344.0,5364.5,67817,0.0,0.0,4983.254980468751,4893.8859765625,5033.640986328126,5343.727993164062,5042.669538165537,4994.326722787693,5079.362746498642,5344.173286521263,5054.434749348959,4957.201308976715,5153.337054016832,4958.977358274499,5244.6738649560175,5056.89027582633,5196.227014572341,5016.786128258996,5063.860159506597,5196.918562471414,5008.352628990353,5319.741231519529,5166.193761664512,4981.733848103201,5198.271824011813,5395.75,5096.199951171875,5230.550048828125,68.10853040343623,95.56582371943205,51.76652800601358,43.799295713418466,70.43535720059003,68.03072207445076,2.4046351261392687,95.62901998117226,90.45877859246514,-36.981245613227486,10.158532489083408,9.513116260079617,494.7001953125,3052.8730592982015,261.5241469439343,48.319507880805396,1.2888894929171792,1.1244316972181638,0.0709677846157053,0.00766154026475347,11.001397322574983,344.1076798297063,244.60767982970629,-522.0290342345065,-238.00442841184486,271.38330078125,0,1,0,271.38330078125,0,0,0,1,0,148.93022562351916,99.5,4627.719045799196,4983.254980468751,5338.7909151383055,14.269225077305254,1.0361553957767857,4722.230724735915,5042.669538165537,5363.10835159516,4716.10009765625,5230.550048828125,5745.0,1.7615825181983684,0.3035419711064033,4674.057037098484,4983.254980468751,5314.581939442235,6910082.0,87.06706951112332,-0.36213790001687085,1436916.2521128282,-132574.43024333846,20164504.762890227,5384.0,73850196.41985631,1003.0181318742721,73.1264171063329,39.43769393529243,33.688723171040465,0.8087750368210467,2.144621583107141,177.76796733477767,31601.450210338582,4919.0,4919.0,1.283625487976495,1.2879827803671584,0.8167563486887148,31601.450210338582,5196.794287109376,23.3,3.3700487512428423,107.37423719618067,-0.011516491615994107,0.051141373567159754,0.09513116260079624,0.0381228834059022,-0.08142123287671232,,-0.01158331998660392,-0.048899593228087235,0.704416626753654,-0.07864988951387775,-0.011541096308635201
2026-08-05 00:00:00+05:30,5366.5,5400.0,5210.0,5293.5,32935,0.0,0.0,5008.459985351564,4904.2959765625,5033.540986328126,5342.307993164063,5066.558153578343,5006.059008168569,5083.603088152135,5343.6690747150815,5083.981894066221,4972.872447150735,5188.299415198243,4983.368089002224,5280.956585552911,5089.603320022526,5270.762670348856,5051.706562831412,5091.911062835804,5256.412042012827,5035.0250749123,5322.779525873166,5173.761871792631,4999.202176295706,5266.309160913781,5329.0,5096.199951171875,5230.550048828125,63.47458391584075,103.03829993586805,47.39120337795967,55.647096557908384,62.743379364685396,67.00624038882813,-4.262861024142737,86.5780986909457,90.84941950571204,-43.881819696116196,10.013088620044606,10.525329016889206,481.7998046875,3137.6650732294297,292.84411764705783,43.924615441490246,1.2284815002697869,1.2888894929171792,0.09573131520506095,0.021141575581075225,12.663377835484475,272.87801128260526,82.87801128260526,-755.0427597680755,-410.900784054211,308.949951171875,0,1,0,308.949951171875,0,0,0,1,0,151.86378093612495,190.0,4639.565794444774,5008.459985351564,5377.354176258354,14.730843092915146,0.8863438645479491,4740.446846189637,5066.558153578343,5392.669460967049,4716.10009765625,5230.550048828125,5745.0,1.8488339682228312,0.29427599782567615,4690.420342227052,5008.459985351564,5346.7202689848655,6877147.0,84.29936585439262,-0.35214858303315,1432929.3836917756,-139884.46814795234,16949806.22533448,5301.166666666667,73806606.43010889,1001.6946161691737,60.33524894492067,21.317220619104162,39.01802832581651,0.3806717900647379,1.5453754581917984,184.4470954533947,34020.73102119369,4923.0,4923.0,1.0368631046391372,0.26154550125805404,0.8033668265371217,34020.73102119369,5235.025711495536,25.2050048828125,3.379361107204846,119.821340060764,-0.013235157050983326,0.04416520002184443,0.10525329016889207,0.03753430027440219,-0.09295750514050716,,-0.013323522293366469,-0.048899593228087235,0.704416626753654,-0.07864988951387775,-0.011541096308635201
2026-08-06 00:00:00+05:30,5281.0,5281.0,5061.5,5112.5,38960,0.0,0.0,5021.744995117188,4911.0859765625,5032.470986328126,5340.015493164063,5070.933567523262,5010.233164710979,5084.17530422833,5341.368884916922,5093.890466889881,4981.037310814951,5185.039131129527,4992.442549640924,5261.963320390461,5099.219828478434,5308.946505639542,5082.140597835739,5093.155353195964,5261.848990392558,5048.282918941474,5316.088315424928,5171.981974238245,5006.601006330806,5283.681844130926,5203.0,5096.199951171875,5230.550048828125,53.484243793791514,93.2798320150041,30.106188365676573,63.17364364932753,52.55450354746241,61.91108003757928,-9.356576490116872,67.42689969714912,83.21133945642237,-61.473424048269095,7.283755923307443,5.481971734329373,347.10009765625,2983.4599349014197,308.1573529411753,43.78994161009173,0.8276800957018773,1.2284815002697869,0.11518659690592514,0.036837783536684356,12.77732005750349,155.966866813661,-63.533133186339,-881.069433345679,-617.3586857116372,328.7333170572916,0,1,0,328.7333170572916,0,0,0,1,0,157.58779658354462,232.0,4658.266371884481,5021.744995117188,5385.223618349896,14.476188001825275,0.6248422865637246,4731.690003695385,5070.933567523262,5410.17713135114,4716.10009765625,5230.550048828125,5745.0,2.399026112241587,0.3248422528692515,4692.248143418425,5021.744995117188,5378.4480945903,6838187.0,81.2265029649017,-0.36140269137986225,1412073.802826172,-136794.03500726353,13521011.0502867,5151.666666666667,73673390.97719494,1001.6946161691737,49.702423771023426,8.54751635616553,41.154907414857895,0.43414356378823693,0.49936914625489875,181.73931161635377,33029.17738678614,4936.0,4936.0,0.8919119749575216,0.08950298331355387,0.7101175200833639,33029.17738678614,5238.181410435268,13.285009765625,3.382342395103292,125.60667317708327,-0.034192878057995646,0.01723076450763883,0.05481971734329383,0.019035280047837277,-0.12359646867232366,,-0.034791131432377255,-0.048899593228087235,0.704416626753654,-0.07864988951387775,-0.011541096308635201
2026-08-07 00:00:00+05:30,5115.0,5144.0,5013.5,5089.5,28915,0.0,0.0,5030.300000000001,4918.0459765625,5032.260986328125,5337.730493164063,5072.701799187713,5013.341668055647,5084.280743748561,5338.862726858048,5100.343324497769,4988.033939185048,5177.539994908837,4999.23532541753,5238.753309486937,5105.365051146998,5310.604007351697,5107.470855147648,5093.051424744986,5243.082401277791,5054.48358495725,5311.85115236459,5175.605040467077,5012.14589304162,5249.933521222817,5101.0,5096.199951171875,5230.550048828125,52.35656477613427,82.7365328517626,15.650311361948056,67.08622148981455,43.645311656408914,52.98106485618557,-9.335753199776654,51.50479237687398,68.50326358832294,-63.70882128638797,3.62414740914181,3.4787756395065843,178.0,2862.292307450571,304.16617647058774,45.508744539259276,0.2533477550440208,0.8276800957018773,0.12954395448248057,0.05351789310654473,12.849396867404034,24.043028697423324,-106.45697130257668,-899.1388600873582,-782.2320467582289,354.64998372395826,0,1,0,354.64998372395826,0,0,0,1,0,155.6529539704343,130.5,4669.015408674356,5030.300000000001,5391.584591325646,14.36433577820985,0.5819298711062919,4740.910003343443,5072.701799187713,5404.493595031982,4716.10009765625,5230.550048828125,5745.0,2.878523870968366,0.32257293250717206,4695.9033907798475,5030.300000000001,5392.95331753766,6809272.0,79.28312349728185,-0.3508386139015245,1416837.5767725322,-121578.19928429741,11494431.614531457,5082.333333333333,73660382.76203601,1001.2447384185625,39.641203394791006,-1.2109632160535142,40.85216661084452,0.32465855553609363,0.3277194844251674,180.6422956628227,32631.638982334658,4985.75,4985.75,0.7643091264072995,-0.02518518902529709,0.6416040304317481,32631.638982334658,5240.429973493303,8.5550048828125,3.378145145685873,130.37112630208347,-0.004498777506112495,-0.01372009522066664,0.034787756395065816,0.003648195622165229,-0.12423642777251998,,-0.004508927458662683,-0.048899593228087235,0.704416626753654,-0.07864988951387775,-0.011541096308635201
2026-08-10 00:00:00+05:30,5093.0,5222.5,5047.5,5190.5,21029,0.0,0.0,5042.544995117188,4927.445976562501,5032.680986328125,5335.792993164064,5083.92067545555,5020.289053622092,5086.3840953575,5337.3864808196595,5115.600467354911,4998.718410692401,5188.924692969372,5013.410839964996,5244.458197304855,5122.323288608407,5299.360136972402,5130.571041830795,5094.318533740417,5246.3602678227635,5071.268542409907,5311.322835739024,5178.61543618034,5023.222662395805,5203.654713578051,5140.0,5096.199951171875,5230.550048828125,56.676356739822204,81.59022686515709,11.60320430027403,69.98702256488306,40.308414329941606,45.50274317793764,-5.194328847996033,44.63313551542371,54.52160919648227,-53.892511675518115,1.4919205696608,4.95187434301066,76.2998046875,2937.0704452495333,219.81470444623028,49.68160243638736,-0.21506600111426047,0.2533477550440208,0.14203995785717627,0.07054216995631629,12.94757884719337,92.46545316921947,-82.53454683078053,-888.1327686288545,-867.2653525438341,385.38338216145837,0,1,0,385.38338216145837,0,0,0,1,0,157.03488582968902,175.0,4676.774774148967,5042.544995117188,5408.315216085409,14.507365678339205,0.7022512993145866,4750.394764929782,5083.92067545555,5417.446585981318,4716.10009765625,5230.550048828125,5745.0,3.055667981911615,0.32863003692544657,4707.442692394948,5042.544995117188,5399.492619152758,6830301.0,80.02394014588572,-0.3314475147046806,1430175.9710582464,-100056.94109905697,10155788.383884108,5153.5,73702114.34667104,1003.2292162651094,30.050553644967906,-8.641290372701292,38.6918440176692,0.24061962213027718,0.8090051972583466,182.88511048411047,33446.963636785295,5047.75,5047.75,0.5581152197480055,-0.3768004229818358,0.639403910998417,33446.963636785295,5261.711411830357,12.2449951171875,3.370367781982579,136.6373524305556,0.01984477846546806,-0.043578404274921656,0.04951874343010654,0.05939381569547919,-0.11037792441511696,,0.019650437740905503,-0.048899593228087235,0.704416626753654,-0.07864988951387775,-0.011541096308635201
2026-08-11 00:00:00+05:30,5210.0,5210.0,5081.0,5092.5,9794,0.0,0.0,5051.989990234375,4934.687978515627,5031.145986328126,5333.415493164063,5084.7377539835925,5023.120855440834,5086.505202380124,5334.949799418469,5120.35808686756,5005.191117493872,5180.480650402422,5019.23312641967,5222.346140000961,5126.747709374334,5273.510884338642,5148.107168955624,5094.309356021642,5233.887852062857,5083.987426929372,5310.813671828043,5180.833033120098,5027.90722147207,5160.682357527518,5141.5,5096.199951171875,5230.550048828125,51.77135999587324,71.9446569113743,1.5661074771929862,70.37854943418131,39.66047310150135,41.20473302928396,-1.5442599277826048,42.90175034719144,46.346559413163035,-63.41724773358985,-0.21553835603017538,3.8522697320696597,-11.0,2855.2391836638626,165.07646915211353,44.628674897867334,-0.5654451156184299,-0.21506600111426047,0.15031722425642435,0.08725208117540777,11.728898217228492,85.32753128790227,-43.672468712097725,-858.4830137542189,-885.6826174220539,329.2000325520833,0,1,0,329.2000325520833,0,0,0,1,0,155.03239398471123,129.0,4691.610667144454,5051.989990234375,5412.369313324296,14.266826489622638,0.556204680970996,4758.404787317421,5084.7377539835925,5411.070720649764,4716.10009765625,5230.550048828125,5745.0,3.361970484238586,0.33534078122276934,4711.553172327793,5051.989990234375,5418.103099085605,6820507.0,79.71526845798446,-0.3356936913844275,1422128.18811251,-84717.36267882399,8567845.471900664,5127.833333333333,73683622.6406697,1001.3411515314614,20.18726561618765,-14.803662721185244,34.99092833737289,0.1144902530148087,0.22481872388398425,180.18966154496027,32468.314127687336,5079.550048828125,5079.550048828125,0.4367054506476855,-0.34414484209333396,0.589292743516506,32468.314127687336,5257.094280133929,9.4449951171875,3.3602236004414094,137.32934895833327,-0.018880647336480094,-0.05070370025165438,0.038522697320696686,0.03695784972510685,-0.11741767764298094,,-0.019061162532339193,-0.048899593228087235,0.704416626753654,-0.07864988951387775,-0.011541096308635201
2026-08-12 00:00:00+05:30,5116.0,5145.5,5067.0,5093.0,8071,0.0,0.0,5060.659985351563,4942.709980468751,5031.350986328126,5331.052993164063,5085.524634556584,5025.861214050998,5086.633812233983,5332.542338727738,5124.263802083334,5011.399432061887,5172.861099453946,5024.758838558076,5203.133580571297,5130.73328733577,5242.398784856094,5160.564506873813,5094.301211701515,5226.8604468812755,5093.995770787535,5311.288087350737,5183.421670630368,5032.32352679026,5134.518543187674,5092.75,5169.25,5230.550048828125,51.794282600339926,63.60759034460716,-5.4167672716593245,69.02435761626649,39.77386281647839,39.91425008264045,-0.1403872661620582,29.896460307392775,39.14378205666931,-63.368652141456835,0.4615729425002993,3.5246747479812344,23.39990234375,2744.5060714595406,122.66911333869393,43.35369814027759,-0.9410931036055956,-0.5654451156184299,0.15515248276625204,0.10328312854713682,10.817728104430708,25.352169675344157,-53.14783032465584,-827.0648374499541,-869.9058770505765,252.64998372395834,0,1,0,252.64998372395834,0,0,0,1,0,149.56579441437472,78.5,4705.384160892653,5060.659985351563,5415.935809810472,14.040691352008649,0.5455139534159011,4775.318617096715,5085.524634556584,5395.730652016453,4716.10009765625,5230.550048828125,5745.0,3.573254805106872,0.33535741131075675,4718.452226868628,5060.659985351563,5428.677202454564,6828578.0,79.57708075115977,-0.33542352717854335,1419403.5830169686,-71607.4219755989,7344444.047343427,5101.833333333333,73683701.88465595,1001.3509698917952,11.129883570795657,-19.088835813261788,30.218719384057447,0.09435407034177193,0.18205581366360454,177.63791222945457,31555.227861239404,5091.0,5091.0,0.3178980779829445,-0.27493692403990716,0.5465993147433941,31555.227861239404,5251.471435546875,8.6699951171875,3.3518505014649485,137.86601128472225,9.818360333824216e-05,-0.03787664116369127,0.03524674747981238,0.05238144436408709,-0.12498926209088568,,9.817878364373399e-05,-0.048899593228087235,0.704416626753654,-0.07864988951387775,-0.011541096308635201
2026-08-13 00:00:00+05:30,5065.0,5145.0,5065.0,5101.0,6246,0.0,0.0,5070.264990234375,4950.337978515627,5031.345986328127,5328.727993164063,5086.998478884529,5028.807833107821,5086.918291199646,5330.2384348598,5128.105708240328,5017.606883808211,5167.350663421711,5030.579753394708,5188.420940297247,5135.15991973427,5209.128350180093,5169.574122096405,5094.385713118502,5209.226137208059,5101.431234586307,5311.871864985943,5186.623733793898,5036.970100926221,5119.025316969356,5097.0,5226.449951171875,5333.949951171875,52.18586209448834,56.98900439805493,-9.62828257456924,66.61728697262417,31.626046856716606,37.02012759156545,-5.394080734848842,13.156519834433166,28.651576829672457,-78.3359595548035,1.4942617066692523,3.9133023992714127,75.10009765625,2608.609050714885,105.81028406479709,43.616380947574285,-1.2975156970414736,-0.9410931036055956,0.15738165944096938,0.1180425681889869,9.532045921383604,27.58757400743798,-52.41242599256202,-828.7910161781824,-848.0032478692303,183.816650390625,0,1,0,183.816650390625,0,0,0,1,0,144.59680909906226,80.0,4721.945596279292,5070.264990234375,5418.5843841894575,13.73969189484046,0.5441190044238374,4791.097796420838,5086.998478884529,5382.899161348219,4716.10009765625,5230.550048828125,5745.0,3.9130072156327995,0.3350416832489861,4726.665770169269,5070.264990234375,5439.515745755207,6834824.0,79.00252523174633,-0.3347389427432427,1418778.9830169685,-59933.23514467967,6302376.040580081,5103.666666666667,73684682.99598522,1001.5080482346187,2.7186349028312087,-22.000067584980993,24.7187024878122,0.07313714561387896,0.17647601769535,174.15969697754124,30331.600051308993,5092.75,5092.75,0.19271605303350847,-0.1252719199313208,0.5091302513756532,30331.600051308993,5243.787144252233,9.6050048828125,3.345581976318539,137.94801215277778,0.001570783428234801,-0.0022493887530562473,0.03913302399271412,0.04689584402257574,-0.0999558888398765,,0.0015695510383219049,-0.048899593228087235,0.704416626753654,-0.07864988951387775,-0.011541096308635201
2026-08-14 00:00:00+05:30,5160.0,5280.0,5070.0,5141.0,22745,0.0,0.0,5080.9949951171875,4959.155976562502,5033.430986328126,5326.745493164063,5092.141480895526,5033.207525927123,5087.989216126385,5328.355465358707,5134.842375837054,5025.083825827206,5169.494268724832,5039.137114989931,5185.844112686049,5143.610721277357,5177.558032649316,5177.416766398717,5094.670486827561,5175.490314616815,5110.645692145423,5309.630277283147,5188.986668451774,5043.8173672132625,5113.502372897978,5121.0,5226.449951171875,5369.0,54.18959667673495,54.3449384353944,-9.817878829783822,64.16281726517822,25.99207978918982,32.4639964874616,-6.47191669827178,4.607517623987346,15.886832588604427,-80.31914893617021,-0.37400549227718305,4.356124186226809,-19.2998046875,2538.64805935021,117.8999913832713,41.05683463396971,-1.315995128773588,-1.2975156970414736,0.1584345562485323,0.13052839241983627,7.941522387966889,159.21792057780385,-50.78207942219615,-874.8798085179653,-840.8457549214095,155.2666015625,0,1,0,155.2666015625,0,0,0,1,0,149.2684655919864,210.0,4738.157295608195,5080.9949951171875,5423.83269462618,13.494904042946608,0.5875122615872627,4784.421815809329,5092.141480895526,5399.861145981723,4716.10009765625,5230.550048828125,5745.0,4.1587695068566,0.3356570950320028,4726.841857125791,5080.9949951171875,5467.441832711728,6857569.0,78.69328548695086,-0.3380147416622925,1411413.935397921,-52052.37976130238,5532008.034782927,5163.666666666667,73702518.7144718,1001.5080482346187,-1.4283943331574198,-20.9176774567757,19.48928312361828,0.2715211391353344,0.35004904634905076,171.41884975449588,29384.422051154437,5097.0,5097.0,0.03184965389336093,0.022480211709377543,0.4877013515228675,29384.422051154437,5242.537137276786,10.7300048828125,3.3367489392095284,136.910009765625,0.00784159968633591,0.010118872187837802,0.043561241862268174,0.05967226630938893,-0.08976628895184136,,0.007811014132578,-0.048899593228087235,0.704416626753654,-0.07864988951387775,-0.011541096308635201
2026-08-17 00:00:00+05:30,5141.0,5148.5,5085.0,5125.0,4543,0.0,0.0,5093.094995117188,4968.707978515627,5035.0359863281265,5319.5104931640635,5095.2708636673815,5036.807230792727,5088.722102935763,5326.332027892452,5139.033328683036,5031.587513020833,5168.088065639861,5045.962826920025,5178.777156305738,5149.438926022845,5148.203157995975,5184.323389295772,5098.75763750938,5147.872189415214,5119.890955290455,5311.012836634316,5209.986818741184,5049.2573437661085,5114.245556133291,5133.0,5226.449951171875,5369.0,53.22870498387826,50.37770796965924,-11.028087436415191,61.40579540607443,19.632694332796,25.750273659567473,-6.117579326771473,6.921911917917249,8.228649792112586,-82.4468085106383,-5.564768748848351,4.955969690763875,-302.0,2266.2388201800213,107.37646340762785,45.96202477988688,-1.3667057411575332,-1.315995128773588,0.15804791926594675,0.14020396293652976,5.912432493081876,27.115360495260575,-36.384639504739425,-936.1711547176935,-861.7629402599905,125.48331705729163,0,1,0,125.48331705729163,0,0,0,1,0,143.14214662113022,63.5,4762.8286779107575,5093.094995117188,5423.361312323618,12.96917954693799,0.5483019357721396,4804.762595256061,5095.2708636673815,5385.779132078702,4716.10009765625,5230.550048828125,5745.0,4.416349247013344,0.3337815628093628,4738.605742571468,5093.094995117188,5476.6307669855305,6853026.0,77.67334356951451,-0.33373807831959074,1412594.39996485,-43720.75658214302,4731337.172671081,5119.5,73701104.82612324,1001.1968247372447,-8.881784742541061,-22.696854292927473,13.815069550386411,0.18846321378938416,0.1932077430885584,165.13315860321504,27268.96007027457,5102.25,5102.25,-0.10717323666660036,0.44214325763236423,0.44592169772624635,27268.96007027457,5230.909995814733,12.1,3.3209098071808283,138.43668619791666,-0.0031122349737404686,-0.012619208168769824,0.04955969690763884,0.04891526811297586,-0.08677833214540276,,-0.0031170880488956797,-0.048899593228087235,0.704416626753654,-0.07864988951387775,-0.011541096308635201
2026-08-18 00:00:00+05:30,5100.0,5125.0,5070.0,5085.5,6205,0.0,0.0,5103.8800048828125,4976.597978515627,5035.3259863281255,5311.467993164063,5094.340305222869,5038.716751153796,5088.658298917233,5323.935689306458,5138.309995814732,5036.16759229473,5159.380601748172,5049.347941505365,5162.015435993662,5150.183882152964,5120.686229094797,5189.2129498878885,5097.0852095562,5122.122457089955,5125.048168900389,5311.405740460371,5211.558843698108,5051.773093136354,5114.262540101872,5105.25,5226.449951171875,5369.0,50.83230072209622,43.54437688716371,-14.289134815128584,57.83351170229229,16.511524822695034,20.71209964822695,-4.200574825531916,6.253126138452224,5.927518560118939,-87.69946808510637,-5.200857489048373,4.429344202299127,-279.0,1909.120013016172,92.67499425551432,44.097339887657924,-1.3923361455701975,-1.3667057411575332,0.15553027418786503,0.14684829171239688,3.227637543866156,8.741737567365817,-46.25826243263418,-975.8142981344986,-904.451206797333,42.16666666666666,0,1,0,42.16666666666666,1,0,0,0,0,136.8462790053352,55.0,4790.668842043452,5103.8800048828125,5417.091167722173,12.273453237133928,0.47065876465546147,4821.023300469769,5094.340305222869,5367.657309975968,4716.10009765625,5230.550048828125,5745.0,4.719975735054995,0.33528027185573506,4748.319777092005,5103.8800048828125,5490.3448015060685,6846821.0,77.82831913111902,-0.3369948357869968,1409886.7636012135,-37199.27170799486,4020417.9337180695,5093.5,73696322.43587933,1001.1968247372447,-15.131536727044736,-23.15728502194492,8.025748294900183,0.34579225715129597,-0.11736494137815416,156.60558141968008,24525.30813179605,5102.25,5102.25,-0.1860781839630784,1.1084094656367482,0.36887242442799,24525.30813179605,5207.169977678571,10.785009765625,3.308710438286587,135.70535373263888,-0.0077073170731707386,-0.0013745704467353903,0.044293442022991236,0.04392897464846546,-0.08377623637510134,,-0.007737171940958035,-0.048899593228087235,0.704416626753654,-0.07864988951387775,-0.011541096308635201
2026-08-19 00:00:00+05:30,5110.5,5122.5,5050.0,5067.0,5868,0.0,0.0,5116.644995117188,4982.805976562502,5037.580986328126,5303.9429931640625,5091.736466630215,5039.825898167373,5088.229421710951,5321.379115283508,5134.797614397322,5039.712769607843,5148.226595235945,5051.105830145651,5142.874626673679,5148.6107209582215,5096.489779449065,5191.64215426931,5093.925933787656,5112.539365938531,5128.971773949638,5313.074915924262,5219.424461855575,5052.847714277459,5107.861013294329,5076.25,5247.0,5369.0,49.70364436418793,36.21861177253504,-17.2919199438058,53.51053171634084,13.231382978723403,16.458534044738144,-3.2271510660147413,2.35137917759356,5.17547241132101,-90.1595744680851,-4.278832530461887,5.305812796404273,-226.5,1512.7927471927114,83.51763844209654,37.30992126927403,-1.5389836035789217,-1.3923361455701975,0.15095437446119853,0.15082248921853836,1.222722790053258,13.278632200598622,-59.22136779940138,-972.6599717798391,-945.2517810003649,-48.0,0,1,0,-48.0,1,0,0,0,0,132.25011621923983,72.5,4834.281642556189,5116.644995117188,5399.008347678187,11.03705075612862,0.41209022936773787,4830.640128996458,5091.736466630215,5352.832804263971,4716.10009765625,5230.550048828125,5745.0,5.020790043744559,0.3318909721217799,4760.382607620801,5116.644995117188,5503.357705277051,6840953.0,77.9684706424693,-0.3359123820822551,1406770.6532563858,-32141.129213924985,3430564.2289012023,5079.833333333333,73694187.77852018,1000.8330453645183,-20.755826378032094,-23.02525973834582,2.2694333603137276,0.3851000157505119,-0.3516390825290486,141.1816762804997,19932.265717371807,5102.25,5102.25,-0.03891555896566172,2.1222852211746495,0.23908013211926096,19932.265717371807,5171.10285295759,12.764990234375,3.3009777923138337,127.48690646701385,-0.003637793727263805,-0.005105046141763214,0.053058127964042745,0.06159648020113129,-0.09871931696905012,,-0.0036444265897411505,-0.048899593228087235,0.704416626753654,-0.07864988951387775,-0.011541096308635201
2026-08-20 00:00:00+05:30,5075.0,5130.0,5020.0,5077.0,5551,0.0,0.0,5132.225000000001,4990.143974609376,5040.880986328126,5297.475493164064,5090.332993617813,5041.283706082379,5088.007056924595,5318.947482295614,5131.021900576638,5043.406652879902,5140.173301059397,5053.52192676416,5129.314538925976,5148.123805122738,5079.059350691626,5192.496719461222,5093.662243617427,5107.964188230099,5132.839551349897,5315.4185333645,5222.351252065844,5054.540283292107,5096.787996518544,5072.0,5247.0,5379.25,50.34543605923879,30.864025295004467,-18.117205137069107,48.98123043207357,10.273916779375906,13.338941526931446,-3.0650247475555403,0.9412995255446408,3.181934947196808,-91.31920710868079,-0.6943765281173594,6.538802703693279,-35.5,1033.1207300855244,72.72352079503708,40.77250643573848,-1.8422265245355636,-1.5389836035789217,0.14511069090510365,0.1525521265988298,-0.5730804878403606,25.381684743369988,-84.61831525663001,-973.489968697022,-967.7682772072318,-92.38330078125,1,0,0,-92.38330078125,1,1,0,0,0,130.66082220357984,110.0,4901.867416172497,5132.225000000001,5362.582583827506,8.976908994734432,0.38013201240781674,4833.1505929015575,5090.332993617813,5347.515394334069,4716.10009765625,5230.550048828125,5745.0,5.3084117432739495,0.32874786256614297,4768.8752899793735,5132.225000000001,5524.575363221562,6846504.0,76.55128150323637,-0.3329309623060287,1406972.5078018403,-27085.74181880383,2948413.6247724593,5075.666666666667,73695283.29855175,1001.0304008016606,-25.81435850609572,-22.467033493127555,-3.347325012968162,0.46659998150747684,-0.47947195036873314,115.17879191375228,13266.154106711449,5102.25,5102.25,1.130662830497197,2.08784679439724,0.013539854009612879,13266.154106711449,5128.615701729911,15.5800048828125,3.3015732192861935,120.59734374999995,0.001973554371422992,-0.0047049598118016345,0.0653880270369327,0.06369159857531947,-0.09533143264433352,,0.001971609471484624,-0.048899593228087235,0.704416626753654,-0.07864988951387775,-0.011541096308635201
2026-08-21 00:00:00+05:30,5077.0,5100.0,5061.0,5083.0,4049,0.0,0.0,5140.800000000001,4996.631972656251,5042.842988281251,5291.010493164063,5089.63461327326,5042.9196391771875,5087.907907282524,5316.599746153369,5126.333805338542,5047.048065640319,5134.096356837239,5056.24970849195,5119.405442827264,5148.190740307368,5068.418476139745,5192.073793990553,5093.600475061328,5095.3485512558045,5138.728196394999,5329.10064706284,5230.4016310113875,5056.527973721654,5086.618183983308,5080.0,5215.75,5228.5,50.751492665514625,26.79574215397588,-17.748390622478155,44.544132776454035,11.561336373636172,11.688878710578493,-0.1275423369423212,2.839071488729064,2.0439167306224215,-83.83720930232559,-0.1277139208173691,3.491804947572025,-6.5,637.9688151111695,49.208817784926396,41.55991863188041,-2.088174642638678,-1.8422265245355636,0.13851544585889997,0.15216051415457688,-2.303103617630724,-1.529984505682478,-40.52998450568248,-891.6505044601233,-959.9607805913906,-127.04996744791667,1,0,0,-127.04996744791667,1,1,0,0,0,124.11362061760987,39.0,4933.415338065244,5140.800000000001,5348.184661934758,8.068186349780456,0.3606454318733925,4849.517203101409,5089.63461327326,5329.75202344511,4922.89990234375,5333.949951171875,5745.0,5.49054467361316,0.3128546852672651,4807.433587461809,5140.800000000001,5508.15868511806,6850553.0,20.31328914513863,-0.3615627263183125,1407491.6103659428,-22390.119630512316,2530682.249804965,5081.333333333333,73695761.80948341,1001.1485808292359,-30.779515131670806,-21.945752094962113,-8.833763036708692,0.4302823561917514,-0.557418272506431,103.69233096737827,10752.099501448314,5102.25,5102.25,1.8310466355160797,2.742829515746895,-0.2210328516453069,10752.099501448314,5097.401416015626,8.575,3.3039043913467534,115.85445095486115,0.0011818002757533197,-0.011281851779809338,0.03491804947572019,0.07202362121691452,-0.10549934007919048,,0.0011811024995080994,-0.048899593228087235,0.704416626753654,-0.07864988951387775,-0.011541096308635201
2026-08-24 00:00:00+05:30,5083.0,5125.5,5040.0,5053.5,4920,0.0,0.0,5137.7649902343765,4999.613974609375,5044.444990234376,5284.622993164063,5086.19322153295,5043.334555287886,5087.226562583861,5313.981838231445,5118.019519624257,5049.278184359681,5123.306873182937,5056.540521677054,5103.366820204111,5144.756786688846,5059.395181720948,5189.634196525364,5087.971978598388,5087.648689231442,5142.5898434113715,5336.18810845731,5234.619587565071,5056.311171043495,5077.701338938538,5068.25,5173.5,5206.75,48.645180777661494,20.949699896429593,-18.87554630401955,39.82524620044914,11.73095735847006,11.188736837160711,0.5422205213093498,2.839071488729064,2.2064808343342563,-89.65071151358343,-2.6394374337732396,-1.1868951741102296,-137.0,593.2228656137877,38.73088235294199,39.24869286878499,-2.233767491229246,-2.088174642638678,0.1307394778831572,0.14998520900199164,-3.6321158309291293,30.831441852271382,-54.66855814772862,-664.9343232965587,-894.6458735651147,-148.78328450520834,1,0,0,-148.78328450520834,1,1,0,0,0,121.35550485920918,85.5,4926.992273917259,5137.7649902343765,5348.537706551494,8.204840693092988,0.30010460626318497,4852.658421853656,5086.19322153295,5319.728021212243,4993.0,5369.0,5745.0,5.614234096087783,0.27806804111516,4825.017141760963,5137.7649902343765,5495.542166175026,6845633.0,27.023674666536078,-0.4113998208768399,1404125.294576469,-19504.818338269833,2148421.928404256,5073.0,73692906.40912929,1001.1485808292359,-34.83626780889739,-20.802003817750958,-14.034263991146432,0.6308339316853011,-0.7995815749472612,105.38635815855862,11106.284485923994,5097.0,5097.0,1.8078813021032554,2.6326979079583275,-0.3057735826706022,11106.284485923994,5078.528578404018,-3.035009765625,3.3022377972539974,111.29867730034724,-0.005803659256344629,-0.013951219512195134,-0.011868951741102252,0.07054337464251659,-0.0874040632054176,,-0.005820565932185203,-0.048899593228087235,0.704416626753654,-0.07864988951387775,-0.011541096308635201
2026-08-25 00:00:00+05:30,5053.5,5079.0,4980.0,4994.5,7372,0.0,0.0,5132.314990234377,5002.8159765625,5045.3969921875005,5278.487993164063,5077.460533767908,5041.419474688361,5085.390393027745,5310.8029144679485,5104.37523484003,5049.0776363357845,5103.138548711429,5052.267580643116,5074.751019948546,5134.758988962558,5045.946008142248,5183.660952779699,5078.130848631686,5069.396433114162,5143.951018363377,5340.556049336836,5237.161017555502,5051.673434880832,5063.313355028921,5024.0,5092.5,5130.5,44.65359921372039,11.424171633150763,-22.72085965383871,34.14503128698947,10.443118310533094,11.245137347546441,-0.8020190370133466,1.8977719631844234,2.525304980214184,-95.1827242524917,-1.9243986254295533,-2.1357891642990103,-98.0,724.2424547494838,19.070586799174635,36.88406364735753,-2.521854469013125,-2.233767491229246,0.12083721667399683,0.14617240165840772,-5.150724654689764,-1.3587641266249193,-100.35876412662492,-379.76702419556,-744.4044414009909,-181.13330078125,0,1,0,-181.13330078125,1,0,0,0,0,119.75868308355138,99.0,4912.374269463075,5132.314990234377,5352.255711005679,8.570819257578655,0.1866996940105536,4847.310000724738,5077.460533767908,5307.611066811078,4980.0,5362.5,5745.0,5.666207331376889,0.28085281170504317,4826.6126688277645,5132.314990234377,5477.637693241828,6838261.0,31.191801909272712,-0.3970503176889939,1398912.7693239439,-18209.833268313203,1779369.081489362,5017.833333333333,73684299.54260114,1001.1485808292359,-37.35161222763615,-18.653878589191777,-18.697733638444376,0.9755193859997353,-1.2532012239577854,109.97036038565103,12093.480163349966,5092.75,5092.75,1.6289029729883941,2.2522414980612315,-0.4175946850654554,12093.480163349966,5048.4957240513395,-5.45,3.3022671253775973,107.46068142361109,-0.01167507667952905,-0.01789401238816246,-0.021357891642990068,0.055830395549728795,-0.08642765685019205,,-0.011743765542512852,-0.048899593228087235,0.704416626753654,-0.07864988951387775,-0.011541096308635201
2026-08-26 00:00:00+05:30,5000.0,5030.0,4993.0,5007.0,1989,0.0,0.0,5129.184985351564,5006.117978515625,5046.375991210937,5272.850493164063,5070.7500067423925,5040.069691367249,5083.838108017294,5307.779999896128,5092.4404738653275,5049.241715686274,5087.911067239636,5049.195530760357,5054.521296717062,5126.797255194316,5030.7794100886085,5175.1521381079465,5072.506706004275,5054.501534722337,5148.054903825843,5342.217577709091,5239.927403976896,5048.367060583626,5045.718530226143,5000.75,5092.5,5130.0,45.67074135966032,4.828111921087839,-23.453535492721308,28.281647413809146,8.055521411308288,10.076532360103814,-2.021010948795526,2.820046742553801,2.518963398155763,-91.0,-1.6885921853524446,-1.2348133274889066,-86.0,830.0182649054677,-0.8367675781228172,35.59331308948112,-2.8759737423030147,-2.521854469013125,0.10987887275359931,0.14089431424869994,-5.366486315864359,-39.87894067996422,-76.87894067996422,-190.76236300454423,-528.6359270748175,-199.25000000000003,0,1,0,-199.25000000000003,1,0,0,0,0,113.84734857758342,37.0,4903.772673765754,5129.184985351564,5354.597296937374,8.789400742206217,0.2289744635242546,4855.470953036667,5070.7500067423925,5286.029060448118,4980.0,5362.5,5745.0,5.53171305401163,0.2803190561330369,4828.045595993764,5129.184985351564,5468.670595993764,6840250.0,39.674470508481114,-0.3965640759201829,1398428.958513133,-16178.56706419657,1528725.284133739,5010.0,73684797.34017847,1001.398856132069,-41.837611225559066,-18.51190206969175,-23.325709155867315,0.2862364724844577,-1.0841021459029834,112.70615579290487,12702.677553614543,5092.75,5092.75,1.5354283475570554,2.0178914188056543,-0.5569795387976089,12702.677553614543,5018.951450892857,-3.1300048828125,3.3031477258905277,103.77046332465277,0.0025027530283312505,-0.011841326228537619,-0.01234813327488904,0.06715831629290459,-0.08178984045479554,,0.002499626357740441,-0.048899593228087235,0.704416626753654,-0.07864988951387775,-0.011541096308635201
2026-08-27 00:00:00+05:30,5032.0,5050.0,4969.0,5005.5,16935,0.0,0.0,5128.164990234376,5008.81998046875,5046.070991210938,5267.480493164063,5064.535720385974,5038.7140171959845,5082.286858353585,5304.772238703133,5080.660951450894,5049.217481234681,5074.439944608625,5046.179470056186,5037.664443220712,5119.142716274844,5015.588296511431,5164.4666584749875,5065.990230355624,5036.929959986876,5146.15078995032,5338.696743452701,5239.1255730911025,5045.1988830946275,5027.6851591710665,5006.25,5092.5,5124.5,45.562531696911726,-0.5144204678063033,-23.036854305292362,22.52243383748606,8.517870050884333,9.005503257575239,-0.48763320669090504,5.340080052211237,3.3526329193164868,-88.2636655948553,-1.872181925112723,-0.4058955160296134,-95.5,887.7637919224508,-17.18823960248119,36.66819617250451,-3.2597563158766025,-2.8759737423030147,0.09834676014341959,0.13421789245924298,-5.324949696566219,-10.681949154255562,-91.68194915425556,-147.9549174443647,-325.65800252352193,-153.75,0,1,0,-153.75,1,0,0,0,0,111.50110939347033,81.0,4900.610377727548,5128.164990234376,5355.719602741204,8.874699349188747,0.2304713165708834,4854.33086227127,5064.535720385974,5274.740578500678,4969.0,5357.0,5745.0,5.361414086248327,0.2787064545421863,4825.300927329522,5128.164990234376,5466.675927329523,6823315.0,43.531300318680366,-0.3878918583469466,1396756.3659205404,-14409.004254319705,1306707.0292574908,5008.166666666667,73684290.00045408,1001.398856132069,-38.693677439433486,-12.294374626852935,-26.39930281258055,2.1122017536201154,-1.078114733716465,113.77730625341398,12945.275418283158,5092.75,5092.75,1.4909748971867627,1.9287696350501418,-0.7738584307612866,12945.275418283158,4985.652873883928,-1.0199951171875,3.3043023601584838,99.76801432291668,-0.0002995805871779389,-0.01408311995272804,-0.004058955160296085,0.06057714561149519,-0.07374167283493704,,-0.0002996254704063656,-0.048899593228087235,0.704416626753654,-0.07864988951387775,-0.011541096308635201
2026-08-28 00:00:00+05:30,5001.0,5032.5,4975.0,4989.5,3660,0.0,0.0,5119.625000000001,5009.233984375,5045.514990234376,5261.535493164063,5057.3894613015955,5036.784055737319,5080.449494821831,5301.635201502107,5067.454761904763,5048.459834941789,5059.884763093366,5042.1024690446775,5019.9083796382665,5110.141569566736,5000.923282454849,5151.329756585325,5046.710548423768,5019.508059035746,5135.11741797923,5345.029472173391,5243.620392558671,5041.039743407149,5012.675502171008,4997.5,5065.25,5124.5,44.355310065822735,-5.970656151779622,-22.794471991412543,16.82381583963292,9.109324758842444,8.560905407011688,0.5484193518307556,5.340080052211237,4.500068948992091,-93.40836012861736,-2.9468974907605525,-3.3098814245705124,-151.5,1045.5037142618785,-34.04559254365631,34.910916077596234,-3.6561841964125295,-3.2597563158766025,0.0862789204355563,0.12624355925586628,-5.629810729611879,-18.013099275076456,-75.51309927507646,-119.92975734355043,-196.18855707282137,-123.08333333333331,0,1,0,-123.08333333333331,1,0,0,0,0,107.64388729393674,57.5,4884.455660116867,5119.625000000001,5354.794339883135,9.186975213346052,0.22333765944007458,4856.251732531149,5057.3894613015955,5258.527190072042,4969.0,5357.0,5745.0,5.292313062281082,0.2604532608680274,4837.521772086012,5119.625000000001,5445.271772086012,6819655.0,30.93748987050948,-0.4374765644570568,1394942.2789640187,-12952.392204234144,1111668.8822207064,4999.0,73683120.08735849,1001.0792077452944,-42.13014381917607,-12.584672805276412,-29.545471013899657,0.5990964447063446,-1.1066493622397018,117.58466994156697,13826.154605267242,5091.0,5091.0,1.4962234417529554,1.8870020261586824,-0.8575027608505402,13826.154605267242,4963.114285714286,-8.539990234375,3.3038857386618923,97.28711480034727,-0.0031964838677455143,-0.018394648829431426,-0.033098814245705155,0.06157313596109626,-0.05858490566037733,,-0.0032016035351712054,-0.048899593228087235,0.704416626753654,-0.07864988951387775,-0.011541096308635201
2026-08-31 00:00:00+05:30,4992.0,5019.5,4910.5,4924.0,9084,0.0,0.0,5094.475000000001,5007.845986328124,5043.0489892578125,5255.932993164063,5044.685703082396,5032.361151590758,5077.351485023379,5297.877637308056,5048.82380952381,5045.1173257506125,5035.449480600436,5033.221542745249,4988.666135512447,5094.309245492121,4981.954173578699,5134.284899011737,5011.7669264056285,4995.031101032341,5119.799087862397,5171.878433456802,5245.13700735112,5031.856129142812,4994.6620051437,4956.75,5032.5,5095.25,39.716026168407005,-15.402514238633557,-25.781064062613183,10.378549823979627,7.327186734485204,8.318127181403995,-0.9909404469187901,2.5200333096574354,4.400064471359969,-96.34641407307171,-3.921951219512195,-9.268472452552055,-201.0,-99.01154827721803,-58.904416073069115,30.20594829891237,-4.057495923175704,-3.6561841964125295,0.07258447736486762,0.11702735960886655,-6.040890625268554,-12.939799378636963,-121.93979937863696,-101.50325968851864,-138.0058287114822,-117.5,0,1,0,-117.5,1,0,0,0,0,107.74075248722698,109.0,4892.4660176566795,5094.475000000001,5296.483982343323,7.930512264495233,0.07805094104609504,4841.942043718658,5044.685703082396,5247.429362446133,4910.5,5177.0,5443.5,5.154376593785251,0.17592563839485367,4846.2806459758895,5094.475000000001,5376.5306459758895,6810571.0,31.23576377090961,-0.28915417148325895,1388108.4441016333,-13353.41725775483,867858.756189177,4951.333333333333,73671195.00468488,1001.0792077452944,-42.22649740908398,-10.144821116147462,-32.08167629293652,1.384059847942346,-1.6877962358156224,101.00449117166075,10201.907236846093,5087.5,5087.5,1.1356909536593405,2.129180068874817,-0.7591031525612002,10201.907236846093,4957.521428571429,-25.15,3.3012323611412526,95.73822591145836,-0.01312756789257441,-0.02562580389828828,-0.09268472452552057,0.05951717163757664,-0.07910978118571166,,-0.013214496020023093,-0.048899593228087235,0.704416626753654,-0.07864988951387775,-0.011541096308635201
2026-09-01 00:00:00+05:30,4920.5,5159.5,4902.5,5105.0,29783,0.0,0.0,5081.5,5010.251982421875,5043.544990234374,5251.4829931640625,5050.429921836453,5035.209733881316,5077.89898036945,5295.958456837329,5049.826190476191,5048.927287071078,5047.27048989216,5038.7732573873445,5010.440750060916,5100.062491109344,4980.576242517247,5119.636558870242,5012.589116946934,5009.1233771245,5120.606962940097,5115.8403429690225,5245.626307110902,5036.787637570636,4996.955796489069,5014.5,5032.5,5091.25,54.02601860220135,-8.177872976326398,-14.845138240244822,6.667265263918423,21.295869968090393,12.577460487139346,8.718409480951047,32.95660511127395,13.605572824380875,-46.35761589403974,0.38344312260348046,-4.837356696803057,19.5,-1360.5835500974654,-61.5191248276642,42.90709318459634,-2.7452359335625025,-4.057495923175704,0.06226665781214891,0.10717316887008327,-4.978911104428484,116.69445767545403,-140.30554232454597,-96.28185255198487,-114.51713401008128,-113.66666666666666,1,0,0,-113.66666666666666,1,1,0,0,0,118.40212730956792,257.0,4924.109102115599,5081.5,5238.890897884401,6.194662909943956,0.5746548889290283,4818.042801459738,5050.429921836453,5282.817042213168,4902.5,5151.25,5400.0,4.888469861550171,0.22604803671145424,4809.020290967901,5081.5,5378.645290967901,6840354.0,49.05274297954489,-0.11783375047570281,1405259.7437125281,-6846.294243660057,1513982.219590723,5055.666666666667,73780673.53839731,1001.0792077452944,-31.623675000717938,0.3664010337748671,-31.990076034492805,3.3384896481375614,0.29861955571611354,78.69544894220047,6192.97368421448,5087.5,5087.5,0.5937233296050644,2.0883444808545817,-0.6642734787470294,6192.97368421448,4986.478571428571,-12.975,3.305719239743686,88.71955186631943,0.036758732737611766,0.02212433677044756,-0.048373566968030524,0.08825410360264341,-0.05436695378345835,,0.036099243294421865,-0.048899593228087235,0.704416626753654,-0.07864988951387775,-0.011541096308635201
2026-09-02 00:00:00+05:30,5061.0,5133.89990234375,4991.0,5017.5,23531,0.0,0.0,5067.7,5010.627978515626,5042.02298828125,5246.350493164062,5047.29373880441,5034.515234513422,5076.702960956194,5293.187725923525,5043.730952380953,5049.211523054534,5041.597706206772,5037.271747901041,5005.980541006429,5095.3821195986075,4982.405887445886,5104.953945328281,5012.669749379155,5004.2544840650235,5116.2341446936725,5084.3446152362585,5242.444824599206,5035.388642971116,5004.075283775295,5061.25,5032.5,5091.25,48.08377746523655,-9.404403349432869,-12.857334890681033,3.452931541248164,29.25318206394298,19.292079588839524,9.961102475103456,52.22794130762998,29.23485990952046,-69.5364238410596,-0.9769094138543517,-5.213941626523094,-49.5,-2707.7211331913068,-55.67325080422688,40.926217988626036,-1.5708256809840901,-2.7452359335625025,0.05258067764533081,0.09689205628566405,-4.5354548150606515,94.70943749413891,-48.19046484961109,-103.74986036929336,-103.20830703230847,-115.75,1,0,0,-115.75,1,1,0,0,0,120.15196838343807,142.89990234375,4943.722327986406,5067.7,5191.677672013594,4.892857588791531,0.29754419007603494,4809.819696112382,5047.29373880441,5284.767781496438,4902.5,5091.75,5281.0,4.661749277284576,0.22899002181669606,4802.641740461654,5067.7,5360.491716047592,6816823.0,38.98790153175223,-0.1638312487170038,1390456.1324618917,-8272.138931854628,1003561.545363477,5047.466634114583,73740341.26611523,999.3652018687028,-26.036856505450547,4.762575623233808,-30.799432128684355,2.2017515953365647,-0.809823239695858,61.98883600679727,3842.6157894776056,5084.25,5084.25,-0.4338389091051676,0.3887347646863406,-0.5022941169935493,3842.6157894776056,4995.792857142857,-13.8,3.306991595337249,81.22000325520834,-0.017140058765915733,0.0020970641102455723,-0.052139416265231,0.0548500813579651,-0.05392665221080417,,-0.017288649928272688,-0.048899593228087235,0.704416626753654,-0.07864988951387775,-0.011541096308635201
2026-09-03 00:00:00+05:30,5008.5,5049.60009765625,4981.10009765625,5028.7998046875,4042,0.0,0.0,5063.514990234375,5011.557978515626,5039.914985351563,5241.5719921875,5045.532411745658,5034.291100010445,5075.754383604339,5290.557000339088,5040.026171875001,5049.924143688725,5038.785276818447,5036.724169919218,5005.609225243759,5092.244944090146,4987.424416260822,5090.909272214744,5012.927031273734,5001.4302102850215,5107.648484301274,5078.454033800559,5244.446258193655,5034.9155402895985,5017.018921715263,5023.14990234375,5024.5,5031.0,48.86595444320655,-9.356778585775828,-10.247768101619194,0.8909895158433656,44.416617713138095,31.655223248390488,12.761394464747607,73.54155209890513,52.908699505936355,-50.85610712548638,-0.9493834018613354,-1.6371676344743276,-48.2001953125,-2717.5956470541705,-57.881175321690534,44.77374751738468,-0.9662278315499206,-1.5708256809840901,0.04384711259139973,0.08637335258927514,-4.117031163420238,11.894012829798157,-56.60598717020184,-112.1087081057892,-102.2792322728107,-94.61669921874999,1,0,0,-94.61669921874999,1,1,0,0,0,116.46254207033536,68.5,4940.256085091661,5063.514990234375,5186.773895377089,4.868511513461864,0.3591777790550709,4817.62732550049,5045.532411745658,5273.437497990825,4902.5,5091.25,5280.0,4.472118144307476,0.19537230501915792,4813.302677000073,5063.514990234375,5333.40265258601,6820865.0,26.614548606690736,-0.08928912767016761,1392043.3942376673,-7598.388563655084,866720.4403896767,5019.833333333333,73741251.55631049,999.5904097349211,-30.384333162272682,0.33207917312934043,-30.716412335402023,0.383618848763821,-0.5632888837797172,61.62945257135688,3798.189424245127,5080.0,5080.0,-0.25192255041504646,0.3499211276468577,-0.44093938681561856,3798.189424245127,4993.04853515625,-4.185009765625,3.308366724146678,73.12533854166662,0.0022520786621824662,0.00465484061282595,-0.016371676344743236,0.06766304333740925,-0.03653610409282493,,0.0022495465340207177,-0.048899593228087235,0.704416626753654,-0.07864988951387775,-0.011541096308635201
2026-09-04 00:00:00+05:30,5034.0,5048.89990234375,4968.10009765625,4991.7001953125,5838,0.0,0.0,5058.625,5011.745986328126,5035.921987304687,5236.845493164062,5040.405533990119,5032.620868453663,5074.0899442322225,5287.583300786585,5033.186667596727,5049.145407092525,5029.662379658107,5033.353791576164,4996.03050591476,5085.063806122206,4990.3206534090905,5076.375480735564,5012.2823630474395,4994.617846507877,5086.030912000244,5074.35046856367,5243.279721303178,5031.7204382408345,5022.126516767964,5010.25,5014.5,5031.0,46.39450585515165,-12.172348779938147,-10.45067063662521,-1.7216781433129373,38.10523874558713,37.25834617422273,0.8468925713643998,56.141628138099634,60.63704051487825,-65.29175279669262,-1.7961795138205785,-1.9215994633559288,-91.2998046875,-2237.6253057193935,-59.91941348804994,43.69369348356416,-0.6396091482580448,-0.9662278315499206,0.03515514300478362,0.07575287093612253,-3.9934282941124106,17.766087447862446,-63.033717239637554,-115.21013398779832,-107.20152058165804,-92.66666666666666,1,0,0,-92.66666666666666,1,1,0,0,0,113.91520368584712,80.7998046875,4931.992915425112,5058.625,5185.257084574888,5.006581218211977,0.23575099504927624,4818.81525506592,5040.405533990119,5261.995812914318,4902.5,5091.25,5280.0,4.259081102530316,0.19636435044700232,4815.9002148742875,5058.625,5323.5751416321,6815027.0,26.370590027543802,-0.13526045736891965,1389615.7334247497,-7404.438347714953,711962.1604009729,5002.900065104167,73736944.61374083,999.5904097349211,-33.20568965195488,-1.991421853242283,-31.214267798712594,0.5448233383728093,-1.0569960198028918,63.316042287444105,4008.92121094541,5072.0,5072.0,-0.06371805515755631,-0.004183571660984342,-0.3478473288077205,4008.92121094541,4982.310002790179,-4.889990234375,3.3084470646306423,70.98666666666662,-0.007377428176881917,0.00044096508918722854,-0.019215994633559275,0.048985015103719,-0.023246219486840802,,-0.007404775987491749,-0.048899593228087235,0.704416626753654,-0.07864988951387775,-0.011541096308635201
2026-09-07 00:00:00+05:30,4991.7001953125,4996.60009765625,4953.0,4988.7998046875,4441,0.0,0.0,5048.539990234374,5014.03998046875,5030.780986328124,5232.261992187499,5035.490702627965,5030.902395364794,5072.401030577872,5284.610330676147,5026.536648995536,5048.2455568321075,5021.323953666577,5029.955494416715,4987.7975775198265,5078.023716638238,4989.626972867627,5061.641622041695,5011.777295766533,4993.520871542842,5067.484586407098,5059.06653047593,5244.326950157833,5028.547805532275,5017.025123706322,4990.25,5014.5,5031.0,46.19779051005992,-14.47093381063587,-10.199404533858345,-4.271529276777525,39.143943539234755,40.55526666598666,-1.4113231267519026,51.96874935798849,60.55064319833108,-66.42030946011673,-1.2803046465321064,-3.8859492401984395,-64.7001953125,-2281.552019051419,-61.232934570311045,45.5939329932638,-0.7054860173697216,-0.6396091482580448,0.026653970889256584,0.06528806584892916,-3.822024437979837,-28.48600149558206,-72.08609915183206,-111.90281436492157,-111.71505982023166,-90.11669921875,1,0,0,-90.11669921875,1,1,0,0,0,108.89269611230446,43.60009765625,4934.642624760535,5048.539990234374,5162.4373557082135,4.512091245950562,0.23774553389210829,4826.699479285832,5035.490702627965,5244.281925970098,4902.5,5091.25,5280.0,3.9599869702181745,0.18069286384732045,4824.036112450963,5048.539990234374,5298.861063622836,6810586.0,26.76196789844166,-0.20419606864255016,1392467.695650232,-5744.521792384563,608413.1896628876,4979.466634114583,73736686.57270749,999.5323054716137,-36.351303468816184,-4.109628536082866,-32.24167493273332,0.41631122568549334,-1.0490178644315702,56.94868273691945,3243.1524654703076,5060.25,5060.25,-0.32474184792362565,-0.5955586043440698,-0.09498231529438264,3243.1524654703076,4982.529966517857,-10.085009765625,3.3092488827388307,72.95644097222224,-0.0005810426330739027,0.013159992828493117,-0.038859492401984386,0.017209017213995148,-0.031018781259104622,,-0.0005812115037618419,-0.048899593228087235,0.704416626753654,-0.07864988951387775,-0.011541096308635201
2026-09-08 00:00:00+05:30,4988.7998046875,4996.0,4921.0,4987.2001953125,6858,0.0,0.0,5043.275,5016.48798828125,5025.962988281249,5228.170493164061,5030.89160669316,5029.188583598037,5070.713885325093,5281.651025846658,5020.694763764882,5047.193016237745,5013.9129851204125,5026.632212558294,4981.035521958313,5071.269052839923,4988.572402639677,5047.399558197528,5011.638829642032,4991.033206693523,5052.324421866624,5054.5526790853055,5249.268866390487,5025.4952364364935,5006.416579766847,4988.0,5014.5,5031.0,46.08174116405852,-16.234512758497658,-9.570386785376106,-6.664125973121552,33.74840406128404,36.999195448701975,-3.2507913874179337,45.48327358053373,51.197883692207284,-67.04272555933852,-0.14615686630293323,-2.0677428510063818,-7.2998046875,-2164.3156593309404,-79.34910960477828,50.087716932665195,-1.0096673844072646,-0.7054860173697216,0.018484064631807406,0.05513308716873006,-3.542824267100779,-23.673827174784492,-98.67382717478449,-105.22568207100275,-111.92671448037194,-76.58333333333333,1,0,0,-76.58333333333333,1,1,0,0,0,106.47178924713987,75.0,4928.204694366729,5043.275,5158.34530563327,4.563316719126775,0.2563454603735464,4827.699547478849,5030.89160669316,5234.08366590747,4902.5,5091.25,5280.0,3.594265022317789,0.16906994340839124,4821.331128831552,5043.275,5282.656080003427,6803728.0,26.584773680199486,-0.1343293149959411,1397716.387368982,-2873.197491748724,519929.85955479654,4968.066731770833,73736466.67771223,999.5323054716137,-37.526222229434495,-4.227637837360938,-33.29858439207356,0.6459999434820697,-0.9746181585058127,57.53515281663532,3310.293809633579,5041.14990234375,5041.14990234375,-0.10593468722712106,-0.7620117422285839,0.050505152562499954,3310.293809633579,4975.534291294643,-5.264990234375,3.311857340418921,75.28532552083331,-0.0003206401213969867,-0.023075377999510316,-0.020677428510063822,0.03160687904504367,-0.049332787778783804,,-0.00032069153743170093,-0.048899593228087235,0.704416626753654,-0.07864988951387775,-0.011541096308635201
2026-09-09 00:00:00+05:30,4962.2998046875,4975.60009765625,4920.0,4928.39990234375,5343,0.0,0.0,5035.044995117188,5017.1799902343755,5020.463989257812,5224.159992675779,5021.130491993215,5025.236086293948,5067.895786652195,5278.13608929439,5009.75427827381,5043.738581495098,4996.937397270304,5018.9824676890885,4960.6637406068285,5058.316586181425,4980.954392121549,5032.402273061268,5009.325858915265,4977.72526364533,5040.245025114502,5049.053650503479,5249.64947594792,5017.996950005795,4989.4756359882385,4957.800048828125,5014.5,5031.0,41.91373731025586,-22.12184712531507,-12.366176921754814,-9.755670203560257,25.53824933122568,32.810198977248156,-7.2719496460224775,35.0458850083496,44.16596931562394,-89.92221698686771,-1.5698042272069104,-3.2318888210534067,-78.60009765625,-1809.3613241388093,-107.22761948529296,50.33868759563577,-1.4044883619534438,-1.0096673844072646,0.009421862078284882,0.04525254293927065,-3.6304069889013144,-31.03459739981554,-86.63469505606554,-102.9648886619954,-108.73866925360706,-91.433349609375,1,0,0,-91.433349609375,1,1,0,0,0,103.6666753946656,67.2001953125,4911.701542055893,5035.044995117188,5158.388448178483,4.899398244937597,0.06769050109031344,4824.490020263601,5021.130491993215,5217.77096372283,4902.5,5091.25,5280.0,3.2867361044270664,0.173274262260447,4816.242018648996,5035.044995117188,5271.841994234934,6798385.0,26.65821167083005,-0.14198524939716448,1393987.7974191273,-2623.7345808285754,400772.7417138212,4941.333333333333,73730167.1518655,998.3532813565597,-39.343599037412034,-4.836011716270775,-34.50758732114126,0.48787837282564034,-1.7292379956387518,61.67172653064725,3803.4018532709397,5023.14990234375,5023.14990234375,-0.047001023958979475,-0.7744657078161161,0.2527497518126338,3803.4018532709397,4959.172844587053,-8.2300048828125,3.311751091450298,79.38355468750002,-0.01179024115053906,-0.017757866996761296,-0.03231888821053408,0.017864888110993293,-0.028408102051503237,,-0.011860297240316304,-0.048899593228087235,0.704416626753654,-0.07864988951387775,-0.011541096308635201
2026-09-10 00:00:00+05:30,4910.0,4925.7998046875,4868.0,4882.60009765625,5407,0.0,0.0,5024.125,5016.8619921875015,5015.780991210937,5220.000493164061,5007.937121103981,5019.642518112078,5064.226565087919,5274.200407785554,4995.235716610863,5038.460938648896,4974.111271264421,5008.259926885612,4932.576898701452,5041.1236944869015,4964.843900289164,5015.608986109919,5003.719278424427,4958.484780946966,5025.949149435993,5042.18093065435,5249.6303860544185,5007.207545324123,4965.374724996685,4905.5,4993.800048828125,5013.75,38.95800714461072,-30.135875882077926,-16.304164542814135,-13.83171133926379,16.014555761470422,25.100403051326715,-9.085847289856293,19.94742759210472,33.49219539366268,-94.99139016938251,-2.455297219933074,-4.281511514286414,-122.89990234375,-1448.3692514267323,-132.42794835707537,41.52553761478811,-1.8287119225065518,-1.4044883619534438,-0.001070025052640755,0.0355471045516932,-4.104516766206924,-63.11566216859228,-120.91546685609228,-103.13652420080702,-105.23674667195414,-92.16666666666664,0,1,0,-92.16666666666664,1,0,0,0,0,100.57619160531449,60.39990234375,4887.420098122198,5024.125,5160.829901877802,5.44193872078428,-0.01762921592327728,4818.519570045044,5007.937121103981,5197.354672162917,4868.0,5074.0,5280.0,3.192404286465181,0.17490957520939157,4808.583466091912,5024.125,5258.633392849724,6792978.0,23.24075271256289,-0.15416466897247477,1391312.388934156,-3134.42658241326,308142.4151910879,4892.13330078125,73725142.40653533,998.3532813565597,-40.729462317938825,-4.977499997438052,-35.75196232050077,0.5518078928837499,-2.0705168636931024,68.35245093890103,4672.057549354872,5012.25,5012.25,-0.19851349610946684,-0.35008497710394704,0.44908684333609217,4672.057549354872,4937.4571498325895,-10.9199951171875,3.310061459195551,84.02666015625,-0.009293037414784378,-0.029072485028131867,-0.04281511514286418,0.0025049678788449103,-0.04290892920587086,,-0.009336487082743282,-0.048899593228087235,0.704416626753654,-0.07864988951387775,-0.011541096308635201
2026-09-11 00:00:00+05:30,4850.0,4858.2001953125,4812.2001953125,4830.89990234375,3737,0.0,0.0,5008.6199951171875,5016.4419921875015,5010.604990234375,5215.402492675779,4991.076433603007,5012.240846905476,5059.606235132588,5269.7894574826505,4976.833326357887,5031.168307674632,4945.217185533001,4994.193222214883,4896.751107196101,5019.364555013332,4938.38179964404,4996.479076708659,4993.737627978633,4937.46716416035,5004.198194739974,5023.0977862233285,5252.424615921076,4992.672602750695,4931.525388920896,4856.75,4967.949951171875,4985.85009765625,35.88192863211769,-40.19547666079961,-21.091012257228655,-19.104464403570958,6.823568470470151,16.12545785438875,-9.3018893839186,5.119292578284347,20.037535059579554,-94.61568743233933,-3.178677175192905,-6.031902308038319,-158.60009765625,-1369.0434264024789,-161.47467830882215,44.562687818882424,-2.258108485939619,-1.8287119225065518,-0.01345785258639598,0.025986845668219467,-4.7895549777420845,-108.14161947040066,-154.14161947040066,-105.92172026109638,-103.89170467628398,-112.066650390625,0,1,0,-112.066650390625,1,0,0,0,0,98.4207423723456,70.39990234375,4858.0860943025855,5008.6199951171875,5159.1538959317895,6.010993086373284,-0.09029923429778808,4806.289144103254,4991.076433603007,5175.86372310276,4812.2001953125,4985.85009765625,5159.5,3.2836515604966645,0.17317639868777562,4811.689270104631,5008.6199951171875,5220.739196862443,6789241.0,23.49076321057205,-0.1306909609851749,1390613.6848113637,-3280.7131146395113,236521.5516091021,4833.766764322917,73721185.42406659,997.2944152958861,-42.99916559077254,-5.797762616217412,-37.20140297455513,0.38107766356665035,-2.3611969371911496,75.2669504073011,5665.113823615122,5006.25,5006.25,-0.6601612718802272,0.32350461032933114,0.6354759485810898,5665.113823615122,4913.259988839286,-15.5050048828125,3.30701691241498,89.45333658854166,-0.010588660606736355,-0.03221353179819386,-0.06031902308038317,-0.027753161279240324,-0.020598093797516426,,-0.010645119375627643,-0.048899593228087235,0.704416626753654,-0.07864988951387775,-0.011541096308635201
2026-09-15 00:00:00+05:30,4842.0,4889.39990234375,4791.0,4843.5,7941,25.0,0.0,4994.544995117187,5013.859990234376,5004.823989257812,5210.869992675779,4977.021535164626,5005.623558791536,5055.326903743824,5265.547771338544,4961.107612537203,5024.386268765318,4922.813497847513,4981.925897469533,4871.409570033411,5000.681652610416,4908.209103612858,4976.164167067518,4989.72731312099,4903.613148526031,4988.131598867818,5011.476246442167,5252.600842921282,4980.64286480252,4896.908643165378,4837.199951171875,4967.949951171875,4975.25,37.183713892278924,-46.61372615689743,-22.007409402661175,-24.606316754236254,8.213289827015378,10.350471352985316,-2.137181525969938,2.391568939358292,9.152763036582453,-85.75305291723203,-1.6348497156783104,-5.492682926829269,-80.5,-877.9648641642707,-178.150578756894,44.436182827336324,-2.6018084774655628,-2.258108485939619,-0.026517821284721688,0.016121903546344955,-5.087859150126283,-59.39308175587939,-157.7929840996294,-107.00631336451198,-104.68128182505237,-126.51668294270831,0,1,0,-126.51668294270831,1,0,0,0,0,98.4192537988745,98.39990234375,4837.335542207575,4994.544995117187,5151.754448026799,6.295246236175854,0.019605875086816753,4791.0901965993735,4977.021535164626,5162.952873729878,4791.0,4975.25,5159.5,3.4114646101311608,0.17436063460976764,4793.559899533132,4994.544995117187,5211.334801876882,6797182.0,29.42179323817506,-0.13194433046935858,1391146.3212697331,-2872.835721556563,217026.6693061277,4841.299967447917,73723256.61944449,997.2944152958861,-41.58037083026743,-3.5031742845698375,-38.07719654569759,0.8193270808183984,-1.9215764996527365,78.6047264548059,6178.703021034862,5000.0,5000.0,-0.7078723046678361,-0.12430472497566017,0.737490595422741,6178.703021034862,4894.232847377232,-14.075,3.3064885878976304,85.15022569444446,0.0026082299180194557,-0.029125202528867855,-0.05492682926829273,-0.030019606936226295,-0.024373048645382256,,0.0026048343892983816,-0.048899593228087235,0.704416626753654,-0.07864988951387775,-0.011541096308635201
2026-09-16 00:00:00+05:30,4808.5,4868.89990234375,4740.89990234375,4850.5,10147,0.0,0.0,4982.794995117187,5012.899990234376,4999.258989257813,5206.527492675778,4964.971865148947,4999.540281976182,5051.270925451867,5261.417942768012,4947.389041573661,5017.97999463848,4905.024415657373,4970.92722376578,4853.323298524863,4984.224822871107,4878.613125105689,4955.720604592348,4947.761568724885,4882.649991523553,4973.2244773435905,4998.906915266193,5252.071321231399,4970.308402180368,4869.924374098635,4847.0,4967.949951171875,4950.199951171875,37.93758377095214,-50.55265409649655,-20.757069873808234,-29.79558422268832,15.27126333684241,10.102707211442645,5.168556125399764,6.168106537778956,4.559656018473865,-73.81746963990142,-4.985308521057786,-4.620981221118868,-254.5,-278.66539700792055,-200.60588522518447,52.967837302566544,-2.9824977892342943,-2.6018084774655628,-0.0394689541723503,0.005894166677713721,-5.172867138846492,-65.85122688450429,-193.85122688450429,-104.33699069523128,-105.55493035787583,-134.98331705729166,0,1,0,-134.98331705729166,1,0,0,0,0,100.53216424181203,128.0,4819.209990589691,4982.794995117187,5146.379999644682,6.565993772081661,0.09563837926553209,4772.367320732766,4964.971865148947,5157.5764095651275,4740.89990234375,4950.199951171875,5159.5,3.5384438814897115,0.17397512501777826,4769.945715868347,4982.794995117187,5205.970618212096,6807329.0,27.740187951498562,-0.06913493025890405,1398376.0742528264,-144.4339550784789,196169.85940525233,4820.099934895833,73724723.10029511,997.2944152958861,-38.41161635135502,-0.2675358445259448,-38.14408050682908,1.3129326518729378,-1.6174464829378674,81.792502263748,6690.013426565222,4993.10009765625,4993.10009765625,-0.5458020341556996,-0.5999281405743873,0.7822126761643088,6690.013426565222,4876.577134486607,-11.75,3.3004863738642998,81.30333658854167,0.0014452358831422707,-0.02741020812458772,-0.046209812211188694,-0.026922420617933818,-0.040739642044892665,,0.0014441925348985473,-0.048899593228087235,0.704416626753654,-0.07864988951387775,-0.011541096308635201
2026-09-17 00:00:00+05:30,4850.0,4863.60009765625,4799.89990234375,4811.2998046875,7139,0.0,0.0,4970.009985351561,5013.33798828125,4992.618989257813,5202.363991699217,4950.336430819285,4992.158302474665,5046.519022070394,5256.939155324425,4931.056166294643,5010.074105009191,4882.856678790548,4957.574834869096,4829.264537184656,4964.61468380631,4849.592290440679,4934.482589015324,4909.745156491545,4855.140449920119,4955.513698207567,4988.541960396407,5252.097512702893,4957.373110073426,4849.999304632794,4830.89990234375,4958.14990234375,4950.199951171875,35.37710433723273,-56.18969123539682,-21.1152856101668,-35.07440562523002,19.08247161138895,14.189008258415578,4.893463352973372,6.168106537778956,4.909260671638735,-83.18206260869971,-4.109620235426009,-5.04638238232682,-206.2001953125,118.80579385780493,-217.19089499080928,48.80217820107449,-2.8166344441105036,-2.9824977892342943,-0.05281058589140519,-0.004845577598153492,-6.088464494505806,-53.515128066182115,-117.21532337868211,-99.39036172473979,-104.66644835088711,-137.80004882812497,0,1,0,-137.80004882812497,1,0,0,0,0,97.90130931828975,63.7001953125,4794.593942693395,4970.009985351561,5145.426028009728,7.058981498032474,0.04761782828113416,4763.941805811788,4950.336430819285,5136.731055826782,4740.89990234375,4950.199951171875,5159.5,3.738638053085142,0.17513067373442498,4758.311010398245,4970.009985351561,5192.13596157012,6800190.0,35.41309643402744,-0.07735944649110185,1393792.2909969126,-473.61572702997364,128166.99458508237,4824.933268229167,73718953.58799048,996.4862471624463,-37.83993903857683,0.24331317460180202,-38.08325221317863,1.172384346312384,-1.809528686875463,87.70802132908331,7692.697005462932,4990.60009765625,4990.60009765625,-0.44204184725613255,-0.8157111484087188,0.814251582196882,7692.697005462932,4853.148528180804,-12.785009765625,3.296818003792565,79.79066406249997,-0.00808168133439846,-0.023760267019030223,-0.050463823823268195,-0.03748982401479761,-0.0062377765800888385,,-0.00811451514222983,-0.048899593228087235,0.704416626753654,-0.07864988951387775,-0.011541096308635201
2026-09-18 00:00:00+05:30,4810.5,4851.0,4770.0,4821.0,10165,0.0,0.0,4957.209985351562,5012.8219921875,4986.171987304688,5198.193991699216,4938.018675503163,4985.446212181541,5042.053298861079,5252.601452286372,4916.864739118304,5002.531438802083,4865.820930762577,4945.770087925935,4813.064142570334,4947.640919731261,4824.86972182765,4913.394557129643,4884.418987485394,4835.631817040822,4937.689631611192,4975.813790787987,5249.8266929984675,4946.482339473644,4837.7120030361475,4816.14990234375,4958.14990234375,4950.199951171875,36.518860255095134,-59.192030208348115,-19.294099666494475,-39.89793054185364,20.7118997433394,18.35521156385692,2.3566881794824823,5.817328287608678,6.051180454388863,-80.86476852138067,-4.132194813040745,-5.042347843214497,-207.7998046875,427.87800765310385,-226.27969898897118,47.22227637662571,-2.829685686508362,-2.8166344441105036,-0.06574327100455912,-0.016056512488080463,-6.457621171339479,-52.38447919065584,-133.38447919065584,-95.13382194972151,-101.59914002569593,-164.28336588541663,0,1,0,-164.28336588541663,0,0,0,1,0,96.69407293841192,81.0,4777.361185929852,4957.209985351562,5137.058784773272,7.256049267759858,0.12132083786621183,4753.947348115427,4938.018675503163,5122.090002890898,4740.89990234375,4950.199951171875,5159.5,3.9455987767015963,0.1751454134120632,4748.659993149954,4957.209985351562,5175.23494432183,6810355.0,33.77329260638299,-0.06117174418617398,1396427.661367283,273.30191383790225,123943.49326600811,4814.0,73721002.98190385,996.4862471624463,-34.69519849182058,2.710442977086444,-37.40564146890702,1.516801957741435,-1.5147166485351562,89.92439971085493,8086.397663357607,4989.14990234375,4989.14990234375,-0.29688503968420504,-1.0508085714503552,0.827330513025015,8086.397663357607,4836.174246651785,-12.8,3.2937163377506615,83.12177517361111,0.002016127804600698,-0.012616248806823105,-0.05042347843214501,-0.03237456817346562,0.015588792921845451,,0.002014098146514011,-0.048899593228087235,0.704416626753654,-0.07864988951387775,-0.011541096308635201
2026-09-21 00:00:00+05:30,4821.2001953125,4849.7998046875,4794.0,4806.2001953125,5084,0.0,0.0,4943.3699951171875,5010.577998046876,4979.576987304688,5194.077492675779,4925.4645345326235,4978.41695661805,5037.382940374969,5248.159648734393,4902.482854352679,4994.428623238357,4848.784256984462,4933.543160321269,4796.99629988939,4930.346784408397,4803.627810470779,4892.677599802541,4863.09663696685,4815.438366459553,4920.031230003891,4968.338630015643,5249.640951074339,4935.240101244615,4827.540302236508,4813.60009765625,4955.60009765625,4950.199951171875,35.48862543544555,-62.05034823677579,-17.721934155937717,-44.32841408083807,17.184284330639194,18.992885228455847,-1.8086008978166532,2.2401250787192186,4.741853301368951,-84.40031587800203,-3.7161686948706456,-5.445599147894944,-185.5,603.2390009928295,-207.9515194163605,48.90745485871298,-2.6825517752846926,-2.829685686508362,-0.07825990945348194,-0.0277136103039403,-6.661281189211925,-39.701205377705264,-95.50101006520526,-92.01433814464703,-97.56661603146682,-180.85001627604163,0,1,0,-180.85001627604163,0,0,0,1,0,93.7730537776325,55.7998046875,4761.686940893382,4943.3699951171875,5125.053049340993,7.35057478615856,0.12250249372262526,4748.2952755270535,4925.4645345326235,5102.6337935381935,4740.89990234375,4950.199951171875,5159.5,4.091720568638832,0.17458162888053308,4733.647329899828,4943.3699951171875,5164.422232243578,6805271.0,38.67188241184879,-0.08029705745566629,1393566.8158502106,-356.25552613358013,95488.39322354268,4816.666666666667,73719442.26406458,996.179260962747,-35.95051854806632,1.1640983366725592,-37.11461688473888,0.7672572515167064,-1.509990025109501,90.84152711190278,8252.183048022567,4988.0,4988.0,-0.19991135258971107,-1.2061678387139716,0.8339018311110801,8252.183048022567,4820.708572823662,-13.839990234375,3.291799327158872,87.59465711805557,-0.003069861996992329,-0.005112858376400409,-0.05445599147894942,-0.035345044713953166,-0.016493331545459955,,-0.003074583689104206,-0.048899593228087235,0.704416626753654,-0.07864988951387775,-0.011541096308635201
2026-09-22 00:00:00+05:30,4806.2001953125,4844.89990234375,4780.0,4786.60009765625,7423,0.0,0.0,4930.025000000001,5007.397998046876,4971.792988281251,5190.050493164059,4912.2393500682065,4970.894726854842,5032.416943489449,5243.5670163853565,4887.552387927828,4985.645176164216,4830.896313009207,4920.553446914852,4779.821855127669,4912.229346557049,4784.700350632439,4872.328009426427,4841.497827725434,4793.587093463405,4903.077071780699,4958.288328081077,5248.2304242390865,4923.241455406271,4816.661550588387,4796.400146484375,4907.699951171875,4937.39990234375,34.11596351797607,-65.14618527166385,-16.65421695266062,-48.491968319003234,15.454488008729935,17.78355736090284,-2.3290693521729047,2.2401250787192186,3.432526148349038,-88.37145157442748,-4.053073182877817,-5.281486145122193,-202.19970703125,756.1799297733269,-196.4044591567099,45.334807104356614,-2.661167008961388,-2.6825517752846926,-0.09046641462826521,-0.039819219110615034,-7.460070511037961,-29.900977377319577,-94.80087972106958,-88.87994406107336,-93.7611043290917,-191.86661783854166,0,1,0,-191.86661783854166,0,0,0,1,0,91.71068581806946,64.89990234375,4743.264312829833,4930.025000000001,5116.785687170168,7.576460045138404,0.11601955819248862,4739.581467664358,4912.2393500682065,5084.897232472055,4740.89990234375,4950.199951171875,5159.5,4.285327267729066,0.1742919315091068,4722.679188781125,4930.025000000001,5148.304066710813,6797848.0,18.504058338528118,-0.09363224781594423,1387653.6031729355,-2462.891646515345,61062.69063413033,4803.833333333333,73716415.10083812,996.179260962747,-34.831826670249626,1.8262321715913998,-36.658058841841026,1.0720062388076945,-1.5359217672300483,93.3803435850835,8719.888568068243,4957.800048828125,4957.800048828125,-0.07690484251774747,-1.2387312781052247,0.8435012713412212,8719.888568068243,4802.607163783482,-13.3449951171875,3.2897619738754384,90.31111111111126,-0.004078085984717372,-0.01174768294492623,-0.05281486145122194,-0.017952031810359204,-0.021805266648292743,,-0.004086424053996337,-0.048899593228087235,0.704416626753654,-0.07864988951387775,-0.011541096308635201
2026-09-23 00:00:00+05:30,4786.60009765625,4835.0,4780.0,4799.5,4902,0.0,0.0,4920.275000000001,5005.315996093751,4964.3779882812505,5186.225493164059,4901.502269109329,4964.173365017397,5027.804726786688,5239.14843910789,4875.121435546876,4977.492313495711,4818.191686140774,4909.348473897902,4770.201301758358,4897.043025558136,4771.001961495535,4853.173324304181,4831.8259182607235,4781.874046243676,4888.525029750083,4952.261583449287,5247.574005885445,4913.455398354202,4807.857547092869,4793.050048828125,4907.699951171875,4895.25,35.87397456711112,-65.80023990950576,-13.846617272402021,-51.95362263710374,15.403694466549995,16.01415560197304,-0.610461135423046,4.172243159547006,2.8841644389951475,-81.01714914792049,-3.763638674238916,-3.904294724196616,-187.7001953125,917.6332493217405,-181.2520866842824,47.02930550021087,-2.7625760834204103,-2.661167008961388,-0.10168146998674743,-0.05216403378450751,-7.7378297668442055,-29.04361118948782,-84.04361118948782,-80.0101220354014,-89.48875139942727,-196.89998372395831,0,1,0,-196.89998372395831,0,0,0,1,0,89.08849397392164,55.0,4727.425790952705,4920.275000000001,5113.124209047296,7.838960588475055,0.1868667478683282,4734.811804077275,4901.502269109329,5068.192734141383,4740.89990234375,4950.199951171875,5159.5,4.40873110412649,0.17188721388549066,4717.0132149068595,4920.275000000001,5131.638092836546,6802750.0,28.05613785900792,-0.07313505707524519,1386227.5668092992,-3554.536934509175,61373.06644197779,4804.833333333333,73717736.19138254,996.448761277805,-35.889914098365175,0.6145157947806794,-36.504429893145854,0.728510284151706,-1.2525330085266875,96.42460452364774,9297.704357541868,4926.199951171875,4926.199951171875,0.10587750067843577,-1.3191231090677977,0.8619980919915731,9297.704357541868,4784.814306640626,-9.75,3.2889880380040006,95.44666666666672,0.002695003150579911,-0.010514379960828824,-0.03904294724196611,-0.013422917141334367,-0.02037021792216398,,0.0026913781410698593,-0.048899593228087235,0.704416626753654,-0.07864988951387775,-0.011541096308635201
2026-09-24 00:00:00+05:30,4785.0,4839.0,4740.0,4793.0,4436,0.0,0.0,4909.575000000001,5002.7839941406255,4955.8379882812515,5182.882993164059,4891.168719670346,4957.460684036323,5023.155128236456,5234.709151156568,4863.000006975447,4969.166196001838,4806.443076063526,4898.336350057344,4761.742911521003,4882.382631061986,4762.097568084583,4835.130970209899,4824.463914053849,4774.400318253207,4873.64169525008,4947.626122184104,5247.456128230367,4903.953364158063,4800.969016036848,4796.25,4889.150146484375,4894.449951171875,35.36195182990582,-66.08133411397466,-11.30216918149673,-54.77916493247793,15.923020300442,15.593734258573974,0.32928604186802524,7.355471829251499,4.589280022505907,-82.84233837632601,-2.747340009469589,-4.274016377072099,-135.39990234375,1008.0570999719607,-178.47414550781286,46.98270604166787,-3.022843682054205,-2.7625760834204103,-0.11188374707195026,-0.0644766695644308,-8.000757576898085,-14.894523876703715,-113.89452387670372,-63.23164882308217,-82.1710198601131,-206.36661783854166,0,1,0,-206.36661783854166,0,0,0,1,0,89.7964586900701,99.0,4713.270037039818,4909.575000000001,5105.879962960184,7.996821026674724,0.20307678868097181,4721.496394165155,4891.168719670346,5060.841045175537,4740.0,4949.75,5159.5,4.507442969472566,0.17109421763296145,4698.2518738912895,4909.575000000001,5128.376751820977,6798314.0,27.99371009258007,-0.06758388558112081,1386541.2233749558,-3578.1795601148624,48486.342664552394,4790.666666666667,73717135.42046891,996.3133305037661,-37.061867171200404,-0.44594982244363734,-36.61591734875677,0.6682635091366506,-1.1876928452761122,98.15248148009145,9633.909620699696,4903.300048828125,4903.300048828125,0.29743381962898996,-1.2490206010703682,0.8707388580023208,9633.909620699696,4769.850020926339,-10.7,3.290415408403953,99.5266666666667,-0.001354307740389582,-0.003803505379080918,-0.042740163770720985,-0.020597451614377316,-0.023649975626221065,,-0.0013552256439602949,-0.048899593228087235,0.704416626753654,-0.07864988951387775,-0.011541096308635201
2026-09-25 00:00:00+05:30,4793.0,4804.5,4712.0,4746.5,7306,0.0,0.0,4896.625000000001,4999.535996093749,4946.677988281251,5179.510493164059,4877.390746368408,4949.187716034899,5017.676808865437,5229.8513486574975,4847.469054594494,4959.115843290441,4788.268426308104,4884.4334455047065,4743.847474930764,4863.696207822706,4752.9339794287735,4817.023695470526,4809.63083575978,4763.705059148735,4855.459667985371,4932.8936643332445,5245.796949518045,4891.138462033823,4791.0147226168665,4769.75,4867.64990234375,4854.300048828125,31.858767415440436,-69.2579026888261,-11.582990205078538,-57.67491248374757,16.087595065335847,15.80476994410928,0.28282512122656733,7.355471829251499,6.294395606016668,-87.87772727974594,-2.7874512541295546,-5.174308260912996,-136.10009765625,1053.4716223674768,-179.49767491957664,40.5431795249121,-3.359367645034963,-3.022843682054205,-0.12200789099406917,-0.07653778494306114,-8.188556563708145,-34.05244903717448,-126.55244903717448,-48.10677799646759,-70.57837729575134,-227.69995117187497,0,1,0,-227.69995117187497,0,0,0,1,0,89.98956878363653,92.5,4692.931689362199,4896.625000000001,5100.318310637803,8.319743114402344,0.1314925622006648,4706.258642339902,4877.390746368408,5048.522850396915,4712.0,4935.75,5159.5,4.652972505645472,0.1729912131382002,4684.276297944528,4896.625000000001,5117.276175874215,6791008.0,27.640001018312844,-0.07260166758588987,1384685.1044560368,-3853.1457847808488,-6972.992001812228,4754.333333333333,73710047.39626695,996.3133305037661,-35.073369013456116,1.2340386682405224,-36.30740768169664,1.0700058582308143,-1.474029751197343,101.8466553189008,10372.741199646985,4866.550048828125,4866.550048828125,0.4035483770858169,-1.0256550366094195,0.8878533777595046,10372.741199646985,4749.157163783481,-12.95,3.2918312383660853,103.79888888888891,-0.009701648237012361,-0.015453225471893761,-0.051743082609129964,-0.031029907114422772,-0.057486100079428115,,-0.009749015837778154,-0.048899593228087235,0.704416626753654,-0.07864988951387775,-0.011541096308635201
2026-09-28 00:00:00+05:30,4725.0,4795.0,4705.0,4749.60009765625,6178,0.0,0.0,4884.6300048828125,4996.0,4937.353989257814,5176.31349365234,4865.220208395822,4941.360750608284,5012.3683591385225,5225.07272924455,4833.466682942709,4949.314435508578,4773.5742892232065,4871.625837630177,4731.100648303999,4846.9165018190815,4744.8016071851325,4799.410572516867,4802.306391962926,4753.418881640522,4839.390669057024,4924.957136540662,5244.40633087009,4879.768532140959,4779.405079364395,4748.050048828125,4866.85009765625,4850.5,32.34001193184515,-70.71010215593105,-10.428151737746788,-60.281950418184266,14.868809461292162,15.62647494235667,-0.7576654810645067,4.510420296665785,6.407121318389594,-84.67350596005154,-1.6829122178262634,-4.808095046472593,-81.2998046875,1080.2238928318861,-182.55412597656323,42.79015881000845,-3.731947898286415,-3.359367645034963,-0.13156406679982746,-0.08820959000029512,-8.139644689183985,-30.844970268471116,-120.84497026847112,-43.53993073088615,-57.70448440089784,-210.16658528645831,0,1,0,-210.16658528645831,0,0,0,1,0,89.99031387051964,90.0,4675.775968257254,4884.6300048828125,5093.484041508371,8.55147826618524,0.17673618042477826,4693.24354284622,4865.220208395822,5037.196873945423,4705.0,4932.25,5159.5,4.785533442739474,0.1733707779350266,4667.578523380713,4884.6300048828125,5108.703401310401,6797186.0,27.19062571655242,-0.061095930659827075,1384630.2023075994,-3632.8148525760043,-3240.7926700801245,4749.86669921875,73710450.90207797,996.3786438432004,-34.26926734597088,1.6305122685806097,-35.89977961455149,0.8735736202825186,-1.2930552783008842,104.4270183127794,10905.002153697564,4847.0,4847.0,0.5546757293648723,-0.8204761841909854,0.9039989016183355,10905.002153697564,4731.140039062499,-11.9949951171875,3.295079906853511,105.14088541666666,0.0006531333943431417,-0.011776475251998875,-0.048080950464725936,-0.021084483758224914,-0.05857168228183962,,0.0006529201955541869,-0.048899593228087235,0.704416626753654,-0.07864988951387775,-0.011541096308635201
2026-09-29 00:00:00+05:30,4747.2001953125,4751.89990234375,4523.0,4576.0,88233,0.0,0.0,4867.230004882813,4989.86,4930.528989257814,5172.23849365234,4837.675426643839,4927.03287803541,5003.727401531819,5218.614294127689,4804.073349144345,4932.843847273284,4729.836221045393,4846.266672309957,4676.756620114168,4811.92763702832,4718.821628999255,4777.599084000788,4734.2537804158765,4710.378988150949,4812.649858505768,4800.807804863454,5201.473197749726,4851.709830431271,4745.596232603348,4662.800048828125,4752.199951171875,4749.300048828125,22.680304646372708,-84.8904929798764,-19.686834049353706,-65.20365893052269,13.052961181397528,14.669788569341845,-1.6168273879443174,1.1278572374300868,4.331249787782457,-88.28988321600993,-5.522865696294002,-7.067424857839155,-267.5,1220.2605515690825,-202.61147748161784,35.80797809468218,-4.121191562206651,-3.731947898286415,-0.144327632959107,-0.09986055430993475,-9.188969147436755,-38.25292931493914,-267.15283165868914,-73.25848512522832,-53.29725856716966,-226.04996744791663,0,1,0,-226.04996744791663,0,0,0,1,0,99.91242733289324,228.89990234375,4618.087338368989,4867.230004882813,5116.372671396637,10.237554677460647,-0.08446433314274039,4638.477509747771,4837.675426643839,5036.873343539907,4523.0,4841.25,5159.5,5.115955411367624,0.2101848884075374,4636.658799152781,4867.230004882813,5107.758652668406,6708953.0,14.782841199987962,-0.20510259134453074,1337256.5382192181,-18285.86214910657,-2190957.4532177695,4616.966634114583,73387955.17398368,996.3786438432004,19.03705237292424,43.94946558998059,-24.912413217056347,5.842742015588062,-2.3378573325709575,124.57133325691233,15518.017069404712,4837.199951171875,4837.199951171875,-0.09563826747602525,0.29722239245991366,0.9378267919263932,15518.017069404712,4677.760037667411,-17.4,3.2916298484296482,111.75176757812503,-0.036550466162807105,-0.04399784677215257,-0.07067424857839155,-0.0797570868092089,-0.11499634209301401,,-0.037235170457773616,-0.048899593228087235,0.704416626753654,-0.07864988951387775,-0.011541096308635201
2026-09-30 00:00:00+05:30,4574.89990234375,4654.2001953125,4539.2998046875,4629.0,14406,0.0,0.0,4843.430004882814,4985.04400390625,4925.143989257814,5168.415993652341,4817.8015764872835,4915.345314190885,4996.30705694703,5212.747485230896,4781.384777250744,4918.692474724265,4702.251668899425,4826.517182643259,4647.250918637895,4785.779004327833,4688.377720149317,4754.331318981168,4715.99296783059,4685.266722166335,4790.6243738584835,4751.207838469777,5196.327007566155,4832.5124529876875,4705.499855844256,4602.5,4729.300048828125,4724.39990234375,29.594490135080076,-90.80515253732847,-20.481194885444623,-70.32395765188384,17.784137685938067,15.235302776209252,2.5488349097288143,15.286664332505486,6.974980622200452,-73.68419776612431,-4.56653953200701,-9.324191968658178,-221.5,1117.2137145776787,-229.77618336397063,41.82180613788904,-4.5178628512406664,-4.121191562206651,-0.15762298299052402,-0.11150637620983685,-9.551900921007086,-112.93080325209121,-227.8311938770912,-129.6910351424032,-68.56577414184994,-219.33333333333331,0,1,0,-219.33333333333331,0,0,0,1,0,100.9829961394723,114.900390625,4599.026331481561,4843.430004882814,5087.833678284066,10.092173239000521,0.06132000411718299,4615.689101081318,4817.8015764872835,5019.914051893249,4523.0,4828.449951171875,5133.89990234375,5.219688241102579,0.16081636402158317,4632.195932672593,4843.430004882814,5067.770883844468,6723359.0,14.094130869044964,-0.25764141232569027,1345343.4297863024,-20044.837621878134,-1768889.5313295168,4607.5,73404640.4449627,997.5368606264171,15.290123065279289,32.16202902586851,-16.871905960589224,0.9277912308722757,-1.7547199835312661,122.20183670062637,14933.288893006555,4825.949951171875,4825.949951171875,-0.30750843875870104,0.001196298418990944,0.9462765333380169,14933.288893006555,4657.2943219866065,-23.8,3.2899606544875515,117.01865668402776,0.011582167832167922,-0.03552453380560472,-0.0932419196865818,-0.05501684189037459,-0.08434543469964961,,0.011515607971636792,-0.048899593228087235,0.704416626753654,-0.07864988951387775,-0.011541096308635201
2026-10-01 00:00:00+05:30,4713.89990234375,4793.7998046875,4460.0,4496.7998046875,51320,0.0,0.0,4817.394995117188,4978.745996093749,4919.09198730469,5163.762492675778,4787.229979173018,4898.931764798595,4986.41582422902,5205.623627713051,4748.372377232144,4899.545643382353,4655.024808071096,4797.817208601422,4590.193176559845,4746.872001831154,4644.243397126961,4726.569544482306,4668.430236633883,4636.441282852875,4759.152814466974,4676.989908689123,5172.143683777766,4800.529586727089,4650.646242499391,4562.89990234375,4673.64990234375,4674.699951171875,23.862475419414665,-104.95021304131751,-27.701004311546924,-77.24920872977059,15.531991097609776,15.456363321648457,0.07562777596131909,16.74155413096396,11.052025233633177,-91.42994572503642,-6.5366951295280415,-10.37768201918286,-314.5,986.812783300636,-248.23443531709654,35.064310846980746,-3.741008315213368,-4.5178628512406664,-0.17382557285915423,-0.12351552086034741,-10.660547657842939,65.28754810535065,-268.51225658214935,-194.44472508027215,-107.31394939107022,-245.0833333333333,0,1,0,-245.0833333333333,0,0,0,1,0,117.61276817861713,333.7998046875,4542.085337197031,4817.394995117188,5092.704653037345,11.429814586481099,-0.08224472190994458,4540.785395770002,4787.229979173018,5033.674562576035,4460.0,4754.800048828125,5049.60009765625,5.448634361334912,0.17727072905696634,4587.558328547628,4817.394995117188,5070.85825530544,6672039.0,11.335878568061398,-0.3269385432116846,1305338.9904909022,-31670.845761832083,-2485407.3159163715,4583.533203125,73258075.00915718,997.5368606264171,26.031382217402033,34.32263054239301,-8.291248324990972,2.573037256897615,-2.328978887639775,137.6548289600789,18948.851936028575,4816.14990234375,4816.14990234375,-0.6287786671997456,0.4954015963387705,0.9484754533751265,18948.851936028575,4610.327141462054,-26.035009765625,3.2848669817104614,125.27999674479166,-0.028559126228667076,-0.06179849683131655,-0.10377682019182854,-0.06109326922420122,-0.13016236245868495,,-0.028974872777070167,-0.048899593228087235,0.704416626753654,-0.07864988951387775,-0.011541096308635201
2026-10-05 00:00:00+05:30,4546.2998046875,4549.7998046875,4458.10009765625,4514.39990234375,6452,0.0,0.0,4791.675,4973.72599609375,4914.065986328128,5159.416992187497,4761.246162332135,4883.852083918014,4977.068974290698,5198.745779699427,4719.515701729911,4881.335992647058,4618.122792288645,4772.2144835884055,4549.587231402759,4713.156752328946,4596.654065205627,4696.234866678492,4637.336057684771,4597.027790140696,4730.9232846717005,4667.585570365484,5171.059169222277,4774.396460184332,4599.044892253101,4505.599853515625,4673.64990234375,4673.75,25.919631448863246,-113.43251518392935,-28.94664516332702,-84.48587002060233,15.979792047706875,16.43197361041824,-0.452181562711365,23.818671826809634,18.61563009675969,-86.94648036571864,-6.359678441324414,-10.229078951686681,-306.60009765625,1221.8173326705387,-279.35767894071614,37.14545549398529,-3.5612628231169863,-3.741008315213368,-0.19104264347564737,-0.13604693575169913,-11.21879945546773,-148.12497271773555,-239.82467974898555,-238.0913783550296,-159.93689732093475,-268.46671549479163,0,1,0,-268.46671549479163,0,0,0,1,0,115.76183523951947,91.69970703125,4503.701369429677,4791.675,5079.648630570324,12.01974802424303,0.01857554265104985,4520.805880771072,4761.246162332135,5001.686443893198,4458.10009765625,4753.5,5048.89990234375,5.572966682854139,0.17832305000343407,4559.134928531539,4791.675,5048.234782047165,6678491.0,11.219995723774716,-0.3243841611789918,1306809.5095829198,-33079.879766004626,-2114126.866488586,4507.433268229167,73260600.26789695,997.9282522475852,17.643367054002148,20.747692303194498,-3.1043252491923488,0.3296209257177889,-1.925697829395803,143.98681528516164,20732.20297596326,4808.75,4808.75,-0.6773495049622915,0.04989867734058648,0.9543222897290986,20732.20297596326,4575.197105189733,-25.7199951171875,3.2805415388034422,131.07333984375,0.003913916211681023,-0.048899209450384507,-0.10229078951686676,-0.06858131462790662,-0.1384075467203867,,0.003906276768563893,-0.048899593228087235,0.704416626753654,-0.07864988951387775,-0.011541096308635201
2026-10-06 00:00:00+05:30,4505.0,4575.0,4483.60009765625,4562.7998046875,6431,0.0,0.0,4770.22998046875,4966.751992187499,4908.983984375003,5155.553491210935,4742.346509223123,4871.261798457993,4968.865624397566,5192.417959052542,4697.718064081102,4865.221240042892,4595.754250180382,4751.905594464036,4530.607366950973,4687.747939341161,4558.135582978219,4666.061551779065,4628.205758440095,4572.453668386225,4710.165493483595,4657.841624348922,5175.007506141375,4756.277677172022,4564.212839446798,4538.599853515625,4673.64990234375,4663.5,31.408149431213044,-114.92455439434889,-24.35094749899723,-90.57360689535166,15.703456542463984,15.738413229260212,-0.0349566867962281,28.728019487190824,23.09608181498814,-74.51320428185299,-5.064299877944932,-8.592270646137015,-243.400390625,1542.7461028159769,-306.21972943474157,39.59679278854838,-3.257211931171058,-3.5612628231169863,-0.20714118554776562,-0.14901079918719917,-11.392645731638382,-103.62120987413073,-195.02111221788073,-252.27459427794923,-207.83963938182598,-269.7666829427083,0,1,0,-269.7666829427083,0,0,0,1,0,114.02169717553593,91.39990234375,4481.09775591472,4770.22998046875,5059.36220502278,12.12235995907341,0.14128838267474414,4507.395796888113,4742.346509223123,4977.297221558132,4458.10009765625,4727.35009765625,4996.60009765625,5.629977522619812,0.18694856868931647,4533.876964596016,4770.22998046875,5025.626842525703,6684922.0,10.451894015004486,-0.29653449524766967,1311523.6706357708,-29149.08063580375,-1767643.060994123,4540.466634114583,73267495.08844244,999.0003748638962,10.30679782179988,10.728898456793782,-0.42210063499390316,0.3263025973301131,-1.4348464693010246,144.56611227701467,20899.360818890415,4802.85009765625,4802.85009765625,-0.5579156834225995,-0.4090571257906743,0.9492717025888154,20899.360818890415,4552.694231305804,-21.44501953125,3.279040927290792,132.92801215277777,0.01072122616311022,-0.039329688632297466,-0.08592270646137012,-0.07229995622901608,-0.1536264506237247,,0.010664161325573192,-0.048899593228087235,0.704416626753654,-0.07864988951387775,-0.011541096308635201
2026-10-07 00:00:00+05:30,4596.89990234375,4620.7998046875,4519.2998046875,4555.2001953125,18772,0.0,0.0,4748.549999999999,4955.571992187499,4905.5409863281275,5151.929492187498,4724.523050755444,4858.867225785621,4960.674229762218,5186.077483791448,4677.2390369233635,4849.081953890931,4575.765973007922,4732.283146243461,4514.8649093531785,4663.697048147719,4527.798326928605,4636.795100469575,4619.64608868245,4547.5438324089655,4682.52764631267,4645.609666034476,5168.016343846055,4739.206072952242,4547.591753081326,4559.0,4658.89990234375,4660.85009765625,31.01953519081875,-115.39008609744906,-19.85318336167792,-95.53690273577114,20.828695142650805,17.503981244273888,3.324713898376917,46.23222078182947,32.92630403194331,-76.05422992447596,-4.834327030099184,-8.691461400547437,-231.39990234375,1699.6789417788118,-304.18651769301414,38.31200403741614,-2.6759573611334795,-3.257211931171058,-0.22191478434572254,-0.1623700563381964,-11.516688608447598,-40.18983167782699,-141.689831677827,-262.69916739796093,-239.6459729573651,-284.2666829427083,0,1,0,-284.2666829427083,0,0,0,1,0,113.12729023442623,101.5,4463.426770891588,4748.549999999999,5033.673229108411,12.008854454871976,0.1609364216095097,4492.615263404721,4724.523050755444,4956.430838106167,4458.10009765625,4727.050048828125,4996.0,5.665037249809229,0.18668686984645816,4506.495573471674,4748.549999999999,5012.7204269873,6666150.0,17.856827462535556,-0.3112819474428795,1306030.924484293,-26638.801982027944,-1535502.604736034,4565.099934895833,73264368.50228275,999.0003748638962,9.455349100229329,7.901959788178585,1.5533893120507432,0.9006121783185247,-1.3562543135619618,142.56161455420573,20323.81394430192,4796.25,4796.25,-0.4821776376082825,-0.8080475251401751,0.9424269404810942,20323.81394430192,4534.617110770089,-21.67998046875,3.27814533317857,135.52333984375,-0.0016655583633523596,-0.004545411863527082,-0.0869146140054744,-0.07893883343474595,-0.17221823472158992,,-0.0016669469477429825,-0.048899593228087235,0.704416626753654,-0.07864988951387775,-0.011541096308635201
