Date,Open,High,Low,Close,Volume,Dividends,Stock Splits,SMA_20,SMA_50,SMA_100,SMA_200,EMA_20,EMA_50,EMA_100,EMA_200,WMA_20,WMA_50,DEMA_20,DEMA_50,TEMA_20,TEMA_50,HMA_20,HMA_50,KAMA_10,ZLMA_20,ZLMA_50,VWMA_20,VWMA_50,MCGD_14,ALMA_10,MIDPOINT_2,MIDPOINT_14,MIDPRICE_14,RSI_14,MACD_12_26_9,MACDh_12_26_9,MACDs_12_26_9,STOCHk_14_3_3,STOCHd_14_3_3,STOCHh_14_3_3,STOCHRSIk_14_14_3_3,STOCHRSId_14_14_3_3,WILLR_14,ROC_10,ROC_20,MOM_10,CCI_20,AO_5_34,UO_7_14_28,FISHERT_9_1,FISHERTs_9_1,TRIX_18_9,TRIXs_18_9,COPPOCK_10_14_11,BULLP_13,BEARP_13,RVGI_14_4,RVGIs_14_4,SQZ_20_2_20_1.5,SQZ_ON,SQZ_OFF,SQZ_NO,SQZPRO_20_2_20_2.0_1.5_1.0,SQZPRO_ON_WIDE,SQZPRO_ON_NORMAL,SQZPRO_ON_NARROW,SQZPRO_OFF,SQZPRO_NO,ATR_14,TR,BBL_20_2.0_2.0,BBM_20_2.0_2.0,BBU_20_2.0_2.0,BBB_20_2.0_2.0,BBP_20_2.0_2.0,KCLe_20_2,KCBe_20_2,KCUe_20_2,DCL_20_20,DCM_20_20,DCU_20_20,UI_14,HIST_VOL_20,ACCBL_20,ACCBM_20,ACCBU_20,OBV,MFI_14,CMF_20,AD,ADOSC_3_10,EFI_13,VWAP,PVT,NVI,PVO_12_26_9,PVOh_12_26_9,PVOs_12_26_9,RVOL_10,ZSCORE_20,STDEV_20,VARIANCE_20,MEDIAN_20,QUANTILE_20,SKEW_20,KURT_20,CORRELATION_20,COVARIANCE_20,LINREG_20,SLOPE_20,ENTROPY_10,MAD_30,RETURN_1D,RETURN_5D,RETURN_20D,RETURN_60D,RETURN_120D,RETURN_252D,LOG_RETURN,QOQ_RETURN,QOQ_VOLUME_GROWTH,QOQ_VOLATILITY,QOQ_HL_RANGE
2025-10-09 00:00:00+05:30,1035.0,1054.5999755859375,1034.0,1037.300048828125,129434,0.0,0.0,,,,,,,,,,,,,,,,,,,,,,,,,,,,,,,,,,,,,,,,,,,,,,,,,,,,,0,0,1,,0,0,0,0,1,,20.5999755859375,,,,,,,,,,,,,,,,,,,,-87964.19162691476,,,1041.9666748046875,,1000.0,,,,,,,,,,,,,,,,,,,,,,,,,-0.09193962664651711,0.4184204287185127,-0.05745104829443515,-0.04825116188677914
2025-10-10 00:00:00+05:30,1042.199951171875,1045.0,1021.2999877929688,1026.5,82421,0.0,0.0,,,,,,,,,,,,,,,,,,,,,,1036.4956351219046,,1031.9000244140625,,,0.0,,,,,,,,,,,,,,,,,,,,,,,,,,0,0,1,,0,0,0,0,1,,23.70001220703125,,,,,,,,,,,,,,,,,-82421.0,,,-134217.26037255282,,,1030.933329264323,-85814.20828703574,998.9588307799343,,,,,,,,,,,,,,,,,,-0.010411692200657074,,,,,,-0.010466273051120172,-0.09193962664651711,0.4184204287185127,-0.05745104829443515,-0.04825116188677914
2025-10-13 00:00:00+05:30,1026.5,1051.0,1020.2999877929688,1036.0,175408,0.0,0.0,,,,,,,,,,,,,,,,,,,,,,1036.460164816585,,1031.25,,,6.337531535375809,,,,,,,,,,,,,,,,,,,,,,,,,,0,0,1,,0,0,0,0,1,,30.70001220703125,,,,,,,,,,,,,,,,,92987.0,,,-130217.66127197606,,,1035.7666625976562,76521.49556099153,998.9588307799343,,,,,,,,,,,,,,,,,,0.009254749147588948,,,,,,0.00921218636044016,-0.09193962664651711,0.4184204287185127,-0.05745104829443515,-0.04825116188677914
2025-10-14 00:00:00+05:30,1040.800048828125,1045.0,1030.0,1038.9000244140625,95812,0.0,0.0,,,,,,,,,,,,,,,,,,,,,,1036.6328091126345,,1037.4500122070312,,,8.249114406505086,,,,,,,,,,,,,,,,,,,,,,,,,,0,0,1,,0,0,0,0,1,,15.0,,,,,,,,,,,,,,,,,188799.0,,,-112332.44271728856,,,1037.9666748046875,103341.6827386128,999.2387559164267,,,,,,,,,,,,,,,,,,0.0027992513649250927,,,,,,0.002795340756973001,-0.09193962664651711,0.4184204287185127,-0.05745104829443515,-0.04825116188677914
2025-10-15 00:00:00+05:30,1038.9000244140625,1043.9000244140625,1025.5,1034.4000244140625,128647,0.0,0.0,,,,,,,,,,,,,,,,,,,,,,1036.4719430163025,,1036.6500244140625,,,7.977053840438162,,,,,,,,,,,,,,,,,,,,,,,,,,0,0,1,,0,0,0,0,1,,18.4000244140625,,,,,,,,,,,,,,,,,60152.0,,,-116527.27732550309,,,1034.6000162760417,47618.17841715464,999.2387559164267,,,,,,,,,,,,,,,,,,-0.004331504374098016,,,,,,-0.004340912516605482,-0.09193962664651711,0.4184204287185127,-0.05745104829443515,-0.04825116188677914
2025-10-16 00:00:00+05:30,1034.4000244140625,1043.9000244140625,1021.0,1031.5999755859375,72387,0.0,0.0,,,,,,,,,,,,,,,,,,,,,,1036.117324629867,,1033.0,,,7.8045713166038695,,,,,,,,,,,,,,,,,,,,,,,,,,0,0,1,,0,0,0,0,1,,22.9000244140625,,,,,,,,,,,,,,,,,-12235.0,,,-121901.21053872078,,,1032.1666666666667,28023.521636641046,998.9680628806535,,,,,,,,,,,,,,,,,,-0.0027069303577318404,-0.005495105537329459,,,,,-0.00271060071881684,-0.09193962664651711,0.4184204287185127,-0.05745104829443515,-0.04825116188677914
2025-10-17 00:00:00+05:30,1032.300048828125,1032.300048828125,1013.9000244140624,1022.2000122070312,119682,0.0,0.0,,,,,,,,,,,,,,,,,,,,,,1035.0679765899558,,1026.8999938964844,,,7.238711223388091,,,,,,,,,,,,,,,,,,,,,,,,,,0,0,1,,0,0,0,0,1,,18.400024414062614,,,,,,,,,,,,,,,,,-131917.0,,,-133609.53434306348,,,1022.8000284830729,-81030.99985801743,998.9680628806535,,,,,,,,,,,,,,,,,,-0.0091120236539044,-0.004188979827538963,,,,,-0.009153792064879457,-0.09193962664651711,0.4184204287185127,-0.05745104829443515,-0.04825116188677914
2025-10-20 00:00:00+05:30,1027.0,1033.300048828125,1011.5,1028.5999755859375,108366,0.0,0.0,,,,,,,,,,,,,,,,,,,,,,1034.5942459294,,1025.3999938964844,,,11.92110446362121,,,,,,,,,,,,,,,,,,,,,,,,,,0,0,1,,0,0,0,0,1,,21.800048828125,,,,,,,,,,,,,,,,,-23551.0,,,-71970.78169727938,,,1024.4666748046875,-13183.374810436348,999.5941598580042,,,,,,,,,,,,,,,,,,0.006260969773506542,-0.007142880708554511,,,,,0.006241451329481018,-0.09193962664651711,0.4184204287185127,-0.05745104829443515,-0.04825116188677914
2025-10-21 00:00:00+05:30,1033.4000244140625,1044.0,1028.0999755859375,1039.199951171875,17297,0.0,0.0,,,,,,,,,,,,,,,,,,,,,,1034.9174314303275,,1033.8999633789062,,,19.19629610984724,,,,,,,,,,,,,,,,0.0,,,,,,,,,,0,0,1,,0,0,0,0,1,,15.9000244140625,,,,,,,,,,,,,,,,,-6254.0,,,-65117.343596045626,,,1037.0999755859375,4641.608862688638,1000.624684438748,,,,,,,,,,,,,,,,,,0.010305245807437746,0.00028869645852758197,,,,,0.010252508764544496,-0.09193962664651711,0.4184204287185127,-0.05745104829443515,-0.04825116188677914
2025-10-23 00:00:00+05:30,1039.199951171875,1059.5,1031.699951171875,1043.199951171875,145439,0.0,0.0,,,,,,,,,,,,,,,,,1033.7899963378907,,,,,1035.4904741767975,1032.1493804095069,1041.199951171875,,,21.820545023938305,,,,,,,,,,,,,,,,0.34282825441539394,0.0,,,,,,,,,0,0,1,,0,0,0,0,1,,27.800048828125,,,,,,,,,,,,,,,,,139185.0,,,-90229.32472348154,20242.30618150982,,1044.7999674479167,60622.75083098559,1000.624684438748,,,,1.3530556064650157,,,,,,,,,,,,,,0.0038491148844737033,0.008507276247211149,,,,,0.003841725996160795,-0.09193962664651711,0.4184204287185127,-0.05745104829443515,-0.04825116188677914
2025-10-24 00:00:00+05:30,1048.4000244140625,1051.5,1029.300048828125,1038.800048828125,88628,0.0,0.0,,,,,,,,,,,,,,,,,1033.8207501575782,,,,,1035.7238741127333,1035.16868353313,1041.0,,,21.012170885211287,,,,,,,,,,0.14460618233794587,,1.5,,,,0.598842641834946,0.34282825441539394,,,,,,,,,0,0,1,,0,0,0,0,1,,22.199951171875,,,,,,,,,,,,,,,,,50557.0,,,-103004.36509475207,11204.351458287332,,1039.86669921875,23242.137029784688,1000.2029146391226,,,,0.8570652179168677,,,,,,,,,,,,,,-0.004217697996254155,0.006979520562801378,,,,,-0.004226617573337778,-0.09193962664651711,0.4184204287185127,-0.05745104829443515,-0.04825116188677914
2025-10-27 00:00:00+05:30,1040.0,1078.4000244140625,1033.300048828125,1066.0999755859375,199714,0.0,0.0,,,,,,,,,,,,,,,,,1037.9122022498361,,,,,1037.6566798859303,1041.182864764226,1052.4500122070312,,,36.68526491697128,,,,,,,,,,3.8577667399841693,,39.5999755859375,,,,0.9927621630083474,0.598842641834946,,,,,,,,,0,0,1,,0,0,0,0,1,,45.0999755859375,,,,,,,,,,,,,,,,,250271.0,,,-12225.765601980194,35372.528777552165,,1059.2666829427083,548095.5559972166,1000.2029146391226,,,,1.7345620038562422,,,,,,,,,,,,,,0.026280251708314495,0.042946549456717165,,,,,0.025940859263131517,-0.09193962664651711,0.4184204287185127,-0.05745104829443515,-0.04825116188677914
2025-10-28 00:00:00+05:30,1066.0,1118.0,1059.800048828125,1070.4000244140625,579923,0.0,0.0,,,,,,,,,,,,,,,,,1041.5567184099618,,,,,1039.7221803910627,1048.7765518096112,1068.25,,,38.74693410857299,,,,,,,,,,3.32046567703306,,34.4000244140625,,,,1.4295825405572327,0.9927621630083474,,,,78.52307598407447,20.323124812199467,,,,0,0,1,,0,0,0,0,1,,58.199951171875,,,,,,,,,,,,,,,,,830194.0,,,-380905.6453605241,-75263.40849479006,680169.976369222,1082.7333577473958,782003.9392313666,1000.2029146391226,,,,3.7272630865193346,,,,,,,,,,,,,,0.004033438632959019,0.04063780849723808,,,,,0.00402532612623832,-0.09193962664651711,0.4184204287185127,-0.05745104829443515,-0.04825116188677914
2025-10-29 00:00:00+05:30,1070.800048828125,1094.300048828125,1070.0,1089.800048828125,154850,0.0,0.0,,,,,,,,,,,,,,,,,1049.0354425748333,,,,,1042.6856449830505,1059.248427829,1080.1000366210938,1056.0000305175781,1064.75,47.1139216753361,,,,,,,,,-26.478827391431924,4.899415075360116,,50.9000244140625,,,,1.6958020972153758,1.4295825405572327,,,,47.634106981885225,23.334058153760225,,,,0,0,1,,0,0,0,0,1,26.071437290736615,24.300048828125,,,,,,,,,,,,,,,,,985044.0,,,-283407.38197049266,-82659.26189166642,1012159.0912475586,1084.7000325520833,1062655.4444629757,1002.0153234556005,,,,0.9588633088803066,,,,,,,,,,,,,,0.018124088164779506,0.04869139726112359,,,,,0.017961804771344958,-0.09193962664651711,0.4184204287185127,-0.05745104829443515,-0.04825116188677914
2025-10-30 00:00:00+05:30,1095.4000244140625,1095.4000244140625,1075.0,1077.199951171875,295651,0.0,0.0,,,,,,,,,,,,,,,,,1051.9047313624023,,,,,1044.8498549344654,1068.5750574416445,1083.5,1056.0000305175781,1064.75,43.00509758939314,,,,,,,,,-38.30990500293427,4.137657168178876,,42.7999267578125,,,,1.941327078919019,1.6958020972153758,,,,44.37208123558912,23.97205682152662,,,,0,0,1,,0,0,0,0,1,25.66633637097418,20.4000244140625,,,,,,,,,,,,,,,,,689393.0,65.4796136847515,,-515292.0108412838,-151951.83275003423,335389.01075962617,1082.5333251953125,720828.3839692866,1002.0153234556005,,,,1.6591551777644213,,,,,,,,,,,,,,-0.01156184354166534,0.03259202606538292,,,,,-0.011629201344965994,-0.09193962664651711,0.4184204287185127,-0.05745104829443515,-0.04825116188677914
2025-10-31 00:00:00+05:30,1076.0999755859375,1084.5,1062.5,1072.4000244140625,127492,0.0,0.0,,,,,,,,,,,,,,,,,1053.781125270744,,,,,1046.6231643719884,1074.4303171319932,1074.7999877929688,1056.0000305175781,1064.75,41.519616892810134,,,,64.13146304039515,,,,,-42.81687848444836,3.9550261529379176,,40.800048828125,,,,1.8616923854217866,1.941327078919019,,,,30.418902359299636,8.418902359299636,,,,0,0,1,,0,0,0,0,1,25.404455201618884,22.0,,,,,,,,,,,,,,,,,561901.0,64.09324755298209,,-528040.9278778605,-170541.46418100147,200054.54319296085,1073.1333414713542,664018.8509256493,1001.5697305317807,,,,0.6940069960294865,,,,,,,,,,,,,,-0.004455929238198264,0.03234498845455569,,,,,-0.004465886481075697,-0.09193962664651711,0.4184204287185127,-0.05745104829443515,-0.04825116188677914
2025-11-03 00:00:00+05:30,1077.699951171875,1086.0,1055.5999755859375,1060.300048828125,137041,0.0,0.0,,,,,,,,,,,,,,,,,1054.2964317804392,,,,,1047.5506461518469,1074.6899958653685,1066.3500366210938,1056.0000305175781,1064.75,37.95996562932215,,,,54.8982862015845,,,84.8676602938736,,-54.17835790786385,3.7272584783903486,,38.10003662109375,,,,1.594723217641006,1.8616923854217866,,,,31.030480761095987,0.630456347033487,-12942.798633433176,,,0,0,1,,0,0,0,0,1,25.761281573936284,30.4000244140625,,,,,,,,,,,,,,,,,424860.0,57.505523907160125,,-622706.7818312891,-192763.49746239698,-65409.35644495653,1067.3000081380208,509394.39022792934,1001.5697305317807,,,,0.7390041312531648,,,,,,,,,,,,,,-0.011283080296971004,-0.0054403216308346325,,,,,-0.011347217144634363,-0.09193962664651711,0.4184204287185127,-0.05745104829443515,-0.04825116188677914
2025-11-04 00:00:00+05:30,1063.0,1065.300048828125,1045.0,1047.4000244140625,103014,0.0,0.0,,,,,,,,,,,,,,,,,1054.1081486192827,,,,,1047.5398812663234,1069.5952200287347,1053.8500366210938,1056.0000305175781,1064.75,34.558260174325476,,,,45.57123557316119,54.86699493838027,-9.295759365219084,77.2788783300173,,-66.29105688820422,1.8277317980117231,,18.800048828125,,,,1.0634163444366331,1.594723217641006,,,,11.411885992769612,-8.888162835355388,-13383.28328064458,,35.46667480468749,0,0,1,35.46667480468749,0,0,0,0,1,25.37119352066405,20.300048828125,,,,,,,,,,,,,,,,,321846.0,53.186719681487624,,-701362.6024905874,-209357.22697252675,-245905.6076657105,1052.5666910807292,384063.53539500205,1000.3530914843412,,,,0.5571188216212767,,,,,,,,,,,,,,-0.012166390474394495,-0.021487293979267408,,,,,-0.012241006828393816,-0.09193962664651711,0.4184204287185127,-0.05745104829443515,-0.04825116188677914
2025-11-06 00:00:00+05:30,1047.5999755859375,1051.699951171875,1037.4000244140625,1040.699951171875,73940,0.0,0.0,,,,,,,,,,,,,,,,,1054.0370076625613,,,,,1047.0383433685154,1061.438239911247,1044.0499877929688,1056.0000305175781,1064.75,32.90874643705036,,,,35.64945991050469,45.372993895083454,-9.723533984578765,69.97734316780617,77.37462726389901,-72.58220547241784,0.1443418081677635,,1.5,,,,0.43201944854363683,1.0634163444366331,-0.0007897231061537724,,,-0.3041814258403974,-14.604108183652897,-13799.400306127527,,33.03333536783854,0,0,1,33.03333536783854,0,0,0,0,1,24.58038875188894,14.2999267578125,,,,,,,,,,,,,,,,,247906.0,54.44448823140405,,-741177.0312754267,-209781.3230243445,-281548.1516459439,1043.2666422526042,336765.1389867642,999.7134053008378,,,,0.3879955417769503,,,,,,,,,,,,3.3446482391434746,,-0.006396861835033518,-0.045054225964705985,,,,,-0.006417409429320947,-0.09193962664651711,0.4184204287185127,-0.05745104829443515,-0.04825116188677914
2025-11-07 00:00:00+05:30,1038.0,1040.0,1011.0,1024.5999755859375,189973,0.0,0.0,1046.2800018310545,,,,1046.2800018310547,,,,1051.128094482422,,1046.2800018310547,,1046.2800018310547,,,,1053.307851120054,1080.4636396928267,,1053.135004311415,,1045.2905253733786,1051.1868724083454,1032.6499633789062,1056.0000305175781,1064.5,29.290773915398773,,,,24.612331732109624,35.27767573859183,-10.665344006482208,62.73040819603946,69.99554323128764,-87.28974244304906,-1.782973203271653,,-18.5999755859375,-3116.4704783659718,,,-0.2035637742039767,0.43201944854363683,-0.0039119802726639286,,,-8.089253024604204,-37.089253024604204,-14250.84322502968,-13593.168172001178,21.816660563151043,0,1,0,21.816660563151043,1,0,0,0,0,24.946071781887944,29.699951171875,1007.3400016155757,1046.2800018310545,1085.2200020465334,7.443514192631312,0.2216226743047225,996.0699920654297,1046.2800018310547,1096.4900115966798,1011.0,1064.5,1118.0,,,986.3625522989672,1046.2800018310545,1111.712588920061,57933.0,51.815835128522075,-0.2489055070972673,-752968.7787245781,-194635.70714078686,-678264.2245518526,1025.1999918619792,42870.5674973327,999.7134053008378,,,,0.9741076162455018,-1.1135093027811087,19.470000107739395,379.0809041953721,1039.0499877929688,1039.0499877929688,0.8631352844251089,-0.3220493339704511,,379.0809041953721,1060.8242797851562,,3.336802782103822,,-0.015470333757398813,-0.04883028032884196,,,,,-0.015591248048066888,-0.09193962664651711,0.4184204287185127,-0.05745104829443515,-0.04825116188677914
2025-11-10 00:00:00+05:30,1034.9000244140625,1041.0,1021.4000244140624,1025.199951171875,211750,0.0,0.0,1045.674996948242,,,,1044.272377958752,,,,1049.1204706101191,,1042.455956360002,,1040.812527294466,,,,1052.798388608654,1071.3051908418731,,1051.890998926178,,1043.7396458495964,1041.482732548241,1024.8999633789062,1057.2000122070312,1064.5,29.601380823094303,,,,17.799678162718195,26.020489935110835,-8.22081177239264,56.63897335003965,63.11557490462842,-86.7290175963785,-1.3092122657861185,-1.166499285324426,-13.60009765625,-3003.103701430673,,,-0.7008203018024881,-0.2035637742039767,-0.008537462900748416,,,-3.8193527599287336,-23.419328345866347,-14739.490335547072,-14037.210113084342,12.616668701171875,0,1,0,12.616668701171875,1,0,0,0,0,24.564207767891492,19.599975585937614,1005.7831812953349,1045.674996948242,1085.5668126011494,7.6298688922140885,0.2433678382237917,995.1109452020555,1044.272377958752,1093.4338107154485,1011.0,1064.5,1118.0,,0.17129019127209502,985.8308624471741,1045.674996948242,1110.930899068268,269683.0,58.339653277251784,-0.25572503512474043,-882613.1161497624,-211996.08917454584,-563220.07385555,1029.1999918619792,55270.02419745731,999.7134053008378,,,,1.0212950262088178,-1.0265286471048314,19.945907826453613,397.83923902138343,1039.0499877929688,1039.0499877929688,0.8402584243623412,-0.41276468428810814,,397.83923902138343,1056.011417933873,-0.6050048828125,3.330129031902005,,0.0005855705643507125,-0.044013495120887036,-0.011664992853244294,,,,0.0005853991848077423,-0.09193962664651711,0.4184204287185127,-0.05745104829443515,-0.04825116188677914
2025-11-11 00:00:00+05:30,1029.800048828125,1059.0,1003.0999755859376,1017.0,619040,0.0,0.0,1045.1999969482422,,,,1041.675008629347,,,,1046.3895185198103,,1037.6815787419687,,1034.2249925643916,,,,1047.9732747083763,1061.0475512936887,,1046.5381220333643,,1041.6207357819492,1032.7278338520082,1021.0999755859375,1053.4000244140625,1060.5499877929688,27.803748966171014,,,,12.692911568108556,18.368307154312124,-5.675395586203567,45.45753462637957,54.942305390819556,-87.90250525624677,-4.605569525405133,-0.9254749147588894,-49.0999755859375,-2968.1747862377524,,,-1.088530032009563,-0.7008203018024881,-0.015000519103414156,,,18.154840491489495,-37.74518392257289,-15878.5213591127,-14609.764797732287,2.666676839192709,0,1,0,2.666676839192709,1,0,0,0,0,26.80248038547513,55.900024414062386,1004.13776437525,1045.1999969482422,1086.2622295212343,7.8572967265375055,0.15661880539357118,986.5479933896574,1041.675008629347,1096.8020238690367,1003.0999755859376,1060.5499877929688,1118.0,,0.1696371252824799,981.8252126789355,1045.1999969482422,1114.9752523517868,-349357.0,44.917645479400505,-0.2907686216041588,-1193793.819003674,-298837.7337169149,-1207916.888081543,1026.3666585286458,-439862.43924395886,999.7134053008378,,,,2.4834374651478694,-1.3735247784257174,20.531116286496097,421.52673596962524,1039.0499877929688,1039.0499877929688,0.7358870971877387,-0.45464057125994206,,421.52673596962524,1048.7685616629462,-0.475,3.3186543788728393,,-0.007998392081956185,-0.04083754299170461,-0.009254749147588948,,,,-0.008030550813453078,-0.09193962664651711,0.4184204287185127,-0.05745104829443515,-0.04825116188677914
2025-11-12 00:00:00+05:30,1040.0,1081.0,1033.0999755859375,1047.4000244140625,876510,0.0,0.0,1045.7699981689454,,,,1042.2202482278915,,,,1046.5990449451265,,1039.1004570141845,,1036.7635045106508,,1038.688427760797,,1047.9554397872892,1055.7096892657185,,1047.13739556125,,1042.0245062004326,1029.7967885173086,1032.2000122070312,1053.4000244140625,1060.5499877929688,41.89239115785229,,,,21.307925633171894,17.266838454666214,4.0410871785056806,53.6884650235197,51.92832433331297,-61.44470024785905,-2.1487293979267434,1.1003884569558398,-23.0,-2948.3552510964646,,,-0.9702632101998665,-1.088530032009563,-0.0191795972375286,,,39.218431219267586,-8.681593194794914,-18431.723460875444,-15653.098345870776,-0.21666463216145848,1,0,0,-0.21666463216145848,1,1,0,0,0,29.459446072226903,64.0,1004.9295895607686,1045.7699981689454,1086.6104067771223,7.810590986485546,0.5199560472172982,980.1529487253151,1042.2202482278915,1104.2875477304678,1003.0999755859376,1060.5499877929688,1118.0,,0.19782627827891838,980.8082375066256,1045.7699981689454,1118.258280231235,527153.0,57.353188603852104,-0.3260505404460517,-1546958.1233943803,-419567.25481611665,2771203.438668666,1053.8333333333333,2180189.222424667,999.7134053008378,,,,3.1424452570053503,0.07982418886919242,20.420204304088433,416.9847438207117,1039.949951171875,1039.949951171875,0.6602935515901089,-0.4875331537943839,,416.9847438207117,1048.2571384974888,0.570001220703125,3.3129642384678,,0.029891862747357445,0.0,0.011003884569558364,,,,0.029453809106033235,-0.09193962664651711,0.4184204287185127,-0.05745104829443515,-0.04825116188677914
2025-11-13 00:00:00+05:30,1045.199951171875,1073.0,1036.699951171875,1044.9000244140625,139438,0.0,0.0,1046.0699981689454,,,,1042.475465007527,,,,1046.5161903018045,,1039.883707186224,,1038.247066085678,,1033.918759755056,,1047.6475692611923,1051.6040138743404,,1047.2461420076063,,1042.227648732246,1031.4450481200531,1046.1500244140625,1053.4000244140625,1060.5499877929688,41.18068806758201,,,,29.01076322082816,21.003866807369533,8.006896413458627,62.69863825732452,53.94821263574126,-63.62050483340971,-4.120024078026426,0.5775339165463961,-44.9000244140625,-3005.905889606332,,,-0.6834500700540134,-0.9702632101998665,-0.021849748581770356,,-0.3262953369048203,30.77293755736332,-5.527111270761679,-21716.159035545286,-17512.689835178106,-6.383331298828125,1,0,0,-6.383331298828125,1,1,0,0,0,29.948060554791056,36.300048828125,1005.354113650583,1046.0699981689454,1086.7858826873078,7.784543020951177,0.48563246545269995,979.4050418712675,1042.475465007527,1105.5458881437864,1003.0999755859376,1060.5499877929688,1118.0,,0.1979009176736869,979.0648456217972,1046.0699981689454,1121.8399005534377,387715.0,53.63694101754716,-0.34430200004503747,-1623398.8630789483,-455136.18018214183,2325517.947430285,1051.5333251953125,2146907.286977414,999.4747190356358,,,,0.5026877814906291,-0.057470138189200375,20.35794225918116,414.44581302815413,1041.949951171875,1041.949951171875,0.6194885062071975,-0.4978616279757854,,414.44581302815413,1047.4085745675222,0.3,3.3051522503254365,,-0.002386862652021149,0.00403581573868439,0.005775339165464022,,,,-0.002389715749553091,-0.09193962664651711,0.4184204287185127,-0.05745104829443515,-0.04825116188677914
2025-11-14 00:00:00+05:30,1042.9000244140625,1044.9000244140625,1018.5999755859376,1025.4000244140625,115580,0.0,0.0,1045.6199981689454,,,,1040.8492325700543,,,,1044.547621372768,,1037.0329556692573,,1034.4442869349355,,1029.5895148048564,,1045.09680581964,1044.632205354314,,1047.046778067906,,1040.944810664746,1033.6282454334569,1035.1500244140625,1053.4000244140625,1060.5499877929688,36.037860248657644,,,,31.44767143934212,27.25545343111406,4.1922180082280605,66.6352067826322,61.00743668782547,-80.59178060070488,-4.8087568794874045,-0.8700695850329339,-51.7999267578125,-2974.8862572489224,,,-0.7302625417619902,-0.6834500700540134,-0.025503142336702478,,-1.9252335573626034,5.076824546936223,-21.223224281188664,-24362.473772003596,-20089.460020659626,-16.966654459635414,1,0,0,-16.966654459635414,1,1,0,0,0,29.687488288600616,26.300048828124886,1004.1687459495953,1045.6199981689454,1087.0712503882953,7.928550007065291,0.25609936163226643,978.7759832890338,1040.8492325700543,1102.9224818510747,1003.0999755859376,1060.5499877929688,1118.0,,0.20878960988051015,977.9470019758755,1045.6199981689454,1122.6970630110318,272135.0,53.27997670202482,-0.35712647258497016,-1679210.9403126454,-446069.47602604306,1671328.2406545305,1029.6333414713542,1931211.0531426177,997.6085117866758,,,,0.4456048281695658,-0.9756025534709364,20.72562610967502,429.55157763804294,1041.949951171875,1041.949951171875,0.6119159637076242,-0.5820357598146153,,429.55157763804294,1042.402867780413,-0.45,3.297712041752597,,-0.018662072489599946,0.0007808401787903207,-0.008700695850329287,,,,-0.01883840624613398,-0.09193962664651711,0.4184204287185127,-0.05745104829443515,-0.04825116188677914
2025-11-17 00:00:00+05:30,1029.0,1063.5,1028.699951171875,1051.0999755859375,251544,0.0,0.0,1046.5949981689455,,,,1041.8254938096622,,,,1045.0695239839101,,1039.2559558304913,,1038.0418288571,,1028.7178531478287,,1045.2499763049784,1044.3719860199747,,1047.5161008518917,,1041.6425507260003,1037.2697868375592,1038.25,1053.4000244140625,1060.5499877929688,45.66826103390937,-2.2077768269809894,,,32.52105420281934,30.993162954329875,1.5278912484894676,70.80787295734505,66.71390599910058,-58.22455195742737,-1.9862036873565825,1.8902675902957649,-21.300048828125,-3127.7189176659804,,,-0.5132362274099224,-0.7302625417619902,-0.02685640295053693,,-2.6437006634915394,22.065832173043418,-12.734216655081582,-25979.062539353723,-22761.34193588782,-22.75,1,0,0,-22.75,1,1,0,0,0,30.288380238410394,38.0999755859375,1005.6176319018655,1046.5949981689455,1087.5723644360255,7.830606173117844,0.5549690942510764,978.4068443485603,1041.8254938096622,1105.2441432707642,1003.0999755859376,1060.5499877929688,1118.0,,0.22680641717088543,977.1744843832994,1046.5949981689455,1124.8995515219713,523679.0,53.874728583579504,-0.32603047299101723,-1606928.283112261,-378809.57194151287,2356091.137357901,1047.7666422526042,2561664.3751300233,997.6085117866758,35.05181616120982,0.0,35.05181616120982,0.9255325020328719,0.219876377004306,20.488683133539993,419.78613654660614,1044.0499877929688,1044.0499877929688,0.49449813561325484,-0.593250491448964,,419.78613654660614,1042.0185756138392,0.975,3.2968822203932255,,0.025063341681272666,0.02526338826338903,0.018902675902957577,,,,0.024754407443247486,-0.09193962664651711,0.4184204287185127,-0.05745104829443515,-0.04825116188677914
2025-11-18 00:00:00+05:30,1051.0999755859375,1051.0999755859375,1022.0,1027.800048828125,136686,0.0,0.0,1046.875,,,,1040.489737144754,,,,1043.2795288085938,,1036.9563753239204,,1034.9858483960145,,1027.6207409773656,,1044.5613811128528,1040.9270419458996,,1047.5893687695414,,1040.5994485063145,1037.6671663800914,1039.4500122070312,1053.4000244140625,1049.25,39.81526853370203,-3.1377184019793276,,,29.314765339226494,31.094496993795985,-1.779731654569492,65.78595211919567,67.7430106197243,-73.23937142418825,-3.0651700936843267,0.5478415725120874,-32.5,-3269.2642130783424,,,-0.4565963052454687,-0.5132362274099224,-0.029084648655586243,-0.016745913905011654,-3.9278514524985653,11.613539044528352,-17.486436541409148,-26688.941041743994,-24848.028783333986,-28.64998372395833,1,0,0,-28.64998372395833,1,1,0,0,0,30.203494191805184,29.0999755859375,1006.5278136909552,1046.875,1087.2221863090447,7.7081191754592915,0.2636148525231998,977.5681065683403,1040.489737144754,1103.4113677211676,1003.0999755859376,1060.5499877929688,1118.0,4.425677381299701,0.23918054312506543,976.5337896648678,1046.875,1126.933844596508,386993.0,43.71221660009505,-0.3402362025763074,-1689127.2632328211,-343011.1437687911,1564539.0050470065,1033.6333414713542,2258670.0013509733,995.3917933679712,27.754609128029365,-5.837765626544368,33.59237475457373,0.5029889879391715,-0.9455405899072027,20.173593154522383,406.9738607641924,1044.0499877929688,1044.0499877929688,0.5278814886027603,-0.5426754356539599,,406.9738607641924,1036.0885864257814,0.2800018310546875,3.295242641739588,,-0.02216718418704544,0.010619517038471082,0.0054784157251208665,,,,-0.02241656853660664,-0.09193962664651711,0.4184204287185127,-0.05745104829443515,-0.04825116188677914
2025-11-19 00:00:00+05:30,1027.5999755859375,1035.800048828125,1023.5,1030.4000244140625,107162,0.0,0.0,1046.9650024414063,,,,1039.5288121227834,,,,1041.710483514695,,1035.4625525983415,,1033.1975493603047,,1027.060750832826,,1044.2837905278857,1038.9435234421235,,1047.6365740955664,,1039.8416416351008,1036.5257102087694,1029.1000366210938,1047.0999755859375,1049.25,40.72814375466371,-3.623142171524705,,,32.70452622056845,31.513448587538093,1.1910776330303534,75.68776597255749,70.7605303496994,-70.42249795667902,-1.6230666033744037,0.17499989022453652,-17.0,-3339.8206483857475,,36.36551623008939,-0.6230066837757564,-0.4565963052454687,-0.03154848816533384,-0.020163554467142773,-4.994757402755371,-2.388328837949075,-14.688377666074075,-27220.387122171087,-26153.144676061685,-31.2833251953125,1,0,0,-31.2833251953125,1,1,0,0,0,28.924676665828027,12.300048828125,1006.7817651692011,1046.9650024414063,1087.1482397136115,7.676137631821948,0.29388198721856335,980.2568513482901,1039.5288121227834,1098.8007728972766,1003.0999755859376,1060.5499877929688,1118.0,4.575463681344239,0.23831299265916164,978.0678948978621,1046.9650024414063,1126.0929498295025,494155.0,39.68013289749311,-0.35095233191727737,-1676058.778526285,-293025.3467670714,1380836.087717468,1029.9000244140625,2285778.2491135523,995.6447584839879,20.546258993734305,-10.436892608671542,30.983151602405847,0.3937429982036454,-0.824472051125749,20.09161863610261,403.67313941858566,1044.0499877929688,1044.0499877929688,0.5312023905510875,-0.5221824446333053,,403.67313941858566,1031.2014456612724,0.09000244140625,3.2970162717602323,,0.0025296511601666793,-0.016230666033744012,0.0017499989022453644,,,,0.002526456978313807,-0.09193962664651711,0.4184204287185127,-0.05745104829443515,-0.04825116188677914
2025-11-20 00:00:00+05:30,1035.5,1041.0,1022.4000244140624,1029.0,110391,0.0,0.0,1046.4550048828125,,,,1038.52606811109,,,,1039.9995309012277,,1033.9398268164912,,1031.4200784757445,,1026.9696593894794,,1044.0688645925532,1038.4155711537367,,1047.2267375419585,,1039.0340825002247,1034.297106948526,1029.7000122070312,1044.7000122070312,1044.5499877929688,40.373030028789266,-4.073853429452356,,,29.19353722145741,30.404276260417447,-1.2107390389600354,68.3029200200371,69.92554603726342,-68.75751895476047,-1.1242386586739366,-0.981519596914224,-11.699951171875,-3261.624668024686,,38.463176120540744,-0.9046387873430499,-0.6230066837757564,-0.03422545037335967,-0.02353171781166452,-5.480826205972739,4.124247714793455,-14.475727871144159,-27236.181768873605,-26838.983439342916,-37.933329264322914,1,0,0,-37.933329264322914,1,1,0,0,0,28.18719801726443,18.599975585937614,1005.6034559454608,1046.4550048828125,1087.3065538201643,7.807607349907315,0.2863605501277217,981.3562034892269,1038.52606811109,1095.6959327329528,1003.0999755859376,1060.5499877929688,1118.0,4.691402424170272,0.23528911080861123,977.5174679761552,1046.4550048828125,1126.2175107007645,383764.0,45.54622223831686,-0.3522883913761862,-1708107.965490996,-256135.41232176963,1161495.204458862,1030.8000081380208,2270779.2107371064,995.6447584839879,14.491255705451612,-13.193516717563389,27.684772423015,0.4002466938885613,-0.8545577994891143,20.425774468675826,417.2122626452092,1044.0499877929688,1044.0499877929688,0.5522270186021709,-0.6101042759640816,,417.2122626452092,1027.088582938058,-0.50999755859375,3.2999752830089517,,-0.0013587193137525322,-0.015216790164186866,-0.009815195969142265,,,,-0.0013596432098110854,-0.09193962664651711,0.4184204287185127,-0.05745104829443515,-0.04825116188677914
2025-11-21 00:00:00+05:30,1026.0,1037.800048828125,1012.9000244140624,1018.4000244140624,124315,0.0,0.0,1045.215008544922,,,,1036.6093020447063,,,,1037.327627999442,,1030.7256287181033,,1027.2719893332335,,1025.8092485753177,,1043.8399726262194,1035.8617165349283,,1046.5809972372754,,1037.4370925501428,1030.6264784652735,1023.7000122070312,1038.6500244140625,1044.5499877929688,37.69330057937962,-5.226131203294472,,,26.425335867581857,29.44113310320257,-3.0157972356207132,66.02144581420049,70.00404393559836,-81.54397548581491,-0.6051094397430129,-2.3772937038535806,-6.199951171875114,-3021.8527145437693,,35.27002783984131,-1.2936977234760698,-0.9046387873430499,-0.03811626882943564,-0.02681825180374088,-5.9933049345760745,3.5636862387962083,-21.336338175266405,-26964.758004243155,-27094.47280467942,-39.233337402343764,1,0,0,-39.233337402343764,1,1,0,0,0,27.952399902750017,24.900024414062614,1002.4850911904005,1045.215008544922,1087.9449258994437,8.176292342760618,0.18622705365445602,980.1413246412945,1036.6093020447063,1093.0772794481181,1003.0999755859376,1060.5499877929688,1118.0,4.789843599827917,0.2372085721896109,976.860751302378,1045.215008544922,1124.8357879234718,259449.0,45.67822262912082,-0.36343000849981655,-1777504.7462450867,-239839.8318957414,807319.323112477,1023.0333658854166,2142719.350196209,995.6447584839879,9.907929338017137,-14.221474467998295,24.129403806015432,0.4617228541206114,-1.2550917853821744,21.364958677260827,456.4614592810626,1042.7999877929688,1042.7999877929688,0.5440412997412339,-0.7491614433381691,,456.4614592810626,1021.5528669084821,-1.2399963378906307,3.3036887911189927,14.31511271158852,-0.010301239636479664,-0.006826604089462673,-0.02377293703853578,,,,-0.010354664617893168,-0.09193962664651711,0.4184204287185127,-0.05745104829443515,-0.04825116188677914
2025-11-24 00:00:00+05:30,1018.4000244140624,1023.2999877929688,1010.0999755859376,1017.0,133707,0.0,0.0,1044.1250061035157,,,,1034.7417494690199,,,,1034.6404843284972,,1027.7287355574247,,1023.5822298704068,,1024.041864473417,,1043.550629150251,1034.0653625792208,,1045.8843737603238,,1035.8563747234082,1026.5107843913058,1017.7000122070312,1034.0499877929688,1042.0499877929688,37.340768788767825,-6.181038743428644,,,22.513973422572423,26.04428217053723,-3.5303087479648063,59.70095419175613,64.67510667533125,-82.15658529170733,-0.7998392081956193,-2.098579880961474,-8.199951171875,-2782.0748678833047,,38.20276911089281,-1.7182293264298685,-1.2936977234760698,-0.042871089653173655,-0.029914981864825267,-5.985386469816698,-8.474037283598818,-21.674049490629955,-26771.69012284641,-27065.659465208497,-35.68332926432293,1,0,0,-35.68332926432293,1,1,0,0,0,26.898657924484382,13.200012207031136,999.6303213377653,1044.1250061035157,1088.6196908692662,8.522865462593696,0.1951882427494457,981.1373866360224,1034.7417494690199,1088.3461123020174,1003.0999755859376,1060.5499877929688,1118.0,4.813626245152994,0.23694230757084553,976.785625435774,1044.1250061035157,1122.5106773156565,125742.0,45.8202913776138,-0.35591333718778817,-1771426.7900100276,-209435.9418379618,665246.1249062604,1016.7999877929688,2124338.2563388376,995.6447584839879,6.463502359459747,-14.132721157244552,20.5962235167043,0.5114304653544082,-1.2192470290022175,22.247342382875214,494.9442431008758,1042.7999877929688,1042.7999877929688,0.5274045337995105,-0.8718656114419848,,494.9442431008758,1015.6714407784598,-1.09000244140625,3.3069446842314667,14.811336127387165,-0.0013747293602707211,-0.0324421809323403,-0.02098579880961471,,,,-0.0013756751675964927,-0.09193962664651711,0.4184204287185127,-0.05745104829443515,-0.04825116188677914
2025-11-25 00:00:00+05:30,1017.0,1031.800048828125,1004.5,1025.800048828125,111679,0.0,0.0,1042.110009765625,,,,1033.8901589317918,,,,1032.8952503022695,,1026.7745644304755,,1022.9301530372354,,1022.7479459899637,,1043.3492799042217,1031.2210493090272,,1044.5189901173742,,1035.1094813366728,1023.7558676635218,1021.4000244140625,1034.0499877929688,1042.0499877929688,41.071497587125194,-6.156748291507483,,,21.813149029626807,23.58415277326036,-1.7710037436335533,61.00422247337781,62.24220749311147,-70.85999213359733,0.8652948700221239,-3.780126412221642,8.800048828125,-2665.891439139477,,44.41874996300118,-2.0609092268252485,-1.7182293264298685,-0.04706876016929984,-0.033013777746133184,-5.402714398763042,0.8794489299061752,-26.420599898218825,-25830.962726823203,-26756.673458312653,-29.033304850260432,0,1,0,-29.033304850260432,1,0,0,0,0,26.927328703315858,27.300048828125,998.1587420407221,1042.110009765625,1086.0612774905278,8.43505336539041,0.31445403304875863,980.1909642108654,1033.8901589317918,1087.589353652718,1003.0999755859376,1060.5499877929688,1118.0,4.743797728142935,0.21797850535646357,977.0658951404532,1042.110009765625,1118.340965330883,237421.0,49.17634201457668,-0.36885378848409833,-1708837.3725392483,-158043.54108835314,710608.2003591049,1020.7000325520834,2220973.522128038,996.51005335401,2.615560883438312,-14.38453010661279,17.000090990051103,0.5300349499670624,-0.7421838678049633,21.975633862451406,482.92848365652094,1035.5499877929688,1035.5499877929688,0.7613699212218921,-0.49917160226096025,,482.92848365652094,1014.465731375558,-2.014996337890625,3.312285516985802,14.828446044921902,0.008652948700221152,-0.0019459037799038903,-0.037801264122216405,,,,0.008615726506650772,-0.09193962664651711,0.4184204287185127,-0.05745104829443515,-0.04825116188677914
2025-11-26 00:00:00+05:30,1023.2000122070312,1039.9000244140625,1021.0999755859376,1032.5999755859375,72236,0.0,0.0,1040.2200073242188,,,,1033.7672843274247,,,,1031.9895327613467,,1027.2181932318065,,1024.2524669573638,,1022.4456923024891,,1043.1029613907756,1030.1809423993877,,1040.6406927409255,,1034.9284820495786,1023.5479299732601,1029.2000122070312,1034.0499877929688,1042.0499877929688,43.853363534421916,-5.525110637196576,,,28.28415786919718,24.203760107132133,4.080397762065047,72.4982633436885,64.40114666960747,-62.130948967103805,-1.413027351837657,-3.531394615654719,-14.800048828125,-2992.8254212895417,,42.96324263771613,-1.6915898134383145,-2.0609092268252485,-0.04992498646663179,-0.0361332486222289,-4.340578315371222,8.739513703312241,-10.060535124812645,-24325.179045775625,-26082.540458226333,-19.566650390625018,0,1,0,-19.566650390625018,1,0,0,0,0,26.346808712230793,18.800048828124886,998.1816418239348,1040.2200073242188,1082.2583728245029,8.082591221912809,0.40936812543021145,981.6013369459913,1033.7672843274247,1085.933231708858,1003.0999755859376,1049.25,1095.4000244140625,4.6124801052621685,0.21910322561021767,978.932496079561,1040.2200073242188,1110.3575906840529,309657.0,51.46063432586986,-0.320575378175557,-1692699.7722795247,-117517.09150920552,679264.1016331391,1031.1999918619792,2268858.0499011152,997.172943433376,-2.512417232022561,-15.610006577658933,13.097589345636372,0.5544936894448461,-0.36252749827915454,21.019182750142008,441.80604348386737,1031.5,1031.5,1.022688094274596,0.24676587898975383,,441.80604348386737,1015.5285836356027,-1.89000244140625,3.313217155101946,14.91866536458335,0.006628900793659298,0.0021350457295707947,-0.03531394615654715,,,,0.006607026247046443,-0.09193962664651711,0.4184204287185127,-0.05745104829443515,-0.04825116188677914
2025-11-27 00:00:00+05:30,1035.199951171875,1036.9000244140625,1026.0,1029.9000244140625,77877,0.0,0.0,1037.2250061035159,,,,1033.3989738594855,,,,1031.006677246094,,1027.1403724448382,,1024.71992028884,,1022.8752187912186,,1042.7963987412336,1030.5827597341186,,1038.5364031753304,,1034.5622403058405,1025.205679718805,1031.25,1034.0499877929688,1042.0499877929688,42.98566120356359,-5.182654327590399,-0.5921905461509596,-4.590463781439439,33.80406389023381,27.967123596352597,5.8369402938812165,83.0310492255373,72.1778450142012,-65.59686722859746,-1.4355440376615352,-5.496423355685634,-15.0,-3524.331667280674,-17.892052684110922,45.6073674469496,-1.253927712303328,-1.6915898134383145,-0.05197578023806715,-0.03907465283349164,-3.656839093294032,5.919583174267473,-4.980441239795027,-22837.633573159037,-24986.934540200513,-10.416646321614602,1,0,0,-10.416646321614602,1,1,0,0,0,25.243466976647344,10.9000244140625,1002.0914692336335,1037.2250061035159,1072.3585429733982,6.774525616551909,0.395755133953898,984.1250168164624,1033.3989738594855,1082.6729309025086,1003.0999755859376,1049.25,1095.4000244140625,4.359916943430977,0.20629076374123298,978.0509746193,1037.2250061035159,1106.1260631202763,231780.0,53.299525977611474,-0.3565208969648863,-1714848.052827832,-97301.89762772433,552188.644626675,1030.933349609375,2248495.460090594,997.172943433376,-6.5751708963084825,-15.738208193555884,9.163037297247403,0.6274447560662179,-0.4169794641844079,17.566768434941203,308.59135324684655,1030.1500244140625,1030.1500244140625,0.9994034441160401,0.24705130473407186,,308.59135324684655,1018.57001953125,-2.995001220703125,3.313574568801892,15.158665364583358,-0.0026147116363651746,0.0008746592945214626,-0.05496423355685631,,,,-0.0026181359652266306,-0.09193962664651711,0.4184204287185127,-0.05745104829443515,-0.04825116188677914
2025-11-28 00:00:00+05:30,1030.5999755859375,1035.0,1021.0,1030.9000244140625,152185,0.0,0.0,1034.910009765625,,,,1033.1609786742072,,,,1030.4042980375746,,1027.2831055599886,,1025.437641119235,,1023.9245127544979,,1042.6682159549844,1028.689170544411,,1035.2836939494603,,1034.2969165104896,1027.6401962159798,1030.4000244140625,1034.0499877929688,1042.0499877929688,43.43210485076288,-4.775514434564684,-0.14804052250019595,-4.627473912064488,35.98633774029474,32.69151983324191,3.294817907052831,87.43569842555794,80.98833699826125,-64.31317058341452,0.5363760356006261,-4.298173863398645,5.5,-4357.517310881236,-16.882648602653944,47.2462105991484,-0.8437946050265477,-1.253927712303328,-0.05321438328951267,-0.04200331731560006,-2.9252635777727174,4.031046878166762,-9.968953121833238,-21923.056967180506,-23679.94082197884,-7.949971516927102,1,0,0,-7.949971516927102,1,1,0,0,0,24.440362192601107,14.0,1005.1811979000655,1034.910009765625,1064.6388216311848,5.745197473216495,0.4325572550679674,985.9131127781387,1033.1609786742072,1080.4088445702755,1003.0999755859376,1044.5499877929688,1086.0,4.094245912864943,0.2039954189064436,975.9813357432146,1034.910009765625,1102.4564181406752,383965.0,47.40427423403895,-0.2935528416914163,-1651799.4506201032,-60125.49964395701,495045.26682286436,1028.9666748046875,2263272.137087624,997.172943433376,-5.862155264643224,-12.020154049512502,6.157998784869277,1.1910091079699041,-0.2697709797281269,14.864405932779809,220.95056373445956,1030.1500244140625,1030.1500244140625,1.0312002764755057,0.6631131577002843,,220.95056373445956,1021.3928745814732,-2.314996337890625,3.316616193569375,15.251998697916667,0.0009709680321339231,0.012274155243851226,-0.042981738633986466,,,,0.0009704969475882386,-0.09193962664651711,0.4184204287185127,-0.05745104829443515,-0.04825116188677914
2025-12-01 00:00:00+05:30,1031.0,1032.199951171875,1013.5,1017.5,76688,0.0,0.0,1032.165008544922,,,,1031.6694568957112,,,,1028.7462018694198,,1025.0019091356362,,1022.6177356763226,,1023.5836058883335,,1039.663532141729,1026.642578223217,,1033.6882423882537,,1033.0159293520546,1027.8163588966781,1024.2000122070312,1034.0499877929688,1042.75,39.022607244717854,-5.471056187480372,-0.6748658203327071,-4.7961903671476644,29.027808746758538,32.9394034590957,-3.9115947123371626,67.81976547125916,79.42883770745146,-83.00653594771241,-3.196648878923923,-5.119360608375476,-33.5999755859375,-5356.628594259676,-15.34970810834102,46.29928208328761,-0.6271756202517631,-0.8437946050265477,-0.05527013902622002,-0.04491281624567048,-2.2989552260832404,3.155134210303686,-15.544816961571314,-21103.77437026448,-22491.722416119865,-7.683308919270833,1,0,0,-7.683308919270833,1,1,1,0,0,24.030332833977816,18.699951171875,1007.2653475088838,1032.165008544922,1057.0646695809603,4.824744266643982,0.2055179079808194,985.3594922903397,1031.6694568957112,1077.9794215010827,1003.0999755859376,1044.5499877929688,1086.0,3.782236066389642,0.20752977787923002,973.8558913580812,1032.165008544922,1099.5059615485106,307277.0,57.61925913870935,-0.3056041099044533,-1695679.6644199595,-53412.90489201038,277521.50409593736,1021.066650390625,2163590.2040262977,995.8731060003835,-9.407396260185207,-12.452316036043587,3.0449197758583804,0.695314100855361,-1.1779283680767254,12.449830518019143,154.99827992740077,1029.4500122070312,1029.4500122070312,0.7458010009529678,-0.25477069203158675,,154.99827992740077,1021.9085885184151,-2.745001220703125,3.312779535153258,15.627998046875023,-0.012998374329924678,0.000491642084562427,-0.051193606083754783,,,,-0.013083592467868724,-0.09193962664651711,0.4184204287185127,-0.05745104829443515,-0.04825116188677914
2025-12-02 00:00:00+05:30,1017.5,1045.0,1017.5,1042.199951171875,181683,0.0,0.0,1031.2600036621095,,,,1032.6723611124887,,,,1029.7019106910343,,1027.5472074304578,,1026.785597514071,,1025.1425933917155,,1039.7481483403549,1029.248035338119,,1033.1448376005987,,1033.6491116304262,1028.9486434456085,1029.8499755859375,1034.0499877929688,1038.75,49.25048088492481,-3.9832816133759934,0.6503270030173374,-4.633608616393331,35.90557284576791,33.63990644427373,2.2656664014941796,72.82521952484865,76.02689447388858,-44.96357493156934,1.4010412200474647,-1.7070731701139468,14.39990234375,-6969.172378751193,-12.60030140596291,55.23852490175561,-0.13721865860995006,-0.6271756202517631,-0.055021515965392176,-0.04752093044567696,-1.8422481486880702,14.075878151242478,-13.424121848757522,-18878.197163605753,-21294.91556860913,-0.9333292643229165,1,0,0,-0.9333292643229165,1,1,1,0,0,24.278166202979403,27.5,1009.5552565526764,1031.2600036621095,1052.9647507715426,4.209364666981625,0.7520173917394057,985.5347740885812,1032.6723611124887,1079.8099481363963,1003.0999755859376,1042.0499877929688,1081.0,3.6435298588385034,0.22500165537045602,972.2344088340878,1031.2600036621095,1097.1594729210017,488960.0,40.76108078298294,-0.24015322438318745,-1550994.575055613,225.04002171522006,878955.7504764843,1034.8999837239583,2604628.162626766,995.8731060003835,-6.271187113355959,-7.452885511371472,1.1816983980155127,1.5827106870408554,1.0080695669576245,10.85237355471655,117.77401177111113,1029.4500122070312,1029.4500122070312,0.4318943183254669,-0.9403933375067098,,117.77401177111113,1026.5857247488839,-0.9050048828125,3.3168151943910664,15.216440700954873,0.02427513628685496,0.015987425973010394,-0.017070731701139485,,,,0.02398517830735074,-0.09193962664651711,0.4184204287185127,-0.05745104829443515,-0.04825116188677914
2025-12-03 00:00:00+05:30,1042.9000244140625,1046.5999755859375,1022.2999877929688,1035.5999755859375,168303,0.0,0.0,1030.6700012207034,,,,1032.9511815385315,,,,1030.1152413504465,,1028.5664038307327,,1028.5471921687833,,1027.2754840272844,,1039.70244055347,1030.4815511318102,,1032.8763662809401,,1033.7874120080048,1030.3159319459141,1038.8999633789062,1034.0499877929688,1034.0,46.98277819837786,-3.298746519569704,1.0678896774589015,-4.366636197028606,41.58057071591031,35.504650769478914,6.075919946431398,71.2766038823822,70.64052962616333,-47.28817697298729,0.5046536343816524,-1.1266038335951152,5.199951171875,-8199.39931165164,-11.720598647173802,56.064161280878636,0.4122819800768928,-0.13721865860995006,-0.05380215587027504,-0.04969611994533422,-1.2887207389700175,15.007874631868617,-9.292113161100133,-15661.067433220267,-19591.34457802354,-3.7166748046874996,1,0,0,-3.7166748046874996,1,1,1,0,0,24.27972488797864,24.29998779296875,1010.2065331169416,1030.6700012207034,1051.133469324465,3.970905931001239,0.6204579385135577,985.6743194134783,1032.9511815385315,1080.2280436635847,1003.0999755859376,1042.0499877929688,1081.0,3.49544927647954,0.22200253272641535,970.7084279040758,1030.6700012207034,1096.6334767322005,320657.0,40.16297638870189,-0.21210087079662532,-1535064.738019562,27215.961995917838,594705.5445455525,1034.8333129882812,2498046.3411834785,995.2398325504552,-4.513019758817249,-4.555774525466209,0.042754766648960274,1.3920106793354199,0.481831754054225,10.231734051880869,104.6883817084185,1029.4500122070312,1029.4500122070312,0.48270708743800406,-0.5849233630960351,,104.6883817084185,1029.005721609933,-0.59000244140625,3.318775955489863,15.014218478732653,-0.006332734499283288,0.002905287692165359,-0.01126603833595119,,,,-0.006352871321518203,-0.09193962664651711,0.4184204287185127,-0.05745104829443515,-0.04825116188677914
2025-12-04 00:00:00+05:30,1030.5,1039.0,1027.300048828125,1034.4000244140625,100182,0.0,0.0,1030.3550048828126,,,,1033.0891665742963,,,,1030.470481654576,,1029.246830347218,,1029.7202287546777,,1029.5833236945346,,1039.6421458073303,1032.3785485872627,,1032.7687493012716,,1033.8310664681528,1032.320259377307,1035.0,1034.0499877929688,1034.0,46.562997469013915,-2.8205598983090567,1.2368610389756398,-4.0574209372846965,52.80875185896841,43.43163180688221,9.377120052086198,86.75712214404771,76.95298185042618,-49.32199251853814,0.5247837137086978,-0.6053547663491767,5.4000244140625,-9049.44798009419,-11.335008329503808,54.84356163089802,0.8703004371273013,0.4122819800768928,-0.051995724522624354,-0.05123828168902186,-0.6291722269041667,7.006767123074724,-4.693184048800276,-13108.68955626127,-17215.165520029634,-3.850016276041666,1,0,0,-3.850016276041666,1,1,1,0,0,23.381169622542668,11.699951171875,1010.3528577580544,1030.3550048828126,1050.357152007571,3.882573875988152,0.6011146329946503,988.0863006188911,1033.0891665742963,1078.0920325297016,1003.0999755859376,1042.0499877929688,1081.0,3.1470881181628365,0.22094662826140782,970.4602631874974,1030.3550048828126,1095.735318119138,220475.0,40.496535209688936,-0.19522240787010287,-1513658.2384264648,42594.683401721064,492574.25128179055,1033.5666910807292,2486438.2385246535,995.1239624075271,-6.808549838943993,-5.481043684474362,-1.3275061544696305,0.8356473468434464,0.4044585319786019,10.001073562379116,100.02147240011848,1029.4500122070312,1029.4500122070312,0.5659525447830639,-0.2945747477182677,-0.07101385166072392,100.02147240011848,1030.7014351981027,-0.314996337890625,3.3204622646937296,15.152883029513884,-0.001158701429281206,0.004369356144602543,-0.006053547663491754,,,,-0.0011593732427866348,-0.09193962664651711,0.4184204287185127,-0.05745104829443515,-0.04825116188677914
2025-12-05 00:00:00+05:30,1037.4000244140625,1037.4000244140625,1026.5,1032.800048828125,86485,0.0,0.0,1030.765008544922,,,,1033.0616315508514,,,,1030.703342982701,,1029.5603194670448,,1030.2971779653255,,1031.7413741418086,,1039.3908192497718,1033.9234580224042,,1033.1721688394462,,1033.757127842286,1033.8193531375905,1033.6000366210938,1029.5999755859375,1027.7999877929688,45.97317305030835,-2.5414025078998748,1.2128147435078578,-3.7542172514077325,54.70652694683358,49.698616507237425,5.007910439596152,77.58447434154826,78.53940012265939,-39.270249667973815,1.4139850813876094,0.8003194844405621,14.400024414062614,-9401.955317779853,-10.530300005744493,53.798206596748045,1.1571194768670996,0.8703004371273013,-0.04994259255541866,-0.05202400423371575,-0.5855065701422782,5.291532115537166,-5.608492298525334,-12082.48506053628,-14750.032700517519,-5.600016276041666,1,0,0,-5.600016276041666,1,1,1,0,0,22.48965925050837,10.9000244140625,1010.9240419235733,1030.765008544922,1050.6059751662708,3.8497555615236134,0.551283798870294,990.2685577028061,1033.0616315508514,1075.8547053988966,1003.0999755859376,1042.0499877929688,1081.0,3.010236529627664,0.2135588988096044,973.0100129610609,1030.765008544922,1093.7600739962168,133990.0,29.058975559458926,-0.19390472633246986,-1500169.201267897,49305.700945301214,402438.8027344198,1032.2333577473958,2473061.026103551,994.9692857304027,-9.458264054103928,-6.504606319707438,-2.95365773439649,0.7449021338903125,0.20513519548118198,9.920483310674362,98.41598911736854,1030.1500244140625,1030.1500244140625,0.4543041606383267,-0.30261106269879523,-0.06175114010544593,98.41598911736854,1030.580011858259,0.410003662109375,3.32342369151906,15.246661783854192,-0.0015467667712438793,0.001843073400975559,0.008003194844405703,,,,-0.00154796424993899,-0.09193962664651711,0.4184204287185127,-0.05745104829443515,-0.04825116188677914
2025-12-08 00:00:00+05:30,1024.199951171875,1031.300048828125,1001.2000122070312,1009.0,96446,0.0,0.0,1029.9550109863283,,,,1030.7700475936276,,,,1028.6304850260417,,1025.5288559374571,,1024.6213606799533,,1030.602100153671,,1038.9699048477958,1029.9497907033062,,1033.000106685282,,1031.8087121128221,1031.204825997654,1020.9000244140625,1025.5999755859375,1023.8999938964844,38.2178893045084,-4.1923069944905365,-0.35047179446624277,-3.8418352000242937,42.86278717475573,50.12602199351923,-7.2632348187635,52.42710964600486,72.25623537720028,-82.81939628922083,-0.7866273352999017,-1.580174789645408,-8.0,-8523.551105095707,-11.648818251665944,50.643152487563675,0.6629046916109658,1.1571194768670996,-0.05038729913798834,-0.05239273078579224,-0.898402862884538,2.4927697151031225,-27.607266905990627,-11993.122352606002,-13006.089836570229,-6.183349609375,1,0,0,-6.183349609375,1,1,1,0,0,23.14040049126447,31.60003662109375,1007.9524867018325,1029.9550109863283,1051.957535270824,4.272521430508941,0.02380438909242813,986.0334499937593,1030.7700475936276,1075.5066451934958,1001.2000122070312,1041.1000061035156,1081.0,2.733954540074045,0.22953379471870666,970.9759556961941,1029.9550109863283,1094.3510319901393,37544.0,29.828047480952396,-0.17763311559583883,-1546630.0379838445,32785.787263027625,17030.472447025066,1013.8333536783854,2250808.9539931887,994.9692857304027,-10.984001290433223,-6.4242748448293865,-4.559726445603837,0.8582406982248942,-1.9047824436302836,11.001262142247889,121.02776872245661,1030.1500244140625,1030.1500244140625,0.13374685820415633,-0.2930664308851805,0.1203052950208347,121.02776872245661,1025.9814331054686,-0.80999755859375,3.3222671070118595,16.04132975260418,-0.023044198008249417,-0.00835380835380839,-0.015801747896454055,,,,-0.023313866456248094,-0.09193962664651711,0.4184204287185127,-0.05745104829443515,-0.04825116188677914
2025-12-09 00:00:00+05:30,1008.0,1021.0,974.0,1009.5,320967,0.0,0.0,1029.5800109863283,,,,1028.744328775187,,,,1026.6823887416297,,1022.1695050124433,,1020.1418183497071,,1027.3523746163503,,1037.9745970229192,1025.8021939138544,,1033.6867064985415,,1030.0696386326042,1025.7566622937109,1009.25,1025.5999755859375,1010.2999877929688,38.45278683187454,-5.398089062395229,-1.2450030898967483,-4.153085972498481,42.26948070389645,46.612931608495245,-4.343450904598797,29.727958533985486,53.246514173846194,-51.10191193111599,-1.5890083887933317,-0.7374631268436578,-16.300048828125,-7089.890165672866,-17.66646459242895,54.532890888407344,0.050677021268656974,0.6629046916109658,-0.05249708362548011,-0.052678519358997616,-1.251474418493714,-5.049096382590278,-52.04909638259028,-11734.626060126431,-12165.75507377871,-3.100016276041647,1,0,0,-3.100016276041647,1,1,1,0,0,24.844657599031294,47.0,1006.4224714818972,1029.5800109863283,1052.7375504907593,4.498443881451492,0.06644765773829116,979.3159785657822,1028.744328775187,1078.1726789845916,974.0,1027.5,1081.0,2.6133189376471933,0.22795962177338158,970.3701507131235,1029.5800109863283,1091.520220903553,358511.0,26.433557450990026,-0.054922866675439524,-1382731.995430653,75196.49181783758,37523.76209745006,1001.5,2266714.1571646454,994.9692857304027,0.6645968169966706,4.179458610080406,-3.514861793083736,2.407760537473407,-1.7342093690468345,11.578769752215527,134.0679089748212,1030.1500244140625,1030.1500244140625,-0.017794813049984228,-0.3149296430682948,0.28526162154955687,134.0679089748212,1020.8871442522322,-0.375,3.3200443561522768,15.625331217447945,0.0004955401387511937,-0.0313758901399932,-0.007374631268436627,,,,0.000495417399283185,-0.09193962664651711,0.4184204287185127,-0.05745104829443515,-0.04825116188677914
2025-12-10 00:00:00+05:30,1011.0999755859376,1054.0,1011.0999755859376,1042.4000244140625,256975,0.0,0.0,1029.3300109863283,,,,1030.0448712169846,,,,1027.9033424014137,,1025.2729024027954,,1025.0694832328213,,1026.5218927768194,,1038.037217494863,1028.5734158662551,,1030.2190040162088,,1030.9094414425422,1023.3643371540119,1025.9500122070312,1025.7000122070312,1014.0,51.51540839390921,-3.6567700562141,0.3970527330275049,-4.053822789241605,50.52624076574709,45.219502881466425,5.306737884280665,38.900606336484934,40.35189150549176,-14.499969482421871,0.9490653747656802,-0.4773725304042364,9.800048828125,-7756.424056511004,-17.94352219525524,60.061032703557835,0.13855503635313315,0.050677021268656974,-0.05198302361553164,-0.05267932417871589,-0.5568191760415336,25.615056755770865,-17.28496765829152,-11203.209051746244,-11790.198489624565,-1.6666666666666465,1,0,0,-1.6666666666666465,1,1,1,0,0,26.248610627671916,44.5,1006.8855056864405,1029.3300109863283,1051.7745162862159,4.360993084886513,0.7911628760157994,976.8477924560946,1030.0448712169846,1083.2419499778746,974.0,1023.5,1073.0,2.3789838261377403,0.23264150543360493,969.7507414341112,1029.3300109863283,1089.6508116245407,615486.0,32.01888901596731,0.10006326343931696,-1264726.787029147,123257.39255275414,1239946.62091263,1035.8333333333333,3104206.358631085,998.2283272771152,5.502068603175594,7.2135443170074645,-1.71147571383187,1.6930855433982674,1.1646515040631913,11.222252649943849,125.93895453917173,1030.1500244140625,1030.1500244140625,-0.09223918190082578,-0.23576234454326575,0.1283826906391862,125.93895453917173,1025.0500052315847,-0.25,3.322155560714089,14.443108995225707,0.03259041546712482,0.006566289096596067,-0.004773725304042409,,,,0.032070611478754514,-0.09193962664651711,0.4184204287185127,-0.05745104829443515,-0.04825116188677914
2025-12-11 00:00:00+05:30,1037.199951171875,1039.199951171875,1015.2999877929688,1029.5999755859375,119572,0.0,0.0,1028.565008544922,,,,1030.002500204504,,,,1027.9290533156623,,1025.6466689327551,,1025.8391284126053,,1026.3636788927217,,1038.0004194055452,1028.5473692844987,,1029.4616438519547,,1030.815431428578,1023.552971355479,1036.0,1025.7000122070312,1014.0,47.308516328844256,-3.2719027065354567,0.6255360661649187,-3.8974387727003754,67.96602935629465,53.587250275312726,14.378779080981928,59.886021193160246,42.83819535454355,-30.500030517578125,-0.02913378201886205,-1.46425959140968,-0.300048828125,-8649.150125802342,-18.583827119715124,57.81649705951754,0.35362731273043263,0.13855503635313315,-0.05097950771935089,-0.052431004670920135,-0.2853897253003586,10.64143187883019,-13.25853150007606,-10588.422306850776,-11409.53581386702,1.5499877929687693,1,0,0,1.5499877929687693,1,1,1,0,0,26.309426770059194,27.10003662109375,1007.3454390057475,1028.565008544922,1049.7845780840964,4.126053163949864,0.524387088510557,976.709898159681,1030.002500204504,1083.295102249327,974.0,1018.75,1063.5,2.1568113201161294,0.23652044779082101,969.8860957845717,1028.565008544922,1086.6861446126966,495914.0,32.086898878576186,0.1364628061811008,-1241212.530931368,139195.26137971738,844164.6124284598,1028.0333048502605,2957379.094372637,997.000387088288,2.5805681700362912,3.433635107094529,-0.8530669370582378,0.7667398104247168,0.09754835404222809,10.609784769587225,112.56753285696504,1029.75,1029.75,-0.05318962247230858,0.19880673739527868,0.04203463739328691,112.56753285696504,1026.6571428571428,-0.76500244140625,3.3221647547811353,12.309329427083355,-0.012279401888272146,-0.004640418324471707,-0.014642595914096779,,,,-0.012355416661911955,-0.09193962664651711,0.4184204287185127,-0.05745104829443515,-0.04825116188677914
2025-12-12 00:00:00+05:30,1035.0,1039.9000244140625,1024.0,1035.4000244140625,87011,0.0,0.0,1029.0650085449222,,,,1030.516550129224,,,,1028.5800072079614,,1027.0406527200073,,1028.0109133631152,,1027.57093129608,,1037.9809660111769,1030.9047673362727,,1029.8173844602175,,1031.1371407997865,1026.9903694467396,1032.5,1025.7000122070312,1014.0,49.32780606333085,-2.4703998598822636,1.1416311302544897,-3.6120309901367533,77.25001017252603,65.24742676485593,12.002583407670102,84.62326265905487,61.13663006290001,-23.24996948242187,0.436511775480623,0.9752291556375019,4.5,-8492.590859451358,-18.335297348919994,59.2589048103697,0.6880219160694998,0.35362731273043263,-0.048944692869534734,-0.05172817732017733,0.2292709007825995,10.364147246586526,-5.535877167475974,-10054.181494591832,-10895.345045318718,0.9166666666666858,1,0,0,0.9166666666666858,1,1,1,0,0,25.565898030345146,15.9000244140625,1007.6887627927837,1029.0650085449222,1050.4412542970606,4.154498612748295,0.6481788697275482,979.2708579145627,1030.516550129224,1081.7622423438854,974.0,1018.75,1063.5,1.9829935662146145,0.2274541455858057,971.1748282670496,1029.0650085449222,1085.374870991659,582925.0,37.43572385282252,0.17162404145447138,-1203452.9647409539,145075.59138045087,795665.1033078205,1033.1000162760417,3006395.0287695643,997.5637174074077,-1.500666427191705,-0.5180795921067738,-0.9825868350849312,0.5822813441905037,0.5927154789101866,10.68812287606925,114.23597061395482,1030.1500244140625,1030.1500244140625,-0.19127229738433926,0.12812489662178822,0.026309268041420603,114.23597061395482,1027.6100045340402,0.5,3.3230662803750377,10.637332356770825,0.005633303191197481,0.002517404592387029,0.009752291556375026,,,,0.005617495477419486,-0.09193962664651711,0.4184204287185127,-0.05745104829443515,-0.04825116188677914
2025-12-15 00:00:00+05:30,1031.699951171875,1041.0,1027.0999755859375,1037.800048828125,47971,0.0,0.0,1028.4000122070313,,,,1031.2102166719765,,,,1029.4119158063618,,1028.692960173747,,1030.4381568179283,,1029.6134699569634,,1037.9755284956004,1031.1424224932348,,1027.8821961904948,,1031.6009578997114,1031.1114346659492,1036.6000366210938,1025.7000122070312,1014.0,50.17863552676377,-1.6228341451733286,1.59135747597074,-3.2141916211440686,75.33335367838541,73.51646440240202,1.8168892759833852,81.27232965629409,75.26053783616973,-20.24993896484375,1.9950907939189189,-1.2653341325023277,20.300048828125,-9021.060611706536,-14.134127987132388,59.94668706098486,1.0993932649982932,0.6880219160694998,-0.04590559957887708,-0.05071529772167565,0.5954131818466475,10.283526881002672,-3.616497533059828,-9690.674110291287,-10363.18179415379,1.8333333333333521,1,0,0,1.8333333333333521,1,1,1,0,0,24.732621343467816,13.9000244140625,1009.1925564434207,1028.4000122070313,1047.607467970642,3.735405588412978,0.7446975991193614,982.1974428750805,1031.2102166719765,1080.2229904688725,974.0,1014.0,1054.0,1.8794527454110552,0.20888754170569063,973.1362906223333,1028.4000122070313,1082.111327243427,630896.0,35.30923340230803,0.167162085606876,-1177568.9558272022,142528.3118187217,698446.0272877022,1035.3000081380208,3017514.554407218,997.7955142354424,-7.132864258946157,-4.9202219390889805,-2.212642319857176,0.32731416250737755,0.978790396477445,9.603727881805302,92.23158922776456,1030.1500244140625,1030.1500244140625,-0.6948052832600597,-0.14304816438083157,-0.2037588840298872,92.23158922776456,1031.4357230050223,-0.664996337890625,3.3258753858820396,9.382222764756948,0.002317968280347138,0.02854316038466309,-0.01265334132502327,,,,0.002315285936132307,-0.09193962664651711,0.4184204287185127,-0.05745104829443515,-0.04825116188677914
2025-12-16 00:00:00+05:30,1038.300048828125,1045.9000244140625,1021.5,1027.800048828125,59869,0.0,0.0,1028.4000122070313,,,,1030.8854387820859,,,,1029.354776436942,,1028.3140743356917,,1029.8441069654211,,1030.337639160156,,1037.7362168059892,1030.081251024385,,1027.8847287200147,,1031.3254260196918,1032.9018823552233,1032.800048828125,1025.7000122070312,1014.0,46.662919840110284,-1.7380138941030054,1.180942181632851,-2.9189560757358564,74.58338419596353,75.72224934895831,-1.1388651529947822,79.00143704700585,81.63234312078494,-32.74993896484375,-1.3816832679332214,0.0,-14.39990234375,-9108.550647758857,-5.270595774931053,56.79564655024348,1.5258000540163081,1.0993932649982932,-0.0433109521216668,-0.04954960841627473,0.680150190509097,15.60018333661833,-8.79984107744417,-9558.764251436573,-9939.482961342263,4.650004069010436,1,0,0,4.650004069010436,1,1,1,0,0,24.708864419938866,24.4000244140625,1009.1925564434207,1028.4000122070313,1047.607467970642,3.735405588412978,0.4843820184648569,981.8929245060252,1030.8854387820859,1079.8779530581464,974.0,1014.0,1054.0,1.8577385459181606,0.1957554588113295,973.5692358652939,1028.4000122070313,1081.3692846934189,571027.0,31.585632495276307,0.19368491405963328,-1206521.7881307767,119316.85882699303,513140.8805323163,1031.7333577473958,2959826.1778576085,997.7955142354424,-11.245891699615175,-7.226599503806399,-4.019292195808776,0.4455264659940868,-0.06247192614057228,9.603727881805302,92.23158922776456,1030.1500244140625,1030.1500244140625,-0.6948052832600597,-0.1430481644010782,-0.2048389908355246,92.23158922776456,1031.2643048967634,0.0,3.3228799645491662,8.433332248263897,-0.009635767517347738,0.018127834401312493,0.0,,,,-0.009682491917739535,-0.09193962664651711,0.4184204287185127,-0.05745104829443515,-0.04825116188677914
2025-12-17 00:00:00+05:30,1024.4000244140625,1031.5999755859375,1010.5,1013.2999877929688,84912,0.0,0.0,1027.5450103759767,,,,1029.2106339259794,,,,1027.916678873698,,1025.3688616999075,,1025.6037603737639,,1028.9240018717446,,1036.837321768782,1026.4735081812887,,1027.2740821403404,,1029.9438062276186,1030.8244549471367,1020.5500183105469,1025.7000122070312,1014.0,42.061095922084704,-2.9651480375889605,-0.036953569482483406,-2.928194468106477,65.37503560384114,71.76392449273003,-6.388888888888886,60.78573306896508,73.68649992408834,-50.875015258789055,-2.153339930348253,-1.6595532041856942,-22.29998779296875,-8424.842244834916,-5.77353587431071,56.38583754811446,1.4539774060189368,1.5258000540163081,-0.04269685036871751,-0.04851640017695175,-0.16625901468683651,3.728684977704006,-17.371290608233494,-9626.680815829382,-9696.623172312822,5.433339436848958,1,0,0,5.433339436848958,1,1,1,0,0,24.451086646081627,21.0999755859375,1007.2224000940769,1027.5450103759767,1047.8676206578766,3.9555659512110064,0.1495277332633008,980.865030421746,1029.2106339259794,1077.5562374302128,974.0,1014.0,1054.0,1.9280251140545768,0.20181016133447846,972.0536979867761,1027.5450103759767,1082.053728504354,486115.0,31.481900653670216,0.16487887787266234,-1268897.9740481274,79127.30900876573,263945.15722524433,1018.4666544596354,2840033.5018384736,997.7955142354424,-13.038745576873977,-7.215562704852159,-5.8231828720218175,0.6736962368790612,-1.4018890669468,10.161305140949912,103.2521221674951,1029.75,1029.75,-0.4977680278085793,-0.7424952276200156,-0.151691094587012,103.2521221674951,1028.6600158691406,-0.8550018310546875,3.3189182024579034,8.392443576388894,-0.014107861788573484,-0.027916381369475718,-0.01659553204185693,,,,-0.014208323658083773,-0.09193962664651711,0.4184204287185127,-0.05745104829443515,-0.04825116188677914
2025-12-18 00:00:00+05:30,1014.0,1030.5,1005.5,1026.800048828125,105550,0.0,0.0,1027.435012817383,,,,1028.9810543928504,,,,1027.845730154855,,1025.29745042024,,1025.653082402099,,1027.5967808631794,,1036.7300816918726,1025.9331787190827,,1027.176476546866,,1029.7164893996166,1027.901858235746,1020.0500183105469,1025.7000122070312,1014.0,47.27458729770031,-2.8158591154349324,0.08986828213723586,-2.9057273975721682,60.79170227050781,66.91670735677083,-6.125005086263016,53.50605879403906,64.43107630333665,-33.99993896484374,-0.734723067146341,-0.21379506043488825,-7.5999755859375,-8169.150590327461,-5.647058823529278,56.68626967006715,1.20081950468226,1.4539774060189368,-0.04195323276272589,-0.04762869353331922,-0.36490437179192553,2.7817439317818753,-22.218256068218125,-9620.128696260963,-9613.615490180693,-1.3666483561197917,1,0,0,-1.3666483561197917,1,1,1,0,0,24.490294742790084,25.0,1007.1217487824503,1027.435012817383,1047.7482768523157,3.954170099621322,0.4843707050682245,980.4778893175916,1028.9810543928504,1077.4842194681091,974.0,1014.0,1054.0,1.9009075439559637,0.207867054704462,970.5826253129624,1027.435012817383,1082.182661934056,591665.0,38.18409108177388,0.20835628301382647,-1194590.36174344,79136.06899745832,429800.340801744,1020.933349609375,2980656.363718136,997.7955142354424,-13.035866019793193,-5.7701465182171,-7.265719501576093,0.833887678371379,-0.06251717972710753,10.156632017466372,103.15717393822301,1029.75,1029.75,-0.46254852989174794,-0.7630914201282409,-0.1818661184175284,103.15717393822301,1028.667164829799,-0.10999755859375,3.31789564280897,8.109999593098962,0.013322867065813648,-0.0027194316474405955,-0.0021379506043488483,,,,0.013234898143207389,-0.09193962664651711,0.4184204287185127,-0.05745104829443515,-0.04825116188677914
2025-12-19 00:00:00+05:30,1026.800048828125,1027.800048828125,992.2000122070312,1000.2000122070312,355619,0.0,0.0,1026.5250122070315,1035.4540075683597,,,1026.2400027561057,1035.4540075683594,,,1025.2519205729168,1031.3601673081341,1020.4272191095463,1035.4540075683594,1018.8225807214649,1035.4540075683594,1023.8038333169515,,1035.2397790691593,1022.6443068805094,1011.1000248835637,1024.0227078569626,1037.7379038087108,1027.348063864417,1022.1323108617444,1013.5000305175781,1021.3000183105469,1014.0,39.695295778495876,-4.788745540895206,-1.5064145146584305,-3.282331026236776,49.29168701171875,58.486141628689225,-9.194454616970475,36.0400838384346,50.110625233812904,-67.24998474121094,-3.1564712509535267,-1.7871182021526888,-32.60003662109375,-7109.8751665037735,-8.169409000172209,49.39270795910237,0.7941817685705939,1.20081950468226,-0.04408759706008292,-0.04692872663577417,-1.2013177896899865,4.012970454362062,-31.587066166731688,-9620.781008305008,-9612.194047320378,-7.89996337890625,1,0,0,-7.89996337890625,1,1,0,0,0,25.28384773409749,35.60003662109375,1003.1131909671124,1026.5250122070315,1049.9368334469507,4.561373753491634,-0.06221597906090898,975.5752273792347,1026.2400027561057,1076.9047781329768,974.0,1014.0,1054.0,2.013505736981208,0.2251915904629565,968.510130078527,1026.5250122070315,1082.7851697513786,236046.0,33.138803498911344,0.14359640305459018,-1390380.7621113649,9648.51896690554,-982953.7683351819,1006.7333577473959,2059398.282950344,997.7955142354424,1.9602277277747262,7.3807577834806555,-5.420530055705929,2.316899169452965,-2.2488639162436392,11.705910619959564,137.02834344248208,1029.75,1029.75,-0.7520572279925354,-0.21351600864600379,0.05848401689610364,137.02834344248208,1022.7057373046874,-0.9100006103515568,3.313104267226596,8.974219835069444,-0.025905760962372404,-0.033996534070926954,-0.017871182021526932,,,,-0.026247225361276817,-0.09193962664651711,0.4184204287185127,-0.05745104829443515,-0.04825116188677914
2025-12-22 00:00:00+05:30,1001.0,1049.5,999.7000122070312,1038.5999755859375,237143,0.0,0.0,1027.6050109863281,1035.4800061035157,,,1027.4171430256135,1035.5773788631664,,,1026.4019170851936,1031.483538602941,1023.2229894939956,1035.6959120679808,1023.2356486754404,1035.8097969118219,1023.0446985444565,,1035.3459492380232,1026.9353206225442,1012.6019808623946,1025.593028641974,1037.7685460661476,1028.1175051325415,1020.5221844686889,1019.3999938964844,1021.3000183105469,1014.0,51.72724986335203,-3.216636738127818,0.05255543048716671,-3.2691921686149845,59.83334859212239,56.638912624782975,3.194435967339416,59.73952333102473,49.76188865449946,-19.25003051757812,2.9335952017777505,2.1238914047136186,29.5999755859375,-7536.675276625903,-8.700582347196587,54.20106554144899,0.5986692377778589,0.7941817685705939,-0.043843115634578655,-0.045967174636785124,-1.022069343277548,23.596793453069267,-26.203194339899483,-9708.396423106009,-9636.149441344556,-7.666646321614583,1,0,0,-7.666646321614583,1,1,1,0,0,27.035000595445435,49.79998779296875,1004.0508652513387,1027.6050109863281,1051.1591567213175,4.584280045964619,0.7333976515921048,972.0918723907362,1027.4171430256135,1082.742413660491,974.0,1014.0,1054.0,2.003119195746901,0.2635020395552458,964.4425901657144,1027.6050109863281,1087.86762373505,473189.0,34.86372314440643,0.18374931049863152,-1257047.6064177516,22768.841769019375,458365.70079326746,1029.2666625976562,2969844.4341626535,1001.6347426807783,6.01871817732651,9.151398586425952,-3.132680409099441,1.4152814323798975,0.9335906063684133,11.777072867494711,138.6994453262801,1030.4000244140625,1030.4000244140625,-0.9511189393698996,0.1173663602156196,0.1542455189632555,138.6994453262801,1023.995729282924,1.079998779296875,3.3190682395343836,9.158883192274308,0.03839228445335974,0.0007707908269187769,0.021238914047136292,,,,0.03767363671412096,-0.09193962664651711,0.4184204287185127,-0.05745104829443515,-0.04825116188677914
2025-12-23 00:00:00+05:30,1030.5,1072.0,1030.0,1064.199951171875,329191,0.0,0.0,1029.5250061035156,1036.2340051269534,,,1030.9202676109717,1036.699832679194,,,1029.887149483817,1032.609810958563,1030.295050945308,1037.892153542356,1033.5355426072408,1039.0332506523018,1027.1267228744969,,1037.077852949371,1032.5605165565578,1015.9509180022885,1029.7980333827136,1038.8668377285112,1030.362658489678,1025.7278855664622,1051.3999633789062,1032.1999816894531,1023.0,57.775660437477036,0.09389256135887081,2.6904677839790847,-2.596575222620214,68.51358374770807,59.212873117183065,9.300710630525003,70.37013060871153,55.38324592605695,-7.959233498086737,5.418519184930659,3.743410071740403,54.699951171875,-7023.922809055532,-5.11852524701294,57.826660477352284,0.800785516586011,0.5986692377778589,-0.038962198862158015,-0.04452041633085472,0.5607164252688991,40.625829935220054,-1.3741700647799462,-9800.183857167718,-9679.77790270845,-3.75,1,0,0,-3.75,1,1,0,0,0,28.10392912434219,42.0,1000.8801991157504,1029.5250061035156,1058.1698130912807,5.564664640090346,1.1052570904591865,972.8640703698921,1030.9202676109717,1088.9764648520513,974.0,1023.0,1072.0,1.963965220068607,0.2751542398910762,964.2949147883413,1029.5250061035156,1091.3949361506457,802380.0,47.097002551911444,0.21834223866374258,-1050128.3146929562,91904.30830331729,1596782.2525528509,1055.3999837239583,3781252.2679011445,1001.6347426807783,12.833640554290078,12.773056770711616,0.06058378357846239,1.9550330113854688,2.4210283618367443,14.322403493882586,205.1312418415801,1031.75,1031.75,-0.002879189405203819,1.0648168128786246,0.14403035254551888,205.1312418415801,1030.6114362444198,1.9199951171875,3.3282371705688942,9.78999430338542,0.024648542449170474,0.03541535377941685,0.03743410071740394,,,,0.024349668376282815,-0.09193962664651711,0.4184204287185127,-0.05745104829443515,-0.04825116188677914
2025-12-24 00:00:00+05:30,1064.9000244140625,1071.9000244140625,1046.0,1061.5999755859375,101400,0.0,0.0,1030.9750061035156,1036.746004638672,,,1033.8421445609686,1037.6763088716154,,,1032.941908482143,1033.604554898131,1035.920075294413,1039.760055062274,1041.2976534924976,1041.7128707374638,1033.5700705312752,,1037.5617673761958,1038.3737983688798,1019.0195075383507,1030.7902484412093,1039.1898226975554,1032.3426463839407,1035.8210540824527,1062.8999633789062,1032.1999816894531,1023.0,56.994595220078324,2.479136637447482,4.060569488054156,-1.5814328506066746,87.39282205802243,71.91325146595096,15.479570592071468,98.66878965554844,76.25948119842823,-10.612269810267861,1.8418985727352966,2.8084447690931107,19.199951171875,-6155.132411487647,2.037949505974211,57.49847118533205,1.1592146199774687,0.800785516586011,-0.031152579669402325,-0.04231742432530488,1.8631827074311869,36.2078821319742,10.307857717911702,-9727.638975364112,-9727.596757369429,5.5333251953125,1,0,0,5.5333251953125,1,1,0,0,0,27.946507359322215,25.9000244140625,998.9395263482244,1030.9750061035156,1063.010485858807,6.214598717842199,0.9779851857433708,976.3817709782656,1033.8421445609686,1091.3025181436715,974.0,1023.0,1072.0,1.9186232424636136,0.2749493850992496,964.8444428195834,1030.9750061035156,1093.719458078372,700980.0,51.591147505470374,0.21776580532552753,-1029378.8140496132,118434.17588083749,1331007.9987004348,1059.8333333333333,3756478.9605801143,1001.3904299853046,7.891277386043229,6.264554881971813,1.6267225040714157,0.6635092178050801,1.9119407429734891,16.01773987764563,256.56799078791914,1031.8500366210938,1031.8500366210938,0.16448001555393668,0.4241181549500466,0.1720254275324773,256.56799078791914,1036.8757132393973,1.45,3.3307470056506068,10.285324978298608,-0.0024431269547366963,0.04766603017352167,0.028084447690931214,,,,-0.00244611625922131,-0.09193962664651711,0.4184204287185127,-0.05745104829443515,-0.04825116188677914
2025-12-26 00:00:00+05:30,1061.300048828125,1079.9000244140625,1055.800048828125,1068.699951171875,206457,0.0,0.0,1032.9150024414062,1037.3420031738283,,,1037.161935666769,1038.8929222951551,,,1036.5347603934154,1034.8576508406097,1042.0455887594192,1042.0638560421298,1049.4495273588723,1044.9846434606357,1042.1204382694127,,1039.1413115983974,1044.4334249937185,1022.9403063772268,1033.277500091169,1039.8849549002437,1034.6038306833855,1048.0337045281435,1065.1499633789062,1034.4499816894531,1026.9500122070312,58.63898888622831,4.8860451581906545,5.1739824070378635,-0.2879372488472087,90.28413828653328,82.06351469742125,8.220623589112023,98.66878965554844,89.23590330660281,-10.576081832045581,3.7975890164222275,3.767348853097349,39.0999755859375,-5078.093201193167,10.762367517808116,59.04658853883222,1.5735919619166996,1.1592146199774687,-0.02064535433770054,-0.039173053377323304,2.7513735565654045,39.49248086200464,15.39250527606714,-9534.986868463922,-9716.504826105598,16.09998575846354,1,0,0,16.09998575846354,1,1,0,0,0,27.671755089794736,24.0999755859375,996.7238840080321,1032.9150024414062,1069.1061208747803,7.007569518853442,0.9943885444760007,980.5835070755736,1037.161935666769,1093.7403642579645,974.0,1026.9500122070312,1079.9000244140625,1.9034205365844608,0.2751315217011359,965.0358859931233,1032.9150024414062,1097.210889044881,907437.0,57.74931640492567,0.22050940646361583,-1014816.9064837787,123153.89448978519,1350269.664535501,1068.1333414713542,3894557.3039539303,1001.3904299853046,8.557070462588824,5.544278366813926,3.0127920957748975,1.2782741624012537,1.9775541779040073,18.09555921668705,327.4492633646276,1033.6000366210938,1033.6000366210938,0.2851627281609505,0.012662071510350805,0.3687932655363283,327.4492633646276,1043.774276297433,1.939996337890625,3.3361236255311106,11.173098958333325,0.006687995242293354,0.0408062917328158,0.03767348853097352,,,,0.006665729821001819,-0.09193962664651711,0.4184204287185127,-0.05745104829443515,-0.04825116188677914
2025-12-29 00:00:00+05:30,1065.800048828125,1076.9000244140625,1047.9000244140625,1058.5999755859375,167807,0.0,0.0,1034.3,1037.8260021972656,,,1039.203653754309,1039.6657479144014,,,1038.980948311942,1035.6912968175552,1045.4694657744808,1043.4548500505746,1053.4187921084103,1046.8550232775845,1049.58425429307,,1039.62189235357,1047.7635656937216,1025.970096369174,1034.7228828177713,1040.3198542242005,1036.1676344320754,1056.6778315249464,1063.6499633789062,1034.4499816894531,1026.9500122070312,55.394138196570566,5.91042221279281,4.958687569312015,0.951734643480795,86.23276414641245,87.96990816365604,-1.737144017243594,93.31059055677692,96.88272328929126,-20.113355918449216,2.240675161757308,2.686967748169271,23.199951171875,-4486.291511935379,20.324718879250895,60.23094728412591,1.8230122885481508,1.5735919619166996,-0.009644397156438611,-0.03514403088594125,3.8603666880644756,33.8935620000218,4.893562000021802,-9507.647554593703,-9638.847183236248,21.366628011067707,1,0,0,21.366628011067707,1,1,0,0,0,27.766629726237973,29.0,996.3559155205666,1034.3,1072.2440844794335,7.337152562976595,0.8202076940228802,982.489837409894,1039.203653754309,1095.917470098724,974.0,1026.9500122070312,1079.9000244140625,1.7210353001439078,0.278067394383266,964.9109343347699,1034.3,1100.8359373865278,739630.0,55.93941397431066,0.1858815152122003,-1058794.47846317,99896.01606456796,915253.0548662276,1061.1333414713542,3735967.7390071983,1000.4453587728598,7.2544706475971,3.3933428414577618,3.861127806139338,0.9894753228190734,1.2808307760915252,18.972042239716707,359.9383867455949,1034.9000244140625,1034.9000244140625,0.14882356978979386,-0.4545470433352675,0.544260263946631,359.9383867455949,1048.342844935826,1.38499755859375,3.338309871150977,11.947322591145838,-0.00945071212444848,0.058388285009156826,0.026869677481692777,,,,-0.009495653480285558,-0.09193962664651711,0.4184204287185127,-0.05745104829443515,-0.04825116188677914
2025-12-30 00:00:00+05:30,1051.0,1057.699951171875,1026.0,1030.800048828125,315089,0.0,0.0,1034.965002441406,1037.8100036621092,,,1038.4033104280059,1039.3180734404298,,,1038.6476196289063,1035.4157692344515,1043.348258293887,1042.624543155094,1049.3454383611795,1045.4276705956734,1052.613137032645,1033.5610576699505,1039.5528940582835,1046.4337069446171,1026.3555847008975,1034.7476001390135,1040.0592039900102,1035.7761871226016,1057.100659254449,1044.7000122070312,1034.4499816894531,1036.0500183105469,47.58834784072631,4.42798361434734,2.7809991766932365,1.646984437654104,71.10809363023239,82.5416653543927,-11.433571724160316,75.1970865352436,89.05882224918965,-55.98628135880803,-0.6745037262143455,1.307130105958231,-7.0,-4670.383685842559,23.457066075942294,53.367145918475806,1.5349929811137182,1.8230122885481508,-0.0017573892640010413,-0.03052696834620061,3.768340846589812,16.437262127250733,-15.262689044624267,-9783.935402301353,-9599.473870630118,27.466634114583332,1,0,0,27.466634114583332,1,1,0,0,0,28.111868716216513,32.5999755859375,997.802501700017,1034.965002441406,1072.1275031827952,7.181402395970003,0.4439629528396824,980.88129076669,1038.4033104280059,1095.9253300893217,974.0,1026.9500122070312,1079.9000244140625,1.776828021700293,0.291201695716507,964.2670666040892,1034.965002441406,1103.442069655847,424541.0,55.815949880742586,0.12168660213784972,-1278461.0863588592,11406.052736117272,-466847.54185643094,1038.1666666666667,2908511.5398566164,1000.4453587728598,12.359256012153859,6.798502564811616,5.560753447342242,1.605109837461036,-0.22414818864127042,18.58125037069453,345.2628653384356,1034.9000244140625,1034.9000244140625,0.08189385698710595,-0.25995951063814393,0.5161858042740177,345.2628653384356,1046.0128540039063,0.66500244140625,3.3355513498395717,11.300431586371547,-0.026261030983327882,-0.007510039419567738,0.013071301059582208,,,,-0.026612010213928495,-0.09193962664651711,0.4184204287185127,-0.05745104829443515,-0.04825116188677914
2025-12-31 00:00:00+05:30,1036.0,1044.0,1029.5,1034.699951171875,56336,0.0,0.0,1034.590002441406,1038.0600024414061,,,1038.0506095464696,1039.1369706063688,,,1038.6223766508558,1035.2938063916972,1042.2054996751626,1042.1397740798895,1046.916705592876,1044.5412171930732,1053.0808868117558,1035.7352730874125,1039.5145042732643,1047.3542981452042,1026.7651667423452,1034.336902955781,1040.2626272235973,1035.6989927869474,1052.0346631874527,1032.75,1034.4499816894531,1036.0500183105469,48.68086228423053,3.5271708411141844,1.5041491227680641,2.0230217183461203,57.4536492425277,71.59816900639083,-14.14451976386313,57.67476121503263,75.39414610235104,-51.53941499515964,0.6713273025835246,-0.7196315823625608,6.89990234375,-4642.620083175259,21.2041245404414,54.69961886635042,1.1284625504058603,1.5349929811137182,0.004095406986026617,-0.02532782864011793,3.1879967962166567,3.6748449371968945,-10.825155062803105,-10343.642792878141,-9743.632595855363,26.64996337890625,1,0,0,26.64996337890625,1,1,0,0,0,27.139592379343906,14.5,997.5838643716686,1034.590002441406,1071.5961405111436,7.153778401571855,0.5014855472119475,983.2449727100409,1038.0506095464696,1092.8562463828982,974.0,1026.9500122070312,1079.9000244140625,1.9697929825913951,0.2782708480706907,966.1405397975625,1034.590002441406,1102.0655428493203,480877.0,49.45079572014357,0.07768134436582903,-1294390.9554321351,-30899.895397574874,-368768.6218144408,1036.066650390625,2929825.55693367,1000.8236961961247,5.265938058789958,-0.23585231084182823,5.501790369631786,0.2875013268663907,0.005942188847790048,18.503069034868744,342.3635637091185,1034.5499877929688,1034.5499877929688,0.14700619617796395,-0.19453363089527842,0.46049303592600327,342.3635637091185,1046.6871250697545,-0.375,3.3349346401687896,11.26887532552084,0.0037833742326494058,-0.027720354588923968,-0.007196315823625565,,,,0.0037762352729291695,-0.09193962664651711,0.4184204287185127,-0.05745104829443515,-0.04825116188677914
2026-01-01 00:00:00+05:30,1034.0,1038.300048828125,1015.5999755859376,1018.0,90193,0.0,0.0,1033.710003662109,1037.8480029296875,,,1036.141027684901,1038.308069798276,,,1037.0423764183408,1034.5071396292892,1038.1724970694422,1040.396721378785,1040.5138265121884,1041.8256874530678,1050.0210516648062,1036.8315226230404,1039.3735508707355,1043.720550814411,1025.9547670891527,1033.8141241294645,1040.1799947323032,1034.3445407827155,1042.7423098922745,1026.3499755859375,1034.4499816894531,1036.0500183105469,44.4116979980001,1.4490203316665884,-0.4592011093436257,1.908221441010214,40.63091923201034,56.39755403492347,-15.766634802913131,37.998611049877866,56.95681960005136,-70.58154595000128,0.4638322573424848,-1.6994955582129594,4.70001220703125,-4487.185556725513,15.624711698644433,47.55488323728894,0.6597633762300998,1.1284625504058603,0.006419601197049651,-0.01995306931125398,2.4468790006965127,1.1642016314365264,-21.53587161075086,-11044.574010446428,-10134.56299256652,18.11663818359375,1,0,0,18.11663818359375,1,1,0,0,0,26.822483869547014,22.700073242187386,995.9751171407754,1033.710003662109,1071.4448901834428,7.3008651145197145,0.2918371418285923,982.2311518343822,1036.141027684901,1090.0509035354198,974.0,1026.9500122070312,1079.9000244140625,2.3194767466141815,0.2832855938724547,965.9620779467213,1033.710003662109,1101.4871023607836,390684.0,50.09986874247306,0.05257158530489554,-1365512.1753838453,-68027.27185530425,-531261.4895616524,1023.9666748046875,2784254.979266297,1000.8236961961247,0.7518095301873451,-3.7999846715555528,4.551794201742898,0.459047682061905,-0.8326514326856305,18.867443260666857,355.98041519448316,1033.6000366210938,1033.6000366210938,0.25447651569225893,-0.36161194671215635,0.36586959316589396,355.98041519448316,1043.7071219308036,-0.879998779296875,3.333443526284579,11.65465386284723,-0.01613989751614564,-0.041070060840829425,-0.0169949555821296,,,,-0.016271564309824904,-0.09193962664651711,0.4184204287185127,-0.05745104829443515,-0.04825116188677914
2026-01-02 00:00:00+05:30,1018.0,1020.5,1007.2000122070312,1011.2000122070312,135462,0.0,0.0,1032.5500030517576,1037.2880041503906,,,1033.7656928774848,1037.2450087162663,,,1034.8985677083335,1033.4621203852635,1033.4545765425025,1038.2303799795304,1033.4534399111326,1038.543293746096,1044.1542326057731,1036.7906625022304,1038.9594193596492,1041.6709757089461,1024.6035997523234,1032.8565738821683,1039.7515499205563,1032.534730942471,1032.540707443164,1014.6000061035156,1034.4499816894531,1036.0500183105469,42.76705527252843,-0.7381224877858585,-2.117075143036858,1.3789526552509996,33.18126742929283,43.75527863461029,-10.574011205317461,29.51506186232985,41.72947804241345,-78.33523676696058,-1.5192867042515132,-2.242847221525631,-15.60003662109375,-4126.491884880985,5.351176003848877,40.93078342068676,0.05712561324353782,0.6597633762300998,0.005369610463623609,-0.014457824030842146,1.5794301054205933,-12.930727912451857,-26.230715705420607,-11767.573934378293,-10721.32382388813,6.583302815755209,1,0,0,6.583302815755209,1,1,0,0,0,25.85659129264857,13.29998779296875,993.5009395895884,1032.5500030517576,1071.5990665139268,7.563616938018999,0.22662608329377432,982.456759909307,1033.7656928774848,1085.0746258456625,974.0,1026.9500122070312,1079.9000244140625,2.723141210227617,0.2840462665651805,964.7991712849557,1032.5500030517576,1100.7242048542914,255222.0,45.319261711477466,0.028880950690404677,-1419493.1983431813,-94207.22663368192,-586958.4119687211,1012.9666748046875,2693769.7193044964,1000.8236961961247,-0.7427409727414089,-4.235628139587446,3.4928871668460366,0.6791106619200811,-1.0934956668249038,19.524531731084586,381.20733931812885,1031.800048828125,1031.800048828125,0.33830640695435804,-0.5704024303031582,0.29548727891089666,381.20733931812885,1039.5956970214843,-1.1600006103515625,3.3283584558350428,12.208431260850697,-0.00667975225242512,-0.05380363206884464,-0.022428472215256345,,,,-0.0067021616460483805,-0.09193962664651711,0.4184204287185127,-0.05745104829443515,-0.04825116188677914
2026-01-05 00:00:00+05:30,1017.0999755859376,1027.0,1003.0,1007.7000122070312,143607,0.0,0.0,1031.295001220703,1036.5780053710937,,,1031.2832470993462,1036.0863814021786,,,1032.5319019135975,1032.30180697572,1028.7557385208086,1035.9199197062894,1026.7494028720666,1035.1138993055679,1036.653116972952,1035.783530201763,1038.6700808659139,1035.4927921964868,1023.5564007194505,1031.7691025791112,1039.1919379634573,1030.5793794830995,1023.3504795900574,1009.4500122070312,1034.4499816894531,1036.0500183105469,41.90684669563705,-2.7224865487498846,-3.2811513632007077,0.5586648144508229,22.919034359470803,32.24374034025799,-9.32470598078719,17.595500120294695,28.369724344167466,-82.32611420462572,0.7498500208423888,-2.4302900304442967,7.5,-3787.3791057813246,-3.214123714671132,36.16955330444626,-0.5131589316417958,0.05712561324353782,0.0015345375748099244,-0.009415862563132303,0.332651680192631,-2.7549113831062186,-26.75491138310622,-12466.427693906979,-11405.72772940576,-4.216684977213541,1,0,0,-4.216684977213541,1,1,0,0,0,25.72397762888796,24.0,990.6971055603866,1031.295001220703,1071.8928968810192,7.873187712974883,0.20940625579350758,980.2894506043283,1031.2832470993462,1082.2770435943642,974.0,1026.9500122070312,1079.9000244140625,3.119088111748213,0.28416502386919,962.3367915075255,1031.295001220703,1101.5368189733458,111615.0,41.554933949432076,-0.0020149572988629218,-1506853.9772585866,-124149.52627667622,-574910.7102589038,1012.5666707356771,2644063.974255801,1000.8236961961247,-1.522852149793657,-4.012591453311755,2.4897393035180984,0.8055657617582467,-1.162374976825971,20.298947830158166,412.04728301148293,1030.2000122070312,1030.2000122070312,0.40011720064483747,-0.7451939693250917,0.2605455767724363,412.04728301148293,1035.0057032993861,-1.2550018310546875,3.326814829801112,12.5466552734375,-0.0034612341354317566,-0.048082339460411405,-0.02430290030444293,,,,-0.0034672380643076656,-0.09193962664651711,0.4184204287185127,-0.05745104829443515,-0.04825116188677914
2026-01-06 00:00:00+05:30,1009.7999877929688,1010.7999877929688,996.2000122070312,998.2000122070312,387804,0.0,0.0,1030.7550018310544,1035.766004638672,,,1028.1324628238876,1034.6006414337414,,,1029.3799981980098,1030.7967876359528,1022.9949597655102,1033.0132319915456,1018.8182801253649,1030.8735959287146,1026.9375580203894,1033.8078850981685,1035.5274865242193,1025.6553903913154,1020.83654473995,1028.7703678678154,1037.508138257525,1027.9515581549979,1015.0689117779024,1002.9500122070312,1033.4499816894531,1036.0500183105469,39.57978399771453,-5.003997006214604,-4.450129456532341,-0.5538675496822625,15.393384402422756,23.831228730395463,-8.437844327972707,9.29651605088765,18.802359344504065,-93.15849582114544,-3.889848288905858,-1.070365489887884,-40.39996337890625,-3600.961141558194,-9.912060367359572,32.8981113572554,-1.051476759304481,-0.5131589316417958,-0.005250537808276778,-0.005670122446034388,-0.6130320186330707,-14.447080850698285,-29.047056436635785,-13533.91715500915,-12174.415737004352,-11.683349609375,0,1,0,-11.683349609375,1,0,0,0,0,24.929406054391496,14.5999755859375,988.6491762338993,1030.7550018310544,1072.8608274282094,8.169899835044678,0.11341466219554733,979.2142706453595,1028.1324628238876,1077.0506550024159,974.0,1026.9500122070312,1079.9000244140625,3.563284331107465,0.2739623295703208,963.6028421577363,1030.7550018310544,1098.9278543647677,-276189.0,36.70411437389941,-0.06699485869782386,-1788410.1283584754,-214698.3763645317,-1019086.0373647746,1001.7333374023438,2278465.288598239,1000.8236961961247,9.095110979167002,5.284297340519123,3.810813638647879,2.0058696167163044,-1.5463413512178132,21.052912798577527,443.22513730450936,1030.2000122070312,1030.2000122070312,0.2864500315973608,-0.7432818755566989,0.23073807449910724,443.22513730450936,1026.6299909319196,-0.5399993896484375,3.317702969902686,13.21376898871528,-0.009427408836875428,-0.031625955643051595,-0.010703654898878812,-0.03769404683366828,,,-0.009472128135559735,-0.09193962664651711,0.4184204287185127,-0.05745104829443515,-0.04825116188677914
2026-01-07 00:00:00+05:30,998.4000244140624,1011.2000122070312,991.0999755859376,994.7999877929688,285512,0.0,0.0,1030.0200012207029,1034.3400048828125,,,1024.9579413923716,1033.0398314870445,,,1025.9557111467634,1029.1902771714153,1017.437538282468,1030.0150716820297,1011.5026804661941,1026.5783592338562,1016.2369271705262,1031.0870121124997,1024.44136935117,1016.354877020714,1018.2155037697559,1027.78706895681,1035.6247520722259,1025.2518079593096,1007.963315946655,996.5,1031.7499694824219,1035.5,38.75042476766828,-7.005706611262099,-5.161471249263869,-1.84423536199823,9.560689365478806,15.95770270912412,-6.397013343645314,3.891446271087207,10.261154147423182,-95.83332187779241,-6.521327434988551,-1.4561676282348934,-69.39996337890625,-3565.3960550496104,-16.19382539636922,30.885736621898054,-1.5534448497360738,-1.051476759304481,-0.014317461571899948,-0.003799553768534124,-2.03752042231964,-9.697473457964747,-29.797510079058384,-14961.614623888114,-13121.646376016442,-12.783365885416666,0,1,0,-12.783365885416666,1,0,0,0,0,24.58445109487022,20.100036621093636,985.8875187986467,1030.0200012207029,1074.1524836427589,8.569247659220895,0.10097402757778967,976.8700462553998,1024.9579413923716,1073.0458365293434,991.0999755859376,1035.5,1079.9000244140625,3.944083169822752,0.2741178787610675,967.0572878276375,1030.0200012207029,1095.6573091899422,-561701.0,34.270382467898166,-0.164007104279748,-1968808.1024322468,-289622.4089362605,-1012180.570670923,999.0333251953125,2181215.4630486,1000.483080650895,12.039716355699548,6.5831221736413355,5.456594182058213,1.5109117108993277,-1.5961038896888438,22.066241211028032,486.9190011832719,1030.2000122070312,1030.2000122070312,0.15912153848876948,-0.7584816354070739,0.21749360300733533,486.9190011832719,1017.8271309988838,-0.7350006103515625,3.305614321815289,14.394659830729188,-0.00340615545229761,-0.03856186842737985,-0.014561676282348945,-0.030881648521218996,,,-0.0034119696061424318,-0.09193962664651711,0.4184204287185127,-0.05745104829443515,-0.04825116188677914
2026-01-08 00:00:00+05:30,999.0,1003.2000122070312,949.9000244140624,959.0,213032,0.0,0.0,1025.8499999999997,1032.1120043945314,,,1018.6762326883362,1030.136308683631,,,1019.1919015066965,1026.235767176011,1006.1886077138201,1024.4405077461213,996.3248213358753,1018.5722739137145,1002.1891519627425,1026.914477296158,1003.8933753538336,1000.4448933833246,1012.9364634488219,1022.5713675482016,1031.6320615332236,1019.0699724453053,997.8867140962832,976.8999938964844,1013.8499755859375,1014.9000244140625,31.31082876961509,-11.349999982048871,-7.604611696040513,-3.745388286008358,6.002721173671383,10.318931647190983,-4.316210473519599,0.0,4.395987440658286,-93.000018780048,-9.66465504384631,-8.000769614423408,-102.5999755859375,-2890.0187024350917,-24.651765531651904,28.85039411528626,-2.0253601246503967,-1.5534448497360738,-0.02876545805603481,-0.00470178751501571,-5.101632307041456,-8.854975505822495,-62.15496329879136,-16596.326687567696,-14342.302989878199,-25.933349609375,0,1,0,-25.933349609375,0,0,0,1,0,26.635560859020128,53.299987792968864,971.9607208826534,1025.8499999999997,1079.739279117346,10.506268775619509,-0.12025324048620908,965.0157584609866,1018.6762326883362,1072.3367069156857,949.9000244140624,1014.9000244140625,1079.9000244140625,4.787689852707489,0.27358048263211854,963.0136295339188,1025.8499999999997,1094.2136417409502,-774733.0,29.69439824346906,-0.2392299215890113,-2109097.646784661,-338581.4219244397,-1957089.4890767508,970.7000122070312,1414574.6213622505,996.8843685246119,11.268083210646624,4.649191222870729,6.618891987775895,1.0644686276263566,-2.481012961944836,26.944639558673153,726.0136009468142,1028.7000122070312,1028.7000122070312,-0.46891739500977814,0.6383369607266673,0.3909447695806245,726.0136009468142,1005.8757045200892,-4.170001220703125,3.28939372152468,17.02488905164931,-0.035987121262831434,-0.057956777996070685,-0.08000769614423409,-0.07432432432432434,,,-0.03665062477497174,-0.09193962664651711,0.4184204287185127,-0.05745104829443515,-0.04825116188677914
2026-01-09 00:00:00+05:30,962.7000122070312,969.0,935.0,939.7000122070312,484780,0.0,0.0,1021.3550018310547,1029.1100036621094,,,1011.1546878805929,1026.5897872531762,,,1010.987140764509,1022.6117674823836,993.0511533156916,1017.7099088996417,979.0457141062503,1009.012590249188,985.0631601969399,1021.1099318745867,978.2258716506342,983.3358605685437,1006.4134639247873,1012.0405624858469,1025.9743703643214,1011.2286878412685,983.9205941444034,949.3500061035156,1004.1999816894531,1007.4500122070312,28.170817713482208,-16.1639040710553,-9.934812628037552,-6.229091443017746,4.803427835730405,6.788946124960198,-1.985518289229793,0.0,1.297148757029069,-96.75637583496838,-12.070734991930133,-8.731542881762877,-128.99993896484375,-2189.9919208978313,-34.86441273408741,27.206742421696394,-2.4749563529064655,-2.0253601246503967,-0.048775944849521746,-0.009049737258691614,-7.913956061222287,-32.718562640593404,-66.7185626405934,-18220.359812001938,-15811.693264987118,-43.383331298828125,0,1,0,-43.383331298828125,0,0,0,1,0,27.161592226232976,34.0,955.1847010879654,1021.3550018310547,1087.5253025741438,12.957355791955008,-0.11700633597733351,956.1285445320385,1011.1546878805929,1066.1808312291473,935.0,1007.4500122070312,1079.9000244140625,5.670859942848873,0.2781714312112969,958.021537980507,1021.3550018310547,1091.7465593428117,-1259513.0,28.7518701257251,-0.3128927198024876,-2459849.8869185075,-439432.9652872421,-3014112.145247985,947.9000040690104,438949.16961299186,996.8843685246119,19.882291021209532,10.610719226746909,9.271571794462623,2.1265806348596388,-2.468025343909335,33.08515037154459,1094.6271751077174,1027.300048828125,1027.300048828125,-0.8300209446870369,0.9097354159215464,0.6034964814432557,1094.6271751077174,990.2514186314173,-4.494998168945313,3.271224770920999,20.41999918619791,-0.020125117615191646,-0.07070806876667757,-0.08731542881762877,-0.09548561928562838,,,-0.020330386504069736,-0.09193962664651711,0.4184204287185127,-0.05745104829443515,-0.04825116188677914
2026-01-12 00:00:00+05:30,934.0,945.0,921.5,939.7999877929688,155074,0.0,0.0,1016.575,1026.3620043945314,,,1004.359002157962,1023.1862657057171,,,1003.2199965704056,1019.1094139188879,981.8311361835283,1011.3845677616252,965.1565818139808,1000.2210820006536,967.7186371298784,1014.1474507491923,963.0386176188184,970.5229144913312,1001.0874447742442,1008.700717350337,1022.9183859812998,1004.3895635349079,968.4268197049823,939.75,1004.1999816894531,1000.7000122070312,28.21097979814017,-19.743302053352522,-10.81136848826782,-8.931933565084702,7.2655420669657165,6.023897025455835,1.2416450415098819,0.043938841871246775,0.014646280623748925,-88.44697918408647,-11.222368272511313,-9.233149929197099,-118.79998779296875,-1684.3912152210696,-48.76000150792743,31.243032550897315,-2.9087743264563533,-2.4749563529064655,-0.07210380444255815,-0.016866005611864625,-11.033495319518586,-47.87305194807561,-71.37305194807561,-19870.038505205885,-17410.83768803888,-60.91665649414062,0,1,0,-60.91665649414062,0,0,0,1,0,26.90004992435919,23.5,941.4681909564517,1016.575,1091.6818090435484,14.776442277952597,-0.011105538796860152,950.0972534140318,1004.359002157962,1058.620750901892,921.5,1000.7000122070312,1079.9000244140625,6.52229763328408,0.27617564783641535,952.1538787076303,1016.575,1087.7788939664194,-1104439.0,21.794464055878624,-0.295232970383722,-2373404.54164133,-413236.62632135535,-2581309.8939248915,935.4333292643229,440599.0167782866,996.8950076205615,15.048929506618377,4.621886169724602,10.427043336893774,0.6840828995155916,-2.0444221551874393,37.553404521774176,1410.2581911760092,1022.4000244140625,1022.4000244140625,-0.742933951973722,0.145530217274438,0.7213721241996031,1410.2581911760092,976.5099897112165,-4.780001831054688,3.257491594460544,23.38155463324653,0.00010639095949649402,-0.06738118844054597,-0.09233149929197093,-0.09145401623001714,,,0.00010638530037974508,-0.09193962664651711,0.4184204287185127,-0.05745104829443515,-0.04825116188677914
2026-01-13 00:00:00+05:30,939.9000244140624,952.2000122070312,934.7999877929688,942.5,122523,0.0,0.0,1011.8099975585939,1023.7640039062501,,,998.4676686191085,1020.02209842314,,,996.1652346656437,1015.8207078642004,972.7550595356581,1005.6431298720267,954.7871237217189,992.4412266949353,952.412017951734,1006.4885020042045,955.9537252033692,959.0731177615021,996.1624469399602,1006.345952226039,1021.1849973174236,998.6882790226194,955.2233689119599,941.1499938964844,1004.1999816894531,1000.7000122070312,29.359726167646496,-22.10729320754467,-10.540287713967976,-11.567005493576696,9.35140623171397,7.1401253781366965,2.211280853577273,1.344649724082835,0.4628628553180273,-86.74242628580325,-8.566166535256743,-9.182891148997054,-88.300048828125,-1365.0804689230436,-58.56441255457253,30.553040802071937,-2.839341371933176,-2.9087743264563533,-0.09672630504812263,-0.02806841806010343,-13.770905092052846,-33.47688946274786,-50.87691387681036,-21929.42255328524,-19117.757645878093,-81.0166524251302,0,1,0,-81.0166524251302,0,0,0,1,0,26.221476673623712,17.4000244140625,930.534114433659,1011.8099975585939,1093.0858806835286,16.065443773247175,0.07361276867301066,946.0594151052551,998.4676686191085,1050.875922132962,921.5,1000.7000122070312,1079.9000244140625,7.245744393307204,0.2763728872265172,947.195581453614,1011.8099975585939,1083.6955967124031,-981916.0,15.46996829753867,-0.2996806501036147,-2387487.6253295317,-369433.95734325214,-2165292.2525581797,943.1666666666666,475799.4423942705,997.1823040923748,9.813478368544606,-0.4908519746793356,10.304330343223942,0.5906650025092525,-1.7055489253079577,40.637941562467404,1651.4422944345158,1015.6499938964844,1015.6499938964844,-0.5560535906057421,-0.49568435468028216,0.7717841702080194,1651.4422944345158,964.8757088797433,-4.76500244140625,3.2508284855930993,26.214887966579862,0.002872964718133142,-0.05580045234008557,-0.09182891148997052,-0.08637066469038024,,,0.0028688456424175385,-0.09193962664651711,0.4184204287185127,-0.05745104829443515,-0.04825116188677914
2026-01-14 00:00:00+05:30,942.5,951.4000244140624,932.5,943.0,519478,0.0,0.0,1007.5699951171875,1021.4180029296876,,,993.1850335125268,1017.0016239751739,,,989.6119015648252,1012.6534920247395,965.1417173405931,1000.2845120740974,946.7762785241156,985.3538791363391,940.3120480465577,998.439636420768,950.8736177941232,950.3994874985019,990.179604926077,998.7427724220536,1016.4482313201879,993.6843769532178,946.9884323683029,942.75,1004.1999816894531,1000.7000122070312,29.584436862543196,-23.66760202399098,-9.680477224331426,-13.987124799659554,12.794608253770576,9.803852184150088,2.9907560696204882,2.8912026180807042,1.4265970613449288,-86.42676976879855,-8.862467913332551,-8.250636777533932,-91.699951171875,-1117.954508963097,-67.79999748678745,32.55977903381965,-2.678491744918987,-2.839341371933176,-0.12138048872674112,-0.04226842805163574,-15.577308159940246,-28.180177017176902,-47.08020143123929,-24971.831585142383,-21131.852252354427,-95.51664225260416,0,1,0,-95.51664225260416,0,0,0,1,0,25.698515797940765,18.900024414062386,921.1231934599898,1007.5699951171875,1094.0167967743853,17.15946327820994,0.12653334837511993,942.1680375877904,993.1850335125268,1044.2020294372633,921.5,1000.7000122070312,1079.9000244140625,7.897988615885342,0.27636540749254673,943.2857451191226,1007.5699951171875,1078.4107603779119,-462438.0,10.343545234025719,-0.24977864090565488,-2329768.5931456382,-299564.6318534026,-1818859.21647844,942.3000081380209,503357.9569831299,997.1823040923748,18.893819972763385,6.871591703631555,12.02222826913183,2.047232178571921,-1.4938666064995207,43.223400828598855,1868.26237918972,1012.25,1012.25,-0.372933413173093,-0.9586315955438075,0.788717168221913,1868.26237918972,953.6957144601005,-4.24000244140625,3.245422075545808,28.349111599392366,0.0005305039787797394,-0.052070756361678794,-0.08250636777533937,-0.07747995623286152,,,0.0005303633112915648,-0.09193962664651711,0.4184204287185127,-0.05745104829443515,-0.04825116188677914
2026-01-15 00:00:00+05:30,943.0,943.0,943.0,943.0,0,0.0,0.0,1004.0549957275392,1019.3300024414064,,,988.4055065113339,1014.0995995055592,,,983.4623782203312,1009.5782762235754,958.7086484023146,995.249841031758,940.5962372443289,978.8557097373724,931.5986142694381,990.2715196262549,947.8668495867837,943.199535145594,984.9333468667824,998.4626123353694,1016.1162076273215,989.2206959255404,943.5158798768659,943.0,999.1499938964844,999.2000122070312,29.584436862543193,-24.6203499340387,-8.506580107503314,-16.113769826535385,13.555355202359369,11.900456562614638,1.6548986397447312,4.578156167947822,2.938002836703787,-86.1647383383201,-7.367387033398821,-6.9377270936405075,-75.0,-918.3404386437751,-71.90853020163127,32.86660915116365,-2.4999811955147555,-2.678491744918987,-0.1451924010250849,-0.05899754043927002,-17.214572338426343,-31.354458369633676,-31.354458369633676,-28999.29580979843,-23778.64043197659,-109.24997965494792,0,1,0,-109.24997965494792,0,0,0,1,0,23.86290752665928,2.220446049250313e-16,912.9953481346284,1004.0549957275392,1095.11464332045,18.13837847137625,0.1647527343808185,942.247272103239,988.4055065113339,1034.5637409194287,921.5,1000.7000122070312,1079.9000244140625,8.419973316641117,0.2742064103908523,941.9989411510991,1004.0549957275392,1071.8489625134039,-462438.0,3.815506193126734,-0.2404480765088736,-2329768.5931456382,-243748.57762088208,-1559022.1855529486,,503357.9569831299,997.1823040923748,8.650660098186856,-2.697254536755981,11.347914634942837,0.0,-1.340989062476725,45.52982379645541,2072.9648549362773,1009.4500122070312,1009.4500122070312,-0.22812309027449437,-1.2870787625609605,0.795827805027919,2072.9648549362773,942.2771432059151,-3.5149993896484375,3.244588726391774,30.36066704644098,0.0,-0.016684045881126153,-0.06937727093640511,-0.08321988879804887,,,0.0,-0.09193962664651711,0.4184204287185127,-0.05745104829443515,-0.04825116188677914
2026-01-16 00:00:00+05:30,949.0,953.7000122070312,927.0,931.0,215894,0.0,0.0,999.2649932861328,1017.1360034179688,,,982.9383154150164,1010.8407916818119,,,976.5047595796132,1006.1143545592065,951.1232232768546,989.5992279841671,932.8193062027863,971.5499948588097,924.4702973706794,981.9179530427518,941.3647895212389,934.7329115882012,978.7241950518473,994.5806501543638,1014.0440046336515,983.9201157474064,941.2352998951765,937.0,982.8499755859375,989.5999755859375,27.178025452418133,-26.043496018161136,-7.9437809533006,-18.099715064860536,11.461177034724733,12.603713496951558,-1.1425364622268255,3.277445285736234,3.5822680239215865,-93.02496078870715,-7.931171997514894,-9.329961460116845,-80.20001220703125,-769.3521928404655,-71.66058798397273,31.685223071507558,-2.387437192900226,-2.4999811955147555,-0.16889741617809317,-0.07793442418959258,-18.510196138292976,-14.460952109797631,-41.16096431682888,-33028.66481396339,-27150.057026188377,-113.26664225260417,0,1,0,-113.26664225260417,0,0,0,1,0,24.065557860971566,26.70001220703125,903.2966380453304,999.2649932861328,1095.2333485269353,19.207788901961976,0.14433592138344317,936.0903867206389,982.9383154150164,1029.786244109394,921.5,1000.7000122070312,1079.9000244140625,8.832145556567957,0.2685296354951143,937.9111480859139,999.2649932861328,1068.1861724999762,-678332.0,3.7851649061937263,-0.28444733674717515,-2480975.281896201,-246866.99479904072,-1706408.730473956,937.2333374023438,228625.40130974707,997.1823040923748,7.665560078018886,-2.945883645539161,10.611443723558047,0.8541110826267633,-1.4226563144662274,47.984177620401226,2302.481301906214,1003.9500122070312,1003.9500122070312,-0.0735703393907707,-1.4477056974551845,0.8127779542246141,2302.481301906214,930.9842921665737,-4.79000244140625,3.24388980413604,32.843777940538196,-0.012725344644750836,-0.009258286787288572,-0.09329961460116842,-0.10411851063874777,,,-0.012807005356390466,-0.09193962664651711,0.4184204287185127,-0.05745104829443515,-0.04825116188677914
2026-01-19 00:00:00+05:30,925.0,936.0,921.0999755859376,929.7000122070312,99165,0.0,0.0,995.7399932861329,1015.2380041503907,,,977.8680008237798,1007.6588003298598,,,969.8795232863654,1002.6854921587775,944.4954899733716,984.1930317527961,926.5257099762298,964.7146305325207,918.8132803384359,973.6364954374742,936.8853240792687,927.7297783138041,972.562460955145,992.6040104127416,1012.9699399205189,979.0616368735,938.5780699396596,930.3500061035156,982.1999816894531,982.5499877929688,26.92254050253842,-26.965407263927887,-7.092553759253878,-19.87285350467401,9.26929609047513,11.428609442519743,-2.159313352044613,1.7308923917383645,3.1954979484741397,-93.00241260154736,-7.740398834487158,-7.048590195918456,-78.0,-616.9571468357382,-69.82706137264472,37.08986625228963,-2.5480858700312767,-2.387437192900226,-0.1917928096597854,-0.09866134328420466,-18.98078276478133,-26.666542586857872,-41.56656700092026,-35366.890513370585,-30732.44055767277,-107.23331705729166,0,1,0,-107.23331705729166,0,0,0,1,0,23.410876900478055,14.900024414062386,894.862741593143,995.7399932861329,1096.6172449791227,20.261765596072035,0.17267158863482962,932.643679735712,977.8680008237798,1023.0923219118475,921.0999755859376,1000.5,1079.9000244140625,9.190436126781169,0.2565451822858032,936.3753614541436,995.7399932861329,1061.4753828164485,-777497.0,4.10081950770967,-0.25206287628617013,-2465667.633015723,-220829.6412918591,-1481052.2389047833,928.9333292643229,214778.64626251333,997.04267060226,2.4244760032541386,-6.5495741762431265,8.974050179497265,0.39933361844219417,-1.3093136454606809,50.438625846494936,2544.054977282707,1002.9500122070312,1002.9500122070312,0.016589514355302967,-1.5991921306734111,0.8229217943489295,2544.054977282707,918.1585832868304,-3.525,3.2452351210360755,35.52355482313369,-0.0013963349011479886,-0.010746941601538329,-0.07048590195918458,-0.10879979321063427,,,-0.0013973106851793784,-0.09193962664651711,0.4184204287185127,-0.05745104829443515,-0.04825116188677914
2026-01-20 00:00:00+05:30,923.0,927.4000244140624,907.0999755859376,910.0999755859376,198103,0.0,0.0,989.3149932861329,1012.9360046386719,,,971.4139031820805,1003.8329640653923,,,961.7233311244421,998.5624322150735,935.3803050225548,977.6116182372543,916.7142822216537,956.2495604902714,912.8130740845254,965.0226766483148,926.4323164496373,917.9840816533376,965.4972625782276,986.1567623468718,1010.5874663394742,972.464379862426,932.9239039466088,919.8999938964844,964.0499877929688,972.7000122070312,23.35741737229434,-28.943939995895903,-7.256869192977515,-21.687070802918388,5.41973689970576,8.71673667496854,-3.2969997752627807,0.0,1.6694458924915327,-97.7134159106282,-8.825890156653424,-12.372424708319988,-88.10003662109364,-518.8242903702843,-71.72412019617411,37.5500693535243,-2.83952237449175,-2.5480858700312767,-0.2154587097290106,-0.12101037085721694,-19.91486006301689,-27.757008601235498,-48.05705742936027,-36042.59084548304,-33638.83288499157,-103.78332519531247,0,1,0,-103.78332519531247,0,0,0,1,0,23.352959737664882,22.600036621093636,883.6754207393964,989.3149932861329,1094.9545658328693,21.35610463070846,0.12506939496962957,926.191891412668,971.4139031820805,1016.635914951493,907.0999755859376,993.5,1079.9000244140625,9.57944035826898,0.21210305233485896,934.5967922390372,989.3149932861329,1052.3218288601308,-975600.0,3.9294845588828036,-0.31894966144235776,-2605218.163016083,-234505.0161034125,-1824162.7840253161,914.8666585286459,-202864.2497003471,997.04267060226,2.0163985815411727,-5.566121278364875,7.582519859906047,0.8637354750974576,-1.4997224201214825,52.81978627336825,2789.929821964301,996.5,996.5,0.14151789606290058,-1.4952751418506507,0.8449720915027527,2789.929821964301,906.5400068010603,-6.4249999999999945,3.2453791061240023,39.20533365885417,-0.021082108598196925,-0.034376683728448154,-0.12372424708319985,-0.12389301809080056,,,-0.02130750983427018,-0.09193962664651711,0.4184204287185127,-0.05745104829443515,-0.04825116188677914
2026-01-21 00:00:00+05:30,901.2999877929688,918.4000244140624,896.4000244140625,908.2000122070312,207581,0.0,0.0,981.5149963378906,1010.7600048828126,,,965.3935326130282,1000.0826522278095,,,953.9980948311943,994.4551383942248,927.3447037633624,971.2863536862346,908.6330934619441,948.2880495183803,907.1570172356938,956.20352447661,919.332520423684,912.2141714400733,959.128743913242,975.9569021362049,1007.8544693287473,966.4303007511937,925.6614166927842,909.1499938964844,959.7000122070312,961.7000122070312,23.038928833120423,-30.315791038394536,-6.902976188380919,-23.412814850013618,6.106461960676452,6.93183165028578,-0.8253696896093281,0.0,0.5769641305794548,-90.96478560579507,-8.705265043083225,-14.658893640528722,-86.5999755859375,-484.86305186782306,-74.89735430549172,35.700537985065274,-3.1926344927804777,-2.83952237449175,-0.2389773741911183,-0.14436725042778178,-20.15980184584088,-30.048862771483186,-52.04886277148307,-35659.47998194406,-35251.18458560245,-99.3333333333333,0,1,0,-99.3333333333333,0,0,0,1,0,23.256319756403098,21.999999999999886,876.1197494587625,981.5149963378906,1086.9102432170187,21.47603394188902,0.15219027279787964,920.2879029168932,965.3935326130282,1010.4991623091632,896.4000244140625,988.1500244140625,1079.9000244140625,9.877702648355653,0.17912780552620963,929.859542988371,981.5149963378906,1042.5845796094648,-1183181.0,3.8051913518820966,-0.37512347552004494,-2590121.59337497,-213977.39581292868,-1619910.428901237,907.6666870117188,-246199.74126574825,997.04267060226,2.046552208266894,-4.4287741213113225,6.475326329578216,0.9368937954441852,-1.391238908808481,52.69762343956406,2777.0395161780916,976.8999938964844,976.8999938964844,0.25859690319775047,-1.3572896140380406,0.8632228717099318,2777.0395161780916,898.9642918178014,-7.799996948242187,3.2462358051061004,42.63733398437498,-0.0020876424896980605,-0.036903486524887286,-0.14658893640528725,-0.1481099024433643,,,-0.0020898246528604273,-0.09193962664651711,0.4184204287185127,-0.05745104829443515,-0.04825116188677914
2026-01-22 00:00:00+05:30,912.7000122070312,919.7999877929688,902.5999755859376,914.0,167759,0.0,0.0,974.1349975585938,1008.0920043945313,,,960.4989104594065,996.706861944366,,,947.5680951799666,990.6606283988204,921.6453119326226,965.7964236615051,903.987634809185,941.6687814742916,903.3698047244907,947.5154571575288,918.0350740722357,909.936630140349,952.9354579233844,971.3836497891105,1001.9384477406231,961.7491601841147,919.2087927004893,911.1000061035156,957.9500122070312,961.7000122070312,26.340817422257473,-30.58244691967775,-5.735705655731305,-24.846741263946445,8.26601523623995,6.597404698874053,1.6686105373658968,5.833338568315914,1.9444461894386378,-86.52375277485687,-4.692387904066736,-13.903539843665826,-45.0,-497.25122926619076,-77.67059200511267,38.02812058078034,-3.032643671068527,-3.1926344927804777,-0.26079020990769086,-0.16792439098980058,-19.778667233567123,-23.727629794641757,-40.92764200167289,-34578.009451185746,-35558.17360323508,-94.10000610351561,0,1,0,-94.10000610351561,0,0,0,1,0,22.82372636001939,17.200012207031136,871.7228950695446,974.1349975585938,1076.547100047643,21.026264890537234,0.2064067815372506,916.4128622187069,960.4989104594065,1004.5849587001061,896.4000244140625,988.1500244140625,1079.9000244140625,10.083501843891055,0.185326872171026,923.5441031349011,974.1349975585938,1034.094136704237,-1015422.0,8.798072080938214,-0.36103725992887103,-2535502.065655447,-168748.30180034367,-1249494.6316066827,912.1333211263022,-139064.73365920337,997.6812951029219,0.46565895233099625,-4.807733901797777,5.273392854128773,0.7729557856149932,-1.1743728738509973,51.2060512445246,2622.0596840568796,951.0,951.0,0.40801668840501515,-1.1867454382939902,0.8637115557148302,2622.0596840568796,894.4342904227121,-7.379998779296875,3.254130583808702,44.88444444444446,0.006386245006619218,-0.030752916224814464,-0.13903539843665824,-0.14611362186737242,,,0.006365939349392792,-0.09193962664651711,0.4184204287185127,-0.05745104829443515,-0.04825116188677914
2026-01-23 00:00:00+05:30,914.0,919.7000122070312,875.0,879.5999755859375,237088,0.0,0.0,964.679998779297,1004.7860034179688,,,952.7942499952667,992.1144350283491,,,938.5647597539994,985.6217253082873,910.6701109082405,958.0038390529567,891.7350568134827,931.7477175998683,897.592074574392,938.0874635977439,907.3725386217578,901.3140904487831,945.3301434544221,961.4242064231378,997.8777418247646,953.3626428335872,910.7275910090856,896.7999877929688,938.8999938964844,943.1000061035156,20.675096161580367,-33.187008923290136,-6.672214127474952,-26.514794795815185,8.629609862754084,7.667362353223495,0.9622475095305889,5.833338568315914,3.8888923788772756,-96.6226320310858,-6.3956620028065645,-17.694393583398345,-60.10003662109375,-561.5483449677314,-82.31176829618573,30.78103499898655,-3.162131590234467,-3.032643671068527,-0.28440803852298746,-0.1915137503320705,-19.967057216815167,-14.695085094626052,-59.3950973016573,-33610.3676853944,-35021.32289952284,-98.66666666666664,0,1,0,-98.66666666666664,0,0,0,1,0,24.38631820623452,44.70001220703125,864.128326924014,964.679998779297,1065.2316706345798,20.84663763787384,0.0769338210715719,904.3925849761516,952.7942499952667,1001.1959150143817,875.0,975.9500122070312,1076.9000244140625,10.461036039636284,0.20734391330989435,912.5282346617859,964.679998779297,1028.2282773863951,-1252510.0,8.612056453163378,-0.406677791434548,-2723793.7026178907,-194815.7113013966,-2236114.3968459065,891.4333292643229,-1031387.817716233,997.6812951029219,1.9773214152179344,-2.6368571511286714,4.614178566346606,1.2331217346755674,-1.692264715713713,50.27583592764147,2527.6596782231245,943.0,943.0,0.2878103520682224,-1.0345152309569943,0.897283143211304,2527.6596782231245,886.334281703404,-9.454998779296876,3.257484449515101,48.50666829427085,-0.03763678819919314,-0.055209478425416236,-0.1769439358339835,-0.1928794859829729,,,-0.03836334052941345,-0.09193962664651711,0.4184204287185127,-0.05745104829443515,-0.04825116188677914
2026-01-27 00:00:00+05:30,879.5999755859375,892.5,860.0999755859375,884.5,192022,0.0,0.0,955.975,1001.9680029296876,,,946.2900357100032,987.8942611056689,,,930.9285693940664,980.9046271350337,902.2929540874554,951.0666586545794,883.4666714219646,923.2297318210408,891.3653460349869,928.3779840200991,902.4221378666803,894.1889389774703,936.9015113351924,954.0711011219488,995.0078812100727,946.7237322015785,902.3904944694048,882.0499877929688,937.1999816894531,935.6499938964844,23.20883240561923,-34.458535509348394,-6.3549925708265675,-28.103542938521826,11.000624544146095,9.298749881046708,1.701874663099387,10.50588846446825,7.390855200366692,-83.85174156161904,-5.884229464913649,-16.44624783687273,-55.29998779296875,-629.1214672865194,-88.64559056899122,37.19778174037215,-3.433213914736789,-3.162131590234467,-0.3077915287479027,-0.21496544185426827,-19.41492489217501,-34.76722625856348,-67.16725067262598,-31345.03656061208,-33896.878469286065,-93.80000813802081,0,1,0,-93.80000813802081,0,0,0,1,0,24.95872579250795,32.4000244140625,859.6008781489373,955.975,1052.3491218510626,20.16247743948589,0.12917950053823563,896.3266198519348,946.2900357100032,996.2534515680716,860.0999755859375,958.8999633789062,1057.699951171875,10.7287472328094,0.21434075923207363,902.8185469706485,955.975,1019.3685957987734,-1060488.0,9.26467870607201,-0.37094572100380707,-2626597.3101772023,-156843.0074751177,-1782253.41329119,879.0333251953125,-924417.3181535961,998.2383692900601,1.3525945231461096,-2.609267234560397,3.9618617577065067,0.9798975614062573,-1.4832819978470584,48.18706092553132,2321.992840640867,942.75,942.75,0.2335390734233162,-1.1217623098283018,0.9143604274397383,2321.992840640867,880.8357081821986,-8.704998779296876,3.26076750092368,51.10955647786459,0.005570741871381291,-0.04861784620151843,-0.1644624783687273,-0.17888967685362278,,,0.005555282675103427,-0.09193962664651711,0.4184204287185127,-0.05745104829443515,-0.04825116188677914
2026-01-28 00:00:00+05:30,885.0,904.5999755859376,884.7999877929688,900.5,77089,0.0,0.0,949.4599975585938,998.9560034179688,,,941.9290799280982,984.4670351799564,,,925.6452360607329,976.925489765242,898.1765698954981,945.7908275238133,881.3645455890543,917.2694339965383,886.8455661420284,919.0834280076589,902.2167767560724,890.7423733605683,929.0543951584447,946.9741534412955,992.4967313071044,942.6901105437379,896.5901393722581,892.5,919.2999877929688,931.6499938964844,30.96308024626044,-33.785702657863,-4.545727775472937,-29.23997488239006,15.919213944567677,11.849816117155951,4.069397827411725,36.916008382839166,17.75174513854111,-71.76798457359213,-4.456233421750663,-12.640671580900474,-42.0,-713.2479895143321,-90.13206428079036,43.23580708772237,-2.7767959708357566,-3.433213914736789,-0.3281698324847926,-0.2379420356051629,-18.285930171440537,-18.8433612071168,-38.643349000085664,-27813.66030692087,-32050.413041686596,-85.61667887369791,0,1,0,-85.61667887369791,0,0,0,1,0,24.611672206324354,20.099975585937614,856.8400650343089,949.4599975585938,1042.0799300828787,19.510023121025508,0.23569405513356168,892.8955178496673,941.9290799280982,990.9626420065291,860.0999755859375,952.0499877929688,1044.0,10.693386185971761,0.22385394373994166,896.9222256066589,949.4599975585938,1010.4972835900571,-983399.0,12.587397410486941,-0.3266822483401313,-2581433.8872279697,-112680.0842918735,-1351442.3542495915,896.6333211263022,-784968.5900586272,1000.047300889834,-3.9298591495397104,-6.313376725796974,2.3835175762572636,0.4027261818252107,-1.0572237794657542,46.30996626214248,2144.612975200775,941.1499938964844,941.1499938964844,0.38810468379296326,-0.9426877417482398,0.8975631611788294,2144.612975200775,878.0157130650113,-6.51500244140625,3.2660638394230794,52.39822157118055,0.018089315997738886,-0.010548264853822209,-0.12640671580900475,-0.16029468528591762,,,0.017927651016170852,-0.09193962664651711,0.4184204287185127,-0.05745104829443515,-0.04825116188677914
2026-01-29 00:00:00+05:30,900.5999755859375,907.7999877929688,880.0,902.5,91367,0.0,0.0,942.85,996.4500024414064,,,938.1739294587555,981.2526416434876,,,921.1728553408669,973.1429013959099,895.1908080522359,941.0048091250957,880.6760424366689,912.0919091037885,884.236180953649,910.4143675643896,902.2446335640368,888.0050044690856,921.7738315998415,944.7359238757815,990.9570735632259,939.2728497260149,894.4981753382353,901.5,911.2999877929688,914.5499877929688,31.888930611439825,-32.71398800034194,-2.7792104943615,-29.934777505980442,27.771696708676817,18.230511732463526,9.541184976213291,70.2493417161725,39.223746187826634,-61.06518373875838,-4.294803817603394,-12.776646120660264,-40.5,-878.8769858064068,-88.75412938735053,47.73789683409144,-2.2084256325025544,-2.7767959708357566,-0.3452146553889923,-0.2601667305344859,-16.674892659668416,-12.651443743935147,-40.4514315369039,-23697.21424765222,-29270.82927801875,-74.98333740234374,0,1,0,-74.98333740234374,0,0,0,1,0,24.839409033941813,27.79998779296875,857.2398716604023,942.85,1028.4601283395978,18.15986176795837,0.2643386315230139,888.5149946653239,938.1739294587555,987.8328642521872,860.0999755859375,949.2000122070312,1038.300048828125,10.399032442577642,0.22294825484834377,888.1503154786085,942.85,1005.0503704102491,-892032.0,16.404902975063422,-0.3058291416605056,-2524904.599264854,-66383.19824756635,-1132274.3036425072,896.7666625976562,-764676.0858942741,1000.047300889834,-7.77602845908525,-8.12763682827401,0.3516083691887608,0.6148238169451197,-0.942645473907945,42.80506416979884,1832.2735185805964,939.75,939.75,0.4714927404137042,-0.8507666077398225,0.8851923201872615,1832.2735185805964,877.8185660226004,-6.60999755859375,3.2707670806813973,53.34333089192705,0.002220988339811214,-0.006276163984164196,-0.12776646120660262,-0.14882584321535242,,,0.0022185255910252143,-0.09193962664651711,0.4184204287185127,-0.05745104829443515,-0.04825116188677914
2026-01-30 00:00:00+05:30,894.2999877929688,927.0999755859376,882.7999877929688,923.0999755859376,160535,0.0,0.0,938.1049987792969,994.3040014648439,,,936.7383148042014,978.9721449353483,,,919.2919006347657,970.266429754519,896.5499345584681,938.1115933255438,885.9461029089047,909.7438416290091,885.9640146812008,903.1346284643664,902.8168119676384,890.5949993931608,916.1160342822008,942.2734076102429,989.184087798394,938.0345342829432,898.555031381278,912.7999877929688,911.2999877929688,906.8999938964844,40.70895691495525,-29.858213643572867,0.06125108992606343,-29.91946473349893,44.824832553716725,29.50524773565374,15.319584818062985,98.91012515335349,68.69182508412172,-32.6923340264993,-2.110288909232491,-9.322202791165264,-19.900024414062386,-1043.6315371088745,-86.40707092285152,58.19011439825329,-1.5524054771412175,-2.2084256325025544,-0.35660288034986554,-0.28102289322023843,-14.099603764081001,6.270180613457342,-38.02980717951152,-19360.847544508622,-25621.27220237781,-61.63334147135414,0,1,0,-61.63334147135414,0,0,0,1,0,26.229450373872318,44.299987792968864,859.8269019763322,938.1049987792969,1016.3830955822616,16.688557657154274,0.4041556718533363,883.3707094591026,936.7383148042014,990.1059201493002,860.0999755859375,943.5499877929688,1027.0,9.902052227478531,0.2428816196511589,879.4336668987837,938.1049987792969,1001.7337004681195,-731497.0,25.20963504390645,-0.25106969583995997,-2393360.126440661,446.3326916722581,-498089.8201666499,910.9999796549478,-398247.600499427,1000.047300889834,-7.634510946988373,-6.388895452941707,-1.245615494046666,0.9749466021864409,-0.3833773125866546,39.13904840148236,1531.865109773579,935.3500061035156,935.3500061035156,0.601502381640484,-0.43113491984058744,0.8344028586261663,1531.865109773579,881.6657043457031,-4.745001220703119,3.27868663313294,53.606220703125004,0.022825457712950303,0.009956209612623113,-0.09322202791165268,-0.11867485767690422,,,0.02256885434116315,-0.09193962664651711,0.4184204287185127,-0.05745104829443515,-0.04825116188677914
2026-02-02 00:00:00+05:30,877.0,899.0,870.25,891.2000122070312,90762,0.0,0.0,932.104998779297,991.5480017089845,,,932.401333604471,975.53010051463,,,914.8247590564547,966.2231360581342,892.1164827728609,932.9648611911866,882.435256940796,904.0717331304315,887.1237857385939,896.2953177373714,902.160569788523,886.9859529944817,908.5742309310606,938.8227147591124,987.6222881322172,933.9285939692174,901.852274949636,907.1499938964844,911.2999877929688,906.8999938964844,33.47903954503714,-29.825245472414963,0.07537540886717409,-29.900620881282137,46.489668028809405,39.69539909706764,6.794268931741762,87.97050410648686,85.7099903253376,-66.77347814831407,-4.274971835979458,-11.8670884643375,-39.79998779296875,-1159.784116510125,-84.61898354923028,54.30431432285617,-1.2959439045623613,-1.5524054771412175,-0.36690361701485763,-0.3004796495930242,-13.06292626413281,-17.596968863130428,-46.34696886313043,-15944.83886699846,-21645.770459706833,-56.23333740234373,0,1,0,-56.23333740234373,0,0,0,1,0,28.13091646044841,52.849975585937614,859.2061736309531,932.104998779297,1005.003823927641,15.64176251469816,0.2194400150549268,874.0496953234887,932.401333604471,990.7529718854533,860.0999755859375,943.5499877929688,1027.0,9.477063505544008,0.26564636791074836,871.0791596489155,932.104998779297,997.2416962700092,-822259.0,25.956306354608778,-0.23025754665050374,-2351846.2998017343,40954.05539813964,-840549.0567423141,886.8166707356771,-711897.7524624909,996.5915578259629,-10.849182004759669,-7.682853208570402,-3.1663287961892665,0.5965411105436778,-1.1222399397802933,36.44941257417194,1328.5596770022034,930.3500061035156,930.3500061035156,0.7024045990780245,-0.030227875140090885,0.8343599260924982,1328.5596770022034,880.26427961077,-6.0,3.281658906728407,53.87977376302083,-0.03455743063871042,0.013187854641954155,-0.11867088464337505,-0.14365325836375809,,,-0.03516866167788238,-0.09193962664651711,0.4184204287185127,-0.05745104829443515,-0.04825116188677914
2026-02-03 00:00:00+05:30,912.4500122070312,920.0,901.0,903.5999755859376,245226,0.0,0.0,926.8999969482422,989.2520007324221,,,929.6583471265154,972.7093113017402,,,912.1099949428014,962.7741938572303,890.7283990845274,929.1031270217337,883.1950591889838,900.342939220781,888.8968965710396,890.3913185309993,902.2019930727239,887.949193241287,903.3909239276367,934.3587993031576,984.7911989224568,931.4564461338714,904.0375863045952,897.3999938964844,911.2999877929688,906.8999938964844,38.0823742719344,-28.470356003561847,1.1442119021762345,-29.61456790573808,49.00284287213778,46.772447818221295,2.2303950539164816,83.60026534696006,90.1602982022668,-53.52565920877328,-2.807361114165665,-10.330459001692098,-26.100036621093636,-1361.8860744245371,-74.1451579374426,52.578889429995506,-0.65113458773425,-1.2959439045623613,-0.3742866092685482,-0.3181271939863062,-11.553434663409947,5.259744462182766,-13.740255537817234,-13945.03243566761,-18042.269917722333,-43.60000610351558,0,1,0,-43.60000610351558,0,0,0,1,0,28.17870726991415,28.79998779296875,862.3387681170312,926.8999969482422,991.4612257794532,13.930570513275354,0.3195509767695079,871.3782957688708,929.6583471265154,987.9383984841601,860.0999755859375,935.6499938964844,1011.2000122070312,9.005621345525574,0.275025165030341,866.470609537057,926.8999969482422,991.3831461581506,-577033.0,29.425104307052198,-0.2464840386054425,-2529958.445797825,-2869.7458932558075,-286071.5601283134,908.1999918619791,-370695.62298481574,996.5915578259629,-5.790221965370536,-2.0991145353450156,-3.6911074300255207,1.4705924683904117,-0.7217960929219688,32.280614415605484,1042.0380670489965,926.3999938964844,926.3999938964844,0.7622718914109355,0.4283081697384417,0.8179594359650016,1042.0380670489965,882.5299909319197,-5.205001831054682,3.2865039219705903,54.28399576822916,0.013913782774978012,0.021594093370195244,-0.10330459001692094,-0.11809486910323586,,,0.013817874704869858,-0.09193962664651711,0.4184204287185127,-0.05745104829443515,-0.04825116188677914
2026-02-04 00:00:00+05:30,908.7999877929688,923.9500122070312,899.6500244140625,911.9000244140624,161594,0.0,0.0,922.584997558594,987.1500012207033,,,927.967078296758,970.3246333845764,,,910.6814261300224,959.7407830212162,891.2145487461312,926.1373344108245,886.368715094728,897.9466712296437,891.9828253675847,885.730981846427,902.2527704288506,890.5826068965067,898.9089307405234,927.1256553576077,982.9331888956178,929.9358192677826,904.9952714570411,907.75,911.2999877929688,906.8999938964844,41.02430240259706,-26.422272256734573,2.5538365192028074,-28.97610877593738,45.014257833005004,46.83558957798405,-1.821331744979048,83.60026534696006,85.05701160013565,-44.65808914389762,0.19778583412947254,-8.645560682989638,1.8000488281247726,-1664.8347659415076,-67.13985667509178,57.189673613473,0.014884907124524283,-0.65113458773425,-0.3779717665454707,-0.333571015359012,-9.902471136297747,9.615503972607598,-14.684483820361152,-13016.955291718745,-15359.590906926582,-34.366668701171854,0,1,0,-34.366668701171854,0,0,0,1,0,27.901655878703764,24.29998779296875,867.2056438542047,922.584997558594,977.9643512629832,12.005257803007375,0.4035292719235481,870.6089389173711,927.967078296758,985.3252176761449,860.0999755859375,935.6499938964844,1011.2000122070312,8.48507196989894,0.2793208267577004,860.6948685581781,922.584997558594,988.0324082310296,-415439.0,42.17630316579891,-0.1886106256931666,-2528628.3721838654,-20113.573372270912,-53598.75291969799,911.8333536783853,-222262.89538737736,997.510111284615,-5.7576762125527186,-1.6532550260217578,-4.104421186530961,0.9907524296101282,-0.3858829123058076,27.68967685219462,766.7182041789625,918.5499877929688,918.5499877929688,0.7239063219057231,0.9762183152599333,0.7798220955835684,766.7182041789625,886.8742832728794,-4.3149993896484435,3.2952732398504025,52.434662407769075,0.009185534586521715,0.012659660648597804,-0.08645560682989639,-0.11051495528097022,,,0.00914360413717387,-0.09193962664651711,0.4184204287185127,-0.05745104829443515,-0.04825116188677914
2026-02-05 00:00:00+05:30,911.1500244140624,916.8499755859376,884.5999755859375,891.0999755859375,87536,0.0,0.0,917.3999969482423,984.4559997558596,,,924.4559256576323,967.2177840591396,,,907.682852608817,955.9741153492647,888.0268798669038,921.778308242272,883.935229965066,893.4900893953991,893.4612190517408,881.5475082542783,902.0641169105174,888.4509253989227,893.6262256594,921.0946003320247,981.4475139024311,926.6457057212019,903.4321286766956,901.5,905.2999877929688,906.8999938964844,36.3616814335208,-26.175802877199203,2.240244718990546,-28.41604759618975,44.97863226963096,46.33191099159124,-1.3532787219602866,87.99208254537322,85.06420441309777,-66.88035483843622,-1.8828491952492579,-10.424207225524476,-17.10003662109375,-2108.206443359815,-62.23588938993555,51.897528147046394,0.3658133531894796,0.014884907124524283,-0.38091734461311866,-0.3469184747707262,-8.984292698106158,5.8346863012976655,-26.415313698702448,-12581.232699151768,-13741.674503487155,-34.266672770182275,0,1,0,-34.266672770182275,1,0,0,0,0,28.212251887367792,32.250000000000114,871.9634870589214,917.3999969482423,962.8365068375633,9.905495975684943,0.21058493019854294,866.4176090762822,924.4559256576323,982.4942422389823,860.0999755859375,931.6499938964844,1003.2000122070312,8.049265483033855,0.28690170711346435,854.1924295935544,917.3999969482423,984.5674601111323,-502975.0,40.53890836927308,-0.16424331195936212,-2580878.542726501,-41964.41402522754,-306049.37024813256,897.5166422526041,-421928.7606656087,995.2291541323779,-9.290471251146705,-4.148840051692595,-5.14163119945411,0.5793333853967431,-1.157660279205827,22.71825494466051,516.1191077305918,912.9500122070312,912.9500122070312,0.0514486201845936,-1.058100542133352,0.7911628141276932,516.1191077305918,888.2485639299665,-5.185000610351563,3.2987325936944023,49.65266506618924,-0.022809571522371508,-0.012631605998961182,-0.10424207225524473,-0.12379550089878322,,,-0.02307373449135517,-0.09193962664651711,0.4184204287185127,-0.05745104829443515,-0.04825116188677914
2026-02-06 00:00:00+05:30,888.0,890.75,878.0,881.1500244140625,76045,0.0,0.0,913.5074981689453,981.4270007324221,,,920.3315541106257,963.8425777985484,,,904.2304742722285,951.9229006299785,883.640366995532,916.9421969790292,879.7012225527768,888.3597054373291,893.06148166673,877.5269804589128,901.3313108944665,887.9032251935193,888.0369633441722,917.9988282776073,980.1366144389385,922.6710677529778,899.6688530933112,886.125,904.6499938964844,898.0499877929688,34.35044751117272,-26.478128637687746,1.5503351668016023,-28.02846380448935,38.731823923828756,42.90823800882157,-4.176414084992814,81.43010964616016,84.3408191794978,-72.26608424617987,-3.5940892325971006,-8.117828528252085,-32.8499755859375,-2449.7594480914395,-62.42073866900273,50.01371853317392,0.23340786572101313,0.3658133531894796,-0.38401756723597247,-0.3579862001832801,-8.422940460794107,-15.998822874557504,-28.748822874557504,-11958.99624184154,-12850.067443208362,-32.875,0,1,0,-32.875,1,0,0,0,0,27.132803580122772,13.0999755859375,869.769685149311,913.5074981689453,957.2453111885795,9.575797266536574,0.13009726000294908,865.3254628063685,920.3315541106257,975.3376454148829,860.0999755859375,914.5499877929688,969.0,7.717766757940101,0.2635376532742015,854.5161626043925,913.5074981689453,974.7536961737283,-579020.0,43.44051843955027,-0.14214604501282893,-2619348.0750296563,-59328.75329560228,-370420.0369077185,883.300008138021,-506840.00043617515,994.1125621175108,-12.838972807106057,-6.157873286121557,-6.6810995209845,0.53580588248557,-1.4796109599882048,21.868906509817105,478.2490719351209,911.0,911.0,-0.011297655893988491,-1.32241198913429,0.78945816650498,478.2490719351209,885.6764264787946,-3.892498779296875,3.2986817558395645,46.51666531032985,-0.011165920148670683,-0.04544464552200578,-0.0811782852825208,-0.15872636635940862,,,-0.011228727003582325,-0.09193962664651711,0.4184204287185127,-0.05745104829443515,-0.04825116188677914
2026-02-09 00:00:00+05:30,885.0,931.0999755859376,882.4000244140625,929.4500122070312,174366,0.0,0.0,912.9949981689454,979.4180004882815,,,921.1999786912357,962.493849736136,,,905.7488089425224,949.884587354473,888.7889078267028,916.1368627711429,889.0974061290032,889.1973375422896,896.4702562604631,875.1110488460896,902.8960337490178,896.1410155954759,886.5923770250687,915.3995404594648,978.6808938895507,923.1413055134298,900.2463645145526,905.3000183105469,904.5249938964844,895.5999755859375,49.07548171277131,-22.5602580148402,4.37456463171932,-26.93482264655952,52.84322294413906,45.51789304586626,7.325329898272798,81.43010964616016,83.61743394589784,-2.3238920829667054,5.667353115589459,-1.090773636995735,49.85003662109375,-2823.6168060107543,-54.958973065544455,55.482161310714595,0.3638937671484309,0.23340786572101313,-0.38100123159495736,-0.3661206116107306,-6.215009159036092,21.108125663883698,-27.591825507991416,-11095.097408566628,-12198.751763711998,-26.0999959309896,0,1,0,-26.0999959309896,1,0,0,0,0,28.76259983667651,49.949951171875114,870.3222034237498,912.9949981689454,955.6677929141409,9.347870433195773,0.6928045038570918,861.9182863355983,921.1999786912357,980.4816710468732,860.0999755859375,906.8999938964844,953.7000122070312,7.2255291355678315,0.32621321292879074,850.486233867694,912.9949981689454,974.3987552299984,-404654.0,50.09687208476999,0.0009309284359393715,-2456797.1798748756,-9318.084239179734,885622.2071517823,914.3166707356771,448942.265711871,994.1125621175108,-10.354420136537493,-2.9386564924423944,-7.415763644095099,1.2853711864431767,0.7712180154283677,21.336397372597773,455.24185284139713,911.0,911.0,-0.01587270445084753,-1.240859232077467,0.6555822900078111,455.24185284139713,891.2564304896764,-0.5125,3.313573007096216,41.281333821614574,0.05481471537731242,0.04291965829901079,-0.010907736369957344,-0.11048905111450347,,,0.0533651262693374,-0.09193962664651711,0.4184204287185127,-0.05745104829443515,-0.04825116188677914
2026-02-10 00:00:00+05:30,926.0,939.8499755859376,913.75,932.25,206543,0.0,0.0,912.6174987792969,977.4450000000002,,,922.2523616730227,961.3078164131502,,,907.5826186407181,948.0348618451286,893.8802154933954,915.6292282933274,897.8135981961055,890.397950003122,902.456840878441,874.1734219458328,904.4579008667702,902.6037760149544,885.7965970551825,915.3084086577182,976.685291750459,923.7668688202073,905.1865486932782,930.8500061035156,905.9249877929688,899.9749755859375,49.77872576883459,-19.010243452032228,6.339663355621838,-25.349906807654065,71.96009123994483,54.511712702637546,17.448378537307285,89.06778834126013,83.9760025445268,-9.529749951018939,5.398530243075184,-0.8033611290737703,47.75,-2893.784261500001,-48.82250438017002,53.73022175917008,0.7210706701310299,0.3638937671484309,-0.37288441383800386,-0.37108889842775405,-3.190625092734703,26.678389938462715,0.5784143525251011,-10211.602452553447,-11483.503742086923,-14.424997965494809,0,1,0,-14.424997965494809,1,0,0,0,0,28.57241239019516,26.099975585937614,870.8184992572162,912.6174987792969,954.4164983013775,9.160245026638286,0.734844152314365,863.6451208586959,922.2523616730227,980.8596024873495,860.0999755859375,906.8999938964844,953.7000122070312,6.647085326380623,0.32645296846202865,849.8458994250533,912.6174987792969,974.4084146838424,-198111.0,59.58168735442566,0.0008602028866022763,-2370539.484531793,39433.554732989985,841721.5888048342,928.616658528646,511163.78070759366,994.1125621175108,-6.659494463894903,0.6050153441601562,-7.26450980805506,1.5064442698840244,0.9393766092574595,20.899499761040328,436.78909026172477,911.0,911.0,-0.03432036103386677,-1.1917405987277854,0.5076662332124986,436.78909026172477,897.5128583635603,-0.3774993896484375,3.3258855654757093,36.55722384982637,0.0030125211213027914,0.03170653517944633,-0.008033611290737652,-0.09084261965693885,,,0.003007992572170031,-0.09193962664651711,0.4184204287185127,-0.05745104829443515,-0.04825116188677914
2026-02-11 00:00:00+05:30,930.0999755859376,933.4000244140624,915.8499755859376,923.9000244140624,113717,0.0,0.0,911.6875,975.5730004882814,,,922.4092819340741,959.8408441778919,,,908.6571448916482,945.9350588809742,896.881220388696,914.5441293269314,903.0132146459449,890.6692107770135,909.0082823650145,874.3486850733759,904.8936334532885,906.6700877114469,884.5104583877305,914.5995962788269,975.6504179040164,923.7763744521438,912.8971495440587,928.0750122070312,905.9249877929688,899.9749755859375,47.66479564738263,-16.678346978601894,6.9372478632417405,-23.615594841843635,89.38213973083437,71.39515130497276,17.98698842586161,97.57884709458477,89.35891502733502,-19.99993877351123,2.598559068746517,-1.973472210709561,23.400024414062386,-3128.318259232649,-42.54059627757363,55.607973328184336,1.0953817058118962,0.7210706701310299,-0.3618919984552105,-0.37294193654622276,-1.0398241539170439,18.69580465707486,1.1457558289500867,-9388.057533169567,-10660.075582875208,-0.4749857584635988,1,0,0,-0.4749857584635988,1,1,0,0,0,27.785100707190136,17.550048828124773,871.9090973280481,911.6875,951.4659026719519,8.726324024833483,0.6535069735551945,866.0408166586118,922.4092819340741,978.7777472095364,860.0999755859375,906.8999938964844,953.7000122070312,6.068782719853632,0.3275907495619869,848.8840074418752,911.6875,973.4840288041797,-311828.0,62.21720962730022,0.0022737378859964126,-2379934.563658177,52803.19506930187,585827.908446134,924.3833414713541,409309.7529568758,993.2168822477402,-8.432330908446275,-0.9342568803129723,-7.498074028133303,0.8078264334999655,0.6140278942207784,19.88920133597592,395.58032978298627,911.0,911.0,-0.07149918110364889,-1.072336476256347,0.377169934119826,395.58032978298627,902.5964346749441,-0.9299987792968807,3.331808778566049,33.323999023437494,-0.008956798697707269,0.013159337294360363,-0.019734722107095592,-0.12101603475061185,,,-0.008997151957225776,-0.09193962664651711,0.4184204287185127,-0.05745104829443515,-0.04825116188677914
2026-02-12 00:00:00+05:30,922.0,928.0,901.0999755859376,909.4500122070312,322732,0.0,0.0,910.0100006103514,972.9180017089844,,,921.1750657695939,957.8647331202111,,,908.4440508161273,943.3420005170036,896.9615764130554,912.4457435217125,903.6989460547546,889.3896166280782,913.585298646869,875.0130344501833,904.9289557065584,905.6348459130352,883.5453433299397,909.3469021486337,971.9189458596729,922.6870431985822,918.1987310838879,916.6750183105469,905.9249877929688,899.9749755859375,44.16910388122247,-15.814003456348587,6.241273108396037,-22.055276564744624,77.45041164609441,79.59754753895787,-2.14713589286346,91.1539647422087,92.60020005935118,-38.119076337186605,0.7700844550727147,-3.557792979105912,6.95001220703125,-3525.9209738917593,-35.528534294577184,54.117596953436546,1.1788686089662093,1.0953817058118962,-0.35047244444335046,-0.3722607770010544,-0.2838471080751864,14.046381321577542,-12.853643092484845,-9040.486780244866,-9889.150693376252,6.866678873697878,1,0,0,6.866678873697878,1,1,0,0,0,27.721880971966726,26.900024414062386,873.0625845559669,910.0100006103514,946.957416664736,8.120221982088907,0.49242181912672994,865.0512115843542,921.1750657695939,977.2989199548335,860.0999755859375,906.8999938964844,953.7000122070312,5.575090313291949,0.3316640117216563,846.5346060335312,910.0100006103514,973.1346273958358,-634560.0,50.30864588462021,-0.055210445808667255,-2502308.0823930036,14535.274239502382,-164073.41270325263,912.8499959309897,-95450.63413772936,993.2168822477402,0.5057861843134553,6.403088169957408,-5.897301985643952,1.9690114309700217,-0.030312723493080174,18.47370802719231,341.2778882739496,909.7749938964844,909.7749938964844,-0.07054220263916207,-0.9207344118727021,0.2679305213915918,341.2778882739496,905.3121512276786,-1.6774993896484376,3.333372676412358,29.83400065104167,-0.01564023360232658,0.020592567752039104,-0.035577929791059115,-0.11514889180637211,,,-0.015763832493422607,-0.09193962664651711,0.4184204287185127,-0.05745104829443515,-0.04825116188677914
2026-02-13 00:00:00+05:30,905.7999877929688,942.1500244140624,900.4000244140625,907.1500244140624,501715,0.0,0.0,908.2175018310546,970.3490026855469,,,919.8393475452575,955.8759210140877,,,908.1716721307664,940.762864152497,896.7233978292279,910.3272487880782,903.8121252750353,888.0506866991346,915.3913525284934,876.0315461033609,904.9635002587418,907.2981974090408,883.1945469884163,909.0429993526727,967.2720033127823,921.4992498824746,918.5259046329058,908.3000183105469,906.7000122070312,901.125,43.62073802500224,-15.140069484149308,5.532165664476253,-20.67223514862556,66.40803125339528,77.74686087677469,-11.33882962337941,83.42844415687111,90.72041866455486,-42.6568911291163,-1.7278682259471405,-3.801694123641316,-15.949951171875227,-3931.038465354964,-23.837499640969668,50.08244826332777,1.3119851144614403,1.1788686089662093,-0.33897200045350795,-0.3691572640497933,0.8517843517505584,29.16834777340557,-12.581652226594315,-9292.224695173534,-9393.485962425973,14.408355712890566,1,0,0,14.408355712890566,1,1,0,0,0,28.723889473969095,41.749999999999886,874.6886980511032,908.2175018310546,941.746305611006,7.383430447520359,0.48408118846115034,861.1082413776597,919.8393475452575,978.5704537128553,860.0999755859375,906.8999938964844,953.7000122070312,4.6385379564658855,0.33160238607723197,840.324207805308,908.2175018310546,977.3617291676125,-1136275.0,65.0383947852929,-0.14117618445224028,-2841791.884788217,-110458.74633839261,-305482.6931098413,916.5666910807291,-222333.73491959902,993.2168822477402,13.341167990306248,15.39077598076016,-2.049607990453912,2.533612155318861,-0.06367524615539862,16.76440188997571,281.04517072862114,908.8250122070312,908.8250122070312,-0.18248801871530132,-0.9520906693256588,0.11923978564372213,281.04517072862114,908.0800127301898,-1.7924987792968807,3.3301340535371646,27.185556911892363,-0.0025289875882098523,0.029506893581815463,-0.03801694123641319,-0.11961373940192432,,,-0.00253219087918232,-0.09193962664651711,0.4184204287185127,-0.05745104829443515,-0.04825116188677914
2026-02-16 00:00:00+05:30,911.0499877929688,911.0999755859376,888.0,899.75,186603,0.0,0.0,906.6550018310546,967.6560021972657,,,917.926076350471,953.6749045037313,,,907.3652433849517,937.9942758118872,895.2805907644945,907.7977525805563,902.1198593331301,886.0791830213534,914.8928064414021,877.1316523032177,904.9085781617658,906.2126571238048,882.2731926832639,907.2433051565256,965.2130398490664,919.789987360667,914.2298706645074,903.4500122070312,906.7000122070312,906.2000122070312,41.821678307025174,-15.029837470765756,4.513918142287842,-19.543755613053598,53.417741944754454,65.7587282814147,-12.34098633666025,71.7530881184167,82.1118323391655,-58.97080669943373,0.9593792275423056,-3.356605800214823,8.54998779296875,-4225.083746383974,-20.48779512293197,52.47525627878856,0.9881538914450552,1.3119851144614403,-0.32827457437522023,-0.3640448157283125,1.0410257714165134,0.008538465374499538,-23.091437120563114,-9938.58146921732,-9332.01032553728,18.77501424153642,1,0,0,18.77501424153642,1,1,0,0,0,28.322181339109704,23.099975585937614,874.7218925216683,906.6550018310546,938.5881111404409,7.0441588575356855,0.3918833464640884,860.3884135157992,917.926076350471,975.4637391851428,860.0999755859375,901.125,942.1500244140624,3.688223634383746,0.32999655703492337,838.7259656335503,906.6550018310546,974.8634778405816,-1322878.0,65.06480124939192,-0.09939691742250178,-2838560.4633756876,-150522.78009460028,-459108.9877709045,899.6166585286459,-374554.06436612026,992.4011379700677,10.79791649242966,10.278019586306858,0.5198969061228023,0.8988250435797901,-0.4324666141436469,15.966554654693121,254.9308675413026,907.6750183105469,907.6750183105469,-0.0625506313644074,-0.7978986143696898,0.007895106231029243,254.9308675413026,908.7857264927455,-1.5625,3.3309662464619296,24.865778808593753,-0.008157442776725032,-0.0319543943374716,-0.03356605800214818,-0.12560738581146746,,,-0.00819089676995949,-0.09193962664651711,0.4184204287185127,-0.05745104829443515,-0.04825116188677914
2026-02-17 00:00:00+05:30,899.75,924.4500122070312,893.5499877929688,916.4500122070312,232705,0.0,0.0,905.9925018310545,965.3290014648438,,,917.7854988130005,952.2151048058216,,,908.2981015159971,935.9861977730545,897.1695369394055,906.734504228701,905.1936823365162,886.2486435925387,914.8424695088439,878.6724429688869,905.0748936418354,907.6209754929662,882.5918919668247,907.220664953326,963.4093476031024,919.5479208078832,910.8132228065638,908.1000061035156,906.7000122070312,906.2000122070312,47.1219299088284,-13.439998452644886,4.883005728326971,-18.323004180971857,54.20940277275233,58.01172532363401,-3.8023225508816836,73.2276699658929,76.13640074706024,-35.74409385319299,1.4220935113196584,-1.4251909030898677,12.850036621093636,-4530.52790225515,-20.140440458409785,55.52969847923663,0.7685661816515079,0.9881538914450552,-0.3160887489545017,-0.35716892488487145,2.0346260925605892,12.593064359829782,-18.306960054232718,-10655.69626240873,-9692.965895239216,14.125020345052025,1,0,0,14.125020345052025,1,1,0,0,0,28.50631298732062,30.9000244140625,875.5578329455068,905.9925018310545,936.4271707166022,6.718525556014595,0.6718025981373935,859.8418944551427,917.7854988130005,975.7291031708583,860.0999755859375,901.125,942.1500244140624,3.3391943323593676,0.3376299850961762,835.7890314290484,905.9925018310545,975.9265436360796,-1090173.0,67.13301341308181,-0.06986761865153561,-2726349.866555044,-117525.35127060767,161646.05914453993,911.4833374023438,57363.28385696473,992.4011379700677,10.34598404342874,7.860869709844749,2.48511433358399,1.1276892897503146,0.6872103925495746,15.217334442773831,231.56726754323077,907.6750183105469,907.6750183105469,-0.11454440113398709,-0.624637282387568,-0.2095515093561646,231.56726754323077,912.9093008858817,-0.6625,3.3318524785223085,22.03177788628472,0.01856072487583349,-0.016948230402755393,-0.01425190903089868,-0.10010802215532955,,,0.018390576778626332,-0.09193962664651711,0.4184204287185127,-0.05745104829443515,-0.04825116188677914
2026-02-18 00:00:00+05:30,916.4500122070312,921.1500244140624,903.8499755859376,909.5999755859376,172137,0.0,0.0,905.9675018310545,963.3410009765627,,,917.0059251723278,950.543923267787,,,908.6416704450336,933.8007457778033,897.648059707038,905.2412306473437,906.0462784833666,885.7296682690151,914.6329763595777,880.2298447756696,905.1000490842969,909.5713564542016,882.3412276219248,907.1772567524932,961.9875987438134,918.8057548048937,909.0957010355701,913.0249938964844,906.7000122070312,906.2000122070312,45.29894056385671,-12.587677374573218,4.588261445118913,-17.17593881969213,53.33794563147468,53.655030116327154,-0.3170844848524723,71.79189925709213,72.2575524471339,-45.271262552949224,-0.25222598602326607,-0.05493901916414091,-2.3000488281247726,-4595.69043781742,-18.91102869370411,47.6762089435573,0.6795345069902098,0.7685661816515079,-0.3036674172367304,-0.3485855996208283,2.242539845445177,9.615501175612849,-7.684547652511924,-11328.324877930874,-10301.517506059417,14.15001424153642,1,0,0,14.15001424153642,1,1,0,0,0,27.705865547378057,17.300048828124773,875.54622081174,905.9675018310545,936.388782850369,6.715755467570291,0.5597028401364302,861.2855119289088,917.0059251723278,972.7263384157468,860.0999755859375,901.125,942.1500244140624,3.2022393977838273,0.32993244139566336,835.9204675241027,905.9675018310545,975.3079797311339,-1262310.0,68.12254713365877,-0.048269044047443685,-2784060.860035236,-111704.86910716211,-29895.48556827937,911.5333251953125,-71301.09915783083,991.6536845869206,7.666439421489078,4.14506007032407,3.5213793511650078,0.829936275944398,0.23881136054572094,15.210640509657258,231.36358471402644,907.6750183105469,907.6750183105469,-0.10958848926125106,-0.6205710959614358,-0.2806917849182797,231.36358471402644,913.990007672991,-0.025,3.3296919733659904,19.468111572265627,-0.007474533831471231,-0.015477918010873393,-0.0005493901916414634,-0.10560474376997286,,,-0.007502608141878587,-0.09193962664651711,0.4184204287185127,-0.05745104829443515,-0.04825116188677914
2026-02-19 00:00:00+05:30,909.5999755859376,912.5999755859376,890.0,895.5499877929688,346741,0.0,0.0,905.3350006103515,961.062000732422,,,914.9625025647697,948.387298347206,,,907.6495262509302,931.1422746725643,895.5994324036216,902.7891305136727,903.1931118097614,883.7588394944665,912.8837372169658,881.441209916828,905.0311350538068,909.60741309398,880.9984334244351,906.0732910532278,958.0132399143685,916.9652450245688,907.4628998909542,902.5749816894531,906.7000122070312,906.2000122070312,41.73274050203129,-12.897251882365595,3.4229495498612295,-16.320201432226824,51.390791815576115,52.979380073267706,-1.5885882576915904,69.43413385414192,71.48456769237563,-64.81226814712943,0.4993841688869053,-1.392867677167442,4.45001220703125,-4507.889616996061,-17.865439740349302,42.55367112394744,0.2441259026621006,0.6795345069902098,-0.29282197310945834,-0.3384527558289934,1.1969060302246595,3.34895741112814,-19.251018174809474,-12412.663926907278,-11053.214612800633,5.425008138020795,1,0,0,5.425008138020795,1,1,0,0,0,27.34115912156088,22.599975585937614,874.5849130628935,905.3350006103515,936.0850881578094,6.793084886086831,0.3408945535149927,860.2440380900692,914.9625025647697,969.6809670394701,860.0999755859375,901.125,942.1500244140624,3.3231344353983667,0.3344865421921618,835.5421337069828,905.3350006103515,975.0796398104985,-1609051.0,58.36807403257498,-0.0963452893639709,-2960500.0550616747,-155308.51853896817,-721582.8186759276,899.3833211263022,-606888.9342590363,991.6536845869206,11.729263080169178,6.566306983203335,5.162956096965843,1.4860515389336324,-0.6364217859400286,15.375043773728992,236.39197104408265,905.375,905.375,0.012728535184744136,-0.7395783852266667,-0.29914176674029574,236.39197104408265,912.2785775320871,-0.632501220703125,3.3285000575109254,17.112002088758675,-0.015446337038342861,-0.01528398947439702,-0.01392867677167442,-0.1269741224753831,,,-0.015566874555385054,-0.09193962664651711,0.4184204287185127,-0.05745104829443515,-0.04825116188677914
2026-02-20 00:00:00+05:30,895.0,895.0999755859375,883.9500122070312,886.9000244140625,511784,0.0,0.0,903.9800018310548,957.9520007324221,,,912.2898855980357,945.976032702769,,,905.893814232236,928.2339618757659,892.3528353394756,899.8493221062878,898.7039918568962,881.0575014136299,908.938572865936,882.1978637991217,904.8803951700402,903.392424858467,879.5004575579131,903.4129445552609,952.1395830349809,914.511388348921,903.9351520532236,891.2250061035156,906.7000122070312,910.0750122070312,39.662500236775074,-13.682844351661288,2.1098856644524293,-15.792730016113717,34.596745171635284,46.44182753956203,-11.845082367926743,52.527976230419696,64.58466978055124,-86.1262337850155,0.6525563003670768,-2.964986387958151,5.75,-4312.07755164016,-20.558827837775652,41.55168348960918,-0.29432726445176227,0.2441259026621006,-0.28417560992611834,-0.3276943534213446,0.7953199223465536,-10.95804348019385,-22.1080068591001,-14544.41122684319,-12113.680849821369,-2.899993896484393,1,0,0,-2.899993896484393,1,1,0,0,0,26.216788869016355,11.5999755859375,872.4589373655436,903.9800018310548,935.5010662965659,6.973841103047348,0.2290704215322362,860.5731842950329,912.2898855980357,964.0065869010384,860.0999755859375,901.125,942.1500244140624,3.2524163238381987,0.3348475556159246,835.2053949531719,903.9800018310548,973.2303888496565,-2120835.0,51.15796725985305,-0.15900709009556432,-3201472.57415233,-235700.4931500093,-1250915.6814236746,888.6500040690104,-1101212.3018267169,991.6536845869206,19.298757728658813,11.308641305354376,7.990116423304437,1.8482342094362565,-1.0837183138710553,15.760532232755564,248.3943762597271,903.0499877929688,903.0499877929688,0.1958348569285235,-0.8527297819104072,-0.3547137054404033,248.3943762597271,909.7214390345982,-1.354998779296875,3.326794021551751,16.19489027235243,-0.009658828090907123,-0.022322658275933493,-0.029649863879581462,-0.14110009162957726,,,-0.009705777130683668,-0.09193962664651711,0.4184204287185127,-0.05745104829443515,-0.04825116188677914
2026-02-23 00:00:00+05:30,889.9000244140625,899.5999755859375,877.25,885.2000122070312,158409,0.0,0.0,904.2600036621094,955.0640014648441,,,909.7098976560353,943.592659349995,,,904.1052437918528,925.3809427179075,889.3373392840998,896.9849316340438,894.6895926020455,878.4678913831759,902.9376956401344,882.6032719978016,901.969659929154,897.178862911381,877.9788714657217,904.0847028717432,950.1383894731766,912.1263300434539,898.4474009446426,886.0500183105469,906.7000122070312,909.7000122070312,39.250392934936784,-14.278020686266814,1.2117674638775249,-15.489788150144339,20.437042353588666,35.47485978026669,-15.037817426678025,38.9424371954959,53.6348490933525,-87.75037100708907,-4.760880027848501,0.6366572051532103,-44.25,-4222.130214393896,-19.06103336109834,41.826406046393,-0.8308380671820256,-0.29432726445176227,-0.27727425957941865,-0.3170710029481685,0.14632301454075222,-3.4783282146081547,-25.828303800545655,-17271.22503786877,-13752.283370550098,-4.991658528645832,1,0,0,-4.991658528645832,1,1,0,0,0,25.94058792022501,22.3499755859375,873.5620611320729,904.2600036621094,934.9579461921459,6.789627409310304,0.18955588087982025,858.6614582702828,909.7098976560353,960.7583370417879,860.0999755859375,901.125,942.1500244140624,3.3392626614387457,0.30532894029192703,837.4696784929146,904.2600036621094,969.9071632341257,-2279244.0,45.028769620888724,-0.12735798091407258,-3247187.627005829,-261706.5002033664,-1110684.474606523,887.3499959309896,-1131576.178959489,991.4620043343291,14.114974223492718,4.899886240150623,9.215087983342094,0.5753870383998175,-1.2417764764807189,15.348971265018235,235.5909188943555,903.0499877929688,903.0499877929688,0.2784355897962985,-0.8785629821820574,-0.1255567713215153,235.5909188943555,903.7957240513393,0.2800018310546875,3.3166397282129645,15.91600219726561,-0.0019168025259153065,-0.01617114508804529,0.006366572051532016,-0.14049908610241557,,,-0.0019186419427854294,-0.09193962664651711,0.4184204287185127,-0.05745104829443515,-0.04825116188677914
2026-02-24 00:00:00+05:30,881.1500244140625,888.5999755859375,859.8499755859375,867.0,204678,0.0,0.0,903.3850036621094,951.6960009765627,,,905.6422883554606,940.5890256499952,,,900.556672014509,921.9274524643841,883.5297556993798,892.9232078189834,886.7980081585328,874.1157296242677,894.5211432598162,882.2279158468151,894.4798521765401,888.885635547053,875.8581323656566,903.1556720239059,947.7057347164235,908.1777080517289,890.4803549689727,876.1000061035156,899.625,901.0,35.05144515949945,-16.033467270507117,-0.4349432962902213,-15.598523974216896,11.603715847749644,22.212501124324532,-10.608785276574888,23.577908079867626,38.34944050192774,-91.31224766464648,-6.999195494770716,-1.9785189372526852,-65.25,-4083.8989186136587,-22.213831643497087,43.030212147956775,-1.3396971351357738,-0.8308380671820256,-0.2737774265608506,-0.3072804949599063,-2.2739704998282626,-9.324284814530301,-38.0742848145303,-19291.109836388416,-15889.174382119936,-6.891662597656249,1,0,0,-6.891662597656249,1,1,0,0,0,26.14126021163751,28.75,869.4849490521034,903.3850036621094,937.2850582721154,7.505117856192697,-0.03665110691842257,853.979414625494,905.6422883554606,957.3051620854271,859.8499755859375,901.0,942.1500244140624,3.7246428427577163,0.313532327107956,837.8095575632188,903.3850036621094,969.3345362009144,-2483922.0,39.61272417987943,-0.17550050210476442,-3350060.2219956387,-281286.01056710025,-1484178.4208785542,871.816650390625,-1552401.0826129587,991.4620043343291,11.232951860482743,1.6142911017125172,9.618660758770226,0.7439533210890729,-2.1466044276736898,16.950027305003008,287.30342564034754,903.0499877929688,903.0499877929688,-0.1495456712622043,-0.2568859651539106,0.15094226476115485,287.30342564034754,894.900008719308,-0.875,3.3043873843199703,16.183333333333337,-0.020560338856812632,-0.05395822090497193,-0.019785189372526824,-0.15898731257399967,,,-0.02077464518649187,-0.09193962664651711,0.4184204287185127,-0.05745104829443515,-0.04825116188677914
2026-02-25 00:00:00+05:30,868.0499877929688,876.4500122070312,861.75,866.6500244140625,130603,0.0,0.0,901.6925048828125,948.2730004882816,,,901.9287394086607,937.6894569740762,,,897.058102562314,918.5923161285998,878.5622846251022,889.1070268007505,880.3847739728083,870.1564300102712,885.5947941635594,881.2492228003357,888.9737004150954,882.691768982676,873.8676188070464,902.062941007191,946.2336761412156,904.6007157315968,882.3895077157381,866.8250122070312,899.4500122070312,901.0,34.97396471825898,-17.254017863072022,-1.324395111084101,-15.929622751987921,9.733296730197845,13.924684977178718,-4.191388246980873,13.448163550126798,25.32283627516344,-91.73749113767089,-6.196557905311005,-3.7590200539630763,-57.249999999999886,-3562.577326365447,-27.010007252412493,42.190203290874024,-1.8196945354555927,-1.3396971351357738,-0.2725934681533815,-0.29862727537213196,-3.990897573881406,-17.00650019537875,-31.70651240241,-20049.65786906767,-17953.123140737538,-16.24999999999998,1,0,0,-16.24999999999998,1,1,0,0,0,25.32402821130849,14.70001220703125,864.0162957232066,901.6925048828125,939.3687140424184,8.356775498428368,0.03495214552635598,852.3861370421135,901.9287394086607,951.4713417752079,859.8499755859375,901.0,942.1500244140624,4.0122116343439425,0.3055047996278246,837.1575785855339,901.6925048828125,967.4075633267449,-2614525.0,39.15487330094611,-0.19449223994736325,-3393594.193815689,-277576.0730616343,-1278682.626674503,868.2833455403646,-1557673.0389509283,991.4216380614413,6.343508250668738,-2.62012200648119,8.963630257149928,0.4718134089469807,-1.8601914178945786,18.83810457980295,354.87418415959286,903.0499877929688,903.0499877929688,-0.242039135077379,-0.517318681263961,0.28850578736561816,354.87418415959286,887.789297921317,-1.692498779296875,3.2954349071351485,16.507334798177077,-0.0004036627288782624,-0.04721850519422899,-0.0375902005396308,-0.1482555042613637,,,-0.00040374422260899747,-0.09193962664651711,0.4184204287185127,-0.05745104829443515,-0.04825116188677914
2026-02-26 00:00:00+05:30,867.0,880.1500244140625,861.0,876.7999877929688,150627,0.0,0.0,900.407504272461,945.2529992675785,,,899.535524969071,935.3016346532485,,,894.6873866489956,915.7894528856464,876.229157576699,886.3302155902384,877.93244129284,867.7490450347867,878.4557668869215,880.0852407587699,887.9343205987792,879.2401672864092,872.5237896611205,901.1549922558881,944.7322333242106,902.3508650292047,876.7198350683774,871.7250061035156,899.4500122070312,901.0,39.17340194546807,-17.20397902231332,-1.0194850162603188,-16.184494006053,12.515215518988885,11.284076032312125,1.23113948667676,12.316810847084387,16.4476274923596,-79.40461464071595,-3.5900845539413666,-2.8476467819425206,-32.6500244140625,-3191.029508009792,-30.038090425379096,42.203331296543226,-2.1859014884969574,-1.8196945354555927,-0.2715656069071537,-0.2911376760892037,-4.655957771238577,-10.926984472713116,-30.077008886775616,-20118.569321752686,-19345.22162842227,-28.558329264322914,1,0,0,-28.558329264322914,1,1,0,0,0,24.883027940076634,19.1500244140625,861.1282869837535,900.407504272461,939.6867215611685,8.724764532131603,0.19949100174306145,851.0636419871355,899.535524969071,948.0074079510066,859.8499755859375,901.0,942.1500244140624,4.083746089845089,0.309008268617635,837.0504085508497,900.407504272461,965.1379024473342,-2463898.0,42.60749157268152,-0.18199582847777268,-3295667.4886262733,-219665.68578898162,-877605.318024644,872.6500040690104,-1381262.8975090971,991.4216380614413,2.9559989150904817,-4.806105073647557,7.762103988738039,0.5802268257112282,-1.202035993027756,19.63960864435373,385.7142277033737,901.6749877929688,901.6749877929688,-0.1142510411457306,-0.8670231814197826,0.3902708563178678,385.7142277033737,883.2471514020647,-1.2850006103515625,3.2924531754598454,16.24166870117187,0.011711721101915984,-0.020936854732373278,-0.028476467819425255,-0.15870271649209589,,,0.011643669713565315,-0.09193962664651711,0.4184204287185127,-0.05745104829443515,-0.04825116188677914
2026-02-27 00:00:00+05:30,885.0,890.0499877929688,860.0,865.2000122070312,412671,0.0,0.0,897.5125061035158,942.2909997558597,,,896.265476134591,932.5525514200635,,,891.3342921665737,912.6501200597426,872.2201471674392,882.8603041158761,873.0926291048614,864.3152464485268,872.0049722514627,878.543197561608,885.479421099302,874.6125346319,871.6718782559051,897.063233470636,941.0679623805678,899.2112497027869,872.6031475031668,871.0,898.7250061035156,901.0,36.288998014928005,-17.89407223914634,-1.3676625864746725,-16.526409652671667,11.786180798435302,11.344897682540676,0.44128311589462577,13.76311520192931,13.176029866380164,-93.49935182630725,-4.624374257623714,-6.272339390124495,-41.950012207031136,-2943.387947078207,-30.67411965762858,37.14335625775043,-2.2288676992385597,-2.1859014884969574,-0.27182550033190145,-0.2848655567510572,-6.335174524148665,2.6696927175851215,-27.38029507538363,-21175.324997791016,-20133.814869303354,-36.99999999999996,0,1,0,-36.99999999999996,1,0,0,0,0,25.2520965009975,30.04998779296875,856.7679377690363,897.5125061035158,938.2570744379952,9.07944302890419,0.10347482845780272,846.6861557617982,896.265476134591,945.8447965073839,859.8499755859375,901.0,942.1500244140624,4.513523930358664,0.29808366320059404,837.2785769932793,897.5125061035158,961.8035708897636,-2876569.0,35.141386131606275,-0.2612226536900251,-3565516.85074262,-261866.6256881901,-1436086.4904531827,871.75,-1927222.4768510074,991.4216380614413,9.298270692009325,1.2289333626170276,8.069337329392297,1.6461025673345944,-1.5861006861687894,20.372284167239737,415.02996219076687,897.6499938964844,897.6499938964844,-0.007994669670185679,-0.8705062110019255,0.38337646735725256,415.02996219076687,878.9778642926898,-2.8949981689453184,3.2880093387579197,16.300666503906257,-0.013229899346983709,-0.02446725855190668,-0.06272339390124493,-0.16454226283898354,,,-0.01331819408368194,-0.09193962664651711,0.4184204287185127,-0.05745104829443515,-0.04825116188677914
2026-03-02 00:00:00+05:30,844.5499877929688,873.6500244140625,844.5499877929688,870.5,158430,0.0,0.0,896.4775054931641,939.1649987792973,,,893.81162126463,930.1191180310415,,,888.7616725376674,909.8347867359835,869.836169221528,880.0375816787422,870.6887796200028,861.8457583638873,867.1570389520552,876.9606188805714,884.5222027748312,869.8446730281922,871.0769026380265,896.256127703123,939.1593283866878,896.8762013128955,870.7885366564244,867.8500061035156,894.5500183105469,893.3500061035156,38.51653835969532,-17.8080314627058,-1.025297448027306,-16.782734014678493,17.894716939329673,14.06537108558462,3.8293458537450533,21.72079590671557,15.933573985243088,-73.41188271498778,-3.250903028619061,-2.32271228944087,-29.25,-2645.0181356451617,-34.35823382209321,44.73864374246257,-2.4673217500050466,-2.2288676992385597,-0.2720550257409471,-0.27997292083844,-7.531310909110861,-11.318799936266373,-40.41883655736012,-23081.221839685484,-20953.11139130676,-39.32500203450519,0,1,0,-39.32500203450519,1,0,0,0,0,25.52694936671866,29.10003662109375,854.0412432857316,896.4775054931641,938.9137677005966,9.467334528173742,0.19392326112295646,843.4112768090376,893.81162126463,944.2119657202225,844.5499877929688,893.3500061035156,942.1500244140624,4.770543753481827,0.27451879953779385,835.9611393188844,896.4775054931641,960.5736423706421,-2718139.0,29.791795540075732,-0.2392037457915037,-3441386.351765115,-215828.52181882504,-1110977.410954151,862.9000040690104,-1830172.4243552713,992.0342117690456,5.552610264543229,-2.0133816518792553,7.565991916422484,0.6391437740667303,-1.2243069555081727,21.21813110371627,450.20908753449186,897.6499938964844,897.6499938964844,0.036532498846592446,-1.0928786275258995,0.5708295865157735,450.20908753449186,873.330006626674,-1.0350006103515625,3.287039356403585,16.461888563368063,0.006125737076042137,-0.016606430190144628,-0.023227122894408647,-0.158449362476479,,,0.006107051020427417,-0.09193962664651711,0.4184204287185127,-0.05745104829443515,-0.04825116188677914
2026-03-04 00:00:00+05:30,858.0999755859375,884.0,833.0,853.9000244140625,718702,0.0,0.0,893.9925079345703,936.2389990234379,985.846503295898,,890.0105168026713,927.1301339676305,985.8465032958984,,884.7066743396579,906.4910622510723,864.879346631426,876.1408104309677,864.605106304583,857.790204265052,861.7694261400626,874.9033967333554,877.827784632243,863.0213778104775,868.5758495474421,889.8440053304893,931.5891181539096,893.1402462861624,868.0368817826807,862.2000122070312,885.1750183105469,887.5750122070312,34.45340935947802,-18.861894645139614,-1.6633285043688986,-17.198566140770716,17.412248354692103,15.697715364152359,1.7145329905397446,12.265645605486819,15.916518904710566,-80.85202039462867,-6.825248181549301,-5.500216081750918,-62.54998779296875,-2321.616503744529,-35.0032289392808,44.63769579102599,-2.797692811683607,-2.4673217500050466,-0.2740325286148426,-0.27668015543600805,-8.913391982913241,3.4695756405662905,-47.53042435943371,-25458.597859844467,-22348.376809425026,-47.21667480468746,0,1,0,-47.21667480468746,1,0,0,0,0,27.346452983381614,51.0,847.6696575526558,893.9925079345703,940.3153583164848,10.363140623837253,0.06724938998830622,834.6959194380877,890.0105168026713,945.3251141672549,833.0,887.5750122070312,942.1500244140624,5.1017853889245215,0.27566052870715296,829.4928001950215,893.9925079345703,962.1053032467792,-3436841.0,25.71670883423893,-0.20704165507436978,-3571033.867591172,-218625.4596515731,-2656614.3027556227,856.9666748046875,-3200699.208222526,992.0342117690456,19.250528611104073,9.347629355745271,9.902899255358802,2.4241310153663913,-1.7310024400467754,23.161425190957228,536.4516168763081,893.3249816894531,893.3249816894531,0.022179995424458445,-1.0751389868560248,0.6989616007615559,536.4516168763081,866.1350071498326,-2.4849975585937556,3.280608031495924,17.11688747829862,-0.01906947224116884,-0.015109545081819498,-0.055002160817509194,-0.17321845077084652,,,-0.019253639703440528,-0.09193962664651711,0.4184204287185127,-0.05745104829443515,-0.04825116188677914
2026-03-05 00:00:00+05:30,859.5999755859375,884.0,824.5999755859375,834.0,352259,0.0,0.0,890.0975067138672,932.1469995117192,983.8135028076166,,884.6761818690836,923.477971851253,982.8396418444944,,878.993102155413,902.4816897403492,857.1121534409014,870.9792895571553,854.6628737698625,851.8981467876617,854.3430075826273,871.9200510918573,867.220443175715,854.3955334672921,864.533659369111,885.3918764810702,926.194707901922,887.5841529892264,861.8680232338588,843.9500122070312,875.2250061035156,883.375,30.323642174209603,-21.060086896371786,-3.0892166044808533,-17.970870291890932,17.910903843502446,17.739289712508075,0.17161413099437084,9.304811379756682,14.430417630653023,-92.0033853598762,-8.311343185474287,-8.542605804196215,-75.59997558593761,-2086.5463762855547,-35.385290706858996,39.62006058221595,-3.1702928044546166,-2.797692811683607,-0.279412220633124,-0.27519018293863756,-10.82143114980341,10.116779120485376,-49.283245293577124,-27059.91712025176,-24219.146919517112,-55.816670735677036,0,1,0,-55.816670735677036,1,0,0,0,0,29.63599379985882,59.4000244140625,837.4465570202672,890.0975067138672,942.7484564074673,11.83037797465157,-0.03273024551621817,823.3153510317818,884.6761818690836,946.0370127063854,824.5999755859375,883.375,942.1500244140624,5.602000305805394,0.2812281329257024,822.4044197524238,890.0975067138672,963.7919319594549,-3789100.0,25.6895667986178,-0.24586590028682662,-3811803.243378515,-276503.0574562545,-3278521.2166581396,847.5333251953125,-4021634.0366157456,989.7037253133603,18.63588192769821,6.986386137871527,11.649495789826684,1.1200946038416435,-2.1309209820648705,26.325474846800063,693.0306259095028,889.0,889.0,-0.19842412869358303,-0.4559864000031497,0.7907495731821542,693.0306259095028,856.7842930385045,-3.8950012207031195,3.272758088114849,18.852665201822916,-0.02330486455685221,-0.037673828528577036,-0.08542605804196213,-0.17343904856293357,,,-0.023580717146056446,-0.09193962664651711,0.4184204287185127,-0.05745104829443515,-0.04825116188677914
2026-03-06 00:00:00+05:30,835.0,844.5999755859375,819.0,824.0,166411,0.0,0.0,886.7425079345704,927.3430004882816,981.7885028076167,,878.8974978815519,919.5768749159097,979.6943024020292,,872.6981015159971,898.240630935968,848.730281886382,865.388851734682,844.1590020043581,845.4328968489062,845.3724317833045,867.9664690175763,857.0517302473842,845.5102422404965,859.0578305473445,883.3691897147206,920.474025080823,881.4698047977918,852.27275445857,829.0,870.2250061035156,871.7250061035156,28.47645716456449,-23.340037100085055,-4.295333446555297,-19.04470365352976,10.628725795185103,15.317292664459883,-4.68856686927478,0.0,7.1901523284145,-95.25841685993981,-7.989502402797142,-7.5300165440826445,-71.54998779296875,-1769.161300866741,-39.86970699534709,39.87548281884377,-3.561582313640596,-3.1702928044546166,-0.28805343978809406,-0.2756210529233015,-12.622114188674448,-22.15707088221791,-47.75704646815541,-27037.077126470733,-25859.22148772478,-60.75834147135412,0,1,0,-60.75834147135412,0,0,0,1,0,29.34770678457873,25.5999755859375,826.374623468095,886.7425079345704,947.1103924010458,13.615651426722794,-0.019667936760428828,818.5043698695289,878.8974978815519,939.2906258935749,819.0,880.5750122070312,942.1500244140624,6.175233718469797,0.27419269904803834,819.7710826820665,886.7425079345704,959.4960887855821,-3955511.0,14.649243838045507,-0.25148396051853705,-3913209.8845105274,-307309.3644223325,-3047891.042849834,829.1999918619791,-4221167.6097572325,988.5046845459742,13.135504705964323,1.1888071329101102,11.946697573054212,0.5613319148046229,-2.0786717470417146,30.183942233237712,911.0703687394313,886.0500183105469,886.0500183105469,-0.3736212056319732,-0.4011750668346164,0.8977741031862294,911.0703687394313,844.6092886788505,-3.354998779296875,3.2672117982966777,20.714998372395833,-0.011990407673860948,-0.06021896501832069,-0.0753001654408264,-0.18375433382862805,,,-0.012062872449275095,-0.09193962664651711,0.4184204287185127,-0.05745104829443515,-0.04825116188677914
2026-03-09 00:00:00+05:30,817.2000122070312,817.2000122070312,787.0999755859375,795.1500244140625,338709,0.0,0.0,882.4425079345704,922.0140014648441,979.3800030517574,,870.9215480275052,914.697390582504,976.0399602636536,,863.9750078473774,893.0565926585477,836.4110646401189,857.9462559115817,828.345521868187,836.3102901782867,833.1160219715993,862.4333897647476,840.6361848279139,832.1378417053153,852.7849758835699,878.0258492931337,915.3842405913042,872.158388487811,838.1226740742256,809.5750122070312,855.8000183105469,855.7749938964844,23.944683014904587,-27.161762097313044,-6.493646755026628,-20.668115342286416,6.199723658016067,11.579784432234536,-5.380060774218469,0.0,3.1016037932522273,-94.13902680613577,-10.345021701923546,-9.759972492446714,-91.75,-1357.3308355697477,-50.38000075396383,37.69886227097518,-3.9606237730619824,-3.561582313640596,-0.30213032269316153,-0.2783828377137174,-14.946379068722418,-39.327459681968094,-69.42749630306184,-26967.015541953504,-26769.93364920716,-70.59166463216144,0,1,0,-70.59166463216144,0,0,0,1,0,29.887158043827572,36.9000244140625,809.4631392976213,882.4425079345704,955.4218765715194,16.540311234045898,-0.09806274808132653,809.2515704139487,870.9215480275052,932.5915256410617,787.0999755859375,864.625,942.1500244140624,7.055410700370598,0.2956793373149534,813.5383609759048,882.4425079345704,957.6008762346936,-4294220.0,14.220362829609783,-0.26101772107179594,-4070748.075793663,-342100.5177328773,-4008441.8054051874,799.8166707356771,-5407059.160817585,988.5046845459742,13.258906231958301,1.0497669271232706,12.20913930483503,1.2133588441192347,-2.3922509923253057,36.48968431847454,1331.4970616619266,886.0500183105469,886.0500183105469,-0.7413943859555198,0.25130945921572156,0.9714379177031826,1331.4970616619266,827.0400076729911,-4.3,3.2589772611417316,23.412218695746528,-0.03501210629361351,-0.08096392372242212,-0.09759972492446711,-0.23719301056135367,,,-0.035639723103828,-0.09193962664651711,0.4184204287185127,-0.05745104829443515,-0.04825116188677914
2026-03-10 00:00:00+05:30,805.9500122070312,832.5999755859375,796.0499877929688,826.6500244140625,188499,0.0,0.0,877.3025085449219,917.1730029296876,977.2575030517573,,866.7052124452725,911.2445526935455,973.0817437121765,,858.6614379882814,889.3168288526348,831.6666619489506,853.4015202340522,823.8914911043563,831.5649454777495,823.3823750549578,856.6271849744254,839.4126075792071,827.7723376217734,848.7424306819471,874.680198254369,911.0388509750139,868.1306811572199,827.1380121147565,810.9000244140625,852.375,854.125,35.93319204628218,-27.333634820528005,-5.332415582593271,-22.001219237934734,13.368832820472202,10.065760757891123,3.3030720625810783,18.71369055077244,6.23789685025748,-70.4960578725078,-6.614322976226421,-11.060303022522364,-58.54998779296875,-1198.4642270466256,-55.97544663373185,40.194289439316144,-3.325124650617208,-3.9606237730619824,-0.31544256380929836,-0.2830122974079894,-15.737427394067861,-19.65928952092804,-56.20927731389679,-26610.67261979851,-26946.462512816455,-72.29165649414062,0,1,0,-72.29165649414062,0,0,0,1,0,30.427357552973817,37.449951171875,803.7846653022231,877.3025085449219,950.8203517876208,16.759975613117582,0.15550890847243554,803.7752420002689,866.7052124452725,929.6351828902762,787.0999755859375,864.625,942.1500244140624,7.450763598310385,0.259917800924469,810.387101127819,877.3025085449219,951.4121255418813,-4105721.0,12.78719758686833,-0.26671028897932114,-3943620.360090673,-284783.4874787056,-2587561.761775875,818.4333292643229,-4660317.2482614685,992.4662011193042,9.10845253597691,-2.4805494150864966,11.589001951063407,0.6680597351350603,-1.3779643661102587,36.75892162134941,1351.218318764509,881.0,881.0,-0.5826985212160849,-0.23251916753711646,0.9425496731387565,1351.218318764509,821.379296875,-5.1399993896484375,3.258683633452174,25.388107096354165,0.03961516573329926,-0.05037332060417865,-0.11060303022522366,-0.19711534186505564,,,0.038850611725445475,-0.09193962664651711,0.4184204287185127,-0.05745104829443515,-0.04825116188677914
2026-03-11 00:00:00+05:30,829.9000244140625,833.5999755859375,809.4500122070312,810.0999755859375,134960,0.0,0.0,871.1950073242189,912.2030029296877,975.014502563476,,861.3142375062882,907.2780986893257,969.8543819671024,,852.2611967540923,885.1178866038603,824.7351430648207,847.8925136555621,816.306639207437,825.4302148477566,814.8193862241274,850.2811644656922,836.9180801959963,820.7035365871104,843.2348815084517,870.9356876386497,907.5809925563545,862.6641005083459,819.0235062341153,818.375,845.3500061035156,849.8499755859375,32.99079183842163,-28.477030338446866,-5.180648880409706,-23.29638145803716,17.89720284948268,12.488586442656981,5.4086164068257006,35.66534257922608,18.12634437666617,-81.67330677290838,-6.562863254217128,-13.102711119770715,-56.9000244140625,-1184.5450885762152,-60.5550064984493,38.83421243483898,-2.611540198721293,-3.325124650617208,-0.3295814548887499,-0.2893442959341414,-16.770166730382346,-12.636533875081227,-36.78649725398748,-26404.661238602723,-26766.18578142958,-78.59999593098958,0,1,0,-78.59999593098958,0,0,0,1,0,29.978972254826136,24.14996337890625,796.609739621012,871.1950073242189,945.7802750274258,17.122519545259443,0.09043499058424317,799.7776045553029,861.3142375062882,922.8508704572736,787.0999755859375,864.625,942.1500244140624,7.848265893669812,0.2624735756884687,805.3658486054038,871.1950073242189,945.9033699677084,-4240681.0,8.366728749006434,-0.30905831600012706,-4071315.830845564,-276076.58057140047,-2536995.022928429,817.7166544596354,-4930515.581761422,990.464138778611,4.02244362758633,-6.053246658781661,10.07569028636799,0.49042996564882585,-1.6382600376630263,37.292633851603476,1390.7405395897615,873.6499938964844,873.6499938964844,-0.5362598170518055,-0.6523610681470151,0.9318363360013744,1390.7405395897615,814.3935756138392,-6.107501220703125,3.2584022527441965,28.343997395833338,-0.020020623406931892,-0.05129411825252039,-0.13102711119770716,-0.21759710596455062,,,-0.02022375183174133,-0.09193962664651711,0.4184204287185127,-0.05745104829443515,-0.04825116188677914
2026-03-12 00:00:00+05:30,804.0,819.0,791.0999755859375,810.3499755859375,201169,0.0,0.0,865.5175048828125,907.794001464844,972.802002563476,,856.4604982757786,903.4769958225262,966.6958788704458,,846.466431826637,881.1236502374387,818.9736487630373,842.7682172513969,810.5265573513948,819.9154893119187,807.7676540173287,843.668891219912,834.6918042682654,813.3889105672815,838.778610687961,867.6782385258225,902.2668728432374,857.8649172105103,814.933734294134,810.2249755859375,841.0250244140625,843.3499755859375,33.079934933985456,-29.02838545546649,-4.585603197943463,-24.442782257523028,22.832434007083492,18.032823225679458,4.799610781404034,55.03879583958012,36.47260965652621,-79.33333333333333,-6.496284225710276,-12.29029611728156,-56.300048828125,-1113.7876685351341,-67.39471130371112,38.042256815933875,-2.4018328144401293,-2.611540198721293,-0.343537014701667,-0.29734111902242066,-17.047796492342307,-22.109861764578568,-50.00988617864107,-25800.238292784674,-26466.320258590105,-82.20000203450522,0,1,0,-82.20000203450522,0,0,0,1,0,29.830475980485875,27.9000244140625,790.5386466225581,865.5175048828125,940.496363143067,17.325786673813443,0.13211276767254543,795.4702066698276,856.4604982757786,917.4507898817296,787.0999755859375,864.625,942.1500244140624,8.112308358569042,0.26362088846706433,798.1250409478281,865.5175048828125,941.2500562066172,-4039512.0,8.749903637470714,-0.28887201510595684,-3994886.2744766935,-223098.2979400074,-2167382.555367225,806.816650390625,-4924307.42825992,990.464138778611,1.866667130422541,-6.567218524756361,8.433885655178901,0.7127493014015902,-1.4715489293098178,37.48942913012725,1405.4572965028337,868.75,868.75,-0.43148729886112497,-1.0059824851563195,0.9158425636681107,1405.4572965028337,808.3642857142858,-5.6775024414062445,3.2583140067981082,30.660000000000007,0.0003086038853650219,-0.02835734342213725,-0.12290296117281563,-0.21916560275654462,,,0.00030855627698049386,-0.09193962664651711,0.4184204287185127,-0.05745104829443515,-0.04825116188677914
2026-03-13 00:00:00+05:30,810.3499755859375,815.7999877929688,782.2000122070312,789.5499877929688,158840,0.0,0.0,859.5225036621094,902.8910021972658,970.4755023193353,,850.0880687059871,899.0092700174455,963.1880394431689,,839.2314301990328,876.4866300934436,810.4058638217907,836.3887069893221,800.7769833989881,812.5953519417312,800.1294818775787,836.4922329295675,827.8211898331282,803.9137727398172,833.2559181579184,862.9071606291578,899.9795476852661,851.0643569437821,810.4663089150868,799.9499816894531,837.375,840.8999938964844,29.556878888466372,-30.788809311767523,-5.076821643395597,-25.711987668371926,15.084662803498116,18.604766553354764,-3.5201037498566485,48.54755016479153,46.417229527865906,-93.73937148326394,-9.950958167736836,-13.183794909529114,-87.25,-991.6082829789424,-70.65470940085038,35.97654169673282,-2.5153135243372873,-2.4018328144401293,-0.3592540890199669,-0.30705540665442793,-17.906937274318437,-17.944177689951402,-51.5441532758889,-24203.79497929435,-25870.711110311277,-84.15000406901044,0,1,0,-84.15000406901044,0,0,0,1,0,30.09972595230385,33.5999755859375,780.2815170668107,859.5225036621094,938.7634902574082,18.438373924517865,0.05848280747370163,788.5063809509004,850.0880687059871,911.6697564610738,782.2000122070312,862.1750183105469,942.1500244140624,8.512292712269096,0.2707723720358412,791.5411348108005,859.5225036621094,936.3411378625581,-4198352.0,9.728222484815687,-0.29151046951584375,-4084233.9548120964,-209572.5080666109,-2329737.9133197865,795.8499959309896,-5332016.462698557,987.8973480808104,-1.293457729225452,-7.7818747075234835,6.488416978298031,0.5611432003250136,-1.7660687701051938,39.62049329764937,1569.7834891490784,866.8250122070312,866.8250122070312,-0.34906495606061944,-1.0917196582294855,0.9211663903566512,1569.7834891490784,798.6492832728794,-5.995001220703125,3.2524782591529084,33.46466634114583,-0.02566790697800536,-0.04180826724154274,-0.13183794909529112,-0.2318058471653156,,,-0.02600307552442141,-0.09193962664651711,0.4184204287185127,-0.05745104829443515,-0.04825116188677914
2026-03-16 00:00:00+05:30,791.0,799.9500122070312,770.0499877929688,786.1500244140625,159127,0.0,0.0,853.4725036621094,898.2540026855471,968.0510028076167,,843.9987311543753,894.5834172486854,959.6823361752657,,832.2435750325521,871.908552533318,802.5863832362631,830.1662726595229,792.3091715373276,805.5798629767215,791.9748268609645,828.9455301532611,821.9510969499797,794.188656176799,825.7890208427488,856.1386696702826,897.4022472570867,844.6958087329723,804.3842630116369,787.8500061035156,831.4750061035156,830.0499877929688,29.0129493700353,-32.08841129993016,-5.101138905246586,-26.987272394683572,13.447997455882508,17.121698088821372,-3.673700632938864,42.689556940338115,48.758634314903254,-86.58330281575522,-9.136614271574132,-13.338477290804798,-79.04998779296875,-888.9157157480173,-70.78029623592624,40.737978171649864,-2.784060385494593,-2.5153135243372873,-0.375864991215924,-0.3185898472627587,-18.807424810096485,-26.994990266052127,-56.89501468011463,-22201.115111516418,-24768.973815712863,-82.15833536783856,0,1,0,-82.15833536783856,0,0,0,1,0,30.08546155671518,29.9000244140625,771.1266652131309,853.4725036621094,935.8183421110879,19.29665878997768,0.09122111987626491,782.5867232970945,843.9987311543753,905.410739011656,770.0499877929688,847.25,924.4500122070312,8.84729816725738,0.27044989001638664,786.170973392359,853.4725036621094,928.0084825476324,-4357479.0,9.78013176322863,-0.2419720290097177,-4071993.1664834786,-181092.38791687787,-2074207.6360734194,785.3833414713541,-5400539.796364554,987.8973480808104,-3.8816236628919984,-8.296032512952024,4.414408850060026,0.6174639304708459,-1.6351155204949412,41.17291922448923,1695.2092774663147,865.9250183105469,865.9250183105469,-0.23900986946836095,-1.193314054164029,0.9230177682600555,1695.2092774663147,789.7857177734375,-6.0499999999999945,3.249231719035337,35.51511081271701,-0.004306204080137044,-0.011318618780942646,-0.13338477290804795,-0.22416852473634508,,,-0.004315502480400874,-0.09193962664651711,0.4184204287185127,-0.05745104829443515,-0.04825116188677914
2026-03-17 00:00:00+05:30,790.75,815.6500244140625,786.1500244140625,809.7000122070312,211825,0.0,0.0,848.970004272461,894.2240026855471,965.7560034179683,,840.7321864927235,891.2546562666597,956.7123891659937,,828.0747663225447,868.4358470243566,800.3084265396038,826.1654528747338,791.904433637465,801.8975125650734,787.114821497269,821.9076009127734,821.0035043306426,791.45640320758,820.3521974533885,852.6205902966346,894.3765065657359,841.7351208866578,800.4072529281211,797.9250183105469,831.4750061035156,830.0499877929688,37.58134641773921,-30.862306580106406,-3.1000273483382657,-27.76227923176814,17.573004237566533,15.368554832315718,2.2044494052508146,53.16467129973822,48.13392613495595,-66.95831298828125,-6.984490269152068,-10.008334292077661,-60.79998779296875,-821.8401866946441,-71.24764170927176,46.34057347681447,-2.4585381307512986,-2.784060385494593,-0.38924075698613114,-0.3313907615262352,-17.98434998498106,-8.831408021013544,-38.331408021013544,-20222.97273164115,-23138.838534341226,-74.26667277018228,0,1,0,-74.26667277018228,0,0,0,1,0,30.04364287409267,29.5,767.4347996090238,848.970004272461,930.5052089358982,19.20802955419141,0.25918382600786205,779.5498936694694,840.7321864927235,901.9144793159776,770.0499877929688,847.25,924.4500122070312,8.885873994442493,0.3000416563223152,780.463141906684,848.970004272461,923.900657165473,-4145654.0,15.652305920355674,-0.2166752711162834,-3945616.3926363187,-112767.69363908423,-1065252.807456416,803.8333536783854,-4765994.733803036,987.8973480808104,-4.072133842271145,-6.789234153864937,2.7171003115937915,0.8052648525889176,-0.9632646959685518,40.76760233171859,1661.9973998771475,859.5500183105469,859.5500183105469,-0.03441759577959796,-1.2420066822104097,0.8926226938634155,1661.9973998771475,786.284290422712,-4.502499389648437,3.251130967899633,37.21399888780381,0.029956098787278007,-0.02050445981544069,-0.10008334292077659,-0.21143360566535574,,,0.029516178796554982,-0.09193962664651711,0.4184204287185127,-0.05745104829443515,-0.04825116188677914
2026-03-18 00:00:00+05:30,810.2999877929688,834.2000122070312,807.0499877929688,820.9000244140625,178840,0.0,0.0,844.1925048828124,890.4880029296877,963.5330041503901,,838.8434091518986,888.4956510959696,954.0230354085297,,825.4014349074591,865.560396896063,800.5606373145204,823.3081565946326,794.8941091744466,799.8974636625835,786.686054528967,815.8045180148006,820.9999925030978,793.0129408857272,816.3344651773366,848.5603287223564,891.766463935532,840.0899606708447,801.0783539856627,815.3000183105469,831.4750061035156,830.0499877929688,41.215440855845394,-28.65652775939759,-0.715398822103559,-27.94112893729403,29.61113823784722,20.210713310432087,9.400424927415134,74.27555975708769,56.709929332388,-57.624969482421875,-3.8646210395232465,-10.426099243848716,-33.0,-864.055177256419,-69.24896455652595,49.60212592413666,-1.601167492541012,-2.4585381307512986,-0.3980386279262671,-0.34457147344769556,-16.746210027455753,10.230209489242725,-16.919814924819775,-18822.509972336407,-21312.413439657645,-70.1666768391927,0,1,0,-70.1666768391927,0,0,0,1,0,29.836955841233372,27.1500244140625,768.3036208931192,844.1925048828124,920.0813888725056,17.97904708955639,0.34653562390037695,778.3165681377045,838.8434091518986,899.3702501660928,770.0499877929688,845.6000061035156,921.1500244140624,8.850154650818205,0.2955961325924057,776.5055343644801,844.1925048828124,919.0055496232694,-3966814.0,20.456201276749958,-0.2404633161002084,-3941993.164497676,-73412.22851413861,-626929.5230904326,820.7166748046875,-4518617.90869397,989.2805779237374,-5.3772501122856236,-6.475480339103532,1.0982302268179083,0.855432238660046,-0.6138575043984921,37.94444199484662,1439.78067830028,843.9500122070312,843.9500122070312,0.026750800955154818,-1.293390825310662,0.8533214784281214,1439.78067830028,787.8192949567523,-4.777499389648438,3.2586501534078667,37.9273331705729,0.013832298429270029,0.013331748121969023,-0.10426099243848719,-0.17926413277813025,,,0.01373750532676365,-0.09193962664651711,0.4184204287185127,-0.05745104829443515,-0.04825116188677914
2026-03-19 00:00:00+05:30,801.0,813.4000244140625,794.0,795.8499755859375,122640,0.0,0.0,838.5050048828125,886.4410021972658,961.1035034179683,,834.7487964313309,884.8624873504782,950.8908956100626,,820.797384498233,861.8491017061122,796.407353259856,818.7406784466627,791.2274108784638,795.3503772821168,787.1951297565146,809.8393607209824,820.0066485969073,790.6021799605984,811.0762484631213,845.1700296685141,886.9467957833592,836.1665362930863,802.9122621704403,808.375,828.3250122070312,830.0499877929688,36.14644263066402,-28.6000778461638,-0.5271591270958105,-28.07291871906799,32.30556911892361,26.496570531445787,5.80899858747782,86.73184150990315,71.39069085557635,-78.50001017252603,-4.574343454923561,-12.50549725737687,-38.1500244140625,-926.7872703357306,-66.86601903578821,41.524356710871224,-1.0351749354349014,-1.601167492541012,-0.4060873721627445,-0.3576863548226567,-16.457780090715563,-6.552660142033119,-25.95268455609562,-18162.118165075008,-19742.366447424425,-69.80833943684895,0,1,0,-69.80833943684895,0,0,0,1,0,29.62717502500688,26.9000244140625,766.2951605652455,838.5050048828125,910.7148492003795,17.22347365777712,0.20464533125646128,774.8626022920005,834.7487964313309,894.6349905706613,770.0499877929688,841.3249816894531,912.5999755859376,9.00283559285437,0.3091484313569976,770.81005274982,838.5050048828125,913.8350619050934,-4089454.0,16.17762062608876,-0.2511389584578106,-4041243.399514193,-82218.04678517673,-976245.0181176923,801.0833333333334,-4892858.120280523,986.229043256528,-8.538226959630387,-7.709165749158636,-0.829061210471751,0.658993455201986,-1.1814186749741542,36.104922158783516,1303.565404091817,830.3250122070312,830.3250122070312,0.07265180248230824,-1.4941010325936472,0.8552871242507464,1303.565404091817,785.3821437290736,-5.687500000000005,3.2640147210630066,39.4560009765625,-0.030515346672093324,-0.017893503346520734,-0.12505497257376874,-0.23372810100736807,,,-0.030990633895675482,-0.09193962664651711,0.4184204287185127,-0.05745104829443515,-0.04825116188677914
2026-03-20 00:00:00+05:30,794.25,814.9500122070312,786.0,789.0499877929688,204744,0.0,0.0,833.1800048828125,882.3260021972658,958.3330035400386,,830.3965289419631,881.1051344266543,947.6861251582388,,816.0873828706287,858.0298462392769,791.7688859631054,813.9663318863734,786.8233287446899,790.516185901088,787.3384345433618,803.9937850013804,818.8912028449333,789.8733962664343,805.5810995497392,839.2161905352791,882.2930138471522,831.9223103551753,803.1015162479133,792.4499816894531,828.3250122070312,827.0249938964844,34.891940083846634,-28.772373061774033,-0.5595634741648325,-28.2128095876092,26.8496661248469,29.588791160539245,-2.739125035692343,78.01196854995769,79.67312327231616,-83.32602197051138,-4.241506335804764,-11.89213348798799,-34.95001220703125,-991.5401606787051,-63.498224415498726,40.892598198963654,-0.7252461027651145,-1.0351749354349014,-0.41382592052195966,-0.3700969768036343,-15.857838503786345,-0.5880013829033715,-29.53801358993462,-17957.18132369306,-18691.568388359505,-68.14167277018228,0,1,0,-68.14167277018228,0,0,0,1,0,29.578806252294335,28.95001220703125,763.0038373615305,833.1800048828125,903.3561724040944,16.845379656261027,0.1855768942037151,770.6994938240867,830.3965289419631,890.0935640598394,770.0499877929688,834.8249816894531,899.5999755859375,9.143825235346748,0.30747485857913315,764.9990648877791,833.1800048828125,909.6115831983261,-4294198.0,17.348508215011027,-0.25542042726170555,-4202846.367571421,-129765.1852974305,-1035675.2584842497,796.6666666666666,-5067797.712338505,986.229043256528,-7.8411234515401205,-5.609649792854696,-2.2314736586854247,1.0779670761569862,-1.25769242318514,35.08808376064097,1231.1736219937568,825.3250122070312,825.3250122070312,0.17407897409405662,-1.5260085258358846,0.8577052457553888,1231.1736219937568,781.9021388462611,-5.325,3.269293065107797,41.39422471788193,-0.008544308602839723,-0.0006332721268195174,-0.11892133487987988,-0.25855100169466916,,,-0.008581020475549839,-0.09193962664651711,0.4184204287185127,-0.05745104829443515,-0.04825116188677914
2026-03-23 00:00:00+05:30,789.0499877929688,789.0499877929688,750.9500122070312,765.8499755859375,220921,0.0,0.0,827.1275024414064,878.4630017089845,955.2875030517573,,824.2492381461511,876.585324276038,944.0854093251239,,809.6749991280693,853.4621589211856,783.7385837785928,807.7368532592935,777.560355038821,783.5636981882013,784.2857977321343,797.712040966176,817.2996469868166,781.7949705989464,798.77203490747,830.3355011745699,878.4449712385345,825.3510618437516,797.2043889312654,777.4499816894531,809.875,817.4750061035156,30.945800283666337,-30.430185124003742,-1.7739004291156313,-28.65628469488811,16.457579601561427,25.204271615110645,-8.746692013549218,58.19110396725326,74.31163800903803,-88.8012290522783,-3.68484536609502,-13.648669015213713,-29.300048828125,-1038.280233109167,-63.126900886087014,37.57174983867451,-0.8690611686777021,-0.7252461027651145,-0.4237203019418212,-0.3821278365961368,-16.226317449464286,-19.389734653537744,-57.489710239475244,-18184.539524405052,-18207.608079046266,-66.5916748046875,0,1,0,-66.5916748046875,0,0,0,1,0,30.18746120469742,38.0999755859375,755.5922546724371,827.1275024414064,898.6627502103756,17.29727219995005,0.0716969692104011,762.9804967374178,824.2492381461511,885.5179795548845,750.9500122070312,825.2749938964844,899.5999755859375,9.424338916732781,0.31851752737210315,755.7413358420026,827.1275024414064,907.0913572043074,-4515119.0,17.139722484459305,-0.2294962970926668,-4250973.82852011,-152732.73541816883,-1619917.3496707212,768.6166585286459,-5717359.840984574,986.229043256528,-6.578451169916584,-3.4775820089849274,-3.1008691609316568,1.2400389545147104,-1.7132121231583965,35.767623884484614,1279.3229183419542,822.4500122070312,822.4500122070312,0.14585747079759873,-1.2502374549125173,0.8743778952974596,1279.3229183419542,774.7699925013951,-6.05250244140625,3.274307406118066,44.013336317274316,-0.029402461904756372,-0.025822105447691257,-0.1364866901521371,-0.27858892878813823,,,-0.029843378491423732,-0.09193962664651711,0.4184204287185127,-0.05745104829443515,-0.04825116188677914
2026-03-24 00:00:00+05:30,778.4000244140625,796.5,764.0,790.0999755859375,272400,0.0,0.0,822.3725006103518,875.4710009765627,952.2905023193355,,820.9969274261307,873.1937419744654,941.0361928154371,,806.148567998977,849.9969422104779,781.4018637754642,803.7866319235333,776.640429373811,780.0247120968919,781.5995736364057,791.9217009584031,816.1402246199184,780.6811615500884,793.4770507528573,826.142849392484,873.4297039315609,822.3527891293159,790.6559910319381,777.9749755859375,799.9249877929688,817.4750061035156,38.74415677383422,-29.447785057385886,-0.6332002899982179,-28.814584767387668,19.09925077915669,20.802165501855008,-1.702914722698317,63.20480818547475,66.46929356756189,-70.57499663974025,-4.421465886247572,-10.743338828473906,-36.550048828125,-1115.4280390630067,-63.426023415958525,43.67407765952852,-0.9964107810263972,-0.8690611686777021,-0.43128984277127635,-0.3934287685830842,-14.668177815364976,-9.319758609282417,-41.81975860928242,-18069.140024912434,-18085.783314363944,-58.82501220703124,0,1,0,-58.82501220703124,0,0,0,1,0,30.352642547219034,32.5,754.5436820885768,822.3725006103518,890.2013191321269,16.495886832653948,0.26210314636356286,759.3728280563244,820.9969274261307,882.621026795937,750.9500122070312,820.5,890.0499877929688,9.352531317512254,0.3464214367829943,749.1034072885273,822.3725006103518,902.9909347543478,-4242719.0,29.170673856550323,-0.1789333180593742,-4085857.93008261,-95706.88047215994,-444829.15686061827,783.5333251953125,-4854827.986107108,986.229043256528,-3.5830748516157276,-0.3857645525472564,-3.197310299068471,1.460224951835091,-0.9515874145457494,33.91440926088748,1150.1871555149708,815.625,815.625,0.2719634392155143,-1.1998292350689796,0.8606885199427949,1150.1871555149708,773.7007027762277,-4.755001831054687,3.277505654418825,43.931338433159695,0.031664165010185874,-0.02420654109621312,-0.10743338828473903,-0.260690547688751,,,0.031173192596546124,-0.09193962664651711,0.4184204287185127,-0.05745104829443515,-0.04825116188677914
2026-03-25 00:00:00+05:30,801.0,818.0,792.0,808.2999877929688,269996,0.0,0.0,819.4375000000002,872.8410009765627,949.6015026855464,,819.7876950801153,870.6488888693086,938.4077531120219,,804.8083286830358,847.3627848307291,782.869522511689,801.518571327184,780.9835071274581,778.9544293943632,782.1265249646999,787.1428728013141,816.1002185238513,783.1162890215085,790.0857938605884,823.3694851947523,870.8566585636607,821.2773712290576,788.4851171502327,799.1999816894531,796.25,797.7749938964844,43.86770043964882,-26.890658275772466,1.5391411932921635,-28.42979946906463,33.9541422500895,23.170324210269204,10.783818039820293,75.40944685899939,65.60178633724246,-38.76134755771295,-0.22219329060796925,-6.770474303002451,-1.79998779296875,-1262.7508236241497,-63.40984640682461,46.08013263400288,-0.7165947146953684,-0.9964107810263972,-0.434111106507884,-0.40349255656155275,-12.754249024301316,11.825922935905282,-14.174077064094718,-17206.8556837865,-17945.23268435242,-45.45002237955729,0,1,0,-45.45002237955729,0,0,0,1,0,30.177455537707853,27.9000244140625,754.7313735539444,819.4375000000002,884.143626446056,15.792815546287738,0.4139377303297811,758.7182671904691,819.7876950801153,880.8571229697616,750.9500122070312,820.5,890.0499877929688,9.057614021767954,0.3556253301196336,745.9806220714231,819.4375000000002,899.1806495372437,-3972723.0,39.81457544844418,-0.14040575423267854,-4017320.7374556568,-41870.20757002104,320707.93638369994,806.0999959309896,-4232890.17473008,988.5325507580355,-1.350678692187894,1.4773052855044622,-2.827983977692356,1.3496412400487476,-0.3442490786808755,32.35306322302792,1046.7206999132413,810.2249755859375,810.2249755859375,0.458237504154601,-0.8358936606954074,0.8099441562476472,1046.7206999132413,775.5499860491071,-2.9350006103515627,3.2875447585815363,42.61000569661457,0.0230350750150754,-0.015349051341650655,-0.0677047430300245,-0.23644435439782352,,,0.022773772808971998,-0.09193962664651711,0.4184204287185127,-0.05745104829443515,-0.04825116188677914
2026-03-27 00:00:00+05:30,805.9000244140625,816.4000244140625,781.5999755859375,795.4500122070312,305109,0.0,0.0,815.8774993896486,869.9000012207033,946.8320025634761,,817.469820520774,867.6999133139252,935.5769067574676,,802.5238060360864,844.3278440946691,781.9705397861269,798.4472591614175,781.5479041928611,776.6504464434374,783.7698395092455,782.9142011836849,815.8150635176662,784.8528364119452,786.3706661257063,820.4932118485892,867.9715156893209,819.1810404064497,790.1301867344746,801.875,796.25,792.5750122070312,41.24465450550604,-25.60583439645461,2.2591720580880157,-27.865006454542627,48.039036418666754,33.69747648263765,14.341559936029107,90.84167579443321,76.48531027963577,-46.546546546546544,-1.8387072040241101,-8.215543783682369,-14.89996337890625,-1440.9033175880104,-61.35793780158576,43.32991415529172,-0.4545576843179997,-0.7165947146953684,-0.4346417460539542,-0.4118689628986625,-11.091961056470337,11.757956615262515,-23.042092212862485,-16087.56964711379,-17470.68343148612,-43.266693115234375,0,1,0,-43.266693115234375,1,0,0,0,0,30.507640772737652,34.800048828125,754.3519833811929,815.8774993896486,877.4030153981043,15.082047502102329,0.33399174433734186,755.5879478914512,817.469820520774,879.3516931500967,750.9500122070312,820.5,890.0499877929688,8.705687006880117,0.3581325913559012,740.0264702856058,815.8774993896486,898.2515069066998,-4277832.0,38.04481411311624,-0.1392312440081715,-4079569.6860634256,-35846.21525161574,-285199.36896394356,797.8166707356771,-4717938.208907956,988.5325507580355,1.565499222582551,3.5147865602199255,-1.9492873376373745,1.449833257462073,-0.6640330226506329,30.762758004227848,946.3472800266846,809.8999938964844,809.8999938964844,0.6814788882361509,-0.3269697412588472,0.7814020086517967,946.3472800266846,775.8164193289621,-3.5600006103515627,3.293612571949159,41.43444905598958,-0.01589753282197104,-0.0005025612755868991,-0.08215543783682366,-0.2283178361202579,,,-0.01602525404037545,-0.09193962664651711,0.4184204287185127,-0.05745104829443515,-0.04825116188677914
2026-03-30 00:00:00+05:30,780.0,796.1500244140625,773.0,775.5,295771,0.0,0.0,810.8125000000001,866.5500012207033,943.9840020751949,,813.4726947568907,864.0842304388693,932.4070670196959,,798.6783299037389,840.6258832624846,777.73785078203,794.0734752555239,777.1423375517392,772.4030679282284,784.1055339202218,778.720360741972,815.2843051364194,782.9478020475635,781.5757370849311,816.1972912658468,861.8263175048345,815.2963420804876,791.1854237736645,785.4750061035156,796.25,792.5750122070312,37.49603061650544,-25.898855585624688,1.57292069513435,-27.471776280759038,48.06052690737647,43.35123519204424,4.709291715332228,81.31364956037339,82.52159073793533,-70.51052517361111,-1.7794931302883963,-11.553374681032482,-14.04998779296875,-1633.6740149579418,-61.60264282226569,40.618445552431965,-0.4344747584759216,-0.4545576843179997,-0.43568575393172493,-0.41851571431152923,-9.898050540510598,-4.3288908420518055,-27.478915256114306,-15313.820585328089,-16661.968545340183,-36.59168497721354,0,1,0,-36.59168497721354,1,0,0,0,0,29.982096747118,23.1500244140625,753.898332292232,810.8125000000001,867.7266677077682,14.038798787085328,0.18977408067077495,753.0748053467297,813.4726947568907,873.8705841670518,750.9500122070312,820.5,890.0499877929688,8.12467451900791,0.3604105269732724,735.2395619002299,810.8125000000001,894.4645985213235,-4573603.0,38.693173402447094,-0.20027350808950808,-4311459.327946945,-103906.17578869592,-1087404.467752786,781.5500081380209,-5459736.558261691,986.0245349304063,3.4174025136855835,4.293351881058366,-0.875949367372783,1.3195974074819319,-1.2409036773169009,28.45708385388404,809.8056214669878,809.0,809.0,0.7199359267110211,-0.006272576839852959,0.7781885209333288,809.8056214669878,774.4099897112166,-5.064999389648437,3.2981398847624943,40.81022650824652,-0.02508015827629262,-0.01717253406323349,-0.1155337468103248,-0.25050735807836044,,,-0.02540002498072488,-0.09193962664651711,0.4184204287185127,-0.05745104829443515,-0.04825116188677914
2026-04-01 00:00:00+05:30,788.0999755859375,820.0,788.0999755859375,814.0999755859375,312718,0.0,0.0,808.2574981689453,863.972000732422,941.6510015869137,,813.5324357882286,862.1240635818916,930.0643523378393,,798.9914228166854,838.5690195121017,781.2549616964698,792.9755306411889,783.8442605728227,772.9833528147577,786.8946847283169,775.8562284481852,815.2586578139917,786.3337198492093,780.062960688065,811.9982614415867,860.4824434793132,815.2103838999279,794.0109028195482,794.7999877929688,793.375,792.5750122070312,47.44824976949839,-22.75408660634548,3.774151739530847,-26.52823834587633,52.93291338213213,49.67749223605845,3.2554211460736795,81.31364956037339,84.48965830506,-24.144188133445944,3.5552948297250015,-5.9061530166583225,27.949951171875,-2067.541608754734,-51.77205666934742,48.52581437942322,-0.24019871681654517,-0.4344747584759216,-0.4314715650749368,-0.42320802632139654,-7.4217885161386254,17.575218982482284,-14.324805431580216,-15399.03116174714,-15901.444551736235,-25.158345540364582,0,1,0,-25.158345540364582,1,0,0,0,0,31.01908983660957,44.5,757.3529391085208,808.2574981689453,859.1620572293698,12.596124174720424,0.5573865830961928,750.4105358457018,813.5324357882286,876.6543357307553,750.9500122070312,817.4750061035156,884.0,7.7536519294530715,0.40789232846055873,731.4712387568308,808.2574981689453,891.158784533198,-4260885.0,41.17062523458429,-0.11039690071192101,-4114417.9688653415,-59607.89304710971,792354.336966641,807.3999837239584,-3903204.364156829,986.0245349304063,5.298454500958167,4.93952309466476,0.35893140629340703,1.3057315266534277,0.2295463323847713,25.452279530212245,647.8185332840612,809.0,809.0,0.7715376181762513,0.774895095604262,0.6805099167630533,647.8185332840612,780.4592721121652,-2.5550018310546876,3.3101522886367967,38.653337402343745,0.04977430765433599,0.06300189532954525,-0.05906153016658322,-0.20029471946371558,,,0.04857519597431654,-0.09193962664651711,0.4184204287185127,-0.05745104829443515,-0.04825116188677914
2026-04-02 00:00:00+05:30,802.2000122070312,817.0,780.1500244140625,807.3499755859375,256536,0.0,0.0,805.0999969482422,861.4990002441407,939.3175018310544,,812.9436300546771,859.97606013107,927.6343646793857,,798.9049920944941,836.3485479377298,783.2074721174916,791.4754663431347,787.8494571454726,772.8898252645165,790.1752363645874,773.9889030338511,815.2175572687468,787.0447871738381,778.7938230599792,809.9350425118939,857.8937667796423,814.6267392128198,796.6997996140306,810.7249755859375,793.375,792.5750122070312,46.06690281941361,-20.569391974644077,4.767077096985801,-25.336469071629878,57.6976634837963,52.89703459110163,4.800628892694668,83.20463681903948,81.94397864659541,-32.252296241554056,-0.2902354681566773,-7.254454269277714,-2.35003662109375,-2685.2434694658764,-44.33573141659008,54.915345778497354,0.07583162016046598,-0.24019871681654517,-0.4239965426835912,-0.42609223907221033,-5.226601807019457,13.871619758422298,-22.978355827515202,-15563.516808475775,-15512.79832495667,-10.833343505859375,1,0,0,-10.833343505859375,1,1,0,0,0,31.43558167584728,36.8499755859375,763.4603134056046,805.0999969482422,846.7396804908798,10.343978064954463,0.5270172398811753,748.8142966617363,812.9436300546771,877.0729634476179,750.9500122070312,817.4750061035156,884.0,7.335576994397617,0.4068137189615468,727.5119833381611,805.0999969482422,889.1370138557392,-4517421.0,39.617890464605594,-0.10864622268240962,-3992241.822500124,2807.259467663709,431786.8602571209,801.5,-4115907.7239319836,985.1953984358202,4.90844001295001,3.639606885325282,1.2688331276247276,1.0515171078114913,0.10806895952470125,20.819841771318796,433.4658113827509,807.8249816894531,807.8249816894531,0.3566859221809947,0.4032182659914968,0.5785571161647808,433.4658113827509,786.5149823869978,-3.157501220703125,3.313743585290827,36.73400472005207,-0.008291364945861579,0.021832680082298994,-0.0725445426927771,-0.20159220150341317,,,-0.008325929503030802,-0.09193962664651711,0.4184204287185127,-0.05745104829443515,-0.04825116188677914
2026-04-06 00:00:00+05:30,815.0,827.7999877929688,795.0,815.0,323871,0.0,0.0,803.154995727539,859.205,937.221502075195,,813.1394748113745,858.2122930671065,925.403981220388,,799.8478495279949,834.5250577320771,786.4125247909329,790.7033973466548,793.335032693303,773.7994128849764,794.8321317254928,773.2168330236992,815.2160259094649,791.5310002443357,778.1881819825659,803.5275308573698,856.0458803868078,814.6533518885276,801.4195511300481,811.1749877929688,793.375,792.5750122070312,47.91752565275123,-18.013069253247522,5.858719854705885,-23.871789107953408,73.5134792996121,61.38135205518017,12.132127244431928,97.50235161139547,87.34021266360278,-23.063077726163662,-0.7187263051032051,-4.555571296622845,-5.9000244140625,-3325.6238536028172,-39.725585398954536,56.99475118690987,0.5347443726565525,0.07583162016046598,-0.41288125511498297,-0.42684711495579236,-3.5163089205399225,22.975661871616353,-9.824325921352397,-15532.511969637037,-15461.90474923516,-0.37501017252604196,1,0,0,-0.37501017252604196,1,1,0,0,0,31.533039255641675,32.79998779296875,767.9809706191048,803.154995727539,838.3290208359732,8.758963162912721,0.6683771509792426,748.8700802571959,813.1394748113745,877.4088693655531,750.9500122070312,817.4750061035156,884.0,6.966084883442669,0.40506774143498986,727.3467946535902,803.154995727539,884.4218221194104,-4193550.0,48.116325659704174,-0.0748852060693512,-3921148.0413614833,50706.274088941514,724048.8883642231,812.5999959309896,-3809024.5714046434,985.1953984358202,6.605451522549216,4.269294715939591,2.336156806609625,1.2530283908498685,0.6735086039169703,17.58701255421709,309.30301058218953,807.8249816894531,807.8249816894531,-0.27694896405546665,-0.32369550121940405,0.3998219265576474,309.30301058218953,793.2335571289062,-1.945001220703125,3.3159068315843157,33.54355970594619,0.00947547488127487,0.008289016835600016,-0.0455557129662284,-0.19122755767858535,,,0.009430864152983437,-0.09193962664651711,0.4184204287185127,-0.05745104829443515,-0.04825116188677914
2026-04-07 00:00:00+05:30,815.0,825.6500244140625,807.3499755859375,821.2000122070312,168899,0.0,0.0,802.5149963378906,857.427000732422,935.1815026855465,,813.9071450395322,856.7608310725939,923.3405362894305,,801.5664225260417,833.0346660539216,790.4201776084183,790.5048011111575,799.6148118628114,775.467451769383,801.1423704892112,773.4396522303333,815.3641607389732,797.4185275183127,777.6945292232925,801.8023832711161,854.5828496499367,815.106236306301,807.5306911400639,818.1000061035156,793.5249938964844,792.5750122070312,49.43196891169249,-15.310387295430132,6.849121450018622,-22.159508745448754,76.35633680555556,69.18915986298799,7.167176942567565,97.50235161139547,92.73644668061013,-15.615615615615619,3.185278306056366,-1.5347707185813848,25.35003662109375,-3853.8490853402577,-33.34176222857309,57.2044155927269,1.0220728858132715,0.5347443726565525,-0.3981550908035758,-0.4251059116537497,-1.5157892503440966,18.486314737613043,0.18626590948804278,-15329.260820120327,-15486.724923015514,-0.6500040690104165,1,0,0,-0.6500040690104165,1,1,0,0,0,30.5878256536762,18.300048828125,769.2923865736014,802.5149963378906,835.7376061021797,8.279623412869183,0.7812093330672826,752.2729216184897,813.9071450395322,875.5413684605747,750.9500122070312,797.7749938964844,844.5999755859375,6.339279770062858,0.3984340817664632,730.4082938922691,802.5149963378906,877.2083274616048,-4024651.0,53.13900864703248,-0.005028498704133812,-3834391.1841300037,93296.11881775875,770209.8845629585,818.0666707356772,-3680536.7356064385,985.9561361299344,3.0776017439574983,0.5931559498782986,2.4844457940791997,0.6419659706609552,1.1248373322691314,16.611304882144548,275.93544988755934,807.8249816894531,807.8249816894531,-0.4996238788492572,-0.3645580812976379,0.1840290378998285,275.93544988755934,799.6692749023438,-0.6399993896484375,3.3238380205727234,30.174450954861125,0.007607376941142663,0.03237161305530045,-0.015347707185813797,-0.1773191723456815,-0.20832934199244446,,0.007578586768785719,-0.09193962664651711,0.4184204287185127,-0.05745104829443515,-0.04825116188677914
2026-04-08 00:00:00+05:30,842.0,844.0,828.0,840.9500122070312,221577,0.0,0.0,803.3624969482422,856.082000732422,933.4210028076169,,816.4826561983416,856.1407989602188,921.7090407630462,,805.2269002278647,832.3885096411611,797.5627671900661,791.8873275559686,810.0138405647043,779.3637050374426,809.7483216283226,775.0316113214178,816.8462794301884,808.7167676430568,779.2241560069685,802.8976375477528,853.3367578288546,816.7355476063457,815.498014476529,831.0750122070312,803.3999938964844,797.4750061035156,54.01868658628505,-11.44292550744865,8.573266590400085,-20.016192097848734,86.01450390556481,78.62810667024415,7.386397235320658,99.99999999999999,98.33490107426364,-3.2777949415262797,6.5775331369347985,2.0570403163872877,51.9000244140625,-3670.427080944281,-20.548675716624416,59.15496297936708,1.5011790356673864,1.0220728858132715,-0.37811658660161784,-0.4200388321715049,1.681973738964837,32.009675676324605,16.009675676324605,-15227.419834162254,-15419.080370358794,7.891662597656249,1,0,0,7.891662597656249,1,1,0,0,0,30.031551520768527,22.79998779296875,767.1059448298997,803.3624969482422,839.6190490665847,9.026199817908195,1.0183547946878988,756.37550399969,816.4826561983416,876.5898083969932,750.9500122070312,797.4750061035156,844.0,5.705393821353675,0.4052091846537492,731.7942084450909,803.3624969482422,876.1942481179424,-3803074.0,58.8222636825705,0.047484635375028096,-3697290.0772803333,145860.8512210101,1285343.579625393,837.6500040690104,-3147640.281033964,985.9561361299344,1.8870134980137123,-0.4779458368523899,2.364959334866102,0.8368349851461478,2.0734191787515943,18.12827605917125,328.6343928775215,807.8249816894531,807.8249816894531,-0.08037190047408592,0.016628821527524155,-0.0747417029033213,328.6343928775215,808.9557067871094,0.8475006103515625,3.3358378437469445,27.919340820312506,0.02405017012471844,0.08439717886141995,0.02057040316387293,-0.15465417920567537,-0.18075985172232711,,0.02376551967955672,-0.09193962664651711,0.4184204287185127,-0.05745104829443515,-0.04825116188677914
2026-04-09 00:00:00+05:30,847.0,853.8499755859375,825.0,830.7000122070312,243347,0.0,0.0,805.1399963378906,854.4160009765626,931.2540026855465,,817.8366901039311,855.1431210483291,919.906881781739,,807.8304731096541,831.3931375421262,801.9437735824533,792.450840332822,815.9477198380382,781.9183077904818,818.3491199602398,777.5027723070148,818.1095540479895,814.6770801368727,779.6820331994037,805.0068594275657,851.9646493015476,817.6676105015201,822.4579489716496,835.8250122070312,803.3999938964844,802.3999938964844,51.412325048849155,-9.100122961224429,8.732855309299442,-17.83297827052387,86.203015522821,82.85795207798046,3.345063444840548,96.23459688679394,97.91231616606314,-22.49754287439506,8.467720661801707,4.470852883286415,64.85003662109375,-3195.254400670108,-11.705293363683268,56.748306665916246,1.9632423565488086,1.5011790356673864,-0.35577782554631066,-0.4116486080353976,3.5254831432193674,39.18683870749692,10.336863121559418,-15584.580179877426,-15371.74224301327,19.466664632161457,1,0,0,19.466664632161457,1,1,0,0,0,29.947153239709166,28.8499755859375,767.1351256847515,805.1399963378906,843.1448669910296,9.440562095039597,0.8362728964718831,757.9587951459249,817.8366901039311,877.7145850619373,750.9500122070312,802.3999938964844,853.8499755859375,5.336137831343682,0.3851606950013325,733.8073186393011,805.1399963378906,877.8948430533636,-4046421.0,51.8735068195875,0.05082657762116571,-3844478.876632112,107271.72820849996,745393.5325360512,836.5166625976562,-3444246.1094177244,985.9561361299344,1.6326141301988502,-0.5858761637338019,2.218490293932652,0.9113355284051075,1.3450915858875316,19.002435326569536,361.0925483404578,809.0,809.0,-0.20369927881992708,-0.2650014062910739,-0.10679014869005692,361.0925483404578,813.2114266531808,1.7774993896484375,3.348876875783383,25.671340332031242,-0.012188596053526846,0.020390660998541588,0.044708528832864136,-0.13378518018036367,-0.19816601138317447,,-0.012263486149306089,-0.09193962664651711,0.4184204287185127,-0.05745104829443515,-0.04825116188677914
2026-04-10 00:00:00+05:30,837.25,860.0499877929688,835.2999877929688,854.5,154597,0.0,0.0,806.5324951171875,853.9140014648439,929.350002441406,,821.3284339035567,855.1179006150613,918.6116960038828,,812.5314258393788,831.3964316214767,810.1083252504525,794.859909315258,827.0063408864149,787.0792443504506,828.2951739026353,781.3372110035983,821.4059176117931,822.8697403340307,782.6395995675031,805.815340064641,851.4218710675842,819.8733832651927,830.7087673594573,842.6000061035156,810.1749877929688,805.5,56.64331901164007,-5.2623142710258435,10.056531199598423,-15.318845470624266,89.7125320525211,87.3100171603023,2.4025148922188038,96.23459688679394,97.48973125786262,-5.0870660265153305,8.150870320721564,3.3690164838110097,64.4000244140625,-2753.1305256889336,-0.08162141687728308,62.212616063933844,2.4088982868370756,1.9632423565488086,-0.3287756084332183,-0.3999446638048792,6.29650061213903,39.695870468591124,14.945870468591124,-16099.060198150903,-15508.720174391765,29.75,1,0,0,29.75,1,1,0,0,0,29.90449769301119,29.3499755859375,763.500790733834,806.5324951171875,849.564199500541,10.670792471195115,1.057350743715468,761.5627240680392,821.3284339035567,881.0941437390743,750.9500122070312,805.5,860.0499877929688,5.056782910691281,0.3734346352898301,736.9039242482025,806.5324951171875,878.041451714023,-3891824.0,51.60111179762087,0.04174036679434503,-3759216.136254705,108862.34725905769,1164538.2725779852,849.9499918619791,-3001317.6564550214,988.8211881876244,-1.5479577947878689,-3.0131584709764168,1.465200676188548,0.6056876980717523,2.2294029748618738,21.515852191676732,462.93189553408047,809.0,809.0,0.2912713309517772,0.25402254474554825,-0.32556956405653503,462.93189553408047,824.5292872837612,1.392498779296875,3.3590901907701696,24.536675618489586,0.028650520576900096,0.058400973357115804,0.03369016483811005,-0.09066724603623855,-0.1774954471851743,,0.028247769015746486,-0.09193962664651711,0.4184204287185127,-0.05745104829443515,-0.04825116188677914
2026-04-13 00:00:00+05:30,840.0499877929688,867.25,833.2000122070312,856.4500122070312,191935,0.0,0.0,808.8499969482422,853.3530017089845,927.6605023193356,,824.6733461229353,855.1701402853347,917.380771572262,,817.2854750860306,831.4958830231311,817.5481683971835,797.3253985236295,836.5417867163734,792.1684699763989,838.3468742469686,786.2123948934102,823.7885863858786,831.8773852743165,786.4145181889368,807.8579307384306,850.9472350524773,822.0674746459258,838.7950468506945,855.4750061035156,811.1499938964844,809.1000061035156,57.05131254206478,-2.0399581779045093,10.623109834175807,-12.663068012080316,87.70969071988782,87.8750794317433,-0.16538871185548487,96.23459688679394,96.23459688679392,-9.286318939426142,5.956949788596959,5.721520555233842,48.1500244140625,-2309.3371378551064,9.514998492072664,61.104969605258916,2.8413768396804544,2.4088982868370756,-0.29854704449945313,-0.38482303029882353,8.697740400324328,41.73932626381463,7.6893384708458825,-16303.856163678465,-15816.426125649561,41.883341471354164,0,1,0,41.883341471354164,1,0,0,0,0,30.200604128722443,34.04998779296875,760.3627304354793,808.8499969482422,857.337263461005,11.989186300476804,0.9908506777368009,764.1138966921396,824.6733461229353,885.232795553731,750.9500122070312,809.1000061035156,867.25,4.507572695213116,0.3643801953121052,737.1341076306264,808.8499969482422,880.7466411999625,-3699889.0,56.26901138371206,0.08542803447603935,-3689037.1656340463,121946.15049912641,1051643.6040606364,852.3000081380209,-2957517.1189527926,988.8211881876244,-2.8334933940308167,-3.438955256175492,0.6054618621446751,0.7756955333904525,1.9634027109472048,24.24363325638142,587.7537534699231,809.0,809.0,0.3942219639131435,-0.14929742599185397,-0.41537076187448635,587.7537534699231,834.1564313616072,2.3175018310546873,3.3642948702822086,24.161564941406247,0.002282050564109017,0.050858910683474035,0.0572152055523385,-0.08868905795761606,-0.17203210364175248,,0.0022794506414058617,-0.09193962664651711,0.4184204287185127,-0.05745104829443515,-0.04825116188677914
2026-04-15 00:00:00+05:30,876.0,876.0,851.2000122070312,866.25,180840,0.0,0.0,811.6449981689453,852.6680017089844,925.8120025634762,,828.6330274445605,855.6046445878707,916.3682810460786,,822.7521420433409,832.0016476619944,825.769006888446,800.4457889898453,846.8090418545278,798.0716502291788,848.7169016652292,792.1705584523473,829.2653613491855,843.7938247720006,791.2021841423118,810.1159226840135,850.8553252989636,824.6271174928125,847.2045479770889,861.3500061035156,816.0499877929688,813.4750061035156,59.132668754076214,1.2896925814205815,11.162208474800718,-9.872515893380136,92.60991100848257,90.01071126029716,2.5991997481854128,99.99999999999999,97.48973125786262,-7.796882008610817,8.900620618073695,6.898257061542209,70.79998779296875,-1790.836774468365,20.043822703641922,60.99900540653807,3.264063126911389,2.8413768396804544,-0.2651904679361827,-0.36587910963265213,10.88257199025667,44.66942251184105,19.8694347188723,-15777.809245767825,-16028.037024883997,49.76668294270833,0,1,0,49.76668294270833,1,0,0,0,0,29.814845819025752,24.79998779296875,756.7698459089823,811.6449981689453,866.5201504289083,13.521959079094978,0.9975384995049442,769.1173374275609,828.6330274445605,888.1487174615602,750.9500122070312,813.4750061035156,876.0,3.7503072189404727,0.36550033571520313,740.4363766370356,811.6449981689453,883.273901051098,-3519049.0,62.03927729903088,0.07733611961504377,-3650389.9775595344,128509.43434839649,1154584.4881206125,864.4833374023438,-2750589.7131239907,989.9654450214489,-4.241885476225129,-3.8778778706958428,-0.3640076055292857,0.7695021171520592,1.9901539980197778,27.43757612998148,752.8205838885294,809.0,809.0,0.46657970558881234,-0.4096726226699128,-0.4765786071420161,752.8205838885294,844.9664297921317,2.795001220703125,3.3726935761668164,24.14734185112847,0.011442568338243975,0.054858727622146386,0.06898257061542212,-0.0809018567639257,-0.16028497431091981,,0.01137759730706154,-0.09193962664651711,0.4184204287185127,-0.05745104829443515,-0.04825116188677914
2026-04-16 00:00:00+05:30,874.0,874.0,840.0999755859375,852.5,256845,0.0,0.0,814.7924987792969,851.6680017089843,924.059002075195,,830.9060724498404,855.4828938197188,915.1035626095226,,826.6430945986793,831.9950593596814,830.3713802847996,802.3701543698622,851.5150899888926,802.0549953892272,857.1001618647059,798.4781223855227,832.9696389658201,848.280129499816,795.8550387087286,813.2247010042203,850.4855455129424,826.3701550578355,853.0011846144673,859.375,820.875,820.0,55.098118468007165,2.786829870562201,10.12747661115387,-7.340646740591668,87.31155206494006,89.21038459777014,-1.8988325328300846,93.78438513966225,96.6729940088187,-20.98214285714286,9.929078014184396,7.9728976227326145,77.0,-1581.458644622643,25.20896750057466,58.281608621320856,3.1083014283778745,3.264063126911389,-0.23215900685109592,-0.3437332698300032,12.94200898142679,39.645219295863626,5.745194881801126,-15045.511682928884,-15884.650449995394,55.21668497721353,0,1,0,55.21668497721353,1,0,0,0,0,30.106644290099805,33.9000244140625,758.0634148375348,814.7924987792969,871.5215827210591,13.924792883280674,0.8323471718617336,770.6013958794002,830.9060724498404,891.2107490202806,750.9500122070312,813.4750061035156,876.0,2.578751032176938,0.3564640920483602,743.2977663261263,814.7924987792969,886.21030294722,-3775894.0,60.942775102324035,0.080152569612873,-3719336.3358518477,97574.26061659865,485126.88267481077,855.5333251953125,-3158280.189314467,989.9654450214489,-2.5856282932161707,-1.777296550149508,-0.8083317430666627,1.111322644640257,1.3293886874469334,28.364541970881103,804.5472412178757,811.8999938964844,811.8999938964844,0.25321876297953105,-0.7552911233610308,-0.4442305809201998,804.5472412178757,850.3442862374442,3.1475006103515626,3.380741132610568,23.283342285156248,-0.015873015873015928,0.01373445225674752,0.07972897622732611,-0.09597030752916225,-0.16601448853501,,-0.01600034134644119,-0.09193962664651711,0.4184204287185127,-0.05745104829443515,-0.04825116188677914
2026-04-17 00:00:00+05:30,852.0,874.7000122070312,850.0,865.1500244140625,209196,0.0,0.0,818.742498779297,850.5090026855468,922.4065020751949,,834.1674012083378,855.8619969802813,914.114383635355,,831.439049421038,832.5237661324295,836.634358126227,805.1963464278223,858.4801589335335,807.2446712498098,864.0932143491273,805.2700543157656,836.6381715524925,855.3915527133752,800.0822930501142,816.5208507771223,849.7493257759061,828.6758991485075,857.308602626674,858.8250122070312,820.875,824.5,57.94125252066088,4.937160692856878,9.822245946758837,-4.885085253901959,86.89567275156512,88.9390452749959,-2.04337252343079,91.94889322106253,95.2444261202416,-10.533956879550976,6.270734597600549,10.04897253025982,51.050048828125,-1438.948491329847,30.56088238884422,57.2548089526375,3.128464010588546,3.1083014283778745,-0.19834385755119754,-0.3186607492597372,15.009993399629714,35.94591097290538,11.24589876587413,-14748.250486922834,-15449.791417999118,63.491689046223954,0,1,0,63.491689046223954,1,0,0,0,0,29.720456284166335,24.70001220703125,759.4664511920571,818.742498779297,878.0185463665368,14.479777872925228,0.8914525978344371,774.901262938505,834.1674012083378,893.4335394781705,750.9500122070312,813.4750061035156,876.0,2.1614812303784907,0.3570980858750481,747.7936984749794,818.742498779297,889.4062320443152,-3566698.0,60.48347202070202,0.0869259899844722,-3671906.996499018,91139.72837343626,793870.8290532976,863.2833455403646,-2847859.7192471097,991.4493188530105,-2.9557594485793657,-1.7179421644101622,-1.2378172841692034,0.9475988644903185,1.565810391337748,29.638023793619947,878.4124543911821,814.5499877929688,814.5499877929688,0.11457110943949714,-0.8869429138709233,-0.3515758874093478,878.4124543911821,856.8321507045201,3.95,3.381955208521603,23.281564941406252,0.014838738315615885,0.04147106259876332,0.10048972530259825,-0.08255564749304078,-0.15890526448706788,,0.014729721364441332,-0.09193962664651711,0.4184204287185127,-0.05745104829443515,-0.04825116188677914
2026-04-20 00:00:00+05:30,873.0499877929688,873.0499877929688,847.0,850.7999877929688,163641,0.0,0.0,820.7974975585937,849.7010021972654,920.6245019531248,,835.7514570735407,855.663486816073,912.8606332226345,,834.4921436128163,832.5351773131127,839.416659115386,806.7939990686867,860.2660340055761,810.487722475078,868.1323331520773,811.8316334783237,837.766553516924,858.363783463143,803.6673011657961,818.0697399318012,849.4435096546645,830.0981175286843,858.1602636089362,857.9750061035156,820.875,824.5,53.78110396611805,5.420896612996444,8.244785493518723,-2.823888880522279,81.33928966478126,85.18217149376214,-3.842881828980879,83.70429016407547,89.81252284160007,-24.466031268962375,5.381806344330069,5.0759509653346395,43.45001220703125,-1315.3632936756158,33.44853012982537,51.469816725998605,3.009581250034338,3.128464010588546,-0.1667461286924521,-0.291312401879456,14.670725902084582,32.57504562186523,6.525057828896479,-14908.776710099928,-15045.685049261865,70.2333475748698,0,1,0,70.2333475748698,0,0,0,1,0,29.458279963366508,26.04998779296875,760.0109126946943,820.7974975585937,881.5840824224931,14.811591176801821,0.7467854568697216,777.1678104878885,835.7514570735407,894.3351036591929,750.9500122070312,813.4750061035156,876.0,2.1324286365017904,0.3523199047608267,751.1663214224792,820.7974975585937,891.9163519400573,-3730339.0,54.19186306546787,0.034649828800877455,-3787806.415399541,43344.902044390794,344995.8045153406,856.9499918619791,-3119287.133735458,989.7906427602932,-4.886852014143321,-2.919227783979294,-1.9676242301640272,0.7738085105175653,0.9871418274788857,30.39329243194973,923.7522248540129,817.9500122070312,817.9500122070312,-0.0493383073087892,-1.073264217128067,-0.33630437309143707,923.7522248540129,861.8814357212613,2.054998779296875,3.380556817574411,22.581120062934026,-0.016586760927172817,-0.0043300318397089255,0.05075950965334641,-0.08614394436845463,-0.18129327581901178,,-0.01672586154374066,-0.09193962664651711,0.4184204287185127,-0.05745104829443515,-0.04825116188677914
2026-04-21 00:00:00+05:30,850.9000244140625,858.0,846.7999877929688,851.1500244140625,120518,0.0,0.0,822.3099975585938,848.6520031738281,918.9520019531247,,837.2179872964475,855.486488290504,911.6386409689994,,837.3828604561943,832.5920017137714,841.8609831550328,808.3633936360959,861.6093738898744,813.5901722335294,869.6349254208519,818.1074982212874,838.6533205823299,860.5291409067574,807.1293706589879,818.8438777121636,848.3178256283766,831.4584863100897,857.075773499938,850.9750061035156,820.875,824.5,53.868113597910096,5.766038541705939,6.871941937782574,-1.1059033960766353,80.29127398740897,82.84207880125177,-2.5508048138428023,81.8093487191116,85.82084403474985,-24.12618988925971,4.4355858176763805,3.684979790516108,36.1500244140625,-1185.3512974496189,34.374704518037674,54.14058927203113,2.300567511962776,3.009581250034338,-0.13747112045351395,-0.2623475162850047,14.68066122542619,16.00004607990229,4.80003387287104,-15207.735113646031,-14927.883531770072,65.50002034505208,0,1,0,65.50002034505208,0,0,0,1,0,28.154117980771133,11.20001220703125,760.0257518155032,822.3099975585938,884.5942433016843,15.148604766574657,0.7315194357047191,782.0803999652325,837.2179872964475,892.3555746276626,750.9500122070312,813.4750061035156,876.0,1.9356606858989898,0.34983698046293715,754.711268364371,822.3099975585938,891.4737958301912,-3609821.0,57.15458200599795,0.02831032841628453,-3814707.0685948916,11292.728707225528,301737.2200847172,851.9833374023438,-3114328.7752368394,989.8317848178997,-8.105103966085855,-4.9099837887374616,-3.195120177348393,0.6305237797524844,0.9260777428188761,31.14212287154528,969.8318169464236,818.1000061035156,818.1000061035156,-0.15374710100263983,-1.2193769227282907,-0.35010901083712836,969.8318169464236,867.528586251395,1.5125,3.3765132668850764,22.483342285156247,0.00041142057606480265,-0.006188321229993243,0.036849797905161186,-0.08448960606819567,-0.18409694761016226,,0.00041133596582573127,-0.09193962664651711,0.4184204287185127,-0.05745104829443515,-0.04825116188677914
2026-04-22 00:00:00+05:30,857.4000244140625,875.0,850.2000122070312,872.5,277449,0.0,0.0,826.1424987792968,847.8640026855469,917.5070019531248,,840.5781789825002,856.1536848281313,910.8636183755539,,842.1628606887092,833.5272172755821,847.8191581895535,811.5195866374988,868.0373061696906,818.9327822845429,871.5974963537437,824.5847709660036,841.8194115344514,864.673983467349,812.94586640597,822.6510487022276,848.0139127398328,833.8761499167509,857.7171376471678,861.8250122070312,839.9249877929688,828.0750122070312,58.944843498715485,7.673870999354222,7.023819516344686,0.6500514830095361,82.58541301629452,81.40532555616159,1.1800874601329383,83.16566154659138,82.89310014325947,-3.6515397928943205,6.246954095275342,9.631215274917814,51.29998779296875,-1096.9320541094426,34.409263521082266,56.16178176176205,2.114197335847554,2.300567511962776,-0.10764185965814743,-0.2322947688468413,15.784391899546474,28.642896639916216,3.8429088469474664,-15105.925338481213,-15014.53324548266,61.25835164388021,0,1,0,61.25835164388021,0,0,0,1,0,27.914537253070964,24.79998779296875,761.331929803448,826.1424987792968,890.9530677551456,15.689924939489861,0.857638437320138,785.9679832460733,840.5781789825002,895.188374718927,750.9500122070312,813.4750061035156,876.0,1.0059898370992866,0.3362282860522454,756.9935086930047,826.1424987792968,895.1060270035516,-3332372.0,66.25302450439993,0.09633555691225826,-3593195.394515403,67634.85148483794,1104850.3852644395,865.9000040690104,-2418384.5578327957,989.8317848178997,-4.526415894362703,-1.0650365736114478,-3.4613793207512553,1.3735472995551858,1.4305537492805507,32.40528448792443,1050.1024627433158,825.9500122070312,825.9500122070312,-0.28350957356534856,-1.1266888107787059,-0.1603431906535441,1050.1024627433158,874.2035845075335,3.832501220703125,3.3751715620377385,23.85223117404514,0.0250836808712247,0.00721500721500723,0.09631215274917815,-0.04131411558574116,-0.16008860320687202,,0.024774249132383887,-0.09193962664651711,0.4184204287185127,-0.05745104829443515,-0.04825116188677914
2026-04-23 00:00:00+05:30,877.5499877929688,913.9000244140624,863.7000122070312,871.5999755859375,1439243,0.0,0.0,830.2699981689453,847.4740026855469,915.9650012207029,,843.5326358018751,856.7594217205943,910.0861204985317,,846.4921441941035,834.4580397422641,852.7570779210246,814.4576628262746,872.8442496806641,823.8210199287154,873.4399616191913,831.1088099417577,843.4445534852828,869.2288363718724,818.597006027611,835.7901552604459,850.3203657379677,836.1336359189842,860.2234558232833,872.0499877929688,839.9249877929688,847.0250244140625,58.65181766461434,9.009363188135126,6.6874493641004715,2.321913824034654,80.19868852884586,81.02512517751646,-0.8264366486705939,90.18351909712428,85.05284312094241,-31.62620473130835,3.6446831481061466,10.461946526843905,30.64996337890625,-1021.2513934634793,40.35412184771394,46.16717182523151,2.244694300812073,2.114197335847554,-0.07833104603833796,-0.201467348901511,15.449083390304413,63.936796450285215,13.736784243254078,-15713.46509267239,-15208.260451171132,58.00001017252604,0,1,0,58.00001017252604,0,0,0,1,0,29.50635689263955,50.200012207031136,764.8937597779418,830.2699981689453,895.6462365599489,15.748187586009973,0.8160932659493576,784.5615040009117,843.5326358018751,902.5037676028386,750.9500122070312,832.4250183105469,913.9000244140624,0.9817138794274698,0.3333594607013204,758.8429254290301,830.2699981689453,902.2679437395769,-4771615.0,75.79522393341294,-0.06398967417440954,-4579451.7718645595,-229273.56848858297,761964.0676882976,883.0666707356771,-2566849.1810727445,989.8317848178997,28.4832973405073,25.555741329006842,2.9275560115004557,4.4453858107104285,1.2643730637974309,32.688119195501756,1068.5131365393304,835.8250122070312,835.8250122070312,-0.4567477674745026,-0.9054098302316099,0.09820894643171077,1068.5131365393304,878.9364362444196,4.127499389648437,3.369684146098879,25.57733886718751,-0.0010315466063753886,0.022404663443915007,0.10461946526843913,-0.040299533284690714,-0.18244067578474632,,-0.0010320790167448488,-0.09193962664651711,0.4184204287185127,-0.05745104829443515,-0.04825116188677914
2026-04-24 00:00:00+05:30,872.0,880.9500122070312,837.6500244140625,845.0999755859375,247305,0.0,0.0,834.2324981689453,846.7530017089844,914.0900012207029,,843.6819062575001,856.3021885388431,908.7992661438269,,847.9045229957218,834.3649406403185,852.1628843013436,815.2200196814415,869.6643341109788,825.3879492859236,872.4091458143092,836.7938700074004,843.4741286467366,866.0356092099679,821.0245720251495,838.7932407117578,850.0460713807919,836.7473379673839,860.9531364887445,858.3499755859375,843.75,854.4500122070312,50.665466465018945,7.839058057543184,4.413715386806824,3.4253426707363603,68.9528250797582,77.24564220829953,-8.29281712854133,73.12809457168959,82.15909173846842,-57.8637802365227,1.7334733558806568,10.347979699205096,14.39996337890625,-1253.7180828745477,39.73824157714864,40.41202674339086,1.5238760047945168,2.244694300812073,-0.05389676167320001,-0.17092525481706453,13.643343509031984,31.68153458294546,-11.61845321002329,-17682.352175995384,-15754.811358658102,54.616668701171875,0,1,0,54.616668701171875,1,0,0,0,0,30.491616242663063,43.29998779296875,776.0898235797295,834.2324981689453,892.3751727581612,13.939201533585196,0.5934552589279051,782.0794560008248,843.6819062575001,905.2843565141754,764.0,838.9500122070312,913.9000244140624,1.2139138811455703,0.3348064484044592,762.6727585160589,834.2324981689453,907.3977798783634,-5018920.0,75.67494262036652,-0.08300073129038145,-4741656.970757469,-381503.79735376406,-283114.0134100305,854.5666707356771,-3318751.7377007804,986.7913992348017,22.807042905195928,15.903589514956378,6.90345339023955,0.7629175871314169,0.37382103571162,29.071337294607947,845.1426520968629,843.0249938964844,843.0249938964844,-0.4625355271946111,-0.9080901708680165,0.3135308232240926,845.1426520968629,875.2485726492745,3.9625,3.3619241682593253,25.72133870442708,-0.030403855830979376,-0.023175227720422464,0.1034797969920509,-0.0753829588775301,-0.21048210359622732,,-0.03087564039836405,-0.09193962664651711,0.4184204287185127,-0.05745104829443515,-0.04825116188677914
2026-04-27 00:00:00+05:30,851.9500122070312,863.75,842.75,854.2000122070312,175843,0.0,0.0,837.4375,845.2480017089842,912.3330010986327,,844.683630633646,856.2197502513211,907.7180927985438,,849.806190999349,834.656980267693,853.2632185374458,816.6694414258063,869.1870820480285,827.9104157823177,870.0541770690652,841.9725548382663,843.5210602364207,864.6941237811168,823.631451553575,841.5400283469143,849.0566686554375,837.8951559146707,860.219535162611,849.6499938964844,846.8500061035156,860.625,53.030642643312106,7.558747180755859,3.3067236080155986,4.25202357274026,51.4933321345698,66.88161524772461,-15.388283113154813,52.639624558760715,71.98374607585819,-56.030018628459565,-0.03510682188048567,8.112901987315873,-0.29998779296875,-1484.980865398854,38.53765456255758,41.11353902351887,0.702722829927042,1.5238760047945168,-0.03239493812186023,-0.14135279855288754,12.335741506473898,13.777017435493462,-7.2229825645065375,-20426.329980656108,-17053.981642745475,45.208333333333336,0,1,0,45.208333333333336,1,0,0,0,0,29.813643653901416,21.0,782.5629220063311,837.4375,892.3120779936689,13.105354845864662,0.6527347709987419,784.948080401416,844.683630633646,904.419180865876,773.0,843.4500122070312,913.9000244140624,1.323221693059625,0.32112750612112206,767.7184142445798,837.4375,909.5684356068845,-4843077.0,70.59266843484332,-0.11003667460484531,-4725747.161564993,-404035.4246597537,-14072.334413885023,853.5666707356771,-3129403.9935532873,987.8681992447395,16.414064044950347,7.608488523768639,8.805575521181709,0.5389303408253303,0.6109390839949674,27.437288996834468,752.8048274958138,847.9499816894531,847.9499816894531,-0.675528035429167,-0.40906876283682864,0.43138502907665155,752.8048274958138,874.5435729980469,3.2050018310546875,3.3523283619884774,26.762116021050346,0.01076800009937795,0.003996267586794833,0.08112901987315868,-0.028876721332315114,-0.21618648014783748,,0.010710438036493445,-0.09193962664651711,0.4184204287185127,-0.05745104829443515,-0.04825116188677914
2026-04-28 00:00:00+05:30,852.0,860.0,844.0,845.3499755859375,110198,0.0,0.0,839.2899993896484,843.510001220703,910.4775006103515,,844.7470920576737,855.7934845781689,906.483080576512,,850.5597601027716,834.6609792432598,852.5669938304701,817.3846188833712,866.2869638405655,829.2814513711006,865.8233847772507,846.3899779600091,843.5479933525367,860.8613454373794,826.4243348489617,843.2011775903944,847.7198324505578,838.4091068345299,856.5932879652019,849.7749938964844,851.6000061035156,869.4500122070312,50.4952256413317,6.547005000613012,1.8359851422982016,4.711019858314811,36.3323520083917,52.259503074239895,-15.927151065848193,20.53303673188154,48.766918620777275,-77.10914510984263,-1.2960518959523954,4.583692731968521,-11.10003662109375,-1641.755429121432,38.52530248305402,37.15933198093701,-0.03663058544894754,0.702722829927042,-0.014862000932902575,-0.11353852444141196,10.12527060497103,10.68744700386037,-5.31255299613963,-22769.082095627633,-19116.65191693383,35.09999593098958,0,1,0,35.09999593098958,1,0,0,0,0,28.826954821479887,16.0,786.0808405125674,839.2899993896484,892.4991582667294,12.67956461194008,0.5569448599092526,787.6530227999418,844.7470920576737,901.8411613154057,773.0,843.4500122070312,913.9000244140624,1.5628684979965235,0.31683724211535924,771.2914501411185,839.2899993896484,910.6414715034232,-4953275.0,67.49880243824809,-0.14146187225586115,-4817349.5853626,-405668.6411605561,-151384.33457922845,849.7833251953125,-3243575.887914595,986.8321378428873,9.30532868498971,0.39980253104640084,8.90552615394331,0.34641715795714534,0.22777943963701067,26.604579438540476,707.8036471016106,848.0749816894531,848.0749816894531,-0.8951012612249909,0.16624048391772064,0.44352988617898087,707.8036471016106,873.0992815290178,1.8524993896484374,3.3417058038306586,27.096892361111113,-0.010360614018521952,-0.006814367222885087,0.04583692731968525,-0.04426232268407293,-0.21523392693595111,,-0.01041465879541128,-0.09193962664651711,0.4184204287185127,-0.05745104829443515,-0.04825116188677914
2026-04-29 00:00:00+05:30,854.4000244140625,857.5,833.5,837.2000122070312,229659,0.0,0.0,841.3774993896484,841.7760009765623,908.6745007324217,,844.0283225480887,855.0643287989086,905.1111386286015,,850.3607137044272,834.413528693704,850.4531565005179,817.4611316963823,861.6042584817006,829.665495479128,860.0077239620322,849.9321210791259,843.2535249433105,857.1507434351588,828.7351466831631,845.565177061034,846.8852579883536,838.3222429394561,851.2928905710353,841.2749938964844,851.6000061035156,869.4500122070312,48.20936780245887,5.0295802309516375,0.2548482981094615,4.774731932842176,26.861376937857855,38.22902036027312,-11.367643422415263,12.365684229284508,28.512781839975585,-86.27670544812423,-3.3535339443542567,5.248601340034144,-29.04998779296875,-1985.0268163283868,34.70235972684998,35.94257789256661,-0.6772449528333774,-0.03663058544894754,-0.0018401106519960742,-0.08794753597484532,7.342187606691319,9.917809973732915,-14.082190026267085,-23960.51173564738,-21338.948010701708,26.04165649414062,0,1,0,26.04165649414062,1,0,0,0,0,28.482172334231326,24.0,792.2942409292431,841.3774993896484,890.4607578500537,11.667357041520905,0.457444887384697,787.8003551244265,844.0283225480887,900.2562899717509,773.0,843.4500122070312,913.9000244140624,1.9004635493568849,0.31276374523423367,774.9247339858542,841.3774993896484,911.5747431411274,-5182934.0,61.97639067769618,-0.16068621306675893,-4976196.826741384,-420000.1118804477,-397145.4924445145,842.7333374023438,-3464988.615624073,986.8321378428873,6.457565045312603,-1.958368886904565,8.415933932217168,0.7110412499222111,-0.17022045046121206,24.541629230202638,602.2915652727365,848.0749816894531,848.0749816894531,-1.0912659649518963,1.24163199890252,0.4150998580785351,602.2915652727365,868.3271423339844,2.0875,3.329375569175348,27.011669921875,-0.009640934067877915,-0.040458438731196256,0.052486013400341536,-0.07029426739918798,-0.21932115521494855,,-0.009687708749928388,-0.09193962664651711,0.4184204287185127,-0.05745104829443515,-0.04825116188677914
2026-04-30 00:00:00+05:30,839.9000244140625,860.3499755859375,832.25,844.0,687091,0.0,0.0,844.8024993896485,840.4670007324216,906.6925012207031,,844.0256251625565,854.6304335518927,903.9010170715994,,850.6104756673178,834.500744341682,849.8361296754633,818.0849918827246,859.3694000702988,830.8270279923147,854.7597437395367,852.8528521281372,843.2628007755324,853.884003639995,832.3984752216297,848.8555496916999,845.2595125758048,838.7169936687997,847.0377276293004,840.6000061035156,854.8500061035156,873.0750122070312,50.23365355274098,4.325846685716442,-0.35910819770058744,4.68495488341703,17.001612372348884,26.731780439532812,-9.730168067183929,6.1772711357988905,13.025330698988313,-85.60931232498649,-0.9970674486803519,8.833010960670535,-8.5,-2682.3587444785057,24.903824391084754,36.82015627722889,-1.2154613406545554,-0.6772449528333774,0.00849205568769218,-0.06496576783719091,5.230154785314117,13.279526991994203,-14.820448593943297,-25304.61949799311,-23198.356190199873,13.108317057291668,1,0,0,13.108317057291668,1,1,0,0,0,28.454872566496054,28.0999755859375,806.7555482736778,844.8024993896485,882.8494505056191,9.00730079360767,0.4894538278875176,787.8003259533502,844.0256251625565,900.2509243717627,780.1500244140625,847.0250244140625,913.9000244140624,2.0658603920803715,0.29515466192764184,777.4047357497177,844.8024993896485,915.2922326979599,-4495843.0,71.02548463280185,-0.13015817134251514,-5088673.8577498775,-423469.30414306466,327048.2082845149,845.5333251953125,-2906912.845851712,986.8321378428873,15.44839336128557,5.6259675432547205,9.82242581803085,1.8772244690986117,-0.042184688449929515,19.023475557985332,361.8926223052654,848.0749816894531,848.0749816894531,-0.521260263152852,-0.4905148886477318,0.39630107950019655,361.8926223052654,862.2264282226562,3.425,3.3235262052727768,26.27911404079861,0.008122297770926323,-0.03166587466616588,0.08833010960670529,-0.06481994459833795,-0.20399890490167027,,0.00808948944332978,-0.09193962664651711,0.4184204287185127,-0.05745104829443515,-0.04825116188677914
2026-05-04 00:00:00+05:30,855.9500122070312,859.9000244140625,846.5,853.5,211642,0.0,0.0,846.7725006103516,839.3940002441406,904.8715014648436,,844.9279465756463,854.5861028243676,902.9029771295875,,851.4388090587798,835.0118423521752,851.0014557467862,819.4312234628387,859.8647522233721,833.0096023342943,851.1824800618488,855.4453299895116,843.4379178628095,854.1045758844746,835.7122614644702,850.8744910853886,843.0640826487901,839.7016448261077,845.5373083964585,848.75,854.8500061035156,873.0750122070312,52.99766714774238,4.483025854712082,-0.1615432229639584,4.64456907767604,18.046564659857765,20.636517990021503,-2.5899533301637376,20.789152551780994,13.110702638954796,-73.97428824731598,-1.3465900809460967,4.839703426560708,-11.6500244140625,-3251.3340655338293,22.540439919864752,33.31039845621549,-1.4459602519156574,-1.2154613406545554,0.01788862797507118,-0.04445079487413276,3.6477828053505963,11.911068476396736,-1.4889559376657644,-27113.830165781575,-24735.529121448362,1.5499877929687491,1,0,0,1.5499877929687491,1,1,0,0,0,27.558097698465087,15.9000244140625,811.4354966669432,846.7725006103516,882.10950455376,8.346280475083343,0.5951905741701021,791.0288616884477,844.9279465756463,898.8270314628448,780.1500244140625,847.0250244140625,913.9000244140624,2.1462770029641054,0.24648096681069828,782.1219793800801,846.7725006103516,915.3844763283223,-4284201.0,71.39242351445594,-0.1643512188763349,-5079197.7531522075,-383376.1855018707,567555.46424387,853.3000081380209,-2668690.215519958,987.9577302599489,10.80436130006599,0.7855483856281129,10.018812914437877,0.5778480741355363,0.38076229668040895,17.668501971704174,312.1759619241143,850.9750061035156,850.9750061035156,-0.710071079735595,0.19203632802616896,0.3655340390309575,312.1759619241143,860.7714259556361,1.970001220703125,3.318401395289872,25.450559488932292,0.01125592417061605,0.009939681288285929,0.04839703426560704,-0.07539809059333913,-0.1851250905999685,,0.011193047638538125,-0.09193962664651711,0.4184204287185127,-0.05745104829443515,-0.04825116188677914
2026-05-05 00:00:00+05:30,853.5,864.5,841.0,848.8499755859375,245032,0.0,0.0,848.8475006103515,838.3759997558593,903.0160009765625,,845.301473148055,854.3611566581546,901.8326206633766,,851.6366638183595,835.3826649145986,851.1345054874563,820.3687752687556,858.9361042137467,834.5315785106318,848.7613335785308,857.6011458149216,843.469779899026,853.3850854914591,837.8176615395461,852.6956259846885,842.3808900928384,840.327379290901,845.9700926156972,851.1749877929688,854.8500061035156,873.0750122070312,51.490208600072734,4.184141195057464,-0.3683423060948616,4.5524835011523255,20.24901439278076,18.43239714166247,1.8166172511182914,30.800902699914523,19.255775462498136,-79.66935624935523,-0.22919748883515034,5.140273890499744,-1.95001220703125,-4451.52384151018,21.522057387408267,34.931901785166495,-1.5490405993156156,-1.4459602519156574,0.025653222289490074,-0.02632586790268787,1.944346628475193,16.388041255438225,-7.111958744561775,-29416.648759499578,-26369.009970449388,-3.041676839192708,1,0,0,-3.041676839192708,1,1,0,0,0,27.26823357714615,23.5,818.7759676491229,848.8475006103515,878.9190335715801,7.085261590475587,0.5000411514702156,792.0594439643992,845.301473148055,898.5435023317109,795.0,854.4500122070312,913.9000244140624,2.26524118044113,0.24503958822699629,786.4468347645195,848.8475006103515,916.3718378162774,-4529233.0,66.41107224576716,-0.19940953223814337,-5160528.032490638,-357999.89080162253,323704.00046237966,851.4499918619791,-2802188.139623832,987.9577302599489,7.742691583908232,-1.8208970644237175,9.56358864833195,0.6544693080625431,0.00016460588086240712,15.035766480614319,226.0742736595651,850.9750061035156,850.9750061035156,-0.5610763194009215,0.38676409686176605,0.26606355397206066,226.0742736595651,857.214990234375,2.075,3.316421053871761,25.181558430989586,-0.00544818326193619,-0.006263213000045065,0.05140273890499736,-0.047520237927527686,-0.18434705927477535,,-0.005463078739192101,-0.09193962664651711,0.4184204287185127,-0.05745104829443515,-0.04825116188677914
2026-05-06 00:00:00+05:30,854.5,861.0,845.0999755859375,856.8499755859375,173743,0.0,0.0,850.9399993896484,837.1839990234374,901.2565002441407,,846.4013305230915,854.4587574004206,900.9418752162986,,852.3988042922248,836.1071345549939,852.6739450266303,821.8931838374889,860.1302515465414,836.8714376090346,848.0604731149383,859.640766951124,843.5971891629836,852.2245965086415,840.9718684974009,854.9606838353096,841.2779869665137,841.4191342077701,848.4477027538225,852.8499755859375,854.8500061035156,873.0750122070312,53.91867989658987,4.540466419600762,-0.00961366524125129,4.550080084842013,25.494971422249566,21.263516824962696,4.23145459728687,42.35087612432268,31.313643792006065,-69.87144123658008,0.6696764387452007,5.134966329562883,5.699951171875,-5847.850268018597,20.32029024011956,40.24906702972392,-1.584206740141168,-1.5490405993156156,0.033090755153697415,-0.010688910701371778,0.904757709247268,11.639753135241676,-4.260271278820824,-32022.79895710184,-28398.06271760954,-6.633351643880207,1,0,0,-6.633351643880207,1,1,1,0,0,26.45621863692589,15.9000244140625,825.2855076935828,850.9399993896484,876.594491085714,6.029682871757531,0.615184043915309,795.2013947066291,846.4013305230915,897.6012663395538,807.3499755859375,860.625,913.9000244140624,2.3154111458919355,0.24502073209383057,790.5903526901623,850.9399993896484,916.2903648971933,-4355490.0,66.34339517425767,-0.2025598950477925,-5077481.458231312,-288649.3247234067,476024.00039632537,854.316650390625,-2638443.774897832,988.9001818391549,3.329396729170716,-4.987353535328987,8.316750264499703,0.4575549647701401,0.46073617566123604,12.827245848032815,164.5382360458751,851.8250122070312,851.8250122070312,-0.3638447307559705,0.45426208035899784,0.16436201633381323,164.5382360458751,855.3164140973772,2.092498779296875,3.3168033302206594,25.446003417968754,0.009424515792060717,0.013603833124888887,0.051349663295628734,-0.051737495864456085,-0.1637224321658498,,0.009380382118746585,-0.09193962664651711,0.4184204287185127,-0.05745104829443515,-0.04825116188677914
2026-05-07 00:00:00+05:30,862.0,865.5,846.0,847.3499755859375,275399,0.0,0.0,852.2474975585938,835.9389990234375,899.6400000000001,,846.4916776719339,854.1799816429899,899.880649481044,,852.0568972632999,836.5058003025429,852.2486429764693,822.6236460214652,858.5282853144334,837.9841772750866,847.2523655852609,861.2516564552128,843.7943592601824,849.4508230874317,844.0396364454195,855.5808214487943,840.5280218452826,841.8310292108938,850.1362325387669,852.0999755859375,854.8500061035156,873.0750122070312,50.67445497876544,4.010060639176345,-0.43201555653253454,4.4420761957088795,22.98424573327137,22.909410516100564,0.07483521717080421,35.39301720984968,36.18159867802896,-81.50646531425058,-2.8825242881446993,3.1843598380650815,-25.1500244140625,-7545.543041418866,20.701172593060733,35.88782621593578,-1.0888066967266485,-1.584206740141168,0.038700161990012916,0.002314556857333875,-0.025080210790564387,16.42693474650173,-3.073065253498271,-34715.797356957235,-30784.753825990276,-9.650014241536459,1,0,0,-9.650014241536459,1,1,1,0,0,25.95934587714547,19.5,830.6265676943473,852.2474975585938,873.8684274228402,5.073861742318579,0.38674118080473835,796.4536405046583,846.4916776719339,896.5297148392094,825.0,869.4500122070312,913.9000244140624,2.4030519699805324,0.2488638661881359,792.404568382816,852.2474975585938,918.404568382816,-4630889.0,66.08788364591392,-0.2545713391809943,-5314748.9786014045,-309532.00192521885,34264.786053993215,852.9499918619791,-2943781.9991547572,988.9001818391549,2.4576399417971517,-4.687288258162042,7.144928199959193,0.7256594262948417,-0.4530352767810469,10.810464932123233,116.86615204866617,851.8250122070312,851.8250122070312,0.20236693252805704,-0.001731531949447053,-0.056264317616334714,116.86615204866617,851.675696672712,1.3074981689453125,3.3121120802314814,24.26077989366319,-0.01108712174905957,0.012123701900276895,0.03184359838065087,-0.07078632207472657,-0.17347833013710412,,-0.011149041986922337,-0.09193962664651711,0.4184204287185127,-0.05745104829443515,-0.04825116188677914
2026-05-08 00:00:00+05:30,847.9500122070312,852.8499755859375,831.8499755859375,834.2999877929688,237610,0.0,0.0,851.9149963378907,834.7139990234376,897.8879998779299,,845.3305643501277,853.4003740410283,898.5820225169238,,850.3476106189547,836.4415253523284,849.4887161440256,822.3325070223844,853.723751749702,837.5599774727493,845.1109804624086,862.0883912741214,843.0485529550172,846.9793161267239,844.4498467808933,855.2696146789267,838.9872563911473,841.2734099463706,848.9224054695421,840.8249816894531,853.3999938964844,872.875,46.53255341741756,2.5077771908100885,-1.5474392039190326,4.055216394729121,17.20269690191681,21.893971352479248,-4.691274450562439,25.38126706171615,34.37505346529617,-97.01400274341891,-4.279484722093256,-0.7907752324790202,-37.29998779296875,-7660.995463985929,18.224406163832896,34.377258271418164,-1.1250787969804295,-1.0888066967266485,0.040964737643345295,0.012854723448061132,-1.8334874768941698,5.887349969657635,-15.112650030342365,-37573.237705647836,-33411.1798488776,-9.575022379557291,1,0,0,-9.575022379557291,1,1,1,0,0,25.605106885920794,21.0,829.3774221948233,851.9149963378907,874.452570480958,5.291038246761504,0.10920797346904383,796.0580545321166,845.3305643501277,894.6030741681388,825.0,869.4500122070312,913.9000244140624,2.6725850482603977,0.24134427397192618,792.1079329254638,851.9149963378907,919.3579329254638,-4868499.0,61.20643999227925,-0.30862377718848677,-5496916.369028767,-347897.9939232841,-413602.6975947636,839.6666463216146,-3309723.7810428273,987.3600876432538,0.6990201104223168,-5.156726471629502,5.855746582051818,0.9161672814034352,-1.5631681061238256,11.268787071533659,126.98556206356415,851.8250122070312,851.8250122070312,0.09972067019775967,-0.14386022051611885,-0.25315444880076876,126.98556206356415,847.2128391810826,-0.332501220703125,3.306205559496126,22.350224338107637,-0.015400941959011427,-0.011492905458567848,-0.00790775232479024,-0.0637414312076715,-0.17964602970209564,,-0.015520768350563763,-0.09193962664651711,0.4184204287185127,-0.05745104829443515,-0.04825116188677914
2026-05-11 00:00:00+05:30,835.0,835.9500122070312,816.0499877929688,819.9000244140625,143626,0.0,0.0,851.3749969482423,833.3739990234376,895.6629998779299,,842.9086081657405,852.0866348399709,897.0239631485503,,847.2985656738282,835.8605851715686,844.4794518124406,820.9748955308462,845.9702528463024,835.563058468774,840.9444642566498,861.7748985180384,841.829816732771,841.1336704595211,843.9792674264343,855.4264601964621,836.8860586100978,839.5812152238939,843.5957776799298,827.1000061035156,846.2000122070312,864.9750061035156,42.41303885398286,0.1534808042763416,-3.121388472362224,3.2748692766385656,8.471387220493858,16.219443285227346,-7.748056064733488,7.654022501509106,22.80943559102498,-96.06537028084894,-2.981889942003961,-1.300106853769628,-25.199951171875,-7041.122862853376,12.046169146369607,34.937028338035155,-1.392611361536718,-1.1250787969804295,0.03871513765103529,0.020755842978382857,-3.551886757212064,-7.146527523217628,-27.046551937280128,-40493.46620059335,-36182.38921381755,-16.266682942708332,1,0,0,-16.266682942708332,1,1,1,0,0,25.19760099507377,19.9000244140625,826.3202082768348,851.3749969482423,876.4297856196497,5.885723391270932,-0.1281228899387813,794.5382374896232,842.9086081657405,891.2789788418578,816.0499877929688,864.9750061035156,913.9000244140624,3.084078048391002,0.2453590476067913,792.5298221813923,851.3749969482423,917.5423343884233,-5012125.0,61.54700983561636,-0.3036754559894029,-5584968.029195248,-359982.5194369834,-649975.0465467672,823.9666748046875,-3557621.3203595863,985.6340941649368,-3.4790770685576264,-7.467858920487556,3.9887818519299296,0.5768476164963012,-2.5124915597551283,12.527394335703702,156.9356088422212,851.8250122070312,851.8250122070312,-0.47568802017571343,1.0544298121721547,-0.5509851085146537,156.9356088422212,839.145703125,-0.5399993896484375,3.303719665109925,20.090665690104167,-0.017259934783170117,-0.03936728246741361,-0.013001068537696225,-0.06951143199562337,-0.21720450133392755,,-0.01741062389755391,-0.09193962664651711,0.4184204287185127,-0.05745104829443515,-0.04825116188677914
2026-05-12 00:00:00+05:30,817.5,823.5999755859375,800.5,804.1500244140625,162732,0.0,0.0,848.8574981689454,831.7529992675783,893.4085003662112,,839.2173144751044,850.2067677644451,895.1848752528178,,842.8009492420016,834.7145469515931,837.2988120544006,818.5089498654671,835.4906046431006,831.9619328665583,833.9224619309725,860.0092455099904,836.6709855509771,833.6876135816798,841.9918470892457,853.9975862834598,835.8859397727919,836.5740295222272,834.1067187859003,812.0250244140625,838.3250122070312,857.2000122070312,38.40793343156528,-2.9492127271022355,-4.9792656029926405,2.0300528758904055,3.3797808990956764,9.684621673835448,-6.3048407747397714,0.0,11.011763187741751,-96.78128427844513,-5.859282027361784,-5.892331841537449,-50.04998779296875,-5082.008800380062,4.158372946346731,31.830336041311938,-1.757040176574581,-1.392611361536718,0.031072074843252473,0.025859629175733416,-5.148604772764981,-13.932776241999022,-37.03275182793652,-42963.54602351601,-38968.7918654926,-25.383341471354164,1,0,0,-25.383341471354164,1,1,0,0,0,25.047770608706895,23.0999755859375,816.1693288856048,848.8574981689454,881.545667452286,7.70168593759297,-0.18384792931288352,791.0536504184388,839.2173144751044,887.3809785317701,800.5,857.2000122070312,913.9000244140624,3.698373442241705,0.22863848771171233,790.9515489794958,848.8574981689454,915.5515550830114,-5174857.0,61.09601622530307,-0.337493074756624,-5696273.500994862,-367615.8827709211,-923268.4684686577,809.4166666666666,-3870223.945518874,985.6340941649368,-6.367809995898786,-8.285273478262972,1.9174634823641867,0.6570432327760937,-2.7353917172515363,16.34408464167028,267.12910277408224,850.9750061035156,850.9750061035156,-1.1076070975273793,2.0421856965135605,-0.5709476146483102,267.12910277408224,830.6878513881139,-2.517498779296875,3.296713813712358,19.528663736979176,-0.019209659142595648,-0.05265942446545968,-0.05892331841537446,-0.13481089477360586,-0.23040481804467638,,-0.01939656207726869,-0.09193962664651711,0.4184204287185127,-0.05745104829443515,-0.04825116188677914
2026-05-13 00:00:00+05:30,800.3499755859375,818.0,798.0,805.3499755859375,160163,0.0,0.0,846.3024963378906,830.519998779297,891.1079998779298,,835.9918536285171,848.4476778750918,893.4059663485232,,838.6573756626675,833.6791342581954,831.3377916247775,816.3028056863029,827.2267643441882,828.7986979775329,825.8982806449327,857.0702894449923,833.2766854508976,827.955454094362,839.9333408882887,852.5500426010636,835.0154702310633,833.9772195724166,823.608059671471,804.75,837.875,855.9500122070312,38.88147177306699,-5.250766110031577,-5.824655188737586,0.5738890787060091,4.498332298953393,5.449833472847642,-0.9515011738942487,0.7797224683601569,2.811248323289754,-93.65834854384578,-4.731768043439618,-5.966493769952944,-40.0,-3705.004946642222,-4.978094841452048,29.487483251686065,-2.158888433743729,-1.757040176574581,0.019939000405133633,0.028279530404303383,-6.97203925086819,-14.93521236479387,-34.93521236479387,-44930.32963052437,-41569.59863073182,-31.400004069010414,0,1,0,-31.400004069010414,1,0,0,0,0,24.68721556522783,20.0,808.5215473167206,846.3024963378906,884.0834453590606,8.928473964015298,-0.04197316124862176,788.6056813867721,835.9918536285171,883.3780258702621,798.0,855.9500122070312,913.9000244140624,4.219564794272025,0.22841238839211767,790.553117574209,846.3024963378906,911.6406267294822,-5014694.0,56.61921690133626,-0.3591031393815917,-5738717.087017811,-350823.7739811139,-763917.5758958473,807.1166585286459,-3846324.452426021,985.7833139790814,-8.810130092388363,-8.58207485980204,-0.2280552325863232,0.6338828913795361,-2.16789264499449,18.890474510584998,356.8500272350615,849.8249816894531,849.8249816894531,-0.981865426151079,0.8118320881247957,-0.5760451007441894,356.8500272350615,823.367134312221,-2.5550018310546876,3.292584971599379,19.64666422526042,0.0014921981414466323,-0.06010387053437549,-0.05966493769952941,-0.1361223109831724,-0.21459922331664338,,0.0014910859200989069,-0.09193962664651711,0.4184204287185127,-0.05745104829443515,-0.04825116188677914
2026-05-14 00:00:00+05:30,795.8499755859375,805.4500122070312,789.7999877929688,796.2000122070312,217232,0.0,0.0,842.7999969482422,829.1109985351565,888.6919995117189,,832.2021544455185,846.3987498096777,891.4810959694837,,833.8857105073475,832.3332524318321,824.5625609908508,813.5458828987769,818.1418649956684,824.8715099749885,817.0204504235998,852.9756474439986,829.1685939635435,820.3787465057621,836.4634064302003,849.9876989055235,834.0506138396871,830.7291161713413,813.6234515104627,800.7749938964844,826.5249938964844,835.375,36.572465680483944,-7.724051268079393,-6.6383522774283215,-1.0856989906510712,5.5272617964274735,4.46845833149218,1.058803464935293,0.7797224683601569,0.5198149789067712,-92.9785817884267,-4.897276565000946,-8.08657867739899,-41.0,-2870.6912148562487,-16.51927113252509,30.099882821855235,-2.57263748603446,-2.158888433743729,0.005357965719876567,0.027931298185657205,-8.708440341056422,-22.23731442093947,-37.88733883500197,-45068.29022773748,-43558.25128940193,-39.683329264322914,0,1,0,-39.683329264322914,1,0,0,0,0,24.041701911573167,15.6500244140625,800.1332183230089,842.7999969482422,885.4667755734755,10.125006829551172,-0.0460921382245103,786.3479939574515,832.2021544455185,878.0563149335856,789.7999877929688,851.8500061035156,913.9000244140624,4.624137972549674,0.22356538742552995,788.3778569324982,842.7999969482422,907.177875243045,-5231926.0,33.04050138278324,-0.3704430128770451,-5778276.507508432,-324648.2929067444,-938738.6143002352,797.1500040690104,-4093132.0398081928,985.7833139790814,-8.807280573373212,-6.863380272629511,-1.9439003007437012,0.8639963090678408,-2.184368552898043,21.333389312616628,455.11349956366536,848.0999755859375,848.0999755859375,-0.9346128234738603,0.2970711320676811,-0.500847252827345,455.11349956366536,816.057137625558,-3.5024993896484373,3.2884233382978465,19.616664225260426,-0.011361474708246111,-0.06036462483348315,-0.08086578677398992,-0.13821843146721258,-0.24250781971221325,,-0.011426509324009211,-0.09193962664651711,0.4184204287185127,-0.05745104829443515,-0.04825116188677914
2026-05-15 00:00:00+05:30,796.0,798.5499877929688,788.2999877929688,789.4500122070312,132952,0.0,0.0,839.6474975585937,827.3639990234377,886.308499145508,,828.1305218513769,844.165465982123,889.4606784692371,,828.8047595796131,830.7779196346507,817.5346506643589,810.455242723607,809.0507220537341,820.5129930314741,807.5517198306657,847.8308656856484,822.1038413977982,811.3331539256003,833.0020968528212,848.440820853573,833.0994095266567,827.113840555845,805.204414252092,792.8250122070312,823.1499938964844,826.8999938964844,34.924740889159615,-10.11224845722711,-7.221239573260831,-2.891008883966279,4.95091278743689,4.992168960939252,-0.041256173502362437,0.7797224683601569,0.7797224683601568,-98.51033130541687,-6.463268695849378,-7.395892996242669,-54.54998779296875,-2240.059200191296,-26.993238920323847,26.144593395865655,-2.988009673039908,-2.57263748603446,-0.012187497215643273,0.024589506497800045,-9.835115707703968,-23.67486534629643,-33.92486534629643,-43296.17649216683,-44376.16037203442,-48.42498779296874,0,1,0,-48.42498779296874,0,0,0,1,0,23.056580346460798,10.25,791.0882071442031,839.6474975585937,888.2067879729843,11.566589683309799,-0.016867986776495335,784.6910433145543,828.1305218513769,871.5700003881994,788.2999877929688,851.1000061035156,913.9000244140624,5.009770538321169,0.2198806019553942,788.0924361948029,839.6474975585937,900.9799484018341,-5364878.0,34.36340086230287,-0.3846891462236949,-5881394.742455078,-317237.0078678215,-932836.8122573445,792.0999959309896,-4205845.6778691085,984.935537051612,-11.677435581764515,-7.7868282248166505,-3.8906073569478643,0.6782811965118658,-2.0674719471059793,24.279645207195326,589.501171387283,846.3499755859375,846.3499755859375,-0.8227688409713698,-0.2376134515225534,-0.444926099581993,589.501171387283,807.1192836216518,-3.1524993896484377,3.282202443918016,19.058663736979156,-0.008477769274694347,-0.05375761265990453,-0.0739589299624267,-0.1319478788161066,-0.23190311860060253,,-0.008513909967229978,-0.09193962664651711,0.4184204287185127,-0.05745104829443515,-0.04825116188677914
2026-05-18 00:00:00+05:30,780.5,785.0,757.7999877929688,781.0999755859375,206121,0.0,0.0,835.4449951171874,825.6819982910158,883.9864990234377,,823.6514222070493,841.6923094959982,887.3149219764986,,823.2288051060268,828.9636442057291,810.012162883451,806.9278858197745,799.5826858264559,815.5783553220846,797.6048948477873,841.7756193425762,809.9405061625072,802.0014226551563,828.0882872182743,845.3474889428734,831.2266793608162,822.9815073431986,797.7398979535615,785.2749938964844,818.9749755859375,811.6499938964844,32.94723107479387,-12.53420360986911,-7.7145557807222644,-4.819647829146845,10.048414035905648,6.842196206590003,3.2062178293156443,0.0,0.5198149789067712,-78.3658447984395,-8.482721079562097,-9.715083679856487,-72.4000244140625,-1723.209448671652,-37.65294584386481,34.955892788006686,-3.4013926487819455,-2.988009673039908,-0.03246696131037341,0.018131708320037434,-11.432640347575498,-31.349870631646922,-58.54988283867817,-39536.48092326167,-43532.623998932446,-54.966654459635414,0,1,0,-54.966654459635414,0,0,0,1,0,23.67039777986092,31.6500244140625,781.8878732769793,835.4449951171874,889.0021169573955,12.821220344421516,-0.007355676182456219,778.3204607853409,823.6514222070493,868.9823836287578,757.7999877929688,835.8500061035156,913.9000244140624,5.510540869093805,0.20966196963163516,783.2450162736624,835.4449951171874,896.7575284806934,-5570999.0,34.239605063888725,-0.3671714883856667,-5734382.3138874965,-238588.70872877538,-1045448.3959886475,774.6333211263021,-4423860.482069923,984.935537051612,-11.297878801396301,-5.925817155558749,-5.372061645837552,1.0545377338701838,-2.029422704729825,26.77856092010404,717.0913249517234,845.2249755859375,845.2249755859375,-0.7473092229325405,-0.49993654435781004,-0.2772752804346532,717.0913249517234,798.7964250837053,-4.20250244140625,3.2732851688219373,20.37866373697916,-0.01057703020074685,-0.04732290239392689,-0.09715083679856484,-0.13895171188419675,-0.2419449174313535,,-0.010633364570351012,-0.09193962664651711,0.4184204287185127,-0.05745104829443515,-0.04825116188677914
2026-05-19 00:00:00+05:30,781.0999755859375,798.7999877929688,776.4000244140625,790.5499877929688,276585,0.0,0.0,832.4324951171875,824.0829980468751,881.6239984130862,,820.4989046438036,839.6867282527422,885.3987846659336,,818.9530901227679,827.5859183038449,805.3063446033257,804.358684310497,794.4647837602963,812.1284022041859,789.142958960595,835.4314852035316,806.3263350982588,794.5965252594272,824.0318823618286,842.5467875956514,829.8737916889086,820.2607975297168,792.5576891477729,785.8249816894531,818.9749755859375,811.6499938964844,37.2758458825246,-13.535059765824144,-6.972329549341839,-6.562730216482305,17.844120898844587,10.947815907395707,6.896304991448879,6.880171297832831,2.553297922064329,-69.59146119960987,-6.868114445397244,-7.081570388393219,-58.29998779296875,-1444.513350707753,-42.03117765538832,40.459606295531714,-2.9368053970817263,-3.4013926487819455,-0.05274010608499191,0.008594945960183065,-12.347736983980521,-13.864185290295609,-36.26414866920186,-35637.960744684,-41061.92763387974,-55.108327229817704,0,1,0,-55.108327229817704,0,0,0,1,0,23.579652465507017,22.39996337890625,775.8211368898175,832.4324951171875,889.0438533445575,13.60142919922905,0.13008741853529923,775.21851795199,820.4989046438036,865.7792913356172,757.7999877929688,835.8500061035156,913.9000244140624,5.826742342678316,0.21334212944635728,780.0724211140794,832.4324951171875,892.672427217595,-5294414.0,40.54742644502625,-0.32699458253923075,-5661532.133574637,-161544.91909700353,-522708.39280716394,788.5833333333334,-4089238.5760429683,984.935537051612,-8.358747834596118,-2.389348951006852,-5.969398883589266,1.3925594223636228,-1.4796503258588025,28.305679113685027,801.2114700869048,844.5499877929688,844.5499877929688,-0.5192643843064116,-1.0202546146742795,-0.142527280218768,801.2114700869048,791.9942801339286,-3.0125,3.268922413901726,21.081441921657976,0.012098338884138915,-0.016912312638432514,-0.07081570388393221,-0.12136705996891495,-0.23172984665406338,,0.012025738954716038,-0.09193962664651711,0.4184204287185127,-0.05745104829443515,-0.04825116188677914
2026-05-20 00:00:00+05:30,790.0,799.25,780.5,798.0499877929688,136681,0.0,0.0,829.7774932861329,822.9659973144531,879.6024981689455,,818.3609125627717,838.0539149013786,883.6691055199343,,815.6785656156994,826.5650159409466,802.680889214739,802.5425029918326,792.4308197451628,809.8313489995389,783.4731302632913,829.2732385552439,804.7470823607144,790.2301895204341,820.3384742529701,841.3079548588094,828.1209878112344,818.4901839170278,790.58217857773,794.2999877929688,818.9749755859375,811.6499938964844,40.55571067335625,-13.566670033130094,-5.603151853318231,-7.963518179811864,29.805006771293492,19.232513902014574,10.572492869278918,18.97356497672632,8.617912091519717,-62.62767368807015,-6.862343405303794,-6.238622463489698,-58.79998779296875,-1280.8000324909117,-45.387795302446875,47.74433180244155,-2.3840856447733607,-2.9368053970817263,-0.07129416724963589,-0.0036266461775556914,-12.479957008152937,-11.32643232750786,-30.07643232750786,-32560.6818719187,-37700.95694999614,-53.10833740234374,0,1,0,-53.10833740234374,0,0,0,1,0,23.234677289399375,18.75,771.895856994357,829.7774932861329,887.6591295779087,13.951122261113557,0.22592770759599148,773.8215150797022,818.3609125627717,862.9003100458411,757.7999877929688,835.8500061035156,913.9000244140624,6.012106078322912,0.21799268138808778,776.0173191935684,829.7774932861329,890.5048222453263,-5157733.0,45.84536933262892,-0.30065217740750266,-5542346.479544689,-77418.39532020409,-301591.83669185487,792.5999959309896,-3959568.407700817,985.8842436629343,-10.962507366394728,-3.9944867862443694,-6.968020580150359,0.701251500050536,-1.096289169616034,28.94081814588793,837.5709549533562,840.6000061035156,840.6000061035156,-0.29300057600944346,-1.30516734612163,0.018192670355324233,837.5709549533562,787.4807102748325,-2.6550018310546877,3.266047521152887,21.79710910373263,0.009487066113223586,-0.009064367063098988,-0.06238622463489696,-0.1291941980871677,-0.21636884459804706,,0.009442346517528084,-0.09193962664651711,0.4184204287185127,-0.05745104829443515,-0.04825116188677914
2026-05-21 00:00:00+05:30,801.9500122070312,801.9500122070312,787.0,789.5,94087,0.0,0.0,825.6274932861329,822.0759973144532,877.1114984130862,,815.61225422346,836.149839807207,881.8043707571633,,811.842613874163,825.2526238893995,798.9386850777674,800.2016268036352,788.7658903121729,806.7849640736422,779.6913325639204,823.1957758621778,801.8685187409434,785.8939821572529,816.6585340861869,838.876030902505,827.6485466218028,816.0981446820344,790.416054336343,793.7749938964844,818.9749755859375,811.6499938964844,38.10923832776704,-14.118880294040991,-4.9242896913833025,-9.194590602657689,32.404828331794704,26.68465200064426,5.720176331150444,27.17838238798723,17.67737288751546,-70.56638011693586,-6.827164365696073,-9.512893982808023,-57.8499755859375,-1226.7908461805287,-46.30897037281693,48.73388627051771,-1.790639103224144,-2.3840856447733607,-0.08916600889261606,-0.01808561801488473,-13.089990761786954,-5.615501216547045,-20.565513423578295,-29140.656102987978,-34179.07037657584,-56.375,0,1,0,-56.375,0,0,0,1,0,22.642915497801653,14.95001220703125,768.7500404791283,825.6274932861329,882.5049460931375,13.77799389422535,0.18240935992052978,772.4670827469627,815.61225422346,858.7574256999574,757.7999877929688,835.8500061035156,913.9000244140624,6.30843248381965,0.19246914942602877,773.8207318905494,825.6274932861329,885.8457410458228,-5251820.0,33.32727229309974,-0.36163781023909913,-5604966.281158139,-55889.44562304765,-373427.67451831145,792.8166707356772,-4060369.449462845,984.8128837326354,-14.747352041167412,-6.223465168813641,-8.52388687235377,0.5322298079691637,-1.270362560317881,28.4387264035023,808.7611594532589,835.75,835.75,-0.1831334614410477,-1.5285110277196123,0.30925375569179325,808.7611594532589,784.2728550502233,-4.15,3.264043389812148,23.135554063585065,-0.010713599302988541,-0.00841498631538462,-0.09512893982808024,-0.13203603650997542,-0.2236971484759095,,-0.010771403136797275,-0.09193962664651711,0.4184204287185127,-0.05745104829443515,-0.04825116188677914
2026-05-22 00:00:00+05:30,789.0,791.8499755859375,775.2000122070312,778.9500122070312,126049,0.0,0.0,820.9949951171876,821.1749975585938,874.2589990234377,,812.1206121266572,833.9067093130825,879.7676507858736,,807.3971394856771,823.5614087871477,793.8758971929708,797.2130655603939,783.2504271682955,802.8220345706609,776.583513112254,817.0232358980251,797.6668416313416,781.332650523229,811.7993758867286,826.016139603355,827.1889315354107,812.9011629235976,789.6974754088088,784.2250061035156,817.8999938964844,811.6499938964844,35.281094511968334,-15.23221920793685,-4.830102884223329,-10.402116323713521,28.814616548705043,30.341483883931076,-1.526867335226033,24.00779971070604,23.386582358473195,-80.36209654887884,-6.634301377896289,-10.629872186104851,-55.3499755859375,-1251.4203794042164,-47.68529286104081,46.993358889506894,-1.4343978742212276,-1.790639103224144,-0.10738171368157579,-0.03431860149628596,-13.911409404914597,-11.627609092419789,-28.27757247132604,-26408.567313127754,-30908.200667937515,-59.69166056315103,0,1,0,-59.69166056315103,0,0,0,1,0,22.214847489309122,16.64996337890625,764.7950150553997,820.9949951171876,877.1949751789755,13.690699796231026,0.12593418303769055,769.9130830043202,812.1206121266572,854.3281412489941,757.7999877929688,819.375,880.9500122070312,6.735092134238678,0.1941173375137692,772.6266609276213,820.9949951171876,876.2641578758636,-5377869.0,26.058920852643475,-0.2576115196379608,-5674236.327445984,-64041.758600066416,-510054.4940608267,782.0,-4228807.120307166,984.8128837326354,-16.561705589497652,-6.430254973715105,-10.131450615782548,0.7610606752210445,-1.4962632678492374,28.09999003089394,789.6094397363389,827.1000061035156,827.1000061035156,-0.15919768917929508,-1.7518735502179805,0.5766044083994081,789.6094397363389,780.2014282226563,-4.632498168945313,3.262905678392015,25.309996880425356,-0.013362872442012397,-0.013300398806310287,-0.1062987218610485,-0.130199293367522,-0.24064147482064902,,-0.013452959066123486,-0.09193962664651711,0.4184204287185127,-0.05745104829443515,-0.04825116188677914
2026-05-25 00:00:00+05:30,785.9000244140625,794.0,781.4000244140625,789.8499755859375,112672,0.0,0.0,818.2324951171876,821.0689965820312,871.5414990234377,,809.999599122779,832.1789942649592,877.9871027621125,,804.4309471493676,822.3329765529259,791.5734643221255,795.2643554171203,781.7958020392108,800.4410362375265,775.2402728984882,811.2203459350613,797.0978886451517,780.7819149265226,808.5484185334807,823.8790333947483,827.7516469874421,811.0538613178438,788.8471120391762,784.3999938964844,817.8999938964844,811.6499938964844,40.21741844658654,-15.061393993920433,-3.7274221361655293,-11.333971857754904,26.276699099736266,29.165381326745337,-2.8886822270090704,23.470096872203506,24.88542632363226,-70.24142603497648,-3.665086953692936,-6.537688036459028,-30.050048828125,-1226.221159508992,-44.10543625775506,49.69199554573402,-1.1008795268983171,-1.4343978742212276,-0.12366068329207058,-0.05151113017798852,-13.74833425819214,-7.530783379440209,-20.13075896537771,-24439.17787716394,-28016.384430219012,-59.95833333333333,0,1,0,-59.95833333333333,0,0,0,1,0,21.703071796713385,15.04998779296875,761.5915885897379,818.2324951171876,874.8734016446373,13.844697409466141,0.24945210739613488,768.9451703372421,809.999599122779,851.054027908316,757.7999877929688,811.6499938964844,865.5,7.01455223329144,0.1815022479465803,772.785145583577,818.2324951171876,868.7476394800615,-5265197.0,32.09538813289133,-0.2172789696082379,-5635785.352334812,-49320.416500741616,-261743.75579097652,788.4166666666666,-4071143.5148662417,986.2121986062591,-18.55663123363011,-6.740144494278049,-11.816486739352062,0.6932492613553161,-1.002191570415461,28.320453263724847,802.0480730628233,812.625,812.625,0.05688460947770031,-1.7902031833162635,0.6523111157426329,802.0480730628233,776.8278512137276,-2.7625,3.267778915696117,27.03477620442709,0.013993148736236583,0.011202151163090646,-0.06537688036459033,-0.10942614292094743,-0.23508619575770784,,0.013896148475786897,-0.09193962664651711,0.4184204287185127,-0.05745104829443515,-0.04825116188677914
2026-05-26 00:00:00+05:30,792.9000244140625,803.5,759.0999755859375,764.5499877929688,1037624,0.0,0.0,813.7499938964844,819.8269958496094,868.4999993896485,,805.6710647104162,829.5268763640969,875.7408232577731,,799.318327404204,820.1165448357077,785.0835068510204,791.5117571349526,774.2814772561879,795.4281065764417,772.5962292559734,805.1283231827699,793.9985899710393,775.3503039811395,803.4269100094962,810.4383373043744,822.5870104318116,806.8472117461447,784.7716156346485,777.1999816894531,805.9499816894531,811.6499938964844,33.77750524603936,-16.77414940239032,-4.352142035708335,-12.422007366681987,18.55462872551014,24.54864812465048,-5.994019399140342,16.826483057067005,21.434793213325516,-93.73259123961425,-4.924458797342946,-10.495202895447179,-39.60003662109375,-1221.4677737655038,-44.48014562270214,42.31592773811498,-0.8887873084974427,-1.1008795268983171,-0.14145679785505516,-0.06944399665134283,-14.489431289107323,7.252187418627159,-37.14783699543534,-24977.235479594754,-25968.89699386102,-62.233327229817704,0,1,0,-62.233327229817704,0,0,0,1,0,23.324282697952608,44.4000244140625,754.9457578311549,813.7499938964844,872.5542299618139,14.452654133674843,0.08166273898315672,760.0694340160613,805.6710647104162,851.2726954047711,757.7999877929688,811.6499938964844,865.5,7.469570609452705,0.2008918313240992,766.3629586605873,813.7499938964844,868.1754586605874,-6302821.0,18.518960018375388,-0.3401576126868868,-6418676.9038311355,-287916.2323452346,-3974619.581205324,775.7166544596354,-7394796.783857847,986.2121986062591,12.023515804776334,19.072002035302717,-7.0484862305263825,4.150220425363756,-1.6733490440673717,29.402118032664784,864.4845448067516,804.75,804.75,0.10017784014174289,-1.5094475629148005,0.7581334681246457,864.4845448067516,770.4549944196428,-4.482501220703125,3.2700022026604865,29.11199869791666,-0.032031383901987676,-0.03288849585917508,-0.10495202895447175,-0.13629690776127645,-0.25764640288464746,,-0.03255561361749545,-0.09193962664651711,0.4184204287185127,-0.05745104829443515,-0.04825116188677914
2026-05-27 00:00:00+05:30,764.5999755859375,768.2999877929688,742.0,743.4000244140625,504839,0.0,0.0,808.6524963378907,818.492996826172,865.3479998779297,,799.7404894440969,826.1493527582132,873.1202133796797,,792.61833031064,817.1194087009803,775.747892806545,786.3799508186765,762.8938785643173,788.4572306191419,767.0856204131154,798.2760862366655,786.6310544396808,767.2788499468495,796.0101703553248,803.4215870663918,819.647728886133,800.5585350999004,776.6939420706897,753.9750061035156,788.8500061035156,797.4249877929688,29.521704860376378,-19.612069956034247,-5.752050071481808,-13.86001988455244,12.429657667576576,19.086995164274327,-6.657337496697751,13.116894436515368,17.80449145526196,-98.73700972267953,-7.692301862529135,-12.060088024632687,-61.949951171875,-1195.6397570885533,-49.620734899184185,34.926251722733745,-1.0605138471741604,-0.8887873084974427,-0.1626181765306156,-0.08810801245695307,-15.518499304089286,-20.398140764502614,-46.698128557471364,-28125.096640264695,-25561.08177781831,-66.07499186197916,0,1,0,-66.07499186197916,0,0,0,1,0,23.536833061882334,26.29998779296875,743.9978248535795,808.6524963378907,873.307167822202,15.990718331325276,-0.004623025883458537,753.4723497124484,799.7404894440969,846.0086291757453,742.0,803.75,865.5,7.9799868081951875,0.2157696182375278,760.263734550759,808.6524963378907,864.6512314990013,-6807660.0,17.56067485903757,-0.3820912848953567,-6869767.8237381205,-502878.3376751831,-4932149.121353656,751.2333374023438,-8791347.242653348,983.4458702148403,15.969393537682032,18.414303814566733,-2.4449102768846998,1.7745765845695471,-2.0184921035338355,32.32733574215562,1045.0566361860522,801.1000061035156,801.1000061035156,-0.05173096341014106,-0.842068433860661,0.8334167211795928,1045.0566361860522,760.5499982561385,-5.09749755859375,3.267306877140138,31.532108289930555,-0.027663283914188486,-0.06847937374204138,-0.12060088024632687,-0.14256052547397635,-0.2788825232237313,,-0.02805311878362863,-0.09193962664651711,0.4184204287185127,-0.05745104829443515,-0.04825116188677914
2026-05-29 00:00:00+05:30,748.4500122070312,768.5,744.0,755.4000244140625,447536,0.0,0.0,804.5624969482423,817.3939978027345,862.5939996337892,,795.517588012665,823.3748692937368,870.7891205288754,,787.5466663178944,814.6451744887407,769.9892802359655,782.499371552626,756.9700048909116,783.432469904502,761.4287068632052,791.2187851776077,784.3812521018973,762.9046772491585,789.8607547822606,798.1886794777372,817.6224876007539,796.489644949845,767.914421092014,749.4000244140625,781.6500244140625,788.9750061035156,34.559673358714456,-20.654747655259143,-5.435782216565361,-15.218965438693782,7.264442990564902,12.749576461217206,-5.485133470652304,14.587961211839179,14.843779568473849,-85.73707006601151,-5.1243390062093805,-9.770662517948033,-40.79998779296875,-1166.2269670164867,-54.92014788459335,34.51869921673198,-1.3574767743906138,-1.0605138471741604,-0.18372113916214072,-0.1071673060065639,-15.674179314535902,-15.441256536984497,-39.9412565369845,-31890.3543710961,-27089.032747996487,-64.95832316080728,0,1,0,-64.95832316080728,0,0,0,1,0,23.648486099314844,25.0999755859375,737.2183231431372,804.5624969482423,871.9066707533473,16.74056995212823,0.13499090005575953,748.874990048614,795.517588012665,842.160185976716,742.0,803.75,865.5,8.168933059797533,0.22946779833702546,755.7443578163703,804.5624969482423,860.2568547646126,-6360124.0,28.281448819802787,-0.3443335803654056,-6900820.45017307,-554981.5493871756,-3460351.818303134,755.9666748046875,-8068932.415692197,985.0600751658635,17.16748296206031,15.689914591156006,1.4775683709043022,1.4553325273011428,-1.4600363997769619,33.67208690255251,1133.809436373048,797.125,797.125,0.09424719364879333,-0.8984608743885574,0.8576071708096127,1133.809436373048,753.5150050571987,-4.089999389648438,3.26977536048157,32.71821831597222,0.01614204951023268,-0.043191862680098114,-0.09770662517948037,-0.12836784961174552,-0.25759211359797296,,0.0160131518935036,-0.09193962664651711,0.4184204287185127,-0.05745104829443515,-0.04825116188677914
2026-06-01 00:00:00+05:30,762.2000122070312,767.1500244140625,736.5999755859375,741.2000122070312,685870,0.0,0.0,799.4224975585937,816.4269982910156,859.6590002441409,,790.3444855549856,820.1523258785719,868.2229995720071,,781.5121439615887,811.6571750536151,762.5670191524523,777.7836196696012,748.7527217502208,777.2454746562048,754.6525560043797,783.7537215538821,780.7098433304908,757.0375697804886,783.8779819997455,785.5614602683286,814.1475743177981,791.2234790785749,758.6232492968842,748.3000183105469,773.2749938964844,780.0999755859375,31.67431692240098,-22.36904314945491,-5.7200621686089015,-16.64898098084601,6.9377728754530805,8.877291177864853,-1.9395183024117726,19.529720965291077,15.744858871215207,-94.71260158494972,-6.111849927661608,-12.180093340399141,-48.25,-1163.658184952843,-58.67514702292044,28.637916465641286,-1.736789592897464,-1.3574767743906138,-0.20595561023603048,-0.12644382255385914,-15.962189220183475,-10.685340075785803,-41.2353889039108,-34859.623664571314,-29977.96019448127,-65.75832112630208,0,1,0,-65.75832112630208,0,0,0,1,0,24.141454865658424,30.550048828125,729.1246721191421,799.4224975585937,869.7203229980453,17.58715213898495,0.08588701010595103,742.3249828583442,790.3444855549856,838.3639882516269,736.5999755859375,801.0499877929688,865.5,8.28658439203488,0.228882396867807,750.7322638395154,799.4224975585937,855.8572790983046,-7045994.0,24.92078702229187,-0.41005521504366677,-7380142.360180821,-678355.1483275313,-4357353.326036476,748.3166707356771,-9358231.073048081,985.0600751658635,22.571704265554608,16.875308715720244,5.696395549834364,1.8904572796951762,-1.6564519595761948,35.14891271972581,1235.4460653789026,793.375,793.375,0.1487816275311963,-0.7359578992299415,0.8832225293866385,1235.4460653789026,745.6914367675781,-5.1399993896484375,3.2702259427461158,34.50221950954861,-0.018798003373173944,-0.048462673353122376,-0.12180093340399145,-0.15465325898014903,-0.28881208315773965,,-0.018976931717253887,-0.09193962664651711,0.4184204287185127,-0.05745104829443515,-0.04825116188677914
2026-06-02 00:00:00+05:30,741.2000122070312,762.2999877929688,736.0,755.2999877929688,304271,0.0,0.0,794.5124969482422,815.8099975585936,857.0320001220706,,787.0069143395555,817.6090969340385,865.9869003288578,,777.3100001743862,809.2600373870251,758.8552136375886,774.4584141394953,746.0179706694153,773.1900620149959,749.6122875263163,776.5874198244502,779.8800311147102,753.5149429245344,778.8788440146146,781.4095384841929,813.1831093395488,788.1334024014966,753.1268679241184,748.25,773.2749938964844,777.0,37.274335153798425,-22.332449907003934,-4.546775140926339,-17.785674766077594,14.362299609422987,9.521505158480323,4.8407944509426635,42.95013728197824,25.689273153036165,-76.46342952076982,-3.303032723002589,-11.505566749505713,-25.79998779296875,-1258.6942588326415,-63.48735674689806,34.53249880590223,-2.1461822080489963,-1.736789592897464,-0.22615275481127073,-0.14571189463455678,-15.063325851714374,-12.316037168753951,-38.6160249617227,-35831.54761450421,-32909.43338768395,-59.591664632161454,0,1,0,-59.591664632161454,0,0,0,1,0,24.295635789037735,26.29998779296875,726.4355548435547,794.5124969482422,862.5894390529297,17.136783213901378,0.21199860082601002,738.5511761296478,787.0069143395555,835.4626525494631,736.0,800.75,865.5,8.18796385549871,0.23814844167786817,743.9529096700107,794.5124969482422,852.3029157735265,-6741723.0,30.898084710000916,-0.37998766302532694,-7237840.788970399,-621879.74357004,-3121986.612101438,751.1999918619791,-8779411.10531305,986.9623924019295,18.58759248872892,10.312957551115645,8.274634937613275,0.8165687746329116,-1.15200559669596,34.038471052343766,1158.6175115812446,790.1999816894531,790.1999816894531,0.28628949385178526,-0.5760478150186739,0.8891232820473027,1158.6175115812446,742.9050066266741,-4.910000610351562,3.2751537140340097,34.988330078125,0.019023172360659757,-0.043742468647085087,-0.11505566749505713,-0.1270226801473563,-0.2706643437630214,,0.018844494277084907,-0.09193962664651711,0.4184204287185127,-0.05745104829443515,-0.04825116188677914
2026-06-03 00:00:00+05:30,755.2999877929688,763.5499877929688,741.9500122070312,756.8499755859375,223458,0.0,0.0,789.9124969482422,814.7529968261719,854.4884997558597,,784.134824934449,815.2263862929365,863.8257731062257,,773.7230933779763,806.9478796626072,756.0656815042396,771.4786161292774,744.525727778911,769.6863311256078,746.3968523641479,769.8989596071676,778.7055816904614,749.9087543963793,774.5443785860391,777.5197834830826,812.3340925061157,785.5058824926331,751.4740419068492,756.0749816894531,769.625,770.7250061035156,37.87710531202651,-21.925633384197454,-3.311966894495889,-18.613666489701565,19.615175578725385,13.638416021200484,5.9767595575249,55.16474287641404,39.214867041227784,-69.97844215810431,-4.262856584327302,-10.838193160869794,-33.70001220703125,-1391.542690136565,-66.3304423612708,37.91424068703223,-2.3329590444269885,-2.1461822080489963,-0.2438295213777253,-0.1648824895376778,-14.034873451418477,-8.528030115070464,-30.128005701007964,-35657.59515238494,-34821.71534693868,-55.441670735677086,0,1,0,-55.441670735677086,0,0,0,1,0,24.103088631673433,21.5999755859375,724.9324406544954,789.9124969482422,854.8925532419889,16.452469493720262,0.24559485442084503,736.1796378710205,784.134824934449,832.0900119978774,736.0,800.75,865.5,8.051069868473853,0.23990653551109495,739.1890224867934,789.9124969482422,847.0640224867936,-6518265.0,35.418763381814536,-0.3520752551945588,-7153009.920450446,-515250.00677016843,-2626508.9286239166,754.1166585286459,-8733554.203705877,987.1676072593397,13.505134225009268,4.184399429916795,9.320734795092473,0.6083656608188154,-1.0176205823166196,32.49002814687339,1055.6019289846254,789.6749877929688,789.6749877929688,0.4398111907842625,-0.26217714529747793,0.8840630519081778,1055.6019289846254,741.3442862374442,-4.6,3.277714229015072,35.44821994357639,0.002052148574102297,-0.010071299888786744,-0.10838193160869791,-0.13055717910863007,-0.2683198397886192,,0.0020500457935378608,-0.09193962664651711,0.4184204287185127,-0.05745104829443515,-0.04825116188677914
2026-06-04 00:00:00+05:30,754.0999755859375,765.9000244140625,748.0999755859375,751.2999877929688,163789,0.0,0.0,784.6349975585937,813.36099609375,851.924499511719,,781.0076975876412,812.7194687047024,861.597539733686,,770.0457115536645,804.4595263671874,752.7825002179592,768.2786902764129,742.2003980450437,765.8908594892227,743.9046626446875,763.6184667549223,776.3718820089769,746.4031564144325,770.2642054406614,774.3198131358369,811.507227747351,782.5863241485712,751.7735223287958,754.0749816894531,769.625,769.75,36.52369461022887,-21.799771791304238,-2.5488842412821384,-19.2508875500221,25.408258967767264,19.795244718638543,5.613014249128721,69.81453785272662,55.976472670372964,-77.33335141782408,-5.858029035159631,-12.318374371288366,-46.75,-1509.3347852556058,-62.82514684340538,35.10861506505804,-2.1765511195519105,-2.3329590444269885,-0.2596939922671959,-0.18383004324596447,-13.361054870825027,-3.2097034775381417,-21.00975230566314,-34783.149842708495,-35436.84317350968,-48.783335367838546,0,1,0,-48.783335367838546,0,0,0,1,0,23.652871502848544,17.800048828125,725.6797130377273,784.6349975585937,843.59028207946,15.02744198367568,0.21728565101041547,734.229185705849,781.0076975876412,827.7862094694335,736.0,800.75,865.5,7.980740560722266,0.2331815646885262,734.1551294532873,784.6349975585937,842.505135556803,-6682054.0,39.55980834621391,-0.38596437010015405,-7257908.430380633,-458164.6397143565,-2381154.3603380085,755.0999959309896,-8853660.827203989,986.4343063447599,7.813429884067798,-1.205843928819741,9.019273812887539,0.4426496441403764,-1.130857395958338,29.477642260433193,868.9313932340768,789.4750061035156,789.4750061035156,0.37620008975340413,-0.34371099887899764,0.8952323478958585,868.9313932340768,740.8671395438058,-5.277499389648438,3.2769157740700363,35.63766357421875,-0.007333009145798153,0.010626799999277514,-0.12318374371288365,-0.12015462429749535,-0.27256007719457664,,-0.007360027823872459,-0.09193962664651711,0.4184204287185127,-0.05745104829443515,-0.04825116188677914
2026-06-05 00:00:00+05:30,753.1500244140625,760.4500122070312,733.0,735.2000122070312,595283,0.0,0.0,779.0274993896484,812.1479968261718,849.294499511719,,776.645060884726,809.6794900185192,859.0946183965244,,765.3376177106586,801.3943897441789,747.160830057138,764.0607233791238,736.447421629252,760.6347404199765,740.6345272285494,757.4277012088827,772.3292822886723,741.1695236327753,764.622472851383,767.0491685640703,808.4892989654671,778.2409030568226,750.4604097951537,743.25,766.625,768.25,32.85605910125964,-22.73706037020861,-2.7889382561492084,-19.9481221140594,18.602930371632027,21.20878830604156,-2.6058579344095314,56.46708535775772,60.48212202896612,-96.87941530917553,-6.877769194802881,-13.235376952876551,-54.29998779296875,-1611.5737176206876,-61.485293220071185,35.29392380111243,-2.320005536704665,-2.1765511195519105,-0.27579043313471496,-0.20254212318520215,-13.441563016028157,-3.8154705867736993,-31.26548279380495,-34454.38291176148,-35194.57008607543,-45.258331298828125,0,1,0,-45.258331298828125,0,0,0,1,0,23.924095838861597,27.45001220703125,723.9840427492386,779.0274993896484,834.0709560300581,14.131325706354437,0.10188285894783837,729.093071618908,776.645060884726,824.1970501505441,733.0,792.9249877929688,852.8499755859375,7.981404581672628,0.23883580666468404,727.7383647388386,779.0274993896484,838.0758738941122,-7277337.0,36.002582774215554,-0.4092728307902446,-7757772.174697918,-552207.7591366284,-3410138.275535955,742.8833414713541,-10129321.937605157,986.4343063447599,13.118638920431968,3.2794920860355425,9.839146834396425,1.4168712219357829,-1.5924685642086462,27.52172832020489,757.4455297311678,785.2749938964844,785.2749938964844,0.12041356476061063,-0.7528193346482505,0.9175520447047165,757.4455297311678,737.9578543526786,-5.6074981689453125,3.27407334349706,35.21621907552083,-0.021429490014012953,-0.026740814871828555,-0.13235376952876554,-0.11846521318101766,-0.2713577678820305,,-0.021662435482071155,-0.09193962664651711,0.4184204287185127,-0.05745104829443515,-0.04825116188677914
2026-06-08 00:00:00+05:30,735.2000122070312,739.9500122070312,718.0499877929688,721.2000122070312,306072,0.0,0.0,773.3725006103516,810.7909973144531,846.5584997558595,,771.3645800582789,806.2097065749315,856.3640321353463,,759.8302379789807,797.8278021120557,739.9107933236756,759.0461976716732,728.4357303540031,754.2704028495655,735.4486213267933,751.0426048183133,767.0151603569549,732.72957365138,757.7313964420763,762.0782527427133,806.9230391980944,772.7164209181502,745.3302986422866,728.2000122070312,759.625,760.7749938964844,30.031943881562363,-24.329100591627025,-3.5047827820540967,-20.82431780957293,9.824542537874791,17.94524395909136,-8.12070142121657,32.76713581560241,53.016253008695585,-96.31360565937602,-7.413826188457786,-13.556271993378385,-57.75,-1628.5907408613512,-62.13823421702682,34.752275092432455,-2.6058258774455116,-2.320005536704665,-0.29328445459604335,-0.2213892088856436,-13.800146879424222,-18.163260502949015,-40.063284917011515,-36477.61917467786,-35101.713306000456,-49.94166056315104,0,1,0,-49.94166056315104,0,0,0,1,0,23.779519308518807,21.9000244140625,719.0036721948048,773.3725006103516,827.7413290258984,14.060191789244762,0.020198522537947232,724.1699184531935,771.3645800582789,818.5592416633642,718.0499877929688,777.0,835.9500122070312,8.04636634201714,0.2409218465590437,721.9650812747194,773.3725006103516,832.5275965335085,-7583409.0,35.41037277982265,-0.41057073470405137,-7975795.480848806,-609850.290935874,-3535119.6647451045,726.4000040690104,-10712157.61889638,984.5300626331782,10.581846314828008,0.594159584345265,9.987686730482743,0.6985690007837652,-1.9192059098482122,27.184414207773372,738.9923758197907,780.0249938964844,780.0249938964844,-0.22558171945745983,-0.9582703060631799,0.9341049240860764,738.9923758197907,732.7457127162388,-5.654998779296875,3.270294870985924,34.99199652777778,-0.019042437115816657,-0.026983269927974063,-0.13556271993378388,-0.12475726673903975,-0.2855869121277551,,-0.01922607939000284,-0.09193962664651711,0.4184204287185127,-0.05745104829443515,-0.04825116188677914
2026-06-09 00:00:00+05:30,721.9000244140625,745.0,715.5999755859375,735.9000244140625,1476987,0.0,0.0,769.1725006103517,810.1919982910156,844.3275000000001,,767.9870033302583,803.4524641372503,853.9786062398754,,756.2614307221913,794.8909012140012,736.4729125783606,755.489389319485,726.0361519711048,750.1326701803845,731.0753569235533,744.9994078857317,764.2368133805832,730.3029534022158,752.4458543558062,755.706038174015,800.8475709615768,769.5195982979792,739.5951559560202,728.5500183105469,759.625,759.5499877929688,36.23002856697287,-24.12652029740093,-2.6417619902624025,-21.484758307138527,9.967151216711684,12.798208042072833,-2.8310568253611486,31.87998129761056,40.37140082365689,-76.9055253813134,-6.830404866677763,-10.245151542717686,-53.949951171875,-1596.6154142644418,-62.09279408174427,37.61609127692289,-2.769457388275922,-2.6058258774455116,-0.3088831593544006,-0.2399921379411264,-13.46210797225536,-9.93995152484922,-39.33997593891172,-41301.175993682235,-36324.72166821156,-48.183329264322914,0,1,0,-48.183329264322914,0,0,0,1,0,24.180983958914787,29.4000244140625,717.0038850368749,769.1725006103517,821.3411161838285,13.564867577059793,0.18110639097345219,719.6870667515501,767.9870033302583,816.2869399089665,715.5999755859375,769.5999755859375,823.5999755859375,8.049817018452964,0.25641464422497856,716.027787575014,769.1725006103517,828.9653028338032,-6106422.0,47.343251354391924,-0.2480208629809242,-7413130.554290231,-398960.6417727582,71572.70587940468,732.1666666666666,-7701657.540952152,984.5300626331782,29.290666364545633,15.442383707250311,13.848282657295321,2.5705824273995517,-1.2755744361061903,26.084307786738428,680.3911127133031,771.75,771.75,-0.21901332031773502,-1.3068846267711476,0.9296212525215002,680.3911127133031,730.4392909458707,-4.2,3.268315149707994,35.129330783420144,0.02038271208848985,-0.025685110144902934,-0.1024515154271769,-0.07451424030787235,-0.29403299388090953,,0.020177764853178827,-0.09193962664651711,0.4184204287185127,-0.05745104829443515,-0.04825116188677914
2026-06-10 00:00:00+05:30,741.0,747.5499877929688,716.7000122070312,723.25,241429,0.0,0.0,765.1274993896484,808.8549987792968,842.1629998779298,,763.7263363464242,800.3072694652013,851.3899209677986,,751.8878592354912,791.4814110849418,731.3586983950479,751.2032458377327,721.1436579984788,744.9603883967251,726.8449890823694,739.0356560224564,761.4257252487708,727.7121936101894,746.0617041620123,753.5959913789587,799.8434423660962,765.284215541061,733.6955789906672,729.5750122070312,755.5249938964844,759.5499877929688,33.48137892883555,-24.70197619908754,-2.573774313559209,-22.12820188552833,11.827988663070519,10.539894139218998,1.2880945238515213,34.14739425874457,32.93150379065251,-91.29690297009903,-5.401868870888309,-10.060314861397867,-41.29998779296875,-1570.7673108684885,-62.68029426125952,36.96151335950359,-2.6727717622413385,-2.769457388275922,-0.32414217620931884,-0.25793924901653786,-14.096638635709283,-2.862827799759202,-33.7128033856967,-48069.95967362429,-39680.32215368432,-50.64999389648437,0,1,0,-50.64999389648437,0,0,0,1,0,24.657340503702123,30.8499755859375,711.8444630155399,765.1274993896484,818.4105357637569,13.927884285067014,0.10702784376231932,714.1502079017001,763.7263363464242,813.3024647911483,715.5999755859375,766.7999877929688,818.0,8.155630181273441,0.25502594450948024,711.0949296841878,765.1274993896484,825.969944942977,-6347851.0,44.38176107845301,-0.24910625657346042,-7552040.3805901725,-320617.0353221232,-374949.5012837524,729.1666666666666,-8116670.809458891,982.8110758150796,22.15036751933433,6.641667889631206,15.508699629703125,0.4877812739542753,-1.5718886249507238,26.641518187054242,709.770491311142,760.6999816894531,760.6999816894531,-0.1272061264109605,-1.3508067433872228,0.9326424800447659,709.770491311142,725.4085789271763,-4.045001220703125,3.2692860685838494,34.96332804361979,-0.017189868180986556,-0.04439449913429028,-0.10060314861397868,-0.12508319283889624,-0.29754271838594015,,-0.017339329252096466,-0.09193962664651711,0.4184204287185127,-0.05745104829443515,-0.04825116188677914
2026-06-11 00:00:00+05:30,723.25,725.5,704.75,710.2000122070312,357270,0.0,0.0,760.3700012207031,806.892999267578,839.8670001220704,,758.6285911902916,796.7736515335084,848.5940811903577,,746.6566699800038,787.6125880821078,724.7313398073073,746.200231211961,714.1052244389568,738.7904184155053,721.9798564114922,732.8753495005086,758.6189262582454,721.7396037425524,739.276933364605,750.4844763568984,797.6758848798155,759.9794357715474,727.9108115211811,716.7250061035156,750.0249938964844,754.125,30.87874119852906,-25.91235262749376,-3.027320593572341,-22.88503203392142,12.438857117303453,11.411332332361884,1.0275247849415692,36.835202347716496,34.28752596802387,-94.48100029667722,-4.465968673218573,-11.814734744317747,-33.20001220703125,-1553.012040386528,-66.71779408174427,33.04869573392396,-2.8370645147632843,-2.6727717622413385,-0.3402480172716271,-0.2753311243620364,-14.60754437123282,-19.168129394771313,-39.91812939477131,-54412.80948124779,-44938.783331756444,-58.49164835611978,0,1,0,-58.49164835611978,0,0,0,1,0,24.378244753437688,20.75,705.2488049629694,760.3700012207031,815.4911974784368,14.49851944954213,0.0449120082673021,709.8216178355412,758.6285911902916,807.4355645450419,704.75,755.1000061035156,805.4500122070312,8.328559473403237,0.2576399805187456,706.362781211737,760.3700012207031,821.4252964705263,-6705121.0,41.23959203163871,-0.2593132678475298,-7721635.598787179,-313382.48980753496,-987438.0209280656,713.4833374023438,-8761312.23894993,982.8110758150796,18.026151288486652,2.01396132702682,16.012189961459832,0.7440079217570307,-1.8203519669307924,27.560598128866832,759.5865692208979,756.125,756.125,-0.1781858603987287,-1.215141354663407,0.935582273840252,759.5865692208979,719.2300074986049,-4.757498168945313,3.2714498943264916,36.02199598524305,-0.018043536526745618,-0.05470514608508581,-0.11814734744317745,-0.12331806738625017,-0.31408151877441126,,-0.018208306159097104,-0.09193962664651711,0.4184204287185127,-0.05745104829443515,-0.04825116188677914
2026-06-12 00:00:00+05:30,719.7999877929688,731.9500122070312,712.0,729.5499877929688,299150,0.0,0.0,757.0375,805.5749987792967,837.7375000000001,,755.8592003905466,794.1374294260363,846.2367724102113,,743.7214306059338,784.5795288085938,722.6846193680773,743.0144396412919,713.7243595990833,735.3671900192727,718.9619935825891,727.309975089213,757.5828329897337,721.3739237079195,734.7876413814037,748.3892498431211,796.4308144447268,757.4199472650049,724.8095417947297,719.875,750.0249938964844,754.125,38.51115205910012,-25.02176798617029,-1.7093887617990937,-23.312379224371195,13.112002807435344,12.459616195936437,0.6523866114989065,44.5853300328346,38.52264221309855,-74.88608831091771,-3.4220328019111097,-8.371015246446879,-25.85003662109375,-1592.0274401044094,-66.76117607565493,35.8148803982869,-2.602080475172163,-2.8370645147632843,-0.3533698696758347,-0.2917104865220146,-13.540044446059412,-10.558382673196888,-30.50839488022814,-57221.528513332545,-50581.373802793154,-59.358317057291664,0,1,0,-59.358317057291664,0,0,0,1,0,24.190512985334994,21.75,702.9885610301665,757.0375,811.0864389698336,14.279065163834964,0.24571644947208923,707.557653069582,755.8592003905466,804.1607477115111,704.75,754.125,803.5,8.223389496133755,0.2822155000829273,702.0549932466308,757.0375,818.1925054536623,-6405971.0,44.57369355475787,-0.22205288961172012,-7494462.226772776,-209651.1492008455,-19440.41843359871,724.5,-7946253.791042473,985.5356569546666,13.530195789852398,-1.9855953372859485,15.515791127138346,0.6428385550132489,-1.0171342021116427,27.024469484916786,730.3219509411985,755.3500061035156,755.3500061035156,0.0012028604060307058,-1.2510032270562845,0.9252767678766599,730.3219509411985,717.0892918178013,-3.332501220703125,3.275338328488275,36.14999593098958,0.027245811395870234,-0.007685016757686736,-0.08371015246446878,-0.09970998979119472,-0.2970225925343033,,0.026881251280608864,-0.09193962664651711,0.4184204287185127,-0.05745104829443515,-0.04825116188677914
2026-06-15 00:00:00+05:30,746.7000122070312,749.6500244140625,721.7000122070312,725.6500244140625,906145,0.0,0.0,753.8475006103516,804.5779992675781,835.5640002441407,,752.9821360118337,791.4516488373315,843.848916014248,,740.732147216797,781.4452160883884,720.3639806488594,739.7530263216646,712.7605116926459,731.852609943348,716.8982391621641,722.3431779281726,756.9024069932194,718.9573653581326,730.7332250297433,745.3235714980437,792.9046371053552,754.7263899483236,723.2936857639027,727.6000061035156,737.375,754.125,37.60975649872015,-24.349976323209603,-0.8300776790707225,-23.51989864413888,17.26583102584388,14.272230316860892,2.9936007089829886,62.23586540711718,47.88546592922276,-78.83541831487342,-2.097947589971888,-8.08157410937342,-15.54998779296875,-1711.965749206879,-61.790143001780734,33.89812540261536,-1.9356922599242397,-2.602080475172163,-0.36414479408912737,-0.30704293533066535,-13.310167356099967,9.549968171857927,-18.400044035173323,-58288.64550402271,-54937.88019446794,-53.09165445963542,0,1,0,-53.09165445963542,0,0,0,1,0,24.459048644027586,27.95001220703125,700.3248584329258,753.8475006103516,807.3701427877775,14.19985929092855,0.2365836676857674,703.9569242058121,752.9821360118337,802.0073478178554,704.75,754.125,803.5,8.068825034905172,0.2818232285905565,697.0014667376312,753.8475006103516,817.56398199642,-7312116.0,50.248582105251536,-0.26618606634201947,-8144486.85123749,-354982.4222640777,-521510.68951151374,732.3333536783854,-8430652.718478527,985.5356569546666,20.04131140635898,3.6204162233765054,16.420895182982473,1.859196028440737,-1.0536653292569302,26.76132108871292,716.1683064131909,753.2999877929688,753.2999877929688,0.20230648801405135,-1.1765663636892525,0.9197662387481893,716.1683064131909,714.5014404296876,-3.1899993896484373,3.2809948368538033,35.98088324652778,-0.005345710978221563,0.006170288590835238,-0.08081574109373424,-0.08093213142530209,-0.2939774373026809,,-0.005360050416979981,-0.09193962664651711,0.4184204287185127,-0.05745104829443515,-0.04825116188677914
2026-06-16 00:00:00+05:30,730.0499877929688,743.7999877929688,727.2999877929688,734.75,659391,0.0,0.0,751.5300018310547,802.9909997558593,833.4815002441408,,751.2457421059448,789.2280547652792,841.6885414397084,,738.9133376348587,778.7068631759344,720.1630546722114,737.4204349064903,714.6729585049504,729.7251158407945,716.7398068752536,718.3293364767031,756.207923641262,718.3566662206022,728.1691760319469,743.7215519680611,790.2243791931517,753.1378844001911,724.6745247780586,730.2000122070312,733.5249938964844,736.625,41.07544553935881,-22.8202272377016,0.5597371251498231,-23.379964362851425,31.112438967873544,20.496757600384257,10.615681367489287,91.33997698348334,66.05372414114504,-52.94117647058824,-2.7207716304904266,-5.933936376219746,-20.54998779296875,-1742.2134121442787,-57.278377936867855,38.19465890602174,-1.372722252001902,-1.9356922599242397,-0.3712087088124316,-0.3211961783789661,-11.834019221506097,4.464225299650593,-12.035774700349407,-58909.36435241006,-57390.42031139472,-43.724995930989586,0,1,0,-43.724995930989586,0,0,0,1,0,24.008399696518918,18.14996337890625,698.970664041272,751.5300018310547,804.0893396208374,13.987289306275265,0.3403708785471353,703.4324622092765,751.2457421059448,799.0590220026131,704.75,754.125,803.5,7.674282401745747,0.2867267661178441,696.517020106256,751.5300018310547,814.4045323132873,-6652725.0,62.44555624144233,-0.2762694102170873,-8208426.821030636,-402509.53142739367,410196.8377882616,735.2833251953125,-7603746.937495185,986.789701642846,20.446524665650234,3.220503586134207,17.226021079516027,1.261033235200634,-0.6385164858114584,26.279668894891376,690.6209972251214,747.3500061035156,747.3500061035156,0.4207307957703074,-0.9427351746034122,0.9035231643110131,690.6209972251214,713.6800092424666,-2.317498779296875,3.2853789059239222,34.889994303385414,0.012540446881794676,-0.0015627454489870463,-0.059339363762197506,-0.06538195359387322,-0.2748939022486995,,0.012462466738250511,-0.09193962664651711,0.4184204287185127,-0.05745104829443515,-0.04825116188677914
2026-06-17 00:00:00+05:30,741.9000244140625,742.0999755859375,705.0,732.5999755859375,299197,0.0,0.0,748.6325012207031,801.4959997558593,831.4975000000001,,749.469954818325,787.0073457778541,839.5283718188416,,737.1104779924666,775.9464308555453,719.7408586418626,735.0977749256091,715.9983065804431,727.6062801628944,717.8823345735888,715.1515637083409,755.295415414412,717.9322183309168,725.4899917007308,741.9082363215292,788.9383554123971,751.4993386856313,727.3863290610851,733.6749877929688,733.5249938964844,736.625,40.50298209400407,-21.533158223821943,1.4774449112235857,-23.01060313504553,37.30321380925788,28.560494600991767,8.742719208266116,94.92967444741322,82.83517227933791,-56.3137637867647,-3.204069601934803,-7.330341294269598,-24.25,-1852.074146566487,-55.215438842773324,46.07086437835233,-1.1236456771126047,-1.372722252001902,-0.37529749384976885,-0.33404101188814084,-10.403971834515856,3.726468365102278,-33.37350722083522,-57231.50369967005,-58141.50865431135,-36.225006103515625,0,1,0,-36.225006103515625,0,0,0,1,0,24.943512260048816,37.0999755859375,698.8124559193006,748.6325012207031,798.4525465221056,13.30961325354351,0.3390956337175961,699.1436586097323,749.469954818325,799.7962510269178,704.75,754.125,803.5,7.151831932726583,0.28115162362146073,691.5402789705139,748.6325012207031,813.1027942293032,-6951922.0,64.4151927968656,-0.2674291432659606,-8062457.49598778,-338915.87889626063,259700.02458790172,726.566650390625,-7691297.9214508515,986.4970817838379,15.048738896743005,-1.741825746218419,16.790564642961424,0.5640210884170359,-0.6436174651296162,24.91002265070123,620.5092284584483,742.3000183105469,742.3000183105469,0.6331492809916184,-0.48145927385526877,0.8785748958692718,620.5092284584483,714.0664315359934,-2.8975006103515626,3.2886316359355043,33.50355143229167,-0.0029261985900816967,0.012927722897943417,-0.07330341294269593,-0.09522049581170089,-0.2865212887143457,,-0.002930488279541967,-0.09193962664651711,0.4184204287185127,-0.05745104829443515,-0.04825116188677914
2026-06-18 00:00:00+05:30,740.0,740.0,720.0,721.4000244140625,290303,0.0,0.0,744.8000030517577,799.6240002441406,829.4145001220704,,746.7966281131571,784.4345096459407,837.1891966227073,,734.5169087727866,772.8054122146905,717.4801502678725,732.0886676415532,714.4673530833684,724.4717945076709,718.5480383036557,712.3693161290207,753.6629454221029,716.9482010252194,722.3962679721177,740.4159050970779,787.2677981713761,748.9674863894043,728.6291250725861,727.0,733.5249938964844,735.9500122070312,37.56589616847454,-21.172822101600673,1.4702248267558886,-22.64304692835656,39.1425935785994,35.852748785243605,3.2898447933557975,87.67899004401617,91.3162138249709,-73.31727900684885,-3.979763591736621,-9.60465692016161,-29.89996337890625,-2002.7600444257632,-48.84338001924414,40.76414276649855,-0.6904223257613024,-1.1236456771126047,-0.37834670109599955,-0.345436152772728,-9.91818745782565,4.051276037275102,-15.948723962724898,-53546.89922114605,-57352.88013822149,-32.591664632161454,0,1,0,-32.591664632161454,1,0,0,0,0,24.5904042414739,20.0,699.3885871202046,744.8000030517577,790.2114189833108,12.19425771898052,0.24235576938445255,697.4537886863351,746.7966281131571,796.1394675399791,704.75,754.125,803.5,6.949479920720113,0.2794516747868866,688.3954219183968,744.8000030517577,810.2704371771858,-7242225.0,63.51050353577799,-0.3033230626835044,-8312117.367240222,-361526.9910869142,-241882.75393163104,727.1333414713541,-8135111.671573946,984.9682868691347,10.340019224346443,-5.160436334891985,15.500455559238429,0.5345072117221394,-1.0305769224621886,22.705707965776554,515.5491742271288,738.5500183105469,738.5500183105469,0.7005043714168754,-0.23265312628876922,0.8658522286374087,515.5491742271288,713.9507202148437,-3.8324981689453126,3.289995420778536,31.621773817274303,-0.015287949147032465,0.01577022249299298,-0.09604656920161614,-0.12120842616738936,-0.2787442355432205,,-0.015406014707431756,-0.09193962664651711,0.4184204287185127,-0.05745104829443515,-0.04825116188677914
2026-06-19 00:00:00+05:30,724.5,725.5,698.2000122070312,704.0999755859375,1057022,0.0,0.0,740.5300018310546,797.2819995117188,827.3545001220704,,742.7302802534219,781.2841357612347,834.5537665031674,,730.6407156808036,769.0593720320159,712.5267712822136,727.9642420638703,708.9983551918265,719.7102162498292,717.185580164261,709.5001067156504,751.1754112400837,714.095985590898,718.3317060502638,736.1556127693096,781.9705174081106,744.8643261022155,725.7534217790378,712.75,730.4749755859375,732.0500183105469,33.522203893019544,-22.029282629151112,0.4910114393643603,-22.520294068515472,26.361273433679866,34.26902694051238,-7.907753506832517,64.88053993766832,82.49640147636589,-91.28513690534685,-4.23014636897694,-10.816975859919253,-31.10003662109375,-2129.4910339448634,-46.91396879308377,41.23283268809621,-0.7876812534379578,-0.6904223257613024,-0.3826895172399758,-0.35537004862205385,-9.840580833584632,-5.898902766041033,-33.19889055900978,-50363.760165355416,-55138.32172656628,-28.10833740234375,0,1,0,-28.10833740234375,1,0,0,0,0,24.783945923723536,27.29998779296875,696.786301868744,740.5300018310546,784.2737017933653,11.814160089165537,0.08359688050502072,692.8867611923985,742.7302802534219,792.5737993144454,698.2000122070312,750.8500061035156,803.5,6.872623640008525,0.28712342647256966,682.7587076595614,740.5300018310546,807.7212168148349,-8299247.0,60.645060879454974,-0.3276379479751411,-8912260.694766643,-528865.5965517778,-2819689.8194274474,709.2666625976562,-10669978.81789198,984.9682868691347,18.607209343661978,2.4854030275388403,16.121806316123138,1.793701168477809,-1.6656124779799153,21.871849981155346,478.37782159816516,735.5500183105469,735.5500183105469,0.5671683631595862,0.13823372139480916,0.8623404407903849,478.37782159816516,710.8621433803014,-4.270001220703125,3.290332704640137,30.240107964409724,-0.02398121464187153,-0.03488453516944401,-0.10816975859919253,-0.11528554729482765,-0.32206817625938045,,-0.024273445461106918,-0.09193962664651711,0.4184204287185127,-0.05745104829443515,-0.04825116188677914
2026-06-22 00:00:00+05:30,710.5,720.8499755859375,708.1500244140625,715.9500122070312,209134,0.0,0.0,737.3800018310546,794.7819995117188,825.4320001220705,,740.179778534718,778.722013268913,832.2051773091844,,728.2997642880395,765.8698823337928,710.5451974343213,725.0314486945086,707.8675652356576,716.7449754030778,715.7236349077759,706.9329666332993,750.8776134891505,712.3725583917649,715.6834057670427,735.2103979183954,780.4490947319686,742.4446192595897,721.381926092702,710.0249938964844,730.4749755859375,732.0500183105469,38.41248759072086,-21.503950689462044,0.8130747032427443,-22.31702539270479,20.5387302939094,28.680865768729557,-8.142135474820158,58.57066176055538,70.37673058074662,-73.7813932060761,-0.7279533986603579,-8.087810387408494,-5.25,-2263.911470315026,-47.06956033145684,43.89822309993964,-0.9911077941568783,-0.7876812534379578,-0.38570461032493286,-0.3639057653965574,-9.19684371114433,-8.34194281453074,-21.04189398640574,-50681.70560346715,-52622.42134602335,-28.166666666666664,0,1,0,-28.166666666666664,1,0,0,0,0,24.21009264345757,16.75,696.2926563518846,737.3800018310546,778.4673473102247,11.144144234219086,0.2392142352578155,691.8927850985539,740.179778534718,788.4667719708822,698.2000122070312,750.8500061035156,803.5,6.823499053714322,0.2961557657173247,679.7948056708241,737.3800018310546,803.7698117743397,-8090113.0,60.04245219993958,-0.3134646971023513,-8864505.101252735,-534048.6466191811,-2062841.9082641234,714.9833374023438,-10318005.285063282,986.6512917025367,11.796930818051967,-3.459900398456938,15.256831216508905,0.36082296358816757,-1.0431430589687385,20.54367273958501,422.04248963116817,734.9750061035156,734.9750061035156,0.7170867897277701,0.7987556323387253,0.8468174543750719,422.04248963116817,710.1392892020089,-3.15,3.296083780693767,28.495773111979165,0.016830048334020242,-0.013367342218259637,-0.0808781038740849,-0.0926430222632707,-0.3272410777517497,,0.016689992319185987,-0.09193962664651711,0.4184204287185127,-0.05745104829443515,-0.04825116188677914
2026-06-23 00:00:00+05:30,716.0999755859375,721.9500122070312,706.2000122070312,710.2999877929688,308130,0.0,0.0,733.4025024414061,792.3739990234376,823.3950000000002,,737.334084178361,776.0387965835819,829.7912131603483,,725.7207153320313,762.5568622663909,707.947168288917,721.875751843836,705.7486267286073,713.4602867579175,713.758677973231,704.432083400405,749.093802624219,710.9418362197813,712.3252325131574,733.8769236569156,778.5402258877714,739.703869132126,716.5802515751101,713.125,727.6999816894531,732.0500183105469,37.01437180374907,-21.29802076758574,0.815203700095239,-22.11322446768098,17.602133194854773,21.500712307481344,-3.898579112626571,56.90595919967243,60.119053632632045,-82.12707030401272,-3.478738384534908,-10.071531335296411,-25.60003662109375,-2622.9267980382406,-47.28587933708661,38.776527531875956,-1.2318157163460512,-0.9911077941568783,-0.38809705698301666,-0.3710118632603016,-8.677258336114605,-4.543058963794238,-20.293058963794238,-53945.30196770056,-51597.18878774862,-29.35833740234375,1,0,0,-29.35833740234375,1,1,0,0,0,23.60580031178203,15.75,698.814319824357,733.4025024414061,767.9906850584553,9.43225104956947,0.16603456873953076,690.6458520218315,737.334084178361,784.0223163348904,698.2000122070312,750.8500061035156,803.5,6.8398557700248555,0.28848453205087415,675.7270947163304,733.4025024414061,800.4896069233616,-8398243.0,56.221101756366394,-0.3255046771960415,-9012212.818421634,-534617.0183260245,-2016856.210327117,712.8166707356771,-10561170.58892833,986.6512917025367,7.629853889342833,-6.101581861732859,13.731435751075692,0.6659144431878572,-1.3358617250418787,17.294091308524546,299.0855941875842,733.6749877929688,733.6749877929688,0.12515564193605117,-0.8855176275350521,0.8468444070503708,299.0855941875842,710.3571411132813,-3.9774993896484374,3.295902464543267,27.512662217881946,-0.007891646508455752,-0.03327664131613639,-0.10071531335296413,-0.07253377236248981,-0.33091559520719926,,-0.007922950352108096,-0.09193962664651711,0.4184204287185127,-0.05745104829443515,-0.04825116188677914
2026-06-24 00:00:00+05:30,710.0,714.25,703.0999755859375,710.4000244140625,136121,0.0,0.0,730.6950042724608,789.4919995117189,821.7030004882814,,734.7689356293802,773.464727086738,827.4270312049763,,723.530003138951,759.342196595435,705.859924946996,718.9525977221714,704.303158722627,710.5317558432258,711.9264884123037,702.0423547215987,748.2560884869196,710.9092838770491,708.8124806904907,730.1791791211364,777.3534868542932,737.2434094141821,713.3450063728565,710.3500061035156,720.0,729.3250122070312,37.05805397790981,-20.885987044004764,0.9817899389409739,-21.86777698294574,21.22998322463237,19.79028223779885,1.4397009868335218,67.57844996831687,61.01835697618156,-80.40158681601406,-1.7766990094624957,-7.08259292962927,-12.8499755859375,-2956.541350879305,-46.01455580767481,43.29582706724543,-1.5888869086418307,-1.2318157163460512,-0.3895456952082932,-0.3764893830310423,-8.471299126678622,-9.944064491287918,-21.094088905350418,-57205.6941283152,-52803.91157266767,-27.716664632161457,1,0,0,-27.716664632161457,1,1,0,0,0,22.71610203337349,11.1500244140625,697.944066914915,730.6950042724608,763.4459416300066,8.964324968980813,0.190161847326145,690.4033875993655,734.7689356293802,779.1344836593948,698.2000122070312,733.3500061035156,768.5,6.722358750195727,0.2702979140924487,676.1347071232907,730.6950042724608,792.584719330322,-8262122.0,54.130416171700816,-0.26938127033542486,-8970093.85954227,-472846.49998757057,-1726788.596723257,709.25,-10559253.499651417,986.6653754168564,0.99330312118743,-10.19050610391061,11.183809225098042,0.30102858047667524,-1.239352610695419,16.37546867877292,268.15597444947286,731.0749816894531,731.0749816894531,0.13931972144916785,-1.0147468636863728,0.8326061638471322,268.15597444947286,709.2000008719308,-2.7074981689453126,3.2982867123406727,26.905993109809028,0.00014083714319723661,-0.030302964662426213,-0.07082592929629272,-0.10087324849335633,-0.3352670937852307,,0.00014082722657785926,-0.09193962664651711,0.4184204287185127,-0.05745104829443515,-0.04825116188677914
2026-06-25 00:00:00+05:30,712.0,716.4000244140625,705.0,709.75,300729,0.0,0.0,729.0125030517577,786.5579992675782,819.9555004882814,,732.3861798551535,770.9661103382385,825.0967929632936,,721.535240827288,756.2150593596814,704.0745816325057,716.1910797590182,703.2065948930763,707.8478756102659,710.3473315720329,699.792401368187,748.0788146972168,708.9131627656188,705.7217951732166,728.7960294544911,775.3606747385948,734.9571655425043,711.6459207999487,710.0750122070312,720.0,723.9250183105469,36.87907659359839,-20.377005452645562,1.1926172242401414,-21.569622676885704,19.973431139853943,19.601849186447026,0.3715819534069169,62.95005387730011,62.4781543484298,-77.55104946041138,-0.06336415084432108,-4.526503000936135,-0.45001220703125,-2971.6953098750237,-45.608377254710376,43.67037029342361,-1.8475378527872863,-1.5888869086418307,-0.38995340264351697,-0.38055422002745143,-7.776023680415499,-5.730602292755748,-17.130626706818248,-58588.84608071987,-55262.09064603642,-30.641662597656246,1,0,0,-30.641662597656246,1,1,0,0,0,21.90781077485128,11.4000244140625,695.5598720496924,729.0125030517577,762.4651340538229,9.17751914048865,0.21209285376434986,690.0744888919854,732.3861798551535,774.6978708183216,698.2000122070312,733.3500061035156,768.5,6.454600110275818,0.2545386261417621,675.7380484548926,729.0125030517577,788.4630698171972,-8562851.0,60.93584485692921,-0.23204720782901378,-9020215.89623824,-420538.61779895984,-1508030.3960508779,710.3833414713541,-10586770.55839277,986.6653754168564,-1.42994355356934,-10.091002222933906,8.661058669364566,0.6734766272174773,-1.1516285849426002,16.72631550103262,279.7696302400841,727.6000061035156,727.6000061035156,0.326770023798497,-0.987472169376289,0.8566312532454575,279.7696302400841,706.5807163783481,-1.682501220703125,3.3030700262526644,25.972105170355903,-0.0009150118126736162,-0.016149187718041635,-0.04526503000936133,-0.12192254024654336,-0.3295389983292303,,-0.0009154306915211711,-0.09193962664651711,0.4184204287185127,-0.05745104829443515,-0.04825116188677914
2026-06-29 00:00:00+05:30,714.75,716.5,703.5999755859375,714.0,255261,0.0,0.0,726.9425018310546,783.5129992675783,818.0905004882812,,730.6351151070437,768.7321452269351,822.896856468971,,720.1054786318825,753.3696476236979,703.4355628954058,713.9587964262357,703.6563784268359,705.9443925803271,709.1306223234365,697.9121155805697,746.631741070479,708.2880973199349,703.4993713543834,727.0678670275091,773.5668427401973,733.2765832820909,711.2909244261855,711.875,720.0,723.9250183105469,38.95499197723452,-19.40698277619458,1.7301119205529005,-21.137094696747482,24.252253113082176,21.818555825856162,2.433697287226014,68.27603551368759,66.26817978643486,-69.29060438432802,-2.131449256823443,-5.480543166009964,-15.54998779296875,-3156.2540666059394,-42.077204805261886,41.48379617334149,-2.0831770669230423,-1.8475378527872863,-0.38854654479506534,-0.38326552566144456,-6.411211191181012,-4.469108605844212,-17.369133019906712,-56981.26677930346,-57085.94152751236,-26.533335367838543,1,0,0,-26.533335367838543,1,1,0,0,0,21.264397463366368,12.9000244140625,695.2897848520707,726.9425018310546,758.5952188100385,8.708451328476642,0.2955546463886824,689.8959614900701,730.6351151070437,771.3742687240173,698.2000122070312,732.6750183105469,767.1500244140625,5.972501643825974,0.24734146351438746,674.8500770757862,726.9425018310546,784.6751045416064,-8307590.0,65.13410922886038,-0.21631625731309725,-8863893.081084516,-311170.0777366217,-1137617.5894721812,711.3666585286459,-10433919.660189178,987.2641778120659,-4.335444787889148,-10.397202765802971,6.061757977913823,0.5773264007393079,-0.8177814144452699,15.826358489491962,250.47362303791434,724.4500122070312,724.4500122070312,0.5033752764913686,-0.6714154030045251,0.8341530163954162,250.47362303791434,706.4314322335379,-2.070001220703125,3.303700779640991,24.865993652343757,0.0059880239520957446,0.01406053793117068,-0.05480543166009966,-0.10239488460254409,-0.30733414224056566,,0.005970166986503754,-0.09193962664651711,0.4184204287185127,-0.05745104829443515,-0.04825116188677914
2026-06-30 00:00:00+05:30,714.0,723.5499877929688,707.4500122070312,713.9500122070312,346018,0.0,0.0,725.5800018310547,780.7419995117191,816.2050006103515,,729.0460576879949,766.5838262849782,820.7394932162593,,718.8680986676898,750.6416873468137,702.999220403088,711.8943808067397,704.2419384366623,704.2748803038195,708.419801374163,696.462374580842,745.6008960355744,706.8463760908041,700.9327312553144,725.4386091428738,771.2924196416534,731.740457365668,711.6633575252717,713.9750061035156,719.4249877929688,723.9250183105469,38.93877095352982,-18.429818933101387,2.165820610916878,-20.595639544018265,27.92352793005258,24.049737394329565,3.873790535723014,73.41714133268009,68.2144102412226,-69.38776236510284,-1.6123491784457127,-3.676470527686467,-11.70001220703125,-3343.6854879337443,-38.62720480526184,44.012625398510885,-1.8500419765259148,-2.0831770669230423,-0.385456823175212,-0.38484864947953124,-6.034022709414119,3.5836072440977205,-12.51636834183978,-53741.54294176541,-57014.57713168788,-17.116668701171875,1,0,0,-17.116668701171875,1,1,0,0,0,20.895510186407165,16.0999755859375,694.1662974893281,725.5800018310547,756.9937061727812,8.658922313859737,0.3148898726251869,689.1201614467451,729.0460576879949,768.9719539292447,698.2000122070312,732.0500183105469,765.9000244140625,5.648995544771712,0.23995385023900803,674.7936348799293,725.5800018310547,781.0061440352026,-8653608.0,58.01167755729306,-0.1774867181690337,-8930517.241262238,-259338.80979160964,-977571.7447115069,714.9833374023438,-10436342.163851287,987.2641778120659,-4.757600084798181,-8.655486450169603,3.897886365371422,0.8961164952997769,-0.740440509499252,15.706852170863279,246.7052051173525,722.3250122070312,722.3250122070312,0.7280303923811761,-0.34835727980861875,0.8405673740856516,246.7052051173525,705.4442923409598,-1.3625,3.3052329036257073,23.809327799479174,-7.001091452207842e-05,-0.002793491117954794,-0.036764705276864706,-0.07936813384006292,-0.30999319039453943,,-7.001336540054735e-05,-0.09193962664651711,0.4184204287185127,-0.05745104829443515,-0.04825116188677914
2026-07-01 00:00:00+05:30,718.8499755859375,723.5499877929688,709.25,720.75,474173,0.0,0.0,723.8525024414063,777.8539990234377,814.1815008544921,,728.2559569558049,764.7864213326261,818.7595032515809,,718.4080984933037,748.2890599149816,703.9749177974791,710.5147415071568,706.6969086090483,703.5954276315216,708.8666266318317,695.6425474052863,744.5563574382595,707.0419616454002,699.9922324691072,724.168638938697,768.903152251545,730.906435578298,713.2899237046506,717.3500061035156,719.4249877929688,723.9250183105469,42.44946786612309,-16.911759130291784,2.947104330981187,-19.85886346127297,35.05018642706567,29.075322490066807,5.974863936998862,86.0833199771981,75.9254989411886,-56.17107396937211,-1.9054100034025179,-4.574339779075842,-14.0,-3631.2902593152116,-35.34897335276867,51.88607287363427,-1.527720416410319,-1.8500419765259148,-0.3797991008813839,-0.3853488280385996,-5.0376370627393,3.4716616082221208,-10.82832618474663,-50868.211959931294,-55150.44624713148,-12.691670735677082,1,0,0,-12.691670735677082,1,1,0,0,0,20.424401444018706,14.29998779296875,695.6884523195458,723.8525024414063,752.0165525632667,7.781709678938421,0.44492087558461335,689.4087198245848,728.2559569558049,767.103194087025,698.2000122070312,732.0500183105469,765.9000244140625,5.205000650836606,0.23137910358503316,674.6242419658957,723.8525024414063,777.8367511211692,-8179435.0,63.78159175898666,-0.15768480074961358,-8642033.716103354,-122768.64128249511,-377294.2652162387,717.8499959309896,-9984718.022577323,987.2641778120659,-2.371949159840209,-5.015868420169305,2.643919260329096,1.289884790570846,-0.2203164976615466,14.082025060930217,198.30342981666666,721.3000183105469,721.3000183105469,0.8692101011491681,0.3697936192808612,0.7779140561634665,198.30342981666666,707.5192905970982,-1.7274993896484374,3.3060491994000696,22.758662923177077,0.009524459243229089,0.01471211092020619,-0.04574339779075842,-0.11466647633633709,-0.29199410609037324,,0.009479387544327747,-0.09193962664651711,0.4184204287185127,-0.05745104829443515,-0.04825116188677914
2026-07-02 00:00:00+05:30,722.7000122070312,745.0,718.2000122070312,735.25,424005,0.0,0.0,722.7725036621094,775.5429992675785,812.6220007324217,,728.9220562933473,763.6281302999741,817.1058497218465,,719.493574451265,746.618314855239,707.5561583602575,710.3718837892302,712.656420679272,704.6995279561992,711.8148888684557,695.7845873763041,744.4866096628812,711.0474867825943,701.0552812187868,723.882622525328,767.4081484382183,731.2094234483264,717.31136535327,728.0,719.6749877929688,723.9250183105469,49.16165085374517,-14.3729742804519,4.388711344656858,-18.761685625108758,48.817594887204606,37.26376974810762,11.553825139096986,93.01514648128905,84.17186926372241,-27.988379003911234,0.3617287063029173,-2.8539309351520092,2.6500244140625,-4043.4361991001547,-28.516911046645077,52.712893298399315,-0.7949785640775004,-1.527720416410319,-0.36984001784726717,-0.38440364101096264,-3.2700795343773756,22.75429184164568,-4.045695951323069,-48384.689382258715,-52430.910994159254,-6.941670735677083,1,0,0,-6.941670735677083,1,1,0,0,0,20.87980046894371,26.79998779296875,698.5563414387855,722.7725036621094,746.9886658854334,6.700908543318036,0.7576274519228477,688.6697964521541,728.9220562933473,769.1743161345405,698.2000122070312,732.0500183105469,765.9000244140625,4.4529089974695815,0.24421392554376586,672.9348373342237,722.7725036621094,777.447349541255,-7755430.0,70.17559278324768,-0.1508443901909034,-8526539.957372248,-18990.227179551497,554900.9869575095,732.8166707356771,-9131707.61675006,989.2759710829642,-1.524421971084397,-3.334672985130794,1.8102510140463974,1.1155395990840056,1.0305098076913897,12.108081111662003,146.60562820658615,721.3000183105469,721.3000183105469,0.5306823229585169,-0.14694762401520872,0.5864434434520152,146.60562820658615,712.9357160295758,-1.079998779296875,3.3104808360416946,20.70444132486979,0.020117932708983766,0.03498025722399678,-0.028539309351520048,-0.08930448723134055,-0.2728936005496544,,0.01991824091559291,-0.09193962664651711,0.4184204287185127,-0.05745104829443515,-0.04825116188677914
2026-07-03 00:00:00+05:30,743.3499755859375,743.3499755859375,735.25,742.4000244140625,174948,0.0,0.0,722.3275054931642,773.3679992675783,811.010001220703,,730.2056723048439,762.7956555593502,815.6265264484251,,721.3628621419272,745.3185903511795,712.0359886614979,710.8280606315653,719.5423246408506,706.6162663520846,717.181635824096,696.9492120102249,744.3565555641968,717.6810664454127,702.1668397754643,723.7453940234958,766.6287854558342,731.9616360125857,723.511642208622,738.8250122070312,723.25,723.9250183105469,52.126700764757544,-11.649730934521585,5.689563752469738,-17.339294686991323,67.24973318132874,50.37250483186634,16.8772283494624,99.99999999999999,93.03282215282904,-14.091347482730432,2.911006277974093,-1.1846084817665083,21.0,-4366.909115843298,-21.081474393956682,56.4939288590493,-0.07787575464719126,-0.7949785640775004,-0.35555830164848423,-0.38138906150079693,-1.7391575849719845,18.22507939105344,10.125103805115941,-46934.344720995214,-49863.61505785677,-3.8666687011718746,1,0,0,-3.8666687011718746,1,1,0,0,0,19.96695583444327,8.0999755859375,700.0707800114502,722.3275054931642,744.5842309748781,6.162502552500286,0.9509315383655575,692.2441085273953,730.2056723048439,768.1672360822926,698.2000122070312,729.3250122070312,760.4500122070312,3.9579407738088386,0.24622337391229487,673.2458556984333,722.3275054931642,775.3333495949178,-7580482.0,69.55856741463617,-0.1244650216644675,-8392627.157010557,67799.58117578551,654326.9132766377,740.3333333333334,-8961577.392854596,990.2484327509768,-6.0476045613440474,-6.2862844603123555,0.23867989896830855,0.4746874339479604,1.8037261534622322,11.128362740856959,123.84045729209342,721.3000183105469,721.3000183105469,0.15261921219587282,-1.188729127604934,0.2718794029147865,123.84045729209342,719.4335754394531,-0.4449981689453125,3.3183118953434807,18.363999837239575,0.009724616680125697,0.046002147818333894,-0.011846084817665137,-0.0890797246453221,-0.2632727841413016,,0.009677636923207016,-0.09193962664651711,0.4184204287185127,-0.05745104829443515,-0.04825116188677914
2026-07-06 00:00:00+05:30,742.9500122070312,772.0,736.25,767.1500244140625,718711,0.0,0.0,723.9250061035158,771.2609997558596,809.562501220703,,733.7241820295313,762.9664151222801,814.6665957150714,,725.631673467727,745.0747482000612,720.4683580078878,713.2008282031056,731.7056778374139,711.2698570801125,726.4584167797534,699.6163539520376,751.6511415272518,727.2685874145252,705.7328474949007,726.3835031974228,765.102873428268,734.044703810225,733.4770983137219,754.7750244140625,735.625,735.1000061035156,60.67632502306107,-7.4090162796244385,7.944222725893509,-15.353239005517947,83.78282992985602,66.61671933279645,17.16611059705957,100.0,97.671715493763,-6.571783723790237,8.954701180845241,4.345757845014042,63.050048828125,-4000.7465713330657,-11.110589958639594,62.745995723994746,0.5611828626157152,-0.07787575464719126,-0.3343953422771273,-0.3756880317177074,1.1978342907678463,40.87151405951897,5.121514059518972,-44791.12497799728,-47716.23419073941,6.250010172526041,1,0,0,6.250010172526041,1,1,0,0,0,21.094316131983035,35.75,694.3836513333706,723.9250061035158,753.466360873661,8.161440624671828,1.2316018281299408,692.5684814689826,733.7241820295313,774.8798825900801,698.2000122070312,735.1000061035156,772.0,3.717015324313996,0.25992331343037867,672.6126411667607,723.9250061035158,776.7751320114875,-6861771.0,68.67824601363972,-0.01202895494650497,-7868922.076078794,263774.33932891116,3102008.3899514037,758.4666748046875,-6565551.441206869,990.2484327509768,1.6855764025078106,1.1575172028316016,0.528059199676209,2.1471814007403136,2.9264073125197663,14.770677385072572,218.17291041389433,721.3000183105469,721.3000183105469,1.2987178193981277,2.5115949760845955,-0.05084150781283282,218.17291041389433,729.0450081961495,1.5975006103515625,3.3344475725485325,17.49777886284722,0.03333782217953707,0.07443981010372891,0.04345757845014031,-0.06581829881822054,-0.23146662489225445,,0.03279416685826883,-0.09193962664651711,0.4184204287185127,-0.05745104829443515,-0.04825116188677914
2026-07-07 00:00:00+05:30,770.0,775.1500244140625,748.0,750.4000244140625,651465,0.0,0.0,725.3850067138673,768.8370007324221,808.1555017089842,,735.3123574947248,762.4736154866637,813.3939903427741,,728.1531037830172,744.2566707356771,724.7559135626984,714.1861460516685,737.3653087276375,713.7510513790826,735.5993476134462,702.9718047569651,751.5216404224117,733.2906325212521,707.2923460651068,728.1812481715511,756.1631024200236,735.1143735405851,742.5062853087045,758.7750244140625,735.625,736.6750183105469,53.6882549687505,-5.338268145108145,8.011976688327843,-13.350244833435989,82.39104373524792,77.80786894881089,4.583174786437027,91.42171947449572,97.14057315816522,-32.16373758773554,4.811790155688878,4.048809167053778,34.45001220703125,-3389.9271801592135,-1.6066174675436287,56.19641554274874,1.1283196402343534,0.5611828626157152,-0.31104264502377355,-0.36712643038890264,3.1002884308343757,41.2684615487841,14.118437134721603,-41948.233415630326,-45630.64369931234,12.62501017252604,1,0,0,12.62501017252604,1,1,0,0,0,21.526866723560143,27.1500244140625,693.6089671970525,725.3850067138673,757.161046230682,8.761151449977246,0.8936144667581714,692.904814242026,735.3123574947248,777.7199007474236,698.2000122070312,736.6750183105469,775.1500244140625,3.6807194227916886,0.26320463984488873,673.6006413381557,725.3850067138673,779.0756321828823,-7513236.0,56.72165717666792,-0.044797914303623176,-8405209.87542056,149329.31884381827,1100001.655672632,757.8500162760416,-7987964.059694948,988.0650267069252,5.873821829424339,4.276610103798504,1.5972117256258351,1.7191041389754644,1.5744578670326852,15.888019758407381,252.42917184354332,722.3250122070312,722.3250122070312,1.0071959593501008,1.0107060584988574,-0.11205528863272456,252.42917184354332,733.6892979213169,1.4600006103515626,3.3422353090744323,16.52833455403646,-0.021834060440516057,0.05105401160279199,0.040488091670537685,-0.10767582671807663,-0.24567748932237543,,-0.022075950988834515,-0.09193962664651711,0.4184204287185127,-0.05745104829443515,-0.04825116188677914
2026-07-08 00:00:00+05:30,751.3499755859375,751.3499755859375,718.9000244140625,722.0,369427,0.0,0.0,724.6900054931641,766.3750012207034,806.5640014648435,,734.0445139237986,760.8864148793436,811.5842083557885,,727.8307221912203,742.4199256089154,723.3463490401749,712.9676142504526,734.6266257093889,712.9037933199113,740.5942736050164,705.953334042451,751.0021678413281,733.3200937655079,706.5024510983992,726.5671876234721,754.2755653788464,734.1076959947098,745.4096533188,736.2000122070312,735.625,736.6750183105469,44.359685946668954,-5.920581176507994,5.943730925542395,-11.86431210205039,64.06454423574536,76.74613930028309,-12.681595064537731,71.39205375236162,87.6045910756191,-69.07084598123814,1.6471930744903032,-1.8888468477942995,11.70001220703125,-3441.9674767211627,3.6817662856160496,47.0621989845327,1.0531489069168956,1.1283196402343534,-0.2907946323958299,-0.3561540900764067,3.0098298600547153,19.165778844270335,-13.284172327604665,-40965.101236104456,-43563.02712405915,14.98334757486979,1,0,0,14.98334757486979,1,1,0,0,0,22.307087041296917,32.449951171875,693.2763430135852,724.6900054931641,756.103667972743,8.669544837506441,0.4571841472653371,689.4948412338567,734.0445139237986,778.5941866137405,698.2000122070312,736.6750183105469,775.1500244140625,3.910059180308574,0.29055573491408104,673.4730930118894,724.6900054931641,779.7105655460691,-7882663.0,56.004582194090844,-0.152266862449093,-8704053.429872653,-6151.076757006347,-555960.8407397249,730.75,-9386116.442140054,984.2803753889514,3.9227942097581088,1.8604659873058185,2.0623282224522903,0.9593368542802669,-0.17126341093865172,15.706831239789421,246.70454759522488,721.7000122070312,721.7000122070312,1.1719204204553144,1.4500559664389805,-0.19260395748461004,246.70454759522488,734.1121555873326,-0.695001220703125,3.343272181373151,14.973333740234375,-0.03784651317973797,0.001734304543877796,-0.01888846847794301,-0.13085350982267774,-0.24713242961418147,,-0.03858129133391965,-0.09193962664651711,0.4184204287185127,-0.05745104829443515,-0.04825116188677914
2026-07-09 00:00:00+05:30,722.0,753.5499877929688,721.9500122070312,749.2000122070312,263828,0.0,0.0,725.9875061035157,764.2750012207033,804.7615014648435,,735.487894712678,760.4281245784687,810.3488777389814,,730.165008544922,741.7463966279871,727.114518626957,713.9481744694777,739.4238635733959,715.2692813298421,744.9482891845703,709.3114697332696,750.8952734389451,738.5896109701321,708.0945132757598,727.3638578776028,753.2493412936891,735.1014430737858,745.4552481305119,735.6000061035156,735.625,736.6750183105469,52.8157434298854,-4.139536780872845,6.179820256942035,-10.31935703781488,55.014069678685715,67.156552549893,-12.142482871207278,61.74271230675291,74.85216184453674,-33.72320739496918,5.461709805678984,3.5879726521992743,38.79998779296875,-3222.66773433872,6.444853300207001,53.660472031216436,0.8678382884881068,1.0531489069168956,-0.26889417774270674,-0.3427030650874278,4.5968345898990055,18.934960270535157,-12.665015315402343,-41169.316601622384,-41964.51848051487,21.991678873697914,0,1,0,21.991678873697914,1,0,0,0,0,22.970864794485532,31.5999755859375,692.7344633114391,725.9875061035157,759.2405488955923,9.160775498892725,0.849028301690433,689.1620050244568,735.487894712678,781.8137844008992,698.2000122070312,736.6750183105469,775.1500244140625,3.75666975550596,0.3130344835878842,673.6632717839854,725.9875061035157,780.088244318165,-7618835.0,55.84059401908388,-0.11303205998671187,-8512861.268198898,-8363.634719602764,548622.8251597558,741.5666707356771,-8392193.336799799,988.0476900990665,0.321943885020193,-1.392307469945678,1.7142513549658709,0.6631235131259637,1.3961132067617341,16.626521396038275,276.4412137329185,721.7000122070312,721.7000122070312,0.9147014250300115,0.37262932847682045,-0.2483879884621922,276.4412137329185,738.5200134277343,1.2975006103515625,3.3499090027329785,14.461667887369792,0.03767314710115133,0.01897315499086205,0.03587972652199278,-0.12322994475479077,-0.20272427107091462,,0.03698084797052841,-0.09193962664651711,0.4184204287185127,-0.05745104829443515,-0.04825116188677914
2026-07-10 00:00:00+05:30,755.0,760.5,748.0,758.6500244140625,216433,0.0,0.0,728.4100067138672,762.5410021972658,803.0255017089842,,737.6938118270955,760.3583951602566,809.325138069181,,733.2757245744979,741.5258093022364,732.113729900678,715.6341932615713,745.7780224249211,718.5903873490779,749.4336886477779,713.1490526851893,751.4855527015311,744.7525098137504,710.9966906618514,728.9074125831752,752.7647800453956,736.58416568211,745.2712786518169,753.9250183105469,738.4500122070312,739.125,55.35440563260018,-1.9431102916418013,6.7009973969384635,-8.644107688580265,58.10173292826667,59.06011561423257,-0.9583826859659013,62.866462383445594,65.3337428141867,-22.900747838992675,6.889753351752377,6.822023567201451,48.9000244140625,-2944.000282992433,10.617944156422595,55.35052300004925,0.9126649489653207,0.8678382884881068,-0.24468933248408264,-0.3267189303862075,6.799354547291475,22.451401493048024,9.951401493048024,-40131.13726147168,-41058.03439209262,28.450022379557286,0,1,0,28.450022379557286,1,0,0,0,0,22.22294588059371,12.5,693.0097152620858,728.4100067138672,763.8102981656486,9.719880596227805,0.9271153775864397,693.3989592520383,737.6938118270955,781.9886644021527,698.2000122070312,736.6750183105469,775.1500244140625,3.2757464227419217,0.30596244725470956,676.6310257526834,728.4100067138672,780.9934982868631,-7402402.0,69.6409372215772,-0.07642191968127535,-8360491.590757492,39972.819365199655,762433.0632804185,755.7166748046875,-8119196.212042784,989.3090371429878,-3.6375481626052606,-4.2814396140569055,0.6438914514516447,0.5557731117187846,1.708461510345757,17.700145725890728,313.29515871776783,723.8250122070312,723.8250122070312,0.7079038501925147,-0.3351304095792231,-0.19815346331020375,313.29515871776783,743.0071602957589,2.4225006103515625,3.3578171047695213,14.970001220703125,0.012613470439212682,0.021888469107776976,0.06822023567201452,-0.11419228956625593,-0.19275374093621744,,0.012534583288824855,-0.09193962664651711,0.4184204287185127,-0.05745104829443515,-0.04825116188677914
2026-07-13 00:00:00+05:30,754.0999755859375,788.75,745.5499877929688,784.7000122070312,701311,0.0,0.0,731.1675079345703,761.4910021972659,801.6335015869139,,742.1705928156607,761.3129683777771,808.837511814485,,738.6366774786087,742.3947900869332,741.172368157604,719.2597957233247,757.6807893985313,724.66634363029,756.9596567155581,718.0259663897109,755.0757946946009,755.295129089301,716.3772130753879,733.3512427053695,752.9229099389163,739.2524676238186,750.7353538968246,771.6750183105469,747.2250061035156,745.9249877929688,61.50322807603265,1.8779420841650563,8.417639818196257,-6.539697734031201,79.54917131876606,64.22165797523948,15.327513343526576,82.8961281055797,69.1684342652594,-4.728530809739972,9.901962493981967,7.55945793116961,70.70001220703125,-2436.6455928565606,13.704560582778186,60.631237921144304,1.1949511384581455,0.9126649489653207,-0.2152390178527419,-0.30780584090593305,9.663053456673405,44.036913821608096,0.8369016145768455,-35777.01049196754,-39890.50324237669,39.558349609375,0,1,0,39.558349609375,1,0,0,0,0,23.721307761053534,43.20001220703125,687.7168779529375,731.1675079345703,774.6181379162031,11.885273760146642,1.1160152832662027,693.8657238749839,742.1705928156607,790.4754617563375,698.2000122070312,743.4750061035156,788.75,2.9401686984238444,0.31386753588356026,676.0775963457804,731.1675079345703,786.2525688799601,-6701091.0,72.65864773273904,-0.03380759270393759,-7790675.969761686,237417.90095626656,3263391.624108174,773.0,-5711084.118039395,989.3090371429878,2.8699102118730893,1.7808150083371554,1.0890952035359338,1.615805197728554,2.4640611330648103,21.725314990816408,471.98931145019213,723.8250122070312,723.8250122070312,0.974528767113672,0.3838949724815573,-0.20884294273680973,471.98931145019213,753.5750165666852,2.757501220703125,3.3687920352023792,15.958447265625,0.034337292499381666,0.02287686532549249,0.07559457931169611,-0.09414140004960314,-0.1674270427511605,,0.033760924537551126,-0.09193962664651711,0.4184204287185127,-0.05745104829443515,-0.04825116188677914
2026-07-14 00:00:00+05:30,780.0499877929688,780.9500122070312,764.5499877929688,779.0,390315,0.0,0.0,733.8350067138672,760.1910021972659,800.3290014648435,,745.6781554046454,762.0065774610015,808.2466699963763,,743.1921529134115,743.0814174517463,747.948508770723,722.2689575592334,765.8419842962551,729.6882307420341,765.5143352584507,723.5019757112956,757.2206255515698,763.1003548903199,720.523203762076,736.3582824459869,750.1219664544536,741.5549877599342,759.8144328313366,781.8500061035156,747.2250061035156,745.9249877929688,59.56995345860021,4.395541210128954,8.748191155328124,-4.35264994519917,86.99572898094715,74.8822110759933,12.113517904953852,89.92842557735977,78.56367202212836,-11.383534408425911,9.111280437110707,7.352025603391356,65.04998779296875,-2016.330499707096,16.379264382755196,61.26950529031104,1.5726460017713109,1.1949511384581455,-0.18351762401890293,-0.2859967879212129,11.899540158778947,31.338795482695332,14.938771068632832,-31278.752525584176,-37377.39410568083,45.34167480468749,0,1,0,45.34167480468749,0,0,0,1,0,23.46621609341132,20.1500244140625,685.531164444131,733.8350067138672,782.1388489836033,13.164769145054022,0.9675093239366392,698.1356502842116,745.6781554046454,793.2206605250792,698.2000122070312,743.4750061035156,788.75,2.5602848733473014,0.3146757560640591,679.3394024262336,733.8350067138672,786.6268780121711,-7091406.0,78.66699336420766,0.07898530056790232,-7493180.223608012,391265.18075093813,2479364.2114373776,774.8333333333334,-5994606.512582243,988.5826433468415,1.8805315432667267,0.6331490717846342,1.2473824714820925,0.8901919803239327,1.8700372957465552,24.1519211348681,583.3152945048885,727.2999877929688,727.2999877929688,0.7945528538862686,-0.3937786692003955,-0.1582650882745852,583.3152945048885,761.9064453125001,2.667498779296875,3.3764394259388073,17.302446831597226,-0.007263937961463185,0.03811297262186164,0.07352025603391366,-0.08621700879765393,-0.17391304347826086,,-0.007290448818982548,-0.09193962664651711,0.4184204287185127,-0.05745104829443515,-0.04825116188677914
2026-07-15 00:00:00+05:30,781.7999877929688,785.5499877929688,772.0,778.6500244140625,257822,0.0,0.0,736.0300079345703,758.694002685547,799.0440014648435,,748.8183334055423,762.6592616552392,807.6605978066275,,747.4602498372396,743.8053006759344,753.7135760709002,725.1070685244748,772.2778109123972,734.3351135781301,773.2491925180939,729.3431045410576,758.9249169838238,768.7146114558252,724.9752369019211,737.8834851578019,749.3475260216989,743.7346640699446,769.0141884507336,778.8250122070312,747.2250061035156,746.1749877929688,59.446396326969314,6.290009239739561,8.514127347950986,-2.2241181082114236,90.67551527760469,85.74013852577262,4.935376751832067,94.59865467263967,89.1410694518597,-11.861388949020068,8.033302034556018,5.974824690583532,57.9000244140625,-1658.4520252753032,25.18352768841919,57.94950377409632,1.984665374423933,1.5726460017713109,-0.15096097052444968,-0.2616768937742332,13.682253276302525,31.790369970100414,18.240382177131664,-29166.215223511153,-33901.47975334771,51.28334554036458,0,1,0,51.28334554036458,0,0,0,1,0,22.757914071951138,13.54998779296875,683.7268861857931,736.0300079345703,788.3331296833476,14.212225367155616,0.9074328171481327,703.2227358598225,748.8183334055423,794.413930951262,698.2000122070312,743.4750061035156,788.75,2.395800269378975,0.3131579845177509,681.8626855801974,736.0300079345703,788.4126581143771,-7349228.0,81.53845189252625,0.09057354902478913,-7497935.930017385,417119.9631047826,2112279.1233009556,778.7333374023438,-6006189.491467684,988.537717084205,-1.502012648132205,-2.199516095691438,0.697503447559233,0.61853552977078,1.629731268592532,26.151560874388604,683.9041361668528,727.2999877929688,727.2999877929688,0.6396918810280842,-0.9514019307995158,-0.11265461959319864,683.9041361668528,770.320733642578,2.195001220703125,3.3803981231763536,18.137004123263885,-0.000449262626363911,0.07846263769260742,0.059748246905835245,-0.09998265914467674,-0.17428417347395286,,-0.0004493635750537493,-0.09193962664651711,0.4184204287185127,-0.05745104829443515,-0.04825116188677914
2026-07-16 00:00:00+05:30,779.6500244140625,781.5,765.0,770.5,208215,0.0,0.0,737.9250091552734,757.1270031738283,797.7515014648436,,750.8832540335859,762.966741590328,806.924744384714,,750.7431062244234,744.2682809627757,757.1805446323777,727.182605382718,775.2452766668389,737.7474876741625,778.4657014604047,735.2275239290426,759.3990556688848,771.560836611074,729.1252271329425,738.9632810106306,748.2802254193679,745.39435104251,774.1385676055071,774.5750122070312,749.3250122070312,746.1749877929688,56.5070610901901,7.052453648828418,7.421257405631874,-0.36880375680345523,85.10743902671445,87.59289442842208,-2.4854554017076396,87.21806941752175,90.58171655584039,-21.432759562410673,4.794287657259436,5.173358678281398,35.25,-1483.8401854498302,31.751174567727503,61.02540626066546,2.1040537615994306,1.984665374423933,-0.119887371495353,-0.23549123486832974,14.523751007276797,25.348899008969966,8.848899008969966,-28558.54754454762,-30870.915589117638,57.72500610351562,0,1,0,57.72500610351562,0,0,0,1,0,22.310920209668915,16.5,683.4441612877715,737.9250091552734,792.4058570227753,14.765957838959238,0.7989581854888654,706.487237206506,750.8832540335859,795.2792708606657,698.2000122070312,743.4750061035156,788.75,2.2520709340641325,0.3161779776998688,686.8451724723691,737.9250091552734,788.2451511100643,-7557443.0,77.36180390251906,0.06385823224122712,-7567340.930017385,367693.5137854656,1568102.4866331017,772.3333333333334,-6224125.313745605,987.491030619359,-5.346275460839612,-4.835023126719076,-0.5112523341205361,0.5267965009266345,1.1958327419554626,27.24042393375093,742.0406960904704,728.625,728.625,0.45233559959275077,-1.3511835888165522,-0.027312742562094167,742.0406960904704,776.3793003627233,1.895001220703125,3.3778046678376867,18.658671875000014,-0.010466864648460583,0.02843030892407783,0.05173358678281392,-0.09438174535153931,-0.1723952738990333,,-0.010522027535524083,-0.09193962664651711,0.4184204287185127,-0.05745104829443515,-0.04825116188677914
2026-07-17 00:00:00+05:30,769.0,775.4000244140625,747.25,751.0,317690,0.0,0.0,739.4050079345703,755.0100036621095,796.0970013427733,,750.8943726970539,762.4974576063936,805.8173237038286,,751.9883434477307,744.0280063285079,756.6019810771937,727.6657401674588,772.4127404343544,738.7313823624759,779.0981248520359,740.4712833374786,759.3222045124146,768.0645641324896,730.8242383123186,740.1100344934514,747.32593239353,745.7829328842186,772.688558333795,760.75,749.3250122070312,748.1000061035156,50.121383026175494,6.013884981888623,5.106150990953663,0.9077339909349604,73.42429339570295,83.06908256667403,-9.64478917097108,73.02128831523632,84.94600413513257,-46.43297130146041,1.1584018457872507,4.1031292742163785,8.5999755859375,-1449.4267676699055,33.01691194422119,60.71161019629757,1.7534657501457356,2.1040537615994306,-0.093730226510369,-0.20875066644980103,13.669912627881768,19.98479499317955,-8.165229420882952,-28638.03165608969,-29227.71828629857,57.22500610351562,0,1,0,57.22500610351562,0,0,0,1,0,22.727999081411312,28.1500244140625,685.2068421802574,739.4050079345703,793.6031736888833,14.659940133678118,0.6069684914983212,705.3646385365412,750.8943726970539,796.4241068575666,698.2000122070312,743.4750061035156,788.75,2.399302665884981,0.32580774119193484,687.4173151876466,739.4050079345703,790.8547999288575,-7875133.0,71.87357333870486,0.06576845851379179,-7800388.907511367,239895.29042625427,459094.2742569444,757.8833414713541,-7028142.834835806,987.491030619359,-6.1046494578895505,-4.474717699015212,-1.629931758874339,0.7757586472218688,0.42787396599328503,27.09908287715648,734.3602927829955,738.8250122070312,738.8250122070312,0.29704105632009903,-1.4159863976387101,0.0910243848988703,734.3602927829955,777.1550144740514,1.479998779296875,3.368904998518256,18.64600572374132,-0.025308241401687193,-0.010083733167966291,0.04103129274216388,-0.11766436179451023,-0.1922125522864221,,-0.025634002996035674,-0.09193962664651711,0.4184204287185127,-0.05745104829443515,-0.04825116188677914
2026-07-20 00:00:00+05:30,751.0499877929688,765.0,746.0,762.25,195141,0.0,0.0,742.3125091552733,753.3080041503907,794.6235015869139,,751.9758610116202,762.487753386535,804.9546044225647,,754.1640569777717,744.3119277535233,758.1183770687353,729.0126619888708,772.8168377186679,740.9477824511865,777.9317923990884,745.2469110292855,759.3427775506852,768.6393652232941,733.491914283833,746.2358609094222,746.01427732584,746.8607578755666,768.575204971447,756.625,752.7250061035156,749.0,53.393672929418514,6.029093177512664,4.0970873492621624,1.9320058282505013,66.26697860093185,74.93290367444975,-8.665925073517897,61.61844225486546,73.9525999958745,-33.333333333333336,-0.6387309206963871,8.258773814850832,-4.9000244140625,-1526.6798771501035,30.580295517865466,60.388012752084016,1.2810226196553245,1.7534657501457356,-0.07005800508298465,-0.18197459534526894,13.123750793891043,8.608374782100327,-10.391625217899673,-28627.217246461594,-28697.76514520789,53.66666666666666,0,1,0,53.66666666666666,0,0,0,1,0,22.461713432739078,19.0,689.8786457517526,742.3125091552733,794.7463725587941,14.127166862158552,0.6901203683132372,707.1632443902039,751.9758610116202,796.7884776330365,703.0999755859375,745.9249877929688,788.75,2.401849355828693,0.31331241862098513,690.6088560570231,742.3125091552733,791.9713438499917,-7679992.0,67.52420122733771,0.18074097906997738,-7661736.091721894,209922.34130993113,707128.8422202381,757.75,-6735821.0971527165,988.9890332824748,-9.451352340329263,-6.257136465163939,-3.194215875165324,0.5463613845377217,0.7604814732529496,26.21693170176033,687.3275078547658,745.8000183105469,745.8000183105469,0.13828446280468346,-1.4886706848187266,0.30547936171002565,687.3275078547658,777.8671526227679,2.907501220703125,3.358352203218508,19.741448838975703,0.014980026631158383,-0.028609674853819378,0.08258773814850828,-0.12636103151862466,-0.1624546528426718,,0.014868934104229346,-0.09193962664651711,0.4184204287185127,-0.05745104829443515,-0.04825116188677914
2026-07-21 00:00:00+05:30,762.9500122070312,775.0,761.0999755859375,767.8499755859375,163482,0.0,0.0,744.9075073242186,751.9790039062501,793.3465014648435,,753.4876814472694,762.698036610041,804.2198592970868,,756.5961966378349,744.8822011431525,760.4130335121515,730.7377307172222,774.4199209643559,743.6601893915536,776.72760876412,749.662650153323,759.5064255661678,772.9308495993495,736.1373274951287,747.6714780146489,745.0837207561291,748.202661362629,765.0265192671825,765.0499877929688,753.3500061035156,753.4750061035156,54.977068525688885,6.419022515098959,3.589613349478766,2.829409165620193,63.5364252538759,67.74256575017023,-4.206140496294331,56.309779859958816,63.6498368100202,-29.624419603578534,2.3254198566292033,7.2491043360578,17.449951171875,-1525.4979359180938,29.084410903033245,58.440703501460234,1.081519459122644,1.2810226196553245,-0.047950194539014834,-0.15499188002784503,12.113834851760599,16.971467586666336,3.0714431726038356,-28066.352228192747,-28525.899596307154,45.524993896484375,0,1,0,45.524993896484375,0,0,0,1,0,21.850164217119325,13.9000244140625,692.8312003857611,744.9075073242186,796.9838142626761,13.981952504552071,0.7202774122292479,710.2953093775952,753.4876814472694,796.6800535169436,703.0999755859375,745.9249877929688,788.75,2.4163835053056903,0.31001411013422164,693.1376374658107,744.9075073242186,794.8001435693263,-7516510.0,65.70187067563167,0.1743088888648018,-7666440.8885849565,177079.85027773958,736895.466008809,767.9833170572916,-6615716.773277317,989.7236971835489,-13.003232113455237,-7.847212990631929,-5.156019122823308,0.5301550363463723,0.881109648916991,26.038153469228764,677.98543608711,749.8000183105469,749.8000183105469,-0.07634718592110436,-1.4851790515885879,0.44225796632374753,677.98543608711,779.973575265067,2.5949981689453123,3.3538352602653996,20.610003255208333,0.007346639010741285,-0.014313253419849126,0.0724910433605781,-0.11903396386657028,-0.15453648396241138,,0.007319783907983428,-0.09193962664651711,0.4184204287185127,-0.05745104829443515,-0.04825116188677914
2026-07-22 00:00:00+05:30,765.9500122070312,769.3499755859375,750.4000244140625,765.4500122070312,266795,0.0,0.0,747.6650085449218,750.8900036621095,792.1320013427733,,754.6269510434372,762.8059572216877,803.4521395527292,,758.5526256742933,745.4104759784773,761.9235134986728,732.2026850887969,774.9322686895587,745.922197427595,775.6342701939175,753.6105987793442,760.008855342217,773.7660079429382,738.5750812728933,750.0512735488076,744.8016217838936,749.3272767451982,763.6005362457249,766.6499938964844,753.3500061035156,753.8250122070312,54.12833301908051,6.459921384519134,2.904409775119153,3.5555116093999812,67.89501963099667,65.89947449526814,1.995545135728534,58.78410418548543,58.904108766769895,-33.3571881700981,6.018007230890755,7.764328503710616,43.45001220703125,-1639.2773225551305,25.09485330020675,54.71766662048755,0.6401634616048532,1.081519459122644,-0.027969687233131424,-0.12822249219344778,11.04844852739499,10.26123177350405,-8.68871939837095,-27146.82739853397,-28195.33300065539,33.69999186197917,0,1,0,33.69999186197917,0,0,0,1,0,21.64300614245902,18.949951171875,697.4990500203648,747.6650085449218,797.8309670694787,13.419367751926245,0.6772616749005552,711.9386237095653,754.6269510434372,797.3152783773091,703.0999755859375,745.9249877929688,788.75,2.503750852829947,0.3081332167651535,695.0339023893313,747.6650085449218,797.4963962858158,-7783305.0,59.249573132358194,0.21996143407573204,-7509460.49657398,197494.42410644982,540153.5094825089,761.7333374023438,-6699105.228058043,989.7236971835489,-13.248993778043896,-6.474379724176471,-6.774614053867426,0.894975297145418,0.7090466996022208,25.08297926227846,629.1558486718914,750.7000122070312,750.7000122070312,-0.2676909722146239,-1.3375850692305307,0.5123949808651097,629.1558486718914,780.3278599330357,2.757501220703125,3.355232085354172,21.60522623697916,-0.003125562877142607,-0.016952432791566774,0.07764328503710627,-0.09424916066727151,-0.1625273389419789,,-0.003130457650734826,-0.09193962664651711,0.4184204287185127,-0.05745104829443515,-0.04825116188677914
2026-07-23 00:00:00+05:30,762.0,771.7999877929688,754.4000244140625,759.1500244140625,190986,0.0,0.0,750.1025085449218,749.9900036621094,790.8715014648436,,755.0577199358778,762.6625873076632,802.5748699460229,,759.6464367094495,745.7343983609069,762.0491149647277,733.1216959292544,773.5428372278467,747.3239069404451,773.7045455892983,757.0146993662812,759.9948391682899,772.4216285592358,740.862333945096,751.0873350489222,744.4348053884926,749.9932866354781,763.2884446876623,762.3000183105469,753.3500061035156,753.8250122070312,51.864817767438225,5.915784191782109,1.8882180659057015,4.027566125876407,64.88063041676159,65.43735843387805,-0.5567280171164555,54.23064705013789,56.44151036519405,-42.37650097603856,1.3280848965445158,6.862330845245814,9.95001220703125,-1849.5096859851938,22.885442576688774,50.04145550123754,0.2719370023890776,0.6401634616048532,-0.011086709051943977,-0.10226664514543238,10.095261137102694,12.702489608873975,-4.697473770032275,-26355.55651963633,-27568.188836591893,24.38332112630208,0,1,0,24.38332112630208,0,0,0,1,0,21.339931659348107,17.39996337890625,702.9111633370576,750.1025085449218,797.2938537527859,12.582638951416866,0.5958599064011532,713.1206688473449,755.0577199358778,796.9947710244107,703.5999755859375,746.1749877929688,788.75,2.650665975902687,0.3108673022092229,696.9849768420075,750.1025085449218,801.0099554797029,-7974291.0,59.42371900265455,0.1995020220622477,-7596172.311594974,160301.6791563835,291101.655466732,761.7833455403646,-6856295.044432688,988.900653523937,-15.343671591517749,-6.855246030120258,-8.488425561397491,0.6567177522789088,0.3834396256046129,23.59567260393208,556.7557656319509,754.8250122070312,754.8250122070312,-0.4300959108180287,-1.0416298321333255,0.51711280771141,556.7557656319509,778.7342930385046,2.4375,3.348874242619998,21.85156005859375,-0.008230436596119328,-0.014730662668316019,0.06862330845245812,-0.11127369051117697,-0.13693719249098246,,-0.00826449363768196,-0.09193962664651711,0.4184204287185127,-0.05745104829443515,-0.04825116188677914
2026-07-24 00:00:00+05:30,752.0,766.1500244140625,750.25,758.0,128554,0.0,0.0,752.5150085449217,749.0430041503905,789.7815014648436,,755.3379370848418,762.4797407465784,801.6921992540224,,760.3985787527903,746.0485158643535,761.9170147695305,733.9216395890257,771.9430477914448,748.5111505766787,770.6865004555175,759.9530965771598,759.985329691545,768.5052818195913,743.6481257281927,753.0710758282485,744.0092134076399,750.541410772379,762.6763600219278,758.5750122070312,753.3500061035156,753.8250122070312,51.441927160946925,5.330309695019878,1.0421948553147766,4.288114839705101,60.08112974642803,64.28559326472876,-4.204463518300727,47.35703571578219,53.45726231713516,-44.02292161457923,-0.08568172321150867,6.798168369144065,-0.6500244140625,-2198.7828025056792,21.92294239717353,49.20091735864446,-0.1578753752230168,0.2719370023890776,0.0028824296982365993,-0.0780309287508792,7.828088533200584,7.20931168483844,-8.69071272922406,-26160.112915112248,-26871.872163274264,20.958323160807293,0,1,0,20.958323160807293,0,0,0,1,0,20.95136685611342,15.9000244140625,709.2386582575637,752.5150085449217,795.7913588322797,11.501790607748289,0.5633716963036116,714.3663147830143,755.3379370848418,796.3095593866692,703.5999755859375,746.1749877929688,788.75,2.8023197438266942,0.31098308574529804,698.8050054780797,752.5150085449217,803.954984115775,-8102845.0,50.938716387973116,0.2116006257017967,-7599406.56691347,129484.50415216293,228395.6706107145,758.1333414713541,-6875769.487397963,988.7491650991094,-18.785654427374563,-8.237783092781656,-10.547871334592907,0.45581497927001674,0.25348678521444634,21.638175143679,468.21062354852774,758.3250122070312,758.3250122070312,-0.5488456557077509,-0.6803220433591791,0.4983544017540818,468.21062354852774,776.1657191685267,2.4125,3.341136669628508,21.46500447591146,-0.0015148842482750613,0.009320905459387463,0.06798168369144064,-0.10332995576819248,-0.1430186546071227,,-0.001516032845559076,-0.09193962664651711,0.4184204287185127,-0.05745104829443515,-0.04825116188677914
2026-07-27 00:00:00+05:30,758.0,774.0,755.5,771.1500244140625,149486,0.0,0.0,755.3725097656248,748.5420043945311,788.8265014648437,,756.8438501638152,762.8197518707934,801.0874037126371,,762.1733421688989,746.9154578354779,764.1588418071285,735.708253603469,773.8958414561873,751.1155002704527,768.3452782780369,762.8936652041376,760.3290063754546,768.0095453442135,746.8913379200711,754.9891036101685,743.6211141118163,751.8622923162129,762.906803152501,764.5750122070312,753.3500061035156,753.8250122070312,55.87258165258174,5.8598651314987364,1.2574002334349075,4.602464898063829,62.80125105366144,62.58767040561702,0.21358064804442023,50.74849476654171,50.778725844153925,-25.19682424839789,-1.726772981034922,8.004205100008754,-13.54998779296875,-2673.6445761617742,22.72147180893819,55.04390823317866,-0.3440805150791526,-0.1578753752230168,0.016373882634668213,-0.05582076134492686,6.631235596791444,13.315099887227575,-5.184900112772425,-25442.33100468696,-26270.082878786347,19.574991861979168,0,1,0,19.574991861979168,1,0,0,0,0,20.77626922353389,18.5,715.3815804885126,755.3725097656248,795.3634390427371,10.588399434742621,0.6972636662067702,716.250477605019,756.8438501638152,797.4372227226114,707.4500122070312,748.1000061035156,788.75,2.7794709957601116,0.31479853747657593,700.8506675004309,755.3725097656248,807.4006400346107,-7953359.0,61.512666823931234,0.2069837224837901,-7495978.021015032,138015.24224065058,476588.3676035477,766.8833414713541,-6616436.433366229,988.7491650991094,-21.006212851723383,-8.36667321370438,-12.639539638019002,0.6589681399841127,0.7890546648270798,19.995464638556165,399.81860611175006,758.9000244140625,758.9000244140625,-0.7100417605533939,-0.22592348281028093,0.5093367028594632,399.81860611175006,775.7750069754463,2.857501220703125,3.3323686626931712,21.995003255208335,0.017348317168947913,0.011675991359872073,0.08004205100008743,-0.07889391642368404,-0.14364239376561627,,0.017199553186542538,-0.09193962664651711,0.4184204287185127,-0.05745104829443515,-0.04825116188677914
2026-07-28 00:00:00+05:30,770.5,772.5,759.0999755859375,768.0499877929688,154042,0.0,0.0,758.0775085449218,748.1140039062498,787.7390014648436,,757.9111013665917,763.0248591618591,800.4331974568021,,763.3807210286459,747.6804767922794,765.4950353701967,737.1736207729045,774.5480305215137,753.1874996105971,766.7235423430735,765.7067950998382,760.5204098363936,767.0038697087526,749.9857947778319,757.5156146096698,743.4970478432087,752.9241156423315,763.7774628412711,769.6000061035156,766.9500122070312,755.3500061035156,54.60759927701121,5.960683533535871,1.0865749083776333,4.874108625158238,66.59740208272422,63.15992762760455,3.4374744551196628,49.294280963067955,49.13327048179728,-30.98804788885021,-1.4056498340219834,7.5775579047472,-10.95001220703125,-3407.4235043201543,21.227354161879475,62.98471867356903,-0.29324144371898303,-0.3440805150791526,0.028598702827431488,-0.03586968652805118,5.692275215097318,10.762944504342386,-2.6370799097201143,-23567.37686871914,-25521.303537992313,16.641652425130207,0,1,0,16.641652425130207,1,0,0,0,0,20.249394594285935,13.4000244140625,722.8486080486254,758.0775085449218,793.3064090412182,9.294274028500308,0.6415383265948842,718.6313786869069,757.9111013665917,797.1908240462764,709.25,749.0,788.75,2.360695982143669,0.3157643046174627,703.696770665694,758.0775085449218,809.571755406905,-8107401.0,64.8995322085796,0.23162057900955027,-7444247.592876965,145417.93111708574,340284.90920496616,766.5499877929688,-6678361.587495526,988.7491650991094,-22.62200455501747,-7.985971933598773,-14.636032621418696,0.7580012528214316,0.566153306379537,17.614450248148213,310.26885754448864,760.7000122070312,760.7000122070312,-0.7724674744725446,0.16391958697160405,0.4895304292832792,310.26885754448864,773.9871459960938,2.704998779296875,3.3261463301581826,22.165558810763887,-0.004020017536080944,0.00026048344519202793,0.0757755790474719,-0.08998816612207494,-0.14897508277787397,,-0.0040281195272969875,-0.09193962664651711,0.4184204287185127,-0.05745104829443515,-0.04825116188677914
2026-07-29 00:00:00+05:30,764.0499877929688,784.0,761.4500122070312,778.9000244140625,208917,0.0,0.0,760.9850097656249,748.0700048828123,786.876001586914,,759.9100464187317,763.6474146619456,800.0067979906092,,765.3638177780879,748.8877717141544,768.5802703263105,739.4080918863665,777.7539091858594,756.3426787119025,767.2215614589674,768.6220858729797,760.6013578273055,768.9368391486929,753.8059606459193,761.0758143373517,743.4781758705378,754.5441367568388,766.7814213300201,773.4750061035156,767.8500061035156,767.1499938964844,58.176656778396136,6.837274279452345,1.5705325234352854,5.266741756017059,73.67142163123441,67.69002492254,5.981396708694405,59.11480823976004,53.0525279897899,-22.800862969048687,0.03210685059544255,8.067988125433576,0.25,-4109.032000954375,22.603237556008708,62.433262207725214,0.10792881813431679,-0.29324144371898303,0.04119036875800397,-0.017972159833233733,4.961868978587988,19.81109180171302,-2.738895991255731,-21478.072238167882,-24276.26681668205,11.433329264322914,1,0,0,11.433329264322914,1,1,0,0,0,20.413722679906137,22.54998779296875,729.3081169776576,760.9850097656249,792.6619025535922,8.325234368998524,0.7827773350175738,720.0760139384515,759.9100464187317,799.7440788990118,718.2000122070312,753.4750061035156,788.75,2.284918082212502,0.317286724310612,705.5004024094045,760.9850097656249,813.4378871506154,-7898484.0,64.46435017185588,0.21331202317135833,-7329829.233787052,171632.33344813716,615495.2222855486,774.7833455403646,-6383230.132929309,988.7491650991094,-22.012070609360357,-5.9008303903533275,-16.11124021900703,1.0533764801029393,1.131109340070295,15.838446393983652,250.85638417509375,763.8500061035156,763.8500061035156,-0.783298185442369,0.5442317235397567,0.49347213515882804,250.85638417509375,774.1214338030134,2.907501220703125,3.324099418090897,22.804892442491322,0.014126732365782546,0.01757137891767835,0.08067988125433567,-0.08740477514462508,-0.15621271258331926,,0.014027879968568826,-0.09193962664651711,0.4184204287185127,-0.05745104829443515,-0.04825116188677914
2026-07-30 00:00:00+05:30,775.5,775.5,760.3499755859375,763.2000122070312,156493,0.0,0.0,762.3825103759765,747.5230053710935,785.8030017089842,,760.2233764938078,763.6298694676353,799.27795074737,,765.5747703915551,749.481105334712,768.3513539066861,740.3242512220553,776.1607089034537,757.4918252695302,767.5763927588524,771.0884114125668,760.6350742019982,769.5523806025377,756.2704337348662,762.9933159583118,742.9459379076924,755.1348382700787,768.6837631903887,771.0500183105469,767.8500061035156,767.1499938964844,51.826613389390054,6.193721619088819,0.7415838904574077,5.452137728631412,62.35587186426021,67.5415651927396,-5.185693328479388,41.723523452962255,50.04420421859674,-59.14347354932049,-0.9474351450965283,3.8014297459410065,-7.29998779296875,-4744.141269395654,22.015293076459102,58.17532524595124,0.37787463958685774,0.10792881813431679,0.051154599601210826,-0.001873845820835977,3.52890992929456,11.452362657606727,-3.6976617564557728,-20480.20247075491,-22668.905281535986,9.083333333333332,1,0,0,9.083333333333332,1,1,0,0,0,20.28060311906463,18.550048828125,733.1112683424263,762.3825103759765,791.6537524095266,7.6788860277276685,0.5139642491104025,720.6497187586733,760.2233764938078,799.7970342289423,718.9000244140625,753.8250122070312,788.75,2.3810457859276575,0.3224554431800036,708.7387544075207,762.3825103759765,813.763748304005,-8054977.0,59.412751482392444,0.1867922408890373,-7427443.017654459,135694.53649410792,176575.61762833572,766.3499959309896,-6698667.536100944,986.733500480426,-23.11002212311253,-5.5990255232844,-17.51099659982813,0.8101787857232347,0.055856996441609845,14.635621016775076,214.2014025466683,764.3250122070312,764.3250122070312,-0.9938948775472899,1.764524644706801,0.40388680211485434,214.2014025466683,771.959290422712,1.3975006103515626,3.321262773251386,22.743335774739574,-0.02015664618683477,0.005334897797170779,0.038014297459409985,-0.10090117905674023,-0.1436265689483236,,-0.020362563141571477,-0.09193962664651711,0.4184204287185127,-0.05745104829443515,-0.04825116188677914
2026-07-31 00:00:00+05:30,757.75,765.9000244140625,753.0,760.0499877929688,300763,0.0,0.0,763.2650085449219,746.7630053710936,784.8645013427733,885.3555023193362,760.2068632842041,763.4894819509817,798.5011594017383,885.355502319336,765.3526253836496,749.9723595473346,767.5458070871668,740.9629273951101,773.8975264371758,758.2057754171097,767.2755157232904,773.0264437098832,760.6236840712157,768.4378658390519,758.2245334153004,763.445490172903,742.8191289788687,755.4769264754622,768.5346382886928,761.625,765.0,765.7749938964844,50.632472200140576,5.367645973305116,-0.06759340426103666,5.435239377566153,51.19343197341485,62.406908489636486,-11.213476516221633,30.388064915724634,43.74213220281564,-64.47536756138625,1.2050582946696071,2.377419557985123,9.04998779296875,-5420.006340081326,21.16308701459093,54.320611195674154,0.12538619753403835,0.37787463958685774,0.058375164198865015,0.012396506321591763,1.8362229518714772,2.4234798644441753,-10.476544549618325,-20896.818277872266,-21396.7907607395,4.524993896484373,1,0,0,4.524993896484373,1,1,0,0,0,19.75341892585019,12.9000244140625,735.5051681676887,763.2650085449219,791.0248489221551,7.2739717048353105,0.4420922327314624,721.9449778259277,760.2068632842041,798.4687487424806,718.9000244140625,753.8250122070312,788.75,2.4682105374209105,0.32174403239410376,709.1527682420852,763.2650085449219,815.3777743456009,-8355740.0,44.384611065621975,0.16525480749866467,-7399466.255539713,117558.54054995906,16006.13041761925,759.6500040690104,-6822804.168398282,986.733500480426,-18.90731248811354,-1.1170527106283288,-17.79025977748521,1.5708436854813312,-0.2316310690741501,13.879920188616625,192.65218444236734,764.3250122070312,764.3250122070312,-1.2032497700827578,3.0518194723508496,0.29240788779017224,192.65218444236734,769.5278590611049,0.8824981689453125,3.3224571708951736,21.99589152018228,-0.004127390413625975,0.0027044693838638167,0.023774195579851165,-0.11297192104927622,-0.1588645326156457,,-0.004135931599412738,-0.09193962664651711,0.4184204287185127,-0.05745104829443515,-0.04825116188677914
2026-08-03 00:00:00+05:30,761.2000122070312,782.7999877929688,761.2000122070312,780.2999877929688,179666,0.0,0.0,763.9225067138672,746.579005126953,784.3275012207031,884.0705020141604,762.1204941898009,764.1487174741969,798.1407401619607,884.3101738165861,766.9750043596541,751.2875353285846,770.4918713070689,743.1389403643898,777.1727713366865,761.162894245471,768.4841587426652,775.0335067530053,761.3921984536871,770.7533071877136,761.6921973354418,763.5123338864829,742.942961524656,757.0349202683954,768.9295219148305,770.1749877929688,765.6499938964844,765.7749938964844,57.423946234726436,6.274650570217432,0.6715289541210225,5.603121616096409,54.36893950300261,55.97274778022589,-1.6038082772232798,32.90091598888935,35.00416811919208,-13.274340380285409,2.3679879033084617,1.7141319116752936,18.04998779296875,-5091.838562140761,21.544705200195267,60.91724588205972,0.3229485885540123,0.12538619753403835,0.06648829637323495,0.02511189420073063,1.9159207843147514,16.92009420858608,-4.679881377351421,-21546.631406741264,-20963.124190360584,0.1583251953125,1,0,0,0.1583251953125,1,1,0,0,0,19.967460431146606,22.75,735.1700510851385,763.9225067138672,792.6749623425958,7.527584375648739,0.7848014321033797,723.1692644894555,762.1204941898009,801.0717238901462,718.9000244140625,753.8250122070312,788.75,2.460563780510167,0.3140060155265109,711.7607507350369,763.9225067138672,814.4482507350369,-8176074.0,40.26596025758603,0.111049385674596,-7261389.654399259,143385.59343113657,533467.6117865308,774.7666625976562,-6344120.324120525,989.3977989246378,-19.432238180413137,-1.313582722342339,-18.118655458070798,0.9460168156429288,1.1392057284135182,14.37622781436432,206.6759261705023,764.3250122070312,764.3250122070312,-1.1393043654483035,2.569977512904983,0.39146523023624763,206.6759261705023,773.0799996512277,0.6574981689453125,3.3252439242225407,20.86599934895834,0.02664298444211788,0.011865347972800144,0.017141319116752873,-0.07912903726303178,-0.14431410582059445,,0.02629424094949049,-0.09193962664651711,0.4184204287185127,-0.05745104829443515,-0.04825116188677914
2026-08-04 00:00:00+05:30,784.5,807.5,781.0499877929688,803.0999755859375,430866,0.0,0.0,766.557504272461,747.0620043945311,784.1185009765624,882.95350189209,766.0233019418139,765.6762177923043,798.2389428436236,883.5021121426494,770.7061918712799,753.5040439740349,777.1285168235444,746.957951855181,785.6466129229502,766.4767320048768,772.9761149537717,777.6561854804083,764.6444394000345,777.4196530712499,766.5454425839295,768.3881526158128,744.0555544283211,759.6328581486773,773.3100208393506,791.6999816894531,777.0499877929688,776.75,63.51066077631882,8.732563163018426,2.5035532375376137,6.2290099254808124,71.69859360531676,59.086988360578076,12.611605244738683,61.240242475515046,41.50974112670967,-7.154511242378048,4.590740524944489,7.022914373307076,35.25,-4337.510422681076,25.512500359030355,65.27413098022558,0.7114981697680103,0.3229485885540123,0.0784491677846999,0.03693621142493411,2.8988716761154727,36.30295184396664,9.852939636935389,-21441.6572617151,-21134.793183616177,5.183319091796874,0,1,0,5.183319091796874,1,0,0,0,0,20.484071272281223,27.20001220703125,733.6621521956031,766.557504272461,799.4528563493188,8.582618236339314,1.055435175584949,725.6007584592098,766.0233019418139,806.4458454244179,718.9000244140625,763.2000122070312,807.5,2.4519206223964205,0.31666097231629187,713.4788970100512,766.557504272461,815.9913939582935,-7745208.0,43.89854878212277,0.2726231886405091,-6973874.886478122,232398.12363642268,1860649.3158749226,797.2166544596354,-5085150.73625841,989.3977989246378,-11.447857551856627,5.336638324971338,-16.784495876827965,1.9887028701614722,2.221740702339798,16.447676038428924,270.526047065109,766.6499938964844,766.6499938964844,-0.4767968678846698,2.484022819860041,0.45861439802173565,270.526047065109,779.0035670689174,2.63499755859375,3.3316651905052908,20.853332519531257,0.029219515762722414,0.04563503463321017,0.07022914373307065,-0.03739663509952429,-0.0987543512636011,,0.028800763315944784,-0.09193962664651711,0.4184204287185127,-0.05745104829443515,-0.04825116188677914
2026-08-05 00:00:00+05:30,807.5,827.7000122070312,792.0,823.1500244140625,685743,0.0,0.0,771.6150054931641,747.7280053710937,784.3985009765623,881.8892520141603,771.4639421772662,767.930092561785,798.7322315875927,882.9015938567928,776.0959556942895,756.4878878963694,786.4340015690029,752.1113637928735,797.6376145013281,773.6505314120395,781.8593171962721,781.2433269458812,772.3429712319171,787.8701646277082,772.2122898876235,778.21284222757,746.5354923388699,762.9233594366209,783.7672866948241,813.125,787.0750122070312,786.8500061035156,67.86181413378803,12.158195862607386,4.7433487497012585,7.414847112906127,91.33400290132265,72.46717866988067,18.86682423144198,92.77051936547653,62.30389260996031,-5.569139673368584,7.538050987897186,14.009698672307826,57.70001220703125,-3969.6975334891636,30.39926452636712,68.3005635316978,1.1581206707977358,0.7114981697680103,0.09580099361961025,0.04881262283288458,4.854309828152681,49.08111029985082,13.38109809281957,-20634.87732649419,-21251.37882354653,13.76666259765625,0,1,0,13.76666259765625,1,0,0,0,0,21.57092419619194,35.70001220703125,736.533834441247,771.6150054931641,806.6961765450811,9.092920900234581,1.2345110977713816,728.0911624154755,771.4639421772662,814.8367219390568,721.9500122070312,774.8250122070312,827.7000122070312,2.403748812036045,0.2832871803277364,716.8159561056914,771.6150054931641,820.1409683127226,-7059465.0,57.88531605773664,0.40260585857276365,-6462928.593046153,410259.05902726296,3559010.9326849226,814.2833455403646,-3373137.1574367206,989.3977989246378,1.285341081174889,14.455869566402283,-13.170528485227393,2.6522481392495734,2.938044391085523,17.54058552595855,307.6721405934666,767.9499816894531,767.9499816894531,1.5403748771808723,3.047896614203122,0.4769801881167539,307.6721405934666,785.0578560965403,5.057501220703125,3.3430112959105602,20.730776638454852,0.024965819247468657,0.0568108853678464,0.14009698672307835,0.003963897918313419,-0.06582307029789647,,0.024659264958705077,-0.09193962664651711,0.4184204287185127,-0.05745104829443515,-0.04825116188677914
2026-08-06 00:00:00+05:30,824.0499877929688,828.0,808.25,809.8499755859375,180253,0.0,0.0,774.6475036621092,748.6340051269531,784.2305004882812,880.7440017700196,775.119754882854,769.5740095431245,798.9523849340945,882.1747120829535,779.7373814174108,758.9240435910692,791.9717343994809,755.955072727614,803.8110262131518,778.7630927091003,791.5973376993285,785.1507516324964,775.9873635117533,794.9015728700098,776.3333736864545,780.6489448890102,746.1509958367516,765.5633146495148,795.5145280562492,816.5,790.5750122070312,787.0,62.53481365662726,13.64256863112314,4.9821772145736105,8.66039141654953,88.380724323181,83.8044402766068,4.576284046574202,89.69393704902605,81.23489963000587,-22.134176114710368,6.67851538449293,8.095296635172298,50.699951171875,-3453.347702579423,37.84735520306742,64.03969420393047,1.6137730223251854,1.1581206707977358,0.11426929019076049,0.061188940665387236,6.5932653366773675,44.9195161387114,25.1695161387114,-19823.20511075585,-20920.48428231928,21.733327229817707,0,1,0,21.733327229817707,1,0,0,0,0,21.44085818217823,19.75,737.3116713393418,774.6475036621092,811.9833359848766,9.63943784657254,0.9714301213309477,732.1158112888529,775.119754882854,818.123698476855,745.5499877929688,786.7749938964844,828.0,2.1557044629431794,0.27021141847481916,722.272115924737,774.6475036621092,822.6346342352839,-7239718.0,65.47852359790744,0.3463239339093074,-6613976.489320382,397663.3784156004,2708098.8420990743,815.3666585286459,-3664380.992741533,987.7820486441719,-2.419751661814962,8.600621458729947,-11.020373120544908,0.7000706467302293,1.8857204853237912,18.667916161383683,348.4910938084501,769.2749938964844,769.2749938964844,1.3350215272539212,1.426369125697165,0.5140987610875414,348.4910938084501,789.9171369280134,3.0324981689453123,3.3518232844215237,20.250442437065967,-0.016157502804658552,0.061124164875211884,0.080952966351723,0.007088168872503964,-0.12867828828911065,,-0.01628945856733745,-0.09193962664651711,0.4184204287185127,-0.05745104829443515,-0.04825116188677914
2026-08-07 00:00:00+05:30,811.0499877929688,818.6500244140625,800.1500244140625,805.0999755859375,134546,0.0,0.0,776.9700012207031,749.8680041503907,784.1805004882813,879.597501525879,777.9750139974333,770.9671846820584,799.0741194024479,881.4077992819883,782.6376168387277,761.1383953737745,795.8053727590008,759.2208646398573,807.4023132406016,782.9336332866217,800.0702834937686,789.0723193444859,778.3963345969817,799.1061780021815,778.9497091010176,782.1395859806913,746.6530874620382,767.8721722855557,804.2447473730326,807.4749755859375,790.5750122070312,789.125,60.70213511431309,14.271150502397631,4.488607268678482,9.78254323371915,80.94775886846993,86.88749536432452,-5.939736495854589,75.84222012130309,86.10222551193522,-29.45340760651125,6.213717095770119,6.122711352675466,47.0999755859375,-2977.1225252492286,44.96823945886945,59.19834462937866,1.7835968057858778,1.6137730223251854,0.1320674860190607,0.07404378548587529,7.862056992219304,32.42389887782406,13.923898877824058,-19608.586708327406,-20327.734807423763,30.97498575846354,0,1,0,30.97498575846354,1,0,0,0,0,21.230796883451216,18.5,738.0777490139316,776.9700012207031,815.8622534274747,10.011262248392516,0.8616398224469068,735.5428745552418,777.9750139974333,820.4071534396247,745.5499877929688,786.7749938964844,828.0,2.0990152311858323,0.27030696046853175,724.2904013774096,776.9700012207031,826.1529196879565,-7374264.0,66.46038086678612,0.3117833493299033,-6676522.907658641,336458.2506563291,2229928.5075134924,807.9666748046875,-3743296.04111671,987.1955202570391,-6.801474144031756,3.375119181210522,-10.176593325242278,0.5213395201053947,1.446559289787627,19.446126103385787,378.1518204287821,770.8250122070312,770.8250122070312,1.0381105509901942,0.3489229171605231,0.5514374892636633,378.1518204287821,793.9728480747767,2.32249755859375,3.3586541355264674,19.754996744791665,-0.005865283871328564,0.059272401179539136,0.061227113526754584,-0.0003104240486480059,-0.1363904793929338,,-0.005882552204331053,-0.09193962664651711,0.4184204287185127,-0.05745104829443515,-0.04825116188677914
2026-08-10 00:00:00+05:30,811.7000122070312,811.75,783.2000122070312,791.25,765326,0.0,0.0,777.2975006103516,750.5850036621093,783.9895007324219,878.3957516479493,779.2392983786301,771.7625892043305,798.9191863449736,880.5107067518194,783.9976167224703,762.7612187404259,796.5154040792264,761.2411213518499,806.5064069836058,785.2007962731785,805.0085840662837,792.5295720843737,778.7221892644467,800.5674955455005,781.0340332768968,783.0868295252336,748.2535067484858,769.3532469130963,806.1646429752577,798.1749877929688,790.5750122070312,789.125,55.586777353380114,13.496153625430793,2.970888313369315,10.525265312061478,67.0485117499465,78.79233164719913,-11.743819897252635,52.093902033704325,72.54335306801114,-47.26688102893891,2.6064935420588133,0.8347123347871995,20.0999755859375,-2659.2125358842663,47.62279932358683,57.95836994167957,1.5870077705111334,1.7835968057858778,0.1465102469088153,0.0871450681615846,8.147292667645193,24.80617811179559,-3.743809681173161,-20272.076902930323,-19961.75631126517,39.42498779296875,0,1,0,39.42498779296875,1,0,0,0,0,21.753596234131038,28.54998779296875,738.0227470577584,777.2975006103516,816.5722541629448,10.105462457232601,0.6776268229279212,735.4102221608439,779.2392983786301,823.0683745964163,746.0,787.0,828.0,2.26919636424203,0.2534526340106984,727.5673755111259,777.2975006103516,825.767387718157,-8139590.0,52.02650517340114,0.14279909590792952,-7010264.487916165,174642.1727950219,397117.804256822,795.4000040690103,-5059871.216462964,987.1955202570391,6.319550562555007,13.196915110237828,-6.877364547682821,2.3941763396592957,0.7105072917116856,19.637376776296584,385.6265666542324,770.8250122070312,770.8250122070312,0.9713979749171142,0.13577946629338677,0.6443482033931434,385.6265666542324,797.3978489467075,0.3274993896484375,3.3581710639999063,18.899995930989583,-0.017202802143743368,0.014033080069631554,0.00834712334787202,-0.006217046133056514,-0.14357616723539868,,-0.017352489523287697,-0.09193962664651711,0.4184204287185127,-0.05745104829443515,-0.04825116188677914
2026-08-11 00:00:00+05:30,801.0499877929688,807.9000244140625,783.0,788.5,1342514,0.0,0.0,777.7725006103515,751.5310034179687,783.9790008544921,877.227251586914,780.1212699616177,772.4189582551411,798.7128658232909,879.5951773314033,785.0645214262463,764.2480813419118,796.550006551527,762.9407260731443,804.8228180791533,786.9631303672388,806.7245397896374,795.4058060737253,778.9760625885278,800.3324936445897,783.9346594229008,784.4678477124622,751.2667140954917,770.5927952709532,802.7343507533694,789.875,790.5750122070312,789.125,54.60286626258441,12.515786800166893,1.5924171904843316,10.923369609682561,57.491950947883176,68.4960738554332,-11.00412290755002,36.74808978583505,54.89473731361415,-50.80385852090033,2.6625887028258948,1.2195121951219512,20.45001220703125,-2444.944479767906,45.464420632755036,53.723844059512246,1.3136667940195144,1.5870077705111334,0.15749285858188689,0.10006756703090493,7.9825372537826,20.733891367030083,-4.166133047032417,-22945.237190151205,-20421.628253903753,42.87498982747396,0,1,0,42.87498982747396,1,0,0,0,0,21.97834110412614,24.9000244140625,738.1825237958152,777.7725006103515,817.3624774248877,10.180348825258882,0.6354825166973792,735.723529685704,780.1212699616177,824.5190102375315,746.0,787.0,828.0,2.4464391946912687,0.25227454392053406,727.6614456430596,777.7725006103515,827.9864578500908,-9482104.0,40.6964723116322,-0.04153154315930598,-7759700.595524226,-145888.818095807,-187029.52492272388,793.1333414713541,-5526463.759906882,987.1955202570391,24.399543300094052,25.0215262782215,-0.6219829781274466,3.0615447310395436,0.5419300667895165,19.794988407268143,391.84156604388016,770.8250122070312,770.8250122070312,0.8789383430007159,-0.08142492716406731,0.6983310372112372,391.84156604388016,799.6485630580357,0.475,3.3570354762410166,17.95588663736979,-0.003475513428120025,-0.018179524380243506,0.012195121951219523,-0.001203384878512237,-0.13299247961249971,,-0.0034815670552928307,-0.09193962664651711,0.4184204287185127,-0.05745104829443515,-0.04825116188677914
2026-08-12 00:00:00+05:30,788.0,791.8499755859375,759.0,772.5,733425,0.0,0.0,777.4649993896485,751.8750036621094,783.8425006103515,875.9467517089843,779.3954347271779,772.4221363627826,798.1937991733248,878.5295536763645,784.5623785109748,765.0703949333639,793.6028216678407,763.3186530364412,799.0779538435177,786.7590550822794,804.6873023808466,797.1755950693641,778.9193511661235,798.5674930872925,784.3999664178054,783.4120435222577,751.9852180140234,770.727683826401,795.3419244367008,780.5,790.5750122070312,789.125,49.15163845999973,10.328709808291592,-0.4757278411127768,10.804437649404369,43.51554126473741,56.018667987522356,-12.503126722784948,17.266473380224674,35.36948839992135,-71.38263665594855,-0.8216746968106722,-0.7898316600825153,-6.4000244140625,-2463.0223183340054,36.61618167652796,49.90414867293174,0.8283314227214861,1.3136667940195144,0.16299541347686297,0.11249432412819961,7.268011144168985,6.779004402766759,-26.07097118317074,-27318.808962738192,-22227.003976204775,34.416656494140625,0,1,0,34.416656494140625,1,0,0,0,0,22.754886424255524,32.8499755859375,737.8082409439982,777.4649993896485,817.1217578352988,10.201554662083309,0.4374003374928762,732.9689124611725,779.3954347271779,825.8219569931832,746.0,787.0,828.0,2.816419300008374,0.26319111405205753,725.1392415267225,777.4649993896485,830.2892506819959,-10215529.0,33.44697493570571,-0.05692436829623949,-7890310.079019639,-305310.0756546138,-1836711.0213623347,774.4499918619791,-7014707.26022394,985.1663509482249,25.61619354489266,20.990541218416084,4.625652326476575,1.4938604915476734,-0.2503986500284951,19.82837922282517,393.16462260416483,770.8250122070312,770.8250122070312,0.9250990340940857,-0.03538863265113574,0.7021367144486603,393.16462260416483,798.7571367536273,-0.307501220703125,3.349573791622249,16.594219970703126,-0.02029169308814205,-0.061531947897488504,-0.007898316600825184,-0.011010083030006834,-0.1484319250291971,,-0.020500397631192553,-0.09193962664651711,0.4184204287185127,-0.05745104829443515,-0.04825116188677914
2026-08-13 00:00:00+05:30,763.0,785.0,763.0,780.2999877929688,277103,0.0,0.0,777.9549987792968,752.3440039062501,783.5485003662109,874.6522518920898,779.4815826382056,772.731071712986,797.8394662747039,877.5521450606093,784.8323774065291,766.1851001933976,792.4138284564018,764.2814079712065,796.2138203616873,787.4307581651202,801.2625647236877,798.113919682995,778.9492212074937,798.7563021068806,785.0882011140435,783.6743497539779,752.3228344403273,771.3784813321987,788.3304684921097,776.3999938964844,791.6000061035156,790.5,51.684015390634094,9.119703102320841,-1.3477876376668227,10.467490739987664,38.07116284903648,46.359551687219025,-8.288388838182541,12.193044013009425,22.069202393023048,-63.60001627604166,2.2405628029915223,1.2718997784514925,17.0999755859375,-2485.182875564139,25.92941732967597,49.367987600778335,0.22432571349987898,0.8283314227214861,0.16542328887896307,0.12438856020376605,6.7253213434553984,0.6105978725723844,-21.389402127427616,-31103.9352883685,-25317.350749512938,26.30831909179687,0,1,0,26.30831909179687,1,0,0,0,0,22.70096596538013,22.0,738.4186017329212,777.9549987792968,817.4913958256725,10.16418613118058,0.5296560788141782,733.2861577308674,779.4815826382056,825.6770075455438,746.0,787.0,828.0,3.0068014911582783,0.2628223487382915,724.502903408892,777.9549987792968,831.0279125641653,-9938426.0,37.35518287681832,-0.02359522299035582,-7731605.941074637,-292275.63025029656,-1265552.3015398558,776.0999959309896,-6734914.377713257,986.1760581058908,19.36897861322343,11.794661029397483,7.574317583825946,0.5508781451252981,0.11862431525671284,19.76819852318785,390.78167285216625,771.8250122070312,771.8250122070312,0.8536619557652799,-0.10322437776212416,0.7061399384739593,390.78167285216625,798.5871346609933,0.4899993896484375,3.3472411591995064,15.902773437500006,0.010097071576658623,-0.036488224589485196,0.012718997784515018,-0.012965657021405619,-0.13275911331706725,,0.010046436706791815,-0.09193962664651711,0.4184204287185127,-0.05745104829443515,-0.04825116188677914
2026-08-14 00:00:00+05:30,782.6500244140625,801.2999877929688,772.6500244140625,775.2000122070312,419179,0.0,0.0,779.1649993896485,752.8220043945313,783.0915002441407,873.3122521972655,779.0738140257129,772.8278929088309,797.3911602535618,876.5337158779867,784.56999773298,767.0814142444086,790.4054838784921,764.802612815678,792.3954316336112,787.4518865075305,796.6069851063648,798.2143471572635,778.8793178332794,796.0271339653772,784.3278799804351,784.641046506018,752.804069261603,771.6461048846741,782.5947246968183,777.75,791.6000061035156,790.5,49.93296907650155,7.661711726373596,-2.2446232108912536,9.90633493726485,31.539121114683816,37.708608409485905,-6.169487294802089,5.903574619698279,11.787697337644127,-70.39998372395833,1.9932931593164158,3.2223717985394473,15.1500244140625,-2549.9263495701907,19.18191312902104,39.42807210367022,-0.15567604525621348,0.22432571349987898,0.1645989806006387,0.13528974734014426,5.914488603951221,18.223355654169154,-10.426607724737096,-33396.364791785505,-28864.515080691683,18.691650390625,0,1,0,18.691650390625,1,0,0,0,0,23.12589435206057,28.64996337890625,741.6737014618652,779.1649993896485,816.6562973174318,9.623455354681424,0.44712123343589305,731.8208175135676,779.0738140257129,826.3268105378581,746.0,787.0,828.0,3.3543469548032046,0.2457021051562487,725.723018663702,779.1649993896485,832.3730125601863,-10357605.0,40.196176446220015,-0.03904390652484376,-8076166.951590166,-370005.8940898096,-1390159.4964824042,783.050008138021,-7008886.2730844645,986.1760581058908,16.42792204452228,7.082883568557065,9.345038475965215,0.8141578104117588,-0.211515066256428,18.74564896389163,351.3993550774513,773.8500061035156,773.8500061035156,0.9593261115188885,0.060982377118819306,0.621270887219494,351.3993550774513,795.3799944196428,1.2100006103515626,3.344322329929594,15.135219048394099,-0.006535916526620111,-0.03713819933623219,0.032223717985394584,-0.028632261055638653,-0.15412733713630067,,-0.006557369155191653,-0.09193962664651711,0.4184204287185127,-0.05745104829443515,-0.04825116188677914
2026-08-17 00:00:00+05:30,775.4500122070312,794.0499877929688,774.25,792.0499877929688,329825,0.0,0.0,780.6549987792969,753.9590039062501,783.053500366211,872.0785018920898,780.3096400987848,773.5817005513461,797.285394462263,875.693081767688,785.7971394856771,768.6197665345435,791.6802316507454,766.5953838830864,793.5158754427316,789.3546705246655,792.9630578851079,798.2121750515109,779.0750993763554,794.595978349627,785.1424719649647,785.5875732274909,753.9746793017312,772.9590515776806,781.0395308881943,783.625,791.6000061035156,790.5,55.31912495568556,7.776255433254505,-1.7040636032082759,9.480319036462781,39.35555013020833,36.32194469797621,3.0336054322321218,16.891332659700836,11.662650430802845,-47.933349609375,1.505831114163434,3.909476916099541,11.75,-2629.095019737364,14.497793220071344,45.68647083843267,-0.447232507799665,-0.15567604525621348,0.1638749059704292,0.1447814960274475,5.936023129262213,9.691447703573544,-10.108540089395206,-34587.298369336175,-31817.78458206373,16.891652425130207,0,1,0,16.891652425130207,1,0,0,0,0,22.888329597839725,19.79998779296875,743.6284322012576,780.6549987792969,817.6815653573361,9.486025615909039,0.6538758527563603,733.7855027224689,780.3096400987848,826.8337774751008,750.25,789.125,828.0,3.456829976231249,0.25151902418127015,727.0566261594531,780.6549987792969,833.9066170041797,-10027780.0,44.37346392456128,-0.021011110097095484,-7812973.305800824,-284424.3061739281,-397630.54018037,786.7833251953125,-6291968.947217912,988.349687533213,12.4257803150651,2.4645934712799082,9.961186843785192,0.6224546027576159,0.615503411025441,18.513283289019625,342.7416581394934,777.0500183105469,777.0500183105469,0.7913372375989938,-0.15633195262829702,0.6097166690963484,342.7416581394934,796.0814208984375,1.4899993896484376,3.340651286420689,15.620441351996526,0.021736294273222212,0.0010110430242891155,0.0390947691609953,0.0032298768751979345,-0.12923261977579392,,0.021503429399413587,-0.09193962664651711,0.4184204287185127,-0.05745104829443515,-0.04825116188677914
2026-08-18 00:00:00+05:30,794.4500122070312,795.0,772.2000122070312,780.5999755859375,697047,0.0,0.0,781.2924987792968,755.1470031738284,782.9690002441406,870.6510018920897,780.3372910975613,773.8569270232908,796.9549901280783,874.7468817061781,785.7918991815477,769.6645105219822,790.6499867387043,767.4090168346745,791.3536633930948,789.7930749315354,789.0426673023834,797.9102679727428,779.1276227784865,789.2106401027875,785.0408035254685,785.5129680574635,755.3761202271833,773.483774045483,781.2277646367622,786.3249816894531,791.6000061035156,790.5,51.28190348271039,6.863988071039103,-2.093064772338943,8.957052843378046,39.48887803819444,36.79451642769553,2.694361610498916,16.174945464956256,12.989950914785123,-63.20003255208333,-2.8016437160994956,1.6604806154054537,-22.5,-2730.999531144751,10.151321052102617,45.133874917150024,-0.6752333524184855,-0.447232507799665,0.16129042583019615,0.1520580996064015,4.611190206357337,11.178397696813022,-11.621590096155728,-36386.29040687387,-33909.59200291429,14.966654459635414,0,1,0,14.966654459635414,1,0,0,0,0,22.88201946892037,22.79998779296875,744.758454704389,781.2924987792968,817.8265428542046,9.352206537753565,0.4905222209736843,733.9011691298529,780.3372910975613,826.7734130652698,750.25,789.125,828.0,3.71742478677982,0.25721393067526466,726.7422235999784,781.2924987792968,835.8172052894315,-10724827.0,38.02960743415069,-0.042678207953477675,-7996408.6910453,-281922.7058612257,-1480997.1285652472,782.5999959309896,-7299632.198512689,988.349687533213,15.291595843601733,4.264327199853232,11.027268643748501,1.2525640341414792,-0.037911116105262696,18.26702203745389,333.68409411682615,779.6000061035156,779.6000061035156,0.7275393931259964,-0.1231221998573859,0.5769213753014792,333.68409411682615,794.790699986049,0.6375,3.3302008963266507,15.054996744791667,-0.01445617370557184,-0.010019054424936558,0.016604806154054463,0.0021181890404382564,-0.12835689104336756,,-0.014561682252421798,-0.09193962664651711,0.4184204287185127,-0.05745104829443515,-0.04825116188677914
2026-08-19 00:00:00+05:30,780.9500122070312,800.0,775.0,787.0499877929688,733626,0.0,0.0,782.3724975585936,756.1700024414065,783.1810003662109,869.2342517089842,780.976595544743,774.3743019554352,796.7588514679771,873.8742757965939,786.3402314685641,770.915607958027,790.8855480056081,768.6763367090209,791.1569163869482,790.9031239426306,785.7817135210573,797.6461344558858,779.774064652475,786.8334362834744,785.7686141945065,786.3034058946157,758.0215696527997,774.3876861124666,782.8843334798246,783.8249816894531,791.6000061035156,790.5,53.34739056523564,6.585557486718699,-1.8971962853274782,8.482753772046177,44.755533854166664,41.19998734085648,3.5555465133101833,22.25794819078932,18.44140877181547,-54.60001627604167,-4.385596252249473,2.8218662540298394,-36.10003662109375,-2888.5048895087457,10.922206025965238,47.281119517398665,-0.7166499034841665,-0.6752333524184855,0.15825653255194805,0.15694557097986678,3.594365449975588,15.717199769701324,-9.282800230298676,-38720.56474560007,-35677.35118163428,11.008321126302082,0,1,0,11.008321126302082,1,0,0,0,0,23.033303792568912,25.0,746.5400390595584,782.3724975585936,818.2049560576289,9.159948390530358,0.5652688990695551,734.2010566215781,780.976595544743,827.7521344679078,750.25,789.125,828.0,3.828426178547827,0.25805709381243963,727.3832711070835,782.3724975585936,837.9707650035679,-9991201.0,45.118721506018055,-0.06261733406473498,-8022819.9434769405,-263673.5673378026,-593440.8737137109,787.3499959309896,-6693445.0599794565,988.349687533213,17.605223839509407,5.262364156608722,12.342859682900684,1.3070486192026716,0.2610755962782206,17.916229249517638,320.9912705212713,780.2999877929688,780.2999877929688,0.6122988452160604,-0.10333444650487329,0.5464020657765618,320.9912705212713,794.2756992885045,1.079998779296875,3.3188836183782238,13.676662190755208,0.0082628906082014,0.018834935654328477,0.028218662540298478,-0.0035449615490481534,-0.11258319300088016,,0.008228939820483094,-0.09193962664651711,0.4184204287185127,-0.05745104829443515,-0.04825116188677914
2026-08-20 00:00:00+05:30,793.7999877929688,814.8499755859375,787.5499877929688,810.25,2199690,0.0,0.0,784.9274963378906,757.9100024414064,783.3825006103515,867.8365014648435,783.764538826196,775.7811920748298,797.0260029240568,873.2411984254835,788.995231701079,773.036392176011,795.2522064025793,771.6583944037718,796.9260914711654,794.5269392202292,786.0977286466787,798.1287477724337,779.9098208862804,789.5540637244827,789.0521979515847,791.9721270178612,763.7248928808217,776.5249978298892,787.3372987516698,798.6499938964844,797.8250122070312,793.5,59.928252950698074,8.143078002849393,-0.27174061535742844,8.414818618206821,52.158437830238526,45.46761657419988,6.690821256038646,30.469394331778066,22.967429329174546,-25.72463768115942,0.04939487881975632,6.731209107893815,0.4000244140625,-2840.456756909769,14.541614308076873,53.04014793168362,-0.2705515195559268,-0.7166499034841665,0.1583541788910514,0.15986631463231019,3.5233682244119118,26.857575388538635,-0.4424124044301152,-41891.20679748821,-37782.03591196204,11.974995930989582,0,1,0,11.974995930989582,1,0,0,0,0,23.3737812211689,27.79998779296875,748.7811690203941,784.9274963378906,821.0738236553871,9.21010602536885,0.8502776843645213,736.1485773637196,783.764538826196,831.3805002886725,750.25,789.125,828.0,3.795996472247887,0.27309436239303797,728.0774402315503,784.9274963378906,841.1399402315502,-7791511.0,59.96611839641286,0.10108278917842412,-6564413.813152292,231800.62782851234,6781741.372771757,804.2166544596354,-209379.79815410357,988.349687533213,35.46366629004951,18.49664528571906,16.967021004330448,2.8820872816396568,1.4011107374580845,18.07316365874824,326.639244635898,780.4499816894531,780.4499816894531,0.46062461986639536,-0.49603009544458004,0.5375306427404096,326.639244635898,797.1307024274554,2.554998779296875,3.3173604780601793,13.780548231336812,0.029477177519674935,0.03838268957525304,0.06731209107893821,0.059773740025755195,-0.08467014366635806,,0.02905107873068136,-0.09193962664651711,0.4184204287185127,-0.05745104829443515,-0.04825116188677914
2026-08-21 00:00:00+05:30,810.0,810.0,786.75,797.2999877929688,778386,0.0,0.0,786.8924957275392,759.6520019531251,783.2725006103516,866.437001647949,785.053629203984,776.6250664167177,797.0314283670056,872.4855644888416,790.1735642206102,774.5810974839154,796.6135530672818,773.4747283161423,798.1933952460681,796.3807913545749,787.5938432965959,798.8797891839654,780.1010597874077,790.8679600922403,790.750150015677,792.7563645249669,765.7786040391586,777.860201512306,791.7883087631116,803.7749938964844,797.8250122070312,793.5,55.24381810023805,8.237509592956712,-0.14184722020008778,8.3793568131568,58.394191576086946,51.76938775349738,6.62480382258957,37.52778987475888,30.08504413244209,-44.49277131453805,-0.9688222617684291,5.184694959494558,-7.79998779296875,-3020.332720145566,15.520142499138501,52.77431577436238,0.19649417534999025,-0.2705515195559268,0.15850897089095817,0.16119950618588164,2.807136178647971,20.677944431805372,-2.572055568194628,-46338.46909585479,-40658.050431484204,5.624989827473958,1,0,0,5.624989827473958,1,1,0,0,0,23.382796848228264,23.5,752.6890496658998,786.8924957275392,821.0959417891786,8.693295779880536,0.6521409867104296,737.4963307379338,785.053629203984,832.6109276700341,753.0,790.5,828.0,3.8876749751400466,0.2812700818727679,729.1846248215552,786.8924957275392,844.0846187180397,-8569897.0,54.41584877200461,0.08870050479975176,-6636394.411155064,390518.9148658039,4372905.719264045,798.0166625976562,-1453453.6274391671,986.7514138884081,31.884507681455563,11.93398934170009,19.950518339755472,0.9405203234703794,0.6085639468417183,17.101723030819702,292.46893062286904,783.8249816894531,783.8249816894531,0.4093132340572077,-0.5089820138105309,0.4719690237247602,292.46893062286904,796.7357012067522,1.9649993896484375,3.315232122905657,13.809327799479176,-0.015982736448048485,0.028508739987010312,0.051846949594945624,0.07250465645516946,-0.08039217094236595,,-0.016111837823669033,-0.09193962664651711,0.4184204287185127,-0.05745104829443515,-0.04825116188677914
2026-08-24 00:00:00+05:30,801.0,865.4000244140625,789.0999755859375,823.9500122070312,5615486,0.0,0.0,789.5324951171876,761.5400024414064,783.5575006103517,865.1947515869139,788.7580466328457,778.4809466437889,797.5644696311645,872.0026236701171,793.7028515043713,777.1025880821078,802.5686411352757,777.2372518241476,806.0343432086305,801.0769108368723,792.9547979709905,800.5324894437192,782.1643038399627,797.3948233609854,794.2521068318515,803.6856345028791,778.117172581872,780.4752493490574,799.0192851771046,810.625,798.2250061035156,812.2000122070312,61.85235650573598,10.343547577291247,1.5713526113075567,8.77219496598369,63.608607184359855,58.05374553022844,5.554861654131415,52.67991188719448,40.225698697910474,-38.95676945122294,4.1327029645537126,6.8469151424960915,32.70001220703125,-2708.1298407721056,22.208526431813198,48.75993407103856,0.7087398358055096,0.19649417534999025,0.16256772850606893,0.16176338062190185,3.075099897198424,71.13111789746267,-5.168930930662327,-54655.19012280672,-44972.51777584879,8.591664632161457,1,0,0,8.591664632161457,1,1,0,0,0,27.162600561078033,76.300048828125,752.4182990224323,789.5324951171876,826.646691211943,9.401562652401438,0.9636705184449245,731.1966720534432,788.7580466328457,846.3194212122481,753.0,809.2000122070312,865.4000244140625,3.8876749751400466,0.29717472302472486,725.4141126261146,789.5324951171876,854.7641187296302,-2954411.0,70.71910045721998,0.02290295169739886,-7122135.522365367,265393.41373543534,25127181.90177292,826.1500040690104,17316500.12749377,986.7514138884081,57.92150990569701,30.376793252753224,27.544716652943784,4.278047986326058,1.8546820737796996,18.55709804737766,344.36588793998783,787.7749938964844,787.7749938964844,0.3441837052045523,-0.6513276205043069,0.523345465615466,344.36588793998783,802.0435642787388,2.6399993896484375,3.322288524647382,15.458551567925346,0.03342534155535759,0.04027526659390679,0.0684691514249609,0.09074660521243771,-0.04927019096999452,,0.032878859074008414,-0.09193962664651711,0.4184204287185127,-0.05745104829443515,-0.04825116188677914
2026-08-25 00:00:00+05:30,820.0,823.4000244140625,805.0999755859375,810.4000244140625,1046053,0.0,0.0,791.6499969482422,763.2350024414064,783.9065008544924,863.9452514648436,790.8191873739139,779.7326751837996,797.818639032806,871.3896624834898,795.6902352469309,779.0186673751532,805.1793287846981,779.7403938563114,808.8121731014825,803.8475027335467,798.8878980205584,802.46572971284,782.8755276182463,802.2429400721416,796.6481040784885,804.4125041862444,781.0747360986387,782.3140795068949,805.1215556854665,817.1750183105469,798.2250061035156,812.2000122070312,57.225678116130275,10.79479144390018,1.6180771823331916,9.176714261566989,54.952913923959436,58.98523756146874,-4.0323236375093074,53.59063313497374,47.9327782989757,-51.69171746236071,2.7774285877060874,5.513968790337302,21.9000244140625,-2718.6783710756185,26.01131932875694,49.428423562626776,0.9496335846358952,0.7087398358055096,0.16701554396409968,0.16221006178715036,2.6491404726797048,26.82667248353937,8.526623655414369,-67424.5633013705,-51883.84808936362,4.666676839192708,1,0,0,4.666676839192708,1,1,0,0,0,26.5688459939363,18.85003662109375,754.8654714581021,791.6499969482422,828.4345224383824,9.293128436036639,0.7548629786028651,735.1493653028176,790.8191873739139,846.4890094450102,753.0,809.2000122070312,865.4000244140625,3.9124404701322533,0.3045367235287115,727.2329508868911,791.6499969482422,857.8079630939224,-4000464.0,64.50189708727494,-0.006856062780501945,-7562274.076029467,50034.94949484989,19512726.575691313,812.9666748046875,15596249.484759767,985.1068981299006,49.35164092234862,17.445539415523868,31.906101506824754,0.8153294434372423,1.0194519144114615,18.392262745070052,338.27532888369177,789.875,789.875,0.14656631821935806,-0.7539379022269692,0.5121772633117574,338.27532888369177,803.770711844308,2.1175018310546876,3.326824887453626,16.528663736979162,-0.016445157585074588,0.038175825980210076,0.05513968790337298,0.09336213042007135,-0.07572988629487154,,-0.016581880211582235,-0.09193962664651711,0.4184204287185127,-0.05745104829443515,-0.04825116188677914
2026-08-26 00:00:00+05:30,816.7999877929688,816.7999877929688,795.0,796.3499755859375,482398,0.0,0.0,792.522494506836,764.4670019531251,783.7290008544924,862.690001220703,791.3459291083924,780.3843340230992,797.7895565883135,870.6429989322704,796.1378522600447,780.3172937729779,804.8150138588683,781.0178535932707,807.2956788813943,804.7808453377778,802.9024010834136,804.1109616903591,783.258304674383,803.2102756251668,798.0952343796384,804.4948813078428,782.4627427989858,783.2478084258607,807.6231354908182,803.375,798.2250061035156,812.2000122070312,52.81416952359593,9.904510903599089,0.5822373136256793,9.32227358997341,48.15162184828637,55.571047652201884,-7.419425803915516,52.34943785660087,52.87332762625636,-64.89664754155724,3.087375480380259,2.240332600451765,23.8499755859375,-2836.8987037122765,27.686906522863183,44.736881692966165,0.8571608100315113,0.9496335846358952,0.16925974204673455,0.1626363343613472,2.022503749548033,20.258546768814995,-1.5414410241537553,-81019.21498259823,-61919.53182113457,2.0916748046875,1,0,0,2.0916748046875,1,1,0,0,0,26.22821326529576,21.79998779296875,756.1862455083857,792.522494506836,828.8587435052863,9.16977101604196,0.5526675315229257,736.8256162263588,791.3459291083924,845.866241990426,753.0,809.2000122070312,865.4000244140625,3.990261860536083,0.3094744059903172,728.9820321276827,792.522494506836,859.3695443347139,-4482862.0,62.09468361842153,-0.037458989815925985,-7984926.5817760145,-177095.21493155137,15756949.142794006,802.7166544596354,14759907.523949698,983.373180409657,39.195107480788664,5.831204779171124,33.36390270161754,0.3835010243033652,0.2106701260917031,18.168124499225122,330.08074781934414,791.6499938964844,791.6499938964844,0.01307409960109168,-0.6532274541369374,0.4752065688895297,330.08074781934414,803.368567766462,0.87249755859375,3.331189746677062,16.918330213758676,-0.017337177202435883,0.011816260640632903,0.022403326004517554,0.054349249909190656,-0.07957701762562941,,-0.017489226020077065,-0.09193962664651711,0.4184204287185127,-0.05745104829443515,-0.04825116188677914
2026-08-27 00:00:00+05:30,788.5999755859375,805.9000244140625,786.5499877929688,795.2999877929688,357257,0.0,0.0,794.1274932861328,765.7210021972658,783.6085009765626,861.4630014038084,791.722506125971,780.9692616219176,797.7402581963265,869.8933172293919,796.4023754301526,781.5264304725796,804.249533439925,782.1399265489863,805.6416069701194,805.4871170973944,805.0282642050738,805.4160846587733,783.4722948162779,804.37119826838,799.4483614857679,804.6745065311292,783.1752768944941,784.0576692686977,806.3474803838892,795.8249816894531,798.2250061035156,812.2000122070312,52.48851913424477,9.010366030663818,-0.2495260474476737,9.259892078111491,39.17605234948967,47.42686270724516,-8.250810357755483,38.480046216786434,48.14003906945368,-65.88347794761303,1.9223375925490644,4.205971576587164,15.0,-3223.487011284933,25.457352402631045,45.328180504979755,0.5342420959361438,0.8571608100315113,0.1694983575820208,0.16318070958150077,1.887970391990985,9.53593385150657,-9.81410276958718,-90451.78353684382,-73665.75503793133,2.100006103515625,1,0,0,2.100006103515625,1,1,0,0,0,25.736914933567046,19.35003662109375,760.5107045993103,794.1274932861328,827.7442819729553,8.466345510269338,0.517439121234319,738.7088827334466,791.722506125971,844.7361295184954,753.0,809.2000122070312,865.4000244140625,4.054916659015749,0.29916224382110806,729.8805995824202,794.1274932861328,861.3181148412092,-4840119.0,61.23720230697564,-0.03344651736917003,-8019083.547268348,-264780.6607688619,13452368.481115915,795.9166666666666,14712803.172790945,983.2413303656866,29.581192512479838,-3.0261681513101664,32.607360663790004,0.2822169964057832,0.06975648493727593,16.80839434341124,282.522120403619,793.6749877929688,793.6749877929688,0.00793862731114688,-0.34778808574092224,0.35640597715395966,282.522120403619,800.952139718192,1.604998779296875,3.333477505019826,16.938441026475697,-0.0013185004397044953,-0.01845111040670322,0.04205971576587153,0.05080268672435917,-0.0863871478541427,,-0.0013193704262117233,-0.09193962664651711,0.4184204287185127,-0.05745104829443515,-0.04825116188677914
2026-08-28 00:00:00+05:30,801.9500122070312,818.2000122070312,800.0,805.2999877929688,567851,0.0,0.0,796.3899932861328,767.3990014648438,783.5115008544923,860.3665014648436,793.015599618066,781.9234077462725,797.8899558121016,869.2505975335071,797.4664225260417,783.0785475547641,805.5195184425864,783.9648928741108,806.7581058604177,807.233177711556,806.4202969690627,806.6002686253099,784.32449029896,805.7215591754837,801.0170512773799,805.4417375488289,784.2781793472924,785.4211064712358,803.8903859650862,800.2999877929688,798.2250061035156,812.2000122070312,55.31449378657011,9.004863739553002,-0.2040226708467916,9.208886410399794,37.57829688242742,41.63532369340115,-4.057026810973724,34.54467959216502,41.79138788851744,-56.484983863547455,3.882865726516366,5.953555782744874,30.0999755859375,-3671.4818457112783,26.36852973489215,45.32657132966039,0.39389396203128435,0.5342420959361438,0.1696095971300382,0.163817897488124,2.368727363304709,20.559364897273554,2.3593526902423037,-93615.40699688207,-83996.99455618944,6.375,1,0,0,6.375,1,1,0,0,0,25.53427989645958,22.9000244140625,766.5515143650542,796.3899932861328,826.2284722072114,7.493433913692589,0.6493037652891496,740.6889833269129,793.015599618066,845.342215909219,759.0,812.2000122070312,865.4000244140625,3.9668074668105735,0.3004160661842493,731.7101144918109,796.3899932861328,864.4726266988421,-4272268.0,65.61780463699894,-0.04771282120820214,-8256209.124231281,-352030.0575751625,12341817.269527929,807.8333333333334,15426811.733982854,983.2413303656866,22.726939019644483,-7.904337315316418,30.6312763349609,0.4433696848727309,0.5972150611565978,14.919239460539316,222.5837060809135,795.8249816894531,795.8249816894531,0.22322785060164851,-0.6986070395154601,0.22971702967984894,222.5837060809135,799.6192810058593,2.2625,3.3389905931521016,16.53166300455729,0.012573871688029259,0.010033864445608609,0.05953555782744879,0.07187541711351719,-0.05691537092347854,,0.012495477029009034,-0.09193962664651711,0.4184204287185127,-0.05745104829443515,-0.04825116188677914
2026-08-31 00:00:00+05:30,800.2999877929688,824.8499755859375,794.0999755859375,799.4000244140625,976526,0.0,0.0,797.3449951171875,769.3050024414063,783.2935009765627,859.2375018310545,793.6236400748274,782.6087652626563,797.9198581606553,868.5555669552042,797.7530921572732,784.333489631204,805.4868413293207,785.2286729012228,806.0277711916194,808.1402152553502,806.8649329564478,807.4069990173616,784.4747999390131,806.9099890865983,802.1830516600378,805.368001881179,787.8876392525864,786.3515695876066,801.566812578828,802.3500061035156,798.2250061035156,812.2000122070312,53.30015655881455,8.427280948604107,-0.6252843694365495,9.052565318040656,38.53382574466889,38.429391658861995,0.1044340858068935,35.82016400039177,36.28162993644774,-62.030060954832855,0.9279763568426379,2.4477812277194886,7.35003662109375,-3938.4590665917117,21.733378511316573,39.65390632518542,0.3168718670179853,0.39389396203128435,0.16852865272014572,0.1646221449203406,2.7106443910597195,26.957988689850595,-3.7920113101494053,-93447.50490955633,-90433.51682660104,13.866678873697914,1,0,0,13.866678873697914,1,1,0,0,0,25.906831332426755,30.75,768.4676798307919,797.3449951171875,826.2223104035832,7.243367792670842,0.5355820698097083,740.4233681923556,793.6236400748274,846.8239119572993,759.0,812.2000122070312,865.4000244140625,3.8863880095771526,0.28918339153816225,732.4682985840786,797.3449951171875,867.5183168946255,-5248794.0,67.09978614438998,-0.08717058895969632,-8896108.42621934,-559324.5834852895,9755633.71123111,806.1166585286459,14711368.082438804,983.2413303656866,20.01451308954931,-8.493410596329277,28.507923685878588,0.7258085135480649,0.1423282792388333,14.438657643197843,208.4748345374755,796.8249816894531,796.8249816894531,0.10691276539589632,-0.4833726630679821,0.133592338831747,208.4748345374755,798.5692862374442,0.9550018310546875,3.3391967242939016,16.11666463216146,-0.007326416823966286,-0.029795482042908383,0.02447781227719492,0.08732319252050358,-0.04148678127810257,,-0.0073533868254280375,-0.09193962664651711,0.4184204287185127,-0.05745104829443515,-0.04825116188677914
2026-09-01 00:00:00+05:30,800.0499877929688,805.75,788.0999755859375,795.5999755859375,304136,0.0,0.0,796.9699951171874,770.8980017089843,782.8400006103517,858.1305017089843,793.8118625044569,783.1182244910203,797.8739198918489,867.8296406729229,797.5868998209636,785.3646650486367,804.7155315519965,786.1248710886595,804.3367960973087,808.5094943111459,806.4439650921181,807.798248589813,784.6969877150726,806.6471294953895,802.5797918599505,805.2609712022221,788.516212243269,786.9819850235974,800.0872133002606,797.5,799.5750122070312,814.2000122070312,51.9870117063706,7.575583630960637,-1.181585349664017,8.757168980624654,37.77362041649677,37.96191434786436,-0.1882939313675891,32.80670444510813,34.39051601255497,-68.1640939321294,1.9215988302767537,-0.9338812386998319,15.0,-3933.9590902822188,17.73455272001388,39.49002511158149,-0.08119009720507411,0.3168718670179853,0.16585596806437675,0.1654665266439438,2.910275751976884,8.185443291077263,-9.464581122985237,-92865.9498781636,-92907.2595379807,14.916666666666664,1,0,0,14.916666666666664,1,1,0,0,0,25.31705940968645,17.6500244140625,768.2128096565584,796.9699951171874,825.7271805778164,7.21662939303016,0.4761795267981705,742.3163737700181,793.8118625044569,845.3073512388958,759.0,812.2000122070312,865.4000244140625,3.6393984935938035,0.2706585328262104,733.6763017300508,796.9699951171874,866.5263230923555,-5552930.0,68.92658370428498,-0.10565114813149239,-8941772.26250011,-607808.6025846507,8196867.230999434,796.4833170572916,14566793.199389765,982.7659677547197,12.314484312645183,-12.954751498586726,25.26923581123191,0.23285083561811748,-0.09528189280731823,14.378592730314475,206.74392890425227,795.9749755859375,795.9749755859375,0.1913596145044695,-0.4147703935512357,0.17609166666158368,206.74392890425227,798.8207092285156,-0.375,3.3403559333008133,15.683329806857637,-0.00475362610966934,-0.018262646078800127,-0.009338812386998296,0.10316134514643993,-0.034466049046192326,,-0.004764960524242566,-0.09193962664651711,0.4184204287185127,-0.05745104829443515,-0.04825116188677914
2026-09-02 00:00:00+05:30,795.5999755859375,805.4500122070312,782.1500244140625,800.6500244140625,358986,0.0,0.0,795.8449951171875,772.7050024414062,782.539500732422,856.8967517089842,794.4631160196575,783.8057460566299,797.9288922586254,867.1611867797999,797.9373788016184,786.531411037071,804.9175697668985,787.3550448801434,804.168471464768,809.383211487392,805.7104418813201,807.9474016871058,784.9876960056403,805.1616932413644,803.9727426348974,804.5001595741104,789.5428967484037,787.8932957139938,799.5666686449761,798.125,799.5750122070312,818.8000183105469,53.62226404214945,7.224820868315874,-1.225878489847025,8.450699358162899,33.443868428502626,36.583771529889425,-3.1399031013867997,26.949496225042544,31.858788223514146,-69.47423982752987,1.7279762190494057,-2.7334020935024608,13.60003662109375,-4294.388149327931,14.710145299574833,40.53494067438935,-0.5734304052996437,-0.08119009720507411,0.1626954583162643,0.165948891024523,3.368061526294218,7.444674397374229,-15.855313395594521,-92445.77313271981,-93114.68161750695,15.466664632161459,1,0,0,15.466664632161459,1,1,1,0,0,25.172982865635188,23.29998779296875,769.7642668789636,795.8449951171875,821.9257233554115,6.554223095763416,0.5921183882019199,743.4338666326951,794.4631160196575,845.4923654066199,759.0,812.2000122070312,865.4000244140625,3.446854998547336,0.25548191083133553,734.379314149691,795.8449951171875,864.1293294084801,-5193944.0,66.73481041504186,-0.12392424723098334,-8730694.35868947,-505226.4953142181,7284871.459229984,796.0833536783854,14794658.569455687,982.7659677547197,6.125026724162467,-15.315367269655553,21.44039399381802,0.28296093355211244,0.36847355280767924,13.04036411911199,170.05109635902343,795.9749755859375,795.9749755859375,0.072958835790852,-0.12429073522725824,0.4033196151809865,170.05109635902343,802.1221461704798,-1.125,3.339984026124865,15.241775444878469,0.006347472326662329,0.005399697318959618,-0.027334020935024572,0.08798749538234518,0.006916933699465,,0.006327411967824348,-0.09193962664651711,0.4184204287185127,-0.05745104829443515,-0.04825116188677914
2026-09-03 00:00:00+05:30,804.0,818.5,770.0999755859375,778.25,856235,0.0,0.0,794.2649963378907,774.062001953125,781.777000732422,855.563501586914,792.919009732071,783.5878736622523,797.5392112238011,866.2764983541302,796.2616649809338,786.7488619217218,800.9807526717585,786.7886559176965,798.1381634772827,807.6181236023982,802.0781579272777,807.3367270053302,784.6266386945289,800.7843902857137,803.6777335985105,803.2648557130976,789.5817063385848,787.1697090538472,796.5868325701744,789.4500122070312,801.1000061035156,817.75,46.11909968843238,5.080776062634186,-2.6959386364229703,7.776714699057156,23.6378762383156,31.618455027771663,-7.9805787894560645,16.061612868433127,25.272604512861264,-91.44803752539394,-3.949398333847578,-3.9019542555489353,-32.0,-4657.965273097366,13.355289414349727,37.399047419742395,-1.0564764337831587,-0.5734304052996437,0.15572363974680759,0.16563940978628405,2.679270117323695,23.31685330600817,-25.08317110805433,-92203.75060978715,-92712.45025685172,14.225006103515625,1,0,0,14.225006103515625,1,1,1,0,0,26.832057261951427,48.4000244140625,767.9291601037734,794.2649963378907,820.600832572008,6.631498644795802,0.1959466903666472,737.5306365888074,792.919009732071,848.3073828753346,759.0,812.2000122070312,865.4000244140625,3.413855251436101,0.26812321958902513,729.7304324875448,794.2649963378907,866.6429538498495,-6050179.0,62.212664125553786,-0.14147603891833027,-9298568.506038856,-598018.6351043712,3504220.550172158,788.9499918619791,12399144.384814149,982.7659677547197,5.702022667116804,-12.590697061360974,18.292719728477778,0.7548367258457274,-1.2162132385334108,13.167918117058667,173.39406753756185,795.4499816894531,795.4499816894531,0.26297072686705886,-0.07980363339334037,0.42666536134803734,173.39406753756185,800.2550022670201,-1.579998779296875,3.329580668836861,14.562665201822915,-0.02797729810906513,-0.021438435879125417,-0.03901954255548934,0.07604562737642584,-0.058549595336150784,,-0.02837611893957044,-0.09193962664651711,0.4184204287185127,-0.05745104829443515,-0.04825116188677914
2026-09-04 00:00:00+05:30,778.25,784.5,774.8499755859375,781.3499755859375,270760,0.0,0.0,793.0774963378907,775.4940014648437,781.0260003662111,854.3432513427732,791.8171969562488,783.5001129533772,797.218632300279,865.4314583265862,795.0316630045573,787.0346648092831,798.1142766283175,786.4910552236103,793.9458101149937,806.3020700721405,797.2350304013206,806.2127231939012,784.5473989810786,794.8763473027738,802.8433112369574,802.9414650292726,790.3483751196327,786.7414898468727,792.3806385373595,779.7999877929688,801.1000061035156,817.75,47.21978937450747,3.590359796517987,-3.349083922031336,6.939443718549323,16.960847820423556,24.680864162413926,-7.72001634199037,12.649331599111001,18.55348023086222,-88.19517918580553,-2.000503254889415,-2.9499441957770736,-15.95001220703125,-4523.385528174898,6.759256699505727,39.89140288528547,-1.53243170110856,-1.0564764337831587,0.14653891177331957,0.1638584301493119,1.332870634207136,-8.706979392841276,-18.357003806903776,-93122.16647235332,-92547.86063925513,12.141672770182291,1,0,0,12.141672770182291,1,1,1,0,0,25.604769201387935,9.6500244140625,766.6570690576633,793.0774963378907,819.4979236181181,6.6627605504446095,0.2780595932918565,739.8658070810936,791.8171969562488,843.768586831404,759.0,812.2000122070312,865.4000244140625,3.541774144484491,0.26850818308092184,729.3352573108876,793.0774963378907,864.035284776708,-5779419.0,60.35225485563455,-0.13227696640568704,-9204575.02470355,-551706.7086750753,3123524.670097341,780.2333170572916,12506995.254026925,983.1642942032821,-0.4944237653664785,-15.029714795075405,14.535291029708926,0.24987799574886246,-0.8877616268325731,13.21021364011371,174.50974441744629,793.6749877929688,793.6749877929688,0.47403122325856456,0.05331928176825412,0.45813949817221444,174.50974441744629,798.9399963378906,-1.1875,3.323147213082369,13.732443847656251,0.0039832644856248045,-0.02974048499947135,-0.029499441957770767,0.10018299374256445,-0.03548944681698751,,0.003975352291591693,-0.09193962664651711,0.4184204287185127,-0.05745104829443515,-0.04825116188677914
2026-09-07 00:00:00+05:30,782.0,796.7999877929688,771.25,777.7000122070312,301706,0.0,0.0,792.3999969482423,776.7680017089845,780.1405004882814,852.9762515258788,790.4727031706091,783.272658022148,796.8321249716998,864.5585086139539,793.5671407063803,787.1211750344669,794.9536142107114,785.9277733086418,789.5389443173536,804.63922831599,791.4950259993911,804.5437898060741,783.4414905362662,790.1262189882239,800.8612225150424,803.0129081275704,790.8991901533426,786.0651092053685,787.3023998765586,779.5249938964844,800.8250122070312,817.75,46.02755169149046,2.0905737937333697,-3.8790959398527622,5.969669733586132,9.443877999772852,16.680867352837335,-7.236989353064484,2.3319810150274423,10.347641827523855,-92.02514928948197,-5.613204601589218,-1.7124787100118484,-46.25,-4213.700002118345,1.199407240923506,37.9365829605569,-1.7280678987279119,-1.53243170110856,0.13534711884919393,0.16033971624765572,0.46694436891091634,5.808289426671649,-19.7416983662971,-94765.84598017171,-92977.24221286207,1.250010172526042,1,0,0,1.250010172526042,1,1,0,0,0,25.600856243643708,25.54998779296875,765.1019063622234,792.3999969482423,819.6980875342613,6.889977458645037,0.23075067842400881,738.6024003706175,790.4727031706091,842.3430059706006,759.0,812.2000122070312,865.4000244140625,3.589727542805239,0.26227942806072313,729.0282829830779,792.3999969482423,862.9783104488982,-6081125.0,63.867732405473696,-0.12567907366045622,-9353951.606881276,-530134.6777673606,2519990.3099125368,781.9166666666666,12366057.660681449,983.1642942032821,-5.498961226212952,-16.027401804737504,10.528440578524553,0.5463799831507514,-1.0769972863039656,13.649045293009454,186.29643741062353,793.6749877929688,793.6749877929688,0.5118758790278403,-0.16527796069749306,0.4170111804077148,186.29643741062353,795.9014282226562,-0.6774993896484375,3.311491829966348,13.499555392795136,-0.00467135533749663,-0.02714537346047341,-0.017124787100118444,0.0659996233564828,-0.04029118820580968,,-0.004682300216087623,-0.09193962664651711,0.4184204287185127,-0.05745104829443515,-0.04825116188677914
2026-09-08 00:00:00+05:30,778.0999755859375,785.0999755859375,760.0,763.7000122070312,251904,0.0,0.0,791.159997558594,777.7630017089845,779.2525006103518,851.6557513427733,787.9229230788399,782.5051032843003,796.1760435308154,863.5549414855268,790.833808826265,786.6087048579197,789.6701367939984,784.3186418506465,782.2978045488684,801.4877405971725,784.4527434060892,802.0451933337561,780.2302614614815,784.4999170682144,797.0725471222956,803.5585816858674,791.5964599366459,784.272087117743,781.1679508333614,770.7000122070312,793.8250122070312,812.7000122070312,41.68048978936843,-0.2251055394310697,-4.955820218413762,4.730714678982692,7.763372908613361,11.389366242936589,-3.625993334323228,2.3319810150274423,5.7710978763886285,-96.48955279887241,-5.762587709791397,-3.1452108805286936,-46.70001220703125,-3720.0747905820785,-4.048386517693189,35.04358114827928,-2.04966266364865,-1.7280678987279119,0.12082221873348509,0.1549577692128502,-1.612177923451052,-1.992910471893083,-27.092886057830583,-96724.71452600937,-94117.41500680776,-7.533325195312499,1,0,0,-7.533325195312499,1,1,0,0,0,25.56507905380755,25.0999755859375,761.0117341398976,791.159997558594,821.3082609772904,7.621281033350926,0.044584293791636885,736.2117013862879,787.9229230788399,839.6341447713918,759.0,812.2000122070312,865.4000244140625,3.9155626188385537,0.26930859904410287,727.8600901386857,791.159997558594,861.8601053974747,-6333029.0,61.011459269880646,-0.10091870730990778,-9531588.771695811,-529636.6104945242,1656183.6942107459,769.5999959309896,11912585.120544575,981.3641142135365,-10.386642669600597,-16.73206659850012,6.345423928899523,0.5328190375186214,-1.8216628248334532,15.074131709348187,227.22944679077648,793.6749877929688,793.6749877929688,0.2522554148099923,-0.27570512314024076,0.3431427197908259,227.22944679077648,790.1814313616071,-1.2399993896484376,3.3012074129299442,13.654221191406252,-0.018001799897455872,-0.0400954805904975,-0.03145210880528693,0.05243572867470481,-0.03274013803507991,,-0.018165803518817174,-0.09193962664651711,0.4184204287185127,-0.05745104829443515,-0.04825116188677914
2026-09-09 00:00:00+05:30,765.0,767.0,746.0999755859375,756.7000122070312,361348,0.0,0.0,790.3699981689456,778.4820019531252,778.1680004882815,850.2872512817381,784.94931251962,781.493138928329,795.3943399402453,862.4917083583777,787.5519054594495,785.7827052696078,783.839715374993,782.2632788559442,774.5847763753076,797.7565985673554,776.7308672038815,798.7763938616124,776.8526556068458,778.1761189303934,793.4049981695831,803.8988039213842,792.3393339410275,781.9995369265986,774.4356276457872,760.2000122070312,790.3250122070312,805.75,39.663411726955935,-2.595223472372709,-5.860750521084321,3.265527048711612,6.790162808386429,7.999137905590881,-1.2089750972044513,0.0,1.5546540100182948,-91.11480948648631,-4.978962088839476,-2.0453058631674756,-39.64996337890625,-3412.0115552600196,-11.30574502383979,37.105674537534604,-2.4258712188094993,-2.04966266364865,0.1031894407166778,0.14759011178336767,-4.026078312715201,-15.751046936287935,-36.651071350350435,-97408.21536777324,-95585.25047541477,-22.141652425130207,1,0,0,-22.141652425130207,1,1,0,0,0,25.231860865254333,20.9000244140625,757.4612804314314,790.3699981689456,823.2787159064598,8.327420781090874,-0.011566361085110955,734.1820120522516,784.94931251962,835.7166129869884,746.0999755859375,805.75,865.4000244140625,4.46257066917782,0.26167100735401116,728.3693701052015,790.3699981689456,859.381897571022,-6694377.0,52.56973571028532,-0.09520181843573841,-9526401.12015066,-479633.4565281328,1058238.0236092107,756.5999959309897,11581377.059844127,981.3641142135365,-13.089001671017664,-15.54754047993375,2.458538808916085,0.7843951072229655,-2.0462654443404436,16.454358868757087,270.745925781845,793.6749877929688,793.6749877929688,-0.09775359638461362,-0.01246761673348234,0.2114201450575031,270.745925781845,781.9157200404576,-0.7899993896484375,3.294006670515621,14.44355495876736,-0.009165902694921457,-0.0548929130917033,-0.020453058631674792,0.029874123452917623,-0.03746105869421179,,-0.009208168045998813,-0.09193962664651711,0.4184204287185127,-0.05745104829443515,-0.04825116188677914
2026-09-10 00:00:00+05:30,750.0,761.0,731.5999755859375,733.9500122070312,342075,0.0,0.0,788.0524993896486,778.4560021972658,776.999500732422,848.8120013427733,780.0922362993734,779.6287025863173,794.1776205791916,861.2126865061255,782.1785734630768,784.0363527305453,774.6938175406784,778.577319756799,762.4399388901395,791.7129678109088,766.544257915546,794.3708087250262,768.439685912149,767.1688729961744,788.2832354503103,802.8908066814212,792.4896153143158,777.5764943909711,765.0618719934827,745.3250122070312,778.9500122070312,798.5,33.918373137049485,-6.237393095362563,-7.60233611525934,1.3649430198967771,4.717339069675283,6.423624928891691,-1.7062858592164076,0.0,0.7773270050091474,-98.24362050561541,-7.714067210813038,-5.940020032171934,-61.3499755859375,-2926.3243318973064,-20.555744305779058,33.01125459280653,-2.8241281561911364,-2.4258712188094993,0.08037306063952698,0.13767494106219974,-6.674429621961467,-14.779470546394236,-44.179494960456736,-96809.4318745173,-96640.18960704237,-36.31666056315104,0,1,0,-36.31666056315104,1,0,0,0,0,25.529586833026347,29.4000244140625,746.7103677383847,788.0524993896486,829.3946310409125,10.492227785149758,-0.15432628920772282,728.5599121785997,780.0922362993734,831.6245604201472,731.5999755859375,798.5,865.4000244140625,5.266154079950406,0.2780080192369574,726.0860100781395,788.0524993896486,858.9485436474754,-7036452.0,54.54416659300124,-0.12070299709541815,-9813789.854191225,-507016.44923404977,-204682.58690639073,742.1833292643229,10552936.974677218,978.3576387763753,-15.550425304215162,-14.407171290504998,-1.1432540137101643,0.7450135869831539,-2.617305156830892,20.671065825631953,427.29296236760916,793.6749877929688,793.6749877929688,-0.8562734520612466,1.3037427503777634,0.17970284548032017,427.29296236760916,770.430721609933,-2.317498779296875,3.28319578213859,15.483554958767362,-0.030064754371611713,-0.05692256703240439,-0.05940020032171933,0.0018428018920066958,-0.09355316642953382,,-0.030525966797197646,-0.09193962664651711,0.4184204287185127,-0.05745104829443515,-0.04825116188677914
2026-09-11 00:00:00+05:30,733.3499755859375,733.3499755859375,719.0,721.0499877929688,326581,0.0,0.0,785.3449981689455,778.0290014648439,775.6985003662109,847.3252511596678,774.4691650130492,777.3314980846175,792.7295486428308,859.8180327875867,775.7973818824405,781.7851364793964,764.4973406866031,774.1142279036432,749.2726549652932,784.6538019120752,754.0811757247066,788.8097958904677,753.0939044531806,755.3146899652887,782.8936958477859,802.0095637503945,791.9751514298791,772.1159604592527,753.2111904844709,727.5,765.7250061035156,771.9249877929688,31.162093229718657,-10.048925168110372,-9.13109455040572,-0.9178306177046527,4.192753934547065,5.233418604202925,-1.0406646696558601,0.0,0.0,-98.06330820425707,-10.461939808405845,-6.985297157038841,-84.25,-2283.605318594872,-30.121185123219107,27.065620832462873,-3.230029407866545,-2.8241281561911364,0.05254813876520714,0.1247882172894288,-10.103119516252377,-34.61099742425313,-48.96097301019063,-93608.59408975883,-96461.43385005821,-48.47499593098958,0,1,0,-48.47499593098958,1,0,0,0,0,24.773902931169555,14.95001220703125,734.4661841285089,785.3449981689455,836.2238122093821,12.957060695378987,-0.131844625199768,724.9970599119622,774.4691650130492,823.9412701141362,719.0,792.2000122070312,865.4000244140625,6.034503598931413,0.2826626293323445,724.7955358138358,785.3449981689455,854.0830724349295,-7363033.0,12.920229521611029,-0.11486826471594715,-10047062.393921563,-546349.2589612082,-777285.4849438985,724.4666544596354,9978932.914032748,976.6000225628036,-17.75746677067215,-13.291370205569589,-4.4660965651025615,0.7507165668603027,-2.527378500799072,25.43940702021831,647.1634295403327,793.6749877929688,793.6749877929688,-1.1641274085132094,1.3378816710895005,0.232932202108468,647.1634295403327,756.7021493094309,-2.707501220703125,3.2694750583279664,16.9121107313368,-0.017576162135717333,-0.07717410850080275,-0.06985297157038839,-0.00048521847691651576,-0.12163483207637149,,-0.017732456956649784,-0.09193962664651711,0.4184204287185127,-0.05745104829443515,-0.04825116188677914
2026-09-15 00:00:00+05:30,721.0,721.0,700.0499877929688,702.75,339905,0.0,0.0,780.879998779297,776.7410009765626,774.0010003662109,845.7540011596677,767.6387683451397,774.4067334538481,790.9477754023787,858.2551667897004,767.9311915806362,778.8330187748927,752.4367588740562,768.505562752369,733.9299709477227,776.0531706133187,739.3623196688565,781.981588229718,736.1716948902338,741.4656741985052,776.3880607165003,800.2356831045902,791.5282269273229,764.8958295695904,738.921794893994,711.8999938964844,754.0249938964844,762.4499816894531,27.720677797880544,-14.38047866536499,-10.77011843812827,-3.61036022723672,1.952180940493066,3.6207579815718045,-1.6685770410787386,0.0,0.0,-97.83652846864832,-12.090320423107846,-11.274539381258165,-96.6500244140625,-1646.7904612655311,-43.19545000861672,26.655642806097763,-3.637549309155487,-3.230029407866545,0.019212717450423078,0.10849452277676727,-13.806863274266124,-37.64511972302057,-58.59513193005182,-86060.56528956555,-94050.80543098184,-62.94999186197916,0,1,0,-62.94999186197916,0,0,0,1,0,24.504338436086016,21.0,718.1787730598163,780.879998779297,843.5812244987777,16.05911940823117,-0.1230340625942718,718.8782923012991,767.6387683451397,816.3992443889804,700.0499877929688,782.7250061035156,865.4000244140625,6.914133349002938,0.2766191517562297,720.9764208493579,780.879998779297,850.5514635739672,-7702938.0,14.573079825511256,-0.14482685058329686,-10299354.30423344,-593046.5381341707,-1554852.8943474907,707.9333292643229,9116266.322801208,976.6000225628036,-19.29948341198466,-11.866709477505678,-7.432773934478982,0.9152889513134836,-2.492136250377087,31.350612859740355,982.8609266813173,791.1749877929688,791.1749877929688,-1.213812731025621,1.0334946339165612,0.4606108606781147,982.8609266813173,742.0335771833147,-4.464999389648438,3.254895151648074,19.959331868489592,-0.02537963817041644,-0.09637393729020394,-0.11274539381258164,-0.0019173066790892923,-0.11698181622408599,,-0.025707256291916787,-0.09193962664651711,0.4184204287185127,-0.05745104829443515,-0.04825116188677914
2026-09-16 00:00:00+05:30,702.75,707.0,685.5,703.0499877929688,314736,0.0,0.0,777.0024993896486,775.7940002441408,772.3155004882813,844.140250854492,761.4874559115997,771.6084297024411,789.2072251526874,856.7108366504295,760.5188095819383,775.9431751206341,742.1677837121783,763.2501111104524,721.6980426436662,768.1409451996989,724.5152434219426,774.2689453711548,725.2706928416782,728.5117958150166,770.7885279662821,799.2288212305995,791.490050455221,758.7064542141404,725.261468157538,702.8999938964844,754.0249938964844,755.1749877929688,27.861320154813924,-17.586335186391807,-11.180779967324069,-6.405555219067738,5.5647813572601965,3.903238744100109,1.6615426131600874,0.1698959856211119,0.0566319952070373,-87.40581925531401,-11.632728837731328,-9.934664388729685,-92.54998779296875,-1183.8095697383028,-56.20618268181306,31.351435677504032,-4.044428630674902,-3.637549309155487,-0.017024005704968648,0.08852569344107472,-16.546713744700995,-43.702958018727486,-65.20295801872749,-73917.27730627966,-88344.17132324094,-74.56666056315103,0,1,0,-74.56666056315103,0,0,0,1,0,24.289742833508445,21.5,705.285086435818,777.0024993896486,848.7199123434792,18.460021173719802,-0.015582677558992205,713.2755966338391,761.4874559115997,809.6993151893603,685.5,775.4500122070312,865.4000244140625,7.6497893244840585,0.2755671964819092,716.7714447605966,777.0024993896486,846.0214905369637,-7388202.0,15.103443628298557,-0.12533668810332343,-10100265.84302341,-494890.3203077223,-1319242.9154395903,698.5166625976562,9129701.677907264,976.642710260131,-20.874481572833318,-10.75336611068347,-10.121115462149849,0.8451021900867722,-2.062330710235969,35.8587064769153,1285.8468301975674,791.1749877929688,791.1749877929688,-1.0471827839438412,0.07961694951979056,0.6327598921858941,1285.8468301975674,727.5514299665178,-3.8774993896484373,3.2438963229139968,22.551443956163197,0.00042687697327470353,-0.07941603174627276,-0.09934664388729686,-0.018018051811042102,-0.10899182729924173,,0.0004267858872203183,-0.09193962664651711,0.4184204287185127,-0.05745104829443515,-0.04825116188677914
2026-09-17 00:00:00+05:30,702.2000122070312,706.7999877929688,699.1500244140625,703.0999755859375,161641,0.0,0.0,772.8049987792971,775.4159997558595,770.8955004882814,842.492750854492,755.9267434996319,768.9218236586566,787.5021311018608,855.1823703711809,753.4804739815849,773.0924290556065,733.4159193274228,758.3100333223257,712.0084446710086,760.84396969292,711.2565523565384,766.0385226243818,716.5578279101371,718.9344772775746,765.1066234726596,798.8215317056352,791.9056317777248,753.3209776453626,714.5006920982204,703.0749816894531,754.0249938964844,755.1749877929688,27.88650061704986,-19.89364442950773,-10.790471368351994,-9.103173061155736,9.129235047507468,5.5487324484202425,3.5805025990872252,0.3702099729257152,0.18003531951560903,-87.36994713351524,-12.183856348410753,-10.666414269625026,-97.550048828125,-898.2763827781484,-65.01088544060212,32.40357447723107,-3.7109385061728277,-4.044428630674902,-0.05421892366049841,0.06519874195137405,-18.692034513234994,-37.10254416393161,-44.75250754283786,-62805.30049340179,-79394.92996247517,-85.01667277018228,0,1,0,-85.01667277018228,0,0,0,1,0,23.101187158179716,7.64996337890625,694.0791713478759,772.8049987792971,851.5308262107183,20.37404715439845,0.05729253367276266,710.849353985676,755.9267434996319,801.0041330135879,685.5,775.4500122070312,865.4000244140625,8.31624410094527,0.27177740362765823,714.6784295518357,772.8049987792971,839.5909661729294,-7226561.0,18.25168203875995,-0.12780364077508588,-10094984.72176632,-408065.1180416718,-1129625.3451134688,703.0166625976562,9130850.967002429,976.6498203936687,-24.742284422741385,-11.696935168473228,-13.045349254268157,0.4583101660924594,-1.7708298653089491,39.3629137157106,1549.4389761904772,788.3249816894531,788.3249816894531,-0.8227801150993344,-0.6770384749842883,0.7532610227439176,1549.4389761904772,714.8314243861607,-4.197500610351563,3.2344582529251467,24.653329806857656,7.110133537691077e-05,-0.07083393122297044,-0.10666414269625024,-0.010136579375994326,-0.08193510739749144,,7.109880779677342e-05,-0.09193962664651711,0.4184204287185127,-0.05745104829443515,-0.04825116188677914
2026-09-18 00:00:00+05:30,694.6500244140625,708.1500244140625,682.75,700.7000122070312,854169,0.0,0.0,767.3274993896486,774.4459997558596,769.3605004882813,840.8467507934569,750.6670548050986,766.246458503691,785.7832772623592,853.6452324790004,746.6133324032738,770.1623903282016,725.5413526875697,753.4803679336217,703.8068431907628,753.8451163788362,700.3254577346075,757.5323746788191,710.5117605956696,709.5169126633413,759.6593053838116,791.4936847161075,789.5242881478447,748.2996042027246,707.4826092867279,701.8999938964844,750.6750183105469,753.7999877929688,27.392136712051627,-21.66610721796428,-10.050347325446836,-11.615759892517445,12.618731234454488,9.10424921307405,3.514482021380438,0.3702099729257152,0.30343864382418073,-87.36803990780726,-9.964662742430935,-13.520516851955415,-77.54998779296875,-737.4602054196628,-73.29852761661323,39.00775717577135,-3.7500329248496223,-3.7109385061728277,-0.09128812564879185,0.03877351557113946,-20.730698721070365,-29.580719007142307,-54.98074342120481,-57582.90548040306,-69514.77106155525,-89.625,0,1,0,-89.625,0,0,0,1,0,23.2653898193142,25.4000244140625,684.437233910122,767.3274993896486,850.2177648691751,21.60492502756894,0.09809823990083645,705.0446501183646,750.6670548050986,796.2894594918325,682.75,774.0750122070312,865.4000244140625,8.94010191391283,0.23930665838720028,709.628300125704,767.3274993896486,834.0658459020713,-8080730.0,7.656585034545453,-0.21370999354668438,-9741883.702893497,-223098.56401496567,-1261103.7700111123,697.2000122070312,8839288.68701677,976.6498203936687,-15.865102680135893,-2.255802740694188,-13.609299939441705,2.4232947734993937,-1.6076070403966536,41.44513273976328,1717.6990278165983,779.7999877929688,779.7999877929688,-0.6127313695818303,-1.1410492233632015,0.834055757105363,1717.6990278165983,705.1849984305245,-5.477499389648438,3.230900633986335,27.42033162434894,-0.0034134027339515205,-0.04530281278968207,-0.1352051685195541,-0.013654295993347998,-0.11315019129396542,,-0.0034192416839753325,-0.09193962664651711,0.4184204287185127,-0.05745104829443515,-0.04825116188677914
2026-09-21 00:00:00+05:30,700.0,705.0,692.1500244140625,700.9000244140625,222482,0.0,0.0,762.5075012207033,773.2909997558595,767.9160009765626,839.1967507934569,745.9273376249998,763.6838532452741,784.1024207703138,852.1253796624338,740.2869062151228,767.2782344324448,718.9062439747653,748.9562827433953,697.5268097099683,747.4221681778432,692.0050788886,749.0170961259919,706.3433328573155,701.3819720878892,753.7805114877859,789.7696350650149,789.0585734715276,743.9009054766747,703.7893117383111,700.8000183105469,750.6750183105469,750.625,27.50747739479086,-22.79192629533418,-8.940933122253387,-13.850993173080791,12.877398896370089,11.541788392777349,1.33561050359274,0.34688931178766547,0.36243641921303194,-86.62981626956721,-10.296276148411632,-12.090802063819671,-80.449951171875,-613.1442952435401,-76.65896426930158,40.70359293426056,-3.6450643186872287,-3.7500329248496223,-0.12703923375315673,0.009619476393100493,-21.7354283301939,-27.46921213447024,-40.31918772040774,-53312.049797047504,-61334.28984182281,-93.50833129882812,0,1,0,-93.50833129882812,0,0,0,1,0,22.521431659787293,12.8499755859375,675.8309782631085,762.5075012207033,849.184024178298,22.73460203836258,0.14461266612655127,702.2023094634906,745.9273376249998,789.6523657865091,682.75,774.0750122070312,865.4000244140625,9.50674794213825,0.2383413974911009,705.9162683440919,762.5075012207033,827.7538080169435,-7858248.0,12.841333988235398,-0.21135620435891334,-9661374.076647855,-101532.04137906618,-1074589.0720317068,699.3500162760416,8845639.352789497,976.6783650209767,-19.16764714447926,-4.446677764030044,-14.720969380449217,0.6399510778942439,-1.4215493354937947,43.3382614787974,1878.2049080046145,777.9750061035156,777.9750061035156,-0.3934868619886228,-1.4695394462929676,0.8516246155086598,1878.2049080046145,695.8457162039621,-4.819998168945313,3.228329949553981,30.109664306640646,0.00028544627307947046,-0.0279453071493454,-0.12090802063819672,-0.012469144890366324,-0.13287141531717406,,0.00028540554104308395,-0.09193962664651711,0.4184204287185127,-0.05745104829443515,-0.04825116188677914
2026-09-22 00:00:00+05:30,704.9500122070312,704.9500122070312,694.0,695.5499877929688,179390,0.0,0.0,756.0875000000001,771.5079992675783,766.499500732422,837.5870007324216,741.1294947838539,761.0119369530269,782.3489072460098,850.5674155642301,733.9100001743863,764.2295672966452,712.3409331964144,744.2947829743567,691.3984978707936,740.9092691689682,685.6041225231879,740.5547033089076,701.6601055870092,694.3360664965574,748.1616679000297,766.2412189552801,788.5591546042073,739.3821000088279,701.4214270020792,698.2250061035156,748.1000061035156,750.625,26.30382070752515,-23.84102477535123,-7.99202528181635,-15.84899949353488,11.81041081207683,12.435513647633801,-0.6251028355569712,0.1465753244830622,0.2878915363988143,-90.57091138639503,-10.563202150521938,-15.583472602922887,-82.1500244140625,-574.0230348441045,-76.08072689280812,43.75978685673893,-3.403442687440276,-3.6450643186872287,-0.16145356247363463,-0.021744499296579473,-22.660413586550007,-22.245025021510287,-33.19503722854154,-49738.58246267948,-55722.298918497065,-94.74166870117188,0,1,0,-94.74166870117188,0,0,0,1,0,21.694901698876148,10.95001220703125,669.5522119296577,756.0875000000001,842.6227880703425,22.89028401351494,0.1502148802126718,699.4830384078157,741.1294947838539,782.7759511598922,682.75,753.7999877929688,824.8499755859375,10.091618662705342,0.18769247143899273,707.3529736366613,756.0875000000001,812.8530041542393,-8037638.0,13.234966246369721,-0.3005634320079546,-9789978.32318502,-83489.62952810898,-1058182.5002354642,698.1666666666666,8708709.257764842,975.9150554996842,-22.706124796614194,-6.38812433293198,-16.318000463682214,0.5348170713346815,-1.3991404791493132,43.26764403517119,1872.0890203542847,770.7000122070312,770.7000122070312,-0.2811902468082397,-1.7236240049910754,0.8767430791210848,1872.0890203542847,689.5550005231585,-6.420001220703125,3.2262406893086375,33.00222032335068,-0.0076330952129246565,-0.010245481617974006,-0.15583472602922888,-0.025840353231136204,-0.12558931784648908,,-0.007662376383331774,-0.09193962664651711,0.4184204287185127,-0.05745104829443515,-0.04825116188677914
2026-09-23 00:00:00+05:30,695.7000122070312,708.2000122070312,692.5499877929688,701.4000244140625,231077,0.0,0.0,750.6375000000002,769.9559997558596,765.0735009765626,835.8830010986326,737.3457357010167,758.6742148926754,780.7459590711198,849.0831629159699,728.7016691662017,761.4802349494485,707.8755408088615,740.3665888943998,688.3109072861761,735.5857397684252,681.8114392644708,732.4858418591858,701.5773642033241,689.7421588893703,742.9690558661131,758.6522693660489,787.958260403074,736.0319575045836,700.2583568936495,698.4750061035156,738.4499816894531,750.625,29.915113934034277,-23.924605850885882,-6.460485085880801,-17.46412076500508,12.179260066566911,12.289023258337943,-0.109763191771032,5.901816346318319,2.1317603275296824,-86.26149214433701,-8.157651800073543,-13.450147669826325,-62.29998779296875,-545.2176060068336,-72.03587377211636,46.1758393193673,-3.0847842670835677,-3.403442687440276,-0.19284966510685342,-0.05463773327697183,-22.96323327654708,-15.310023190870425,-30.960047604932925,-47498.70034737802,-51863.81172453917,-92.64166259765625,0,1,0,-92.64166259765625,0,0,0,1,0,21.263124749960888,15.6500244140625,664.7777476930936,750.6375000000002,836.4972523069067,22.876488932915432,0.2132680082168313,696.6846514723987,737.3457357010167,778.0068199296346,682.75,753.7999877929688,824.8499755859375,10.428236753857082,0.19418181400414256,701.9873974075057,750.6375000000002,806.8249218215682,-7806561.0,18.063587461526925,-0.27259524478162855,-9759708.777239073,-58887.45737645216,-713898.0127314721,700.7166748046875,8903060.337632138,975.9150554996842,-24.652434008551467,-6.667546835895401,-17.984887172656066,0.6932163038143591,-1.1469279671326746,42.929876153453286,1842.9742665508372,760.2000122070312,760.2000122070312,-0.10162548054149341,-1.8574915932956766,0.8667528221986665,1842.9742665508372,684.8300074986048,-5.45,3.229635200515675,35.289663628472226,0.008410663106553029,-0.0023468649563395116,-0.1345014766982633,-0.017578244384607533,-0.09555122577167952,,0.008375490558299737,-0.09193962664651711,0.4184204287185127,-0.05745104829443515,-0.04825116188677914
2026-09-24 00:00:00+05:30,701.0499877929688,703.1500244140625,687.6500244140625,689.5499877929688,184152,0.0,0.0,745.2975006103517,768.1739990234377,763.4340008544923,834.1527511596677,732.793759709774,755.9634608887653,778.9400982537306,847.4957681386267,722.8838108607702,758.3270580097274,702.0117955771759,735.7693310827436,683.1236216486312,729.3634429699531,679.0701968027089,724.5407363272834,697.6660757799569,685.495283126469,736.1408566394396,754.670438639106,787.3809725158351,731.7219289037744,698.357873777438,695.4750061035156,735.4499816894531,739.7749938964844,27.02611613973645,-24.662746585242303,-5.758900656189777,-18.903845929052526,9.709961214083622,11.233210697575787,-1.5232494834921653,6.906347852715637,4.318246507839006,-94.03771282701709,-8.874061494753937,-13.411187426029313,-67.1500244140625,-529.4232683749958,-69.94131200453808,47.97610890308407,-3.1359669413158153,-3.0847842670835677,-0.22272933344975598,-0.08831577706466993,-22.849092687102058,-15.508575611705965,-31.008575611705965,-47001.499596894406,-49131.352502342816,-90.29166666666666,0,1,0,-90.29166666666666,0,0,0,1,0,20.85147298210654,15.5,658.1337069218852,745.2975006103517,832.4612942988182,23.390335702745507,0.18021405185373762,693.0527787410244,732.793759709774,772.5347406785236,682.75,753.7999877929688,824.8499755859375,10.789370034871679,0.19387254492375702,697.2376866225825,745.2975006103517,800.5002140884028,-7990713.0,21.210073558255978,-0.24652950993827027,-9898714.70547748,-87698.68617422692,-923656.5743194985,693.4500122070312,8591938.59998027,974.2255721508643,-27.153110112913858,-7.334578352206233,-19.818531760707625,0.5834596452451803,-1.2791437925850493,43.58189684423326,1899.3817325413893,745.3250122070312,745.3250122070312,0.08492009003726748,-1.8370377731940266,0.8651284065345954,1899.3817325413893,678.0564313616071,-5.339999389648438,3.2323923593203476,38.20533162434894,-0.016894833488198202,-0.019271779637990538,-0.13411187426029314,-0.04328825835176031,-0.15299102263616404,,-0.017039179296242487,-0.09193962664651711,0.4184204287185127,-0.05745104829443515,-0.04825116188677914
2026-09-25 00:00:00+05:30,692.0,710.0,687.2999877929688,704.75,341486,0.0,0.0,740.7700012207031,766.8589990234378,761.9930010986329,832.5045010375973,730.1229254517003,753.9550898735197,777.470987397221,846.0754122367498,719.0221441359747,755.8398423617493,699.8561078601401,732.6232753589687,683.2328926047768,725.3755289227988,679.1961227562314,717.2269360308164,698.3353485959768,685.7766858960463,731.2804313675804,750.5963806890978,786.4783653362609,729.4830638650533,697.9693511054155,697.1499938964844,733.625,739.7749938964844,35.61523462988645,-23.74746844794936,-3.8748980151174663,-19.872570432831893,12.9968607584045,11.628694013018343,1.3681667453861568,22.642745004503922,11.816969734512625,-80.7102127534324,-3.978474245027271,-11.385639278614018,-29.20001220703125,-532.0240274130252,-66.04396182789503,48.19830380348883,-2.6807806951576554,-3.1359669413158153,-0.24812654868270334,-0.12172407566999333,-21.78496564767549,-6.671657164944463,-29.371669371975713,-46354.34572891099,-47515.55468002255,-84.06666056315103,0,1,0,-84.06666056315103,0,0,0,1,0,20.98351149817259,22.70001220703125,655.1488786606345,740.7700012207031,826.3911237807716,23.11678993992059,0.2896547011782472,689.8429879643496,730.1229254517003,770.402862939051,682.75,753.7999877929688,824.8499755859375,10.990270109969662,0.2189306937212693,691.9535542095398,740.7700012207031,796.0535755718445,-7649227.0,28.56366469559038,-0.2189323852374426,-9715184.69983106,-33116.57923361659,-50192.58248381689,700.6833292643229,9344689.156200815,974.2255721508643,-25.74734954108969,-4.743054224305652,-21.004295316784038,1.082152186306395,-0.841381195287011,42.810561280034285,1832.7441571115705,727.5,727.5,0.3006310703784805,-1.722505686581257,0.8369259016849605,1832.7441571115705,675.5264299665179,-4.527499389648438,3.244227941687015,40.005998535156245,0.022043379705772637,0.005779916829474985,-0.11385639278614024,-0.041482488949336926,-0.12708240377597724,,0.021803936776770467,-0.09193962664651711,0.4184204287185127,-0.05745104829443515,-0.04825116188677914
2026-09-28 00:00:00+05:30,706.0,708.4000244140625,694.1500244140625,706.4500122070312,344029,0.0,0.0,735.8275024414063,765.9679992675784,760.4890014648438,830.8727508544919,727.8683622855413,752.0921456513045,776.0646314528608,844.6861047737676,715.7535737537203,753.4708624865962,698.4442558857,729.8069852963723,684.1666569709743,721.9275044816468,681.6684574196555,710.6197125608433,698.6869820211931,688.0979562310954,725.6988463024608,744.4486820122819,785.8847747673653,727.6125602492922,698.9560773212677,705.6000061035156,726.625,733.9249877929688,36.51523652776839,-22.62413026178342,-2.201247863161221,-20.4228823986222,16.135976560405854,12.947599510964658,3.188377049441197,39.02367180482473,22.85758822068143,-76.84414473833296,-2.0248215564951253,-12.274925752432823,-14.5999755859375,-580.0375912869252,-62.67454816032841,51.814655847866334,-1.7144073852250665,-2.6807806951576554,-0.269032237524669,-0.153751292889448,-20.020991747868088,-6.811397756894394,-21.061397756894394,-43834.49508647595,-46340.814347577456,-76.62499999999999,0,1,0,-76.62499999999999,0,0,0,1,0,20.502546391160262,14.25,654.5905966718127,735.8275024414063,817.0644082109999,22.08042115850718,0.3191863048200265,688.7103236065096,727.8683622855413,767.0264009645729,682.75,753.7999877929688,824.8499755859375,11.070205996198904,0.21036228723077008,687.0500650589661,735.8275024414063,790.1625833695131,-7305198.0,28.697223237339777,-0.16071386401498294,-9465311.594507936,71728.14159340784,40528.2863814075,703.0000203450521,9427676.527548492,974.2255721508643,-24.325549033034836,-2.657002973000637,-21.6685460600342,1.084215996699723,-0.7232547807198935,40.61845288479682,1649.858714754459,713.75,713.75,0.48992720258047456,-1.5484649994358952,0.8064292308045936,1649.858714754459,675.6057163783482,-4.942498779296875,3.258177748917126,41.553997667100674,0.0024122202299130535,0.007918372948564789,-0.12274925752432819,-0.0484240450226342,-0.13319016907112735,,0.002409315496993462,-0.09193962664651711,0.4184204287185127,-0.05745104829443515,-0.04825116188677914
2026-09-29 00:00:00+05:30,708.5,708.5,690.0499877929688,696.25,275246,0.0,0.0,730.6700012207032,764.6479992675784,758.9780017089845,829.309000854492,724.8570896869184,749.9022575865474,774.484143701319,843.2091286068645,711.9842878069197,750.7368232996323,695.5107944025938,726.3870149872382,682.6633673461665,717.6346896951593,684.4550446613526,704.4242832385546,698.6404202918544,688.2267234668988,720.0675180390677,734.63814590032,785.154656832079,724.9406406251167,699.858833445865,701.3500061035156,723.125,724.875,33.49032290474704,-22.29987333743611,-1.5015927510511275,-20.798280586384983,19.489793793546074,16.20754370411881,3.282250089427265,55.80350858534064,39.15664179822309,-83.97626112759644,-0.9249377445748844,-12.90343023064936,-6.5,-667.1463686268564,-59.885873592601,48.38204724756787,-1.0934037271051191,-1.7144073852250665,-0.2873436089366632,-0.1837868043596363,-18.303304309179293,-4.002647575105925,-22.452659782137175,-41146.84075336638,-44754.336996839105,-66.28333536783855,0,1,0,-66.28333536783855,0,0,0,1,0,20.35593680657962,18.45001220703125,653.4277543223701,730.6700012207032,807.9122481190362,21.142854303389306,0.2771944589726456,685.9140999855028,724.8570896869184,763.8000793883339,682.75,750.625,818.5,11.103540272922347,0.21226705025217074,683.0434982412673,730.6700012207032,783.081019603572,-7580444.0,28.71230853597758,-0.09666600580268171,-9555568.171109488,79380.42195911705,-366334.69166401116,698.2666625976562,9030265.173394002,972.7817315349989,-24.46031681554156,-2.2334166044058854,-22.226900211135675,0.8854886488517595,-0.891222164109418,38.62112344916651,1491.591176475759,705.6000061035156,705.6000061035156,0.6941086019990864,-1.2435750679238224,0.7887607922656357,1491.591176475759,674.6128609793527,-5.157501220703125,3.271982757761949,42.8164432779948,-0.014438406158654105,0.0010064153825268818,-0.1290343023064936,-0.09242002497257928,-0.15215539497036723,,-0.014543654249721675,-0.09193962664651711,0.4184204287185127,-0.05745104829443515,-0.04825116188677914
2026-09-30 00:00:00+05:30,696.0,708.0,681.0,685.9000244140625,467662,0.0,0.0,725.1850036621094,763.0090002441408,757.4940020751953,827.6910009765622,721.1468929942655,747.3923660895873,772.7300027253337,841.6438638885282,707.7204804920016,747.6486674230239,691.2386383484287,722.3878254872893,679.1063363512453,712.5478344783027,686.0439656099921,698.4219914557619,697.9778623244115,686.3670424931167,714.396245694092,728.7211406446612,783.5855079056361,721.4608337328688,698.817222750473,691.0750122070312,709.9250183105469,721.0,30.71031255127125,-22.617335356983176,-1.4552438164785535,-21.162091540504623,15.101541550549577,16.909103968167166,-1.8075624176175893,54.45131280619849,49.75949773212128,-93.87496948242188,-2.439366144183264,-13.78833013300233,-17.14996337890625,-779.0126586266132,-58.6807268928078,41.91895670096168,-1.07669419461282,-1.0934037271051191,-0.30451541648853775,-0.21159752578497398,-16.741499669346762,-0.7022728378140073,-27.702272837814007,-40254.24106291436,-42761.876411918325,-58.358327229817704,0,1,0,-58.358327229817704,0,0,0,1,0,20.83051274896679,27.0,651.8767465830124,725.1850036621094,798.4932607412063,20.217808341015836,0.23205624568553185,680.7699023120324,721.1468929942655,761.5238836764986,681.0,749.75,818.5,11.026863219965552,0.2139879882477175,676.7864403668688,725.1850036621094,779.1614556256577,-8048106.0,28.266993511259745,-0.1305137701978916,-9853485.340181392,-19497.32822861895,-1005471.2046363957,691.6333414713541,8335070.87788654,972.7817315349989,-20.156117843650826,1.6566258939878793,-21.812743737638705,1.4339592326330268,-1.0717750172578724,36.65412853954849,1343.525138993743,703.9249877929688,703.9249877929688,0.8830577497611538,-0.792435184202934,0.7835724062418447,1343.525138993743,672.7914341517857,-5.48499755859375,3.281105444427462,44.40866536458331,-0.014865315024685799,-0.022098659054009095,-0.13788330133002324,-0.08595415498602066,-0.1843747970061238,,-0.014976911142017647,-0.09193962664651711,0.4184204287185127,-0.05745104829443515,-0.04825116188677914
2026-10-01 00:00:00+05:30,682.0,685.3499755859375,672.2999877929688,674.5499877929688,341622,0.0,0.0,718.8800018310546,761.1909997558595,756.0405017089844,825.8517507934567,716.7090924989038,744.5358022348179,770.7858440138018,839.9812382557366,702.8980980282739,744.1796865425857,685.6340902282957,717.7672901094002,673.6016167608128,706.6183849314941,685.1182300068908,692.3905805332387,695.9331366927111,682.7511301965252,708.0983532273813,722.3597443472006,782.4218959763277,717.0761354815314,694.3099680656783,680.2250061035156,697.7999877929688,702.8249816894531,27.968493594492944,-23.513727776749874,-1.881308988996203,-21.63241878775367,8.61142460413568,14.400919982743776,-5.7894953786080965,37.74917070672993,49.33466403275634,-96.31449557757466,-4.0605872257606395,-15.7497074596828,-28.54998779296875,-927.8172352305688,-59.19647019330159,42.39959649030227,-1.322705849516173,-1.07669419461282,-0.32177410877112234,-0.23720707946523292,-15.469566050220857,-18.473399388327266,-31.523387181296016,-40747.0040067392,-41230.610454296104,-49.73333740234375,0,1,0,-49.73333740234375,0,0,0,1,0,20.31405016840443,13.60003662109375,651.4444932179483,718.8800018310546,786.315510444161,18.761269875734968,0.1713154912761331,677.5870463347703,716.7090924989038,755.8311386630373,672.2999877929688,745.3999938964844,818.5,10.772189346155741,0.20993540861832907,672.2972868258842,718.8800018310546,772.1098020846732,-8389728.0,28.465157537702137,-0.19325091445995296,-10077306.540334798,-129390.66896981001,-1415749.919769952,677.3999837239584,7769766.595548364,971.126966085648,-19.227187852302762,2.068444708268757,-21.29563256057152,0.9927077294580705,-1.314738034895467,33.717754306553175,1136.8869554770854,703.0749816894531,703.0749816894531,0.9117079249788057,-0.5958141124023986,0.7988298152378129,1136.8869554770854,670.9342904227121,-6.305001831054687,3.2854456845206763,45.743332926432274,-0.0165476544935097,-0.021753317765997315,-0.15749707459682794,-0.06572023851389375,-0.18797402446064493,,-0.01668609631120533,-0.09193962664651711,0.4184204287185127,-0.05745104829443515,-0.04825116188677914
2026-10-05 00:00:00+05:30,675.0,698.0,675.0,691.9500122070312,191222,0.0,0.0,714.5650024414061,759.8469995117189,754.918501586914,824.1635009765623,714.3510848520589,742.4736143905909,769.2247384334697,838.5082907328639,700.3333371117002,741.4643536975336,684.1021711172203,714.7735301060303,673.9630609409082,703.1667969782774,684.477812563413,686.9400018169828,695.8724653632213,682.7748320825704,703.019987870272,713.8449800288333,781.9603532572295,715.0061864956547,690.0517256074404,683.25,690.5,696.6499938964844,37.22186931278962,-22.56003068482721,-0.7420895176588296,-21.81794116716838,16.719883644363446,13.4776165996829,3.2422670446805455,53.15156042866697,48.450681313865125,-59.65088400691314,-1.2487512269965102,-11.088980121165275,-8.75,-1138.173672169903,-58.67132173426012,46.00015950609956,-1.2702497607425118,-1.322705849516173,-0.3356091584125087,-0.26038151553849426,-13.212523859481324,-4.127180293231504,-27.127180293231504,-40543.95871785785,-40615.548268421895,-36.89166259765625,0,1,0,-36.89166259765625,0,0,0,1,0,20.538047456877774,23.45001220703125,652.2772230909026,714.5650024414061,776.8527817919097,17.433761557783857,0.31846366598561315,674.4882788545988,714.3510848520589,754.213890849519,672.2999877929688,734.5499877929688,796.7999877929688,10.375843304968338,0.2287186867907766,669.9733584488986,714.5650024414061,763.435867604172,-8198506.0,33.67508389527857,-0.10916931011273648,-9986683.737356283,-133749.71932806075,-738176.007159122,688.3166707356771,8263023.956562068,973.7064671943787,-21.654554084749254,-0.2871372193421884,-21.367416865407066,0.6882529600110568,-0.7261453360575473,31.14388967525179,969.941864104255,702.8999938964844,702.8999938964844,1.178960039309449,0.23949188835386429,0.7739423944115732,969.941864104255,671.870006452288,-4.314999389648437,3.293472815235066,45.21177707248266,0.025795011087307085,-0.01816245163954422,-0.1108898012116527,-0.07641484125360609,-0.19022818934226882,,0.025467932525161475,-0.09193962664651711,0.4184204287185127,-0.05745104829443515,-0.04825116188677914
2026-10-06 00:00:00+05:30,698.0,710.7000122070312,695.0,699.2000122070312,314300,0.0,0.0,710.4575042724609,758.6709997558594,753.8570019531248,822.4825009155271,712.9081255525324,740.7766103833926,767.838110191362,837.1221387077312,698.8700047084264,739.0860404698989,684.2345261404878,712.5323490834674,676.4863298920665,700.857945220472,685.218704905324,682.3127971337648,695.8912447669427,684.6867563243345,698.9407726596731,710.2398865132508,781.1425239235318,713.7715695888526,688.5607407762327,695.5750122070312,690.5,691.5,40.64339335579356,-20.977390163408245,0.6724408030081115,-21.649830966416356,38.02890759640203,21.120071948300385,16.908835648101643,72.10069238935415,54.33380784158368,-29.94789762630613,-0.24254703207528405,-10.513849868274669,-1.70001220703125,-1492.3979263863253,-55.96514928481133,48.29329058573315,-0.6691826008979062,-1.2702497607425118,-0.34510249245005564,-0.280786952202541,-10.425066403158187,8.990998783256941,-6.709013423774309,-38791.46183264815,-40271.27139079277,-27.716654459635414,0,1,0,-27.716654459635414,0,0,0,1,0,20.410329781386505,18.75,656.4257107454139,710.4575042724609,764.489297799508,15.21042235520559,0.3958252971947484,673.2703486976875,712.9081255525324,752.5459024073773,672.2999877929688,734.5499877929688,796.7999877929688,9.805619473285207,0.2334975812384251,665.3874240437259,710.4575042724609,760.3624301472415,-7884206.0,41.0552510769363,-0.1462560099974148,-10132822.86980247,-169872.7166776713,-307197.29185067606,701.6333414713541,8592336.039776284,973.7064671943787,-20.69047405529407,0.5415542480903959,-21.232028303384467,1.0950509827586088,-0.4166988112210065,27.01589676352352,729.8586779373607,702.0750122070312,702.0750122070312,1.4228760150476856,1.3218883368745498,0.7358759148271173,729.8586779373607,675.6950055803571,-4.1074981689453125,3.3014030449219147,44.43422173394095,0.010477635482475822,-0.010262580330843485,-0.10513849868274672,-0.07836289500280058,-0.18360674617164663,,0.01042312548646192,-0.09193962664651711,0.4184204287185127,-0.05745104829443515,-0.04825116188677914
2026-10-07 00:00:00+05:30,698.0,701.75,691.0,699.5499877929688,336016,0.0,0.0,706.5500030517577,757.2389990234374,752.8905017089842,820.7912506103512,711.6359219563834,739.1598800857289,766.4858701438691,835.7532615842014,697.8311936151414,736.7675694125306,684.5421001870653,710.4699077664767,678.9611500200081,698.8250915069905,687.1484174957934,678.4758543692229,695.9214361128819,685.9261082145765,695.1979972612546,706.4873492413719,780.224122472593,712.6705834880847,690.4366076559462,699.375,690.5,691.5,40.81109447147516,-19.47045278320843,1.7435025465663436,-21.213955329774773,60.45490497202378,38.40123207092975,22.053672901094032,99.99999999999999,75.08408427267369,-29.036503450709372,0.5750844756237139,-10.048865010594627,4.0,-2189.2030120929035,-53.97970670812265,46.790625851094035,-0.20455025015485934,-0.6691826008979062,-0.35075533352330046,-0.2983320264710352,-8.024038932524247,0.34941880919780033,-10.4005811908022,-37096.854194287596,-39419.1165503398,-19.533325195312496,0,1,0,-19.533325195312496,0,0,0,1,0,19.720306225573182,10.75,662.6377397905355,706.5500030517577,750.4622663129799,12.430051113595539,0.4202954398279616,673.7255524210476,711.6359219563834,749.5462914917192,672.2999877929688,728.6999816894531,785.0999755859375,9.203412605826427,0.23447696266382187,662.8215888106498,706.5500030517577,754.0965979659233,-7548190.0,40.8628591348651,-0.0909550611508945,-9934339.76315276,-106053.61650690623,-246512.33637424023,697.4333292643229,8609154.889094261,973.7064671943787,-19.21791848521269,1.6112878545374265,-20.829206339750115,1.1101317161422646,-0.31881824068815406,21.956131630611058,482.07171618071936,701.1500244140625,701.1500244140625,1.563493266410075,2.36530162047252,0.6965472543797577,482.07171618071936,680.3935747419085,-3.907501220703125,3.30862723524075,42.14533284505205,0.0005005371565036665,0.004739659307674948,-0.10048865010594621,-0.10851283686688273,-0.19243868653048346,,0.0005004119295665602,-0.09193962664651711,0.4184204287185127,-0.05745104829443515,-0.04825116188677914
2026-10-08 00:00:00+05:30,700.0,700.0,675.0,677.1500244140625,289574,0.0,0.0,702.2225036621094,755.4209997558593,751.7675018310545,819.0380004882809,708.3515507618766,736.7281210397812,764.7168434957541,834.175119920817,695.0311956496466,733.6268253102022,680.8665190327017,706.8268497281185,675.4631360607317,694.4748958586492,687.2770224065076,674.790033661395,695.1731408844404,683.9093418165365,689.6470963652863,702.9184990448846,779.2378428274149,709.5576668168823,691.2210328638752,688.3500061035156,690.5,691.5,34.15889911062368,-19.854810002358363,1.087316261933129,-20.942126264291492,51.21529819787458,49.8997035887668,1.3155946091077837,84.71526428950898,85.60531889295437,-87.36970432936076,-3.457370851998192,-11.332982376528486,-24.25,-3276.08415695838,-52.43853023753434,39.06221848571057,-0.10732097613059752,-0.20455025015485934,-0.35654036172375614,-0.3131999185014796,-7.065252355796768,2.0637840630176925,-22.936215936982308,-37172.707222152814,-38248.882998980356,-17.208323160807293,0,1,0,-17.208323160807293,1,0,0,0,0,20.09742720946081,25.0,665.5646179289091,702.2225036621094,738.8803893953096,10.440532891506152,0.15802065849450683,669.2897878489538,708.3515507618766,747.4133136747995,672.2999877929688,719.6499938964844,767.0,8.62712257414816,0.24998684584556238,658.5862662862357,702.2225036621094,749.8362815450249,-7837764.0,36.20241514186932,-0.1001007052165649,-10174106.46957854,-146593.9715264421,-1137931.5733898343,684.0500081380209,7681923.510540788,970.5044139072967,-18.938336984244824,1.5126954844042366,-20.45103246864906,0.9385575318387882,-1.367917366021973,18.328942866600126,335.9501466070916,700.8000183105469,700.8000183105469,1.475853470370892,3.5271343926720053,0.7081374167539735,335.9501466070916,680.6485796247209,-4.3274993896484375,3.307209355892069,40.60199869791666,-0.03202053287081963,-0.012756961202144312,-0.11332982376528489,-0.13074451294728817,-0.20568912092192082,,-0.032544403573938833,-0.09193962664651711,0.4184204287185127,-0.05745104829443515,-0.04825116188677914
2026-10-09 00:00:00+05:30,680.0499877929688,690.9500122070312,673.0999755859375,688.9000244140625,151305,0.0,0.0,698.8325042724609,753.6209997558593,750.8455023193358,817.4160006713864,706.4990244430372,734.8525094074001,763.2155203456216,832.7295965824413,693.7623881022135,731.0181596105239,679.9555195424527,704.3217787356718,675.918602079395,691.849440534746,687.0342805883895,671.7197522673622,695.144013014127,682.8751234366878,686.1138788148094,699.4467558982635,778.7574125155923,707.8970145335823,690.9522672954811,683.0250244140625,690.5,691.5,39.71032957876171,-18.992356997391994,1.5598154135195976,-20.55217241091159,42.27434225654035,51.31484847547957,-9.040506218939221,82.18603904102523,88.96710111017805,-56.770765450308836,-0.09425906611739303,-8.959955953379692,-0.64996337890625,-4680.200985014846,-48.293381096335,43.52345130305569,-0.30424923858848335,-0.10732097613059752,-0.3600614270465874,-0.32563712720857785,-5.87321164751341,-5.695319226676816,-23.545355847770566,-37743.28611844701,-37512.31179732933,-12.458323160807291,1,0,0,-12.458323160807291,1,1,0,0,0,19.936899310291736,17.85003662109375,672.2246289667466,698.8325042724609,725.4403795781752,7.614950690771076,0.3133545098156457,667.7574224511368,706.4990244430372,745.2406264349377,672.2999877929688,716.6499938964844,761.0,7.9835207107186,0.2627641554256007,655.2357551102308,698.8325042724609,745.7232734207778,-7686459.0,46.685352858995586,-0.08555030313975948,-10057554.720745387,-112767.29017602652,-721393.6700484294,684.3166707356771,7944470.019571539,972.239627608303,-21.965460293978385,-1.2115422602634602,-20.753918033714925,0.49568184632601486,-0.7465819607374158,13.303937652857169,176.9947570711107,700.125,700.125,0.6540827257860599,1.9635630431518192,0.70559615499443,176.9947570711107,683.6221557617188,-3.3899993896484375,3.3104462072101972,38.88977701822916,0.01735213701006244,0.021273496228270572,-0.08959955953379695,-0.11526359363763872,-0.20372189218785297,,0.017203307882823936,-0.09193962664651711,0.4184204287185127,-0.05745104829443515,-0.04825116188677914
