Date,Open,High,Low,Close,Volume,Dividends,Stock Splits,SMA_20,SMA_50,SMA_100,SMA_200,EMA_20,EMA_50,EMA_100,EMA_200,WMA_20,WMA_50,DEMA_20,DEMA_50,TEMA_20,TEMA_50,HMA_20,HMA_50,KAMA_10,ZLMA_20,ZLMA_50,VWMA_20,VWMA_50,MCGD_14,ALMA_10,MIDPOINT_2,MIDPOINT_14,MIDPRICE_14,RSI_14,MACD_12_26_9,MACDh_12_26_9,MACDs_12_26_9,STOCHk_14_3_3,STOCHd_14_3_3,STOCHh_14_3_3,STOCHRSIk_14_14_3_3,STOCHRSId_14_14_3_3,WILLR_14,ROC_10,ROC_20,MOM_10,CCI_20,AO_5_34,UO_7_14_28,FISHERT_9_1,FISHERTs_9_1,TRIX_18_9,TRIXs_18_9,COPPOCK_10_14_11,BULLP_13,BEARP_13,RVGI_14_4,RVGIs_14_4,SQZ_20_2_20_1.5,SQZ_ON,SQZ_OFF,SQZ_NO,SQZPRO_20_2_20_2.0_1.5_1.0,SQZPRO_ON_WIDE,SQZPRO_ON_NORMAL,SQZPRO_ON_NARROW,SQZPRO_OFF,SQZPRO_NO,ATR_14,TR,BBL_20_2.0_2.0,BBM_20_2.0_2.0,BBU_20_2.0_2.0,BBB_20_2.0_2.0,BBP_20_2.0_2.0,KCLe_20_2,KCBe_20_2,KCUe_20_2,DCL_20_20,DCM_20_20,DCU_20_20,UI_14,HIST_VOL_20,ACCBL_20,ACCBM_20,ACCBU_20,OBV,MFI_14,CMF_20,AD,ADOSC_3_10,EFI_13,VWAP,PVT,NVI,PVO_12_26_9,PVOh_12_26_9,PVOs_12_26_9,RVOL_10,ZSCORE_20,STDEV_20,VARIANCE_20,MEDIAN_20,QUANTILE_20,SKEW_20,KURT_20,CORRELATION_20,COVARIANCE_20,LINREG_20,SLOPE_20,ENTROPY_10,MAD_30,RETURN_1D,RETURN_5D,RETURN_20D,RETURN_60D,RETURN_120D,RETURN_252D,LOG_RETURN,QOQ_RETURN,QOQ_VOLUME_GROWTH,QOQ_VOLATILITY,QOQ_HL_RANGE
2025-10-03 00:00:00+05:30,563.4759757195492,584.7326204150067,559.7921380244128,577.2156372070312,456133,0.0,0.0,,,,,,,,,,,,,,,,,,,,,,,,,,,,,,,,,,,,,,,,,,,,,,,,,,,,,0,0,1,,0,0,0,0,1,,24.940482390593957,,,,,,,,,,,,,,,,,,,,181178.8874126164,,,573.9134652154836,,1000.0,,,,,,,,,,,,,,,,,,,,,,,,,0.20632572989537024,1.6844170190618608,0.039340742408667806,0.12129549008734797
2025-10-06 00:00:00+05:30,583.1893937946704,583.1893937946704,566.5126164219676,569.3999633789062,519181,0.0,0.0,,,,,,,,,,,,,,,,,,,,,,576.6260867189551,,573.3078002929688,,,0.0,,,,,,,,,,,,,,,,,,,,,,,,,,0,0,1,,0,0,0,0,1,,16.676777372702873,,,,,,,,,,,,,,,,,-519181.0,,,-158224.49165396544,,,573.0339911985147,-702986.7335878088,1000.0,,,,,,,,,,,,,,,,,,-0.013540301620972417,,,,,,-0.013632807492319206,0.20632572989537024,1.6844170190618608,0.039340742408667806,0.12129549008734797
2025-10-07 00:00:00+05:30,568.404358998126,569.7982024960743,547.5956981606826,549.3878173828125,748953,0.0,0.0,,,,,,,,,,,,,,,,,,,,,,574.2649968397226,,559.3938903808594,,,0.0,,,,,,,,,,,,,,,,,,,,,,,,,,0,0,1,,0,0,0,0,1,,22.202504335391723,,,,,,,,,,,,,,,,,-1268134.0,,,-786271.0346618737,,,555.5939060131898,-3335258.9050277914,1000.0,,,,,,,,,,,,,,,,,,-0.0351460261383556,,,,,,-0.035778511516710576,0.20632572989537024,1.6844170190618608,0.039340742408667806,0.12129549008734797
2025-10-08 00:00:00+05:30,552.5738499361313,552.5738499361313,538.2367743872073,547.9441528320312,251518,0.0,0.0,,,,,,,,,,,,,,,,,,,,,,571.9968249161399,,548.6659851074219,,,0.0,,,,,,,,,,,,,,,,,,,,,,,,,,0,0,1,,0,0,0,0,1,,14.337075548923963,,,,,,,,,,,,,,,,,-1519652.0,,,-697192.3204500336,,,546.2515923851233,-3401352.037964954,999.7372230498923,,,,,,,,,,,,,,,,,,-0.002627769501076016,,,,,,-0.0026312281476974842,0.20632572989537024,1.6844170190618608,0.039340742408667806,0.12129549008734797
2025-10-09 00:00:00+05:30,552.474287529746,554.5650831048512,544.6087979503656,551.0803833007812,184493,0.0,0.0,,,,,,,,,,,,,,,,,,,,,,570.2627237428238,,549.5122680664062,,,2.8683424731643914,,,,,,,,,,,,,,,,,,,,,,,,,,0,0,1,,0,0,0,0,1,,9.956285154485613,,,,,,,,,,,,,,,,,-1335159.0,,,-641844.420450032,,,550.0847547853326,-3295755.041468038,1000.3095862099955,,,,,,,,,,,,,,,,,,0.005723631601031842,,,,,,0.0057073138565769555,0.20632572989537024,1.6844170190618608,0.039340742408667806,0.12129549008734797
2025-10-10 00:00:00+05:30,548.6908875566498,555.4612105329219,547.0979061318482,554.2166748046875,106170,0.0,0.0,,,,,,,,,,,,,,,,,,,,,,568.9779647694959,,552.6485290527344,,,5.778874787474802,,,,,,,,,,,,,,,,,,,,,,,,,,0,0,1,,0,0,0,0,1,,8.36330440107372,,,,,,,,,,,,,,,,,-1228989.0,,,-567272.5428978244,,,552.2585971564858,-3235331.9019297934,1000.8787030936561,,,,,,,,,,,,,,,,,,0.00569116883660592,-0.03984466275658893,,,,,0.005675035318682457,0.20632572989537024,1.6844170190618608,0.039340742408667806,0.12129549008734797
2025-10-13 00:00:00+05:30,551.6777449146474,555.4611819484583,542.6673188595829,545.952880859375,135508,0.0,0.0,,,,,,,,,,,,,,,,,,,,,,567.0378191488318,,550.0847778320312,,,5.326016928022744,,,,,,,,,,,,,,,,,,,,,,,,,,0,0,1,,0,0,0,0,1,,12.793863088875355,,,,,,,,,,,,,,,,,-1364497.0,,,-633181.5590139104,,,548.0271272224721,-3437384.680355495,1000.8787030936561,,,,,,,,,,,,,,,,,,-0.01491076382395884,-0.041178581010776094,,,,,-0.015023046810956783,0.20632572989537024,1.6844170190618608,0.039340742408667806,0.12129549008734797
2025-10-14 00:00:00+05:30,547.4961874633048,547.4961874633048,528.6787827528968,530.3215942382812,234576,0.0,0.0,,,,,,,,,,,,,,,,,,,,,,563.6099767852247,,538.1372375488281,,,4.592852983633989,,,,,,,,,,,,,,,,,,,,,,,,,,0,0,1,,0,0,0,0,1,,18.817404710407914,,,,,,,,,,,,,,,,,-1599073.0,,,-826799.2916092238,,,535.4988548181609,-4109003.9388999245,1000.8787030936561,,,,,,,,,,,,,,,,,,-0.028631200913325716,-0.03470448841650586,,,,,-0.029049069118274994,0.20632572989537024,1.6844170190618608,0.039340742408667806,0.12129549008734797
2025-10-15 00:00:00+05:30,534.6525115090305,542.6175396134481,528.6787404307173,542.1694946289062,604179,0.0,0.0,,,,,,,,,,,,,,,,,,,,,,561.8215099630186,,536.2455444335938,,,14.230335814451307,,,,,,,,,,,,,,,,0.0,,,,,,,,,,0,0,1,,0,0,0,0,1,,13.938799182730804,,,,,,,,,,,,,,,,,-994894.0,,,-261461.42378521967,,,537.821924891024,-2759209.269424121,1000.8787030936561,,,,,,,,,,,,,,,,,,0.022340972948013738,-0.010538771466542474,,,,,0.02209506915993193,0.20632572989537024,1.6844170190618608,0.039340742408667806,0.12129549008734797
2025-10-16 00:00:00+05:30,543.6131911919431,543.6629604660391,534.5031656036415,537.4900512695312,117976,0.0,0.0,,,,,,,,,,,,,,,,,550.5178649902344,,,,,559.7468265215452,541.4313612289582,539.8297729492188,,,13.644109397515113,,,,,,,,,,,,,,,,-0.27920738547632395,0.0,,,,,,,,,0,0,1,,0,0,0,0,1,,9.159794862397575,,,,,,,,,,,,,,,,,-1112870.0,,,-302496.65630895447,74628.33756578912,,538.5520591130706,-2861033.886123275,1000.0156070682004,,,,0.3512563093851853,,,,,,,,,,,,,,-0.008630960254556341,-0.02466125168500577,,,,,-0.008668422705722595,0.20632572989537024,1.6844170190618608,0.039340742408667806,0.12129549008734797
2025-10-17 00:00:00+05:30,541.5223676613152,544.210516007583,535.5485966370021,540.27783203125,234931,0.0,0.0,,,,,,,,,,,,,,,,,549.2852947087081,,,,,558.144638602769,539.6328666004327,538.8839416503906,,,15.867736280199992,,,,,,,,,,-6.3993077794135855,,-36.93780517578125,,,,-0.5528064104541144,-0.27920738547632395,,,,,,,,,0,0,1,,0,0,0,0,1,,8.661919370580904,,,,,,,,,,,,,,,,,-877939.0,,,-280892.36594834836,97280.02495355165,,540.012314891945,-2739183.0498920903,1000.0156070682004,,,,0.7487876436062643,,,,,,,,,,,,,,0.005186664860371115,-0.025150529399624588,,,,,0.005173260443684178,0.20632572989537024,1.6844170190618608,0.039340742408667806,0.12129549008734797
2025-10-20 00:00:00+05:30,540.5765356292396,560.2401995736959,530.8691572262802,554.365966796875,2918429,0.0,0.0,,,,,,,,,,,,,,,,,549.4338333001826,,,,,557.8672989772618,541.0045573324683,547.3218994140625,,,26.20856758231179,,,,,,,,,,-2.640322716709924,,-15.03399658203125,,,,-0.45200213697468083,-0.5528064104541144,,,,,,,,,0,0,1,,0,0,0,0,1,,29.37104234741571,,,,,,,,,,,,,,,,,2040490.0,,,1470160.2034951823,654856.0759848005,,548.4917745322837,4870831.394218966,1000.0156070682004,,,,5.271030768505542,,,,,,,,,,,,,,0.026075722397601808,0.015409912159923156,,,,,0.025741547531667516,0.20632572989537024,1.6844170190618608,0.039340742408667806,0.12129549008734797
2025-10-21 00:00:00+05:30,557.2035197610594,557.2035197610594,550.0847516093662,552.275146484375,39669,0.0,0.0,,,,,,,,,,,,,,,,,549.4570656804889,,,,,557.4514337666214,544.04173450256,553.320556640625,,,25.703632804973193,,,,,,,,,,0.5255539002151942,,2.8873291015625,,,,-0.009120108339311123,-0.45200213697468083,,,,7.042166282994458,-0.07660186869873087,,,,0,0,1,,0,0,0,0,1,,7.118768151693189,,,,,,,,,,,,,,,,,2000821.0,,,1454902.9478996,818568.4177185533,2084120.9191182454,553.1878059516002,4855870.022860657,999.6384518246019,,,,0.08217383549779604,,,,,,,,,,,,,,-0.0037715524359851482,0.041396677949021354,,,,,-0.003778682673563187,0.20632572989537024,1.6844170190618608,0.039340742408667806,0.12129549008734797
2025-10-23 00:00:00+05:30,552.2751433566378,553.1214032777538,541.6219062095105,543.9616088867188,214380,0.0,0.0,,,,,,,,,,,,,,,,,549.4054296728244,,,,,556.3886781108612,546.5288081663892,548.1183776855469,553.7686157226562,556.7056804228621,23.74472923447298,,,,,,,,,-72.73539590785711,-0.7268156662916929,,-3.9825439453125,,,,0.2434336916980619,-0.009120108339311123,,,,3.8457275984525268,-7.6537694697907455,,,,0,0,1,,0,0,0,0,1,14.84553699896547,11.499497068243272,,,,,,,,,,,,,,,,,1786441.0,,,1327759.0169143179,770671.4505944485,1531781.3320748466,546.2349727913277,4533158.381474859,999.6384518246019,,,,0.4475283546308371,,,,,,,,,,,,,,-0.015053253166610547,0.0033054501877483045,,,,,-0.015167703400104472,0.20632572989537024,1.6844170190618608,0.039340742408667806,0.12129549008734797
2025-10-24 00:00:00+05:30,539.6306457375733,542.6175312305858,536.6437602445609,537.7887573242188,169697,0.0,0.0,,,,,,,,,,,,,,,,,549.0758313426561,,,,,554.8665566144222,546.6919436604561,540.8751831054688,549.8607788085938,555.9340671126938,22.38083857208527,,,,,,,,,-83.28763951391981,-2.411921450905265,,-13.2916259765625,,,,0.10060273635440868,0.2434336916980619,,,,-5.0171561122750745,-10.990927098299949,,,,0,0,1,,0,0,0,0,1,14.307844973479213,7.3178486421578555,,,,,,,,,,,,,,,,,1616744.0,64.59800628800151,,1223113.9145787088,647720.026882853,1163310.5144067882,539.0166829331218,4340586.9987727925,998.5036563791782,,,,0.35534806193677543,,,,,,,,,,,,,,-0.011347954454237086,0.0005557424811528655,,,,,-0.011412833788194049,0.20632572989537024,1.6844170190618608,0.039340742408667806,0.12129549008734797
2025-10-27 00:00:00+05:30,540.4271479135775,542.6175428088596,535.747681721007,540.9747314453125,283961,0.0,0.0,,,,,,,,,,,,,,,,,548.847220564111,,,,,553.7683664465485,545.0523375962402,539.3817443847656,542.3437805175781,549.2384714633959,24.78228854363334,,,,24.62668588542276,,,,,-70.09690692195478,-2.389308001972625,,-13.241943359375,,,,-0.16760135392782172,0.10060273635440868,,,,-4.065722262922918,-10.935583350775573,,,,0,0,1,,0,0,0,0,1,13.776560410220174,6.869861087852655,,,,,,,,,,,,,,,,,1900705.0,71.81806244694553,,1371265.9508635371,585677.3626475681,1126365.0691200902,539.7799853250598,4508811.489351811,998.5036563791782,,,,0.5732757071741581,,,,,,,,,,,,,,0.00592421109162955,0.0012898908168088585,,,,,0.0059067319525334915,0.20632572989537024,1.6844170190618608,0.039340742408667806,0.12129549008734797
2025-10-28 00:00:00+05:30,539.5809217903256,549.9852526186014,538.336386063698,545.3057861328125,136619,0.0,0.0,,,,,,,,,,,,,,,,,548.829944606681,,,,,553.1254908836023,543.4013184593389,543.1402587890625,542.3437805175781,544.4594700022067,28.041573717316584,,,,33.09897987825109,,,93.31769654788903,,-47.31851392937211,-0.11852574631420927,,-0.6470947265625,,,,-0.24675402829804788,-0.16760135392782172,,,,3.4987702523859525,-8.150096302517454,-71566.23968434078,,,0,0,1,,0,0,0,0,1,13.624582277697549,11.648866554903407,,,,,,,,,,,,,,,,,2037324.0,82.22974251702128,,1398122.5067993307,515598.1439265616,1049984.9678674433,544.5424749383707,4618188.938233891,999.3042584102433,,,,0.2757519199534476,,,,,,,,,,,,,,0.008006020310650674,-0.01634332048991427,,,,,0.0079741421617488,0.20632572989537024,1.6844170190618608,0.039340742408667806,0.12129549008734797
2025-10-29 00:00:00+05:30,548.4419447080626,548.4419447080626,541.0743301375458,543.1153564453125,169349,0.0,0.0,,,,,,,,,,,,,,,,,548.6157926068255,,,,,552.3562927208291,542.618206650793,544.2105712890625,542.3437805175781,544.4594700022067,27.395035144603618,,,,42.77528703338878,33.500317599020875,9.274969434367904,97.32986965262181,,-54.25871804850675,2.4124535651631085,,12.79376220703125,,,,-0.30638534704246434,-0.24675402829804788,,,,2.437051759118958,-4.930562811397863,-68820.4099709391,,-14.303873697916664,0,0,1,-14.303873697916664,0,0,0,0,1,13.177656012898927,7.367614570516821,,,,,,,,,,,,,,,,,1867975.0,83.45868525899897,,1322601.9124211937,416027.53406341886,846994.6757223175,544.2105437636402,4550163.421802254,999.3042584102433,,,,0.34637434830718383,,,,,,,,,,,,,,-0.004016883266605431,-0.01658555540181572,,,,,-0.004024972612098831,0.20632572989537024,1.6844170190618608,0.039340742408667806,0.12129549008734797
2025-10-30 00:00:00+05:30,543.6131782871172,555.0629064012231,542.6673190283703,549.63671875,398388,0.0,0.0,,,,,,,,,,,,,,,,,548.6379226239445,,,,,552.1581641479229,543.5718886439729,546.3760375976562,542.3437805175781,544.4594700022067,32.39283089730606,,,,54.94215777572943,43.60547489578976,11.336682879939666,99.14388083325197,96.59714901125426,-33.59629469493284,1.3772859216663917,,7.46722412109375,,,,-0.16256444262361364,-0.30638534704246434,0.00035732403185217976,,,8.539181194985645,-3.856406177867143,-66378.2279948353,,-9.53315226236979,0,0,1,-9.53315226236979,0,0,0,0,1,13.121793967181347,12.395587372852788,,,,,,,,,,,,,,,,,2266363.0,84.07576550523606,,1372199.9792019227,353254.6209075089,1097142.9343105357,549.1223147265312,5028520.819546253,999.3042584102433,,,,0.8506386067042333,,,,,,,,,,,,3.319973200985515,,0.01200732446117847,0.0104329235199081,,,,,0.011935808448942578,0.20632572989537024,1.6844170190618608,0.039340742408667806,0.12129549008734797
2025-10-31 00:00:00+05:30,553.4200939213987,553.9677382274031,531.6656348549877,537.0420532226562,446074,0.0,0.0,547.4961303710936,,,,547.4961303710937,,,,544.2783534458706,,547.4961303710937,,547.4961303710937,,,,548.5829579639192,538.0919577858665,,550.9166283944131,,550.9516488076495,543.7266074388033,543.3393859863281,542.3437805175781,544.4594700022067,28.336026018352097,,,,46.21449526735154,47.977313358823245,-1.7628180914717078,94.27960253352136,96.91778433979837,-73.50150145450579,-0.0833500165848364,,-0.447998046875,-4443.203002851229,,,-0.2533873529679812,-0.16256444262361364,-0.0017216864957925182,,,8.798537590248543,-13.503565782166788,-67790.07516137008,-68292.26512954327,-4.173350016276042,0,1,0,-4.173350016276042,1,0,0,0,0,13.777530353269489,22.30210337241533,525.6839635737458,547.4961303710936,569.3082971684414,7.967971127965227,0.2603613330678247,519.9221904124722,547.4961303710937,575.0700703297152,528.6787404307173,556.7056804228621,584.7326204150067,,,514.1102411747553,547.4961303710936,582.7090716572758,1820289.0,77.69659894780646,0.1363408629981372,1141198.1100131997,221960.14161026955,137814.9679169827,540.891808768349,4006363.3401075974,999.3042584102433,,,,0.8901013010683235,-0.9585546677286995,10.90608339867392,118.94265509883088,545.6293334960938,545.6293334960938,1.2842053668529676,2.276952639202322,,118.94265509883088,537.8427995954241,,3.3218823115427796,,-0.022914527173488186,-0.0013884710146745416,,,,,-0.023181145784865517,0.20632572989537024,1.6844170190618608,0.039340742408667806,0.12129549008734797
2025-11-03 00:00:00+05:30,542.3686396056603,542.3686396056603,529.724145170226,533.95556640625,231121,0.0,0.0,545.3331268310546,,,,546.2065528506324,,,,542.9887759254093,,545.0397922368817,,543.9841516815834,,,,548.353108229158,535.7541680934626,,548.962599259793,,549.5755352696444,542.4399667836568,535.4988098144531,542.3437805175781,544.4594700022067,27.429428661234706,,,,36.54047058895381,45.899041210678256,-9.358570621724446,89.18439534612102,94.20262623763143,-83.28079208369994,-1.1701878644975232,-7.494611720864565,-6.322265625,-5213.485233336612,,,-0.6041264645461839,-0.2533873529679812,-0.006136612042617617,,,-1.1986132842221195,-13.84310771965636,-71301.77711404639,-68076.4655662327,-3.609161376953125,1,0,0,-3.609161376953125,1,1,0,0,0,13.696599216281257,12.64449443543424,527.7625979979381,545.3331268310546,562.9036556641712,6.443961669895011,0.17623170216253078,518.8502272813207,546.2065528506324,573.5628784199441,528.6787404307173,555.9340671126938,583.1893937946704,,0.2512302274002051,513.7970054004629,545.3331268310546,579.3218388941939,1589168.0,76.558049518993,0.1084796438162903,1064764.244795037,123750.70281832258,16219.698286752493,535.3494503940454,3873533.533723911,998.729538647073,,,,0.46153244002670296,-1.2950731913498776,8.785264416558272,77.18087086884495,544.6336975097656,544.6336975097656,0.8169346110787563,1.7102738314694845,,77.18087086884495,538.3000741141184,-2.1630035400390626,3.320702120958606,,-0.0057471976317031714,-0.01297503308575898,-0.07494611720864564,,,,-0.005763776323205546,0.20632572989537024,1.6844170190618608,0.039340742408667806,0.12129549008734797
2025-11-04 00:00:00+05:30,531.7153998718597,541.3232394138121,531.7153998718597,536.6935424804688,153790,0.0,0.0,543.6978057861328,,,,545.3005518629978,,,,542.1659583682106,,543.4251961284111,,541.828982897623,,,,547.4888683505847,534.3596700347102,,547.356185225411,,548.5638181408794,540.2653151853482,535.3245544433594,544.1607666015625,544.4594700022067,29.58176696817511,,,,22.87065871397413,35.20854152342649,-12.33788280945236,84.18660757845504,89.21686848603247,-74.60573031987188,-3.187862418488182,-5.744015279585304,-17.67242431640625,-6284.309496034328,,,-1.000311060122141,-0.6041264645461839,-0.011498937328002778,,,-1.2620548461541148,-10.869894388106445,-72993.18780147056,-69592.52005785645,-2.580342610677084,1,0,0,-2.580342610677084,1,1,0,0,0,13.404544953829191,9.60783954195233,529.8689203461054,543.6978057861328,557.5266912261602,5.086974894089275,0.24675242860171703,518.719525958963,545.3005518629978,571.8815777670327,528.6787404307173,549.2384714633959,569.7982024960743,,0.25040480783537616,512.7484509098019,543.6978057861328,576.5060499458451,1742958.0,80.02407617670349,0.15791783970579545,1070341.7172502272,74098.70065569365,74055.93288208808,536.5773939220468,3952392.7809995045,999.2423109162427,,,,0.6856295540710676,-1.0129902855931336,6.914442720013699,47.80951812835043,543.5384826660156,543.5384826660156,-0.10058818736936437,-0.8679973908201133,,47.80951812835043,539.1022635323661,-1.635321044921875,3.3157320393705594,,0.005127722691696146,-0.015793420629954924,-0.05744015279585302,,,,0.005114620691557017,0.20632572989537024,1.6844170190618608,0.039340742408667806,0.12129549008734797
2025-11-06 00:00:00+05:30,536.6438082159544,536.6935774916188,523.8500051845639,527.83251953125,225117,0.0,0.0,542.6200408935547,,,,543.6369297361647,,,,540.6549787248885,,540.4349973853562,,537.7905684761566,,537.844764702867,,545.497419105652,532.2019329052885,,546.5407564908691,,546.8363003249736,537.0373919461879,532.2630310058594,541.0992431640625,542.04510237913,26.810410721436714,,,,17.685799734571866,25.698976345833266,-8.0131766112614,79.12590659194188,84.16563650550597,-89.05607839271258,-4.42580606944197,-3.923512165640689,-24.442626953125,-6082.446384430368,,,-1.4378918251280135,-1.000311060122141,-0.01924837078370878,,,-3.78417752138796,-16.627749828442916,-73369.29394029683,-71624.88315545014,-3.6921284993489585,1,0,0,-3.6921284993489585,1,1,0,0,0,13.364475479059603,12.843572307054956,527.3713627652073,542.6200408935547,557.868719021902,5.6203888463967315,0.015121204676272385,517.1410353835513,543.6369297361647,570.1328240887781,523.8500051845639,542.04510237913,560.2401995736959,,0.2250748464984907,512.4684973489813,542.6200408935547,573.88636337794,1517841.0,74.897999657683,0.2440899965610966,984832.5554356322,19842.81186127488,-221490.18656667837,529.4587007358109,3580715.698014689,999.2423109162427,,,,0.9269811438849395,-1.9395151812949134,7.624339064173671,58.13054616548465,542.6424255371094,542.6424255371094,-0.1517502965935409,-0.6714432191273263,,58.13054616548465,536.7248543875559,-1.077764892578125,3.309303525311939,,-0.016510396060040566,-0.02813920971428352,-0.03923512165640686,,,,-0.0166482116817336,0.20632572989537024,1.6844170190618608,0.039340742408667806,0.12129549008734797
2025-11-07 00:00:00+05:30,524.6962077925715,526.3390190882523,505.48059032499344,520.813232421875,511121,0.0,0.0,541.2634948730469,,,,541.4632442776609,,,,538.5781398228237,,536.5995900692355,,532.7035488992589,,534.2291142926896,,543.1199758081332,529.5005781066449,,544.7441001099099,,544.577219521877,533.0564709210649,524.3228759765625,537.589599609375,532.8603949493447,24.826265442876608,,,,21.446034243905267,20.66749756415042,0.778536679754847,69.81445507249818,77.70898974763169,-72.00008855569973,-4.255516581807973,-4.951402486901445,-23.14837646484375,-5107.136777990251,,,-1.8815937236599087,-1.4378918251280135,-0.029943412834376737,,-3.8711033408860356,-11.329518411735762,-32.18794717499458,-72363.7455589432,-72731.74769275406,-7.434031168619791,1,0,0,-7.434031168619791,1,1,0,0,0,14.006436459573672,22.351929206256557,523.4051825651153,541.2634948730469,559.1218071809784,6.598749953428954,-0.07256985146600647,513.233258109819,541.4632442776609,569.6932304455029,505.48059032499344,532.8603949493447,560.2401995736959,,0.22868367727198755,510.2018745898279,541.2634948730469,573.2500789223704,1006720.0,68.46538209561433,0.255781070294014,1225142.590836002,72305.61299446924,-702378.0237187042,517.5442806117069,2901010.5048187533,999.2423109162427,,,,1.8755102767208869,-2.2902794058640255,8.92915615396578,79.72982962190494,541.5721130371094,541.5721130371094,-0.4481796986042244,0.018623617285498065,,79.72982962190494,533.2074297223772,-1.3565460205078126,3.3038941562259647,,-0.013298322573244592,-0.05244097663939962,-0.04951402486901446,,,,-0.01338753708321029,0.20632572989537024,1.6844170190618608,0.039340742408667806,0.12129549008734797
2025-11-10 00:00:00+05:30,525.6420800796869,525.6420800796869,511.7530503153208,516.0342407226562,372592,0.0,0.0,539.5111877441407,,,,539.0414344152796,,,,536.1753537132627,,532.4498240655021,,527.3614455457284,,529.7536824967025,,540.6600159549431,525.842784953631,,543.2037824105726,,542.0485326041021,528.3492749777752,518.4237365722656,535.2001037597656,532.8603949493447,23.548471914841535,,,,19.405508086804964,19.512447355094032,-0.10693926828906797,45.366358693858714,64.76890678609959,-80.7273087911728,-4.0451787630895515,-6.359533679680395,-21.7545166015625,-4633.7199135130595,,,-2.112579462937374,-1.8815937236599087,-0.043407108325665966,,-4.9209200063755425,-8.935843594967992,-22.824873359334106,-71307.60516935207,-72627.81199488378,-14.088155110677082,0,1,0,-14.088155110677082,1,0,0,0,0,13.998050267058847,13.889029764366114,519.0244828182713,539.5111877441407,559.9978926700101,7.594543131359516,-0.0729800645451561,510.85448887973376,539.0414344152796,567.2283799508253,505.48059032499344,532.8603949493447,560.2401995736959,,0.22768016547917277,508.17538951969226,539.5111877441407,572.2067800047049,634128.0,69.07921698654603,0.2238021098470618,1082248.0316669561,41727.97981385491,-856411.7453582197,517.8097903725546,2559119.4075217173,998.3247090962974,,,,1.2724562963691528,-2.2919202581806206,10.24335246293471,104.9262696799106,540.6262817382812,540.6262817382812,-0.6460152892863699,0.32424556481978795,,104.9262696799106,529.5036856515068,-1.75230712890625,3.299206098190643,,-0.009176018199452352,-0.03911763031207205,-0.06359533679680396,,,,-0.009218377178076278,0.20632572989537024,1.6844170190618608,0.039340742408667806,0.12129549008734797
2025-11-11 00:00:00+05:30,517.079642306403,517.079642306403,504.9329927161919,509.01507568359375,318154,0.0,0.0,537.251107788086,,,,536.1817812027381,,,,533.2709620884488,,527.6306379796875,,521.2539562431216,,524.1946234923524,,535.8487969942361,520.7838878375114,,541.6819185711012,,539.0142494885771,522.7892963705086,512.524658203125,530.6451110839844,531.0682562386256,21.775690893230543,-12.05018832842211,,,18.36071118835516,19.73741783968846,-1.3767066513333006,21.95800464676914,45.712939471042006,-92.19046908806199,-5.907790864156023,-8.15594354627156,-31.95965576171875,-3926.3499143990603,,,-2.443902959159145,-2.112579462937374,-0.05989350128541293,,-6.6645528294682945,-13.846445940957437,-25.993095531168535,-68209.55081428122,-71486.9243685281,-21.032653808593746,0,1,0,-21.032653808593746,1,0,0,0,0,13.865807361569724,12.146649590211098,513.8318112150522,537.251107788086,560.6704043611197,8.71819387007064,-0.10283689598526834,508.36565912958497,536.1817812027381,563.9979032758912,504.9329927161919,532.5865961449439,560.2401995736959,,0.22795147945073208,505.69690179313005,537.251107788086,570.674128575427,315974.0,38.03484335139829,0.19520975989968997,977935.8840667182,-7764.733434095047,-1053092.272283887,510.3425702353961,2126362.1876305444,996.9644960551564,-16.275927117427408,0.0,-16.275927117427408,1.0740009958394168,-2.411347583941076,11.709648286516869,137.11586299392744,539.0332946777344,539.0332946777344,-0.929515384815057,0.6715844322691252,,137.11586299392744,525.3106706891741,-2.2600799560546876,3.2915186512358994,,-0.013602130411410007,-0.046708925408375124,-0.0815594354627156,,,,-0.013695486918813768,0.20632572989537024,1.6844170190618608,0.039340742408667806,0.12129549008734797
2025-11-12 00:00:00+05:30,509.81156781300456,517.3783809711032,503.1408750079116,506.5757751464844,272747,0.0,0.0,535.2822525024415,,,,533.362161578333,,,,530.3495018368676,,523.0743285258732,,515.7336590138002,,518.150728506113,,529.3304311300567,515.9507741241919,,540.4210209211462,,536.0442546156396,517.223524849084,507.79542541503906,528.1062469482422,529.1018907045674,21.178982701876038,-13.029132142903563,,,11.232572853699205,16.332930709619777,-5.1003578559205724,3.8874491870278676,23.737270842551908,-93.38450355966759,-7.102439029850162,-7.212546557297729,-38.730010986328125,-3262.718195936933,,,-2.819984465423837,-2.443902959159145,-0.07850286722375088,-0.027777241365275113,-8.486710797189422,-10.069091118989263,-24.306597082180872,-62910.33227640676,-69051.39830043608,-24.865829467773438,0,1,0,-24.865829467773438,0,0,0,1,0,13.892357261685573,14.237505963191609,508.5558462728552,535.2822525024415,562.0086587320277,9.98591158389446,-0.03704334786655461,505.4832880905866,533.362161578333,561.2410350660795,503.1408750079116,531.6905372908037,560.2401995736959,4.93481661859352,0.22440686811507973,503.5811727685647,535.2822525024415,568.9193102694408,43227.0,34.83085538193567,0.18254048207520696,836793.2128750614,-72214.89937522949,-997695.076756899,509.0316770418331,1995656.4511252996,996.485276351529,-16.565802732339005,-0.2319004919292773,-16.333902240409728,0.8802683145427734,-2.14817339146622,13.36320311479311,178.5751974872163,537.639404296875,537.639404296875,-0.8540500402889565,0.13495243216767208,,178.5751974872163,520.4840005057198,-1.9688552856445312,3.2827754801931075,,-0.004792197036273316,-0.056117253050572025,-0.07212546557297728,,,,-0.004803716429359423,0.20632572989537024,1.6844170190618608,0.039340742408667806,0.12129549008734797
2025-11-13 00:00:00+05:30,506.5758015850834,516.2334108167121,505.7793108869619,511.7530822753906,183870,0.0,0.0,534.353826904297,,,,531.3041540256719,,,,528.1086284819104,,520.1341077638958,,512.694356730258,,512.9297132536652,,526.8184829587128,511.9430285695813,,540.0583576758996,,533.955530151568,513.235278507253,509.1644287109375,528.1062469482422,529.1018907045674,25.824900235781943,-13.234626219260917,,,10.3372782007478,13.310187414267386,-2.9729092135195856,13.810060123693768,13.218504652496925,-83.41319275002701,-5.774514345384711,-3.501368257417691,-31.362274169921875,-2689.271727938987,,43.632960582505454,-3.084776035616403,-2.819984465423837,-0.09688423419756953,-0.03858185894632197,-9.620214949814049,-8.972005585565853,-19.42610551531601,-57156.443374675706,-65117.302454233955,-29.603352864583332,0,1,0,-29.603352864583332,0,0,0,1,0,13.646767452261615,10.454099929750157,505.682539261922,534.353826904297,563.025114546672,10.731199515675975,0.10586449916704517,504.08915421680604,531.3041540256719,558.5191538345377,503.1408750079116,531.6905372908037,560.2401995736959,5.0373589387651645,0.2083542740597972,503.2503200015867,534.353826904297,566.4976313072983,227097.0,39.81020845281462,0.21117533299010477,863060.3557322047,-83658.15822612715,-719174.1426784861,511.25526799302156,2183575.319041303,997.5072966262667,-18.89005082135826,-2.0449188647588237,-16.845131956599435,0.5906570372897428,-1.5765420033318205,14.335643821187478,205.51068376795072,537.639404296875,537.639404296875,-0.7317201894788747,-0.5105657762747942,,205.51068376795072,515.6182316371373,-0.9284255981445313,3.2782377019237616,,0.010220202747376117,-0.030463142494780326,-0.03501368257417692,,,,0.010168329611866487,0.20632572989537024,1.6844170190618608,0.039340742408667806,0.12129549008734797
2025-11-14 00:00:00+05:30,509.7618110986777,513.7443252478861,505.77929694946926,507.6212158203125,129522,0.0,0.0,532.6264129638672,,,,529.0486361013519,,,,525.5626655215309,,516.9016970758365,,509.2866384020192,,508.40151333235036,,521.9830484765342,508.72944284085634,,539.330782384299,,531.6527351669814,510.6328318421747,509.68714904785156,528.1062469482422,529.1018907045674,24.57971671365205,-13.574411480979961,,,10.61042732403686,10.72675945949462,-0.11633213545776044,23.91879339856817,13.872100903096602,-91.37102171819481,-7.644231452592977,-6.372228454542743,-42.0155029296875,-2296.251391842321,,41.925319617474074,-3.423168742271823,-3.084776035616403,-0.11532588200350302,-0.05120454733606758,-10.572522107594246,-8.949062499825345,-16.91409079824217,-53174.63273017904,-60252.955807770864,-33.80989583333333,0,1,0,-33.80989583333333,0,0,0,1,0,13.240928941272701,7.965028298416826,501.85194765474813,532.6264129638672,563.4008782729862,11.55574134518438,0.0937346613111557,502.90839278887006,529.0486361013519,555.1888794138338,503.1408750079116,531.6905372908037,560.2401995736959,5.229470251395105,0.18914435419254605,502.6908116102471,532.6264129638672,564.4446801948801,97575.0,40.31250972386667,0.14013987660885788,793442.478367094,-102885.34707892721,-692887.4947236493,509.0482793392226,2078999.963165549,996.6999020842139,-22.220788789725678,-4.300525466500993,-17.920263323224685,0.45540464708091255,-1.6250613547553785,15.387232654559531,236.76692876554316,537.2660522460938,537.2660522460938,-0.5301701238491827,-1.0022337894018902,,236.76692876554316,511.4351706368583,-1.7274139404296875,3.271699745666976,,-0.008073945420527306,-0.02532964944115812,-0.06372228454542739,,,,-0.008106716230202734,0.20632572989537024,1.6844170190618608,0.039340742408667806,0.12129549008734797
2025-11-17 00:00:00+05:30,509.3137502292528,513.346033525982,504.3854073537139,505.9286193847656,177609,0.0,0.0,531.0483413696289,,,,526.8467297473914,,,,523.0200185139975,,513.8644410707226,,506.2188335386062,,504.7711462970419,,518.5324312176774,505.7934647001349,,538.5774863235716,,529.4121180940415,509.10213921217746,506.77491760253906,527.7826690673828,529.1018907045674,24.06777273036851,-13.820952795065864,,,10.19496093828337,10.380888821022676,-0.18592788273930694,32.50576544167032,23.411539654644084,-94.63090271692806,-5.793481842099072,-5.87200299060768,-31.113433837890625,-2031.3481092342586,,40.74762728923491,-3.7964250632222725,-3.423168742271823,-0.13349477942593557,-0.06535545482310291,-11.658132260072689,-6.952387312737187,-15.913013485005251,-52387.864321962166,-55993.39146801307,-34.41556294759114,0,1,0,-34.41556294759114,0,0,0,1,0,12.935193029200942,8.960626172268064,498.159749036569,531.0483413696289,563.9369337026889,12.386289447110157,0.11810889121556116,501.48924747947575,526.8467297473914,552.2042120153069,503.1408750079116,531.6905372908037,560.2401995736959,5.6078076362219615,0.1880782463646876,501.2049480556359,531.0483413696289,562.9090244677366,-80034.0,33.79231829390229,0.1291008593030873,677009.637343871,-138444.61492801376,-636849.3326661345,507.8866867548204,2019778.5691512653,996.6999020842139,-23.59803319340562,-4.5422158961447465,-19.055817297260873,0.6895714972921325,-1.5275644351377557,16.444296166529963,270.414876412552,536.8677978515625,536.8677978515625,-0.36521401796747,-1.3421067160779299,,270.414876412552,506.9633728027344,-1.5780715942382812,3.2699960007307887,13.794653659396696,-0.00333436897985373,-0.019583237972229717,-0.05872002990607683,,,,-0.0033399403762756417,0.20632572989537024,1.6844170190618608,0.039340742408667806,0.12129549008734797
2025-11-18 00:00:00+05:30,506.3268703657442,508.4674959854726,500.6020063907434,503.8377990722656,254958,0.0,0.0,529.2263397216798,,,,524.6554030164269,,,,520.428538295201,,510.92689383809216,,503.3342875218128,,501.83111277394477,,515.4337461155889,502.47809241098514,,537.3606568389987,,527.1852803700097,507.7789670333335,504.8832092285156,526.7372589111328,527.8324563959833,23.418899256537248,-14.023397293480116,,,6.646524152319525,9.150637471546585,-2.5041133192270593,25.353891148047033,27.259483329428505,-94.05850310791854,-5.640500676243506,-6.744684086330727,-30.117767333984375,-1839.6484622203404,,35.99294302219878,-4.18583595971097,-3.7964250632222725,-0.15122773259906852,-0.080880876519888,-12.437969135121358,-9.47940745803885,-17.34489705276809,-52649.25003497031,-53488.447918988066,-36.00856526692708,0,1,0,-36.00856526692708,0,0,0,1,0,12.573071355310107,7.86548959472924,494.5042279559853,529.2263397216798,563.9484514873742,13.121838109552451,0.13440385163298046,500.21473056550724,524.6554030164269,549.0960754673466,500.6020063907434,530.4211029822196,560.2401995736959,6.017984594683564,0.18558232366873384,499.5364438432206,529.2263397216798,561.0414128113583,-334992.0,29.191689181358974,0.119981449681156,631826.5586783017,-154782.14817550173,-622023.9087473118,504.30243381616054,1914413.6333066365,996.6999020842139,-22.32527996697999,-2.615570135775293,-19.709709831204698,0.980803853078308,-1.4623845934680788,17.361055882847236,301.40626136734465,535.3245544433594,535.3245544433594,-0.19312624332162892,-1.5315684478758498,,301.40626136734465,502.83293544224324,-1.8220016479492187,3.2694705094424537,14.155072021484376,-0.0041326389383595785,-0.010171165567886553,-0.06744684086330732,,,,-0.004141201890525997,0.20632572989537024,1.6844170190618608,0.039340742408667806,0.12129549008734797
2025-11-19 00:00:00+05:30,504.7836604372546,513.744317131407,501.49809846973386,512.4500122070312,251658,0.0,0.0,527.1305419921875,,,,523.4929848441036,,,,518.8307928176154,,510.02024105065107,,503.38214687462516,,500.4864373554708,,515.0761055510845,501.962798360683,,526.0462292623739,,526.0063800654073,507.4925703083879,508.14390563964844,526.7372589111328,527.8324563959833,31.599179325587873,-13.335182706917522,,,11.02188738290168,9.287790824501524,1.7340965584001555,46.219349908214845,34.6930021659774,-78.24493202644835,-4.51720178360815,-7.56106202406941,-24.2435302734375,-1787.0087334536115,,42.77222508074927,-3.3226517959236244,-4.18583595971097,-0.1661084027491433,-0.09719865784938071,-12.271118614590472,-3.417316135464489,-15.663534797137629,-53447.887438875536,-52782.79148048658,-34.282816569010414,0,1,0,-34.282816569010414,0,0,0,1,0,12.549724734336039,12.24621866167314,493.7639469135621,527.1305419921875,560.497137070813,12.6597085240111,0.2800115691972327,499.0473824053338,523.4929848441036,547.9385872828734,500.6020063907434,528.9027630759014,557.2035197610594,6.260315985438255,0.16910541640705795,499.71608262170395,527.1305419921875,556.939845668406,-83334.0,34.927661835326425,-0.12951820018043905,830289.0053965414,-84247.43798680673,-223544.44563071767,509.2308092693907,2344578.328583496,998.4092246381437,-21.189628245332226,-1.1839347313020205,-20.005693514030206,0.9329830633644602,-0.8799537232110688,16.683297539312726,278.3324167852381,530.89404296875,530.89404296875,-0.056129846058463946,-1.6486617817047207,,278.3324167852381,502.231294468471,-2.0957977294921877,3.271440018794726,14.196665717230918,0.017093225539297707,0.011595969149626795,-0.07561062024069409,,,,0.016948780062191703,0.20632572989537024,1.6844170190618608,0.039340742408667806,0.12129549008734797
2025-11-20 00:00:00+05:30,512.7486670257761,514.6901547147843,510.6578715258224,512.8482055664062,160137,0.0,0.0,525.1591949462891,,,,522.4791963414658,,,,517.4705703008743,,509.37233378786027,,503.6974744646508,,500.6021457464044,,514.9105388075959,502.240929822612,,525.4230220712932,,524.9662772015358,508.17601569423005,512.6491088867188,520.4399261474609,527.2848723090732,31.961062191259934,-12.612250637986222,,,16.881416082106526,11.51660920577591,5.364806876330615,70.96571119844603,47.512984084902634,-77.05231661931352,-2.838838724478516,-7.139003297350847,-14.98431396484375,-1855.3652239911805,,43.82255960199735,-2.231081006218182,-3.3226517959236244,-0.17822575115125083,-0.11367447321792229,-12.184499723044803,-1.8552745948778693,-5.887557783839782,-53345.003714192826,-52987.85716397445,-32.59854634602864,0,1,0,-32.59854634602864,0,0,0,1,0,11.941336052523601,4.032283188961912,493.4289976933558,525.1591949462891,556.8893921992224,12.084029969685094,0.30600515525089017,499.5936925751575,522.4791963414658,545.3647001077741,500.6020063907434,527.8324563959833,555.0629064012231,6.3709677475463256,0.16993096341218272,498.05039618563984,525.1591949462891,554.5025379916591,76803.0,30.28248211433291,-0.12068656250461378,844124.6684362498,-43331.21485272364,-182500.1691134388,512.7320772690043,2357021.589091113,998.4869284823997,-22.842984905006,-2.269833112780635,-20.573151792225364,0.6083381958753488,-0.7759793789964379,15.865098626466626,251.7013544275132,524.3228759765625,524.3228759765625,0.07568405264754435,-1.7168305005535414,,251.7013544275132,502.0933210100447,-1.9713470458984375,3.276377116389078,14.57865722656251,0.0007770384425596077,0.002139944690018103,-0.07139003297350843,,,,0.0007767367044869374,0.20632572989537024,1.6844170190618608,0.039340742408667806,0.12129549008734797
2025-11-21 00:00:00+05:30,510.8569673205374,511.35478157860393,504.285843421396,507.8203125,207771,0.0,0.0,523.352130126953,,,,521.0831121660881,,,,515.8192481631324,,507.96139845891275,,502.8135651703982,,501.2462023899359,,514.454405702611,501.9900207230626,,523.9130794958141,,523.5675943819108,509.03555981305834,510.3342590332031,520.2656707763672,521.4853229982018,29.816032701636964,-12.303207003659509,0.8060539528600223,-13.109260956519531,20.661740654029444,16.188348039679216,4.473392614350228,91.0093936807143,69.39815159579172,-82.71752939214979,-2.494736906252476,-6.644089545342392,-12.992919921875,-1904.26657662153,-26.42692014299405,46.85806198685934,-1.5496490835557968,-2.231081006218182,-0.1888788293763044,-0.12983799777910432,-11.684393878750964,-3.9442024725350393,-11.013140629742963,-52014.58442760107,-53041.60279478468,-32.54047648111979,0,1,0,-32.54047648111979,0,0,0,1,0,11.699980773415504,8.56236214501024,492.01652017212234,523.352130126953,554.6877400817838,11.974962229437923,0.25216985325414637,498.7462540641881,521.0831121660881,543.419970267988,500.6020063907434,527.8324563959833,555.0629064012231,6.477578096173561,0.16618080615254613,496.6194895726956,523.352130126953,551.9639916509561,-130968.0,32.5940703239056,-0.09568855320478835,844124.6684362498,-22653.558583987528,-305664.4835687037,507.8203125,2153325.766631025,998.4869284823997,-22.579350260049114,-1.604958774259,-20.974391485790115,0.8920970125606587,-0.991320586983415,15.66780497741535,245.48011281032123,518.4237365722656,518.4237365722656,0.28450024418803915,-1.612439266462741,,245.48011281032123,500.75348423549104,-1.8070648193359375,3.2816383661276345,15.02989895290798,-0.009803862062563451,0.00039221504831266074,-0.06644089545342391,,,,-0.009852236347780485,0.20632572989537024,1.6844170190618608,0.039340742408667806,0.12129549008734797
2025-11-24 00:00:00+05:30,505.580172152807,515.5862270575864,502.6430861223729,512.0517578125,266428,0.0,0.0,522.0652801513672,,,,520.2229831800321,,,,514.7430222284227,,507.57274455282277,,503.3417537927073,,502.648077712286,,514.4179010117005,503.23748922004773,,522.8424399883706,,522.668504633249,510.0378576276547,509.93603515625,520.2656707763672,520.9626229022778,33.840353754616366,-11.583320119886025,1.2207526693068065,-12.804072789192832,22.782517544103765,20.108558093413244,2.6739594506905213,93.36853497900542,85.11454661938858,-71.88260135622538,-0.7717478019635221,-4.785707986863434,-3.98248291015625,-1957.5454320254953,-24.519846953269678,50.05581743095423,-1.01163897201346,-1.5496490835557968,-0.1970416229947869,-0.14507667796903478,-10.549470071448697,0.7511324691100754,-12.192008466103402,-49984.15245214923,-52358.53602910209,-28.88984171549479,0,1,0,-28.88984171549479,0,0,0,1,0,11.788777927829646,12.943140935213478,491.1144373065721,522.0652801513672,553.0161229961624,11.85707765734633,0.3382350621422389,497.5480847192248,520.2229831800321,542.8978816408394,500.6020063907434,527.8324563959833,555.0629064012231,6.518939139086546,0.16834922694260746,494.2356649270251,522.0652801513672,551.3225094925828,135460.0,39.96162451339626,-0.05010142995909616,965042.1502794235,26338.641256413306,-100944.48424192463,510.09369033081975,2375328.6058181142,998.4869284823997,-20.318298653884572,0.524874265524435,-20.843172919409007,1.1985852422156382,-0.6470597514310441,15.475421422397579,239.4886682008019,514.4412231445312,514.4412231445312,0.5028514803234709,-1.3993990861465104,,239.4886682008019,500.0985063825335,-1.2868499755859375,3.2895686155467887,15.120394422743054,0.008332564114398311,0.01210277140514493,-0.0478570798686343,,,,0.008298039952650374,0.20632572989537024,1.6844170190618608,0.039340742408667806,0.12129549008734797
2025-11-25 00:00:00+05:30,512.0517603356982,515.884966783258,505.9784503786281,512.9976196289062,418957,0.0,0.0,520.6664245605468,,,,519.53485331802,,,,513.8794355119978,,507.46680563729603,,504.16551056782123,,504.47164612873286,,514.3925766784421,504.77862968588397,,521.0880980292521,,521.9241462103531,510.79073796798434,512.5246887207031,515.8351593017578,518.6477919411811,34.741131996855344,-10.811849167246123,1.5937788975573675,-12.40562806480349,26.581589044133167,23.341949080755455,3.239639963377712,93.36853497900542,92.58215454624171,-65.6551021192253,0.7824019632353814,-5.171611572625639,3.9825439453125,-2088.9130715588426,-21.360476165073862,54.50038810502179,-0.4728529745086436,-1.01163897201346,-0.20274563397313372,-0.1588814298300773,-9.342339414255761,1.3123686175774765,-8.594147787052464,-48667.303849374766,-51001.63022051136,-23.994654337565102,0,1,0,-23.994654337565102,0,0,0,1,0,11.654330676172524,9.90651640462994,490.80427151782357,520.6664245605468,550.52857760327,11.470742738185011,0.37159658379841315,497.1325134906935,519.53485331802,541.9371931453467,500.6020063907434,527.8324563959833,555.0629064012231,6.506527306253441,0.16627927780650692,492.4487652289049,520.6664245605468,550.294773623657,554417.0,44.07828455332961,-0.04379218424132396,1139781.2532232148,99585.28837720049,-29913.068062204926,511.6203455969308,2452718.327261316,998.4869284823997,-13.733967484693371,5.68736434777251,-19.42133183246588,1.8030070703206196,-0.5136136648063491,14.931076521361629,222.93704608675648,512.9229125976562,512.9229125976562,0.7412471750319652,-0.9751295281769413,,222.93704608675648,500.3054574148996,-1.3988555908203124,3.299132883601825,14.927350531684025,0.0018471996277231728,0.018180097986905563,-0.05171611572625634,,,,0.0018454956525563444,0.20632572989537024,1.6844170190618608,0.039340742408667806,0.12129549008734797
2025-11-26 00:00:00+05:30,513.7443240455881,523.2027951278228,511.553929114981,521.1119995117188,170088,0.0,0.0,519.4567352294921,,,,519.6850577174199,,,,513.9218712216332,,508.90224712955524,,507.07819467452225,,507.32597162948537,,514.923350776597,507.22551416799473,,520.4668814834713,,521.865773251102,512.4599227398954,517.0548095703125,512.4748992919922,513.4705127394978,42.03268777557176,-9.436907442563097,2.374976497792316,-11.811883940355413,47.3843160414592,32.24947420989871,15.134841831560493,99.99999999999999,95.57902331933694,-20.30934840017171,2.869506415112526,-4.436737558328642,14.536224365234375,-2424.1018385928755,-18.193792706584873,60.969159298017814,0.13138911305942963,-0.4728529745086436,-0.2045267862210709,-0.17084171338824414,-7.179902383694965,7.695996769851035,-3.9528692429908006,-47400.65486682445,-49453.025316245585,-15.515207926432291,0,1,0,-15.515207926432291,0,0,0,1,0,11.653940343077474,11.648866012841836,491.92823398578275,519.4567352294921,546.9852364732014,10.59895824877406,0.5300645550510111,497.19744244263075,519.6850577174199,542.1726729922091,500.6020063907434,527.8324563959833,555.0629064012231,6.379544284047504,0.17486066058550367,491.110287869042,519.4567352294921,548.9562961282785,724505.0,49.463441275516,-0.02806863167030002,1248812.7959921213,155188.47231879283,171525.74816208327,518.6229079181742,2721756.348628003,1000.0686862863993,-15.768275122476654,2.9224453679913847,-18.69072049046804,0.7658178890750915,0.12025822020404432,13.764250621854675,189.4545951812268,512.9229125976562,512.9229125976562,0.9044858963915852,-0.4014410576472436,,189.4545951812268,502.8521432059151,-1.2096893310546875,3.3106526930176696,14.602557779947915,0.015817578039996283,0.016903087322374777,-0.044367375583286406,,,,0.01569378386217565,0.20632572989537024,1.6844170190618608,0.039340742408667806,0.12129549008734797
2025-11-27 00:00:00+05:30,525.4927027709402,525.6918406218135,516.0840014243249,521.1617431640625,159031,0.0,0.0,518.3590545654297,,,,519.825694426624,,,,514.0842529296875,,510.1970609173595,,509.59098319582506,,510.6969043153704,,515.2392608525614,509.8423481051202,,519.7652618332597,,521.8152131039499,514.8559757575205,521.1368713378906,512.4997711181641,513.1469235062784,42.07541558322415,-8.248162638222084,2.850977041706665,-11.099139679928749,65.32667992096057,46.43086166885098,18.895818252109592,99.99999999999999,97.78951165966846,-18.055509717721264,1.8385157245831252,-4.0421639750597915,9.408660888671875,-2881.1674744881316,-15.829911386661024,60.88418038786483,0.707155259989731,0.13138911305942963,-0.2031859730367569,-0.18060394572527233,-4.968508700765641,9.377193005828758,-0.23064619165984368,-46588.75989072049,-48118.138295878016,-9.39208984375,0,1,0,-9.39208984375,0,0,0,1,0,11.507790261249697,9.607839197488602,493.14954948307724,518.3590545654297,543.5685596477821,9.72665755920363,0.5555879337868245,497.64969218800735,519.825694426624,542.0016966652405,500.6020063907434,527.8324563959833,555.0629064012231,6.1710616004763255,0.1749235670989939,489.64062766952327,518.3590545654297,548.0466920855029,883536.0,59.56409931451521,-0.012191141505551544,1257877.5207463999,166711.41705137002,148152.1816783398,520.979195070067,2723274.406700604,1000.0782319603409,-17.72022524429247,0.7763961969404534,-18.496621441232925,0.7241324512478378,0.2223517351472954,12.604752541176216,158.87978662428827,512.9229125976562,512.9229125976562,1.082263105027345,0.42902019299048205,,158.87978662428827,505.5346496582032,-1.0976806640625,3.3188374308747575,14.695481363932291,9.545673941557808e-05,0.016210522933339577,-0.04042163975059787,,,,9.5452183710941e-05,0.20632572989537024,1.6844170190618608,0.039340742408667806,0.12129549008734797
2025-11-28 00:00:00+05:30,521.1617574696824,530.6699976185605,516.8307369755802,528.9774169921875,256869,0.0,0.0,517.3260894775391,,,,520.6972870519157,,,,515.0955255417597,,512.7742500616548,,513.7690527831745,,514.9466995490268,,517.3765732683155,513.8598591998335,,517.9202879449957,,522.2996498337201,518.4177153864002,525.069580078125,516.4076080322266,515.6360020046519,48.49872532341992,-6.599341159777168,3.599838816121265,-10.199179975898433,85.33532142802667,66.0154391301488,19.319882297877868,99.99999999999999,99.99999999999999,-5.629177598026991,4.207113593028913,-3.758719360088695,21.356201171875,-3439.1843094421197,-11.884001214584146,62.72894051058851,1.239046535649164,0.707155259989731,-0.1977064048157895,-0.18773857076858944,-2.497901529599527,12.546382948832502,-1.292877694147819,-45107.03422681862,-46958.861265213876,-2.140589396158854,0,1,0,-2.140589396158854,1,0,0,0,0,11.674323859944742,13.83926064298032,496.1410254629347,517.3260894775391,538.5111534921434,8.190216749361976,0.7749891977342235,497.99723538021874,520.6972870519157,543.3973387236127,500.6020063907434,527.2848723090732,553.9677382274031,5.887865729449542,0.17833431481037587,488.20871813228547,517.3260894775391,546.975700865797,1140405.0,58.14567597668699,0.015425868601779575,1451914.913750639,218008.93612046656,413788.2015180971,525.4927171954428,3108491.5387886446,1000.0782319603409,-16.048743621718536,1.9583022556115104,-18.007045877330047,1.1055232910954393,1.0999567909368901,10.592532007302193,112.20173432572143,512.9229125976562,512.9229125976562,0.7030901649902211,-0.7409502011712578,0.4121056672179916,112.20173432572143,510.6343976702009,-1.032965087890625,3.3290607891988806,14.255745442708333,0.01499663766698367,0.04166258019107394,-0.037587193600886915,,,,0.014885299844897996,0.20632572989537024,1.6844170190618608,0.039340742408667806,0.12129549008734797
2025-12-01 00:00:00+05:30,530.3215691797934,532.2132269556362,522.704986497774,524.546875,152354,0.0,0.0,516.7013305664062,,,,521.0639144755428,,,,515.7832194010417,,514.227162962874,,516.1100522858799,,518.9300545775837,,518.1729077550319,516.8499631739194,,516.3773460426299,,522.4574328581941,521.5453960250003,526.7621459960938,516.4076080322266,516.4076166731898,45.42366775547891,-5.5857568423122075,3.69073850686898,-9.276495349181188,84.0211055522568,78.22770230041468,5.793403251842122,96.24806425333831,98.74935475111276,-24.251996027481372,3.6800162912062775,-2.3266666265101184,18.618255615234375,-3829.362518833033,-7.514509669424797,58.92482222152152,1.732549474162187,1.239046535649164,-0.19014557110996755,-0.1920627750475782,-0.26187228204871926,13.172003667297872,3.6637632094357286,-42757.05514282849,-45591.54970745519,4.803914388020833,0,1,0,4.803914388020833,1,0,0,0,0,11.519603616938843,9.508240457862144,497.30275766495953,516.7013305664062,536.099903467853,7.508621230056473,0.7022196290792255,498.71467906631943,521.0639144755428,543.4131498847662,500.6020063907434,521.4853229982018,542.3686396056603,5.507670577995282,0.161926235670063,489.0028269381776,516.7013305664062,544.5713439430507,988051.0,66.29826596188735,0.044602796943328644,1358587.4144185074,189480.1772139219,258245.48777583544,526.4883628178035,2980884.8068196494,999.240664637074,-17.96001093009373,0.0376279577890557,-17.997638887882786,0.6629127976013064,0.8088785163169055,9.699286450723356,94.07615765318569,512.9229125976562,512.9229125976562,0.6637531748461559,-0.5928950993254948,0.2088580628211535,94.07615765318569,513.9469970703125,-0.6247589111328125,3.3365166137444993,13.918449164496527,-0.008375673232668301,0.02440205896544434,-0.02326666626510121,,,,-0.008410946278812188,0.20632572989537024,1.6844170190618608,0.039340742408667806,0.12129549008734797
2025-12-02 00:00:00+05:30,527.1355558340894,532.6612822155537,521.2115537193315,528.330322265625,239613,0.0,0.0,516.420068359375,,,,521.7559533126935,,,,516.8907424200149,,516.1964513681771,,519.0556246506537,,522.6729146850057,,519.8329158190504,519.4557411882336,,516.131849808424,,522.8585814655228,524.1838280852821,526.4385986328125,516.4076080322266,516.6316443031485,48.43064497095498,-4.4261692693502255,3.8802608638647698,-8.306430133214995,85.53653353636102,84.96432017221483,0.5722133641461937,96.15757937213887,97.46854787515906,-13.509225765408594,4.861192081748992,-1.0535041667390614,24.492523193359375,-4079.844345945127,-3.6627491910491017,61.386162441384485,2.129208105401,1.732549474162187,-0.18026929129221214,-0.1936362071079192,2.020520816322792,12.29304478760298,0.8433162913808019,-40308.89233352376,-43770.971827256406,10.88555908203125,0,1,0,10.88555908203125,1,0,0,0,0,11.514612536887654,11.449728496222178,497.93314768924773,516.420068359375,534.9069890295023,7.159644561784254,0.8221264946924235,499.35431584792525,521.7559533126935,544.1575907774617,500.6020063907434,520.9626229022778,541.3232394138121,5.094245008167228,0.16357779199037809,488.6942002473263,516.420068359375,543.9640257673964,1227664.0,74.94335900613169,0.07212963979574218,1416928.9883188112,179147.0787009846,350862.2966161737,527.4010527335034,3153712.66889741,999.240664637074,-16.46003431134687,1.2300836612287327,-17.690117972575603,1.0495964354204685,1.2885059787696898,9.243460335063638,85.44155896589477,512.9229125976562,512.9229125976562,0.6044242885809812,-0.5801231994156673,-0.039336698052894914,85.44155896589477,517.8320905412946,-0.28126220703125,3.3441179244739536,13.493648817274304,0.007212791546274966,0.02988844791874512,-0.01053504166739061,,,,0.007186903772869958,0.20632572989537024,1.6844170190618608,0.039340742408667806,0.12129549008734797
2025-12-03 00:00:00+05:30,528.6289572198403,532.4621025866821,515.6857868914474,528.5293579101562,267488,0.0,0.0,516.0118591308594,,,,522.4010394648328,,,,518.0440080915179,,517.9546632717298,,521.548648111916,,525.906136804886,,520.8452143403797,521.8133382421072,,516.1626743364109,,523.2465307802124,525.9934584680633,528.4298400878906,516.4076080322266,516.6316443031485,48.5911142274506,-3.451342324367829,3.8840702470777337,-7.335412571445563,83.11679627082938,84.2248117864824,-1.1080155156530225,96.15757937213887,96.18774099920535,-12.888389394621901,3.1377393541028735,-1.5212004475737864,16.079345703125,-4483.1457789570895,-1.9114697154860778,62.98462553861855,2.128074404154947,2.129208105401,-0.1687711799691849,-0.19258569919880075,3.794852554178045,10.927990804130673,-5.848324891104085,-37965.81840893377,-41534.12459807615,15.954950968424477,1,0,0,15.954950968424477,1,1,0,0,0,11.89044847676959,16.776315695234757,499.11789842013826,516.0118591308594,532.9058198415806,6.547896298033305,0.8704725905794545,498.9374025785692,522.4010394648328,545.8646763510964,500.6020063907434,518.6477919411811,536.6935774916188,4.749582355186091,0.16226884961448174,487.19412088398866,516.0118591308594,544.2560654423793,1495152.0,66.9062847525713,0.09780958399449596,1559006.6148917843,203840.3215188214,308344.77516877395,525.5590824627619,3163789.6310252068,999.240664637074,-14.17228807049445,2.8142639216649243,-16.986551992159374,1.1636307953588407,1.4818903623178232,8.446980355360584,71.35147712384762,512.9229125976562,512.9229125976562,0.317028878836405,-1.331550120177513,-0.37047222921515605,71.35147712384762,522.1083060128348,-0.408209228515625,3.3471431976154786,12.575013834635419,0.000376725764437813,0.014233712532790488,-0.015212004475737895,,,,0.0003766548211039126,0.20632572989537024,1.6844170190618608,0.039340742408667806,0.12129549008734797
2025-12-04 00:00:00+05:30,524.6962616550571,534.4534095852961,522.1076516544199,532.7110595703125,166476,0.0,0.0,516.2557861328125,,,,523.3829461415452,,,,519.6344081333706,,520.248426102906,,524.6870441456846,,528.9290471381646,,522.4955289263785,525.2217638038708,,516.1885639394852,,523.8757899287907,527.6734798832123,530.6202087402344,518.2744293212891,517.5277079880198,51.972516507119806,-2.314674445017431,4.016590501142506,-6.331264946159937,89.48511026738355,86.04614669152464,3.4389635758589066,99.90951511880054,97.40822462102608,-5.147054037818877,3.873047382893554,0.9242590894920542,19.86285400390625,-4467.132533534971,-0.21625340194532328,65.75632465198831,2.347037584391966,2.128074404154947,-0.15534204687550623,-0.1888593900320454,5.375044394090227,11.322590975921571,-1.023166954954604,-35872.03327986796,-39196.418317935255,19.920867919921875,0,1,0,19.920867919921875,1,0,0,0,0,11.922970580634347,12.345757930876175,498.5231320985286,516.2557861328125,533.9884401670965,6.869716334655103,0.9639822500818439,499.80236840047314,523.3829461415452,546.9635238826172,500.6020063907434,517.5277079880198,534.4534095852961,4.287733177173817,0.15355310907746342,487.15565644075156,516.2557861328125,544.0931474050976,1661628.0,71.41366711304515,0.14048987039111413,1678493.2825691458,233429.64952174947,363745.9452269736,529.7573736033428,3295504.7297528936,1000.0318603573442,-15.583141274774343,1.1227285739080255,-16.70586984868237,0.722215112306541,1.855929000327381,8.866327017141975,78.61175477490171,512.9229125976562,512.9229125976562,0.43454551753992654,-1.104997135506829,-0.6214581145025796,78.61175477490171,526.3916521344867,0.243927001953125,3.350239076505739,11.912699381510416,0.007911957202701103,0.022160714130956993,0.009242590894920522,,,,0.007880821789524269,0.20632572989537024,1.6844170190618608,0.039340742408667806,0.12129549008734797
2025-12-05 00:00:00+05:30,532.7110074377488,533.9555430409433,523.8499504040071,531.267333984375,181454,0.0,0.0,516.7784912109375,,,,524.1338402218147,,,,521.0640793573289,,521.9772262594803,,526.8778909386509,,531.522066174792,,524.397636352259,527.6275872660021,,516.2693703763298,,524.3749823643863,529.1142074954137,531.9891967773438,518.2744293212891,517.5277079880198,50.73184837494102,-1.5129136239485206,3.8546810577691337,-5.367594681717654,90.85087037430183,87.81759230417158,3.033278070130251,98.55165095045476,98.20624848046472,-9.411945444653735,4.617188581714127,2.0072649678823544,23.447021484375,-4030.275257850939,1.1136435511464242,66.01959163135781,2.669278838426407,2.347037584391966,-0.14106552763462066,-0.18263982388091582,6.537097656946304,9.66236509228304,-0.44322754465315484,-33615.80320514025,-36933.399819377904,21.032643636067707,0,1,0,21.032643636067707,1,0,0,0,0,11.793157870370194,10.105592636936194,497.90085096494545,516.7784912109375,535.6561314569296,7.30589239569828,0.8837567244802638,500.87415700142833,524.1338402218147,547.3935234422011,500.6020063907434,517.5277079880198,534.4534095852961,3.7246425408296076,0.14523545642058586,489.1168965812442,516.7784912109375,543.3661785140096,1480174.0,71.1551040743437,0.11681705089854377,1763409.3943570901,251332.26022622525,274357.98412730556,529.6909424764418,3246328.01795682,1000.0318603573442,-16.109712515267475,0.4769258667319143,-16.58663838199939,0.7962846427747045,1.5350268979210528,9.438820122996061,89.0913253142754,512.9229125976562,512.9229125976562,0.40404794311596726,-1.321560674469581,-0.7625148450148476,89.0913253142754,529.6352556501116,0.522705078125,3.3533501351202455,11.489556884765625,-0.0027101475743754877,0.004328950383568619,0.020072649678823495,,,,-0.0027138266730833234,0.20632572989537024,1.6844170190618608,0.039340742408667806,0.12129549008734797
2025-12-08 00:00:00+05:30,531.2673350046481,535.2498489425191,517.726811923223,523.3023071289062,319717,0.0,0.0,517.14189453125,,,,524.0546465939186,,,,521.6853951590402,,522.0317730599006,,526.5867110142937,,532.6262219238281,,524.3353116676655,528.1970546338978,,516.7822589918331,,524.2977325445761,529.2885234117754,527.2848205566406,520.2656860351562,518.3739737061264,44.430285678819324,-1.5028990133027946,3.0917565347318883,-4.594655548034683,83.347570862666,87.89451716811712,-4.546946305451115,87.20473794368655,95.22196800431394,-35.398287929529424,2.197150804533691,1.4084465395303563,11.25054931640625,-3797.949174994814,1.313347877362503,62.011893170951964,2.4267871787665265,2.669278838426407,-0.1281986451710515,-0.17435682512512893,7.068026859509413,11.098223968109323,-6.4248130511867885,-31823.960865110665,-34794.24204067681,19.04138692220052,0,1,0,19.04138692220052,1,0,0,0,0,12.202434952436331,17.523037019296112,498.04601342756325,517.14189453125,536.2377756349368,7.3851611349321304,0.6613021301349333,499.6724499622745,524.0546465939186,548.4368432255627,500.6020063907434,517.9259276666312,535.2498489425191,3.0226413126627736,0.15206908395907875,489.06274962807936,517.14189453125,544.220533374577,1160457.0,69.47738542602922,0.12402026534595482,1647148.0623115108,198815.42620662414,-128629.51234086696,525.4263226648827,2766992.224421131,1000.0318603573442,-11.605811347298413,3.984661627760781,-15.590472975059194,1.3709715112945837,0.6452085205397328,9.547940551843407,91.16316878153577,512.9229125976562,512.9229125976562,0.28210029507307016,-1.4704594873246373,-0.842593287490187,91.16316878153577,530.7723964146205,0.3634033203125,3.351508960060155,11.006675211588542,-0.014992502542426234,-0.0023726532945101964,0.014084465395303614,,,,-0.01510602620696191,0.20632572989537024,1.6844170190618608,0.039340742408667806,0.12129549008734797
2025-12-09 00:00:00+05:30,522.7049915503103,531.1678342706487,517.2290344959737,526.4385986328125,241500,0.0,0.0,518.013070678711,,,,524.2816896452418,,,,522.5707955496653,,522.6568906370894,,527.1381876430377,,532.8676647684997,,524.4789680316168,528.5368777881844,,517.8548140477617,,524.4481791828034,528.6768396422897,524.8704528808594,520.2656860351562,518.9464675324459,47.21080839604629,-1.2277372580604151,2.6935346319794142,-3.9212718900398293,76.05566575828163,83.41803566508315,-7.3623699068015185,80.04098375344934,88.59912421586354,-27.02276935097191,2.620086037363921,3.422987605194094,13.44097900390625,-3750.6163445321945,1.393875984556189,59.797225214136155,1.732545016363249,2.4267871787665265,-0.11590141642676688,-0.1645095618146507,7.11855376245419,6.689498773609898,-7.249301001065078,-30880.335176308396,-32938.6494327797,20.012135823567707,0,1,0,20.012135823567707,1,0,0,0,0,12.326461011167662,13.938799774674976,498.88852171632146,518.013070678711,537.1376196411004,7.38380942292908,0.7202804356503073,499.56659749762576,524.2816896452418,548.9967817928579,500.6020063907434,517.9259276666312,535.2498489425191,2.442494671331237,0.1431410008990079,489.50243248807396,518.013070678711,545.1082537806877,1401957.0,61.861606211773726,0.1667699834879119,1724773.0623115087,183956.00081618456,-2051.8108359774924,524.9451557998117,2911729.6711847247,1000.6311872590568,-10.582625852360174,4.0062776981592165,-14.58890355051939,1.120862901990634,0.8811217426012251,9.562274481194745,91.43709325370824,517.0548095703125,517.0548095703125,0.06590418619284058,-1.5541045238914888,-0.8612061580619581,91.43709325370824,531.6862452915736,0.8711761474609375,3.350110018868788,10.522137451171876,0.005993269017126046,-0.0035805698690551946,0.03422987605194083,,,,0.0059753808173168355,0.20632572989537024,1.6844170190618608,0.039340742408667806,0.12129549008734797
2025-12-10 00:00:00+05:30,528.5293538635009,532.0140535406185,523.949487166625,528.180908203125,150834,0.0,0.0,519.093327331543,,,,524.6530437936117,,,,523.5391610281808,,523.5189746347608,,528.0174751228438,,532.5772433458468,,524.6084426614392,529.1714678314228,,518.9185180954854,,524.707345143071,527.793863729059,527.3097534179688,520.2656860351562,518.9464675324459,48.745132070812026,-0.8591757204743544,2.44967693565238,-3.3088526561267346,71.96652425762863,77.12325362619208,-5.156729368563447,76.63389264585024,81.29320478099538,-21.679369946612738,1.356504685754657,4.264936089846215,7.06890869140625,-3743.7289628770677,2.930216558396637,61.7447082853838,1.4587101128642699,1.732545016363249,-0.10387180695594633,-0.1534746544723384,7.0519426513561,7.006779085567359,-1.0577872884261978,-30596.55814442712,-31603.492238734245,19.24880981445312,0,1,0,19.24880981445312,1,0,0,0,0,12.022039965655226,8.064566373993557,500.2502698417234,519.093327331543,537.9363848213627,7.2599883287594835,0.7411387025829458,500.7556620650079,524.6530437936117,548.5504255222155,500.6020063907434,517.9259276666312,535.2498489425191,2.1372361602376357,0.14114729977030036,491.1464530143076,519.093327331543,545.2090394096218,1552791.0,61.80535386548474,0.20554643402162412,1732222.131982219,163524.0307047593,35784.09381609295,528.0481496367895,2961649.9320491483,1000.9621488516979,-12.756010650768877,1.4663143198004125,-14.22232497056929,0.7063712689712532,0.9645548103317871,9.42152874490981,88.76520389116183,521.1368713378906,521.1368713378906,-0.1369300070770379,-1.5226280805714387,-0.853849859914274,88.76520389116183,532.4308284214565,1.0802566528320312,3.3466588278296237,9.951308186848959,0.0033096159264107694,-0.0006592816497631437,0.04264936089846216,,,,0.00330415120172756,0.20632572989537024,1.6844170190618608,0.039340742408667806,0.12129549008734797
2025-12-11 00:00:00+05:30,528.1809403993851,531.1678260189858,523.4517048350175,529.4254760742188,138557,0.0,0.0,519.9769470214844,,,,525.1075611536695,,,,524.52317519415,,524.4927285738091,,529.0325859202092,,532.1767128974947,,524.8068704983268,529.2383313861682,,519.5618277107483,,525.0325007030924,527.465756655942,528.8031921386719,522.3814086914062,518.9464675324459,49.86607027040408,-0.4613437372587441,2.2780071350943927,-2.739350872353137,77.81179726721116,75.27799576104047,2.5338015061706898,84.10841185626913,80.26109608518956,-17.86246890078187,1.5856369003575947,3.453304808688587,8.26373291015625,-3741.4718596768,3.326119087961615,63.42576382314992,1.2374693973339534,1.4587101128642699,-0.09200770588116969,-0.14173035459071398,6.879109033029492,5.529379904053485,-2.186741279914827,-30267.23152322241,-30840.82983830068,18.219996134440102,0,1,0,18.219996134440102,1,0,0,0,0,11.714474338391875,7.716121183968312,500.9268894226798,519.9769470214844,539.0270046202891,7.327270067616106,0.7479921387042737,502.0163831737007,525.1075611536695,548.1987391336384,500.6020063907434,517.9259276666312,535.2498489425191,1.589848781946091,0.13790240296500078,492.29882265538424,519.9769470214844,545.6769143642532,1691348.0,63.0279836884803,0.21923916566812313,1808205.0029499622,164476.0445393892,55306.87905881349,528.0150023094074,2994298.516622527,1001.1977817289496,-14.931955724084085,-0.5677046028118351,-14.36425112127225,0.6551585871796836,0.9919685548170959,9.525028799402312,90.72617362944345,522.2320251464844,522.2320251464844,-0.34127166759590405,-1.448866297601615,-0.8779730314288721,90.72617362944345,533.615631539481,0.8836196899414063,3.3436850161491107,9.494978841145834,0.0023563287725181237,-0.006167665260683575,0.034533048086885954,,,,0.0023535569831867466,0.20632572989537024,1.6844170190618608,0.039340742408667806,0.12129549008734797
2025-12-12 00:00:00+05:30,532.6612579131776,534.6525149521053,522.7049727185387,524.098876953125,207311,0.0,0.0,520.800830078125,,,,525.0114959917129,,,,524.9157399495443,,524.3683027967356,,528.4501331726585,,531.2308407222862,,524.7904421936572,528.7061930547474,,520.1285307917109,,524.9653368363735,527.1814640734042,526.7621765136719,522.8543395996094,520.6141496605736,45.29982547172247,-0.5693084240316466,1.7360339586571922,-2.305342382688839,74.12101647244104,74.63311266576028,-0.5120961933192376,78.36414728685585,79.70215059632507,-38.09511173528226,-0.9222586602661247,3.2460544633038455,-4.8785400390625,-3906.6554518717207,3.6034332723618263,56.206214773541824,1.3328666797464825,1.2374693973339534,-0.08169390829410039,-0.12968016983339542,6.12011315451833,9.234007288859743,-2.7135349447069075,-29946.490792733857,-30425.734217390214,13.905598958333332,0,1,0,13.905598958333332,1,0,0,0,0,11.731122045190073,11.94754223356665,502.5941346874336,520.800830078125,539.0075254688164,6.991807362503716,0.5905723637438947,501.843755489157,525.0114959917129,548.1792364942688,500.6020063907434,517.9259276666312,535.2498489425191,1.0993268641129528,0.13996166767509774,492.75413241968613,520.800830078125,547.1278526123426,1484037.0,55.6229659872219,0.19500159150205987,1649267.413167249,99342.08576456644,-110345.90229145504,527.1521215412563,2785720.984883525,1001.1977817289496,-14.050760104797524,0.25079281317978186,-14.301552917977306,1.0037795888643997,0.36228945497557496,9.103347695345713,82.8709392623561,523.7005920410156,523.7005920410156,-0.5418232936691393,-1.1011729836120672,-0.8788533927111484,82.8709392623561,533.1455596923828,0.823883056640625,3.336960031122588,8.693829752604158,-0.010061093320615,-0.01349312591363061,0.03246054463303838,,,,-0.010112048182531684,0.20632572989537024,1.6844170190618608,0.039340742408667806,0.12129549008734797
2025-12-15 00:00:00+05:30,524.0988677555356,527.6831060553677,521.012382938358,525.54248046875,148312,0.0,0.0,521.7815231323242,531.2355187988281,,,525.0620659419069,531.2355187988281,,,525.3673257010324,525.0158830710018,524.5258830061507,531.2355187988281,528.3157864379477,531.2355187988281,530.0906588533738,,524.7957730823686,528.1393783516166,495.8019291804387,520.8912273978632,536.7511462824925,525.0063805906809,526.8925254624295,524.8206787109375,526.9115295410156,523.40188902875,46.7236967490566,-0.5322490414930598,1.4184746729566233,-1.9507237144496832,67.69200199038798,73.2082719100134,-5.516269919625415,65.6176082422058,76.03005579511026,-40.96641339277194,0.18980295493133956,3.876804025800281,0.99560546875,-4303.768337408557,3.611635725397605,53.91849731231902,0.7852980204070833,1.3328666797464825,-0.07239724215355459,-0.1176943865957668,5.211212920152026,2.246887991335825,-4.423835125673918,-29640.65116663925,-30110.77565716315,11.499501546223957,0,1,0,11.499501546223957,1,0,0,0,0,11.369664978891478,6.670723117009743,504.88173636211593,521.7815231323242,538.6813099025325,6.47772526277151,0.6112723310525964,502.8301629887354,525.0620659419069,547.2939688950784,500.6020063907434,517.9259276666312,535.2498489425191,0.8795711946871135,0.13877684851752053,493.8108253411884,521.7815231323242,547.6120697700302,1632349.0,46.22137953525448,0.23520598629924827,1702393.1922932656,80568.93364545633,-63995.955591336475,524.7459898208252,2826572.765725735,1001.4732266075988,-15.444847580621952,-0.914635730115716,-14.530211850506236,0.7195203715005661,0.445089324210386,8.44989338510412,71.40069821962636,524.3228759765625,524.3228759765625,-0.7370152572189719,-0.6295207750435861,-0.845081672541567,71.40069821962636,532.5389308384487,0.9806930541992187,3.332987751328002,8.387174479166667,0.002754448786491226,0.0042808397924603,0.038768040258002845,,,,0.002750662244063636,0.20632572989537024,1.6844170190618608,0.039340742408667806,0.12129549008734797
2025-12-16 00:00:00+05:30,527.6333550849675,527.6333550849675,521.2115388707142,522.6552124023438,163921,0.0,0.0,522.7223937988282,530.1443103027344,,,524.8328417952819,530.8990361950445,,,525.450534202939,524.6794004672181,524.1403306255083,530.5757489874876,527.4278510425471,530.2651397096389,528.5451662454976,,524.7263564244286,527.0576344033228,497.485565277606,521.977578162154,535.3678363409233,524.8353976256733,526.0040777303273,524.0988464355469,526.9364013671875,525.4678179169832,44.24312565620926,-0.727471775097797,0.978601551481509,-1.706073326579306,52.18736221292676,64.66679355858525,-12.479431345658497,43.45749376383861,62.47974976430009,-64.37638823316553,-1.074159408255204,3.7348157213943245,-5.67510986328125,-5080.58617392326,4.2369786079302685,49.8021870711695,0.16972273955318748,0.7852980204070833,-0.06467044918231357,-0.10612763873055887,4.047480247795691,2.59442354403393,-3.8273926702194103,-29735.00385507864,-29862.753216174544,8.703450520833332,1,0,0,8.703450520833332,1,1,0,0,0,11.016247209988753,6.42181621425334,508.08506147250614,522.7223937988282,537.3597261251502,5.600422901321227,0.49770513523274895,503.49505984445943,524.8328417952819,546.1706237461043,501.49809846973386,518.3739737061264,535.2498489425191,1.013986095771262,0.13964901446078806,494.9834702338055,522.7223937988282,548.4237963175284,1468428.0,40.29371730448942,0.22967143995204523,1612173.5879990477,36858.3215353461,-122465.65746591397,523.8333687860085,2736516.5121777365,1001.4732266075988,-15.86532948895255,-1.0680941107570519,-14.797235378195499,0.8255614256863268,-0.009179459069004291,7.318666163161014,53.56287440779796,524.3228759765625,524.3228759765625,-0.7033498013790297,-0.6688476655667327,-0.7682727247717085,53.56287440779796,530.9068150111607,0.9408706665039063,3.3277214242820556,8.085831705729166,-0.0054938814153158155,-0.007186756898704627,0.037348157213943356,,,,-0.005509028284025496,0.20632572989537024,1.6844170190618608,0.039340742408667806,0.12129549008734797
2025-12-17 00:00:00+05:30,521.7093523730523,530.0726563749193,520.7137238379892,528.4796142578125,144290,0.0,0.0,523.5238739013673,529.3259033203125,,,525.18015345838,530.8041569033883,,,525.9988409133185,524.6141182693781,524.8678300951975,530.4023890904189,528.1862327737198,530.0285576339521,527.492110385647,,524.74239360064,526.7900662644647,499.3569606094738,522.7792557397072,534.0929058071385,525.0885929413106,525.6088759568729,525.5674133300781,527.6831359863281,525.4678179169832,50.00888144188867,-0.407509133182657,1.0388513547173193,-1.4463604878999763,53.35057772482969,57.74331397604814,-4.392736251218452,47.89725112528842,52.32411771044427,-34.60546519957344,-0.009411710361831183,3.128032328801125,-0.04974365234375,-5857.984285775765,4.288819832506988,55.51013599208135,-0.23492549207657498,0.16972273955318748,-0.0569459479354939,-0.09519473884833528,3.315669142258928,4.5421987315744445,-4.816733805355739,-30020.246921526097,-29786.34129294929,6.255859375,1,0,0,6.255859375,1,1,0,0,0,10.89786759048457,9.358932536930183,509.5128183380015,523.5238739013673,537.5349294647332,5.352594699818994,0.6768510707145696,504.09188740060154,525.18015345838,546.2684195161585,502.6430861223729,518.9464675324459,535.2498489425191,1.035970832362124,0.1326019138506208,496.22654391146875,523.5238739013673,548.9450484640059,1612718.0,40.01234270044903,0.2107740500640641,1707342.591310519,45906.99749528314,15086.999847157436,526.4219981569071,2897311.4155448605,1002.5876136293406,-16.880902106504447,-1.6669333826471586,-15.213968723857288,0.7747646549668916,0.7074042828582825,7.005527781682914,49.07741949993113,525.044677734375,525.044677734375,-0.9682227273423483,0.01809790126010225,-0.6370740889042634,49.07741949993113,530.948774937221,0.8014801025390625,3.3250514284649055,7.866793619791671,0.011143870217418028,0.0005655373945712139,0.031280323288011225,,,,0.011082234777872667,0.20632572989537024,1.6844170190618608,0.039340742408667806,0.12129549008734797
2025-12-18 00:00:00+05:30,528.479601259936,537.2411199993343,521.7093395416894,533.2586059570312,251494,0.0,0.0,524.5443939208984,529.0033190917969,,,525.949529886823,530.9004098074528,,,526.9259582519531,524.7683419021905,526.3630540887254,530.6068758753677,530.0221376424653,530.3516938909846,527.4619342741202,,524.7886857187998,527.5957626135336,501.6918247461121,523.7729904994659,533.2679871700002,525.6372153665924,526.4484450157728,530.8691101074219,527.9569091796875,526.4634534453908,54.19437135406117,0.2290479341606897,1.3403267376485328,-1.1112788034878431,60.84745843117818,55.46179945631154,5.385658974866644,65.49923032708278,52.28465840540327,-18.475771273726494,0.10278487312810884,3.9798131628603612,0.54754638671875,-6582.595520115876,5.292203376041016,56.809570197135024,0.005919042125527921,-0.23492549207657498,-0.0483371478335437,-0.0848915855371045,2.7559257953318084,10.606641168319925,-4.925139289324989,-30202.448024405912,-29892.266790709105,4.389048258463542,1,0,0,4.389048258463542,1,1,0,0,0,11.228861366710309,15.531780457644913,510.8374086706433,524.5443939208984,538.2513791711535,5.226244111693675,0.8178748600451965,503.91123574737685,525.949529886823,547.9878240262692,502.6430861223729,519.9421030608536,537.2411199993343,1.035970832362124,0.13516369523684094,495.6503625382578,524.5443939208984,551.2437414079657,1864212.0,39.950535618612406,0.23180448022078923,1829865.1074183483,84419.8021045411,184629.96249803784,530.7363551660183,3124735.0863881023,1002.5876136293406,-13.198332691704643,1.6125088257221183,-14.810841517426761,1.2914413651091974,1.2714994401807853,6.853492625127561,46.970361162677875,525.9905395507812,525.9905395507812,-1.1456926955904334,0.8728064703461672,-0.3623476182600457,46.970361162677875,531.6890869140625,1.02052001953125,3.3232887486909872,8.011489257812498,0.009042906424934216,0.007240168930357838,0.03979813162860357,,,,0.009002264178894956,0.20632572989537024,1.6844170190618608,0.039340742408667806,0.12129549008734797
2025-12-19 00:00:00+05:30,527.8822542246091,532.6114897014801,525.6918593237583,529.325927734375,122556,0.0,0.0,525.6196746826172,528.6309545898438,,,526.2710915865898,530.8386654124301,,,527.3813424246653,524.7809932215073,526.9361693071477,530.4973195687384,530.4743647536005,530.2062077863168,527.7487777353261,,524.8296803533036,528.3342183969917,503.69305656328356,524.7316681973216,532.9700641262508,525.8934268024376,527.7861694559349,531.2922668457031,527.9569091796875,526.4634534453908,50.451023012765,0.4114468274609635,1.2181805047590455,-0.8067336772980819,70.06614015553971,61.421392103849186,8.644748051690527,78.99277796995194,64.12975314077438,-36.72034306008093,-0.3654292529977193,4.2348867709727545,-1.94140625,-8577.891428915083,5.788701629988054,57.17159402626472,0.39344640655295476,0.005919042125527921,-0.0401723736145887,-0.07511088869749753,2.0672239217318644,5.592518169985624,-1.3271122077361497,-30181.411005683334,-30060.30079210433,1.7838338216145835,1,0,0,1.7838338216145835,1,1,0,0,0,10.967281742893354,7.566746633272942,514.2643563923599,525.6196746826172,536.9749929728745,4.320735633464985,0.663194591160766,504.89039753027697,526.2710915865898,547.6517856429026,502.6430861223729,519.9421030608536,537.2411199993343,1.0305219336733555,0.13258100382241883,496.7351984191455,525.6196746826172,552.2912503439818,1741656.0,34.8279069952359,0.23802578650369238,1836037.6272437621,94464.49647054728,89400.92324748111,529.2097589198711,3034352.4264794323,1001.850133131375,-15.346384745840439,-0.42843458273094015,-14.917950163109499,0.6489622407720022,0.6527783646430664,5.677659145128622,32.235813368262676,527.3097534179688,527.3097534179688,-1.1248135552036018,1.1813114638287083,-0.123735284063866,32.235813368262676,530.9046779087611,1.07528076171875,3.321559615513728,8.238494466145834,-0.0073748049796558135,0.009973405803953783,0.042348867709727456,,,,-0.007402133297476007,0.20632572989537024,1.6844170190618608,0.039340742408667806,0.12129549008734797
2025-12-22 00:00:00+05:30,527.6831139840953,541.621913221411,524.2481834469454,535.7476806640625,251206,0.0,0.0,526.8044708251954,528.3243005371095,,,527.1736238796825,531.031175814455,,,528.3459144228981,525.0600805185355,528.5919377015568,530.8881770567749,532.474661482872,530.7990501915967,528.9588711825284,,525.6167730592662,529.9268416634984,506.2014685512277,526.2118055161758,532.78229783508,526.5469266376457,529.8530124547642,532.5368041992188,529.2014465332031,528.6538500564292,55.8176866249727,1.0619396775435916,1.4949386838733387,-0.4329990063297472,74.05168085712324,68.3217598146137,5.729921042509545,87.46103936815261,77.31768255506245,-22.6488430948228,2.378237849444557,4.627642126021043,12.44537353515625,-10462.47437875588,7.597672516679381,57.73093442189993,0.8578194943785898,0.39344640655295476,-0.031109400894457906,-0.06568955363835209,1.8883501090198365,13.35598324240675,-4.017746532058823,-29539.60580728311,-30054.59513149795,1.7921244303385417,1,0,0,1.7921244303385417,1,1,1,0,0,11.424885173719941,17.373729774465573,516.5150408581355,526.8044708251954,537.0939007922552,3.9063563568252597,0.9345823756756954,504.5199045383584,527.1736238796825,549.8273432210066,505.9784503786281,523.8001818000196,541.621913221411,1.030003186780069,0.13556137571676594,497.38426108725184,526.8044708251954,554.0479602219011,1992862.0,35.17486577205392,0.2293652482576765,1917373.0832722478,115865.47140474548,307084.0579914235,533.8725924441396,3339114.15869985,1001.850133131375,-11.668100753906506,2.599879527362395,-14.267980281268901,1.3802671566351516,1.7383295027027776,5.144714983529934,26.46809226175741,528.255615234375,528.255615234375,-0.7749519347978951,1.4943156490800376,0.18462745250013052,26.46809226175741,531.4288016183036,1.184796142578125,3.324902534163288,8.442043863932303,0.012131944787163507,0.019418411592931673,0.046276421260210476,,,,0.01205894259098091,0.20632572989537024,1.6844170190618608,0.039340742408667806,0.12129549008734797
2025-12-23 00:00:00+05:30,541.522365341242,541.522365341242,527.6831048868725,529.82373046875,226906,0.0,0.0,527.6457763671875,527.8364416503906,,,527.4260149834032,530.9838250165842,,,528.6334629603795,525.1188816923253,528.9376051541797,530.8009401494863,532.5349386053286,530.6769865072274,529.9064952662084,527.302808007781,525.6734658931912,530.0734808131057,507.80915404845285,527.8168004744954,532.5747515649252,526.7752472450846,531.0873053246752,532.7857055664062,529.2014465332031,529.4254738586924,50.39516781650457,1.086917368694003,1.2159331000190001,-0.12901573132499716,64.087829857353,69.40188362333865,-5.314053765985648,71.84484213728277,79.43288649179577,-48.36732427303726,0.6430250070433394,3.2799588528335613,3.3851318359375,-12388.161486697576,9.690100277122042,55.615248859346714,1.3323977369821365,0.8578194943785898,-0.022957384556199223,-0.05669906226060241,1.6568073895740152,13.033892435131179,-0.8053680192383581,-29337.45369785185,-29830.322558031774,0.8214009602864585,1,0,0,0.8214009602864585,1,1,1,0,0,11.597340550909198,13.839260454369537,519.6034587971495,527.6457763671875,535.6880939372255,3.0483775025771696,0.6354058753957031,504.2937431118491,527.4260149834032,550.5582868549573,511.553929114981,526.587921168196,541.621913221411,1.0713198621599835,0.1436587795313444,498.08452832179114,527.6457763671875,555.7314134688755,1765956.0,35.656493653702924,0.1567889021283408,1760661.6995066954,64224.47800653777,71189.21499013758,533.0097335656214,3088216.2282876344,1000.744398023391,-9.64254648491904,3.70034703707989,-13.34289352199893,1.2568274835256927,0.5416235015828159,4.021158785018972,16.169717974335256,528.4049682617188,528.4049682617188,0.06089010603877071,-0.4958513715187191,0.30764728042571826,16.169717974335256,530.6088361467635,0.8413055419921875,3.325389101492962,8.17078857421875,-0.011057351079839961,0.013715577490285957,0.032799588528335644,,,,-0.011118937999231754,0.20632572989537024,1.6844170190618608,0.039340742408667806,0.12129549008734797
2025-12-24 00:00:00+05:30,529.8237749729698,531.5661249939504,519.6683512684419,521.0621948242188,180150,0.0,0.0,527.6432861328125,527.3386279296874,,,526.8199368730047,530.5947414796287,,,528.0064551943825,524.8532249540441,527.6392096895372,530.0452032090677,530.267557586737,529.5738356553348,529.5988827078681,528.2619117282768,525.5603668005449,528.4187601236879,508.65099836349515,527.7975472576528,532.3018748435825,526.3489786340673,530.3838577943345,525.4429626464844,528.4049377441406,529.4254738586924,43.64227128497364,0.3951743417558191,0.419352058464653,-0.02417771670883391,48.23269746731,62.12406939392875,-13.891371926618753,51.05046943579682,70.1187836470774,-84.28574023020994,-1.3477793817130121,-0.009557386424927256,-7.11871337890625,-13797.495941694295,9.871808505802733,49.66194609642425,0.9033021944066197,1.3323977369821365,-0.017624624931633637,-0.04843427548843174,0.6444883296458468,4.138548956681348,-7.759224768827153,-30289.520055137047,-29704.175011848383,1.501749674479167,1,0,0,1.501749674479167,1,1,1,0,0,11.618800063380577,11.8977737255085,519.5924238262951,527.6432861328125,535.6941484393299,3.0516307202631268,0.09128034625147183,503.6244958986446,526.8199368730047,550.0153778473648,515.6857868914474,528.6538500564292,541.621913221411,1.2978527680618155,0.14747808184576275,498.4657106328004,527.6432861328125,556.1748227080512,1585806.0,29.37978527731875,0.09418261002198802,1622721.4309012047,-6630.057304161368,-164465.05091735418,524.0988903622037,2790307.5927182427,999.0907281062698,-9.78288503525691,2.848006789393617,-12.630891824650528,0.9819027929861128,-1.6348786149941188,4.025431153258679,16.204095969625495,528.4049682617188,528.4049682617188,0.05699625869517192,-0.4931163861746586,0.10940612916997632,16.204095969625495,528.7327933175222,-0.002490234375,3.322630061797591,7.591331787109365,-0.016536699171212366,-0.014035393671732566,-9.55738642492987e-05,,,,-0.01667495671575002,0.20632572989537024,1.6844170190618608,0.039340742408667806,0.12129549008734797
2025-12-26 00:00:00+05:30,523.6010532091153,523.6010532091153,511.6036811522168,518.1748657226562,193549,0.0,0.0,527.4939422607422,527.0956933593749,,,525.9965967634478,530.1076875283749,,,527.1047008696057,524.4938617302389,525.9929168316637,529.1117459819252,527.6263695854152,528.2299661652299,528.170092152517,528.7770685608792,525.2496825811243,526.8789595873545,509.43054426866445,527.5959864289244,532.1420662565159,525.7273910074408,527.8381589109795,519.6185302734375,526.9612731933594,526.6127971868139,41.66105363433917,-0.38162122695848666,-0.2859548081997222,-0.09566641875876447,29.74586011327829,47.35546247931376,-17.609602366035467,17.717136102463492,46.87081589184769,-78.10935515691793,-2.1250602511589953,-0.5731190902986094,-11.2506103515625,-12974.373036235518,7.447454738596889,51.09251226431125,0.27580861860346073,0.9033021944066197,-0.015097126995899934,-0.041034633121965015,-0.41057333380446576,-2.5047070689233806,-14.502079125821922,-32410.562226042155,-30200.685923217174,-0.5309956868489585,1,0,0,-0.5309956868489585,1,1,1,0,0,11.645840920060433,11.997372056898541,518.8480142579727,527.4939422607422,536.1398702635116,3.2781146133032646,-0.03892864566422939,502.7250316805699,525.9965967634478,549.2681618463257,511.6036811522168,526.6127971868139,541.621913221411,1.5644992956726267,0.1487860188918072,498.00778464680167,527.4939422607422,556.3142799369051,1392257.0,29.296319204477122,0.09571987832238629,1641193.2295214604,-29135.880615351023,-220804.28082606365,517.7932000279961,2683057.5051414906,999.0907281062698,-9.264227629040086,2.693331356488354,-11.95755898552844,1.0242340695191552,-2.1557145826569064,4.322964001384741,18.688017757268373,528.4049682617188,528.4049682617188,-0.2561308881505351,-0.005172819325508541,-0.12423480837309264,18.688017757268373,526.3262180873326,-0.1493438720703125,3.319081848026645,7.334460449218757,-0.0055412369775483805,-0.028285976195929208,-0.005731190902986127,,,,-0.005556646583050714,0.20632572989537024,1.6844170190618608,0.039340742408667806,0.12129549008734797
2025-12-29 00:00:00+05:30,517.7268413839856,522.008031957146,515.9844914370202,519.917236328125,350428,0.0,0.0,527.0409332275391,526.6506481933593,,,525.4176100553218,529.7080619911102,,,526.383109828404,524.2123536113664,524.8904354763556,528.3672230283257,525.8946832870613,527.1886507848262,526.2595381514644,528.9429004849197,525.1716513924,525.6802007873683,510.1502372323933,526.8527923056548,531.4006375731374,525.2935154182326,524.6171495440451,519.0460510253906,526.9612731933594,526.6127971868139,43.332856614375586,-0.8468802569741456,-0.6009710705723048,-0.24590918640184073,21.766641316312402,33.24839963230023,-11.481758315987825,3.9364420931223183,24.234682543794207,-72.30498066393493,-0.7978724643163093,-1.712772676682398,-4.181640625,-11532.822356148868,5.407586984325803,50.4742064037373,-0.2768479000532276,0.27580861860346073,-0.014254869125163161,-0.03457436945214375,-0.9316601435867655,-3.213653470905001,-9.237193991030836,-34729.694252485526,-31577.88541878263,-2.729654947916667,1,0,0,-2.729654947916667,1,1,1,0,0,11.244248034350818,6.0235405201258345,517.7937570529855,527.0409332275391,536.2881094020927,3.509092213359953,0.11481771489240741,503.21504345269403,525.4176100553218,547.6201766579496,511.6036811522168,526.6127971868139,541.621913221411,1.687745249695065,0.13846288175364793,498.73225587366454,527.0409332275391,555.0848211330542,1742685.0,41.49221603098557,0.07233478080426466,1748351.2363210889,-1598.3624777423684,-102035.7483461684,519.3032532407638,2800889.4354265854,999.0907281062698,-2.7813844645366315,7.340939616793446,-10.122324081330078,1.7238583794271185,-1.5407291404303636,4.623588087276821,21.377566800808133,528.255615234375,528.255615234375,-0.14092736184708196,-0.4657332125701116,-0.20352454700445705,21.377566800808133,525.0674630301339,-0.453009033203125,3.31803676324633,6.8433924696180535,0.003362514704449815,-0.017774854608995194,-0.017127726766823947,,,,0.003356874092770721,0.20632572989537024,1.6844170190618608,0.039340742408667806,0.12129549008734797
2025-12-30 00:00:00+05:30,519.5687033927661,522.7547267156214,514.0927466957256,518.4237670898438,272227,0.0,0.0,526.7347778320313,526.2693225097655,,,524.7515297728953,529.265540622433,,,525.5624273390997,523.8897308229932,523.6719182316352,527.5521159902444,524.0806994754364,526.0617877994152,524.1482534089853,528.7625971705727,524.9978000699929,524.5861170721279,510.68747948017324,526.3920768978529,531.0992162690741,524.776288241743,521.7408115706749,519.1705017089844,526.9612731933594,526.6127971868139,42.21613377009507,-1.3208855301886615,-0.8599810750294565,-0.4609044551592049,24.10182544388742,25.204775624492704,-1.1029501806052835,5.243438693521955,8.965672296369254,-77.2801878474849,-1.354545758614378,-1.1673137715587858,-7.11871337890625,-10044.671609330233,2.287165270554965,46.94427541318485,-0.7728427558801405,-0.2768479000532276,-0.01496083364715961,-0.02905107883712664,-1.3848491471544342,-1.4958275212571834,-10.15780754115292,-36480.423376253595,-33508.409398074335,-4.696034749348958,1,0,0,-4.696034749348958,1,1,1,0,0,11.059800319032599,8.661980019895736,516.7628765458259,526.7347778320313,536.7066791182368,3.7863082924763267,0.08327852915649413,503.0135923667281,524.7515297728953,546.4894671790624,511.6036811522168,526.6127971868139,541.621913221411,1.8698453802662232,0.13583053234029363,498.3849362621691,526.7347778320313,554.5259364120674,1470458.0,41.08783162000993,0.09240558278317089,1748353.1461365116,9812.899199617794,-145539.59148665718,518.4237468337302,2722691.864366832,998.8034767643392,-0.7316504775555065,7.512538883019658,-8.244189360575165,1.2622228033497054,-1.6668858833740225,4.9859506431027425,24.85970381545665,528.255615234375,528.255615234375,-0.20200419584586873,-0.7188035861357404,-0.31750929471129263,24.85970381545665,523.2177263532366,-0.3061553955078125,3.3162254483072298,6.3713535563151105,-0.0028725134193063884,-0.03233595627095509,-0.011673137715587867,,,,-0.002876647003727356,0.20632572989537024,1.6844170190618608,0.039340742408667806,0.12129549008734797
2025-12-31 00:00:00+05:30,515.9347015944398,520.9626133729906,515.8849323230367,518.1748657226562,178432,0.0,0.0,526.2270050048828,525.8272631835937,,,524.1251808157297,528.8306121949909,,,524.7471976143974,523.5723011450674,522.5816927457254,526.7665082749534,522.5318446307768,524.9976971679882,522.1354249896425,528.3074477289977,524.8847397209279,522.9941170831157,510.8659207528564,525.9276238339344,530.7815329985799,524.2802662473329,519.9125768909153,518.29931640625,526.9612731933594,526.6127971868139,42.02176875652796,-1.697059736155893,-0.9889242247973504,-0.7081355113585426,24.10182544388742,23.323430734695748,0.778394709191673,6.092781712744707,5.0908874997963265,-78.10935515691793,-0.8572279723556065,-1.9221793856955576,-4.4803466796875,-9029.390067170592,-1.1887490902569198,46.621730673826214,-1.204530482443575,-0.7728427558801405,-0.016792461211678766,-0.024589580312258292,-1.8836585650886022,-2.41998536185622,-7.497666411810201,-38175.311726020605,-35501.01820159017,-6.189473470052083,1,0,0,-6.189473470052083,1,1,1,0,0,10.632506085526984,5.077681049953981,515.5854376401664,526.2270050048828,536.8685723695992,4.044477863547738,0.12166572807100866,503.49034581968243,524.1251808157297,544.760015811777,511.6036811522168,526.6127971868139,541.621913221411,2.0525957106986037,0.13270095176987715,498.74585711595785,526.2270050048828,553.293845404289,1292026.0,35.37182090578273,0.0755220690352152,1730859.729060946,8022.9736163471825,-131092.7882385633,518.3408038062279,2714125.1335243583,998.7554655844921,-2.4449038485968204,4.639428409582676,-7.084332258179496,0.8217984394156698,-1.513337087715967,5.320783682358177,28.310738994449036,527.3097534179688,527.3097534179688,-0.09216379867751488,-0.9997738546279209,-0.35516013219002335,28.310738994449036,521.7875828334263,-0.5077728271484375,3.315315728483661,5.846991373697915,-0.00048011179847073926,-0.021986302379826683,-0.01922179385695555,-0.10228546781936665,,,-0.00048022708904330757,0.20632572989537024,1.6844170190618608,0.039340742408667806,0.12129549008734797
2026-01-01 00:00:00+05:30,517.9757491902762,520.5145898197603,516.9303513744115,517.776611328125,62287,0.0,0.0,525.6893676757812,525.0954760742186,,,523.5205551502435,528.3971219649177,,,523.9423982166109,523.256589307598,521.5770236752759,525.9974726834388,521.1699789667842,523.975639998107,520.2024033821402,527.6273788818412,524.4730706220564,521.0227360941732,511.0041779583204,525.6230300925705,524.5585719321471,523.7919358219492,518.9292387101666,517.9757385253906,526.7621459960938,526.6127971868139,41.6910185537516,-2.004212986136622,-1.0368619798224636,-0.9673510063141585,21.724797826065352,23.309482904613397,-1.5846850785480449,2.226895284076063,4.521038563447575,-79.43606351740112,-2.0252442366615426,-2.0344653369016994,-10.7030029296875,-8176.165993075741,-2.794647001350995,41.54978928685692,-1.5486038320148212,-1.204530482443575,-0.0194433270312655,-0.021379155778671825,-2.2941377842086568,-2.0671535712691593,-5.651392016617933,-40218.021888890864,-37376.53105765413,-7.243184407552083,1,0,0,-7.243184407552083,1,1,0,0,0,10.129058396942826,3.584238445348774,514.4669156748902,525.6893676757812,536.9118196766723,4.269613460324918,0.147458668255923,504.1682304499438,523.5205551502435,542.8728798505431,511.6036811522168,526.6127971868139,541.621913221411,2.233760807643432,0.13260898502970295,500.1016797456111,525.6893676757812,551.3516487214706,1229739.0,38.607220718807746,0.03517019136026915,1697985.3892623635,-3898.6471142077353,-115908.9715576497,518.4071841740989,2709337.932694466,998.6786084420725,-8.293110231871102,-0.9670223789532848,-7.3260878529178175,0.29813304869964363,-1.4101653269763097,5.61122600044552,31.485857228075833,525.9905395507812,525.9905395507812,0.03805241795336838,-1.1742965119619906,-0.37058472547925186,31.485857228075833,520.4484592982701,-0.5376373291015625,3.312561272362855,5.657601182725694,-0.0007685714241963959,-0.006305549565349233,-0.02034465336901703,-0.09066272457138991,,,-0.000768866926632962,0.20632572989537024,1.6844170190618608,0.039340742408667806,0.12129549008734797
2026-01-02 00:00:00+05:30,517.7766146630922,524.1984309566863,517.5277075258858,520.2656860351562,145515,0.0,0.0,525.0670989990234,524.4552868652343,,,523.2105676154732,528.0782421245349,,,523.4258571079799,523.0671857766544,521.1716694638056,525.4663219878441,520.7171067819656,523.3198303508511,518.6774943377342,526.8897031524074,524.1128152768206,520.0877559267221,511.02573784537157,525.1244960816593,524.4059445596081,523.5331624789916,518.7018974059275,519.0211486816406,526.7621459960938,526.6127971868139,44.624642050903496,-2.0234614191944047,-0.844888330304197,-1.1785730888902077,23.770131409853967,23.198918226602245,0.5712131832517215,7.897990198622411,5.4058890651477265,-71.14418709611905,-2.436513874643767,-2.3362333692104595,-12.992919921875,-8120.143982434478,-2.4690141816565756,45.538959495588365,-1.6375976422797134,-1.5486038320148212,-0.022025534709102512,-0.019362840344728918,-2.467402750006124,1.9475529022100773,-4.7231705285903445,-41679.13760699008,-39157.70470217777,-7.268086751302083,1,0,0,-7.268086751302083,1,1,0,0,0,9.882034470789797,6.670723430800422,514.1068926362994,525.0670989990234,536.0273053617474,4.174783140523665,0.28096156199225714,504.4307074712401,523.2105676154732,541.9904277597063,511.6036811522168,526.6127971868139,541.621913221411,2.3236808575818215,0.13029207415676936,500.4300317727773,525.0670989990234,550.2612421236179,1375254.0,44.89248477294226,-0.0016716079245422373,1671922.7835669757,-16713.898578493856,-47608.017621749415,520.6639415059094,2779290.436934585,998.6786084420725,-9.80068858574765,-1.979680586263866,-7.8210079994837844,0.733717684454251,-0.8761537520309702,5.480103181361991,30.031530878373815,524.8206787109375,524.8206787109375,0.24135573566424667,-1.0361049334734511,-0.30166464827431694,30.031530878373815,520.1433733258928,-0.6222686767578125,3.309496812119147,5.3938685438368035,0.004807236658771918,0.004034970529850135,-0.02336233369210461,-0.053008331139174136,,,0.0047957187946082,0.20632572989537024,1.6844170190618608,0.039340742408667806,0.12129549008734797
2026-01-05 00:00:00+05:30,523.5014838435031,523.5014838435031,517.4281739447117,518.4735717773438,179913,0.0,0.0,524.4274108886718,523.9455261230468,,,522.759425154699,527.7015883854293,,,522.7979021344867,522.8326087143842,520.5065312672516,524.8302134851544,519.9016450798813,522.5186179238157,517.4451098817766,526.095055861174,523.7086310586351,518.2888708756652,511.0796410104428,524.5362628190813,523.9389227877866,523.1574482516513,518.6893412561869,519.36962890625,526.7621459960938,526.6127971868139,42.949173880673584,-2.1584433925073654,-0.783896242893726,-1.3745471496136394,24.101825443887417,23.198918226602245,0.902907217285172,10.081666511954877,6.735517331551117,-77.11427305481757,-2.0502218743528378,-2.4081590168703135,-10.85235595703125,-8042.554637331781,-2.516450990906492,47.07379733234112,-1.6601030656044495,-1.6375976422797134,-0.024851160133654293,-0.01866748026019518,-2.901218794633038,1.7902209714744686,-4.283088927316953,-42521.09317283584,-40748.453981769715,-7.5584716796875,1,0,0,-7.5584716796875,1,1,0,0,0,9.609982715647057,6.073309898791422,513.497521820346,524.4274108886718,535.3572999569976,4.168313418173348,0.22763497076187295,504.61130218633735,522.759425154699,540.9075481230607,511.6036811522168,526.6127971868139,541.621913221411,2.4520858946628312,0.13043312542081645,500.50606046710107,524.4274108886718,549.3292001334056,1195341.0,44.398804686594566,-0.053310568353822294,1553946.5736852454,-57974.94108729833,-86867.5368851881,519.8010765218529,2717317.360270053,998.6786084420725,-9.496250484152505,-1.3401939877349758,-8.156056496417529,0.8816615399392242,-1.0894601169525029,5.464944534162923,29.865618761477208,523.7005920410156,523.7005920410156,0.4473125567479083,-0.8292238696258276,-0.21785890195036858,29.865618761477208,519.5388846261161,-0.6396881103515625,3.307498895716386,5.031235758463541,-0.0034446136001584637,-0.002776719927535032,-0.02408159016870315,-0.05378391374808866,,,-0.0034505599407430613,0.20632572989537024,1.6844170190618608,0.039340742408667806,0.12129549008734797
2026-01-06 00:00:00+05:30,517.7268198953597,522.7049623943535,517.677050624038,520.3154296875,192890,0.0,0.0,524.2780670166015,523.5960595703125,,,522.5266636816324,527.4119351031576,,,522.4062848772322,522.6902519914215,520.2777374030721,524.3748688101226,519.7340491653969,521.9947303640276,516.7255902628051,525.3300460224278,523.1617472361445,517.5763240214352,511.12751928883233,524.4258974298713,523.668729883449,522.9499751944631,518.9938165650423,519.3945007324219,526.7621459960938,526.6127971868139,45.22540181340655,-2.092672018167491,-0.5744998948430813,-1.5181721233244097,26.921021406219953,24.930992753320446,1.9900286528995075,18.403756616274194,12.127804442283827,-70.97847563040351,-2.880507286085519,-0.5707747511746563,-15.4322509765625,-7679.930728575081,-2.623475127881079,46.234509942668005,-1.48768749831191,-1.6601030656044495,-0.027327271785548835,-0.019153023285678472,-2.897389743522528,1.193104262971815,-3.8348075073437258,-43161.3395325507,-41963.30383018224,-8.338389078776041,1,0,0,-8.338389078776041,1,1,0,0,0,9.282691933837663,5.027911770315541,513.2027914177579,524.2780670166015,535.3533426154452,4.2249623990060705,0.3211043466261337,505.1492358968641,522.5266636816324,539.9040914664007,511.6036811522168,526.6127971868139,541.621913221411,2.5200930125966123,0.12052121723725785,501.7263539550337,524.2780670166015,547.425712309093,1388231.0,50.91414259680895,-0.02200122846091597,1563493.2753615961,-66546.42239048844,-23704.178431584238,520.2324809019639,2785840.8090298697,998.6786084420725,-8.611761162333414,-0.3645637327327069,-8.247197429600707,0.9730630677441372,-0.7155826134954636,5.537637799421828,30.665432397585427,523.3770446777344,523.3770446777344,0.4963933901209032,-0.8867467195997286,-0.2698621772459354,30.665432397585427,518.6627205984933,-0.1493438720703125,3.3048963574483077,4.760426974826388,0.0035524624791236636,0.0036488732148123315,-0.005707747511746519,-0.0558266172150963,,,0.003546167388600918,0.20632572989537024,1.6844170190618608,0.039340742408667806,0.12129549008734797
2026-01-07 00:00:00+05:30,522.5555903229357,524.2979401859499,516.7809572163284,517.8263549804688,148513,0.0,0.0,523.8474548339843,523.1330920410156,,,522.0790152339025,527.036030000307,,,521.7918361118863,522.4639890663296,519.6392571482114,523.7569006199465,518.9746913933868,521.237530519209,516.2930902416674,524.5255444833056,522.4558755417775,517.2919612705099,510.97049312263425,524.0306237270805,523.1501676254666,522.5693014880379,519.0706564864947,519.0708923339844,526.7621459960938,526.6127971868139,42.74346874307972,-2.2158522910469856,-0.5581441341780606,-1.657708156868925,24.212299754364437,25.0783822014906,-0.8660824471261641,13.974329296307124,14.153250808178731,-79.2703520516856,-2.2644088587098268,-1.6359445668896961,-11.99737548828125,-7342.773533934787,-2.5802882190373566,40.03445503696481,-0.8664058992214011,-1.48768749831191,-0.029997519615976298,-0.020527789361716547,-3.3974310932929757,3.3125825046985256,-4.204400464922969,-44503.97458000569,-42924.66293296147,-8.421366373697916,1,0,0,-8.421366373697916,1,1,0,0,0,9.15656986496508,7.516982969621495,512.4605614463603,523.8474548339843,535.2343482216083,4.347408117591295,0.23561270626895978,504.9247742915652,522.0790152339025,539.2332561762398,511.6036811522168,526.6127971868139,541.621913221411,2.6655332607945503,0.11915569310120533,502.33302719980105,523.8474548339843,546.426931352597,1239718.0,45.606362146494675,-0.0723817432349968,1456288.1135656242,-98113.99600501312,-73126.43179354821,519.6350841275823,2714795.4525261526,998.2002304111679,-9.704418454546015,-1.1657768199562462,-8.53864163458977,0.7800445820797688,-1.05754917492416,5.693446693812012,32.41533525527893,521.8587036132812,521.8587036132812,0.6210704550303736,-0.8628308016530665,-0.23480731215323883,32.41533525527893,517.6805986676898,-0.4306121826171875,3.3040406582279767,4.6101996527777755,-0.004783780309044805,-0.0006725736141244276,-0.01635944566889691,-0.06566081729143769,,,-0.004795259209055847,0.20632572989537024,1.6844170190618608,0.039340742408667806,0.12129549008734797
2026-01-08 00:00:00+05:30,520.5145741806285,520.5145741806285,515.7355694743034,517.9259643554688,184365,0.0,0.0,523.3347076416015,522.5854956054687,,,521.6834865788136,526.6787725240389,,,521.2278846377419,522.2597879806219,519.1182271466793,523.1849890735524,518.4034045312465,520.5581815368405,516.151885640198,523.7105167142164,522.2983235746876,517.3286376245834,510.6634490449084,523.5626641143319,522.7938381018399,522.2255797323869,518.9220514031499,517.8761596679688,526.7621459960938,526.6127971868139,42.87856822486943,-2.2791631268808032,-0.4971639760095026,-1.7819991508713007,23.60421661718664,24.912512592590343,-1.308295975403702,13.80808059425378,15.395388835611698,-78.93852246635095,-0.6018917702920307,-1.9415589788248193,-3.13623046875,-7201.371784321841,-2.860093229054428,37.46919880444058,-0.8708689465645754,-0.8664058992214011,-0.03266835353862296,-0.02248014786646355,-3.7292433395378692,-0.03372731122533423,-4.812732017550502,-47689.40430298332,-44256.854283488654,-10.404317220052082,1,0,0,-10.404317220052082,1,1,0,0,0,8.843886639347945,4.779004706325168,511.8463299212222,523.3347076416015,534.8230853619809,4.390451293456737,0.2645993447561274,505.25269625835125,521.6834865788136,538.114276899276,511.6036811522168,526.6127971868139,541.621913221411,2.8098885936279268,0.11823396765558238,502.24693243414805,523.3347076416015,545.519446170027,1424083.0,37.33709210869403,-0.0778280134326003,1440925.731090387,-106996.57999807457,-60056.3011913449,518.0587026701336,2718341.9082531054,998.2002304111679,-8.944645544187443,-0.32480312767813935,-8.619842416509304,0.9662133231732403,-0.9416026209754862,5.744188860189676,32.99570566152717,520.6888122558594,520.6888122558594,0.8139617975658586,-0.604671570156332,-0.1318546115079503,32.99570566152717,517.0142386300223,-0.5127471923828125,3.3062113244112457,4.7093207465277755,0.00019236057423865915,0.0002884507026315042,-0.0194155897882482,-0.05133577912399612,,,0.0001923420753156694,0.20632572989537024,1.6844170190618608,0.039340742408667806,0.12129549008734797
2026-01-09 00:00:00+05:30,512.7487016562864,517.677075117137,503.5889068710878,507.6709899902344,208400,0.0,0.0,522.2469833374023,521.8766082763672,,,520.3489630941871,525.9333692874192,,,519.7361020042783,521.6749054074754,516.8205880742606,521.8604252154936,515.3024535094381,518.7801812988387,515.1209797463684,522.6050496558674,520.5942362664142,515.2425524843701,509.62075088613136,522.4809644307279,522.2070952123685,521.0615204267318,517.3198647434874,512.7984771728516,521.7093353271484,522.6054100462494,33.987289456317356,-3.120852897745067,-1.0710829974990128,-2.049769900246054,17.508042307225725,21.7748528929256,-4.266810585699876,5.415434825480789,11.065948238680564,-89.26699856028627,-2.0270909353685025,-4.1090742828051345,-10.503875732421875,-6593.219038221774,-4.988834716551196,35.42747540487126,-1.137763954666772,-0.8708689465645754,-0.03749690270525852,-0.0250625960420297,-4.306301397966475,-1.0316104459141116,-15.11977869196329,-52303.58498849937,-46641.94704783802,-12.80212910970052,1,0,0,-12.80212910970052,1,1,0,0,0,9.236255985421733,14.337057484380978,509.1762436982645,522.2469833374023,535.3177229765402,5.005577841966532,-0.057581045510344764,502.75214185483907,520.3489630941871,537.9457843335351,503.5889068710878,522.6054100462494,541.621913221411,3.133428383126509,0.13526936567968498,500.6303766893425,522.2469833374023,545.4959021907415,1215683.0,36.26941079440504,-0.11931559574561787,1353294.607096496,-128786.03290255833,-356782.0664089876,509.645657326153,2305708.287852476,998.2002304111679,-7.219709464040861,1.1201063619747558,-8.339815826015617,1.0837402559582312,-2.2303241820413757,6.53536981956891,42.71105867853217,520.2905578613281,520.2905578613281,0.2603782692173653,0.5263585497653915,0.1497920121998774,42.71105867853217,514.7143393380301,-1.0877243041992188,3.305654139527479,5.150715128580729,-0.019800077754348777,-0.024208200507905064,-0.04109074282805136,-0.04271107285491682,,,-0.019998725831676525,0.20632572989537024,1.6844170190618608,0.039340742408667806,0.12129549008734797
2026-01-12 00:00:00+05:30,506.7749271617489,512.2508841350094,500.0046652393863,508.8657531738281,223976,0.0,0.0,521.4853271484375,521.0611889648437,,,519.2553240541529,525.2640510084549,,,518.461699131557,521.1646757956112,515.0735018094266,520.707759730149,513.1087373331017,517.2839172786053,513.5958147453539,521.3154477583645,519.0496098450337,513.724951224698,509.02500376192035,521.5970260865774,520.9491435477219,520.1038320717321,514.9452024300381,508.26837158203125,518.7473602294922,520.7635152903142,35.661187223824705,-3.649422431238122,-1.2797220247936543,-2.3697004064444678,17.71246505259738,19.608241325669916,-1.895776273072535,6.2673682596037725,8.496961226446114,-78.65708381557064,-2.1256235381514017,-2.9065362375617747,-11.051483154296875,-6102.281285949991,-7.768396090204419,40.758099365131656,-1.5103929320237413,-1.137763954666772,-0.04341686194238026,-0.028224376963720883,-4.869345581080971,-5.051668229581196,-17.297887125204284,-57327.86666528273,-50302.969971375634,-14.436614990234373,0,1,0,-14.436614990234373,1,0,0,0,0,9.451253336150401,12.246218895623088,507.1543851173676,521.4853271484375,535.8162691795073,5.496201440387087,0.05970884721849488,501.0017774289098,519.2553240541529,537.508870679396,500.0046652393863,520.8132892303986,541.621913221411,3.3069666969970077,0.132685492956182,499.46680901811135,521.4853271484375,544.4070036850245,1439659.0,27.384468491298012,-0.051137101466073025,1453446.5764101716,-94125.54313617223,-267584.87423504743,507.0404341827413,2358419.2530415133,998.2002304111679,-5.144442601660437,2.556298579484144,-7.700741181144581,1.2467228271578688,-1.7611646111260215,7.165471015534929,51.34397487447117,520.0914611816406,520.0914611816406,0.1714114132328222,0.14918398109171216,0.3377584793529396,51.34397487447117,512.4144430977958,-0.7616561889648438,3.3051594634768278,5.495867919921875,0.002353420240964965,-0.018530970769792043,-0.029065362375617743,-0.06142680800931677,,,0.0023506552847692157,0.20632572989537024,1.6844170190618608,0.039340742408667806,0.12129549008734797
2026-01-13 00:00:00+05:30,513.5451998509154,513.5451998509154,506.8745067195912,508.6666259765625,85684,0.0,0.0,520.6415344238281,520.4936804199218,,,518.2468766181919,524.6131715954394,,,517.2408704485213,520.6786145019531,513.5509183356653,519.6102036763267,511.30810358479005,515.8914696464213,511.86547468045046,519.8901770642244,517.8195889170115,512.3376593204857,508.31400962695534,521.1475382764572,520.1800206696288,519.2108985046667,512.3392836139758,508.7661895751953,514.3665924072266,515.7853951166684,35.49961805976935,-4.037839791662805,-1.3345115081746695,-2.703328283488135,19.840219384773164,18.35357558153209,1.4866438032410727,7.886311229980749,6.5230381050217705,-72.5552594698236,-1.8820782789440131,-3.2111304260571525,-9.75714111328125,-5826.914821756776,-9.743395696884363,40.09367414674106,-1.5137522563476886,-1.5103929320237413,-0.04993352053523914,-0.03190671688856092,-5.233454654552779,-2.523648743956869,-9.194341875281111,-59964.98614079072,-54486.215625223034,-14.353647867838541,0,1,0,-14.353647867838541,1,0,0,0,0,9.252641892948533,6.670693131324242,505.3606250678465,520.6415344238281,535.9224437798098,5.870030854488921,0.10817422025417191,500.4611547893864,518.2468766181919,536.0325984469974,500.0046652393863,520.8132892303986,541.621913221411,3.35453782108147,0.1318243260464006,498.76003574620324,520.6415344238281,543.7002229166951,1353975.0,32.193011971255395,-0.07661653035104136,1413801.5541869374,-84003.7095631184,-231795.89431154178,509.6954441823564,2355066.3029433605,998.161098833532,-9.354899258791178,-1.3233264621172776,-8.0315727966739,0.5322070218481654,-1.567303118983312,7.640454677990819,58.37654768643179,519.1954040527344,519.1954040527344,0.2261623450477575,-0.0965830362381283,0.5181387932580268,58.37654768643179,510.4395424979074,-0.843792724609375,3.3052309684700387,5.942238362630208,-0.00039131577635875825,-0.022387965157853795,-0.032111304260571516,-0.0536259698665843,,,-0.00039139236035684133,0.20632572989537024,1.6844170190618608,0.039340742408667806,0.12129549008734797
2026-01-14 00:00:00+05:30,503.7880537959957,511.3050373066741,502.7924252311815,504.3854370117188,220271,0.0,0.0,519.7280456542969,519.9022778320312,,,516.9267395128135,523.8199271019602,,,515.692670694987,520.0469186820236,511.4836055904233,518.2510171369207,508.7783761892787,514.1343675738664,509.7191402828331,518.2581365248735,515.7116483165103,510.30495487999303,507.22679222277327,520.1171195800664,519.5567953719669,518.0218345063606,509.7879396768724,506.5260314941406,512.3504333496094,512.1513027126681,32.129218831700406,-4.637659466778928,-1.5474649466326342,-3.0901945201462935,22.27350490167031,19.942063113013617,2.3314417886566936,7.886311229980749,7.346663573188424,-81.96714200959482,-2.661153526176236,-3.4955693461181325,-13.789428710937443,-5468.568447734411,-12.13772651119507,39.74667878684396,-1.6597638751928019,-1.5137522563476886,-0.05757442005180913,-0.03614350500195466,-5.4877589916548395,-3.0947524906049466,-11.607364566097544,-60372.68521008407,-57876.995968455056,-14.785085042317698,0,1,0,-14.785085042317698,1,0,0,0,0,9.199782620273108,8.512612075492598,502.85283196849593,519.7280456542969,536.6032593400979,6.493863021979664,0.04540994477931931,499.21344603427656,516.9267395128135,534.6400329913504,500.0046652393863,520.8132892303986,541.621913221411,3.3742788735799145,0.1333771878869923,497.6332142797982,519.7280456542969,543.0961004156,1133704.0,31.790383224248657,-0.08794073254458587,1275971.5945630036,-116081.24574874644,-333399.59147776227,506.16096651652475,2169675.3757000747,998.161098833532,-6.760925837988503,1.0165175669483189,-7.777443404936822,1.333509705087861,-1.8183602208827243,8.437606842900486,71.19320923536111,518.4486694335938,518.4486694335938,0.1112854877408665,-0.26664699557242183,0.6439214085137966,71.19320923536111,507.6219207763672,-0.9134887695312471,3.304151848460441,6.362060546874998,-0.008416492740455417,-0.025956419250342866,-0.034955693461181325,-0.06643321804374003,,,-0.008452111412483525,0.20632572989537024,1.6844170190618608,0.039340742408667806,0.12129549008734797
2026-01-15 00:00:00+05:30,504.3854370117188,504.3854370117188,504.3854370117188,504.3854370117188,0,0.0,0.0,518.5233367919923,519.2561157226562,,,515.7323297508044,523.0577902356762,,,514.2314698718843,519.4384151204426,509.72693308396697,516.9750197506792,506.7706306665267,512.5260982983737,507.5912753626175,516.4891596624188,513.9734811844005,508.2287866045919,506.13340421204566,519.7891221839174,519.3066856809824,516.9381229027935,507.775422872539,504.3854370117188,512.3504333496094,512.1513027126681,32.129218831700406,-5.054752836550506,-1.57164665312337,-3.483106183427136,21.17015217032891,21.094625485590793,0.07552668473811863,4.485713600878852,6.752778686946783,-81.96714200959482,-2.5862841278320987,-4.55914979425103,-13.391174316406193,-5138.645395247744,-14.400286297539992,38.30364184223968,-1.9594159215068796,-1.6597638751928019,-0.06572425723981867,-0.040998918616478676,-5.588005359346206,-8.583730959051707,-8.583730959051707,-60961.206197425934,-59827.40259407637,-15.208211263020814,0,1,0,-15.208211263020814,0,0,0,1,0,8.5426552902536,2.220446049250313e-16,500.8571324008489,518.5233367919923,536.1895411831357,6.81404408929439,0.09986029066432464,499.70601660355675,515.7323297508044,531.7586428980521,500.0046652393863,520.8132892303986,541.621913221411,3.359584022638631,0.12472412798132944,497.7443575666042,518.5233367919923,540.8675105681734,1133704.0,34.308662135991796,-0.1172598272863304,1275971.5945630036,-118651.03366570827,-285771.07840951055,,2169675.3757000747,998.161098833532,-14.793830688869493,-5.613109827146136,-9.180720861723357,0.0,-1.6005588373427004,8.833102195571685,78.02369439741334,518.29931640625,518.29931640625,0.1912562440430379,-0.25142360392114743,0.748682758253869,78.02369439741334,505.6477360316685,-1.2047088623046847,3.3033225479769577,6.69283094618055,0.0,-0.02614375079766551,-0.04559149794251027,-0.09015800532262752,,,0.0,0.20632572989537024,1.6844170190618608,0.039340742408667806,0.12129549008734797
2026-01-16 00:00:00+05:30,504.38541843444096,505.7295230242692,490.49638831316753,494.37933349609375,151274,0.0,0.0,516.5793731689454,518.5870520019531,,,513.6987110598795,521.9331448733396,,,511.9320409865607,518.4628550331265,506.42531621238027,515.008372784725,502.60332995695444,509.9249369074655,504.51504444469094,514.3735890345378,508.0630649385048,504.6151017103302,504.5069879699679,517.7683733074203,518.762867800682,515.0119256037538,505.01762165811454,499.38238525390625,507.3473815917969,507.3971642495587,25.553081102705015,-6.122139058141556,-2.111226299771536,-4.01091275837002,15.851064017185003,19.764907029728075,-3.9138430125430723,0.0,4.1240082769532,-88.51252392925532,-4.975602511158744,-7.290885140271004,-25.8863525390625,-4457.6290099679545,-16.150251844137756,37.30413866122995,-2.326424259283495,-1.9594159215068796,-0.07614472742413225,-0.04669820387097623,-6.395442267461927,-4.583954307261763,-19.817089018363447,-61593.18742993844,-60704.32606429152,-16.20384724934894,0,1,0,-16.20384724934894,0,0,0,1,0,9.020546677457036,15.233134711101684,497.2611241473731,516.5793731689454,535.8976221905176,7.4792955448704275,-0.07458726326752788,496.2971639816837,513.6987110598795,531.1002581380753,490.49638831316753,516.0591507672892,541.621913221411,3.5267482018139367,0.13209826041460904,496.2140866396718,516.5793731689454,539.2625782046051,982430.0,21.761980695347518,-0.17550377986670912,1201817.4600065753,-132510.35029371898,-461184.2533828183,496.86841494451016,1869574.8588829136,998.161098833532,-14.011558078529113,-3.8646697734446036,-10.14688830508451,0.948256300124241,-2.298349053070112,9.659124510786139,93.29868631486956,518.1748657226562,518.1748657226562,-0.2942729094317144,0.5603896100192577,0.8662410858086237,93.29868631486956,502.6373766217913,-1.943963623046875,3.2983300179148505,7.128693033854161,-0.019838208602744767,-0.02618163487024594,-0.07290885140271008,-0.10483146554182166,,,-0.02003762768140704,0.20632572989537024,1.6844170190618608,0.039340742408667806,0.12129549008734797
2026-01-19 00:00:00+05:30,494.72782520125054,494.72782520125054,474.1681015218112,475.8108825683594,228693,0.0,0.0,513.9036209106446,517.6870050048827,,,510.0903464416395,520.124428704517,,,508.0493275960287,516.7853581925934,500.2449450202563,511.7334301826654,494.45990388897604,505.4406173745415,499.04919452089246,511.5003649853026,496.8557251847212,497.6333144473672,501.43139176204636,514.7798274748152,517.6951083108935,511.1686525031791,499.54298964789393,485.09510803222656,498.0631561279297,499.23302085388053,18.135095974457133,-8.369886296550533,-3.4871788305444102,-4.8827074660061225,10.932462130768803,15.98455943942757,-5.052097308658768,0.0,1.4952378669596174,-96.72294766884345,-8.228517620046732,-10.110036626218395,-42.662689208984375,-3392.975830046902,-19.22118048088373,30.399500452522258,-2.7212064201155486,-2.326424259283495,-0.0919309196210305,-0.053876386963807525,-8.406354499123937,-10.656710021255947,-31.21643370069529,-62383.48086187766,-61310.82555444841,-19.506011962890604,0,1,0,-19.506011962890604,0,0,0,1,0,9.844773606170058,20.559723679439344,488.23743504762257,513.9036209106446,539.5698067736665,9.988715711923232,-0.24208023244245436,490.4299517176643,510.0903464416395,529.7507411656146,474.1681015218112,507.8950073716111,541.621913221411,4.113006201429993,0.18007831299769778,492.3129922829971,513.9036209106446,538.7715071733597,753737.0,22.3603568652426,-0.22427101804820168,1009670.9167329322,-187271.2117473625,-1001940.0383304667,481.5689364304737,1010624.158418427,998.161098833532,-9.452576559245209,0.55544939667144,-10.008025955916649,1.3910207984350993,-2.9683209297698183,12.833092931510995,164.68827418879746,518.0504150390625,518.0504150390625,-1.3520920939998806,3.3102458907199974,0.9162199188148806,164.68827418879746,496.34074096679694,-2.6757522583007813,3.2880427426742584,8.364603271484373,-0.03755911639029119,-0.06495793910142977,-0.101100366262184,-0.1252859121029476,,,-0.038282634332736806,0.20632572989537024,1.6844170190618608,0.039340742408667806,0.12129549008734797
2026-01-20 00:00:00+05:30,479.1462336559759,481.8344428608054,468.94104114693954,477.8519287109375,233561,0.0,0.0,511.0088333129883,516.9233587646484,,,507.0200209434774,518.4666836067296,,,504.6158331008185,515.2231983379289,495.3343632543649,508.8120083643314,488.435284655261,501.5518517583538,492.6315802530395,508.1384752505926,490.3540562348316,491.94228473251377,498.74971541920263,510.9914340507433,516.830035660006,508.0525069803709,492.71774209783416,476.83140563964844,498.0631561279297,496.6194906664447,20.854845128758743,-9.872740009895551,-3.992026035111543,-5.880713974784008,10.28722883783958,12.356918328597795,-2.069689490758215,3.3465220246071166,1.1155073415357055,-83.90284188838251,-8.161107388659598,-10.806533381789514,-42.4635009765625,-2800.5089538799843,-24.669465208819588,35.4655031568499,-3.1260985061068087,-2.7212064201155486,-0.11053981771589338,-0.06282553119713165,-9.978643534793516,-19.616862860048457,-32.5102645739143,-61102.66891953997,-61669.53528343301,-24.54223124186196,0,1,0,-24.54223124186196,0,0,0,1,0,10.062532756719756,12.893401713865842,482.7840108341177,511.0088333129883,539.233655791859,11.046706295029225,-0.08737135772726973,486.7761587239064,507.0200209434774,527.2638831630484,468.94104114693954,505.2317032440908,541.522365341242,4.572279813117502,0.17205459047946334,489.9848333720171,511.0088333129883,535.3232662472299,987298.0,21.99482079622185,-0.22318468227383947,1098947.265094881,-164242.6158862,-790704.4931251588,476.2091375728942,1110812.8669098099,998.161098833532,-5.664600309262875,3.474740517323019,-9.139340826585894,1.3863350778192678,-2.349485430909078,14.112411239435325,199.16015099094048,517.8761596679688,517.8761596679688,-1.5146782147098732,1.9220218974616023,0.9528792300514297,199.16015099094048,491.82983267647876,-2.89478759765625,3.278888855468603,10.146997205946183,0.004289616352532333,-0.06057935726855579,-0.10806533381789518,-0.11145050504867082,,,0.004280442174751333,0.20632572989537024,1.6844170190618608,0.039340742408667806,0.12129549008734797
2026-01-21 00:00:00+05:30,472.9235478792758,488.4553588969873,472.9235478792758,478.69818115234375,235064,0.0,0.0,508.45255584716796,516.3170208740233,,,504.3227028681314,516.9071344908714,,,501.53862813313805,513.7241717648974,491.3095343193356,506.1326836368604,483.8664295709091,498.08137621211677,486.28864559157057,504.4649578093331,486.69058579792363,486.9449621817238,496.0111676791114,507.7632646788211,516.1796512199471,505.3922024113655,486.1538882206448,478.2750549316406,498.0631561279297,496.6194906664447,22.011735336658226,-10.870172325482258,-3.9915666805585994,-6.878605644923659,12.333363125092554,11.184351364566979,1.1490117605255747,8.116542445992698,3.821021490199938,-82.3741210674964,-7.556234527615117,-9.649539342296736,-39.128173828125,-2525.692268313954,-28.665306333480828,32.43508054182049,-2.8664913474345264,-3.1260985061068087,-0.13031047171429,-0.07367465543887243,-11.293219283950144,-9.745500456936497,-25.277311474648002,-57781.47277168756,-61057.826627410206,-29.586756388346334,0,1,0,-29.586756388346334,0,0,0,1,0,10.453195489647738,15.531811017711505,478.2137530748254,508.45255584716796,538.6913586195105,11.894444201174137,0.008010040628351985,483.04838733276495,504.3227028681314,525.5970184034978,468.94104114693954,500.25358307044496,531.5661249939504,4.967062277952039,0.17276956778970495,487.08478044703554,508.45255584716796,532.8463509630839,1222362.0,27.117113970555504,-0.19644897224084915,1038674.0083189043,-159068.53420024412,-649329.0678377477,480.0256959762023,1152441.5539433307,998.161098833532,-2.6659862414140845,5.178683668137448,-7.844669909551532,1.3270795037283605,-1.9679598374865934,15.11940138617128,228.59629827615802,517.8014831542969,517.8014831542969,-1.345949114642657,0.5785127666035456,0.9576170248360415,228.59629827615802,487.71077270507817,-2.5562774658203127,3.2719864129206826,11.730821329752594,0.0017709511891876861,-0.05092783013633728,-0.09649539342296731,-0.11511914822081548,,,0.0017693849040674601,0.20632572989537024,1.6844170190618608,0.039340742408667806,0.12129549008734797
2026-01-22 00:00:00+05:30,478.8475446033192,481.7846304807831,471.0318547137607,473.1226806640625,172698,0.0,0.0,506.05558013916016,515.6479589843749,,,501.3512721820296,515.1900970858985,,,498.17387811569944,512.030276070389,486.889015731408,503.1884711115807,478.8436985716558,494.2738506271205,480.2136682049639,500.4651422153334,482.22255609546653,482.33823924421586,492.75530837291467,505.4789801210623,515.691109455218,502.3910809686153,480.889488484618,475.9104309082031,496.71905517578125,496.6194906664447,19.943336711115386,-11.97252905242317,-4.075138725999608,-7.897390326423562,13.758999921836201,12.126530628256111,1.6324692935800904,10.34149670011858,7.268187056906131,-92.4460372786125,-8.650518949588006,-9.200343958234914,-44.80328369140625,-2172.5658499868277,-32.7350896862942,31.456785365996545,-2.8484985648460057,-2.8664913474345264,-0.15143178535016455,-0.08633408684386198,-12.81324468994679,-12.833631917446269,-23.586407684468668,-55028.843123827246,-59196.76789469332,-34.86358133951822,0,1,0,-34.86358133951822,0,0,0,1,0,10.474594080888787,10.7527757670224,472.5966755681912,506.05558013916016,539.5144847101291,13.223410978599654,0.00786046498855954,480.0549341705986,501.3512721820296,522.6476101934607,468.94104114693954,496.6194906664447,524.2979401859499,5.472779360812727,0.16921298320772818,484.7661244061035,506.05558013916016,530.2414454325301,1049664.0,20.833027382224454,-0.18801355007209436,933136.6127597812,-176071.16898841574,-694121.7414788117,475.31305528620214,951296.4856651699,996.9963773643884,-3.0073683522003543,3.869841245880943,-6.877209598081297,0.9814499826951372,-1.9685581400457624,16.72945228548448,279.87457377230186,513.3211822509766,513.3211822509766,-1.0883388005156158,-0.31877715443197624,0.964118227899009,279.87457377230186,482.4104740687779,-2.3969757080078127,3.264436431156994,13.311547851562482,-0.011647214691435925,-0.061981877456406376,-0.09200343958234913,-0.13237179451305026,,,-0.011715574818275572,0.20632572989537024,1.6844170190618608,0.039340742408667806,0.12129549008734797
2026-01-23 00:00:00+05:30,473.9191736485628,475.8108617522586,470.9322881003576,472.2265930175781,165610,0.0,0.0,503.7581665039063,514.8574291992187,,,498.5774932139866,513.5052537891016,,,494.9520698184059,510.32747740502447,482.98298497805195,500.3555088031287,474.679470218231,490.6873865421552,474.99128634894555,496.29236249828773,479.1553473853613,477.8857814934646,489.7110711151839,503.29089242327035,515.0332097219334,499.6309236035804,477.40988748117996,472.6746368408203,496.27101135253906,496.6194906664447,19.62416639687162,-12.771242550430657,-3.899081779205675,-8.872160771224982,10.371686090429106,12.154683045785953,-1.7829969553568468,8.827205032829365,9.095081392980212,-94.06478338260379,-6.981765291205248,-8.867329495227024,-35.44439697265625,-1845.4491280249265,-36.050096076065415,31.985334112670554,-3.0493796498131367,-2.8484985648460057,-0.17293595819968255,-0.10072509753911779,-14.11358780629102,-15.608590734449194,-20.487164386350173,-53519.981874607576,-56707.21376419619,-40.123819986979164,0,1,0,-40.123819986979164,0,0,0,1,0,10.074878335961087,4.878573651900979,467.6018450792847,503.7581665039063,539.9144879285279,14.354634357809957,0.06395490132942652,478.3801257461393,498.5774932139866,518.774860681834,468.94104114693954,496.6194906664447,524.2979401859499,5.9422303209955265,0.16950197547451623,483.4330443262473,503.7581665039063,527.1286657514246,884054.0,21.092846496995065,-0.21588890122631196,855400.5909490286,-191754.51116077835,-616161.6462867354,472.98991429006475,919930.1865636376,996.8069787827718,-3.5581286865412065,2.6552647292320724,-6.213393415773279,0.9646261047243438,-1.7441803946822927,18.0781607123108,326.8198947401378,508.7661895751953,508.7661895751953,-0.8372704094847843,-0.9654787936631932,0.9666744726129218,326.8198947401378,477.33987644740506,-2.297413635253906,3.26124450233757,14.654983181423612,-0.0018939858161663992,-0.04480919605166034,-0.08867329495227028,-0.13052248032849045,,,-0.001895781675214951,0.20632572989537024,1.6844170190618608,0.039340742408667806,0.12129549008734797
2026-01-27 00:00:00+05:30,472.1768343125634,472.3759721739021,453.6083681491673,462.8179321289063,407959,0.0,0.0,500.90320129394536,513.9613635253907,,,495.1718207296932,511.5175156847803,,,491.0529998779297,508.28671281403183,477.9811810304392,496.97365938234066,469.0243582571218,486.34523888636863,469.62110028155433,491.8408767409552,473.2823296525218,472.0842059494442,485.7964480751277,497.24933465928837,513.0229548914987,496.05959670046764,473.97170325718946,467.5222625732422,490.3719482421875,488.9531541675586,16.617106482334943,-14.002022455368433,-4.103889347314761,-9.898133108053672,8.839119446474866,10.989935152913391,-2.150815706438525,4.057184611443784,7.741962114797243,-86.97182099935912,-9.04910986006007,-10.982383389032856,-46.04782104492182,-1542.370807573943,-38.47372059043715,34.63532079156533,-3.356414487766798,-3.0493796498131367,-0.19600495637095428,-0.11695525707641947,-15.601925589539443,-14.957548833119802,-33.725152857854596,-52954.82259552852,-54638.99089401428,-45.34256998697916,0,1,0,-45.34256998697916,0,0,0,1,0,10.695787313730637,18.767604024734794,461.2692213852678,500.90320129394536,540.5371812026228,15.82500563234335,0.01953766373206699,473.3232303493104,495.1718207296932,517.020411110076,453.6083681491673,488.9531541675586,524.2979401859499,6.542479925353023,0.17520212619600445,479.07437399032807,500.90320129394536,525.9560112916575,476095.0,11.981535759764428,-0.243560927327528,847825.625763345,-183148.41177575535,-1076473.9664574398,462.9340908173252,107111.09838941693,996.8069787827718,5.88978002308922,9.68253875109,-3.7927587280007797,2.1462331401178654,-1.9218493450717324,19.816989954338762,392.71309085036347,508.16880798339844,508.16880798339844,-0.6992672788658103,-1.1420695621977452,0.9718019069660861,392.71309085036347,471.35259704589845,-2.854965209960935,3.255226104451776,16.262590332031245,-0.01992403864540848,-0.02730696357619855,-0.10982383389032857,-0.1579566714875591,,,-0.020125198735069356,0.20632572989537024,1.6844170190618608,0.039340742408667806,0.12129549008734797
2026-01-28 00:00:00+05:30,462.81792835852247,479.6440444427305,456.1970047092661,473.52093505859375,311223,0.0,0.0,498.65805969238284,513.3132098388672,,,493.1098316181599,510.02745369943966,,,488.44516499837243,506.7008136584712,475.69078650363804,494.6223165209841,467.3803419520609,483.5831916733878,465.7248293856005,487.61891595789086,473.3212869431814,469.2815609166846,483.1071026466301,493.7300836925104,511.9467445914606,494.1205923954602,471.78791985610843,468.16943359375,490.3719482421875,487.0614711648979,29.795905061927307,-13.95294069469935,-3.2438460693165414,-10.709094625382809,16.24176957857585,11.817525038493272,4.424244540082576,18.55990874373875,10.481432796003965,-70.23808688230955,-6.90937622465291,-8.661414634462208,-35.14569091796875,-1385.8919788346539,-38.311931434620476,42.380107706471186,-3.0901954010656203,-3.356414487766798,-0.21691162705066436,-0.1346593911874034,-16.055559639389116,-5.716250000230218,-29.163289733694626,-49868.670019745376,-52974.520347307465,-44.03995768229165,0,1,0,-44.03995768229165,0,0,0,1,0,11.606591057997335,23.447039733464408,458.12593133575587,498.65805969238284,539.1901880490099,16.256481799023106,0.18991111924080348,468.87595656286794,493.1098316181599,517.3437066734518,453.6083681491673,488.9531541675586,524.2979401859499,6.874247605460193,0.2026096643564338,474.75258998219954,498.65805969238284,525.3304922119213,787318.0,22.0111918034798,-0.2012280601878785,996499.1104708557,-115672.67945896927,-446831.8739940749,469.7873280701968,826837.0315363511,999.1195518674954,8.860565550761992,10.122659423010218,-1.2620938722482258,1.463646910931534,-1.2403555230367849,20.266064178313496,410.7133572795214,506.02821350097656,506.02821350097656,-0.4649695897439932,-1.5029968641168918,0.9552523785092502,410.7133572795214,468.0193756103516,-2.2451416015625,3.2545453427871043,17.298489040798607,0.023125730847236126,-0.009063463788933745,-0.08661414634462206,-0.11827959799961285,,,0.022862383471399225,0.20632572989537024,1.6844170190618608,0.039340742408667806,0.12129549008734797
2026-01-29 00:00:00+05:30,475.7610906449531,475.7610906449531,465.2074223385028,467.2982482910156,285069,0.0,0.0,496.1142288208008,512.5824188232422,,,490.6515855870033,508.35179858538385,,,485.45851629348033,504.896305362477,472.66736978853237,491.9408412847357,464.6370512421039,480.36824709807587,462.6937510304636,483.55168589247785,472.2989084420534,465.5605607884587,480.3787575137353,490.6343937152996,510.91000487993324,491.72549104494476,470.02370595347503,470.4095916748047,485.8418426513672,485.6427216331521,27.11284199426892,-14.251875117859981,-2.8342243939817386,-11.417650723878243,21.38586361306163,15.488917546037449,5.896946067024182,35.09862813962121,19.238573831601247,-78.63250127914644,-7.352945981238055,-9.818426326156741,-37.08718872070318,-1298.7894099124862,-38.661867465022,44.43720625281749,-2.601050619457319,-3.0901954010656203,-0.2368157861107667,-0.15366956106195317,-16.776736634474624,-7.018911490586902,-17.57257979703718,-45816.37917976107,-50830.55771415274,-43.89891560872395,0,1,0,-43.89891560872395,0,0,0,1,0,11.531382290029688,10.553668306450277,454.37149713263693,496.1142288208008,537.8569605089647,16.827871189012633,0.15483834712767572,466.7154760976534,490.6515855870033,514.5876950763532,453.6083681491673,488.9531541675586,524.2979401859499,7.1575894413054755,0.20427666325519156,471.6804658313797,496.1142288208008,523.6273648752256,502249.0,21.414729886661036,-0.23587971459963933,824382.2416445432,-132317.73091420438,-636412.3340158826,469.4222537581572,452218.9391119421,997.8054205784937,10.016325194386086,9.022735253307449,0.9935899410786366,1.301001163315536,-1.3806466114892961,20.87136584408195,435.6139121975107,504.3854370117188,504.3854370117188,-0.2634725824856965,-1.6975101075265928,0.9491038264760598,435.6139121975107,464.14709123883927,-2.5438308715820312,3.25391681038539,18.636613430447046,-0.01314131289001641,-0.02381444782991593,-0.09818426326156737,-0.12483682596262968,,,-0.013228423953071717,0.20632572989537024,1.6844170190618608,0.039340742408667806,0.12129549008734797
2026-01-30 00:00:00+05:30,461.9716397814855,494.8273814038757,461.9716397814855,480.2911987304688,617025,0.0,0.0,494.23995819091795,511.93924255371087,,,489.6648820768571,507.2513829047989,,,483.95156104678205,503.62998300589766,472.5007169881083,490.4267304326338,465.9771413263264,478.9104916375228,462.0278703407187,480.0581701549028,472.8076619447815,465.62175156716205,478.88968983626654,488.7987496997839,509.09933238393774,490.828158059545,470.65569187283177,473.7947235107422,485.8418426513672,483.57678400004136,39.38612793112958,-13.287193789065213,-1.4956344521495755,-11.791559336915638,31.882555059708118,23.17006275044853,8.712492309259588,68.43196147295455,40.69683278543817,-55.48174665941964,-4.776949632804366,-7.239688270488712,-24.09423828125,-1281.0615098369485,-36.82507695904843,45.57294542602851,-1.702233579336915,-2.601050619457319,-0.2522313974165469,-0.1732347466166659,-15.872901032148734,12.40292261191729,-20.452819010472865,-42678.4927644577,-47833.90229316652,-41.99892171223956,0,1,0,-41.99892171223956,0,0,0,1,0,13.05455081376972,32.855741622390155,453.2328574214226,494.23995819091795,535.2470589604134,16.59400462868076,0.3299226329257413,461.75016556318053,489.6648820768571,517.5795985905337,453.6083681491673,488.9531541675586,524.2979401859499,7.177856883203055,0.23459323697959902,466.1169657126183,494.23995819091795,525.3817405507244,1119274.0,37.324154106559725,-0.18249345447502832,895433.377037168,-104491.00607421948,599785.8915440434,479.03007330527663,2167820.329492274,997.8054205784937,20.40278015425065,15.527352170537611,4.875427983713039,2.1972447595877185,-0.6803094682970336,20.503550384747687,420.395578379887,499.38238525390625,499.38238525390625,-0.06815113382024672,-1.725842175971849,0.9094637863681954,420.395578379887,463.3747667585101,-1.8742706298828096,3.2588944227739622,19.076242404513888,0.02780440647267657,0.015151499514554523,-0.07239688270488709,-0.1050922720055879,,,0.027424882852924156,0.20632572989537024,1.6844170190618608,0.039340742408667806,0.12129549008734797
2026-02-02 00:00:00+05:30,478.3497440062968,493.8317556434666,475.412627660797,488.6047058105469,222869,0.0,0.0,492.65690917968743,511.4543725585937,,,489.56391290863706,506.52014066580864,,,483.41487034388956,502.7149031336167,473.9430771523319,489.6527124139143,469.4371399972164,478.54699252828345,464.21800710042316,477.342438520067,473.00065311469996,469.02906370864514,478.0427284816274,487.7658784741453,508.616832397979,490.6664293698417,473.86629364384083,484.4479522705078,485.7422790527344,483.57678400004136,45.68796387083722,-11.716782567364362,0.0598214156410215,-11.776603983005383,41.42481780403028,31.564412158933344,9.86040564509694,85.03761641986705,62.856068677480934,-41.61129864934306,-1.1680560440725831,-6.08554072937071,-5.774627685546875,-1349.5573066448894,-33.279172667319244,48.75073480571672,-0.7765232276536878,-1.702233579336915,-0.26180261549931805,-0.1921093794920312,-14.324586011978962,10.5244044202812,-7.8947235623883785,-40702.445395046474,-44593.476550538224,-36.763585408528634,0,1,0,-36.763585408528634,0,0,0,1,0,13.437734897262567,18.41912798266958,453.4763214369991,492.65690917968743,531.8374969223757,15.905831020588783,0.4482881242650991,460.7993354948021,489.56391290863706,518.328490322472,453.6083681491673,488.9531541675586,524.2979401859499,7.177399758055502,0.2444711907876107,462.86710261250124,492.65690917968743,525.0689785885746,1342143.0,44.22576772761238,-0.15197876200147237,991809.1608209528,-52943.141429001465,778791.1940991685,485.94969637160347,2553591.089882512,999.5363511268887,16.616047181732863,9.392495358415859,7.223551823317004,0.7739122312156071,-0.20684750293960355,19.59029387134415,383.7796139656242,491.4920196533203,491.4920196533203,0.053334604819422794,-1.6203790080202396,0.8417505760953354,383.7796139656242,464.9307926722936,-1.5830490112304687,3.270138587235869,19.02546590169271,0.01730930548394971,0.03468274136852578,-0.06085540729370709,-0.07431867546838533,,,0.01716120601248372,0.20632572989537024,1.6844170190618608,0.039340742408667806,0.12129549008734797
2026-02-03 00:00:00+05:30,507.77055042490207,508.51727182258577,487.4099348277252,497.7644958496094,544476,0.0,0.0,491.6214553833007,511.25325622558586,,,490.34492080777727,506.1767820455655,,,483.9013071695964,502.17804522346046,476.9184098893899,489.6409279919433,474.826951126211,479.28929782173594,469.15204799107136,475.58791470653205,474.7308713303841,473.6622064971819,478.00596362389206,487.74920236504266,508.0969544258847,491.1451275125107,479.6028723541534,493.1846008300781,483.60168457031256,482.4567027279207,51.652235252424205,-9.622183315709322,1.7235365338368513,-11.345719849546173,59.81281900698225,44.37339729024022,15.439421716742032,100.0,84.4898592976072,-23.46849767029051,4.613936773103533,-3.99423944729584,21.95361328125,-1452.786906723144,-25.508881882486094,50.496812816780256,0.011663864859532691,-0.7765232276536878,-0.2645071775174035,-0.2092168639144212,-11.79086591384165,23.144614224196914,2.0372772293363255,-39747.4372343441,-42054.28212218558,-30.2671152750651,0,1,0,-30.2671152750651,0,0,0,1,0,13.985563618519569,21.10733699486059,454.2613112723215,491.6214553833007,528.98159949428,15.198744359865575,0.5822138218747307,460.2993818152865,490.34492080777727,520.390459800268,453.6083681491673,488.9531541675586,524.2979401859499,7.15778733636701,0.2563121883483445,459.90397863148723,491.6214553833007,525.864361381578,1886619.0,51.17555616821873,-0.11827573208055028,981536.9751935727,-30310.78846203303,1380004.7151290863,497.8972341666401,3574311.066992675,999.5363511268887,21.844845407279703,11.697034867170158,10.147810540109544,1.7038547932533763,0.3288552874989245,18.68007205548961,348.9450919982839,491.4920196533203,491.4920196533203,0.09330953571466857,-1.4810540342137994,0.7339203290780827,348.9450919982839,468.46101074218757,-1.0354537963867188,3.2895795270241353,18.514707438151042,0.018746831395877184,0.07550823184389843,-0.03994239447295844,-0.04425528219604724,,,0.018573275281842938,0.20632572989537024,1.6844170190618608,0.039340742408667806,0.12129549008734797
2026-02-04 00:00:00+05:30,497.7644907816211,497.8142600539581,474.665896961449,477.1549682617188,286763,0.0,0.0,489.4634323120116,510.55532043457026,,,489.0887348510098,505.03867170110095,,,482.5235464913505,500.84085746017155,475.80439005920306,488.05780394607643,474.0407443403761,477.6845578733536,473.31516132965737,474.0589415709568,474.74256999447294,473.84787781850684,476.36396782690736,485.8601282460766,507.2000579341748,490.02337724597135,483.5221973594995,487.45973205566406,483.60168457031256,481.06281998587656,40.79665447433773,-9.515525894036841,1.464155164407467,-10.979681058444308,59.267743635929804,53.50179348231411,5.765950153615691,89.67171792124796,91.569778113705,-57.11697277257699,-0.1458528065584724,-8.29505699104546,-0.6969604492186932,-1601.8368145375646,-20.7219602587881,46.20206522044849,0.38648019487064855,0.011663864859532691,-0.2665634656192517,-0.22435608545941696,-10.200471548176129,13.615558075093531,-9.53280501741557,-39314.53943658938,-40482.13290997137,-23.953170776367184,0,1,0,-23.953170776367184,0,0,0,1,0,14.640049295233107,23.1483630925091,454.1520339294944,489.4634323120116,524.7748306945289,14.428615521172484,0.3257154259800317,457.49546374494497,489.0887348510098,520.6820059570746,453.6083681491673,488.9531541675586,524.2979401859499,7.255775417985146,0.2921882362120652,455.99404699282303,489.4634323120116,526.4845425734621,1599856.0,50.4274917662737,-0.16358588890314246,756443.4375591653,-89917.24345358158,338568.3330126081,483.21170842570854,2386992.564173647,995.3959337689345,18.970828227735982,7.05841415010115,11.912414077634832,0.8826855571794251,-0.697138296079872,17.655699191258606,311.7237139322098,484.4479522705078,484.4479522705078,0.23687765949000333,-1.411894317030737,0.7072371550380714,311.7237139322098,468.64377485002785,-2.1580230712890596,3.2987084153436164,18.45674079047309,-0.04140417357954229,0.007674493214698819,-0.08295056991045457,-0.07534242767784316,,,-0.0422857460941065,0.20632572989537024,1.6844170190618608,0.039340742408667806,0.12129549008734797
2026-02-05 00:00:00+05:30,478.34975618883806,481.8842254407781,473.8694276465168,478.5986633300781,244546,0.0,0.0,487.5020477294921,509.86734130859367,,,488.0896804204449,504.0018086277275,,,481.4888065883092,499.5876552207797,475.1666049335372,486.69065547887453,473.8977881780786,476.4068703443449,476.4290858030112,472.7637413008134,474.75897167353236,474.8218557401818,474.91521282710835,484.5631546484947,506.33501307724487,489.12657111359886,484.8464529550002,477.87681579589844,480.2912139892578,481.06281998587656,41.72065187122015,-9.208356787341245,1.4170594168824504,-10.625416204223695,54.97560391184341,58.01872218491848,-3.0431182730750734,80.22255101377252,89.96475631167348,-54.48771782160223,-0.020789262667775598,-7.575452904839153,-0.099517822265625,-1781.7060736984902,-17.845906143615593,46.693339415712565,0.3900447026406241,0.38648019487064855,-0.267471663383434,-0.23724940524089133,-8.77189852953321,-1.514471016831294,-9.529268811092606,-39653.44926402341,-39746.641333489475,-17.796864827473957,0,1,0,-17.796864827473957,0,0,0,1,0,14.166817045163693,8.014797794261312,454.5446660059611,487.5020477294921,520.4594294530232,13.520920323115691,0.3649257930423345,457.9786641255746,488.0896804204449,518.2006967153152,453.6083681491673,487.0614711648979,520.5145741806285,7.282561865036936,0.29333808462317124,453.79998256784495,487.5020477294921,524.414931854644,1844402.0,47.433220025459036,-0.1303891420375122,800492.5335702638,-92111.78599626722,340637.12175180664,478.117438805791,2460983.1705112825,995.69849691181,15.443682009221046,2.825014345268972,12.618667663952074,0.7505467679156649,-0.5402968278306604,16.478690861765507,271.54725251763404,479.49468994140625,479.49468994140625,0.3751231433454237,-1.2525222428460683,0.6669530121278247,271.54725251763404,469.46232430594307,-1.9613845825195313,3.306624856867208,18.27133138020833,0.0030256314287551156,0.02418244682146775,-0.07575452904839153,-0.059755425343084756,,,0.003021063417742779,0.20632572989537024,1.6844170190618608,0.039340742408667806,0.12129549008734797
2026-02-06 00:00:00+05:30,478.5986551584473,490.8448741446969,475.3628623775746,487.11126708984375,185816,0.0,0.0,485.9613128662109,509.18732666015615,,,487.99649819848287,503.33943444977126,,,481.4515893845332,498.6952601533777,476.2198840809341,486.0707513318565,476.1091815887487,476.23105642840585,479.41190791142446,471.8703927092829,475.0749929035774,477.40986387560343,474.0933161728896,483.4346552834162,505.77718079695313,488.9802237647094,484.5303365421292,482.85496520996094,480.2912139892578,481.06281998587656,46.97563805966999,-8.183690585734155,1.9533804947916344,-10.13707108052579,49.80357692205175,54.682308156608315,-4.878731234556568,75.77311473184017,81.88912788895354,-38.98457863966552,2.9566509908481327,-5.949633612976373,13.98858642578125,-2090.815368007803,-15.541171036119408,47.08319368055355,0.37673802156840897,0.3900447026406241,-0.26528471808655585,-0.24751037856165503,-6.582481829726407,6.915810453911149,-8.566201313211195,-39683.34244448201,-39561.12618000861,-9.325724283854166,0,1,0,-9.325724283854166,0,0,0,1,0,14.260759525303596,15.482011767122344,456.2736101981809,485.9613128662109,515.6490155342409,12.218134193823476,0.5193675178657594,457.8042431189102,487.99649819848287,518.1887532780555,453.6083681491673,485.6427216331521,517.677075117137,7.182485222651134,0.30296792938929257,450.7336500862867,485.9613128662109,524.0243511382849,2030218.0,51.61530121574878,-0.10817762292030594,896686.5982636552,-54028.552270717104,517942.95867649274,484.4396678707051,2791485.1341437413,997.4771487159198,10.89346355932101,-1.380163283704853,12.273626843025863,0.5680091069269135,0.07747007146303755,14.843851334014989,220.33992242633857,479.49468994140625,479.49468994140625,0.35700084512888974,-1.246768322396827,0.5722848374795926,220.33992242633857,472.43214242117745,-1.54073486328125,3.317808742546514,17.92529554578993,0.017786518041097654,0.014199861203790798,-0.05949633612976368,-0.03842368508642591,,,0.01763018890791128,0.20632572989537024,1.6844170190618608,0.039340742408667806,0.12129549008734797
2026-02-09 00:00:00+05:30,489.7994606598757,492.5374390792111,485.86671586752544,489.1025085449219,413020,0.0,0.0,485.03288879394523,508.5461419677734,,,488.1018325171913,502.78112362997325,,,481.7507508777437,497.9076202272901,477.54210317538343,485.65322749373934,478.542934765267,476.3346689022349,482.3754315515822,471.3610519895777,475.52062558626955,481.02674207420665,473.5301055509136,482.9170609386196,504.94107116748575,488.9889496598619,484.2970818761072,488.1068878173828,480.2912139892578,481.06281998587656,48.153309446676026,-7.128782527252497,2.4066308426186342,-9.535413369871131,57.056523459504284,53.94523476446648,3.111288695037807,82.77242773623908,79.58936449395058,-35.358133160219374,3.5736902107746316,-3.657581743181679,16.87591552734375,-2373.1703400385627,-13.45020572365894,49.47882566764351,0.4522797283854189,0.37673802156840897,-0.26017478001894023,-0.2546403589669868,-3.650251508617801,7.8693118378344025,1.1985886261487622,-39222.905730006074,-39535.17143060105,-2.8624318440755303,0,1,0,-2.8624318440755303,1,0,0,0,0,13.718614074330887,6.67072321168564,457.09394735898627,485.03288879394523,512.9718302289042,11.520431739971414,0.5728306002654144,459.5144163572569,488.1018325171913,516.6892486771258,453.6083681491673,483.57678400004136,513.5451998509154,6.824856115105577,0.29711974751992987,450.57439875611897,485.03288879394523,522.0107385495264,2443238.0,59.06273831695365,-0.08956718672052498,884356.9130040759,-37460.4426682475,561440.0425479034,489.1688878305528,2960321.825335423,997.4771487159198,13.302966593868222,0.8234718006738859,12.479494793194336,1.173763756953432,0.29132240106165774,13.969470717479483,195.14611212651673,479.49468994140625,479.49468994140625,0.4313707495126109,-0.9325721089211066,0.46349719721442834,195.14611212651673,475.18647504534044,-0.928424072265625,3.32810901189274,17.474939982096355,0.00408785751759444,0.0010188250920530884,-0.036575817431816815,-0.04426074705746419,,,0.004079524928624471,0.20632572989537024,1.6844170190618608,0.039340742408667806,0.12129549008734797
2026-02-10 00:00:00+05:30,492.2387413024742,495.1758576324554,481.9339798951871,483.97503662109375,392540,0.0,0.0,483.78835296630854,507.6460943603515,,,487.70880433661057,502.0436300217819,,,481.65000305175784,496.9440474685968,477.79916657825896,484.87884379674585,479.2928589731855,475.89027545684354,484.91239493762254,470.9883703796084,475.9087486150073,482.30316075129116,472.5145972373361,481.9184625405197,503.6662273176341,488.61573981127736,484.62179850748964,486.5387725830078,480.2912139892578,481.06281998587656,45.35959575066754,-6.630077022055104,2.324269078252822,-8.954346100307927,60.32033735933655,55.72681258029752,4.593524779039029,86.23461365000887,81.59338537269603,-44.69627612210544,4.571366626800161,-4.8914112214251775,21.157104492187443,-2708.751970907552,-14.026644707385913,45.03795481892327,0.510405228430202,0.4522797283854189,-0.2539921927927735,-0.25876042182722114,-1.5895053093022216,10.606743336833404,-2.635134400434879,-39507.045240236,-39495.49847553926,1.576416015625,0,1,0,1.576416015625,1,0,0,0,0,13.684561478826415,13.241877737268283,458.2008874142349,483.78835296630854,509.3758185183822,10.577958479234233,0.5036479512674924,459.3217368133807,487.70880433661057,516.0958718598404,453.6083681491673,483.57678400004136,513.5451998509154,6.5091804348017215,0.29821596518876003,449.57442869629,483.78835296630854,521.2596832001088,2050698.0,56.872251551072814,-0.15555054294826415,612826.3986803377,-113673.157600404,193700.34661541833,487.0282913829121,2548805.263098321,996.4288057133288,14.322259559337308,1.4742118129143762,12.848047746422932,1.12047136638192,0.014591805069969805,12.79373277603683,163.67959834463903,479.49468994140625,479.49468994140625,0.5088208670124807,-0.5374351540457587,0.35619484291484804,163.67959834463903,477.37330322265626,-1.2445358276367187,3.3375822922189506,16.992944335937498,-0.01048343002591079,-0.027702777806559054,-0.04891411221425179,-0.04658233041147952,,,-0.01053876827468391,0.20632572989537024,1.6844170190618608,0.039340742408667806,0.12129549008734797
2026-02-11 00:00:00+05:30,484.3235072116722,485.0204289473337,469.58818683941087,471.0318603515625,143374,0.0,0.0,481.90661468505857,506.5757940673828,,,486.1205239570822,500.82748219157725,,,480.4350989932106,495.5081951545266,475.7176456418574,483.16736907967936,476.6228163524771,474.0553913127884,485.2671141072062,470.3645644367648,475.8762108912959,481.5852856713691,470.6213724720546,481.2130706618152,502.9700095384771,487.16143534046705,483.5397604155581,477.5034484863281,480.2912139892578,481.06281998587656,39.18021655073354,-7.196300992224224,1.4064360864669627,-8.602737078691186,50.559074818069604,55.978645212303476,-5.419570394233872,78.81784674338752,82.60829604321182,-68.26836626346638,-0.5256525156006567,-7.398709430316364,-2.48907470703125,-3099.5684884551183,-14.128550970820186,38.54899993279575,0.10967210725013332,0.510405228430202,-0.24991879116632587,-0.26021631127783884,-0.6126640802239112,2.3852080722915616,-13.04703403563127,-40928.199474808585,-39678.57397662912,2.4807840983073013,0,1,0,2.4807840983073013,1,0,0,0,0,13.80939580947616,15.432242107922832,458.58780264876884,481.90661468505857,505.2254267213483,9.677730633155686,0.2668244352119586,457.49751198693656,486.1205239570822,514.7435359272279,453.6083681491673,482.4567027279207,511.3050373066741,6.313473465956173,0.31052600359748045,446.8545448615637,481.90661468505857,520.7301866095322,1907324.0,52.73166936995984,-0.16798776033525464,496277.4374120667,-171600.92342160852,-99073.26782503762,475.2134920461024,2165373.3060652516,993.7544578048302,8.522241534564456,-3.460644969486781,11.982886504051237,0.4298428600466857,-0.9327022591521655,11.659406018144866,135.94174869595273,478.64842224121094,478.64842224121094,0.5704328131328299,-0.34199625078249923,0.28285443454227394,135.94174869595273,477.4920676095145,-1.88173828125,3.3364517187418685,16.864396972656248,-0.026743479084985422,-0.012832535166641734,-0.07398709430316364,-0.0689756572293525,,,-0.027107592370154896,0.20632572989537024,1.6844170190618608,0.039340742408667806,0.12129549008734797
2026-02-12 00:00:00+05:30,471.1812100402865,471.1812100402865,466.252836577163,468.692138671875,110255,0.0,0.0,480.12194976806643,505.3830303955077,,,484.4606777394434,499.56727264178505,,,479.1765774681455,494.02256160960474,473.54678411447156,481.3889234178083,473.90340090573727,472.13636498507265,483.5988652679311,469.5155595451541,475.8362561039507,479.25269452297977,468.61497798249485,480.0013936080924,502.08689451317946,485.62163911618705,480.46489108121403,469.86199951171875,480.2912139892578,481.06281998587656,38.16797807246866,-7.744559097235253,0.6865423851647474,-8.4311014824,38.16863143057482,49.68268120266032,-11.5140497720855,69.31754259652774,78.12333432997471,-72.52946332270372,0.29828709736384734,-7.076591773012375,1.393890380859375,-3427.0463391401195,-14.28697588773207,37.46877407891689,-0.401169279011209,0.10967210725013332,-0.24775759980778522,-0.2597192226546431,-0.30800339352224765,-9.462141948588908,-14.390515411712386,-42699.36228664891,-40465.45957445736,6.330546061197906,1,0,0,6.330546061197906,1,1,0,0,0,13.17503707045097,4.928373463123478,458.6570821638614,480.12194976806643,501.58681737227147,8.941423159084527,0.23375537862734613,457.6249291068119,484.4606777394434,511.29642637207485,453.6083681491673,481.06281998587656,508.51727182258577,6.0349358171393765,0.3100867749854371,445.38143456472665,480.12194976806643,518.361016659603,1797069.0,53.502303528778086,-0.14589529934642356,495164.025185337,-180052.82938227803,-121772.23153488158,468.7087284297748,2110607.156361194,993.2577352098997,2.596784867243442,-7.508881309446237,10.10566617668968,0.34883272101861496,-1.0649784854906157,10.732433802102516,115.18513531651269,478.2252960205078,478.2252960205078,0.6445663733296848,-0.009259943808966109,0.201750260324139,115.18513531651269,477.2858328683036,-1.7846649169921904,3.3353657891861213,16.624671698676213,-0.004967225949304543,-0.02069902282901037,-0.07076591773012375,-0.0697559025247918,,,-0.004979603621595267,0.20632572989537024,1.6844170190618608,0.039340742408667806,0.12129549008734797
2026-02-13 00:00:00+05:30,465.9541545885334,484.4728514246556,458.48694057269154,472.6248779296875,1350088,0.0,0.0,478.5339218139648,504.2649407958983,,,483.3334587099428,498.5107081432715,,,478.4625706263951,492.7379281795726,472.4391186892297,480.03010476283964,472.7794633327994,470.8499907065584,480.9693769314588,468.68917016070253,475.78479772592726,477.0995855254415,467.3978716251084,478.5154103613099,498.26028840538265,484.5868951266418,476.694683323586,470.65850830078125,480.2912139892578,481.06281998587656,40.93043442381312,-7.772126172079538,0.5271802482563697,-8.299306420335908,31.27833499892289,40.0020137491891,-8.723678750266213,65.10352323715858,71.07963752569128,-65.36716541706123,-1.5961818207465248,-6.296882651925849,-7.666320800781307,-3930.9438836871777,-15.255227070165915,44.863978734434376,-0.8241741154389419,-0.401169279011209,-0.24586084522310037,-0.25794791484617446,0.28488858190368993,4.974995729949853,-21.010915122014183,-44519.08848172878,-41880.209540813295,5.716573079427073,1,0,0,5.716573079427073,1,1,0,0,0,14.09009948341619,25.985910851964036,460.14874364022614,478.5339218139648,496.9190999877035,7.683960252617619,0.3392987049557733,454.1037983562355,483.3334587099428,512.5631190636502,453.6083681491673,481.06281998587656,508.51727182258577,5.669308169490964,0.31280496311845934,440.5595301481788,478.5339218139648,520.035589956046,3147157.0,66.31278986324347,-0.09875275768018772,614138.2165527272,-129286.56371453882,654130.0985560389,471.8615566423449,3243449.728491191,993.2577352098997,27.30291191528178,13.757796590873678,13.545115324408101,3.467323377713036,-0.642805180176907,9.192589086869331,84.50369412002912,477.5034484863281,477.5034484863281,0.5005603085951346,-0.2746324005859976,0.028675381652344515,84.50369412002912,478.31986825125557,-1.5880279541015654,3.3300445507174854,16.07608032226563,0.008390879499188264,-0.02973938428216305,-0.0629688265192585,-0.07771515919342842,,,0.008355871763939001,0.20632572989537024,1.6844170190618608,0.039340742408667806,0.12129549008734797
2026-02-16 00:00:00+05:30,480.8885809380354,484.4230500728348,469.239714960402,475.0641479492188,771628,0.0,0.0,477.5681625366211,503.1120025634765,,,482.5459053041596,497.59123519448514,,,478.13211597260977,491.5927990483302,471.9765731563772,478.95194617229515,472.5785587665443,469.97937391339457,478.32373039212575,467.9802306157683,475.7605196634006,474.7437964324307,466.3729567662653,477.82397382854714,496.42080882901826,483.85049839275837,474.05673701187936,473.8445129394531,482.5313720703125,482.3571382659259,42.642121853167595,-7.510567426629393,0.6309911949652118,-8.141558621594605,32.721413583028855,34.05612667084219,-1.3347130878133342,64.73074764783473,66.38393782717368,-63.939130511148456,-2.771270456526943,-3.906956508534465,-13.540557861328068,-4504.3129058248305,-16.489222556208176,43.39112127533958,-0.8836899904143924,-0.8241741154389419,-0.24337509978821226,-0.25559990620959766,0.7312431922138436,5.558581198912918,-9.624753913519896,-47175.635985758345,-43756.78949955372,5.4676666259765625,1,0,0,5.4676666259765625,1,1,0,0,0,14.168187742631662,15.183335112432815,460.7228687822257,477.5681625366211,494.41345629101653,7.0546133833214535,0.42567613768240337,453.20795829605623,482.5459053041596,511.88385231226295,453.6083681491673,481.06281998587656,508.51727182258577,5.0537118345470775,0.30761189405968653,439.5025571918445,477.5681625366211,518.9661671000446,3918785.0,75.14976200782233,-0.10479028647566797,434513.95552238077,-153918.39593152498,829569.9482810196,476.2423043274852,3641695.596308356,993.7738464290586,30.384931898669734,13.471853259409308,16.913078639260426,1.7369205579013287,-0.29729544927038665,8.422646877197701,70.94098041796819,476.48292541503906,476.48292541503906,0.6412714655596582,0.44495172646686215,-0.1425539143031073,70.94098041796819,479.26002284458707,-0.9657592773437471,3.3227466430110044,15.212538452148431,0.005161112191589323,-0.028702287047079666,-0.03906956508534465,-0.07367493384413326,,,0.005147839301059155,0.20632572989537024,1.6844170190618608,0.039340742408667806,0.12129549008734797
2026-02-17 00:00:00+05:30,480.8885927871919,502.4937446168071,475.0641596548604,494.827392578125,1293087,0.0,0.0,478.51898803710935,502.3832037353515,,,483.71557075882293,497.48284920952983,,,479.77585216703875,491.267912382238,475.2111104174295,479.47037714384123,477.62398141336115,471.45190636310485,478.2899931830864,467.9557942144143,475.9044195465303,478.33960790501175,466.94610195894853,480.50051612050083,495.820267131257,484.5672708026864,475.7255135473065,484.9457702636719,482.5313720703125,483.5021061976387,54.21767131519291,-5.64349684453623,1.9984494216467006,-7.641946266182931,47.7768482531096,37.25886561168711,10.517982641422485,77.56002086904762,69.1314305846803,-27.363159312461505,-0.5900588121439196,3.996653020443167,-2.937103271484375,-4128.413387911208,-15.57251045328104,45.38819390536688,-0.41993467534902607,-0.8836899904143924,-0.23566910284522624,-0.25216719923470593,1.7864412431191727,21.348858070856124,-6.080726891090535,-51736.398522197494,-46304.20162397011,6.156311035156239,1,0,0,6.156311035156239,1,1,0,0,0,15.11543123727142,27.42959666758827,460.02523242505424,478.51898803710935,497.01274364916446,7.729580674704976,0.9409165148258218,451.94702886242686,483.71557075882293,515.484112655219,453.6083681491673,481.06281998587656,508.51727182258577,4.507146486053767,0.3118592108649762,438.8937122423889,478.51898803710935,520.0747874712158,5211872.0,78.82061356517691,-0.0005824883915795098,1004785.7782314359,31447.65229000058,4361859.199592076,490.7950989499308,9021094.319149919,993.7738464290586,38.429895333015416,17.213453355003992,21.216441978011424,2.490961001264275,1.763666059303289,9.246877806027548,85.50474915960486,477.5034484863281,477.5034484863281,0.5212572513406392,-0.27210063515085686,-0.23860394143220617,85.50474915960486,482.2895804268973,0.9508255004882813,3.320596699711902,14.31923834906684,0.04160121262406591,0.02242337958750462,0.03996653020443164,-0.025585664066706704,,,0.040759156665101735,0.20632572989537024,1.6844170190618608,0.039340742408667806,0.12129549008734797
2026-02-18 00:00:00+05:30,491.8405027777971,506.0282095886951,488.3558028593309,494.4789123535156,568636,0.0,0.0,479.35033721923827,501.8067358398436,,,484.7406509106984,497.36504776419594,,,481.29584495907744,490.95794017118567,477.9735926439916,479.9457653712527,481.72860161264623,472.81167175769275,480.2491696682223,468.53827491252287,476.99041090290166,481.3890891880538,467.63732885057067,481.482799489487,495.1482016360794,485.22016492575074,480.356058555179,494.6531524658203,483.2283172607422,483.5021061976387,54.010689194602584,-4.144177895349003,2.7982146966671424,-6.942392592016145,60.21267098400637,46.9036442733816,13.30902671062477,87.33114359671643,76.5406373711996,-28.059697224370915,3.6306745699218332,3.479526322606125,17.323944091796818,-3640.3249117685145,-10.970507062917534,44.429849534968206,0.149423739573376,-0.41993467534902607,-0.2242355267503937,-0.24736318405325702,2.5980348597227976,22.97846221309203,5.306055483727789,-56779.617875220574,-49853.79589547684,5.326619466145823,1,0,0,5.326619466145823,1,1,0,0,0,15.298072343849478,17.67240672936424,459.5351828866216,479.35033721923827,499.1654915518549,8.26750407543946,0.8817425511890923,452.6315117226516,484.7406509106984,516.8497900987452,453.6083681491673,481.06281998587656,508.51727182258577,3.9470593254314106,0.3118691387475804,439.4004729537034,479.35033721923827,521.7762994364048,4643236.0,83.60357082711414,-0.030814604873734434,830190.1082958075,48867.17228383361,3710428.113793069,496.2876416005139,8981048.354845367,993.7034218264929,34.112362952944515,10.316736779946474,23.79562617299804,1.0389860021670057,1.526970204756371,9.907577166308316,98.16008530635392,477.87681579589844,477.87681579589844,0.3878523338833538,-0.792653278571224,-0.32357200659512897,98.16008530635392,485.1868604387556,0.8313491821289063,3.325588400309353,13.36222005208333,-0.000704246025656996,0.049778059565764865,0.0347952632260613,-0.034318494548395084,,,-0.0007044941233773838,0.20632572989537024,1.6844170190618608,0.039340742408667806,0.12129549008734797
2026-02-19 00:00:00+05:30,495.7732291440488,498.80988394855024,487.8579703289214,488.1566467285156,250352,0.0,0.0,479.8232604980468,501.04109680175776,,,485.06598384572857,497.0039339980909,,,482.1345411028181,490.4226425589767,479.2377561646878,479.92080827665234,483.48456338050175,473.38945709703063,482.55961455770375,469.49391672678126,477.25812010174394,482.13317844320943,467.80558483467826,481.74895096935853,494.4935924109635,485.4249120518312,485.24097614825143,491.3177795410156,483.2283172607422,483.5021061976387,50.26174626732758,-3.4266109862097665,2.8126252846451036,-6.23923627085487,67.9601936090834,58.64990428206645,9.310289327016953,91.35412931678552,85.41509792751651,-40.69656263591737,1.997076910314224,1.975872470081886,9.5579833984375,-3334.720367240866,-5.300404430493245,43.00284378814196,0.5867227325489794,0.149423739573376,-0.21167454571814348,-0.24140649823454455,3.002275966348542,15.030579522531013,4.0786659029021735,-61320.43379854932,-54254.68376319063,3.9244333902994697,1,0,0,3.9244333902994697,1,1,0,0,0,14.987632434976575,10.95191361962884,459.62584392585524,479.8232604980468,500.0206770702384,8.418690061514344,0.7062983203986217,453.9287791289951,485.06598384572857,516.2031885624621,453.6083681491673,481.06281998587656,508.51727182258577,3.686882957708416,0.3161313280679699,440.5922475018076,479.8232604980468,521.8230996349884,4392884.0,78.99233231822903,-0.05095332031820429,593493.1162858629,-23761.809929474606,2954253.8341440596,491.60816700199575,8660955.464287797,992.4248504927006,26.189916431574247,1.915432206860963,24.274484224713284,0.45694711027751356,0.8251932815944873,10.09870828609578,101.98390904765957,477.87681579589844,477.87681579589844,0.24881830471603925,-1.0286254117428184,-0.38170341535356855,101.98390904765957,486.7571023123605,0.47292327880859375,3.327205326014321,12.307297092013885,-0.012785713337923,0.04152941014073086,0.019758724700818853,-0.04842317381191785,,,-0.012868154033302574,0.20632572989537024,1.6844170190618608,0.039340742408667806,0.12129549008734797
2026-02-20 00:00:00+05:30,487.8081999467877,494.92693770651,481.98376709458927,482.9295959472656,122038,0.0,0.0,480.3136062622069,500.13607055664056,,,484.86251833158923,496.4519991725683,,,482.4303825741723,489.7123876235064,479.40527210737866,479.5085096274488,483.5832713826281,473.3674501144717,484.1048247802205,470.6301670716082,477.3220624792678,481.621131291438,467.9496739940414,481.9370413257026,494.0360179993242,485.24296270962645,487.80229919166334,485.5431213378906,483.2283172607422,483.5021061976387,47.336300272085126,-3.2423377039216916,2.3975188535465435,-5.639856557468235,60.033137938639804,62.73533417724319,-2.702196238603385,77.06232751713162,85.24920014354451,-51.14432632379231,-0.8584632352194903,2.0728059938784584,-4.181671142578125,-3314.108252210582,-0.9521450077433542,41.710150753052176,0.7698309421710525,0.5867227325489794,-0.19966097566291863,-0.23468274219498658,2.481088999259739,11.269020206026937,-1.6741504058937835,-66173.37485884478,-59018.312788097006,3.9078369140624907,1,0,0,3.9078369140624907,1,1,0,0,0,14.841599447615444,12.94317061192072,460.3260467505696,480.3136062622069,500.3011657738442,8.322712182642578,0.5654404476828601,454.225395852274,484.86251833158923,515.4996408109045,453.6083681491673,481.06281998587656,508.51727182258577,3.621664935238032,0.31564294774419716,440.92581736974853,480.3136062622069,522.7042682141539,4270846.0,76.83793335451428,-0.05109675420134119,489291.0955808606,-84468.69015655818,2441089.1688031675,486.6134335827883,8530280.438654693,991.3540772447524,17.347234079753555,-5.541800115967785,22.88903419572134,0.22536951862394547,0.2617617907314408,9.993779755818636,99.87563380781039,479.44493103027344,479.44493103027344,0.1124317849136144,-0.9825304504024751,-0.3577196865554491,99.87563380781039,486.6639351981027,0.49034576416015624,3.324189671568062,11.179029541015625,-0.01070773247948209,0.021803164621205573,0.020728059938784682,-0.07327101199018637,,,-0.010765472795385323,0.20632572989537024,1.6844170190618608,0.039340742408667806,0.12129549008734797
2026-02-23 00:00:00+05:30,482.1331052999154,488.7540288054136,478.89731264689584,481.0877075195313,134445,0.0,0.0,480.7566619873046,499.1693151855468,,,484.50301253996463,495.84947793127276,,,482.5041065034413,488.96539299460017,479.2402369065899,478.9915459992269,483.19628107114323,473.17351476206477,484.581007633622,471.8303968084098,477.40076708867844,481.2953453034886,468.6718253068517,482.10964936563994,493.56760552652753,484.93577091793696,487.3933900171978,482.00865173339844,481.759765625,482.2575750806933,46.31335583243321,-3.2079456028722575,1.9455287636767826,-5.15347436654904,51.89945663622968,59.96426272798429,-8.064806091754612,61.07586753570533,76.49744145654081,-52.460741131601296,-1.6386751008974727,1.8764539382099847,-8.014801025390568,-3482.02900679532,1.5243349332212688,40.032601926446986,0.7135326931175707,0.7698309421710525,-0.18861020262225248,-0.22741807662048424,1.182454975991045,5.463284159352213,-4.393431999165557,-71918.81567367456,-63947.67514394722,4.472020467122396,1,0,0,4.472020467122396,1,1,0,0,0,14.485536355537038,9.85671615851777,461.1343839695684,480.7566619873046,500.3789400050408,8.163081063348589,0.5084354510706526,454.906241504676,484.50301253996463,514.0997835752532,453.6083681491673,481.06281998587656,508.51727182258577,3.680228390001387,0.31595317673468326,440.8337806889787,480.7566619873046,523.8567671600382,4136401.0,73.11587269400167,-0.050928960080029236,414599.7973037191,-125389.76423249568,2056986.0461646095,482.9130163239469,8479003.25627762,991.3540772447524,9.795821028145141,-10.474570534060963,20.270391562206104,0.2617472830906524,0.033741804282610234,9.811139008868109,96.25844865133351,480.68945312500006,480.68945312500006,0.0009711608785840345,-0.8371311557298815,-0.3061587077882637,96.25844865133351,485.99899553571424,0.4430557250976591,3.32066301892812,10.367260810004337,-0.0038139895404866175,0.012679465702295722,0.018764539382099876,-0.07689366337834935,,,-0.0038212813450765265,0.20632572989537024,1.6844170190618608,0.039340742408667806,0.12129549008734797
2026-02-24 00:00:00+05:30,481.08770639475057,481.8841970461172,468.0947361571162,477.7025451660156,558908,0.0,0.0,481.50089263916004,498.2413885498047,,,483.8553489805409,495.1378335091058,,,482.21323823474705,488.1235588761872,478.50780875848517,478.25726014917586,482.01039504141727,472.6456334709942,484.17268136557044,472.9244311331429,477.405791511376,481.5884771774867,469.02011300544945,482.723658775666,492.5221829997604,484.38710163605583,484.8933194393462,479.39512634277344,481.759765625,482.2575750806933,44.413697354365056,-3.4144838812151193,1.3911923882671369,-4.805676269482256,45.60457341477044,52.51238932987997,-6.907815915109531,48.93015479108408,62.35611661464034,-59.58121230029507,-1.2960361548541783,3.216083907691715,-6.272491455078125,-3877.8048902431415,0.09589488248309408,42.01758999757641,0.38473392246714105,0.7135326931175707,-0.17916966223617825,-0.2195570622949123,0.5104906208833226,-0.6082333885090634,-14.397694277510084,-77040.90554592738,-69090.9534015859,1.6095835367838445,1,0,0,1.6095835367838445,1,1,0,0,0,14.435816679355895,13.78946088900102,463.69868970192675,481.50089263916004,499.30309557639333,7.394463108742097,0.3933180492735487,454.4507540649939,483.8553489805409,513.2599438960879,456.1970047092661,482.3571382659259,508.51727182258577,3.5096566823408035,0.30770206394638105,442.03789187534414,481.50089263916004,523.8163425624703,3577493.0,70.16284526351738,-0.024221159492196612,634530.2683318622,-60753.2570061977,1492845.9937584165,475.893826123083,8085728.954917109,991.3540772447524,11.352845198277503,-7.134037091142883,18.486882289420386,1.0539843867714689,-0.4267278029058053,8.901101468616645,79.2296073546094,480.68945312500006,480.68945312500006,0.19823370609192364,-0.8810246626756421,-0.11384394037176343,79.2296073546094,483.63792942592073,0.7442306518554659,3.318868835563326,9.538454115125859,-0.007036476510633438,-0.034607719113702196,0.03216083907691725,-0.09693206208636529,,,-0.007061349257817896,0.20632572989537024,1.6844170190618608,0.039340742408667806,0.12129549008734797
2026-02-25 00:00:00+05:30,481.7846475317942,499.8055302986807,478.8973308240346,491.0937805175781,503164,0.0,0.0,482.3795349121093,497.5524145507813,514.3939666748047,,484.54472341263966,494.97924319571257,514.3939666748047,,483.1268466041202,487.8432605219822,480.3301924598215,478.6082820193825,484.52430272130835,473.7063465245883,484.9194728768749,474.23740863125226,478.39846340198284,484.6272338618481,470.37184896142446,483.51000744992996,492.14504452783495,484.84051260399485,483.7372206003348,484.3981628417969,481.759765625,482.2575750806933,52.68208295115067,-2.4691434287241805,1.8692262726064603,-4.338369701330641,52.18147869240212,49.89516958113408,2.2863091112680465,60.032719386805,56.67958057119813,-31.41361049089727,4.259142927410913,3.711102119869294,20.061920166015625,-4126.851619528484,-0.5549255988779009,44.838458448328765,0.3409251928383443,0.38473392246714105,-0.16781678718541526,-0.21067474978131562,1.0923854475895725,16.08433556648987,-4.823863908156227,-77861.18936626047,-73659.00111071818,-0.48123677571614576,1,0,0,-0.48123677571614576,1,1,0,0,0,14.983471568877981,22.102985132665083,464.50119712453403,482.3795349121093,500.2578726996846,7.412560647222628,0.7437096140874144,453.7304737018752,484.54472341263966,515.3589731234041,458.48694057269154,483.5021061976387,508.51727182258577,3.3614573236632097,0.3125214993517667,443.4127133460412,482.3795349121093,524.5564539684626,4080657.0,74.90018965792136,-0.030907436723282396,718390.9349985254,-2105.0867463921895,2242151.9295691564,489.93221388009783,9496227.519895853,994.1573353573732,11.369605029477148,-5.693821807954594,17.06342683743174,0.8885739962960485,0.9748384563496588,8.939168893787627,79.90874051166031,482.00865173339844,482.00865173339844,-0.019163863583778345,-0.9464782738806824,-0.031401043829847756,79.90874051166031,484.6214699881417,0.8786422729492187,3.3264784605396382,8.874591064453119,0.028032581126208322,-0.006845856822944474,0.03711102119869292,-0.06377522405871139,,,0.027646860233275866,0.20632572989537024,1.6844170190618608,0.039340742408667806,0.12129549008734797
2026-02-26 00:00:00+05:30,492.885895730578,502.7924118403082,489.7994715691927,498.1129455566406,659720,0.0,0.0,483.9202697753906,497.06156921386724,513.6029397583007,,485.8369350454017,495.10213348437645,514.0715702170193,,484.6252666655041,487.86524213005515,483.19293185106517,479.49124184720694,488.4085567262748,475.51180200748047,487.18489999614235,475.86200933310516,480.71457130978695,488.339022368681,472.43974549035755,485.03093997234134,492.07588765438294,485.6914679988549,485.2936831355464,494.6033630371094,483.4025421142578,482.2575750806933,56.34740776678814,-1.1404202969758899,2.558359523483801,-3.698779820459691,64.1186428934518,53.968231666874786,10.15041122657702,76.44905699363731,61.80397705717546,-16.649248528452233,6.277213645642718,6.59422486138548,29.420806884765625,-4229.493456325304,0.6795105532284538,41.91955644052831,0.5966993148069157,0.3409251928383443,-0.15357876589789932,-0.20042118541184883,2.3170739034613823,17.015252704624515,4.022312433509001,-77393.31495051249,-76519.38674142712,0.8960469563802083,1,0,0,0.8960469563802083,1,1,0,0,0,14.841290761894948,12.992940271115515,466.20388547215447,483.9202697753906,501.6366540786267,7.322026131064562,0.9005522667132927,455.4825300173547,485.8369350454017,516.1913400734487,458.48694057269154,483.5021061976387,508.51727182258577,3.312433459296719,0.31015514452771664,444.4035595240862,483.9202697753906,526.157118137674,4740377.0,76.59483287020547,0.00837816026356586,902908.6432548804,80788.89796385856,2583370.733855036,496.9016096553805,10439160.161944363,994.1573353573732,13.832202734889332,-2.584979282033931,16.417182016923263,1.0619977315115454,1.6022090668531719,8.858192151618049,78.46756819498759,483.4523162841797,483.4523162841797,0.010635720095369824,-0.9979829446752047,0.1882932954472828,78.46756819498759,486.035260445731,1.54073486328125,3.3366044076013988,8.637630276150169,0.01429292187668274,0.02039570472890051,0.06594224861385478,-0.057194098910325675,,,0.014191741042311098,0.20632572989537024,1.6844170190618608,0.039340742408667806,0.12129549008734797
2026-02-27 00:00:00+05:30,501.7967840387221,509.5129052218573,490.2972865581701,494.1304321289063,268714,0.0,0.0,484.61223144531255,496.37458557128906,512.8502444458007,,486.6267919104974,495.0640275488678,513.6766961954725,,485.5976630801247,487.7502955777037,484.9492309459462,480.02871615551027,490.54252975522746,476.75834124963166,489.7460871167203,477.6296774221633,481.67629463271896,490.7064217915298,474.1493347354508,485.6259575435307,491.77284500074336,486.2541157612431,488.42062134971053,496.12168884277344,483.4025421142578,483.9999228972744,53.8009679517033,-0.40409503645702216,2.635747827202135,-3.0398428636591572,73.93025895742335,63.41012684775909,10.52013210966426,92.14167643875308,76.20781760639846,-30.146364108380418,4.550237451194474,2.881425567451183,21.505554199218807,-4030.9814657801853,3.284985577712348,39.75513340456557,0.9906455508575236,0.5966993148069157,-0.13845681346289496,-0.18876359804236914,3.0783481192837865,22.54242137285604,3.326802709168817,-78087.97367990574,-77606.31464322984,6.347117106119801,1,0,0,6.347117106119801,1,1,0,0,0,15.15374275488011,19.215618663687223,466.41804593519925,484.61223144531255,502.80641695542585,7.50876033642435,0.7615725963193856,455.50316475870494,486.6267919104974,517.7504190622899,458.48694057269154,483.9999228972744,509.5129052218573,3.286574743113486,0.29873824405635313,447.10796108192613,484.61223144531255,525.451488955838,4471663.0,76.13252640318723,-0.017068341413049297,741401.1711239311,55966.88712512655,2061438.1842728595,497.9802079696446,10224317.901214862,993.357815195679,8.968955676780256,-5.9585810721144075,14.927536748894664,0.5237383183399043,1.0462903852775414,9.097092755056659,82.75709659410437,485.54315185546875,485.54315185546875,-0.1578505266199179,-1.1301625245092257,0.2811518883429947,82.75709659410437,487.5685263497489,0.691961669921875,3.3425224740504267,8.250218980577248,-0.007995201616942227,0.023193517803915542,0.0288142556745119,-0.06508422903368283,,,-0.008027334629267555,0.20632572989537024,1.6844170190618608,0.039340742408667806,0.12129549008734797
2026-03-02 00:00:00+05:30,477.9016979841422,485.8667262838779,474.4169981030078,477.8519287109375,248545,0.0,0.0,484.07459259033203,495.2664520263672,512.1348855590821,,485.79109065339645,494.3890432807137,512.967294859145,,484.9538247244699,487.0239168772978,483.5171867385684,479.2948376451437,488.03824203957237,476.09612807148756,490.31250752238475,479.03700623755367,481.647904484608,487.8654735107889,474.88410299260835,485.33910299596755,490.87698411109085,485.61062235936924,489.5919419560621,485.9911804199219,483.4025421142578,483.9999228972744,44.874133856732016,-1.1211670276667292,1.5349406687939426,-2.656107696460672,63.71854365111704,67.25581516733072,-3.5372715162136856,74.29381456426785,80.96151599888607,-62.04875640981622,0.5868219636765114,-2.2007109165622096,2.787780761718693,-3883.224494079336,3.3125154151039737,39.23397941946071,0.7065267715358966,0.9906455508575236,-0.12685175383641,-0.176672781485834,2.5418347775402124,0.19889316888571784,-11.25083501198435,-79063.77548257852,-77981.25701827924,6.911310831705747,1,0,0,6.911310831705747,1,1,0,0,0,15.47943498852428,19.713434025898493,465.74219064001096,484.07459259033203,502.4069945406531,7.574205393521083,0.3302823629915678,453.8766786539845,485.79109065339645,517.7055026528084,458.48694057269154,483.9999228972744,509.5129052218573,3.381595062803511,0.31690460950570504,447.73376844614324,484.07459259033203,524.3349463696054,4223118.0,77.75409133501697,-0.038654256000663405,641983.6987755091,9091.697205226752,1188955.4962311573,479.37855103260773,9405517.76891223,990.0634414110418,4.4969670193078715,-8.344455783669435,12.841422802977306,0.5394229414865714,-0.6788705480337281,9.166200975160542,84.01924031703408,483.4523162841797,483.4523162841797,0.013151204926279286,-1.2077610372775809,0.2502646744695319,84.01924031703408,486.7122889927456,-0.5376388549804687,3.3405527132453945,7.841568942599819,-0.03294373784637117,-0.006725964430222775,-0.022007109165622096,-0.10298102484229377,,,-0.03349860305628289,0.20632572989537024,1.6844170190618608,0.039340742408667806,0.12129549008734797
2026-03-04 00:00:00+05:30,468.54279309915023,479.5444762208675,458.7856152578979,469.5384216308594,424205,0.0,0.0,482.66328887939454,494.07070190429687,511.35082824707035,,484.24321741315487,493.41450909836647,512.1073171714561,,483.56942749023443,486.0149745088465,480.78541903475855,477.9759159399754,483.8047550305337,474.57176382767375,488.12519883985635,479.8770336100655,480.59509978329925,483.74475516768547,474.5182914322365,483.830895659102,490.0063954585738,484.29716650295404,487.01295081218916,473.69517517089844,483.4025421142578,483.9999228972744,41.121542685321344,-2.3333844855419557,0.2581785687349729,-2.5915630542769286,43.15447452869051,60.26775904574363,-17.113284517053124,46.376061115297965,70.93718403943963,-78.34145589573185,-5.1106651180942695,-5.670568000349708,-25.288970947265625,-3831.340514689545,3.354831464594554,43.50547450025573,0.16034464517247943,0.7065267715358966,-0.11995782738427607,-0.16508637044515428,1.7963557845877154,-3.8191552535342908,-24.578016216503897,-77966.39626304418,-78277.2015897542,5.98206075032553,1,0,0,5.98206075032553,1,1,0,0,0,15.856536843841804,20.758860962969607,464.42269321940574,482.66328887939454,500.90388453938334,7.558310764565592,0.1402292037719774,451.41420446835934,484.24321741315487,517.0722303579504,458.48694057269154,483.9999228972744,509.5129052218573,3.424261863292768,0.31306081067835956,446.33859114629587,482.66328887939454,522.8526500617853,3798913.0,74.85575904569981,-0.03631569457718819,657243.4878676364,-6055.6473422579,515300.24378320057,469.289504369875,8667500.18249837,990.0634414110418,4.171217450512974,-6.936164281971467,11.107381732484441,1.1346241648561128,-1.4390831849120902,9.120297829994401,83.17983250780058,482.00865173339844,482.00865173339844,0.09894699586716796,-1.1833987663386794,0.06262560161112976,83.17983250780058,485.38170471191404,-1.4113037109375,3.3284838820583555,8.022773369683156,-0.017397663545075104,-0.01709039153709968,-0.05670568000349707,-0.1161918085393353,,,-0.017550781421264074,0.20632572989537024,1.6844170190618608,0.039340742408667806,0.12129549008734797
2026-03-05 00:00:00+05:30,468.9908124004159,472.9235572936848,454.0563842753522,460.3786315917969,600229,0.0,0.0,481.82447204589846,492.5633209228515,510.4438107299805,,481.97039971588265,492.1189844902657,511.0829867639381,,481.44707917712987,484.69371684953273,476.78555659980157,476.04110663618525,477.9547724999786,472.1562359775273,483.3371552425235,479.9339196515633,478.27749405083233,478.87388481410386,473.6924374502891,482.51509860798086,488.19478909625644,482.2050126425673,480.579524482705,464.9585266113281,479.24578857421875,481.7846447486047,37.40957739338565,-3.9872317335967864,-1.1165349434558864,-2.8706967901409,23.670051807115982,43.51435666230784,-19.844304855191858,17.711814139278555,46.127229939614786,-88.59963227310398,-6.896205259677401,-3.5159094604082872,-34.10028076171875,-3290.67357963794,-0.5363204765258729,43.37274239787014,-0.41419463003760437,0.16034464517247943,-0.1187019858670646,-0.15475608601725663,-0.13639491732559644,-7.156502768916312,-26.02367578724892,-75528.12478837767,-77946.07365992146,5.102595011393229,1,0,0,5.102595011393229,1,1,0,0,0,16.07158228487686,18.867173018332608,461.1383012346959,481.82447204589846,502.510642857101,8.58660031250218,-0.018361775357855114,448.6742121909091,481.97039971588265,515.2665872408562,454.0563842753522,481.7846447486047,509.5129052218573,3.65897169519125,0.28434060523292326,445.7195345461154,481.82447204589846,521.1632959430607,3198684.0,70.33281262519775,-0.03214914699724623,459278.9056280494,-74690.50561134669,-343738.5932367488,462.452857720278,7496569.037766868,990.0634414110418,7.08630658408763,-3.2168601187174506,10.30316670280508,1.5919842347599142,-2.0734471014314226,10.343085405601261,106.9794157075618,482.00865173339844,482.00865173339844,-0.23725942936876418,-0.7134352135401053,0.1503452345471561,106.9794157075618,480.6922934395926,-0.8388168334960966,3.314875184416099,8.52921657986111,-0.01950807349747352,-0.06254436554543541,-0.03515909460408284,-0.12024345140448467,,,-0.019700867441312362,0.20632572989537024,1.6844170190618608,0.039340742408667806,0.12129549008734797
2026-03-06 00:00:00+05:30,461.9218624067344,463.91311943983305,454.25551067563606,457.192626953125,313937,0.0,0.0,480.7541702270508,491.1106988525391,509.4735702514648,,479.61061183371527,490.7493234103778,510.0158509261002,,479.1011891682943,483.30663081150425,472.7845171210143,473.98600168950634,472.3574372051851,469.5949151846632,477.1838229277639,479.22708073095527,476.06066210256085,474.3578632088544,472.1395597140339,481.7643054489993,487.0142875757532,479.9941737712407,472.66541274555135,458.78562927246094,477.6527862548828,481.7846447486047,36.186029403624524,-5.491696679931579,-2.0967999118325427,-3.394896768099036,12.9047433170328,26.576423217613094,-13.671679900580294,5.415579884363455,23.167818379646654,-94.34468188006578,-6.343049917050707,-4.472648592039609,-30.964019775390625,-2867.383952743509,-6.64625986610605,40.5748482230033,-0.9596049925038095,-0.41419463003760437,-0.1221648077455395,-0.1461454006931034,-2.1929637130371775,-12.89730732141436,-22.554916085611353,-74019.51559398454,-76678.72219656779,-1.5017445882161464,1,0,0,-1.5017445882161464,1,1,0,0,0,15.613441319114015,9.657608764196993,457.3311948684825,480.7541702270508,504.1771455856191,9.744262997242886,-0.0029579486217324053,447.6459452607969,479.61061183371527,511.57527840663363,454.0563842753522,481.7846447486047,509.5129052218573,4.048039966718754,0.2843047896319543,444.57799471903485,480.7541702270508,520.4324588584641,2884747.0,61.390676346854065,-0.049845765150263156,336293.82660964306,-135109.97226261714,-437519.47109588934,458.45375235619804,7279312.051969669,989.371401333583,4.048170990598828,-5.003996569765003,9.05216756036383,0.8188439723988987,-2.0118317944869313,11.711487679284136,137.15894366202414,482.00865173339844,482.00865173339844,-0.40076194126669307,-0.6568682139164211,0.2293000111833391,137.15894366202414,475.79522705078125,-1.0703018188476563,3.3039763306557264,9.198278266059026,-0.006920400774588553,-0.08215068282914673,-0.044726485920396075,-0.13153665377030255,,,-0.0069444578017870875,0.20632572989537024,1.6844170190618608,0.039340742408667806,0.12129549008734797
2026-03-09 00:00:00+05:30,452.5131645065207,455.4004811515102,443.3036006524276,450.1734313964844,365512,0.0,0.0,478.90727844238285,489.6929235839844,508.51577575683586,,476.80707083969327,489.1581119588526,508.8308525195731,,476.1887378510975,481.7012477740119,468.09454329551534,471.52336440105967,466.00136509557166,466.4672250923055,470.2049810196517,477.6619227898303,473.1970986262725,469.11036721500517,469.77103411671584,480.44320661790977,485.82148631815556,477.2411190813111,464.90345146853736,453.6830291748047,474.1431884765625,476.40825293714244,33.58019373247811,-7.167760922405307,-3.018291323445017,-4.14946959896029,9.143871771952165,15.23955563203365,-6.095683860081484,0.0,7.709131341214003,-89.62407053097375,-6.782803295898668,-7.583038658505612,-32.75616455078125,-2430.7573327733053,-15.322726311751751,39.146392393337955,-1.467901464426062,-0.9596049925038095,-0.13045189240650235,-0.1396833662246867,-4.384031050978652,-17.60466055762828,-29.70154105671088,-72482.60142851253,-74924.04640938019,-11.2423095703125,0,1,0,-11.2423095703125,1,0,0,0,0,15.490268817798544,13.889026300697424,452.0252020376445,478.90727844238285,505.7893548471212,11.226422155107231,-0.03444247782945998,445.24112940692,476.80707083969327,508.37301227246655,443.3036006524276,476.40825293714244,509.5129052218573,4.638662955863886,0.27775178380250476,443.3050200233794,478.90727844238285,518.3132013457987,2519235.0,53.411068885521466,-0.05380679908709627,385931.1000297,-131750.62414424442,-741531.0046963092,449.62583773347404,6718148.101580356,989.371401333583,2.5336236558836376,-5.214835123584154,7.748458779467792,0.8964386190246234,-2.1377699113178386,13.441038202369194,180.6615079575481,479.4698181152344,479.4698181152344,-0.49896904494382294,-0.4405649103164912,0.291589874439566,180.6615079575481,470.7516566685268,-1.8468917846679687,3.2933426858460817,9.912254909939236,-0.015352818796354528,-0.08895829496482954,-0.07583038658505614,-0.14769083015897444,,,-0.01547189364743376,0.20632572989537024,1.6844170190618608,0.039340742408667806,0.12129549008734797
2026-03-10 00:00:00+05:30,456.9437170084506,461.3244763774407,449.2773653245898,450.7210388183594,308003,0.0,0.0,476.9882049560547,488.34384704589837,507.71977020263665,,474.3226868376614,487.6507757572646,507.68016313935107,,473.504334077381,480.17293856751684,464.1921478196621,469.25936194923196,461.01535716244615,463.6745095494143,463.32672534100425,475.4734851518075,470.93157812789843,464.7893353345954,467.17913402535874,479.0870261148664,484.7896319696773,474.8600779500441,458.8109601129686,450.4472351074219,474.1431884765625,476.40825293714244,33.97963294282714,-8.355548999835946,-3.364863520700524,-4.990685479135422,9.07808745092483,10.375567513303263,-1.2974800623784333,0.5848164085822092,2.000132097648555,-88.79698523618599,-6.3120857645150075,-7.847326287642079,-30.366668701171932,-2225.2413068966052,-19.43364862404559,33.943755226603365,-1.728328248582698,-1.467901464426062,-0.14168708490884807,-0.1355186354105389,-6.808938385197288,-8.497222061586456,-20.544333114437336,-70920.92674582185,-73242.21426319894,-21.331339518229175,0,1,0,-21.331339518229175,1,0,0,0,0,15.24432897744514,12.04711105285088,447.7903925737831,476.9882049560547,506.1860173383263,12.242572071551168,0.05018605856847889,443.4683377217521,474.3226868376614,505.17703595357074,443.3036006524276,476.40825293714244,509.5129052218573,5.2875476894475035,0.27683920999806805,440.9493037655296,476.9882049560547,517.3015820482401,2827238.0,44.36089849500037,-0.0780419379985938,151747.5850748365,-192911.9524774354,-611503.0427740129,453.77429350679665,6755614.712667677,989.4930449899348,0.17325075381301608,-6.060166420523822,6.233417174336838,0.7245531985065881,-1.7992557657260855,14.598906191135788,213.1280619775828,477.77723693847656,477.77723693847656,-0.3893730436400671,-0.7217592106596122,0.37680552498531095,213.1280619775828,466.5365923200335,-1.919073486328125,3.2845283154870577,10.61671854654948,0.0012164365635178864,-0.056776771762263145,-0.07847326287642076,-0.14866008685389742,,,0.00121569730400882,0.20632572989537024,1.6844170190618608,0.039340742408667806,0.12129549008734797
2026-03-11 00:00:00+05:30,455.84851769669376,462.12096513285866,446.0415708325808,447.6345825195313,332907,0.0,0.0,475.1711822509766,486.8981939697266,506.7744210815429,,471.7809626168871,486.0815132773535,506.49114174093876,,470.7087509881883,478.5764968213848,460.31558159133004,466.90360860854474,456.2336282279633,460.7821219464057,456.6928826547597,472.8232699356786,468.6046952838947,459.01657811429914,465.25501883916206,477.75878701445913,483.29651506989376,472.39735323181037,454.2660935638881,449.1778106689453,472.87376403808594,476.40825293714244,32.78295661823825,-9.437145300865211,-3.5571678573838312,-5.87997744348138,9.373431170623704,9.198463464500232,0.17496770612347134,0.5848164085822092,0.3898776057214728,-93.45865072096915,-6.29428562831601,-7.5087455657374225,-30.067962646484318,-2072.671670786109,-21.823743174755975,32.67514874334536,-1.9017586103913882,-1.728328248582698,-0.1552889470805785,-0.13412665317666816,-9.187414350303767,-4.531145317669143,-20.610539617946984,-69946.42662883831,-71795.49976191526,-28.740473429361977,0,1,0,-28.740473429361977,1,0,0,0,0,15.303976500504618,16.07939430027784,443.39492139715145,475.1711822509766,506.9474431048017,13.374658245601058,0.06671113920361557,440.8023811691067,471.7809626168871,502.7595440646675,443.3036006524276,476.40825293714244,509.5129052218573,5.938222889094124,0.27601030991709635,438.8814553822954,475.1711822509766,515.9431128057583,2494331.0,35.098570310545,-0.0780491302072551,-115196.14146299544,-285331.68592328404,-670931.5948168619,451.93237282832354,6527646.009505356,989.4930449899348,-1.2362946956608838,-5.975769495998177,4.739474800337294,0.8271112882291793,-1.7331554431855363,15.88813042691258,252.4326884625853,476.3833465576172,476.3833465576172,-0.29286524194870045,-0.9653358453024328,0.49139762713271706,252.4326884625853,461.7838884626116,-1.8170227050781222,3.276704022041477,11.1515921359592,-0.0068478194559538075,-0.04664972684290436,-0.07508745565737418,-0.14589669582602938,,,-0.006871373361787364,0.20632572989537024,1.6844170190618608,0.039340742408667806,0.12129549008734797
2026-03-12 00:00:00+05:30,443.0546866451448,448.5804127181744,437.4791609161471,441.511474609375,274316,0.0,0.0,473.69516296386723,485.3599481201173,505.81463531494137,,468.8981542352193,484.3336686237073,505.20441565912563,,467.503064546131,476.79662547392,455.9164590572539,464.2285369217407,450.8513598763146,457.45624337135746,449.9441740648674,469.7885901456906,461.11275074277626,451.95880911885246,462.8694998999271,476.8095274113211,482.0246314295715,469.50604916581153,450.45878865892917,444.5730285644531,469.8122100830078,473.49603306900224,30.48893879084965,-10.6654570474862,-3.828383683203856,-6.837073364282344,7.780725398717632,8.744081340088721,-0.9633559413710895,0.5848164085822092,0.5848164085822092,-94.40218784669196,-10.096300925649452,-6.267173885043459,-49.582305908203125,-1765.65250630725,-24.808142716140196,34.770559374055615,-2.2090079386492083,-1.9017586103913882,-0.17148346724591423,-0.1361160644375587,-11.435565233748704,-14.480178326474459,-25.581430128501722,-70030.53969458873,-70707.97464540359,-34.822102864583336,0,1,0,-34.822102864583336,0,0,0,1,0,15.003781879184807,11.101251802027264,438.54588624808673,473.69516296386723,508.84443967964773,14.840462586045717,0.0421856242628863,438.7553897249366,468.8981542352193,499.040918745502,437.4791609161471,473.49603306900224,509.5129052218573,6.649764041284239,0.26497968852924675,437.6980638128134,473.69516296386723,513.6769736598026,2220015.0,35.123050358690534,-0.07257979207609756,-190232.2435204045,-321075.63790364465,-815036.5769119442,442.5236827478989,6152414.39535518,988.1251641001938,-3.588595339441191,-6.662456111822788,3.0738607723815967,0.7226281371770096,-1.8312575029484555,17.574638357890244,308.86791341062707,476.3833465576172,476.3833465576172,-0.3458183167661015,-1.049871030985065,0.6140051191830047,308.86791341062707,455.1188677106585,-1.476019287109375,3.2638746353262675,12.404866943359382,-0.013678808897409356,-0.04098182601826483,-0.06267173885043464,-0.15989384109239801,,,-0.013773225799697393,0.20632572989537024,1.6844170190618608,0.039340742408667806,0.12129549008734797
2026-03-13 00:00:00+05:30,441.1629960074908,441.5612413320836,425.38227814911545,427.37353515625,827581,0.0,0.0,471.629232788086,483.5439215087891,504.6855923461914,,464.94342860865083,482.0999378994933,503.66321010461326,,463.0914809454055,474.52264849494486,449.62000026169164,460.6371092939472,442.918580516514,452.82594199504183,442.26050007609575,466.1377305196981,446.5276946838384,443.2595547440659,459.13484512826943,472.87701500730276,479.0165069685601,465.12252297474515,445.5227017457349,434.4425048828125,462.7432403564453,467.4475916854864,25.970150244653578,-12.634078719333218,-4.637604284040698,-7.9964744352925194,4.835341605533552,7.329832724958296,-2.494491119424744,0.0,0.3898776057214728,-97.63313661573822,-14.201480011995958,-8.815723607549474,-70.73941040039062,-1492.818960058863,-28.667816048488646,30.186651158740677,-2.5760225234140846,-2.2090079386492083,-0.19226415563472488,-0.14209465801220647,-14.633968390611901,-16.40119887136541,-32.580162054333584,-71432.31601100629,-70384.52923394703,-40.762685139973954,0,1,0,-40.762685139973954,0,0,0,1,0,15.087723400883618,16.178963182968175,430.83761353619326,471.629232788086,512.4208520399786,17.298172554211163,-0.042460662796347935,434.5896963025916,464.94342860865083,495.29716091471005,425.38227814911545,467.4475916854864,509.5129052218573,7.615167581923362,0.28471682437859835,434.55707922396175,471.629232788086,513.3486365009121,1392434.0,31.267678085116255,-0.12866186051729403,-814100.9973665548,-505013.1637645087,-2370072.790289758,431.439018212483,3502360.9441037914,988.1251641001938,5.551882563818034,1.9824174331491493,3.5694651306688847,2.0877690404190368,-2.1698426511853928,20.395809625946345,415.98905029784555,476.3833465576172,476.3833465576172,-0.5665983517270412,-0.6133847657479973,0.7228290605369103,415.98905029784555,446.0159772600447,-2.06593017578125,3.2463272910826917,14.001855468750007,-0.032021680672361885,-0.06522216247361379,-0.08815723607549475,-0.1823031225655226,,,-0.03254558934518889,0.20632572989537024,1.6844170190618608,0.039340742408667806,0.12129549008734797
2026-03-16 00:00:00+05:30,428.1202755766126,441.7603988358618,421.1508757416444,433.3970947265625,461131,0.0,0.0,469.66784362792976,481.85633117675786,503.4759036254883,,461.93901585797573,480.190022480947,502.2718018793053,,459.4503249395462,472.55610626819083,445.3566834363066,457.73385665387787,438.1544856945035,449.27462682052504,435.3987796403629,462.2533819483416,442.4166228820866,438.0864791248394,455.94099555101195,470.95336944849026,477.68244745640993,462.11641237180737,440.6653541092894,430.38531494140625,462.7432403564453,465.33189048175086,30.683890682827393,-13.55195614643253,-4.444385368912009,-9.107570777520522,7.274605787450485,6.630224263900556,0.6443815235499288,5.172444588125531,1.91908699890258,-86.14085817521836,-12.290952641933211,-8.299982720960559,-60.73333740234381,-1258.386130317149,-31.01427507590961,34.183087138337235,-2.968390230677053,-2.5760225234140846,-0.2140901721590205,-0.15178781560360763,-16.955544160103702,-12.69270629946061,-33.302229393677976,-72468.47137632116,-70890.10156939158,-44.106338500976555,0,1,0,-44.106338500976555,0,0,0,1,0,15.482137664693173,20.609523094217366,425.4493524293731,469.66784362792976,513.8863348264864,18.82968646820389,0.08986899011887609,430.550491753595,461.93901585797573,493.32753996235647,421.1508757416444,465.33189048175086,509.5129052218573,8.336487776513536,0.28879919702581247,433.2055264559566,469.66784362792976,510.6529867934703,1853565.0,36.79290047775453,-0.14443328848948275,-727222.1107798315,-506706.7637241313,-1634683.8133601106,432.1027897680229,4152295.9119305313,989.5346008282098,5.435725403270258,1.4930082180810977,3.94271718518916,1.1094571556017927,-1.6405240395244949,22.109245599278335,488.8187409692084,476.3833465576172,476.3833465576172,-0.4506791936865263,-1.0367982481636437,0.771692032263414,488.8187409692084,439.015287562779,-1.96138916015625,3.2362003620561324,15.529149576822919,0.014094367280159892,-0.03726638557473272,-0.08299982720960564,-0.17991709985782933,,,0.013995965217626681,0.20632572989537024,1.6844170190618608,0.039340742408667806,0.12129549008734797
2026-03-17 00:00:00+05:30,434.2433692372831,435.6870427327042,427.7220146402751,429.8626098632813,530161,0.0,0.0,467.4077667236329,480.04826965332023,502.2517782592774,,458.88412004895724,478.2163984567248,500.8379564928494,,455.65935029529396,470.51713680491724,441.11710403071606,454.7446395799939,433.52897329599574,445.64137837866605,429.66521789286554,458.1753866562682,438.79355052743915,433.5246047411121,452.79625780804946,468.1943778043385,475.9261460362921,459.03932537911635,436.119006848066,431.6298522949219,462.7432403564453,465.33189048175086,29.497043285468653,-14.398605844547774,-4.232828053621802,-10.165777790925972,8.695047621510401,6.934998338164812,1.7600492833455892,9.042547123709578,4.738330570611703,-90.14086234451221,-10.04271741187968,-9.514828319726043,-47.98931884765619,-1103.504598517231,-34.813328759548654,33.53392363234827,-3.315179572174939,-2.968390230677053,-0.23665336676490512,-0.16475398664589974,-18.764296340727782,-15.253134506612355,-23.21816259904142,-73988.28910053817,-71970.06726163029,-48.09714762369791,0,1,0,-48.09714762369791,0,0,0,1,0,14.945201266674308,7.9650280924290655,419.85561549468457,467.4077667236329,514.9599179525812,20.34718060518014,0.10522125823936201,428.9678309845311,458.88412004895724,488.8004091133834,421.1508757416444,465.33189048175086,509.5129052218573,9.058225180110387,0.2868662519237336,431.8346464540938,467.4077667236329,507.47753003660654,1323404.0,37.28326880140863,-0.1555383542947821,-972422.3822413114,-539353.6170158902,-1668849.8442518122,431.0905557454202,3719933.5236260453,989.5346008282098,6.493526784666838,2.0406476795821424,4.452879105084696,1.194599257049713,-1.5791149670425528,23.776075614474152,565.3017716251925,473.6204833984375,473.6204833984375,-0.3196195396801255,-1.3254591835210427,0.8110494068436169,565.3017716251925,432.1625174386161,-2.260076904296875,3.2329341222862302,16.81351155598958,-0.008155303545611337,-0.04627791285217553,-0.09514828319726043,-0.19389465999931998,,,-0.008188739946992835,0.20632572989537024,1.6844170190618608,0.039340742408667806,0.12129549008734797
2026-03-18 00:00:00+05:30,432.998842511357,455.8982987484883,431.6049686433224,450.8205871582031,429085,0.0,0.0,465.20742645263675,478.6952099609374,501.32036804199225,,458.1161645355521,477.14205291560626,499.8475135357277,,454.07961890811015,469.3709531776578,441.34642838787215,453.5585408278685,435.38327760601396,444.704899529743,427.70077138397073,454.64556465147285,439.3613986099991,434.26155121573095,451.92618157890416,463.07390082435467,474.9143448122994,458.40827835733035,435.5613133850702,440.3415985107422,462.7432403564453,465.33189048175086,43.461825307417854,-13.225987267185019,-2.4481675810072367,-10.777819686177782,19.09857466339688,11.68940935745259,7.409165305944292,28.236374446687268,14.150455386174125,-66.42255549007878,-3.986432975525865,-8.893364854083726,-18.71783447265625,-1080.435041224168,-36.16840588514418,39.97861838796519,-2.473282062681889,-3.315179572174939,-0.2537935081614595,-0.1797641557897214,-18.49133259604038,4.975205806473639,-19.318124298692226,-74496.24496039802,-73140.34698752049,-49.076187133789055,0,1,0,-49.076187133789055,0,0,0,1,0,15.737378953712355,26.03568888520698,418.94228131666193,465.20742645263675,511.4725715886116,19.890114604903076,0.3445175168893319,426.08986702293663,458.1161645355521,490.1424620481676,421.1508757416444,465.33189048175086,509.5129052218573,9.404758323051993,0.3019777883099866,429.9648442293969,465.20742645263675,504.8236640977144,1752489.0,36.028331514135246,-0.2111441944062895,-722709.240136924,-424222.81932786026,-145763.62541704928,446.10795151667133,5811940.011571506,994.4101068187373,5.458322582746113,0.804354782129133,4.65396780061698,0.9657851177911895,-0.6219299324426727,23.132572567987403,535.1159136132034,464.9585266113281,464.9585266113281,-0.14792368626475041,-1.336315120023549,0.7876789720834494,535.1159136132034,431.8240038190569,-2.2003402709960938,3.241679743156442,16.909092203776044,0.04875505990527418,0.007117422922820804,-0.0889336485408373,-0.14831191230739638,,,0.04760380348873581,0.20632572989537024,1.6844170190618608,0.039340742408667806,0.12129549008734797
2026-03-19 00:00:00+05:30,444.05031932008217,451.5673024822582,439.4704220574354,443.7018432617188,266818,0.0,0.0,462.6685729980469,477.16293823242194,500.3794989013673,,456.7433720332823,475.83067214486556,498.73571808475725,,452.0314681280227,467.9986642874923,440.3287032547563,451.9120495945627,435.2547230242144,443.0836410401736,427.92080731808875,451.44061542197824,439.5429216268752,433.8757901066435,450.62364692293,460.1516288711921,473.9800106123971,457.2114709982102,437.41908069847614,447.26121520996094,460.7519836425781,465.33189048175086,40.52556473804225,-12.724422512934552,-1.5572822614054154,-11.167140251529137,22.985896173089714,16.926506152665667,6.059390020424047,40.49713962695659,25.925353732451143,-74.47889364613985,-3.622407120073472,-10.268803749409438,-16.676788330078068,-1126.0954929010932,-34.93631449396338,40.737607295533444,-1.6501799204252245,-2.473282062681889,-0.2679635868911956,-0.19596402013923875,-18.46031470229339,1.6758166374286247,-10.421063787394132,-73178.30251760926,-73769.3070026338,-48.885365804036454,0,1,0,-48.885365804036454,0,0,0,1,0,15.477343344505956,12.096880424822757,417.6096477348355,462.6685729980469,507.7274982612583,19.477841328722192,0.2895341530503216,425.4630303933306,456.7433720332823,488.023713673234,421.1508757416444,465.33189048175086,509.5129052218573,9.79229063524039,0.304156912019986,428.0631429696825,462.6685729980469,501.5280812618645,1485671.0,26.105693111066355,-0.2072464360080111,-802864.3480134739,-364062.04375003563,-396284.3944963498,444.9131892671375,5390617.4138291795,992.8310431958096,1.6257508711101492,-2.4225735436054645,4.048324414715614,0.6492789426130158,-0.8418633877987133,22.529462631605703,507.5766864689178,458.78562927246094,458.78562927246094,0.03806238304225969,-1.3202817153868016,0.7826169419060881,507.5766864689178,430.75725838797433,-2.538853454589841,3.2504909873699135,17.73944742838541,-0.015790636229277122,0.004961068462109086,-0.10268803749409439,-0.17180818643629459,,,-0.01591663650211934,0.20632572989537024,1.6844170190618608,0.039340742408667806,0.12129549008734797
2026-03-20 00:00:00+05:30,449.7254070382531,451.5175261903016,437.87740354312257,438.72369384765625,196970,0.0,0.0,460.19692535400395,475.5808850097656,499.35698852539076,,455.0272122060798,474.37549652536717,497.5473611691711,,449.75100344703316,466.49124293907016,438.62312918184927,449.99674926418555,434.0419627509596,441.07247220539875,428.8586606997535,448.4184927284653,439.5047820470846,433.24704402970866,448.82752389715336,458.71651331634257,473.24609182555145,455.653853652951,439.82070164423067,441.2127685546875,452.61273193359375,453.5088010127612,38.56350437013606,-12.583568342345188,-1.1331424726528407,-11.450425869692348,28.75078644461557,23.611752427034055,5.1390340175815155,58.83285780427267,42.5221239593055,-72.84619152993464,-4.039639315391307,-10.126452894197937,-18.46893310546875,-1178.9328459941985,-31.699936829741773,40.60761140620942,-1.0548221087131653,-1.6501799204252245,-0.2804931173237657,-0.212635267352268,-18.19687159273779,3.2214392022110587,-10.418683444967996,-71747.3786110058,-73514.12711125975,-47.42511494954426,0,1,0,-47.42511494954426,0,0,0,1,0,15.346113294696892,13.640122647179055,415.6040499815495,460.19692535400395,504.7898007264584,19.37991017134746,0.25923024331806177,424.1278321228513,455.0272122060798,485.9265922893083,421.1508757416444,465.33189048175086,509.5129052218573,10.031576520612697,0.30369360061100553,425.30405626131045,460.19692535400395,499.44104681038004,1288701.0,21.23571217408145,-0.20046100158396463,-975392.6614398604,-361249.640399318,-479750.3510094286,442.70620786036017,5169625.298295072,991.709084950726,-2.966417682458752,-5.611793677739493,2.6453759952807405,0.49335200842382837,-0.9630790267277524,22.296437686227232,497.131133495814,454.00660705566406,454.00660705566406,0.25058265233941596,-1.2174877512745814,0.7807245488797611,497.131133495814,428.8591596330915,-2.4716476440429687,3.2580604335156838,18.67401123046875,-0.011219582450835541,0.026557935290159262,-0.10126452894197935,-0.17194404739194102,,,-0.011282996733348734,0.20632572989537024,1.6844170190618608,0.039340742408667806,0.12129549008734797
2026-03-23 00:00:00+05:30,430.6093383933184,435.288804628949,412.1902106238932,421.648681640625,422085,0.0,0.0,457.1328796386719,473.65533935546875,498.12041748046886,,451.8483045331793,472.30777829459294,496.044417020091,,446.07974214099704,464.37625457165285,434.1303605691084,446.89842909643926,428.7967643765432,437.3339375122788,428.27396285284135,445.1043746852895,438.2029307586828,429.3736421662022,445.6669627769525,456.42760192751757,471.62993842178406,452.3413669483014,438.93157983748586,430.1861877441406,445.5935516357422,445.8673434223804,32.71313559523637,-13.691919258343546,-1.7931947109209574,-11.898724547422589,22.23926114252281,24.658647920076028,-2.4193867775532176,52.48892493372709,50.60630745498544,-85.95713139635707,-6.3363912142421785,-12.689409558020193,-28.524749755859375,-1183.633983277269,-31.45249558498142,40.554555018421105,-1.0520451493669327,-1.0548221087131653,-0.2953191734225813,-0.22970549940934948,-18.498562816534672,-9.200510166646552,-32.29910417170231,-70206.69048525022,-72425.71628381306,-45.49193827311197,0,1,0,-45.49193827311197,0,0,0,1,0,16.145211146773043,26.533483223763028,410.7320702206139,457.1328796386719,503.53368905672994,20.300797201345166,0.11763384687598413,418.83772574858915,451.8483045331793,484.8588833177695,412.1902106238932,460.85155792287526,509.5129052218573,10.338335634562716,0.3270195399499986,420.844644311229,457.1328796386719,497.5204907085823,866616.0,20.742345421809503,-0.18963982224888165,-1051804.782976052,-351571.1831174202,-1440801.2333516225,423.0425656311557,3526881.4418605934,991.709084950726,-2.1121116099601838,-3.8059900841927394,1.6938784742325557,1.0424279035834763,-1.5294646124960625,23.20040470902903,538.2587786627364,450.77081298828125,450.77081298828125,0.34208340203466375,-0.9955992649281412,0.8102843691159117,538.2587786627364,423.97346714564736,-3.064045715332031,3.2610198707811464,19.848520643446182,-0.03891974025218803,-0.027107733828602987,-0.12689409558020193,-0.1907901094554194,,,-0.03969735659199481,0.20632572989537024,1.6844170190618608,0.039340742408667806,0.12129549008734797
2026-03-24 00:00:00+05:30,425.92986731736113,448.0328325431587,421.7980150496306,442.15863037109375,558616,0.0,0.0,455.18642578125,472.345092163086,497.1108502197266,,450.9254784225045,471.1254587681812,494.97737173991277,,444.65362316313247,463.14108951344207,434.06001978344887,445.57660058183404,430.0056813794751,436.2531490515332,428.60711310977024,442.1789454884643,438.25461841970815,430.0697408382454,443.4639394588,455.1076601138801,470.36298568705786,451.54467711986007,437.51754331254574,431.9036560058594,441.01365661621094,442.556883958789,43.75152557125527,-12.768130826471861,-0.6955250232394157,-12.072605803232445,30.18031195162252,27.056786512920297,3.1235254387022238,68.38904849866557,59.90361041222178,-50.655741218840724,-1.899713505656051,-8.091887724413974,-8.562408447265625,-1218.4689181535723,-28.95595834156626,48.046739574451486,-0.8507507267876193,-1.0520451493669327,-0.30607325674006924,-0.24645931159373735,-16.513707477112344,3.8764726653490698,-22.358344828179042,-68465.3693465887,-70925.30167611832,-38.38149007161457,0,1,0,-38.38149007161457,0,0,0,1,0,16.876563986470234,26.38415090253369,409.7608649162212,455.18642578125,500.61198664627887,19.9591017184063,0.3566028116981842,416.03321173120224,450.9254784225045,485.8177451138068,412.1902106238932,460.85155792287526,509.5129052218573,10.278588012351715,0.3796814994678517,416.4209554016181,455.18642578125,497.19132713272404,1425232.0,29.769019451466,-0.13542272171747824,-743346.6749728022,-217505.03594493517,401768.3028442566,437.329825987961,6244116.433664646,991.709084950726,1.2346878896769315,-0.36735246764449947,1.602040357321431,1.2992066833036024,-0.5735887532072637,22.712780432514407,515.8703949756093,450.4472351074219,450.4472351074219,0.5656249077457527,-0.6668083484689871,0.7728022153200881,515.8703949756093,423.58801792689735,-1.946453857421878,3.271826022582038,19.9408928765191,0.04864226931924698,0.02860453602076074,-0.08091887724413971,-0.1466999663242038,,,0.047496250585369014,0.20632572989537024,1.6844170190618608,0.039340742408667806,0.12129549008734797
2026-03-25 00:00:00+05:30,442.15864220996514,462.9672726906233,442.15864220996514,458.238037109375,390998,0.0,0.0,454.213200378418,471.332537841797,496.1968634033203,,451.62191258315886,470.62006968352216,494.2498601630704,,444.9442528134301,462.5878716681985,436.9927951979386,445.58755759961423,435.3479406335277,437.12582885519817,431.66552658939764,440.0294779066412,438.53905084433853,434.3454416735911,442.62210504336605,453.7471802026731,469.6628935851679,451.99544660856526,438.6051110807217,450.1983337402344,439.943359375,438.05166503186314,50.59444400793016,-10.616171479627212,1.1651474588841868,-11.781318938511399,50.80501360580347,34.408195566649596,16.39681803915387,79.51656111909877,66.79817818383047,-10.972086567391814,2.3687746666402925,-4.074608405085248,10.603454589843693,-1318.6623057994334,-26.203190030176472,50.94647767524026,-0.30502751470723466,-0.8507507267876193,-0.3093130676318445,-0.2617737116366185,-13.071166135139233,16.799244636875756,-4.009385843782411,-64240.77885320911,-68888.71285464878,-25.662333170572914,0,1,0,-25.662333170572914,0,0,0,1,0,17.1574267245459,20.808642319529554,410.00095903857095,454.213200378418,498.425441718265,19.46761622207921,0.5455172211245664,416.0891679920702,451.62191258315886,487.1546571742475,412.1902106238932,460.85155792287526,509.5129052218573,10.077215132209167,0.40496129096706546,414.4500561414324,454.213200378418,496.97522027045255,1816230.0,38.05741598680674,-0.1389296736889365,-530075.0905113645,-75027.46832346695,1242517.9561314331,454.45465066998776,7666007.909712042,995.3456546417408,0.5800918005358202,-0.8175588454284888,1.397650645964309,0.8972451678740528,0.18206888449826522,22.106120669923527,488.68057107322016,450.4472351074219,450.4472351074219,0.6986920686453105,-0.27997879989021685,0.6766138175244611,488.68057107322016,426.40635768345425,-0.9732254028320313,3.289018693837724,19.459561157226556,0.03636569691014779,0.01645321922392351,-0.04074608405085245,-0.11863272634382072,,,0.03572007084673651,0.20632572989537024,1.6844170190618608,0.039340742408667806,0.12129549008734797
2026-03-27 00:00:00+05:30,457.78997855335456,458.9847449237442,446.9874334845034,450.1236572265625,442351,0.0,0.0,452.1646942138671,470.1616784667969,495.32767944335933,,451.47922159681633,469.81628880285706,493.3760739663079,,444.5547725132534,461.75615085975795,438.11425211778334,444.993183797679,437.76980323653333,437.06448258947074,435.8293659266352,438.3206442663171,438.6748438341963,438.01480716152287,441.42479377596385,451.2964930971026,469.0465720041415,451.85950956281147,441.93968905280883,454.18084716796875,439.943359375,437.57874165725826,47.45683119703415,-9.456482392498913,1.85986923680999,-11.316351629308903,71.02601448172895,50.67044667971831,20.35556780201064,95.75268656628398,81.21943206134944,-25.294128768580602,1.950613542899895,-8.342627195937203,8.6121826171875,-1565.1518866809072,-23.977664133335054,50.174629029824004,0.2833932283996804,-0.30502751470723466,-0.30866773847536555,-0.2747074430633563,-10.347882722169679,12.251626988165867,0.2543155489250921,-59540.84861044458,-65859.9725825484,-18.54358927408853,0,1,0,-18.54358927408853,0,0,0,1,0,16.78884706130982,11.997311439240775,411.4925765899713,452.1646942138671,492.8368118377629,17.989957263075702,0.4749086461863317,417.0453457402617,451.47922159681633,485.91309745337094,412.1902106238932,460.85155792287526,509.5129052218573,9.846507780170807,0.39268923939877143,413.716870934136,452.1646942138671,494.0143130543048,1373879.0,37.224003725210146,-0.1753865581445592,-741155.6570397513,-77082.51016249252,552243.3830352295,452.03194521160333,6882702.342547775,995.3456546417408,1.0416802168022854,-0.2847763433296189,1.3264565601319043,0.9773993348352423,-0.10036541525467318,20.33605881194791,413.55528800300425,450.14854431152344,450.14854431152344,0.8851557290639451,0.5872378333912175,0.6105897772707842,413.55528800300425,429.33492911202563,-2.048506164550781,3.3030441840780616,19.576491970486117,-0.017707783347709505,0.01447326411275629,-0.08342627195937202,-0.13174571499042542,,,-0.017866441928052142,0.20632572989537024,1.6844170190618608,0.039340742408667806,0.12129549008734797
2026-03-30 00:00:00+05:30,450.0240951232756,451.2188615117847,430.90801521215815,432.7001647949219,1196127,0.0,0.0,448.89405517578115,468.727973022461,494.3151254272461,,449.6907399966359,468.36075452803607,492.17457081439926,,442.7010078066872,460.2870718922334,435.98047473449043,443.11265012176244,435.35642003816247,435.08654561478414,438.63584078305723,436.48230354754577,438.6255343383191,437.44227646645226,439.11286984916444,445.2987989143636,466.53660411479706,450.2320204916706,444.10911580634314,441.4119110107422,439.943359375,437.57874165725826,41.50486943465988,-9.830036123426737,1.1890524047057323,-11.01908852813247,68.04198287924753,63.291003655593315,4.7509792236542125,83.44834102761654,86.23919623766642,-59.607836026285,1.2463639417270962,-13.13211819632996,5.326629638671875,-1864.8718283925905,-23.46798620195483,42.09272459055004,0.4910584537405318,0.2833932283996804,-0.3091739081943823,-0.285272302622841,-8.806632174043996,6.490451167728736,-13.82039513189784,-58465.918418902984,-62415.7571154665,-15.340977986653652,0,1,0,-15.340977986653652,0,0,0,1,0,17.040418435475303,20.310846299626576,413.61700140886654,448.89405517578115,484.17110894269575,15.717318311600524,0.2704755832522629,414.6675482598243,449.6907399966359,484.7139317334475,412.1902106238932,460.85155792287526,509.5129052218573,9.62060761846154,0.40508348766556396,410.0702653048415,448.89405517578115,492.19718393213805,177752.0,32.633837900014136,-0.2967963200112335,-1726199.5271337489,-384338.7577481393,-2503892.7762242323,438.2756805062882,2252705.8077752935,995.3456546417408,13.92359623225932,10.077711737701932,3.845884494557388,2.4438974636427124,-0.9180976669909487,17.638526883457295,311.1176306184458,448.8791198730469,448.8791198730469,0.8697278564895087,1.0444428933012622,0.5951710443079637,311.1176306184458,430.3149130684989,-3.2706390380859376,3.312603470928128,20.192232259114583,-0.038708235285822346,-0.013729664335899727,-0.13132118196329956,-0.16495339041296375,-0.2503665235255498,,-0.03947731076888905,0.20632572989537024,1.6844170190618608,0.039340742408667806,0.12129549008734797
2026-04-01 00:00:00+05:30,454.4048595505639,464.311375676609,440.416290718113,462.5192260742188,223596,0.0,0.0,447.31349487304675,467.890648803711,493.5733822631836,,450.9125005754533,468.1316749808276,491.5873362650887,,443.9986431303479,460.04359161975333,439.6133772905374,443.6535962804232,441.2302657827817,436.68206958916153,442.7991210977132,435.4721861706014,439.4428207024246,442.9407113063288,439.3025904287622,444.24681402125225,466.4930954988817,451.02006626317103,447.06361926681836,447.6096954345703,442.0839538574219,438.25079315025107,52.487630307252395,-7.631954686649351,2.709707073186495,-10.341661759835846,70.5532018457688,69.87373306891509,0.6794687768537102,83.44834102761654,87.54978954050569,-3.43842966782798,6.7195031305020505,-6.397340458974388,29.122131347656307,-2288.188122074709,-16.65964331494314,51.085440052574064,0.8510269304809343,0.4910584537405318,-0.3028153325432048,-0.2926236321537632,-4.56388302237628,17.04142022824402,-6.853664730251978,-59130.221775033046,-59897.42244782288,-6.703898111979167,0,1,0,-6.703898111979167,1,0,0,0,0,18.08118932449043,31.6112108816871,418.29231550528397,447.31349487304675,476.33467424080953,12.97576742056457,0.7619764518953843,413.20366788373093,450.9125005754533,488.62133326717566,412.1902106238932,449.0284684538856,485.8667262838779,9.278483451261717,0.4820670833901468,407.13444803429786,447.31349487304675,490.4312332352966,401348.0,31.74845484822648,-0.25842502347770757,-1536143.2683141672,-414622.1623407516,-1193704.8330771024,455.74896415631355,3793593.3248775112,1002.2370458880163,7.879586308715244,3.226961451326285,4.652624857388959,0.48014873710677725,1.0479058075815373,14.510589683881395,210.5572129739652,448.8791198730469,448.8791198730469,0.20334099601070701,-0.28728479854935196,0.3813196584049247,210.5572129739652,437.3689396449498,-1.580560302734375,3.3284085052547105,19.8104631890191,0.06891391246275513,0.09693032662776857,-0.06397340458974388,-0.10672051236954871,-0.1877076645218606,,0.06664309789530798,0.20632572989537024,1.6844170190618608,0.039340742408667806,0.12129549008734797
2026-04-02 00:00:00+05:30,460.1297271423238,473.8694193280891,446.1909274775652,470.5340576171875,186598,0.0,0.0,446.9476013183593,467.4137432861328,493.00039764404295,,452.78122029371366,468.22588606460647,491.17043965819954,,446.2101252964565,460.1472547104779,444.24895040007294,444.79824855059366,448.2151930565905,439.1093624772871,448.2859658826687,435.41908512344804,441.0546192816859,447.44612242726623,440.2462366891386,443.85289936860426,466.32557900762924,452.19668910854284,451.01951047236673,466.5266418457031,446.09136962890625,443.02981497599114,54.936693452646985,-5.183477487038147,4.126547418238161,-9.310024905276308,77.18204648665065,71.92574373722232,5.256302749428329,87.69565446133252,84.86411217218853,-5.407594845935049,9.461499283885573,-1.5314097640017545,40.67144775390619,-2490.685393111574,-10.797730294803898,58.78008902208835,1.2781349938355226,0.8510269304809343,-0.2893524990137064,-0.29657463113734617,-0.41776254057656126,23.27602071274947,-4.402471137774455,-56597.72351561858,-58555.14208565587,6.9445139567057295,0,1,0,6.9445139567057295,1,0,0,0,0,18.766710933492824,27.678491850523926,419.4004815815521,446.9476013183593,474.4947210551665,12.326778197512002,0.9281111151397989,413.3916113153889,452.78122029371366,492.1708292720384,412.1902106238932,445.8673434223804,479.5444762208675,8.874390342886594,0.4734560391332348,404.16988246776793,446.9476013183593,491.52385858618027,587946.0,35.54009262565965,-0.23271030594298958,-1394516.7810607357,-344254.930789751,-809525.3517439633,463.5314681409472,4116942.3776182695,1003.9699104028597,2.051573285439016,-2.080841257559955,4.132414542998971,0.43261637876271314,1.7124444605591953,13.773559868403598,189.71095144849815,448.8791198730469,448.8791198730469,-0.03084738517231454,-0.7053825746193014,0.08247083903102416,189.71095144849815,444.73517325265067,-0.3658935546875,3.3452760681255675,19.639326443142362,0.017328645148434463,0.06417476737314587,-0.015314097640017565,-0.09558890726959879,-0.14353022995899423,,0.017180216435914903,0.20632572989537024,1.6844170190618608,0.039340742408667806,0.12129549008734797
2026-04-06 00:00:00+05:30,472.9235408282039,472.9235408282039,448.5306424065387,468.1943054199219,763852,0.0,0.0,446.88039550781247,467.261411743164,492.47420837402336,,454.2491331628763,468.2246476079522,490.71546670298613,,448.23362092517675,460.17786499023435,447.8575720454914,445.7145510871151,453.3829090560959,441.1303175787541,454.1797579652199,436.09077996505283,441.618079352066,451.7547552987766,440.4442207531828,444.6996062496542,466.29061564768114,453.19102300598894,456.39088859893695,469.3641815185547,446.09136962890625,443.02981497599114,54.06063202600285,-3.392730825164165,4.733835264089715,-8.12656608925388,93.98431980355035,80.5731893786566,13.411130424893756,98.99186978076327,90.04528842323744,-9.20101607558591,3.8537987741943827,-0.2862633064763791,17.37371826171875,-2580.616944938459,-8.677338276800242,64.0310065998017,1.7210482577014679,1.2781349938355226,-0.27139616996748606,-0.296956029256934,3.293033516682349,19.815726955066737,-4.577171466598486,-50622.25635689445,-56757.34422618344,15.249715169270832,1,0,0,15.249715169270832,1,1,0,0,0,19.168581468362284,24.392898421665222,419.5597073069955,446.88039550781247,474.2010837086294,12.227293242421654,0.8900690523504468,413.9646491497891,454.2491331628763,494.5336171759635,412.1902106238932,443.02981497599114,473.8694193280891,8.339632812542376,0.46963522844111555,403.31237815633045,446.88039550781247,491.57486363941666,-175906.0,32.83086455903432,-0.17425122748194297,-926852.2912648167,-135370.09560293565,-949196.6436927889,463.2161628848882,3737113.464821531,1003.9699104028597,7.352459520890496,2.5760359823132193,4.776423538577276,1.6433954222569611,1.5602762094017868,13.660344100408484,186.60500094156487,448.8791198730469,448.8791198730469,-0.05967886742009115,-0.729477716190028,-0.1670624557930877,186.60500094156487,450.9400717599051,-0.067205810546875,3.350755878855857,18.674672309027777,-0.004972545896282821,0.02172728473906771,-0.0028626330647637532,-0.09697556267923735,-0.1455437511285136,,-0.0049849501401609125,0.20632572989537024,1.6844170190618608,0.039340742408667806,0.12129549008734797
2026-04-07 00:00:00+05:30,461.87208351066494,469.986450208433,458.9847667597268,462.6188049316406,658815,0.0,0.0,446.9924041748047,466.95674926757806,491.9400540161132,,455.04624475990147,468.0048106402537,490.1590971629595,,449.73251706077946,459.99580197801777,449.9845999557664,446.166247092445,456.18697201068215,442.4069857937921,459.5153111603972,437.1062890079221,442.1044659991102,455.0651515575241,439.92188520625956,444.9613081904558,466.0540650433565,453.81119700948017,461.3182785107862,465.40655517578125,446.09136962890625,443.02981497599114,51.935269074035155,-2.3958298518190304,4.584588989947879,-6.98041884176691,89.05028645190825,86.73888424736975,2.3114022045384957,95.05913176630187,93.91555200279922,-18.240529722754285,4.263439955728017,0.48659368313819584,18.916961669921818,-2558.664773516466,-6.252981043613545,62.288892102699116,2.161346680536251,1.7210482577014679,-0.251799510451145,-0.2937678507155317,5.735003665304207,15.51992332693817,4.518239878232009,-45401.80002400603,-53161.996924010855,19.364980061848946,0,1,0,19.364980061848946,1,0,0,0,0,18.58523160981542,11.00168344870616,419.42148412878834,446.9924041748047,474.563324220821,12.336191751139566,0.783385551348218,416.5028195197357,455.04624475990147,493.58967000006726,412.1902106238932,443.02981497599114,473.8694193280891,7.439471792164152,0.46615753900978746,404.3199743157821,446.9924041748047,490.61608740646165,-834721.0,43.58884244472782,-0.17593512305097642,-1150432.2893868138,-108749.92646506173,-1338343.3166205352,463.8633406332668,2952562.411623114,1002.7790585655481,9.381630767790204,3.684165783370342,5.697464984419862,1.3071705441737393,1.1335422053928728,13.785460023008158,190.03890804595608,448.8791198730469,448.8791198730469,-0.05303218436739933,-0.7721955721506142,-0.3314690111710688,190.03890804595608,455.2127428327288,0.1120086669921875,3.3554600538929042,17.541868489583333,-0.011908518373115684,0.027759366797264207,0.004865936831381923,-0.11088778357103846,-0.16052391093888396,,-0.011979992780950919,0.20632572989537024,1.6844170190618608,0.039340742408667806,0.12129549008734797
2026-04-08 00:00:00+05:30,482.8300829905808,483.2780976126944,469.5384356194422,481.0379333496094,227182,0.0,0.0,448.18466949462896,467.00354431152334,491.66028259277334,,457.52164367320694,468.515913491601,489.9784800577446,,452.9749484107608,460.5480052753523,455.18170691483726,448.0248238028439,463.25587462497737,445.7076162628348,465.5828586145706,438.91336834523474,444.3889823679227,463.1948690338164,441.0208479264185,445.441970070013,466.0740287942841,455.3516593250048,466.299721928126,471.828369140625,451.3433074951172,447.7341541182938,57.833114818107234,-0.11814699489508484,5.48981747749746,-5.607964472392545,89.80239801303267,90.94566808949709,-1.1432700764644181,95.05913176630189,96.370044437789,-3.1512601625617864,9.644849388199775,5.215592945012472,42.314239501953125,-2278.496946352042,0.6710325302236129,64.16354478707184,2.5938223742001094,2.161346680536251,-0.22672306704498713,-0.2861460611180212,9.2340831752223,25.015655521468943,11.275993528216759,-42932.919297867214,-48596.45926254779,24.500768025716134,0,1,0,24.500768025716134,1,0,0,0,0,18.73337882918959,20.659292681053785,416.93907921011674,448.18466949462896,479.4302597791412,13.9431767354937,1.0257264074038808,418.7139174690467,457.52164367320694,496.3293698773672,412.1902106238932,447.7341541182938,483.2780976126944,6.579421374556474,0.48495586503548316,404.6855697011406,448.18466949462896,492.00219609908396,-607539.0,41.829302680499204,-0.14715533779794193,-997331.4418731162,-39259.59429384011,-549366.4953531765,477.951488860582,3857085.61466699,1006.7605500703498,3.9346626880926663,-1.4102418370617564,5.344904525154423,0.4480712868475135,2.1029056296155217,15.622795142256114,244.07172805690124,448.8791198730469,448.8791198730469,0.29759486034119786,-0.40585579833243013,-0.48977038556967567,244.07172805690124,462.5555062430246,1.1922653198242188,3.3671304875203596,17.288758680555553,0.03981491504801782,0.11171192545673558,0.052155929450124816,-0.07104393447152169,-0.13203994896196003,,0.039042731015417366,0.20632572989537024,1.6844170190618608,0.039340742408667806,0.12129549008734797
2026-04-09 00:00:00+05:30,480.7890270603066,490.8946508992765,466.94979610958615,488.1069030761719,251548,0.0,0.0,450.0813430786133,467.30322875976555,491.4755938720702,,460.43452552110836,469.2841875929567,489.94141912741645,,456.7770658947173,461.3755879720052,460.9529044116371,450.3348157540808,470.8441988793387,449.58973742435,472.47809281254223,441.61039949850704,450.1999047698611,469.9434696764291,443.2695157505357,446.4480192652596,466.27322459272386,457.1237285976005,471.4284639818778,484.5724182128906,454.87779235839844,451.54243076158485,59.86839923150664,2.2316151873767467,6.271663727815433,-4.040048540438686,91.68872122565341,90.18046856353143,1.5082526621219756,96.06726198553861,95.39517517271412,-3.5420464377237226,15.761515292057718,8.426412807618158,66.45822143554688,-1924.8628685482165,5.921215268466767,68.74127326256855,3.0182373000521685,2.5938223742001094,-0.19640940667448037,-0.27396118888851134,13.072460555383525,28.36871438163007,4.423859591939731,-40708.40218657164,-44666.68286453543,34.39068094889322,0,1,0,34.39068094889322,1,0,0,0,0,19.105627112082498,23.94485478969034,414.0835508081965,450.0813430786133,486.07913534903014,15.99612728854183,1.0281651679068131,420.76184851930805,460.43452552110836,500.10720252290866,412.1902106238932,451.54243076158485,490.8946508992765,5.466157222885796,0.48187515441204504,404.72665820444035,450.0813430786133,495.0052781750358,-355991.0,47.76300852191419,-0.13301166684392696,-804355.7235232224,54138.687823338434,-216859.1107631022,481.9837833616781,4226741.534397751,1006.7605500703498,-0.2548658303053104,-4.479816284367787,4.224950454062476,0.5133964789150646,2.112660671627254,17.9988961352084,323.96026208601995,448.8791198730469,448.8791198730469,0.4800369890733304,-0.35383174856453853,-0.5591433602982806,323.96026208601995,470.1685115269252,1.896673583984375,3.3850252884775625,17.472840711805553,0.014695243839377037,0.05532240728485327,0.08426412807618155,-0.0575739841820927,-0.10595415797082852,,0.01458831503398355,0.20632572989537024,1.6844170190618608,0.039340742408667806,0.12129549008734797
2026-04-10 00:00:00+05:30,492.8361387510557,492.8361387510557,483.7759127497069,488.1069030761719,62063,0.0,0.0,451.950636291504,467.62083496093743,491.239132080078,,463.06999005016206,470.02233329818085,489.9050920768968,,460.39854779924667,462.19141833735443,465.9234674297843,452.52527289526057,476.9854420097417,453.2047713698687,479.2603861609785,445.0193065708574,453.8352349352515,474.5179743780043,445.75602040821997,446.5938772034569,466.2903066957972,458.8261737919625,476.9474630387333,488.1069030761719,454.87779235839844,452.5131746874745,59.86839923150665,4.047165442007042,6.469771185956583,-2.422605743949541,95.81416564139799,92.43509496002802,3.379070681369967,99.99999999999999,97.0421312506135,-5.8641964755204885,10.391807272090285,8.294679200204587,45.948272705078125,-1634.0312148785322,11.590295337549662,72.31912279313998,3.435932557104845,3.0182373000521685,-0.1630012512732426,-0.25770432040422225,15.964018786549564,26.6557784393342,17.59555243798536,-38183.50661371819,-41811.32493443366,39.11992390950519,0,1,0,39.11992390950519,0,0,0,1,0,18.388098461315806,9.060226001348838,412.1329099036709,451.950636291504,491.7683626793371,17.62038735670726,0.9540222416581271,425.44990590541914,463.06999005016206,500.690074194905,412.1902106238932,452.5131746874745,492.8361387510557,4.84150533274367,0.48198913678032385,406.7427413066021,451.950636291504,496.2746400143221,-355991.0,44.57334841150791,-0.1101750366661008,-807083.7240229053,86557.37691016332,-185879.23779694474,488.23965152564483,4226741.534397751,1006.7605500703498,-7.550138094650949,-9.42007083897074,1.8699327443197915,0.14095200459673005,1.8160889666325086,19.90886319391654,396.3628336740848,448.8791198730469,448.8791198730469,0.4482304714926427,-0.7305696845909992,-0.6075983912536934,396.3628336740848,477.29437081473213,1.869293212890625,3.3917776812740468,17.722412109375,0.0,0.0373465962229691,0.08294679200204591,-0.03853694085304904,-0.07960205961958566,,0.0,0.20632572989537024,1.6844170190618608,0.039340742408667806,0.12129549008734797
2026-04-13 00:00:00+05:30,476.010005013515,487.5095023509962,468.7418985331946,481.4859619140625,153945,0.0,0.0,453.64320526123055,467.9941955566406,490.97777954101554,,464.82389213243835,470.4718873615488,489.7383766281278,,463.21143595377606,462.73514880610446,468.9924735503465,454.09291068237104,480.19078277637624,455.81999946117855,484.58499815837644,448.682439267718,454.9402215534548,478.16847839929557,447.9849330289301,447.18340083073787,466.46618557935005,460.1608810694198,481.24509793950506,484.7964324951172,454.87779235839844,452.5131746874745,56.885829187169826,4.895317310144549,5.854338443275272,-0.959021133130723,92.17322387874054,93.22537024859732,-1.0521463698567715,96.33886811744651,97.46871003432835,-14.074085450534179,5.073329344577859,7.56227975148774,23.2479248046875,-1456.6326459950767,15.630790801962746,69.77588091796659,2.9059568477434903,3.435932557104845,-0.12984960687755231,-0.23783563911557634,17.076191628472365,19.142627524654472,0.37502370685291453,-35955.288651965806,-39445.33759173544,41.899383544921854,0,1,0,41.899383544921854,0,0,0,1,0,18.45787746714877,19.36500454297726,411.77296665386314,453.64320526123055,495.51344386859796,18.459546234471393,0.8324886312915922,427.0981008504372,464.82389213243835,502.54968341443947,412.1902106238932,452.5131746874745,492.8361387510557,4.016481443637384,0.48461103547243883,407.61730122439275,453.64320526123055,497.82125231149365,-509936.0,45.3455477451351,-0.0747035733836419,-751957.2990062707,109490.94159550616,-304933.74485465663,479.2457875994178,4017922.363683858,1006.7605500703498,-11.945014436832825,-11.051957744922092,-0.8930566919107319,0.36952029451207935,1.329954525166369,20.93511930368371,438.27922025947026,450.4721221923828,450.4721221923828,0.2801024018308212,-1.12184793299122,-0.6361073784276281,438.27922025947026,482.3478973388672,1.6925689697265596,3.3887048560088457,17.85693359375,-0.01356453088530929,0.02838918871988283,0.07562279751487733,-0.05380552943285355,-0.11192723551585881,,-0.013657369633012034,0.20632572989537024,1.6844170190618608,0.039340742408667806,0.12129549008734797
2026-04-15 00:00:00+05:30,484.8711029408647,495.8230169703298,481.78464836481743,494.4789123535156,200831,0.0,0.0,456.29157714843757,468.41335510253896,490.86328247070304,,467.6481797725409,471.4133393220181,489.8322486226899,,467.1005509149461,463.77376515107994,473.97506130121735,456.5812077295335,486.0596126059394,459.72675203168126,489.6499007161458,452.86334998648834,458.7691217359254,485.6055433052778,451.27043360638015,448.4915479564225,466.6276493546827,461.99928954044276,484.96846449814933,487.98243713378906,458.0637969970703,454.0066137971115,60.99270505676104,6.540511346617222,5.9996259837983565,0.5408853628188661,92.8181893700913,93.6018596300766,-0.7836702599852998,96.33886811744651,97.559245411631,-1.6071499636714282,9.854015538807289,11.996842843326618,44.355255126953125,-1289.1431399816909,20.62767371134271,70.74173584152025,2.8563097337960235,2.9059568477434903,-0.09448672527841984,-0.2139815076804694,18.476814482878215,23.725851068677457,9.68748246316511,-34120.50499696183,-37184.41628581691,44.81989542643227,0,1,0,44.81989542643227,0,0,0,1,0,18.16353300922866,14.337055056267275,411.0846754932615,456.29157714843757,501.49847880361364,19.81491831941911,0.9223617833440451,430.7844533638223,467.6481797725409,504.5119061812595,412.1902106238932,454.0066137971115,495.8230169703298,3.367921038221548,0.48656651546309876,409.5451143804561,456.29157714843757,500.4833446684282,-309105.0,48.93099485487455,-0.04725852431343373,-589583.456228002,160583.53697845852,111397.82293969576,490.69552589622094,4559866.976011215,1006.7605500703498,-14.541126948703809,-10.918456205434461,-3.6226707432693477,0.5117290945194578,1.6894471333761807,22.60345082758803,510.91598931519,454.52931213378906,454.52931213378906,0.1839761730819133,-1.2166254410212445,-0.5885425949733005,510.91598931519,488.71849844796316,2.6483718872070314,3.3926449654176056,17.97729383680555,0.026985107494727156,0.06886902798208316,0.11996842843326627,-0.02789196872471955,-0.08002220471695232,,0.026627429862436915,0.20632572989537024,1.6844170190618608,0.039340742408667806,0.12129549008734797
2026-04-16 00:00:00+05:30,499.4072755555686,502.7426372000938,483.5767880424669,487.0116882324219,132749,0.0,0.0,459.2734848022461,468.80762390136715,490.6950213623046,,469.4923234353867,472.0250392792888,489.7763959416945,,470.0262757800875,464.50311154833025,476.8851557515259,458.3622716297696,488.7832290730264,462.5079677868391,493.3322050812956,457.1906549958663,463.2236994917025,488.0720773134061,454.1166889578303,451.40436016499984,466.74687785736285,463.4461778253745,486.85057330065797,490.74530029296875,463.58953857421875,462.2703261248622,57.597018249504565,7.159269293206705,5.294707144310271,1.8645621488964341,88.29485106933585,91.09542143938923,-2.8005703700533786,90.53065203656402,94.40279609048568,-19.43421137778687,12.551768604766059,13.95457326443198,54.3115234375,-1215.1887375073768,23.839599376481203,64.68660790146949,3.0415939512286525,2.8563097337960235,-0.06039230998059475,-0.18704561628462382,20.044505074413543,28.514825251188654,9.34897609356176,-32640.70839494845,-35162.63371775365,44.15613810221353,0,1,0,44.15613810221353,0,0,0,1,0,18.235127019828536,19.165849157626894,414.23072055075755,459.2734848022461,504.3162490537347,19.61478976774941,0.8079096486541573,432.48879017842665,469.4923234353867,506.49585669234676,412.1902106238932,457.4664239119935,502.7426372000938,2.018747188795193,0.47219288021048583,412.16320045444814,459.2734848022461,503.8481522360849,-441854.0,53.773778565631446,0.017967980105933097,-674749.9503274084,139788.11996908614,-46125.656744699925,491.1103711583275,4359400.078417331,1005.2504302382315,-18.373778981874562,-11.800886590884172,-6.572892390990391,0.46396607831946196,1.2316385946166295,22.521382125744275,507.21265285379366,460.3786315917969,460.3786315917969,0.014154866170522798,-1.2829441327528395,-0.4624341704259489,507.21265285379366,491.5318577357701,2.9819076538085936,3.399197002253304,17.582582465277778,-0.01510119832118395,0.012418469456692227,0.1395457326443199,-0.03444538145714404,-0.09859028196394182,,-0.015216382500472603,0.20632572989537024,1.6844170190618608,0.039340742408667806,0.12129549008734797
2026-04-17 00:00:00+05:30,490.3470598153931,491.84050263716586,483.2780910488342,485.2693481445313,75422,0.0,0.0,461.86709747314455,468.90718688964836,490.4232147216796,,470.99489721721,472.54442394067087,489.6871474704635,,472.50207228887655,465.14866936178765,479.04312178203315,459.91646773638223,490.40101920267625,464.8938181778078,495.3752328808276,461.4929252095501,464.7087496042905,489.2085117284984,456.6931975269626,452.87765058845764,466.4081929977924,464.74292581970354,487.55271603513734,486.14051818847656,463.58953857421875,466.82532620612596,56.802370570713556,7.423473953258963,4.447129443490023,2.97634450976894,84.87810355950285,88.66371466631,-3.7856111068071527,87.0243478369302,91.29795599698024,-24.324327980033157,4.918740840983304,11.96875891627651,22.7501220703125,-1214.786677921267,25.457201511346682,63.91421654646215,2.724857108899453,3.0415939512286525,-0.028639501603178186,-0.1580775054612318,20.747631737862115,16.03532837459977,7.472916786268115,-31472.9217884134,-33491.77287069996,44.97752888997396,0,1,0,44.97752888997396,0,0,0,1,0,17.544218774721617,8.562411588331656,417.1252620684683,461.86709747314455,506.6089328778208,19.374333287414036,0.7615253761912151,435.8845744440877,470.99489721721,506.1052199903323,412.1902106238932,457.4664239119935,502.7426372000938,1.7900697278474857,0.47263018823161734,416.43256774363095,461.86709747314455,505.10574164879625,-517276.0,47.96512622722536,0.0016459219795262043,-715091.9752240555,105736.79418276565,-58309.24493958314,486.79598061017714,4332416.9941743575,1004.8926687860959,-23.21821385290093,-13.31625716952843,-9.9019566833725,0.2780016992228175,1.0461015047648599,22.370917702338126,500.4579588447853,462.5690155029297,462.5690155029297,-0.19157061350760682,-1.2204328398240256,-0.303033798644802,500.4579588447853,493.77202192034036,2.59361267089844,3.3928620543165464,17.267521701388887,-0.003577614521356298,-0.005813388242939421,0.11968758916276512,-0.037899763681605636,-0.12464080190850058,,-0.003584029488945714,0.20632572989537024,1.6844170190618608,0.039340742408667806,0.12129549008734797
2026-04-20 00:00:00+05:30,489.7496799241674,491.8405059656331,478.8973347560112,480.3907775878906,66634,0.0,0.0,464.393505859375,468.74290832519523,490.0986404418944,,471.8897429667987,472.8521240836991,489.5030609381353,,474.26623229980476,465.59900625191483,479.9810922988856,461.01501531895866,490.2963028498489,466.5570093614628,495.6221436828348,465.4900322054152,465.07567042143086,489.5302963025328,458.9070710614444,454.9098555597817,466.2113152952717,465.7219630190753,486.7664963414691,482.83006286621094,463.58953857421875,466.82532620612596,54.533637358623466,7.156700192903941,3.3442845465080007,3.81241564639594,75.04191365348021,82.73828942743964,-7.696375773959431,75.97631455198135,84.51043814182519,-31.115719681739364,2.094794162322307,11.754492380874883,9.856719970703125,-1284.581243536924,24.5645023816935,56.48599190235249,2.249718590903635,2.724857108899453,-0.0007565614180360392,-0.12800643784462626,18.849547805113115,15.380245513734906,2.4370743041130254,-31228.22031814531,-32262.66428030514,45.525121053059905,0,1,0,45.525121053059905,0,0,0,1,0,17.21557252007164,12.94317120962188,421.5968362171948,464.393505859375,507.19017550155525,18.43120935250101,0.6868985584891022,437.6578945130934,471.8897429667987,506.12159142050393,412.1902106238932,457.4664239119935,502.7426372000938,1.9452908701274163,0.4734224314003725,418.50342918752136,464.393505859375,508.42113887198485,-583910.0,42.91880105138197,0.02983854328924054,-766348.8983009787,65885.24954727106,-96419.16287267058,483.70953943651165,4265427.667171908,1003.8873362681253,-27.70944989571558,-14.245994569874462,-13.463455325841117,0.25697241192869685,0.747594233956409,21.39833482109011,457.88873311547746,465.40655517578125,465.40655517578125,-0.3807813008965973,-0.9831041525211421,-0.09359777669278507,457.88873311547746,494.011685180664,2.526408386230466,3.382714643299183,17.357791883680555,-0.010053325179705475,-0.015808269540242725,0.11754492380874892,-0.02829518744094839,-0.13016042701555486,,-0.010104201122093292,0.20632572989537024,1.6844170190618608,0.039340742408667806,0.12129549008734797
2026-04-21 00:00:00+05:30,483.8754594704015,487.7584046115396,477.9514576380316,485.1199951171875,61037,0.0,0.0,466.10847625732424,468.4900183105468,489.8716372680662,,473.14976698112145,473.33321706540454,489.4162675555423,,476.24018365769166,466.24124494964,481.61053334215876,462.4225352346454,491.2775773430331,468.63729264342555,494.99454264322907,469.2917301428346,465.9695176459899,491.2532381120758,461.6451669266819,455.4602455227423,465.40644028532296,466.89886370060646,485.58199534352264,482.75538635253906,463.58953857421875,466.82532620612596,56.353536869413155,7.243391093049411,2.7447803573227763,4.4986107357266345,73.34257068023084,77.75419596440463,-4.411625284173795,73.84937854224958,78.95001364372037,-24.532240297535,3.615099436565131,7.608216868531769,16.925689697265625,-1265.923960893609,25.701422031071957,53.336173961819114,1.5481882332571322,2.249718590903635,0.02466471739723808,-0.09728819030591701,17.437832100353543,10.061039207457213,0.25409223394922265,-31050.257368183185,-31515.541662708176,41.061381022135414,0,1,0,41.061381022135414,0,0,0,1,0,16.686384981031377,9.80694697350799,422.85542234685875,466.10847625732424,509.36153016778974,18.559222204140656,0.71977082704053,440.3101046709104,473.14976698112145,505.9894292913325,412.1902106238932,457.4664239119935,502.7426372000938,1.9534728082355408,0.4471806992772235,422.21285375094544,466.10847625732424,508.50896765249445,-522873.0,46.63546569009127,-0.0023622278950221126,-738154.0459625896,52563.86616339511,-41408.24670004717,483.6099524555862,4325515.675477372,1004.8717884578703,-31.80636296257546,-14.674326109387472,-17.132036853187987,0.32290847761061375,0.8790833081621195,21.62652695523275,467.7066681454088,469.3641815185547,469.3641815185547,-0.5678347376838769,-0.8689036357866724,0.05826325183469313,467.7066681454088,496.5035984584264,1.7149703979492188,3.3754317530976206,17.91180338541666,0.009844521897449665,0.007547537188163478,0.0760821686853177,0.019564732312507882,-0.10817236512326212,,0.009796380287991555,0.20632572989537024,1.6844170190618608,0.039340742408667806,0.12129549008734797
2026-04-22 00:00:00+05:30,485.86672110508016,498.21250876124384,479.9925188734719,496.51995849609375,206759,0.0,0.0,468.74938201904297,468.8773181152344,489.71631927490216,,475.3754995063569,474.2425010430786,489.5569347028799,,479.1365152994792,467.34045829024967,485.04423659393706,464.6333148705067,494.8835356330288,471.85481291524,495.1616288129797,473.20619601722524,469.40917591380605,493.22930911498077,465.7244302564567,457.2550122872767,465.5609441534275,468.5531759922535,486.0278644859233,490.8199768066406,479.51959228515625,471.57946395910335,60.46192586255551,8.13816433457987,2.9116428790825877,5.226521455497282,78.12267130473577,75.5023852128156,2.6202860919201783,79.06343180830724,76.29637496751272,-9.984026106518328,7.328096740352474,11.90396570050308,33.901153564453125,-1236.3053001188268,25.97272966948151,59.76515712006694,1.2214304441489787,1.5481882332571322,0.05035800802057899,-0.06650140418752078,17.90485814891484,17.826201486874083,-0.39378840089784717,-28713.600802688583,-30790.579660626496,35.41948445638021,0,1,0,35.41948445638021,0,0,0,1,0,16.7959281886557,18.21998988777193,424.81224970796313,468.74938201904297,512.6865143301228,18.746534500730238,0.8160262745464585,442.1929498184951,475.3754995063569,508.5580491942187,412.1902106238932,457.4664239119935,502.7426372000938,1.263945267021999,0.44603035154235765,423.64416116093173,468.74938201904297,511.47105242821806,-316114.0,65.9627352794501,0.03597546250597869,-569808.8982674178,95900.04121269193,301227.9354369992,491.57499537693656,4811384.131113775,1004.8717884578703,-30.09614458536468,-10.37128618574135,-19.72485839962333,1.4376534067599798,1.264105098185835,21.968566155539904,482.6178989303333,475.46241760253906,475.46241760253906,-0.7272807396327065,-0.5315607130747201,0.2637231363795459,482.6178989303333,499.91078186035156,2.6409057617187472,3.3742733649032393,19.196828342013887,0.02349926511718503,0.004127670749119794,0.11903965700503072,0.039066557365406984,-0.07673793523215122,,0.023227408109359787,0.20632572989537024,1.6844170190618608,0.039340742408667806,0.12129549008734797
2026-04-23 00:00:00+05:30,487.9077578834005,504.1862907230267,485.9663004449469,490.7951049804688,496534,0.0,0.0,471.3529525756836,469.12124694824223,489.4942941284178,,476.8440333610342,474.8916227661136,489.5814529261985,,481.23610796247215,468.1999793437883,486.92061183260046,466.28293339302905,496.1918341201471,474.1824970668882,495.14520427092833,476.9938336740571,469.945307204752,493.2534993787698,468.95849633402213,460.2506869792868,466.0260803727804,469.8728876949627,487.4906504029793,493.65753173828125,479.5693817138672,475.18860910029593,57.53314921513695,8.289771416189694,2.45059996855393,5.839171447635764,80.79787879997788,77.42104026164816,3.3768385383297215,77.37954755345028,76.7641193013357,-23.090097196013016,2.0283580471330733,11.868839514032262,9.757171630859432,-1261.4083936281,26.49806980043536,53.78525766326159,1.3215558426225362,1.2214304441489787,0.07393077035484641,-0.03646360673981781,16.628496355158685,22.313012347785616,4.093022069705853,-25469.56450700035,-29370.9168611482,30.466237386067718,0,1,0,30.466237386067718,0,0,0,1,0,16.89764690932885,18.219990278079763,428.75658396956464,471.3529525756836,513.9493211818026,18.074085830311805,0.728213730899966,443.3512521619059,476.8440333610342,510.33681456016245,412.1902106238932,458.18825067345995,504.1862907230267,1.300966835471373,0.44618954578617076,425.6032271538939,471.3529525756836,514.5750853289054,-812648.0,68.84911901865932,0.02541265556477626,-803152.2384869425,30664.68264367443,-147888.11470076,493.6492320494808,4238882.5897583775,1004.8717884578703,-18.9763831606073,0.5987801912128248,-19.575163351820123,2.9079215377605676,0.9128549235998635,21.298184303059497,453.6126546070899,480.71435546875,480.71435546875,-0.9790474618783075,0.13093657272808365,0.40131328682865447,453.6126546070899,501.0024187360491,2.6035705566406278,3.364920308798866,20.113360595703124,-0.011529956485465176,0.007768636440284693,0.11868839514032259,0.025270461230926022,-0.09275780096194086,,-0.01159694182355436,0.20632572989537024,1.6844170190618608,0.039340742408667806,0.12129549008734797
2026-04-24 00:00:00+05:30,495.7234513317351,495.7732509899758,479.3951491107175,489.600341796875,304897,0.0,0.0,474.7505355834961,469.17102844238286,489.17917755126933,,478.0589198787333,475.46843527712383,489.5818269632416,,482.97395455496655,469.0030811025582,488.27500724997344,467.7515339782681,496.7894783241253,476.1981268342742,494.8390994355172,480.5365895374169,470.072240905404,493.0478118681801,472.11063662407884,464.04045418608194,466.1879334187947,471.0682448958466,489.27601707302205,490.1977233886719,479.5693817138672,476.3584665647827,56.91353415142041,8.218772819714843,1.903681097663263,6.31509172205158,80.23946195748127,79.72000402073164,0.5194579367496317,70.30246397707472,75.5818144462774,-26.207490825024816,0.3059654988059174,16.11570558974635,1.493438720703125,-1512.9714398427473,26.284158151995825,51.07681773776919,1.142709363031715,1.3215558426225362,0.09484693917558573,-0.007813807801059102,14.32454993911866,12.796106411644189,-3.5819954676140924,-24008.22087714379,-27237.468144117473,30.1675516764323,0,1,0,30.1675516764323,1,0,0,0,0,16.860536550038095,16.37810187925828,438.4760797434367,474.7505355834961,511.02499142355555,15.281480744608748,0.7046868225791496,444.6362889120443,478.0589198787333,511.48155084542236,421.7980150496306,462.99215288632865,504.1862907230267,1.3532339879250939,0.41448696863624324,429.60007383608684,474.7505355834961,516.8918089796489,-1117545.0,61.45755581821148,0.04860227681938912,-728086.6936975626,25074.283603544813,-178801.19979896586,488.25624729918945,4164660.2296142806,1004.6283542484681,-16.16584965890403,2.727450954332877,-18.893300613236907,1.731512416298525,0.8187472903165982,18.13722792002972,328.95903662310553,481.26194763183594,481.26194763183594,-0.9543123842184537,0.031576135279735705,0.5357245550780305,328.95903662310553,499.42079249790737,3.3975830078125,3.35503455435359,20.608630642361103,-0.002434342094021824,0.008924927298424201,0.16115705589746354,0.03482745978206947,-0.10215450808066451,,-0.0024373099221882254,0.20632572989537024,1.6844170190618608,0.039340742408667806,0.12129549008734797
2026-04-27 00:00:00+05:30,485.8667347098829,499.9548726825256,484.92087542921735,495.1260681152344,156179,0.0,0.0,477.3989074707032,469.2914996337891,488.91882080078113,,479.68436256792387,476.2393228394027,489.6916139167464,,484.91448146275116,470.0209257956112,490.3981278606945,469.56570179837786,498.5519769520262,478.68342302539764,494.86288498651413,483.98778292510656,470.51132416564644,494.54479876801116,474.7506724063607,466.76946308605517,465.9400212865053,472.4762377176656,490.97988182912843,492.3632049560547,479.5693817138672,481.5855287413767,59.10706777784296,8.510284590668164,1.7561542948932667,6.754130295774897,76.886115833986,79.30781886381504,-2.4217030298290467,65.3162917045666,70.9994344116972,-20.04406447700414,1.4380384696110555,11.979283927961838,7.0191650390625,-1752.377749580036,27.013453940520662,55.65016275686539,1.1041749125733855,1.142709363031715,0.11446912193060488,0.019332717622069475,12.612534551363922,15.242167598922151,0.20817034561389391,-24684.267743760418,-25392.239885789542,26.657958984375,0,1,0,26.657958984375,1,0,0,0,0,16.730069457414537,15.033997253308257,443.4860958461,477.3989074707032,511.3117190953064,14.20732686812206,0.7613637707300921,446.5812207879084,479.68436256792387,512.7875043479394,430.90801521215815,467.5471529675924,504.1862907230267,1.3487809175774386,0.3871247973761851,433.82012169734566,477.3989074707032,518.3116517808528,-961366.0,78.22062164420404,0.011363160561906456,-672234.6866866059,38278.91499029216,-29972.112588392352,493.33393874232576,4340926.93880565,1005.7569740321226,-18.282957236969494,0.4882747010139319,-18.771231937983426,0.8419412103696683,1.0454550829203686,16.956405812301593,287.5196980714552,483.302978515625,483.302978515625,-1.1762305891946039,1.0056588634203816,0.6100836775026531,287.5196980714552,499.9456294468471,2.6483718872070314,3.3488731467484163,21.29152119954427,0.01128619783654461,0.030673549982228376,0.11979283927961837,0.04849255725164947,-0.08835929192679759,,0.011222983891139656,0.20632572989537024,1.6844170190618608,0.039340742408667806,0.12129549008734797
2026-04-28 00:00:00+05:30,495.82299559792034,501.0998145219006,489.69988636767175,496.7190551757813,228539,0.0,0.0,479.3229583740234,469.5463800048829,488.5962371826171,,481.3067142448627,477.04244959769204,489.8307711694005,,486.7544955299015,471.09651620902264,492.4679629317427,471.4021707770246,500.25012089476087,481.15515330489677,495.24491287297496,487.3269671727521,471.8350308729174,494.9652177423003,477.6912839625757,468.4395732399752,465.93773348944535,473.8937657571796,492.4108730311236,495.9225616455078,488.55491638183594,485.5680434163064,59.74334830787945,8.768769594499588,1.6117114389797527,7.157058155519835,77.89830138217317,78.34129305788014,-0.4429916757069634,71.60064948668052,69.07313505610728,-20.053540551451544,3.163766852342347,8.397604509034117,15.233093261718807,-1913.2578952925,28.583911932159936,58.26577975321036,1.3389846968831407,1.1041749125733855,0.13279882793832964,0.044586667979486086,11.560415541776534,14.671916567986045,3.2719884137571853,-25162.157275629288,-24669.44983740634,20.144882202148445,0,1,0,20.144882202148445,1,0,0,0,0,16.34934507861556,11.39992815422886,445.62159504027386,479.3229583740234,513.024321707773,14.062069318804395,0.7580918853264449,449.1848377478527,481.3067142448627,513.4285907418727,430.90801521215815,467.5471529675924,504.1862907230267,1.2716466710067842,0.3704823311880861,437.1033321011023,479.3229583740234,519.2426866030021,-732827.0,74.95427291015267,-0.014644248043016011,-619341.4182487596,57030.58460688603,26318.14204285444,495.8395853551179,4414455.620342491,1005.7569740321226,-17.610205353378266,0.9288212676841319,-18.539026621062398,1.1843970271266144,1.0323675413057802,16.85068166687477,283.94547263834954,485.1946716308594,485.1946716308594,-1.40673655420952,1.8109242137975603,0.641836849449437,283.94547263834954,501.61756984165737,1.9240509033203153,3.3462601432849715,21.716875,0.003217336276821081,0.023909672195209897,0.08397604509034107,0.07324937236319684,-0.09627752617140573,,0.0032121717248972874,0.20632572989537024,1.6844170190618608,0.039340742408667806,0.12129549008734797
2026-04-29 00:00:00+05:30,500.85093239753456,506.2273509014264,489.30166546783033,493.2841796875,279590,0.0,0.0,481.4809844970704,469.99142639160164,488.28361022949207,,482.4474252393996,477.6793801894492,489.89915549649163,,488.08413565499444,472.02741031422335,493.57776971306254,472.872241695006,500.5908088200255,483.0432224763927,495.54498298545934,490.4152378875791,471.9709397811484,495.40249901851723,480.4423969651156,470.97600144378737,466.28493913865094,475.0735274140851,493.39872812524857,495.0016174316406,488.55491638183594,486.58857350550625,57.66001588314983,8.597350175706879,1.1522336161496352,7.445116559557244,75.64976557964133,76.81139426526683,-1.1616286856255016,69.41386444168654,68.77693521097788,-32.95309823262036,-0.24161448267413274,9.588592327466438,-1.194732666015625,-2159.409223742926,29.17865806658773,56.59609879152357,1.6897070839207822,1.3389846968831407,0.14859522756234256,0.0678075054842569,9.906131439354233,18.81998412842819,1.8942986948321163,-23743.582921626334,-24574.10897292492,17.240966796875018,0,1,0,17.240966796875018,1,0,0,0,0,16.390512246828454,16.925685433596072,450.21257448165613,481.4809844970704,512.7493945124846,12.988429874577738,0.6887399324847514,450.16083499284844,482.4474252393996,514.7340154859507,430.90801521215815,468.56768305679225,506.2273509014264,1.2850064878979903,0.3638876611066355,438.7390954366312,481.4809844970704,522.1105434371198,-1012417.0,75.53010209287281,-0.004416728708272822,-767359.6535428772,12420.412346738158,-114635.42650163485,496.27106535225226,4221115.576758153,1005.7569740321226,-15.286556622949774,2.601975998490097,-17.88853262143987,1.392144756365954,0.7549597299390061,15.634205007707115,244.42836622301422,486.14051818847656,486.14051818847656,-1.801885687963274,3.9192200295703437,0.6535680899839907,244.42836622301422,501.2904379708426,2.158026123046875,3.3391269837589967,21.59352844238282,-0.006915127278670163,-0.006516915892756048,0.09588592327466428,0.041736791693192554,-0.08147941724968477,,-0.006939147570944791,0.20632572989537024,1.6844170190618608,0.039340742408667806,0.12129549008734797
2026-04-30 00:00:00+05:30,478.9969022422022,505.9286424087853,478.9969022422022,497.56536865234375,564840,0.0,0.0,484.7242446899414,470.568890991211,487.97596069335924,,483.88722937396574,478.4592228742686,490.0509616975976,,489.6159817650205,473.10874138327205,495.2602209718873,474.5898602336497,501.824889466802,485.2629793537544,496.27663080653065,493.32725782582224,473.0709075700732,496.77953617486384,484.091011031741,482.44449871864873,467.1392028443588,476.40870710091923,494.52214265230276,495.4247741699219,488.9780731201172,487.4846247173105,59.55319338491029,8.706591059310313,1.0091795998024544,7.697411459507858,74.6285925339695,76.05888649859466,-1.4302939646251644,68.92452659445046,69.9796801742725,-23.10758361401961,2.1670281586517546,14.990797123491904,10.553680419921875,-2845.8114675933775,27.387990725961913,56.97644878635,1.5556531919698797,1.6897070839207822,0.16296582395076697,0.08909698610136191,8.093284461690448,17.070132510166275,-9.861607656416822,-22958.24390028068,-24242.33200642539,15.589884440104186,1,0,0,15.589884440104186,1,1,0,0,0,17.1434570982395,26.931740166583097,462.65782215058937,484.7242446899414,506.7906672292934,9.104732342599043,0.7909652423156097,449.5456972144037,483.88722937396574,518.2287615335279,440.416290718113,473.3218208097697,506.2273509014264,1.2850064878979903,0.3245850803450457,440.50832694124034,484.7242446899414,525.534998408468,-447577.0,59.171875550206636,0.2212297041057507,-553325.91554966,61143.31193390698,247196.31655607634,494.1636377677771,4711337.415300448,1005.7569740321226,-5.075988130196447,10.250035592994742,-15.326023723191188,2.3145091993996143,1.163860969262438,11.033211269676013,121.73175092130577,487.5592956542969,487.5592956542969,-0.9010864833370963,-0.15926460780186885,0.7654256782149158,121.73175092130577,499.3994559151786,3.2432601928710936,3.3382561255067884,20.899907836914068,0.00867895047344902,0.013794480839706802,0.14990797123491895,0.06477045542545867,-0.0681521086086393,,0.008641504885746408,0.20632572989537024,1.6844170190618608,0.039340742408667806,0.12129549008734797
2026-05-01 00:00:00+05:30,497.56536865234375,497.56536865234375,497.56536865234375,497.56536865234375,0,0.0,0.0,486.4765518188477,471.0677008056641,487.66632080078114,,485.1899093052398,479.2084834930167,490.1997618353153,,490.83894595191595,474.16742678174785,496.658374022131,476.2107384131799,502.684216434693,487.3027403222673,497.18166714490746,496.0074113555428,474.4544245943466,498.49005270266696,486.7922304788725,483.3218518063331,466.7498541315107,477.67880525100924,495.47760249061105,497.56536865234375,488.9780731201172,487.4846247173105,59.55319338491028,8.69295823524675,0.7964374205911122,7.896520814655637,73.61057817978013,74.62964543113031,-1.0190672513501795,67.94319341626851,68.76052815080183,-23.10758361401961,2.5338547663946476,7.577229356623808,12.296020507812443,-3320.230478458456,28.141152452204608,53.639663172596805,1.7079984260195804,1.5556531919698797,0.17565704212900712,0.10869849760658894,6.945225375072202,7.463021788906872,7.463021788906872,-23990.378005924224,-23759.36482089459,12.337493896484384,1,0,0,12.337493896484384,1,1,0,0,0,15.918924448365251,2.220446049250313e-16,466.3541721598572,486.4765518188477,506.5989314778382,8.272702798832364,0.775534430356045,454.1189992561122,485.1899093052398,516.2608193543674,446.1909274775652,476.2091391894958,506.2273509014264,1.2850064878979903,0.23632805328565892,445.6921791729893,486.4765518188477,524.7450794005931,-447577.0,58.312645688103146,0.19354364772615976,-553325.91554966,75516.92431648448,211882.55704806544,,4711337.415300448,1005.7569740321226,-13.25405684513337,1.6575735024462546,-14.911630347579624,0.0,1.1021377214241805,10.061189829495243,101.22754078513853,488.1069030761719,488.1069030761719,-1.0247925972957055,0.45725011462954307,0.7712743821765518,101.22754078513853,499.56373421805245,1.752307128906247,3.3384839255797463,20.27786044650608,0.0,0.01626842584757271,0.07577229356623816,0.035966034704643546,-0.07290598960308703,,0.0,0.20632572989537024,1.6844170190618608,0.039340742408667806,0.12129549008734797
2026-05-04 00:00:00+05:30,502.7923891382479,536.5442193699141,502.7923891382479,531.0184326171875,1141444,0.0,0.0,489.5007705688477,472.1867864990235,487.64939453124987,,489.5545305730443,481.2402462037685,491.00805234584743,,495.08102983747216,476.5184358723958,503.87970360681663,480.3121454962163,511.9162971239318,492.957648786162,501.69398485720404,499.38192910942166,488.13889486001335,505.9592734088118,491.3807245042109,492.7417874267803,470.20202483608466,480.17355761853213,500.45141712618073,514.2919006347656,505.70460510253906,507.24783850397284,71.21656542589338,11.251832683842679,2.6842494953496328,8.567583188493046,81.45133254977844,76.5635010878427,4.887831461935747,85.14221412825229,74.00331137965708,-9.430835122625448,10.53884824423679,12.854409584355377,50.627655029296875,-3286.282408766294,31.65820801327709,63.377097741116266,2.009449405520569,1.7079984260195804,0.19486132045811733,0.12760923128001997,8.9589123490113,40.596717398798546,6.844887167132356,-26407.894876003007,-24008.120268339855,15.175028483072925,0,1,0,15.175028483072925,1,0,0,0,0,17.56606203902276,38.97885071757037,462.47165831968766,489.5007705688477,516.5298828180078,11.043542267665721,1.2680174928725227,454.0182118204869,489.5545305730443,525.0908493256018,448.5306424065387,492.53743088822637,536.5442193699141,1.232808015808217,0.3192700434621185,447.9412592942843,489.5007705688477,528.5124941171737,693867.0,73.18868175343015,0.2666868941199224,214367.91499957896,318798.0823462527,5636584.926653642,523.4516803751166,12385665.563923547,1005.7569740321226,10.167204028347735,20.063067500741887,-9.895863472394153,3.318325760744969,3.072069971490093,13.514556124580015,182.6432272444232,488.85362243652344,488.85362243652344,1.007784772332347,4.542151613440285,0.757780325677839,182.6432272444232,506.241548374721,3.02421875,3.351388949653112,20.16612711588542,0.06723350553003993,0.0724913649539447,0.12854409584355375,0.08680580907684976,0.006035840854911267,,0.06506979142293055,0.20632572989537024,1.6844170190618608,0.039340742408667806,0.12129549008734797
2026-05-05 00:00:00+05:30,531.6656510954717,551.5782222975494,525.8910176005382,542.1197509765625,860948,0.0,0.0,493.1970428466797,473.13263366699226,487.75791870117183,,494.560742040046,483.6276777634859,492.02016519001995,,500.0923613048736,479.2609050675934,512.0510423026511,485.02977995478193,522.185932501366,499.4182035479369,509.51131517022196,503.5667093918021,501.97067986869416,513.7459657943565,496.97818019920504,502.7357420633488,471.7882792603835,482.8968773293978,509.6194620006769,536.569091796875,511.25526428222656,514.7648399677905,73.90567948230103,14.013998087520747,4.3571319192221605,9.656866168298587,84.87168968029829,79.97786680328562,4.893822877012667,92.57110706412612,81.88550486954898,-12.84651222246007,11.749619977136978,15.789479859294133,56.999755859375,-2818.8592548358333,37.51031388083794,63.12266692259971,2.376514987546291,2.009449405520569,0.22059146905331062,0.1465240602836568,11.275807263606131,49.034684754227044,23.347480057215932,-29479.757376332873,-25539.091173411332,22.30207316080729,0,1,0,22.30207316080729,0,0,0,1,0,18.1461436574505,25.68720469701111,459.13281748645886,493.1970428466797,527.2612682069006,13.813637309585578,1.2180951219723493,457.5160337025872,494.560742040046,531.6054503775049,458.9847667597268,505.28149452863806,551.5782222975494,1.232808015808217,0.32050950116118443,451.67651321534476,493.1970428466797,532.5713246070707,1554815.0,77.403439592173,0.2231886221385458,441284.1421450947,461541.166327799,6196738.199827006,539.8629969582167,14185538.647756275,1007.8475452208967,18.211747305861703,22.486088622604683,-4.274341316742982,2.030667047194043,2.8723804878893944,17.032112680110444,290.092862347979,490.1977233886719,490.1977233886719,1.6069475640107689,3.953765547361052,0.7616707019949993,290.092862347979,513.8829982212612,3.696272277832031,3.364884710936047,20.761070285373265,0.020905711887741596,0.09140115590031983,0.1578947985929413,0.08910891696131396,0.04091009449895955,,0.0206901861304003,0.20632572989537024,1.6844170190618608,0.039340742408667806,0.12129549008734797
2026-05-06 00:00:00+05:30,545.6044101965584,545.8035480473785,526.7372382377356,530.6699829101562,182794,0.0,0.0,496.5996017456054,473.85645507812507,487.8315954589843,,497.9997173610089,485.4724740437475,492.7855081151711,,503.6612127394904,481.51727170458025,516.9357286032846,488.59204316347933,527.4134153837286,504.06633013520377,517.5713180106026,507.9913759178551,505.07653213365745,519.1553843701172,502.1413810159182,508.3134240773404,471.67309019789514,485.236656853731,519.516166384609,536.3948669433594,511.25526428222656,514.7648399677905,66.95747644489167,15.105012297782821,4.358516903587386,10.746495394195435,83.10834850067464,83.1437902435838,-0.035441742909156915,88.0442770857615,88.5858660927133,-28.39760715289057,6.877875466980078,14.709989575233822,34.1500244140625,-2366.813429813245,42.18800165471896,59.4894965498176,2.596876390089928,2.376514987546291,0.2469966962961312,0.16575360761046623,12.63064734147968,39.24194688022277,20.175637070579853,-32497.913838648954,-28043.932724874154,29.24658203124999,0,1,0,29.24658203124999,0,0,0,1,0,18.211869811178534,19.066309809642917,461.8087715973867,496.5996017456054,531.3904318938241,14.01162225097439,0.9896459932028271,460.8513984252808,497.9997173610089,535.1480362967369,466.94979610958615,509.26400920356775,551.5782222975494,1.2944291500641028,0.3295900637617829,454.27853874325666,496.5996017456054,537.1895067252168,1372021.0,73.5790333981607,0.2625306197007237,333898.769910797,443809.70348862786,5012497.185004482,534.4035897317568,13799471.012301106,1005.7355085268304,11.636535486784187,12.728701442821734,-1.0921659560375483,0.4335962749346797,1.9585839728113097,17.39541507410935,302.6004656005508,492.0396423339844,492.0396423339844,1.7498299700547852,2.204628724507092,0.7744693385230217,302.6004656005508,517.7844347272601,3.4025588989257813,3.369968739032499,20.459503173828125,-0.02112036694066377,0.07578958491298149,0.14709989575233817,0.11215436956130476,0.02836195940603492,,-0.021346592877326175,0.20632572989537024,1.6844170190618608,0.039340742408667806,0.12129549008734797
2026-05-07 00:00:00+05:30,532.2629890558468,539.1826195089432,526.68749358235,529.0770263671875,214250,0.0,0.0,499.0015563964844,474.6748626708985,487.8579797363281,,500.95946107588304,487.182456487804,493.50415204095367,,506.7543007986887,483.6827843041513,520.769906037114,491.8226138726202,531.0408722032369,508.1510234138679,524.8102269332027,512.4453047050306,508.4986051165872,523.8599869003441,505.8077906490256,510.20051797271805,472.1139291786503,487.4522242320883,527.0298576719911,529.8735046386719,511.25526428222656,514.7648399677905,66.0274165585013,15.660585162249504,3.931271814443255,11.729313347806249,76.06490570685534,81.34831462927609,-5.2834089224207474,74.48820682481143,85.03453032489968,-30.561163504083332,7.799980276543737,9.986549851290878,38.28192138671869,-1905.747573167254,47.29776969707632,56.85184278902044,2.5255740886283298,2.596876390089928,0.27230145233867464,0.18547077573969833,13.526417705170953,29.40452902749712,16.909403100904,-34771.72750661144,-30855.827468763015,35.709874471028634,0,1,0,35.709874471028634,0,0,0,1,0,17.803530962279574,12.495125926593118,462.16153608019647,499.0015563964844,535.8415767127723,14.76549315089369,0.9081901925201437,464.96905329087326,500.95946107588304,536.9498688608928,466.94979610958615,509.26400920356775,551.5782222975494,1.3569152053073927,0.3082420909985052,457.2552805416131,499.0015563964844,539.8551145069084,1157771.0,71.25083336536869,0.2125376193164497,201593.90630383434,354112.58449869446,4247670.310099405,531.6490464861603,13735157.794986753,1005.7355085268304,6.650428300237612,6.194075405020128,0.4563528952174839,0.5446829411404301,1.632760770080575,18.420010158143945,339.2967742261261,493.8815460205078,493.8815460205078,1.3923151185854847,0.6531605638749045,0.8011368412159939,339.2967742261261,522.259789603097,2.4019546508789062,3.3756178243533266,20.018107503255205,-0.0030017837719651386,0.06333169408512718,0.09986549851290882,0.10547117429430775,0.03941327406983208,,-0.003006298161282522,0.20632572989537024,1.6844170190618608,0.039340742408667806,0.12129549008734797
2026-05-08 00:00:00+05:30,529.0770096773247,532.6612479731722,525.7913870097332,527.68310546875,155892,0.0,0.0,500.9803665161133,475.56993286132825,487.8530017089843,,503.5045700656799,488.7707172321548,494.1809629999199,,509.4858769008092,485.7615389236749,523.7310236404193,494.7548836699819,533.4001912981811,511.7342662409362,530.2144676796388,516.7157052253274,511.1983425655049,527.3247636548128,508.9067852635859,511.6942027087549,472.5093135650584,489.5447315055638,530.1755956000501,528.3800659179688,513.619873046875,514.7648399677905,65.17430247237732,15.806198871432173,3.261508418900739,12.544690452531434,69.52894668227424,76.23406696326808,-6.705120280993839,57.9064192476591,73.47963438607734,-32.45438929620336,7.77833682307247,8.108101348937906,38.082763671875,-1623.8226705894822,50.76167155886969,58.70820715444942,2.2551032100238806,2.5255740886283298,0.2952944832276705,0.2055624825504834,14.683628682544843,20.32529820782554,13.45543724438653,-35956.08133117168,-33329.18689967089,38.2238311767578,0,1,0,38.2238311767578,0,0,0,1,0,17.02255453379096,6.8698609634390095,462.39413306503474,500.9803665161133,539.5665999671919,15.40428968081627,0.8460138054999803,469.63327521953977,503.5045700656799,537.37586491182,468.7418985331946,510.16006041537196,551.5782222975494,1.3296436874421815,0.30701933456266917,461.8494593395418,500.9803665161133,540.1805448482742,1001879.0,69.81445831899,0.16877428850610865,131556.27092126128,262941.5532448399,3609817.249128173,528.711913483885,13694086.059517292,1005.4720457739664,1.1324076655914612,0.5408438162991819,0.5915638492922793,0.4119249269912136,1.3840552219999236,19.29311672553928,372.2243529852836,494.802490234375,494.802490234375,1.0712305985815842,-0.339955560638355,0.8343361862370352,372.2243529852836,526.4968976702008,1.9788101196289063,3.3798768041570226,18.84370903862847,-0.0026346275286390775,0.060530211131816,0.08108101348937913,0.0832906999283658,0.04166667921726441,,-0.0026381042676973045,0.20632572989537024,1.6844170190618608,0.039340742408667806,0.12129549008734797
2026-05-11 00:00:00+05:30,527.6831110889302,542.6175387612584,516.1836139349058,540.6262817382812,296921,0.0,0.0,503.60633544921876,476.76070434570323,487.9650097656249,,507.0399711773562,490.8042687814147,495.1006722818676,,513.2616783505395,488.3127682913986,528.5387920841133,498.50756645528253,538.4382761224853,516.4728052110229,535.320057966224,521.0513748976435,515.9481022207825,532.7732155258574,512.9911567456666,513.4336635781573,473.52736070813984,491.99784103477333,531.7214538742214,534.1546936035156,515.8600463867188,515.2875622698758,69.15902696444493,16.772660153729532,3.382375760958478,13.390284392771054,73.9650823937152,73.18631159428159,0.7787707994336159,60.55067809928396,64.31510139058483,-15.089200018567684,9.189621907052826,10.759810674899105,45.500213623046875,-1392.2898705745988,50.189039429076445,62.65232976406944,2.004638372909195,2.2551032100238806,0.3186910834393819,0.22621717760615587,16.449994654411334,26.240112999778262,-0.19381182657434692,-36012.80614092307,-34994.389609189704,46.01461791992185,0,1,0,46.01461791992185,0,0,0,1,0,17.694795268973934,26.43392482635261,461.703136267668,503.60633544921876,545.5095346307695,16.64125180004852,0.9417317413960332,471.3594806353528,507.0399711773562,542.7204617193597,468.7418985331946,510.16006041537196,551.5782222975494,1.2318678515079287,0.3148872843042372,461.7900638380062,503.60633544921876,544.4645740529895,1298800.0,72.42637291017873,0.20601814533158203,383743.38971343136,281981.8915980589,3643143.476556361,533.1424781448151,14422383.175967818,1005.4720457739664,-0.19129454327961443,-0.626286714057515,0.4349921707779006,0.7564446102101845,1.766926965584132,20.951599590775384,438.9695254121792,495.82301330566406,495.82301330566406,0.8261570502109613,-0.9643572302000362,0.8688247302187236,438.9695254121792,532.5723641531807,2.6259689331054688,3.3852130524082735,19.17248358832465,0.02452831279870815,0.01809324974604043,0.10759810674899106,0.10534350630636191,0.05642017696212531,,0.024232324038440646,0.20632572989537024,1.6844170190618608,0.039340742408667806,0.12129549008734797
2026-05-12 00:00:00+05:30,540.6262792365388,543.7625333405515,523.2027803661164,526.4883422851562,270599,0.0,0.0,505.8564544677734,477.7364202880861,487.98890441894525,,508.8921969971467,492.20364421293397,495.7222103017347,,515.4409170968192,490.2628717400046,530.0193345116421,500.94934974556077,538.6397255724086,519.2115984536092,538.58727250929,524.8876803924883,516.6369505106527,535.3369573693769,516.0251458787257,514.866760746686,474.1777935048226,493.8765920193108,531.6479613788081,533.5573120117188,515.8600463867188,515.2875622698758,60.954822396690915,16.210904903955623,2.2564964089476547,13.954408495007968,72.62948432953064,72.04117113517336,0.5883131943572835,48.701172561487546,55.7194233028102,-34.56795769663701,5.9931840341498575,9.346561256364511,29.769287109374943,-1297.784533790505,46.55147638100834,57.322031248760446,1.9255230529157803,2.004638372909195,0.3377118742050156,0.24723013834423066,16.223419044856016,25.9406909328319,5.380937958396771,-36064.10844939292,-35795.601816698974,44.82816060384113,0,1,0,44.82816060384113,0,0,0,1,0,17.899435105078304,20.559752974435128,464.12186555065745,505.8564544677734,547.5910433848894,16.500565940599174,0.7471797177439236,472.69370498782257,508.8921969971467,545.0906890064708,477.9514576380316,514.7648399677905,551.5782222975494,1.453048430977753,0.3280620630019505,464.3366766506718,505.8564544677734,547.4592241548136,1028201.0,67.46038048873282,0.16137203111058054,199630.81499643586,205555.12973278097,2576164.083037428,531.1512186639414,13714738.651958494,1002.8569417861123,-1.8771213023821363,-1.8496907785280294,-0.027430523854106825,0.6820772328029445,0.9887188709756957,20.86729445855799,435.44397802016493,496.6195068359375,496.6195068359375,0.6220770432215569,-1.3366635643949685,0.8660168703193107,435.44397802016493,534.6098423549107,2.2501190185546873,3.3844406861861485,19.41441894531249,-0.026151039878540727,-0.028833866803871566,0.09346561256364505,0.08784193904064175,0.03716772640078614,,-0.026499059108349637,0.20632572989537024,1.6844170190618608,0.039340742408667806,0.12129549008734797
2026-05-13 00:00:00+05:30,525.7416148154805,531.6656165164763,516.7311890862383,519.36962890625,102505,0.0,0.0,507.1009902954101,478.3019372558595,487.92717590332023,,509.89004765515654,493.2689769460052,496.1904760166756,,516.7278860909598,491.8955465877757,529.907894096947,502.69526861304837,536.7036512290025,520.8952471871812,539.4849875617749,527.9366789670721,516.7761095090569,535.8928556351655,517.6595058232027,515.652490254709,473.96282358569385,495.36547686586397,530.2311379345242,522.9289855957031,515.8600463867188,515.2875622698758,57.27081061975801,15.018169040955513,0.8510084367580362,14.167160604197477,68.65565689587166,71.75007453970584,-3.094417643834177,32.65049272772837,47.30078112949995,-44.375871597180364,5.2881179435503824,5.033726602063743,26.08544921875,-1269.4743809462957,41.79881543233773,49.04007979902766,1.6317722325350303,1.9255230529157803,0.3508241322485617,0.2681032837106523,15.576626113695777,13.622661751823784,-1.3117656784143037,-36146.12751342835,-36042.67300420533,39.39368693033853,0,1,0,39.39368693033853,0,0,0,1,0,17.687648842589716,14.934427430238088,465.3104962549288,507.1009902954101,548.8914843358914,16.48211888371047,0.6467874320767255,474.294378231437,509.89004765515654,545.4857170788761,477.9514576380316,514.7648399677905,551.5782222975494,1.8095029502782298,0.3230694749924551,465.9955129313457,507.1009902954101,549.3420751416689,925696.0,62.766340083733844,0.12467429921204233,133344.58200489907,134511.73213306186,2103897.254759969,522.5888115029883,13576140.385615578,1001.5048295345839,-7.5330823994050204,-6.004521500440731,-1.5285608989642896,0.27044796927227716,0.5871497283069019,20.895247020240653,436.6113480368759,497.1422119140625,497.1422119140625,0.4460590967131176,-1.502647614591356,0.8720137660099668,436.6113480368759,535.9816776820592,1.2445358276367187,3.381433734892568,19.11340738932291,-0.013521122515283812,-0.0212945038683664,0.05033726602063737,0.10262101701275528,0.026567007689403566,,-0.013613365320197034,0.20632572989537024,1.6844170190618608,0.039340742408667806,0.12129549008734797
2026-05-14 00:00:00+05:30,522.8044988735396,524.0490344933761,504.6343092080986,513.545166015625,168030,0.0,0.0,508.4276641845703,478.61058166503926,487.8360754394531,,510.2381541656773,494.06412161540203,496.53413324437753,,517.3416171119327,493.27763399011945,528.6644925511017,503.88471731119733,533.3730988576779,521.749812361028,537.7796603988053,530.1074282186582,516.6916351177106,535.2863897059979,518.4957381028842,516.2435176916077,473.4340736681189,496.489685148007,526.7613610815987,516.4573974609375,517.7019653320312,515.2875622698758,54.37511957285974,13.447912632333441,-0.5753983774912292,14.02331100982467,56.218519396394996,65.8345535405991,-9.616034144204107,8.628623457008679,29.993429582074864,-52.400612516997654,3.2115975849690956,5.44822196762971,15.97979736328125,-1314.0333559100432,35.41536895734646,46.2053608386198,0.8774640924414144,1.6317722325350303,0.35745044313195695,0.2883025504887578,14.580257372875574,6.648620978584518,-12.766104306692966,-36117.26900463768,-36091.75784520055,33.818171183268205,0,1,0,33.818171183268205,0,0,0,1,0,17.811011445638844,19.414725285277484,467.650060207898,508.4276641845703,549.2052681612425,16.040670816790616,0.5627489274992998,474.3345055851163,510.2381541656773,546.1418027462383,477.9514576380316,514.7648399677905,551.5782222975494,2.262748089193849,0.320504386345387,467.0229010377805,508.4276641845703,550.4316822800163,757666.0,64.396129812546,0.1361557604062726,119557.43091135002,88833.36393676916,1663528.4327211569,514.0761699056999,13387703.394878797,1001.5048295345839,-10.537790511408708,-7.207383689955535,-3.3304068214531735,0.4951695697184786,0.2509957099971978,20.38880198833615,415.70324651958015,497.56536865234375,497.56536865234375,0.32069953775791926,-1.4980046604216937,0.8367492003684706,415.70324651958015,535.1695229666574,1.3266738891601562,3.37452353001735,18.32022155761718,-0.01121448495725641,-0.029356520085949023,0.05448221967629707,0.0956982710886709,0.019266849294026667,,-0.011277841412360308,0.20632572989537024,1.6844170190618608,0.039340742408667806,0.12129549008734797
2026-05-15 00:00:00+05:30,515.3871449426615,519.6683355683454,507.62122399612326,513.8438720703125,181242,0.0,0.0,509.85639038085935,479.0048504638674,487.68971801757806,,510.58155587088066,494.8397981038299,496.8769003498416,,517.8574464343843,494.6593316530714,527.5637016671628,505.0205302023972,530.5172188400793,522.5310466960743,534.1308350494517,531.5822522588137,516.6157738498796,531.6085727362303,519.3226048856908,516.563607657401,473.5349880381224,497.5701046867274,522.2054175365803,513.6945190429688,517.7019653320312,515.2875622698758,54.50217183026719,12.088230599942733,-1.54806432790555,13.636294927848283,50.41148336875884,58.428553220341826,-8.017069851582988,0.9177094367169656,14.06560854048467,-51.989065779545484,3.2716311149345243,5.888384262273791,16.27850341796875,-1401.2506644167263,29.983492121801646,48.312464645849296,0.1414811193198373,0.8774640924414144,0.3588877593508899,0.30652771036573256,13.113048752392327,2.7759994027650237,-9.27111216945707,-35992.018686116986,-36097.15336194033,29.918614705403623,0,1,0,29.918614705403623,0,0,0,1,0,17.39930431182336,12.047111572222093,470.51827649611323,509.85639038085935,549.1945042656055,15.431056519801905,0.5506821666785523,475.80261447471173,510.58155587088066,545.3604972670496,477.9514576380316,514.7648399677905,551.5782222975494,2.6566111347980246,0.319769575496417,467.89819687480644,509.85639038085935,552.1781531130148,938908.0,60.788859984006386,0.141530583961829,125547.89331547829,63977.054627165766,1433615.5255843734,513.7111438782604,13398245.424352799,1001.5048295345839,-12.601332137943523,-7.416740253192279,-5.184591884751244,0.5070238136867503,0.20272866671420908,19.669056942373057,386.8718010023138,505.5552673339844,505.5552673339844,0.21130424462140626,-1.4401703122091758,0.7919053576971654,386.8718010023138,533.8595585414341,1.4287261962890596,3.3676157905001682,18.207825385199644,0.00058165488540185,-0.02622640985662006,0.058883842622737825,0.08721291676642795,0.0027199918627733854,,0.0005814857897660185,0.20632572989537024,1.6844170190618608,0.039340742408667806,0.12129549008734797
2026-05-18 00:00:00+05:30,513.8438479125718,513.8438479125718,497.71468433729535,507.7705383300781,193098,0.0,0.0,511.2253784179687,479.6032226562502,487.43483734130854,,510.3138399146137,495.34688595583964,497.09261595341064,,517.6587938581195,495.7873978439032,525.4364192936752,505.6155757122764,526.4261842631141,522.5239136225857,528.7787124448834,532.3136267049075,516.0218741318308,526.0669301597886,519.9003503704125,516.6810499172991,473.8530665086629,498.24190116029536,517.3703483228732,510.8072052001953,517.7019653320312,515.2875622698758,51.369915452967334,10.400712577054378,-2.588465880635125,12.989178457689503,45.084543155433536,50.57151530686245,-5.486972151428915,0.2168435142951374,3.2543921360069277,-60.35669223715625,-4.377982544321364,5.699476763410221,-23.247894287109375,-1544.1923413114966,23.694044527917868,51.4558308563911,-0.5103980909718008,0.1414811193198373,0.35468515278176405,0.32142700855778294,11.087504004995026,-1.745374276508187,-17.87453785178468,-35603.85120907732,-35994.759017335826,26.425618489583314,0,1,0,26.425618489583314,0,0,0,1,0,17.30858169905149,16.129187733017147,474.37801160312443,511.2253784179687,548.0727452328131,14.4153120601609,0.4531195796805375,475.7749524165528,510.3138399146137,544.8527274126745,477.9514576380316,514.7648399677905,551.5782222975494,3.150422138019038,0.32079097976414533,468.5289252882154,511.2253784179687,553.6053796178376,745810.0,56.47317030038644,0.15488963874038716,173226.829482806,63163.03917855359,1061277.7935620663,506.4430235266484,13170014.893190349,1001.5048295345839,-13.862826982337065,-6.942588078068656,-6.920238904268409,0.7352531852099491,-0.18752168127784855,18.423683407422146,339.43211029692213,510.65785217285156,510.65785217285156,0.2480981371674731,-1.4216689098515052,0.7038525059854109,339.43211029692213,530.5256247384208,1.368988037109375,3.3489222189424783,17.806808132595485,-0.011819414554394725,-0.06077348534104132,0.05699476763410227,0.06884626112504577,-0.00990091645289115,,-0.011889819145178867,0.20632572989537024,1.6844170190618608,0.039340742408667806,0.12129549008734797
2026-05-19 00:00:00+05:30,510.0604883191031,517.7268402222162,505.7792977555496,509.1644287109375,68356,0.0,0.0,512.4276000976563,480.39574279785177,487.2332223510742,,510.20437218093025,495.88875037760823,497.33166175058943,,517.4625129336403,496.94666082643994,523.7876636696055,506.2753612547075,523.290476264939,522.6339238530923,523.026512134106,532.4861225913141,515.0137823099587,522.4090200980677,520.0552364369987,516.9136349584141,474.10191774578306,498.95725989447254,513.6584680540655,508.4674835205078,519.8425598144531,515.2875622698758,52.05101264620612,9.071249967543167,-3.134342792117069,12.205592759660236,43.07266769337849,46.18956473919029,-3.116897045811797,1.224275068205378,0.786276006405827,-58.43623890316279,-6.078974655739809,4.956388900841271,-32.955322265625,-1729.2719029080092,17.619686373123102,50.90116520182612,-0.8571288090478524,-0.5103980909718008,0.3465250917588314,0.3324857191647496,8.402284877041474,3.0554456728707464,-8.892096793795872,-35303.10943780917,-35768.686372139244,20.053599039713536,0,1,0,20.053599039713536,0,0,0,1,0,16.925650325309714,11.947542466666619,477.6559848354963,512.4276000976563,547.1992153598162,13.57132802976784,0.4530770808011628,476.6791801652244,510.20437218093025,543.7295641966361,478.9969022422022,515.2875622698758,551.5782222975494,3.539854497417444,0.31971758172171566,469.7102451718937,512.4276000976563,555.3218483748055,814166.0,54.51096595158014,0.14518348938937412,143605.82661415433,47663.073838772776,923278.2188923459,510.8901888962344,13188779.426317334,1001.7793414007988,-18.910314549329055,-9.592060516048516,-9.318254033280539,0.37277899663355846,-0.1876916767953501,17.385807631079985,302.2663069849191,511.35479736328125,511.35479736328125,0.26222709749342077,-1.3651253884485985,0.6118543136784557,302.2663069849191,527.5323386056083,1.2022216796875,3.330142404122158,17.23365763346353,0.002745118662148993,-0.03290464799092507,0.04956388900841269,0.028973812581624347,0.002646834279472543,,0.0027413577051908907,0.20632572989537024,1.6844170190618608,0.039340742408667806,0.12129549008734797
2026-05-20 00:00:00+05:30,501.9959254837428,517.5277065075221,501.9959254837428,511.3547973632813,241269,0.0,0.0,513.1693420410156,481.41526611328146,486.98929351806635,,510.31393648401126,496.4952620241052,497.6093476043061,,517.3603412446522,498.1607413976333,522.7027107717909,507.05728170363886,521.1721208905678,522.9428620691317,517.9849341322332,532.2687439990644,514.7184613332355,519.6684056467636,520.6686744784553,517.3844004020634,475.1336341700433,499.75999349001313,511.4877321658731,510.2596130371094,519.8425598144531,524.5717954749466,53.161167107795094,8.101002402813549,-3.2836722854773512,11.3846746882909,35.578990353157515,41.245400400656514,-5.666410047498999,3.6569263044116758,1.699348295637397,-74.4700978002084,-3.6397735257140127,2.987762850887346,-19.315185546874943,-1880.8208833889655,12.711828493340931,45.24834201982572,-1.1152721263414063,-0.8571288090478524,0.33592839705112176,0.33955537968835486,5.777191475047556,3.330111556185784,-12.201669467593547,-34656.29703847324,-35410.372836393864,10.628326416015623,0,1,0,10.628326416015623,1,0,0,0,0,16.82608823234326,15.531781023779331,479.2029374162419,513.1693420410156,547.1357466657894,13.237893163952467,0.47328912645039134,477.02318541765277,510.31393648401126,543.6046875503698,478.9969022422022,515.2875622698758,551.5782222975494,3.8510934117901123,0.31029855047962424,471.06896160235203,513.1693420410156,556.0085125892656,1055435.0,58.4714492578902,0.124904099882566,193096.22581600357,52736.117415016924,866876.7668194877,510.2928097848487,13292570.662425535,1001.7793414007988,-17.139324432818054,-6.25685631963001,-10.882468113188043,1.2750969525865121,-0.10684349419843299,16.98320231238685,288.42916078346207,512.4499816894531,512.4499816894531,0.18368384973210064,-1.2624801357445807,0.5515896452225485,288.42916078346207,525.7423396519252,0.7417419433593778,3.318210800566187,16.400094943576388,0.004301888601859316,-0.015431844869033373,0.029877628508873544,0.03412862427124219,-0.0013611132831495842,,0.004292661931030163,0.20632572989537024,1.6844170190618608,0.039340742408667806,0.12129549008734797
2026-05-21 00:00:00+05:30,507.919893838094,515.5862153691218,504.9330082167183,507.0238342285156,72486,0.0,0.0,513.980778503418,482.4118902587893,486.761294555664,,510.0005934120593,496.9081472085919,497.79577308201317,,516.7750547863188,499.1649989707797,520.9259835597129,507.4526636465722,518.2171499213496,522.6984632362396,513.4192013034572,531.6983805402983,514.0124869474361,516.4966111078605,520.9866998052806,519.5750686434545,475.61642791811386,500.24973929692675,510.0809303040252,509.18931579589844,524.5717926025391,524.6464533174224,50.66340924363682,6.903027879493493,-3.5853174470379265,10.48834532653142,28.12550159841661,35.592386548317535,-7.466884949900926,3.6569263044116758,2.8460425590095766,-82.71715850137898,-4.168238468053728,3.306620030102509,-22.053192138671875,-2022.3350574799879,10.19259946426098,46.30495239844898,-1.286694929233533,-1.1152721263414063,0.32250014176440356,0.34257823063688075,3.601980300523009,2.41344337818839,-8.239763774215078,-33954.57171283787,-34912.87264574667,0.7384134928385411,0,1,0,0.7384134928385411,1,0,0,0,0,16.385168155204703,10.653207152403468,481.523044839086,513.980778503418,546.43851216775,12.629940659975919,0.3928307141396718,477.8512077515628,510.0005934120593,542.1499790725558,478.9969022422022,515.2875622698758,551.5782222975494,4.2219103237716356,0.3087619438340101,472.75156923550037,513.980778503418,555.7994244409948,982949.0,57.48336769516316,0.16752908432537583,149062.80579929,36006.62728952459,698189.4867329001,509.18101927145193,13231178.025570385,1000.9323828590783,-21.529523061675437,-8.517643958789915,-13.011879102885523,0.4141115334912403,-0.42867714344131425,16.228866832166002,263.37611865617777,512.4499816894531,512.4499816894531,0.1937635498970194,-1.1367075166640443,0.4354754244878469,263.37611865617777,522.3636073521205,0.8114364624023409,3.307481404060291,15.76897759331597,-0.008469585417204661,-0.012698652852105585,0.03306620030102514,0.038649862961904535,-0.01164485988202435,,-0.008505656169723297,0.20632572989537024,1.6844170190618608,0.039340742408667806,0.12129549008734797
2026-05-22 00:00:00+05:30,507.023825899838,512.0019685203569,504.8334309931413,506.3268737792969,72290,0.0,0.0,514.8171051025391,483.53495910644557,486.61394134521476,,509.65071535179624,497.2775090348941,497.9647057690881,,516.0461114792597,500.10284146178003,519.2190358118162,507.7633920731262,515.5403613740093,522.3549831183427,509.5286460103616,530.8594088856903,513.3286353053114,512.2614544138083,521.4289064784344,521.0759096003197,476.3292465602585,500.66335248797856,509.07730875571815,506.67535400390625,524.2233123779297,524.6464533174224,50.254208330762445,5.8301788823164316,-3.7265331553719907,9.556712037688422,19.600549273977975,27.768347075184032,-8.167797801206056,2.6494947505014355,3.3211157864415957,-84.01109587647868,-4.04716987679225,3.416364441461392,-21.356231689453125,-2190.37757098762,7.724020919342763,45.42227933770261,-1.4803352122013522,-1.286694929233533,0.3069416854033058,0.3412727419662056,0.5938757164092253,-0.19281801177135094,-7.361355538986913,-33435.097306486954,-34326.657374486385,-6.123123168945302,0,1,0,-6.123123168945302,1,0,0,0,0,15.72683739606262,7.1685375272155625,484.1943272905434,514.8171051025391,545.4398829145348,11.896565793359322,0.3613739195156163,479.19774022521074,509.65071535179624,540.1036904783817,478.9969022422022,515.2875622698758,551.5782222975494,4.575829120783383,0.3085995554196289,474.9219862049156,514.8171051025391,555.6674503223993,910659.0,40.5348740146027,0.1531716417311002,106893.58806521527,12471.936841933522,591250.5213604824,507.720757764265,13221240.963942762,1000.7949217769421,-25.306559289491663,-9.83574414928491,-15.470815140206753,0.4337063443876755,-0.5545043219375363,15.311388905997854,234.43863023071412,512.4499816894531,512.4499816894531,0.27725174915951367,-1.0662945993796211,0.2866449873594976,234.43863023071412,518.5041242327009,0.8363265991210938,3.299174213154447,15.234767659505204,-0.0013746108213615882,-0.014628953850766235,0.034163644414613836,0.04844863108076347,-0.028372261138249533,,-0.0013755564655111533,0.20632572989537024,1.6844170190618608,0.039340742408667806,0.12129549008734797
2026-05-25 00:00:00+05:30,506.82469154934375,523.3521616248668,506.82469154934375,514.3416748046875,177864,0.0,0.0,515.7778854370117,484.80737182617213,486.5756094360351,,510.0974733949287,497.9466920062585,498.2890021856346,,516.0008324032739,501.3109479597503,519.158734897781,508.66430444685125,515.3716427785182,522.9063182102095,507.1608899203213,530.0507622156716,513.4753461222466,511.3027451671808,522.2969240476012,521.5975731828415,477.24301870622986,501.5405171988292,509.1369603099979,510.3342742919922,523.4765777587891,521.7591161923369,54.77760843557352,5.562544235473069,-3.195334241772283,8.757878477245352,22.61576614375869,23.447272338717756,-0.831506194959065,7.975744513362299,4.760721856091804,-65.42444719086627,-4.8618810852259315,3.8809523325241146,-26.28460693359375,-2385.0352174816126,7.986990218549636,44.73018332712764,-1.2309690168596004,-1.4803352122013522,0.2919103281382007,0.33618368129211507,-1.6999423522174926,10.850676768087169,-5.676793307435844,-32271.96986395634,-33617.93415684653,-12.005630493164052,0,1,0,-12.005630493164052,1,0,0,0,0,15.819583856741712,17.025287845569892,486.5839383581933,515.7778854370117,544.9718325158302,11.3203562630774,0.4754022532745104,479.3018696431476,510.0974733949287,540.8930771467099,478.9969022422022,515.2875622698758,551.5782222975494,4.756746019252228,0.31084005422099464,475.8713961021664,515.7778854370117,556.9902284252037,1088523.0,22.78151741213587,0.13942291306938542,90820.92135687826,-3403.733824909461,710435.3853918533,514.8395093262993,13502787.262076141,1000.7949217769421,-24.060362990026206,-6.8716382798555635,-17.188724710170643,1.1491860061677066,-0.09839098690195645,14.596973539409232,213.07163651021327,513.6945190429688,513.6945190429688,0.24380367119833962,-0.8996708237975027,0.17179069342372616,213.07163651021327,516.446726335798,0.9607803344726562,3.2918522103929235,14.894595336914058,0.015829302058504302,0.012941153490748203,0.038809523325241235,0.06912246304652503,-0.01308627973720633,,0.015705325256128503,0.20632572989537024,1.6844170190618608,0.039340742408667806,0.12129549008734797
2026-05-26 00:00:00+05:30,519.4691886257024,522.7049813675012,511.9024360599101,515.2875366210938,112433,0.0,0.0,516.7063095092774,486.1604309082034,486.5293124389648,,510.59176513075397,498.6267251284089,498.62560682792093,,515.9541325160436,502.50624853994333,519.2372656800335,509.57740419849546,515.4346843284206,523.4848343798633,506.3153124801833,529.2851402033169,513.5862240756621,511.2934784213481,522.7580295651892,522.5265247788573,478.13701450442477,502.4217812439728,510.11752595257735,514.8146057128906,523.4765777587891,520.7386088389235,55.294252741854336,5.36492151762576,-2.7143655676956744,8.079287085321434,29.575537870455,23.930617762730556,5.644920107724445,16.86244602714479,9.162561763669508,-61.83784332129003,-2.1274555891298212,3.7382261163186783,-11.2008056640625,-2608.2590406823033,7.5436446273486695,43.81698378421056,-0.5902301622722435,-1.2309690168596004,0.2776039024820154,0.3280481002069433,-3.4449841962247816,9.805489115819569,-0.9970561917715486,-30084.603303467564,-32575.551559532003,-15.772420247395823,0,1,0,-15.772420247395823,1,0,0,0,0,15.461223960373813,10.802545307591117,488.9171669889573,516.7063095092774,544.4954520295975,10.756262119853645,0.4744725320843168,480.6714483443632,510.59176513075397,540.5120819171448,478.9969022422022,515.2875622698758,551.5782222975494,4.886420096460628,0.3108016069792154,477.0394245154665,516.7063095092774,558.0089111268445,1200956.0,28.325254649712374,0.1247362789908048,48852.242599411955,-22942.56653645636,624136.9134221605,516.6316513495017,13523463.417016217,1000.9788193420706,-25.590175024606044,-6.721160251548319,-18.869014773057724,0.809119060315651,-0.1021098716627329,13.894571260160046,193.0591105036655,514.0927734375,514.0927734375,0.21052026036198251,-0.6861092563442451,0.035763105732449105,193.0591105036655,514.4497785295758,0.9284240722656222,3.29137704822966,14.323325873480899,0.0018389756512835476,0.012025796707083813,0.03738226116318688,0.07867865020902554,-0.025879895684272514,,0.0018372868057407734,0.20632572989537024,1.6844170190618608,0.039340742408667806,0.12129549008734797
2026-05-27 00:00:00+05:30,521.9084717270831,529.6743618715313,512.1014945434571,516.6316528320312,172270,0.0,0.0,517.8736831665038,487.6628344726565,486.5113912963866,,511.16699253087563,499.3328007246294,498.9821621943389,,515.9470223563059,503.7011984193091,519.5095559136672,510.5324277569636,515.795039159195,524.1336538165157,506.8733750235157,528.5895847945079,513.6282737524964,512.0958271096423,523.5309774521854,523.8905242816344,479.19877953569426,503.329626669733,511.9617944017751,515.9595947265625,523.4765777587891,520.7386088389235,56.06244133211871,5.2561731427759355,-2.2584911540364,7.514664296812335,37.93960721481922,30.043637076344304,7.895970138474915,27.103632174623975,17.313940905043687,-58.918887843386045,-0.5271729269161741,4.733067490492415,-2.73797607421875,-2851.0947768661194,8.460641728796759,39.87785613330961,0.06681937392619747,-0.5902301622722435,0.2642502347589337,0.3176925214988296,-4.216076846238208,16.24170382265686,-1.3311635054174076,-27615.143002019682,-30960.564440559072,-21.704701741536446,0,1,0,-21.704701741536446,1,0,0,0,0,15.612055629495273,17.572867328074267,492.3588689652594,517.8736831665038,543.3884973677483,9.853682483047157,0.4756606039793931,480.74901689974604,511.16699253087563,541.5849681620052,478.9969022422022,515.2875622698758,551.5782222975494,4.987052602413317,0.3090695982339951,478.1155634743965,517.8736831665038,559.246845559394,1373226.0,36.45317280843982,0.13958614968199187,-34597.83361662076,-55402.334483876286,568053.1971701666,519.4691697490066,13568399.667789243,1000.9788193420706,-24.096259953713158,-4.181796144524345,-19.914463809188813,1.1804667595855107,-0.0973575840824276,12.757407100622233,162.75143593100657,514.8146057128906,514.8146057128906,0.32797454916842594,-0.5626904231347261,-0.17756210681032555,162.75143593100657,512.0937007359096,1.1673736572265625,3.2949888371060787,14.171105957031246,0.0026084780155004594,0.01031936239956921,0.04733067490492404,0.05200202757106398,-0.01508963744749936,,0.0026050818413368795,0.20632572989537024,1.6844170190618608,0.039340742408667806,0.12129549008734797
2026-05-28 00:00:00+05:30,516.6316528320312,516.6316528320312,516.6316528320312,516.6316528320312,0,0.0,0.0,518.8269973754883,489.44799682617213,486.4959591674803,,511.6874363690809,500.01118708178245,499.3316570584516,,515.8287337530228,504.83723051183364,519.7063476642686,511.4233960246231,516.0527663309615,524.6954860350716,508.33365340063574,527.9388177379105,513.6854765276231,512.7933134414621,524.3204671155189,527.0645865422293,482.08101974324336,504.1856304759105,513.9296222643947,516.6316528320312,523.4765777587891,520.7386088389235,56.0624413321187,5.111072015554214,-1.9228738250064978,7.033945840560712,40.108126997312624,35.874424027528946,4.233702969783678,29.36907380874085,24.44505067016987,-58.918887843386045,0.601015649772924,3.8319154388354133,3.08648681640625,-3231.0784679205926,8.625949074042694,40.82357716507274,0.4293908473574908,0.06681937392619747,0.25167843949527313,0.3057803748482055,-4.43015394850602,2.741995528420034,2.741995528420034,-25987.200395692154,-28943.110478437164,-20.070210774739582,0,1,0,-20.070210774739582,1,0,0,0,0,14.49690879881704,2.220446049250313e-16,495.1483766652413,518.8269973754883,542.5056180857353,9.127751959719303,0.45364289646932465,484.1664107980589,511.6874363690809,539.2084619401029,497.56536865234375,524.5717954749466,551.5782222975494,5.076533359343186,0.30824355301724754,482.6168330450346,518.8269973754883,557.0151800883864,1373226.0,39.17547648792658,0.11072834514230274,-34597.83361662076,-63644.75460019569,486902.74043157144,,13568399.667789243,1000.9788193420706,-30.635659096162488,-8.57695622957894,-22.05870286658355,0.0,-0.18542841412270383,11.839310355123489,140.16926968493428,515.9595947265625,515.9595947265625,0.4364147071805721,-0.3788509974855633,-0.4189493402932714,140.16926968493428,509.8322065080915,0.953314208984375,3.3011678752560694,13.681588745117184,0.0,0.018949441732132533,0.03831915438835409,0.03717772734193048,-0.022142718183250643,,0.0,0.20632572989537024,1.6844170190618608,0.039340742408667806,0.12129549008734797
2026-05-29 00:00:00+05:30,521.161799200594,532.661297296981,505.8788942200048,519.2700805664062,582028,0.0,0.0,519.9122329711914,491.16545654296897,486.5108938598631,,512.4095929593024,500.7664378066697,499.72647732593583,,515.8709321521578,506.0067239918428,520.3181781889582,512.4567421933102,516.9127381614373,525.4755478258232,510.4332501035748,527.3816753465208,513.8720436210909,514.5053429044405,525.0692367587369,526.2032114196727,485.02036741819194,505.1432436284041,515.7103461672964,517.9508666992188,516.4076080322266,520.7386088389235,57.71650829915821,5.149615828985361,-1.5074640092602811,6.657079838245642,42.9910296239774,40.34625461203641,2.644775011940986,43.728078639220925,33.40026154086191,-53.18913544129571,1.0560033486886164,4.362182997753588,5.42620849609375,-3643.3348898702757,9.885720332976348,39.089940101966285,0.7595221157727149,0.4293908473574908,0.24037879573513,0.2930796685096906,-4.471871654508576,18.00300809868486,-8.779394978291407,-26195.53080571425,-27247.47015076758,-14.23748270670573,1,0,0,-14.23748270670573,1,1,0,0,0,15.374444104399842,26.782403076976266,498.45088036358385,519.9122329711914,541.373585578799,8.255759817367764,0.4850393305462601,482.40820733276314,512.4095929593024,542.4109785858416,497.71468433729535,524.6464533174224,551.5782222975494,5.089207605336924,0.3083617766248368,480.4233368400022,519.9122329711914,561.517284652598,1955254.0,46.19242991652209,0.09849156972914862,-34598.493917328255,-61230.977052533664,636722.1799960345,519.2700906944641,13865640.22766684,1000.9788193420706,-10.300383955981017,9.406655128482024,-19.70703908446304,3.439690702762376,-0.059842677814962206,10.730676303803778,115.14741393701591,516.6316528320312,516.6316528320312,0.7027117632874412,-0.40504850326313024,-0.7631749730463178,115.14741393701591,507.7883305140904,1.085235595703125,3.3085758508785736,13.119723307291666,0.005106980418082996,0.0255629465023246,0.04362182997753594,0.05087654352553961,-0.017518946119401746,,0.0050939840230309,0.20632572989537024,1.6844170190618608,0.039340742408667806,0.12129549008734797
2026-06-01 00:00:00+05:30,523.2027861186837,527.6831144489103,506.3268705878284,507.5216369628906,137378,0.0,0.0,518.7373931884765,492.7186370849612,486.3834533691404,,511.9440733405965,501.03134757750195,499.8808369227072,,514.6908753894625,506.6481428318397,518.6782755600275,512.5177298072307,514.5346261449243,524.8300688328084,511.567765716949,526.544510116199,513.8417949657997,513.6837716959075,524.8047262485904,524.3117267784645,487.2336749097588,505.309966656488,515.600592337915,513.3958587646484,512.8482513427734,515.1879908171381,48.89054940783634,4.183931112401865,-1.9785189806750223,6.162450093076887,38.65154886174608,40.583568494345364,-1.9320196325992853,33.48689249174174,35.52801497990117,-71.93733013008001,-0.04901847358180138,-4.4248549976862614,-0.2489013671875,-3639.0851472102167,9.125524928750565,35.49140839894557,0.8735715960530109,0.7595221157727149,0.22729254108597718,0.2798316073238179,-4.696977160318058,14.044346998529136,-7.3118968625527145,-27745.048358477856,-26620.94229388506,-11.184219360351562,1,0,0,-11.184219360351562,1,1,0,0,0,15.801715515591415,21.35624386108185,497.26341827456065,518.7373931884765,540.2113681023924,8.279324064889064,0.23885234870238906,480.73210656209307,511.9440733405965,543.1560401191,497.71468433729535,524.6464533174224,551.5782222975494,5.067336207254719,0.21383757647132776,481.77412129054204,518.7373931884765,559.7691725104918,1817876.0,49.068994114481065,-0.08702873451533184,-156605.38126840402,-93497.4433899657,315193.62780177686,513.8438739998765,13554823.613005875,998.7163274244348,-12.444462727200301,5.810061085810192,-18.254523813010493,0.8395269052184892,-1.0445906051904434,10.736987456957937,115.28289965087207,515.9595947265625,515.9595947265625,0.9131425024084745,0.02790413569703685,-0.779938770010224,115.28289965087207,506.5978397914342,-1.1748397827148438,3.3130846659058326,12.171554565429682,-0.02262491917635756,-0.013259741871756048,-0.04424854997686267,0.06208975305800424,-0.04728533818640779,,-0.02288478984285444,0.20632572989537024,1.6844170190618608,0.039340742408667806,0.12129549008734797
2026-06-02 00:00:00+05:30,507.7705810436076,518.2744505174089,507.7705810436076,516.1836547851562,223623,0.0,0.0,517.4405883789062,494.02589843750025,486.36055419921854,,512.3478430019832,501.6255557032923,500.2036649991913,,514.4476622081938,507.56833960439644,518.8060080370087,513.2323974174185,514.8072439707867,525.1776352015122,512.7753424970618,525.6957558859536,513.9084374720242,514.3817469826811,525.364663646011,519.5812839990352,488.767920449238,506.0232520012901,515.1707244614495,511.85264587402344,512.7984771728516,515.1879908171381,54.424289057321026,4.070647572553867,-1.6734420164184165,5.744089588972283,42.574211493552305,41.40559665975859,1.1686148337937183,44.1451905348727,40.45338722194512,-47.15089994796736,1.3785774650419855,-4.784200565407466,7.01922607421875,-4227.218191618138,7.556972132907049,40.12644363366433,0.6605076692247891,0.8735715960530109,0.21511135492042754,0.26640749153151855,-3.6880471620942674,4.272127733488446,-6.231741740312884,-29647.484061733463,-27252.640464301636,-8.338363647460938,1,0,0,-8.338363647460938,1,1,0,0,0,15.44107966122905,10.752813554518298,498.99277884876545,517.4405883789062,535.888397909047,7.130406831028093,0.46593271435027767,482.0602895253337,512.3478430019832,542.6353964786326,497.71468433729535,521.7591161923369,545.8035480473785,4.944211020965716,0.20883433212718133,482.33594694668733,517.4405883789062,556.5351643608346,2041499.0,55.933470392859,-0.12779281256139594,-22006.719432485872,-55370.74690839888,546884.0254684524,514.0762287820576,13936487.422072234,998.7163274244348,-10.740214610853274,6.011447361725777,-16.75166197257905,1.248146252513757,-0.13626914259889228,9.223904765070378,85.08041911508803,515.735595703125,515.735595703125,0.9582799374182298,0.5296682341258981,-0.6948806142045794,85.08041911508803,508.46180986676893,-1.2968048095703124,3.318828911549763,11.372508680555546,0.017067287759593652,0.0017390643094894465,-0.047842005654074704,0.09934273960431783,-0.028391881514895467,,0.016923277866533214,0.20632572989537024,1.6844170190618608,0.039340742408667806,0.12129549008734797
2026-06-03 00:00:00+05:30,515.7853444861452,519.0211371877751,502.6928354779229,517.6770629882812,202647,0.0,0.0,516.7909423828125,495.5054028320315,486.33417053222644,,512.855387762583,502.25502657721347,500.54967288016337,,514.4701835995629,508.49583625344667,519.1576966252916,514.011483769651,515.3987545047088,525.6320290609815,514.0775862114975,524.8443562137049,514.0049002615394,515.7101798174779,525.8518830059407,518.9193601319006,490.0150532302314,506.7832039555178,514.8699789801411,516.9303588867188,512.7984771728516,515.1879908171381,55.32244358795322,4.054635794602575,-1.3515630354957668,5.406198830098342,46.01142298596015,42.41239444708618,3.5990285388739736,45.19106262537579,40.94104855066341,-42.87750096407215,1.2363755376110066,-2.448399257599376,6.322265624999943,-4844.786240359496,5.03027570763777,45.348005919580395,0.2767465723965526,0.6605076692247891,0.2040504752147676,0.2532464174704479,-2.453833661517363,4.493851517517442,-11.83445019233477,-30125.127480248433,-28517.620521064222,-4.621348063151041,1,0,0,-4.621348063151041,1,1,0,0,0,15.504452664702134,16.328301709852212,499.42111854733156,516.7909423828125,534.1607662182935,6.722185863162544,0.5255074724378803,482.34221048183304,512.855387762583,543.3685650433329,497.71468433729535,520.7386088389235,543.7625333405515,4.739988348714759,0.19714229464516325,481.39972860370193,516.7909423828125,554.9144439929019,2244146.0,55.14791907008628,-0.0511965014267388,147278.25564357569,19123.643440843392,511991.26356419805,513.1303452179931,13995116.688871592,999.0056446450171,-10.08196901870041,5.335754363102913,-15.417723381803322,1.1559886116465368,0.10202988975151776,8.684911917740486,75.42769501891073,515.735595703125,515.735595703125,1.1911323073496611,1.6429185889656248,-0.6306353743483678,75.42769501891073,509.8286660330636,-0.64964599609375,3.3233889064978364,10.909210272894956,0.0028931722058238574,0.002023511626744856,-0.024483992575993763,0.12445936336873498,-0.010749511446811466,,0.0028889950380219425,0.20632572989537024,1.6844170190618608,0.039340742408667806,0.12129549008734797
2026-06-04 00:00:00+05:30,517.6770578387873,519.2202698813146,512.7486845424295,515.7853393554688,75937,0.0,0.0,516.1263580322266,497.04663574218773,486.3137603759764,,513.1344307714293,502.78562707832157,500.851369246011,,514.374411882673,509.29112788181675,519.0889872266457,514.5908393721204,515.3734064631492,525.8025201415693,515.1863347780962,523.9224416874246,514.0800477351622,516.6181441140648,526.1716252432997,518.2309201545161,490.86325270195226,507.3824847807317,515.0126331015507,516.731201171875,512.7984771728516,515.1879908171381,53.874132864600625,3.8449775500618557,-1.2489770240291893,5.093954574091045,53.89363883151397,47.493091103675475,6.400547727838493,64.01275107921015,51.11633474648621,-48.290682593418566,1.7280262850531627,-2.512240439352231,8.761505126953125,-5756.116452125445,4.064805866874337,46.058802543478464,0.10992042917408978,0.2767465723965526,0.19345005674806792,0.2406362365087548,-1.541475465395096,4.513262256026678,-1.958323082858442,-29139.58466280635,-29404.97601754133,0.4812418619791665,1,0,0,0.4812418619791665,1,1,0,0,0,14.859247855715205,6.47158533888512,499.74693489505484,516.1263580322266,532.5057811693982,6.347059351752378,0.4895900278690563,484.29458745286786,513.1344307714293,541.9742740899907,497.71468433729535,520.7386088389235,543.7625333405515,4.533924855668909,0.1972337866572183,481.29455265463105,516.1263580322266,553.3033828969037,2168209.0,60.89330895114774,-0.016820987283868483,142604.92426962891,46373.13919738277,418327.9662686151,515.9180979264042,13967367.378002834,998.6402192151377,-14.55399750589692,0.6909807007251239,-15.244978206622044,0.4323273383547684,-0.04163988852377829,8.189711568585857,67.07137557662901,515.5364379882812,515.5364379882812,1.4941009261958593,3.193545795801525,-0.5644622903119707,67.07137557662901,510.87051958356585,-0.6645843505859375,3.3277355229255567,10.136605360243049,-0.0036542542987949567,-0.0016381370981108923,-0.025122404393522313,0.12815760567449197,-0.020236470701447073,,-0.003660947396530947,0.20632572989537024,1.6844170190618608,0.039340742408667806,0.12129549008734797
2026-06-05 00:00:00+05:30,515.7356022384381,528.3303280290123,515.4369258193823,520.7137451171875,248735,0.0,0.0,515.7778900146484,499.0279370117191,486.3416381835936,,513.85627023293,503.48869053082615,501.2446836196977,,514.8113058907645,510.21924981809127,519.8968189194836,515.5064456596275,516.6129054856251,526.482660495277,516.6582027894386,523.0769197333381,514.5723771024182,517.6150651917432,525.5534853363934,517.9931358974143,493.47200813982914,508.24088316343114,516.1296412793872,518.2495422363281,513.5203094482422,517.3286113903619,57.030274074186096,4.030047162253311,-0.8511259294701876,4.881173091723499,56.62358736307384,52.176216393515986,4.447370969557852,73.85487342517382,61.019562376586585,-38.961054353287764,2.8414196604863062,-1.3207472968783978,14.386871337890625,-6282.852595579686,3.513550142268855,47.218449236819474,0.3765478111656032,0.10992042917408978,0.18442848580824123,0.22869380958320373,0.029954239418375227,12.765215047738707,-0.12818716189133283,-28812.998295183297,-29498.317773837716,3.683848063151032,1,0,0,3.683848063151032,1,1,0,0,0,14.718830309566265,12.89340220963004,500.1546061376832,515.7778900146484,531.4011738916137,6.058144088542274,0.6579647128417232,485.3071925238259,513.85627023293,542.4053479420342,497.71468433729535,520.7386088389235,543.7625333405515,4.2058171228269945,0.200799419561297,480.1859435091759,515.7778900146484,553.7006590629965,2416944.0,69.84827072407225,-0.009469995474435668,97467.02404198487,38942.86109831825,533690.6863932577,521.4936663218607,14205037.376276335,998.6402192151377,-10.964305198026512,3.424538406876426,-14.388843604902938,1.286838790117517,0.6318588513668969,7.8116419384826195,61.02174977506049,515.5364379882812,515.5364379882812,1.692990218756395,4.613985183702028,-0.4628117231776251,61.02174977506049,512.8781376429966,-0.348468017578125,3.3328302745889893,9.455155707465273,0.009555148984803141,0.002780180497221396,-0.013207472968783995,0.156695861641323,-0.01413751040593425,,0.009509787278396034,0.20632572989537024,1.6844170190618608,0.039340742408667806,0.12129549008734797
2026-06-08 00:00:00+05:30,517.7268537751937,528.5792294405118,509.0151038318612,509.91119384765625,253890,0.0,0.0,514.2421356201172,500.38298828125033,486.36404022216783,,513.4805486724277,503.74055340599597,501.41629768361764,,514.2525729224795,510.6460442038143,518.6058684531408,515.5290099196154,514.8066444315084,525.8544784451626,516.8723487596388,521.9830549969105,514.5000953197349,516.3693305138837,523.6769814690348,515.5267401116732,495.8619777792381,508.3586354712664,516.1950037277371,515.3124694824219,513.5203094482422,517.3286113903619,49.0998468735232,3.2673762766599452,-1.2910374520508423,4.5584137287107875,46.18667020784986,52.23463213414588,-6.047961926296026,50.35375665870594,62.740460387696636,-74.1882524297441,-0.8613886787831552,-5.681390070765051,-4.43048095703125,-7915.001840081733,2.8148603919676134,41.85853985832199,0.557815583661168,0.3765478111656032,0.17408315993079349,0.2171915048552902,0.5442206362384416,13.821819192611997,-5.742306416038559,-29798.767136158345,-29304.843422064343,4.181666056315095,1,0,0,4.181666056315095,1,1,1,0,0,15.064922830929428,19.564125608650556,503.6868379511292,514.2421356201172,524.7974332891052,4.1051858406194395,0.29484511435497107,483.9239306292096,513.4805486724277,543.0371667156459,497.71468433729535,520.7386088389235,543.7625333405515,3.918768569099724,0.19028803123632612,480.48539194577734,514.2421356201172,552.2826576951725,2163054.0,62.16412645159548,-0.14533459980713714,-133165.27472861734,-41020.062378155955,65640.62521975103,515.8351757066764,13678325.767923448,998.6402192151377,-7.870861613984111,5.214385592735063,-13.085247206719174,1.263800181289545,-0.8206195425801146,5.277648834494023,27.85357722023612,514.8146057128906,514.8146057128906,0.30483248741274216,-0.06412238161016556,-0.13884542769104277,27.85357722023612,514.2734475272043,-1.53575439453125,3.3302428322711197,8.957340494791662,-0.02074566183594806,0.004708285737461848,-0.056813900707650467,0.1313232574731229,-0.036859356242665675,,-0.02096387635762323,0.20632572989537024,1.6844170190618608,0.039340742408667806,0.12129549008734797
2026-06-09 00:00:00+05:30,512.848234056776,525.194052197767,512.848234056776,521.1119995117188,227404,0.0,0.0,513.9733184814454,501.6404675292972,486.4865026855467,,514.207353514265,504.42178658661254,501.8063115812038,,514.9068456740607,511.45894660500915,519.5021329346678,516.4024688418589,516.2180603986244,526.5077045103203,517.3664497963381,521.0528434842518,514.6094794487943,517.247712959362,523.2015710629269,515.0440033822053,497.3684750730452,509.18363413953927,516.601155960364,515.5115966796875,513.7194366455078,517.677066387452,55.941055329982845,3.526118612696905,-0.8258360928111061,4.351954705508011,49.43750660107247,50.74925472399872,-1.3117481229262467,58.1599810430597,60.78953704231315,-38.53817341375074,1.1303325768012706,-1.0211703359094642,5.824462890625,-9423.502574399217,3.1346261757346383,43.52753347918782,0.6972960156735952,0.557815583661168,0.16551453742446043,0.2062208718181265,1.3346980873765641,9.528843483607261,-2.816974657383639,-31787.41117238743,-29691.754449646178,7.64977518717447,1,0,0,7.64977518717447,1,1,1,0,0,15.08048965372809,15.2828583501107,504.51428585804746,513.9733184814454,523.4323511048434,3.680748507080119,0.877347309946632,484.5546308370466,514.207353514265,543.8600761914835,497.71468433729535,515.1879908171381,532.661297296981,3.613363598465728,0.18803450331470942,480.76412409298985,513.9733184814454,550.5079061340239,2390458.0,71.33205578989356,-0.07279694169841787,-56140.14770683,-45495.07589540344,420135.966078425,519.7180952554205,14177845.692561828,1000.8368381164692,-6.403731444061348,5.3452126101262625,-11.74894405418761,1.0706846611347363,1.5093892397865345,4.729516311698986,22.36832454262678,514.8146057128906,514.8146057128906,-0.22273866318631616,-1.16561690814143,0.1503219534495942,22.36832454262678,516.7739000592913,-0.268817138671875,3.3307688730176843,8.521696506076385,0.021966189013314485,0.009547657468180981,-0.010211703359094604,0.16414597946971954,-0.005699072394069193,,0.021728408077026445,0.20632572989537024,1.6844170190618608,0.039340742408667806,0.12129549008734797
2026-06-10 00:00:00+05:30,518.7224697896577,534.1049428996607,514.4910484909897,516.2333984375,436496,0.0,0.0,513.8165069580078,502.9626623535159,486.5621704101561,,514.4003101736207,504.8849870513532,502.0919964694473,,515.1220913841611,512.0312184053308,519.3654047219735,516.8408743705564,516.0958146860794,526.5260037017035,517.5511060389398,520.1916052515695,514.6171289945152,517.1131825863722,522.4246377078243,515.0636962769015,499.5152724879872,509.66024058716823,516.6087105549162,518.6726989746094,513.7194366455078,518.3988891887918,52.623456752964366,3.2994771251791235,-0.8419820642631102,4.141459189442234,43.45992165223399,46.36136615371877,-2.9014445014847823,41.51658710522655,50.01010826899739,-56.8938091998032,-0.07708671978345306,-0.6038532663826811,-0.39825439453125,-9563.699078691048,4.9633662802493745,43.47057453195687,1.034070159662272,0.6972960156735952,0.15715264088873582,0.19571800530628902,1.7060005034167116,18.358564225023883,-1.2553301836471746,-34338.499987348594,-31053.975816603906,7.575098673502595,1,0,0,7.575098673502595,1,1,1,0,0,15.40430427908116,19.613894408671058,504.6342108979496,513.8165069580078,522.998803018066,3.5741537828050616,0.6316060527608857,483.83567643543813,514.4003101736207,544.9649439118033,497.71468433729535,515.909813618478,534.1049428996607,3.1820424165928998,0.18471048912011936,480.1995838666298,513.8165069580078,551.113232652272,1953962.0,77.38483375537518,-0.142542988443301,-415086.1449989789,-157399.93730037898,55903.705996909004,521.6097966093835,13769202.280687314,1000.8368381164692,2.1874633510381183,11.149125924180584,-8.961662573142466,1.827767072087124,0.5264242110435357,4.5911480300291245,21.078640233640314,514.8146057128906,514.8146057128906,-0.21757495587474654,-1.0462353405565001,0.33062038947516803,21.078640233640314,517.7332602364677,-0.1568115234375,3.3289485709625355,7.8946712239583325,-0.009361905077584054,-0.0027887357852939276,-0.006038532663826812,0.16924118199699079,-0.017713281755923682,,-0.009406003154733326,0.20632572989537024,1.6844170190618608,0.039340742408667806,0.12129549008734797
2026-06-11 00:00:00+05:30,513.744323459469,521.3110760092868,502.3941642505709,504.5347595214844,151081,0.0,0.0,513.3659866333007,504.3993542480472,486.56366363525376,,513.4607339210363,504.8712526384172,502.14036801503215,,514.2381154378255,512.0928692746629,517.1028695219696,516.34508582287,512.9477061561146,525.187256109604,516.2742323600471,519.0611208632341,514.3303232801783,514.5118736235331,520.8152955849379,514.7150331153722,505.9563386824518,509.27902974022345,515.2267769319643,510.3840789794922,512.8233795166016,518.2495535751158,45.63451622811026,2.1510833724253757,-1.5923006536134863,3.743384026038862,37.106129530591375,43.33451926129928,-6.228389730707903,40.726125436928754,46.80089786173833,-93.24962879467193,-2.341492869094463,-1.7545499579031139,-12.096893310546875,-8924.894558812586,3.423217802696513,36.85947232306881,0.6351424147185055,1.034070159662272,0.14630899014116405,0.18526580468473725,1.1104241727330677,7.166357213671745,-11.750554545044167,-36856.58252574248,-33151.19533022881,4.131881713867178,1,0,0,4.131881713867178,1,1,1,0,0,15.655204813340784,18.916911758715912,503.28722310483363,513.3659866333007,523.4447501617678,3.926541216555668,0.06188935840825733,482.2037963943538,513.4607339210363,544.7176714477188,497.71468433729535,515.909813618478,534.1049428996607,2.781103272826277,0.19803136221429776,480.13567214200623,513.3659866333007,550.924867546008,1802881.0,75.37950112946406,-0.1700895470174002,-531975.1713565711,-226062.07650706847,-204574.26144130036,509.4133332604473,13426829.611383054,998.5706850641049,-1.0732134911739493,6.310759265574813,-7.383972756748762,0.5949900343373297,-1.7524425663669747,5.039381764233542,25.395368565689562,514.8146057128906,514.8146057128906,-0.2310778484603811,-1.1583607333222068,0.4073024274404696,25.395368565689562,515.982373046875,-0.45052032470703124,3.3233843928193725,7.708820800781251,-0.022661530523643503,-0.021812523496777203,-0.017545499579031176,0.18054750240214057,-0.034669993622698514,,-0.022922249395211466,0.20632572989537024,1.6844170190618608,0.039340742408667806,0.12129549008734797
2026-06-12 00:00:00+05:30,509.36355419806426,513.8438521300495,505.779285468305,508.1190185546875,166552,0.0,0.0,513.0797439575196,505.3113500976566,486.6009994506834,,512.9519991242412,504.99861600768276,502.2587571346293,,513.7384041922434,512.2387384631587,515.7869808041758,516.1448636769416,511.29726516368896,524.3255431633231,514.5916009362951,517.8555937892171,514.1728278227029,513.9599237685761,519.0426077334146,514.4685109376738,506.76418105940553,509.19541256066344,513.2040365879127,506.32688903808594,512.8233795166016,518.2495535751158,47.9168439241413,1.5127547041425373,-1.7845034575170602,3.2972581616595975,22.636633600242114,34.40089492768916,-11.764261327447045,20.394987950050943,34.21256683073541,-81.94666120479852,-2.1474493580595793,-1.114123146503464,-11.15106201171875,-8375.550427106546,0.4978151558306081,31.463316375616728,0.060841705258803114,0.6351424147185055,0.13469457676165142,0.1749771419820344,0.486717351902637,0.5599476545669404,-7.5046190071776095,-39277.10368070946,-35575.77997987984,1.6096242268880112,1,0,0,1.6096242268880112,1,1,1,0,0,15.20191108442824,9.309092608565152,502.736420610025,513.0797439575196,523.4230673050141,4.031857998413181,0.2601967357989597,482.8987522937065,512.9519991242412,543.0052459547759,497.71468433729535,515.909813618478,534.1049428996607,2.547579304260801,0.20000281190509273,480.4340805132626,513.0797439575196,550.227639689645,1969433.0,69.78879565426537,-0.1906353018838037,-601885.3451189096,-255844.18178808835,-90068.57973567933,509.24738538434735,13545149.60802,998.5706850641049,-3.194064113204181,3.3519269148356647,-6.545991028039846,0.7842380175002343,-0.9592130568041597,5.171661673747289,26.746084467706616,514.8146057128906,514.8146057128906,-0.09022113521140207,-1.3661433019424238,0.5042378941134668,26.746084467706616,515.0557246616909,-0.28624267578125,3.318791361816634,7.440111423068567,0.0071040874103551754,-0.024187428660377597,-0.011141231465034651,0.17240984016117666,-0.038526738125403526,,0.007078972258061202,0.20632572989537024,1.6844170190618608,0.039340742408667806,0.12129549008734797
2026-06-15 00:00:00+05:30,515.7355872768312,522.655217831222,509.86135454298153,511.3547973632813,108896,0.0,0.0,513.2589569091797,506.1277648925784,486.7707540893553,,512.7998846708165,505.2478780216278,502.4388767431175,,513.5741235642207,512.4757363951439,515.2272407328969,516.196504972157,510.7963129277312,523.8665026116656,513.0325998294713,516.7280251265732,514.1437845177594,513.2519253088457,518.147652623924,514.724241779834,507.3501305995309,509.347065417323,511.2527247438245,509.7369079589844,512.8233795166016,518.2495535751158,49.95925262650212,1.2535250860407245,-1.6349864604950985,2.888511546535823,17.68702778103436,25.809930303955948,-8.122902522921589,18.228407080471978,26.449840155817224,-71.74262665742646,0.7552703414437792,0.7058816458691861,3.833160400390682,-9431.51952419291,-0.6234443381721348,30.256785616162666,-0.17712370410149608,0.060841705258803114,0.1234833418352066,0.16479625163923206,-0.032947374859278254,9.646900086053847,-3.146963202186612,-41458.58126636576,-38010.74227776971,-0.8296763102213448,1,0,0,-0.8296763102213448,1,1,1,0,0,15.154360241007259,14.53619927653449,503.18218804939676,513.2589569091797,523.3357257689626,3.9265827606651857,0.4055173551961687,482.84005196194516,512.7998846708165,542.7597173796878,501.9959254837428,518.0504341917017,534.1049428996607,2.27409000147379,0.19675119450301878,481.3650791343183,513.2589569091797,550.3248132389417,2078329.0,69.74878301205864,-0.23008280723954494,-685358.2269105334,-271328.7616287415,-26864.015610492133,514.6237899124949,13614496.228845749,999.2075001980469,-7.109407449979989,-0.4507331375521142,-6.658674312427875,0.519725227549217,-0.3779305792153303,5.038384429891458,25.38531766337268,514.8146057128906,514.8146057128906,-0.15011070609995789,-1.1990417293477924,0.46384731563329346,25.38531766337268,514.2044568743024,0.1792129516601591,3.319542399168982,7.03135342068141,0.006368151339420036,0.0028310881052286963,0.0070588164586917745,0.1895772873242425,-0.041075396344405046,,0.006347960337912288,0.20632572989537024,1.6844170190618608,0.039340742408667806,0.12129549008734797
2026-06-16 00:00:00+05:30,508.7164329198285,521.5600050856602,508.7164329198285,513.3460693359375,108355,0.0,0.0,513.4680389404297,507.0308001708987,487.14610595703107,,512.8519022579709,505.5654541516007,502.6548607548565,,513.5824199858166,512.7588071576287,515.095145083469,516.3898453465929,510.9196317599827,523.6396949998207,511.97022837981496,515.7798910036521,514.1365564428107,512.8484158207265,517.7231372177163,514.7854128019901,509.954154800824,509.62391129642094,510.42742608262336,512.3504333496094,512.8233795166016,518.2495535751158,51.2267967223288,1.1949876783832565,-1.3548190945220533,2.5498067729053098,26.949188461433412,22.424283280903296,4.524905180530116,33.65710035481844,24.093498461780452,-65.4631467534748,-0.5497240028647938,0.8212750909537709,-2.83758544921875,-9979.782738162317,-1.9110206577279314,30.247211060928247,-0.31685753904259983,-0.17712370410149608,0.11322403436047068,0.15470442487764352,-0.0899490239564875,8.503437113239329,-4.340135052592416,-42753.92108759987,-40180.3122512488,-2.2982381184895737,1,0,0,-2.2982381184895737,1,1,1,0,0,14.989303949923293,12.843572165831745,503.5771696039692,513.4680389404297,523.3589082768901,3.852574488130103,0.493834232343837,483.29899225169083,512.8519022579709,542.404812264251,501.9959254837428,518.0504341917017,534.1049428996607,1.9806771139795838,0.19697753465127113,481.4243973541687,513.4680389404297,550.6081388835834,2186684.0,65.38372748031117,-0.22780658240504154,-715597.225008502,-262618.610810295,7797.168704886997,514.5408357804754,13656690.860774444,999.5969112259523,-10.402326747861773,-2.994921948347118,-7.407404799514655,0.5472494094676092,-0.024663070624652065,4.945434668230224,24.45732405773338,514.8146057128906,514.8146057128906,-0.26655921965407453,-1.0110687497262603,0.42262889795239544,24.45732405773338,513.8111820765904,0.20908203125,3.318205088967894,6.060726725260418,0.003894110279054619,-0.014902612457701858,0.00821275090953777,0.13869260623582114,-0.030189071725306604,,0.0038865478578655297,0.20632572989537024,1.6844170190618608,0.039340742408667806,0.12129549008734797
2026-06-17 00:00:00+05:30,515.8849395502245,519.6683157549909,508.8657402863101,513.644775390625,190978,0.0,0.0,513.5825378417969,508.0513195800784,487.50403442382793,,512.9274139848903,505.88229027862127,502.87248282685186,,513.5992520286924,513.0181787348729,515.025334770411,516.5866067252609,511.1160075368008,523.4367826142588,511.498045866995,515.0427996261324,514.1307073060814,512.7203963545412,517.5671077097911,514.9492957079019,512.7844397513599,509.90222785473094,510.9118377969804,513.4954223632812,512.8233795166016,518.2495535751158,51.425564134183325,1.1593353470780698,-1.112377140661792,2.271712487739862,32.75768331327889,25.79796651858222,6.959716794696668,43.33740304389227,31.740970159727564,-64.52117664926206,-0.7789195013547529,0.44782566608382207,-4.03228759765625,-10557.893923708627,-4.558515830755709,33.83049701433687,-0.44325374713077476,-0.31685753904259983,0.1038999232397142,0.144754410043382,-0.42485649805079895,6.5277181513979485,-4.2748573172828515,-43274.401714002444,-41829.41835044052,-3.7419026692708233,1,0,0,-3.7419026692708233,1,1,1,0,0,14.69025191554883,10.8025754686808,503.7417804582567,513.5825378417969,523.4232952253371,3.8322009252470153,0.5031622336778762,484.13143341374536,512.9274139848903,541.7233945560354,502.3941642505709,518.2495535751158,534.1049428996607,1.631781148242383,0.19644684393281836,482.22849281055704,513.5825378417969,550.2299329511969,2377662.0,61.39488019376429,-0.25009653101597273,-737598.7492045695,-242181.4331005615,14832.756734490195,514.0596104773086,13667803.497710751,999.5969112259523,-9.561250100980702,-1.723076241172837,-7.838173859807865,0.9702569292453885,0.01264893471150479,4.920378691770114,24.210126470425383,514.8146057128906,514.8146057128906,-0.3435990881006116,-0.9265876206390095,0.4019458851121216,24.210126470425383,513.6326804024833,0.11449890136718466,3.3168126168926517,5.592119818793401,0.0005818804750445938,-0.005014443185408113,0.00447825666083812,0.15763498211940075,-0.041256184713745925,,0.0005817112482443066,0.20632572989537024,1.6844170190618608,0.039340742408667806,0.12129549008734797
2026-06-18 00:00:00+05:30,519.5687395965208,524.2979752553181,508.0692418851144,516.3329467773438,129929,0.0,0.0,514.0479934692382,508.75721984863316,487.88038208007794,,513.2517504413145,506.29211994523786,503.13902666745565,,513.8611957368397,513.3429484288832,515.4433165173597,516.9704171913077,511.99103285456795,523.5269598919542,511.64555557581247,514.5546622420846,514.1416462001622,512.6472298862516,517.6163200146768,515.148899866644,513.4713833796752,510.3391054552685,512.322323774951,514.9888610839844,512.8233795166016,518.2495535751158,53.27120049948951,1.3326318323513533,-0.7512645243108071,2.0838963566621604,37.99055115415874,32.56580764295701,5.424743511201726,53.74356980234637,43.5793577336857,-56.044023134786926,0.10616963688019836,1.8360305611653964,0.547607421875,-11473.979597591557,-4.239913434400478,31.422704036366877,-0.45109647646059853,-0.44325374713077476,0.09602987971533139,0.13493234269972534,-0.6507865514885419,10.701327769760724,-5.527405600442933,-42505.098386714606,-42670.054209380825,-4.032307942708323,1,0,0,-4.032307942708323,1,1,1,0,0,14.800143448024174,16.228733370203656,504.64242311140646,514.0479934692382,523.4535638270701,3.659413314447518,0.6214680886525322,484.10705690166833,513.2517504413145,542.3964439809606,502.3941642505709,518.2495535751158,534.1049428996607,1.6088880125333727,0.1943886101061096,481.842142426192,514.0479934692382,551.237464121282,2507591.0,54.78810077149207,-0.2340091021900276,-735207.5134289556,-211043.42782701505,62609.70864456023,516.2333879725921,13735802.129613385,1000.1202634560367,-11.399209360862917,-2.8488284008440417,-8.550380960018876,0.6424762500024724,0.48587235461013495,4.702785178915902,22.116188439031074,515.5364379882812,515.5364379882812,-0.5542516422104015,-0.4830396252451402,0.34388942902611114,22.116188439031074,513.4876002720424,0.46545562744140623,3.317391084116739,5.1407663981119756,0.005233522300843729,0.023384290246026174,0.018360305611653915,0.17689779243296755,-0.025462777364597455,,0.00521987501787154,0.20632572989537024,1.6844170190618608,0.039340742408667806,0.12129549008734797
2026-06-19 00:00:00+05:30,517.7268142653506,532.6612415999281,513.5949317287814,530.0726318359375,237674,0.0,0.0,515.2352813720703,509.5965344238284,488.44988159179667,,514.8537391455643,507.2246890389908,503.67236538366325,,515.3873517717634,514.1788469381893,518.2860029944027,518.3802272870557,516.2850443320231,525.1381763346917,513.6234923100986,514.6926188175371,514.5116917549055,516.2269289279627,518.9793947333875,516.2098904775771,514.3969642070489,511.55017903549265,515.5144937394844,523.2027893066406,517.3036956787109,518.2495535751158,61.35377872552099,2.5492619969136285,0.37229251220117465,2.176969484712454,55.57296656890404,42.10706701211389,13.465899556790156,71.64820986133324,56.24306090252396,-12.715900509238875,1.7973189312764861,4.6898079652377245,9.35888671875,-11003.412428539816,-1.678368167549479,42.54453660595471,-0.0992841668367623,-0.45109647646059853,0.09248457420216738,0.12586583317432243,0.6224813069679428,16.710882064316365,-2.3554278068303347,-39927.226551369764,-42373.35797340062,-0.1742502848307197,1,0,0,-0.1742502848307197,1,1,1,0,0,15.104869621104354,19.0663098711467,504.09797682644626,515.2352813720703,526.3725859176943,4.323191733285585,1.166110475972257,484.8530526342375,514.8537391455643,544.8544256568912,502.3941642505709,518.2495535751158,534.1049428996607,1.4888945934988091,0.2138598396506205,481.12013175238104,515.2352813720703,553.4898965334538,2745265.0,61.44868673740659,-0.16960844052424262,-562070.9347972866,-124030.47539348638,520174.87978336745,525.4429350548822,14368255.651511999,1000.1202634560367,-8.137246431530906,0.3305076227903765,-8.467754054321283,1.181719871423564,2.664441903889028,5.568652272812016,31.009888135494425,515.9844970703125,515.9844970703125,0.4935571791095318,1.8046777839714794,0.2381954620325732,31.009888135494425,515.6914925711495,1.1872879028320313,3.321316968361738,5.2239579264322895,0.026610126555643987,0.043205651588668514,0.046898079652377245,0.2571428654144903,0.01729244052096024,,0.02626223526417025,0.20632572989537024,1.6844170190618608,0.039340742408667806,0.12129549008734797
2026-06-22 00:00:00+05:30,533.6568813149461,544.4096570683699,524.7957632693575,539.0830688476562,441099,0.0,0.0,516.4723510742188,510.61605773925817,489.11844635009743,,517.1612943552873,508.4740372667816,504.37356743245516,,517.6585696265812,515.3351816214767,522.3544639796999,520.3924576063292,522.1372732725902,527.6183541909727,517.7876549487091,515.6086899563855,517.4592827241953,520.1152345713562,520.9410541157791,518.6868624872377,515.4823805334065,513.1447871029394,520.7498769946957,534.5778503417969,521.8089141845703,523.4019106594704,65.5607775517235,4.192192149606171,1.6121781319149737,2.5800140176911976,72.85413331595439,55.47255034633905,17.381582969615337,89.00446515428243,71.46541493932068,-12.677676408111015,5.720971681338602,4.810303200176007,29.171875,-7764.961704116236,2.1120433870434,49.73358593852907,0.39096824053845136,-0.0992841668367623,0.09409314366735089,0.11793012275686582,1.9965164139619975,25.15462477389474,5.540730974882308,-36609.257427999684,-40791.38483636181,5.127477010091155,1,0,0,5.127477010091155,1,1,0,0,0,15.426942776669216,19.61389379901243,501.0724229787044,516.4723510742188,531.872279169733,5.963505331305249,1.234117641108454,486.281836311894,517.1612943552873,548.0407523986806,502.3941642505709,523.4019106594704,544.4096570683699,1.4803960533580163,0.21485344874624807,481.71950783721627,516.4723510742188,554.8608785491614,3186364.0,64.47114408409998,-0.1072806883941511,-360552.3833961149,-13039.23073453491,1013649.1477331906,536.0961630617945,15118057.56859386,1000.1202634560367,2.1382694428241305,8.484818797716331,-6.3465493548922005,2.0063962839509766,2.9364705644338094,7.699964047757158,59.289446336752796,516.2085266113281,516.2085266113281,1.3837300955902823,3.2574172000183688,0.23571459040860765,59.289446336752796,520.0310067313058,1.2370697021484376,3.3311417533241556,5.1690881347656195,0.01699849505625406,0.05422511263676677,0.04810303200176014,0.21920738807069307,0.040349705298502014,,0.016855637277967205,0.20632572989537024,1.6844170190618608,0.039340742408667806,0.12129549008734797
2026-06-23 00:00:00+05:30,537.7389776304788,547.9441706870658,525.7914345398403,528.7783203125,227666,0.0,0.0,517.146890258789,511.56190490722685,489.77805023193343,,518.2676777797838,509.2702836607313,504.85682986572334,,518.8305666968937,516.0474272125842,523.9672733954634,521.4863360125229,524.2289624620819,528.7148242722774,521.9559846199332,516.8025641416234,517.6800682855991,522.1350448205127,521.9316732979729,519.306779825297,516.1939458948094,514.135149692144,525.6688818707503,533.9306945800781,521.8089141845703,525.1691674688184,57.8100113641636,4.609582646494118,1.6236549030423362,2.985927743451782,77.50997295853155,68.64569094779665,8.864282010734897,87.03425250112019,82.56230917224528,-42.076504207055464,1.4711464729203285,2.6181078975574805,7.66632080078125,-6195.196918671283,6.440389242394076,43.83452794803328,0.9004028981732126,0.39096824053845136,0.09685477955474475,0.11123036038642237,2.8559263221125804,27.328668675729887,5.175932528504404,-35142.861267998815,-38453.48793557538,7.351048787434895,1,0,0,7.351048787434895,1,1,0,0,0,15.907356588851806,22.152736147225482,500.8120227290115,517.146890258789,533.4817577885664,6.317302815686732,0.8560307432095087,486.1095517124802,518.2676777797838,550.4258038470873,502.3941642505709,525.1691674688184,547.9441706870658,1.5639203810269544,0.2282075210148864,481.3133638562714,517.146890258789,557.2922822781253,2958698.0,63.746098007793385,-0.13317736700224247,-526825.3047444274,-19353.357372650993,533693.4294848944,534.1713085131354,14682866.590509577,998.2087308684554,1.9990720247256966,6.676497103694318,-4.677425078968621,1.0354450713731498,1.4241229728380291,8.167433764888726,66.70697430384442,516.2831726074219,516.2831726074219,1.0837260416933252,1.7037180630249082,0.2793858962675695,66.70697430384442,522.1979195731027,0.6745391845703125,3.3331640951914068,5.25050957573784,-0.019115325875812883,0.030062080725631324,0.026181078975574756,0.1539380790998981,0.017043258744325662,,-0.01930038583386951,0.20632572989537024,1.6844170190618608,0.039340742408667806,0.12129549008734797
2026-06-24 00:00:00+05:30,537.5896498037459,537.5896498037459,520.7635029363817,524.8953857421875,230885,0.0,0.0,517.5600769042968,512.1702343750003,490.29179473876934,,518.8988880619174,509.8830327619649,505.253632952386,,519.5685186476935,516.5703088139552,524.6267600647009,522.2087439619302,524.8891097609257,529.2591205950378,525.3184448427141,518.044960217664,517.8441955457836,524.3370416912153,522.748742472792,519.7064758493002,516.7412451451905,514.8426260438551,528.6116017953082,526.8368530273438,521.8089141845703,525.1691674688184,55.16358170814736,4.574317370395647,1.2707117015550917,3.3036056688405555,64.88158729736396,71.74856452394997,-6.866977226586002,69.64146671168707,81.8933947890299,-50.60105749274165,1.6779207488134267,1.5995405749641474,8.6619873046875,-5612.785530548526,9.53284244685267,43.24669953099741,1.067715840275108,0.9004028981732126,0.0993469592743601,0.10601235695677749,3.0581983461583393,16.36273583085972,-0.46341103650456716,-36354.71282670027,-36631.029461677834,10.835749308268227,1,0,0,10.835749308268227,1,1,0,0,0,15.972984465888413,16.826146867364287,500.86597608462296,517.5600769042968,534.2541777239707,6.451077494047437,0.7196976320295759,486.598460312002,518.8988880619174,551.1993158118329,502.3941642505709,525.1691674688184,547.9441706870658,1.7054108608499159,0.23018488280449745,481.8182450064501,517.5600769042968,557.6104833131265,2727813.0,58.178380509283265,-0.13916538100053205,-644316.5766213448,-57560.599560658564,329378.4612346807,527.7495128274384,14513322.69776133,998.2087308684554,1.9801465626387194,5.326057313285872,-3.3459107506471533,1.1584128361885793,0.8787905281183036,8.347050409836925,69.67325054435877,516.2831726074219,516.2831726074219,0.8969084531566219,1.080871257090754,0.3226823977291006,69.67325054435877,523.5854021344866,0.4131866455078125,3.335236473818803,5.44698092990451,-0.007343218171308008,0.021903484451888833,0.015995405749641423,0.16611374966677173,0.012483259956757031,,-0.007370312318170483,0.20632572989537024,1.6844170190618608,0.039340742408667806,0.12129549008734797
2026-06-25 00:00:00+05:30,522.0080175659351,526.3888073334402,513.7443130561041,515.7853393554688,119758,0.0,0.0,517.5177612304686,512.7457073974612,490.77666564941387,,518.6023596136843,510.1144957656317,505.4621815940312,,519.3994960239955,516.7120776367187,523.5164323535155,522.1792317651998,523.0175017931431,528.7023821613332,526.6929553460456,519.0005417642756,517.7762753968407,524.2527196402662,522.8465880594134,519.6021465187946,517.0708553074902,514.9094717655947,527.7954035615503,520.3403625488281,521.8089141845703,525.1691674688184,49.444568609728535,3.767831560604236,0.37138071341094436,3.3964508471932917,45.573760598891475,62.655106951595656,-17.08134635270418,42.68171967190704,66.45247962823811,-70.60115650352846,2.2298919195685856,-0.1638137098110897,11.250579833984375,-5711.950115226705,10.578837398136784,41.407815133004114,0.7443691053490861,1.067715840275108,0.09936538088028968,0.1020868907477373,2.6105129643051153,5.939261163042147,-6.7052331142939465,-38782.12272321476,-36397.754723435435,8.92744954427083,1,0,0,8.92744954427083,1,1,0,0,0,15.735235166706104,12.644494277336094,500.80946722875206,517.5177612304686,534.2260552321852,6.457090076286598,0.4481568293321299,486.9696879776015,518.6023596136843,550.2350312497671,502.3941642505709,525.1691674688184,547.9441706870658,2.0597389007953,0.23919864852576586,480.4248000104044,517.5177612304686,559.3781618864145,2608055.0,52.467223502082724,-0.1534799579224655,-725412.8125051751,-93761.40100418415,126467.1188896315,518.639486581671,14305471.578316258,996.4731380943186,-2.0951194922149443,1.0006330067457676,-3.095752498960712,0.6104520764688611,-0.2073726826714801,8.354147000858305,69.7917721119498,516.2085266113281,516.2085266113281,0.9110285633265502,1.087918982167677,0.3343653989108223,69.7917721119498,523.1629656110491,-0.042315673828125,3.3374680086884503,5.388015747070309,-0.017355927741367738,-0.001060570365096547,-0.0016381370981108923,0.19201558335418034,-0.0046114285451784864,,-0.017508307557906694,0.20632572989537024,1.6844170190618608,0.039340742408667806,0.12129549008734797
2026-06-26 00:00:00+05:30,515.7853393554688,515.7853393554688,515.7853393554688,515.7853393554688,0,0.0,0.0,517.3435241699218,513.3560272216799,491.13160705566384,,518.3340719700446,510.3368817887626,505.66660055960426,,519.2345034644718,516.831278889974,522.5374013427895,522.1421558890027,521.4429344560413,528.1602095427961,526.4637668758244,519.6572237667979,517.7317236718703,523.8682588504937,522.6262906416423,519.6514633140284,517.2785077431926,514.97160986551,524.5130466885834,515.7853393554688,521.8089141845703,525.1691674688184,49.44456860972854,3.0930312075129223,-0.24273571174429565,3.335766919257218,36.065543166733804,48.84029702099642,-12.774753854262613,28.687720131006813,47.00363550486698,-70.60115650352846,1.508764781642619,-0.6710845360349734,7.66632080078125,-5628.222099811978,9.510736083201323,42.331403797447884,0.22445301440927082,0.7443691053490861,0.0974994295307452,0.09919978938057492,2.935360979963538,-3.997891555653723,-3.997891555653723,-39858.09371934157,-37545.77101452841,8.827891031901041,1,0,0,8.827891031901041,1,1,0,0,0,14.611289797655669,2.220446049250313e-16,500.6394927525816,517.3435241699218,534.047555587262,6.457616897453901,0.45335901928334793,489.7140357278745,518.3340719700446,546.9541082122148,502.3941642505709,525.1691674688184,547.9441706870658,2.2954752043686946,0.23841884852177206,483.52929475059295,517.3435241699218,555.7870558573591,2608055.0,57.2008391569407,-0.1762738747751258,-725412.8125051751,-100047.05604888243,108400.38761968414,,14305471.578316258,996.4731380943186,-10.530001505193349,-5.947399204986109,-4.58260230020724,0.0,-0.1865639228666114,8.352015708670109,69.75616639787226,515.9844970703125,515.9844970703125,0.9802137242507688,1.1900948889352523,0.3358453365691684,69.75616639787226,523.0164620535714,-0.174237060546875,3.3376920869722486,5.3297148980034645,0.0,-0.026953461888767682,-0.006710845360349715,0.11516518725797265,-0.0038458129028821064,,0.0,0.20632572989537024,1.6844170190618608,0.039340742408667806,0.12129549008734797
2026-06-29 00:00:00+05:30,515.7853425493512,526.2394420076694,512.6491491728611,514.590576171875,131278,0.0,0.0,517.696971130371,514.0400231933596,491.3914657592771,,517.9775485606951,510.5036933331984,505.84331294796607,,518.9723179408483,516.8796925742953,521.4579920513861,522.0062854231812,519.8137204986602,527.4975248454022,525.1943982937636,519.9744472075095,517.6991536456355,523.1031944845241,522.283832801682,519.9075374522583,517.4597429039217,514.9443124720501,520.5840691523767,515.1879577636719,521.8089141845703,525.1691674688184,48.67698983292384,2.4337845093056103,-0.7215859279612862,3.1553704372668965,28.524520031585773,36.72127459907035,-8.196754567484575,17.836726777934086,29.735388860282644,-73.22412689818574,0.6327854603649884,1.3928350427158729,3.235778808593693,-5791.338251384075,6.891946145807083,38.07822530191155,-0.17228664189913034,0.22445301440927082,0.09395878044522465,0.09705920561221425,2.535910353937104,7.198018916439423,-6.392273918368801,-39474.51835667232,-38851.61067808087,8.437932332356771,1,0,0,8.437932332356771,1,1,0,0,0,14.538361443166565,13.590292834808224,501.57912929459394,517.696971130371,533.8148129661481,6.226747589650529,0.4036348975828544,489.4946028492444,517.9775485606951,546.4604942721459,502.3941642505709,525.1691674688184,547.9441706870658,2.5968528155179653,0.22332032363664112,484.59567324151556,517.696971130371,554.9119465917134,2476777.0,55.66751988950981,-0.16933250235513853,-819183.6510812856,-123359.44938239572,70508.02921461209,517.8263891174685,14275062.392701983,996.4731380943186,-11.94473219453665,-5.889703915463528,-6.055028279073122,0.7222513812002715,-0.3854604096685831,8.058920917888528,64.94620636078129,515.9844970703125,515.9844970703125,1.048342345606671,1.5151143735548414,0.46399169764482323,64.94620636078129,521.5230115618025,0.35344696044921875,3.336314399747758,5.1134474012586715,-0.0023163961680002787,-0.04543361513492972,0.013928350427158787,0.09363088142395548,-0.010908099487648593,,-0.00231908316383705,0.20632572989537024,1.6844170190618608,0.039340742408667806,0.12129549008734797
2026-06-30 00:00:00+05:30,514.5905986531714,525.6918814417121,513.3460629490006,523.103271484375,158479,0.0,0.0,518.0429519653319,514.7996887207033,491.6448535156248,,518.4657126486646,510.99779443716614,506.1850943051227,,519.4872036888486,517.2351140759038,522.056357600786,522.5240290744912,520.6683894229473,527.822641162895,524.265829549682,520.2245445948154,517.8454519716227,524.004010969629,522.5697566187423,520.2555866695627,517.704629070015,515.4915779260637,518.60741121045,518.846923828125,521.8089141845703,525.1691674688184,54.139734165889514,2.5686206594645,-0.46939982224191734,3.0380204817064174,33.87975683717495,32.82327334516484,1.0564834920101092,25.690960745709837,24.071802551550242,-54.53544608676093,1.9007065080013916,1.340533865238101,9.7572021484375,-5876.725035653702,3.559810374129029,37.47700303719487,-0.5083142942130539,-0.17228664189913034,0.09116411090550613,0.0956441153528578,2.75011981590058,6.070194294318526,-6.275624198392961,-37792.21686533647,-39206.593956763165,7.052352905273437,1,0,0,7.052352905273437,1,1,0,0,0,14.381751232419775,12.345818492711487,501.76560688730444,518.0429519653319,534.3202970433593,6.2841681433074505,0.6554405676965698,490.34384395874036,518.4657126486646,546.587581338589,502.3941642505709,525.1691674688184,547.9441706870658,2.7034551869446317,0.2228299041231643,484.6941686368369,518.0429519653319,555.4709292417622,2635256.0,50.54494932408243,-0.1832650583196394,-727162.831666237,-92402.4905338271,253161.65938819427,520.7137386250292,14537228.763968581,996.4731380943186,-11.748609790243856,-4.554865208936587,-7.19374458130727,0.8485040257079924,0.6217622707862781,8.138672539013738,66.23799069729634,516.0093688964844,516.0093688964844,0.8935499288656905,1.1312952159942329,0.5108308602397807,66.23799069729634,522.3757071358817,0.3459808349609375,3.33683153567951,5.185131971571169,0.01654265683570677,-0.010732378030875234,0.013405338652380916,0.11727815872345015,0.008929480612021257,,0.016407317628514214,0.20632572989537024,1.6844170190618608,0.039340742408667806,0.12129549008734797
2026-07-01 00:00:00+05:30,524.248183249122,531.6656278512773,509.761800486618,511.504150390625,187273,0.0,0.0,517.7343063354491,515.099372558594,491.9883453369139,,517.8027067193275,511.0176515333802,506.29042214839995,,518.8644606817337,517.1058772786458,520.451522978037,522.1109553558001,518.343611523096,526.7858255989656,522.4589588234641,520.1134639763826,517.8018520658907,522.3536626871792,521.9347327493492,519.9642841350117,517.9799094469303,515.1977761499904,517.2292237592064,517.3037109375,523.6010437011719,526.8617280776854,46.82615554199751,1.7197034743670656,-1.054653605871482,2.7743570802385475,28.605918461158943,30.336731776639887,-1.730813315480944,19.31737445215653,20.94835399193348,-86.42267163157649,-0.416752024465169,-1.192425363029072,-2.140625,-6103.553219257203,1.679824924546665,29.382240296510826,-0.72996724058818,-0.5083142942130539,0.08623828909688491,0.09455616083969708,2.43389160877678,13.20358881199354,-8.700238552665837,-35381.636974866844,-38295.533523037666,5.73314921061197,1,0,0,5.73314921061197,1,1,0,0,0,14.919042384722603,21.903827364659378,501.1957476759083,517.7343063354491,534.27286499499,6.388820851606926,0.3116475542676732,488.186953644699,517.8027067193275,547.418459793956,502.3941642505709,525.1691674688184,547.9441706870658,2.9077995506317063,0.23713571838429048,484.5100388336072,517.7343063354491,556.6806808522342,2447983.0,49.7537202184402,-0.2692647113444651,-884642.3998480556,-121445.18901418883,-93318.89260866825,517.6438595761734,14121975.730198417,996.4731380943186,-10.151899304920121,-2.366523778890281,-7.78537552602984,1.0046613781563818,-0.7534097829293044,8.269279329770406,68.38098063376808,515.7853393554688,515.7853393554688,0.9474436469446137,1.0346440415605171,0.43974635997665107,68.38098063376808,521.1247693743024,-0.3086456298828125,3.3329641329088218,5.181481119791653,-0.022173673394998983,-0.025512198650075146,-0.011924253630290704,0.10567089996743206,-0.016934495488951873,,-0.022423204875028625,0.20632572989537024,1.6844170190618608,0.039340742408667806,0.12129549008734797
2026-07-02 00:00:00+05:30,513.9434607722003,515.3871342983929,506.7749231825506,512.2011108398438,152971,0.0,0.0,517.5550949096679,515.5274926757814,492.3243698120116,,517.2692213974718,511.06406170226114,506.4074654888246,,518.3374896821522,516.9922199563418,519.1830922451015,521.7669241644913,516.6109836520351,525.8833362285269,520.0943332345145,519.7975697821477,517.7446322718806,519.6847033687574,521.2758075871504,519.7416913905998,519.0913165988094,514.978675301412,516.2182292398288,511.8526306152344,525.2189331054688,527.3595469348082,47.286942057142795,1.0905976418282535,-1.347007550728235,2.4376051925564886,24.07402621086233,28.85323383639874,-4.7792076255364115,15.04766869471986,20.018667964195405,-86.8198036490756,-0.8002270556795895,-0.6949070169586233,-4.1318359375,-5888.371994010246,-0.0418769239086032,33.37079938731839,-1.100997497066687,-0.72996724058818,0.08000242678245506,0.09316925557084016,1.988665678007896,-2.1804864266852064,-10.792697542527492,-33096.873849818556,-36486.51664781625,3.044957478841136,1,0,0,3.044957478841136,1,1,0,0,0,14.468554436945437,8.612211115842285,500.8507678469132,517.5550949096679,534.2594219724226,6.455091342756552,0.33974259933637746,488.83359506979036,517.2692213974718,545.7048477251533,502.3941642505709,525.1691674688184,547.9441706870658,3.1284842932457093,0.23694590528666035,484.00048599459257,517.5550949096679,556.706284457459,2600954.0,50.0115108672818,-0.25258544648775794,-844852.3676441656,-109625.35641726374,-64756.94553922402,511.45438944026245,14142819.106893605,996.6093951410477,-10.35163519795622,-2.053007737541103,-8.298627460415117,0.8106214723994652,-0.6410296026544907,8.35216353137735,69.75863565486978,515.7853393554688,515.7853393554688,0.9747904431760624,0.9690291584474716,0.3898077921022077,69.75863565486978,519.9022792271205,-0.17921142578125,3.328538040433758,5.054925469292537,0.0013625704672903804,-0.006949070169586236,-0.006949070169586236,0.06478320175965324,-0.010863186252536683,,0.0013616430105390747,0.20632572989537024,1.6844170190618608,0.039340742408667806,0.12129549008734797
2026-07-03 00:00:00+05:30,520.3652783567252,521.510214711479,502.7924103988155,506.0779724121094,390353,0.0,0.0,516.823306274414,515.857045288086,492.51403686523423,,516.2033881607706,510.8685287889219,506.40094087344403,,517.2444303966704,516.6216505342371,516.970660284944,520.9638061986406,513.6061155699947,524.3350321508891,516.7293275933864,519.185924579248,516.6693519820328,515.2454817123578,520.6231997547653,518.3653808300435,519.4334103472789,514.2969906537539,514.1630401626479,509.13954162597656,522.5805206298828,525.3682905429407,43.70374280054031,0.09682450652326224,-1.8726245488265811,1.9694490553498434,11.344744431918334,21.341563034646533,-9.996818602728199,0.8198484333908129,11.7282971934224,-92.7232914235929,-4.526673890089595,-2.8107137255968384,-23.994659423828125,-5688.674512875341,-0.9560954142733635,32.13131337562733,-1.4633882558413693,-1.100997497066687,0.07153923570839549,0.09066326579762289,0.8752369382641618,5.583972316824884,-13.133831995838591,-32111.6402937512,-34476.813134743075,2.6716003417968657,1,0,0,2.6716003417968657,1,1,0,0,0,14.772072285211012,18.717804312663475,499.43334513527077,516.823306274414,534.2132674135572,6.729557637212978,0.19104778968948216,486.9106206618848,516.2033881607706,545.4961556596564,502.3941642505709,525.1691674688184,547.9441706870658,3.494918663604242,0.23739311913872843,482.80409747210126,516.823306274414,556.965996460726,2210601.0,40.979306638866575,-0.2951441552768441,-1098166.9664351502,-175424.12847772008,-396961.0182738201,510.12686584080126,13676169.307801552,996.6093951410477,-0.21748110929970818,6.464917080892327,-6.6823981901920355,1.9137183651818201,-1.2358088412420725,8.694980569571603,75.60268710522773,515.1879577636719,515.1879577636719,1.0079195765773097,0.8777834234686347,0.3240555316568023,75.60268710522773,518.0866786411831,-0.7317886352539062,3.3181141275062362,5.061009724934894,-0.011954559055317948,-0.0188205561551823,-0.028107137255968362,0.03681789629009402,-0.022875840870622444,,-0.012026589432918415,0.20632572989537024,1.6844170190618608,0.039340742408667806,0.12129549008734797
2026-07-06 00:00:00+05:30,509.0150917809303,509.0648610543306,489.84924235935,491.9898376464844,301218,0.0,0.0,515.9272384643555,515.7943206787111,492.54291015624983,,513.8973357308386,510.1281879598067,506.11557249271215,,514.8793381463914,515.6856816071155,512.5051059303902,519.1162642823474,507.5071589707783,521.2915038585918,511.4234851814038,517.9764579946874,510.56426348744003,509.52699345217786,518.5515456666495,516.9505768460677,519.0473906688205,512.3943905593693,509.7740164701869,499.0339050292969,515.5364532470703,518.896706523208,36.79521945157593,-1.806715902799965,-3.020931966519847,1.2142160637198818,8.047185268692692,14.48865197049112,-6.4414667017984275,0.8198484333908129,5.562455187167162,-96.31534912125342,-8.735802313702477,-3.5146034088685165,-47.093231201171875,-4930.418572347277,-4.591896623839375,30.322825212756868,-1.8707201896568426,-1.4633882558413693,0.05846339390325195,0.08639755628079035,-1.5660939864453451,-3.4418949477278034,-22.65751364270841,-33275.598391974934,-33179.043942330216,-1.310907999674488,1,0,0,-1.310907999674488,1,1,0,0,0,15.08946845733741,19.215618694980606,495.4625517012139,515.9272384643555,536.391925227497,7.933167794766642,-0.08484649911632508,483.73423776613606,513.8973357308386,544.0604336955411,489.84924235935,518.896706523208,547.9441706870658,4.1841175379247675,0.24655327114982628,481.8807305340762,515.9272384643555,555.9555027942835,1909383.0,38.42421908985873,-0.29258373652360153,-1332274.3683914372,-260882.8787178417,-946480.8410678502,496.9679803533884,12837642.438590895,993.8256077538043,3.5136074642990285,8.156804523592852,-4.643197059293823,1.5854571944242823,-2.3393859964653014,10.23234338157078,104.70085107837536,515.1879577636719,515.1879577636719,0.09320148328794335,1.232114120908422,0.23546504004417398,104.70085107837536,512.7835375104632,-0.8960678100585937,3.3020058939515398,5.696332465277774,-0.027837873872433194,-0.04391984535263216,-0.03514603408868522,0.007955090464488945,-0.03088841523927066,,-0.028232692003137605,0.20632572989537024,1.6844170190618608,0.039340742408667806,0.12129549008734797
2026-07-07 00:00:00+05:30,496.1216758142903,498.2623014243184,488.8535998239368,489.6998901367188,201482,0.0,0.0,514.3566329956054,515.6539373779299,492.6001586914061,,511.59281710282715,509.3270782412543,505.7905094757618,,512.3814954485213,514.6623706054687,508.2481399532684,517.1929873313607,501.9596879596626,518.2047627205113,505.3506336307937,516.2198564028602,505.8811137063275,504.28674593589903,516.3229641614929,515.3699829295142,518.9772716871851,510.4513134676439,504.0295421899378,490.84486389160156,514.3914794921875,518.3988852555013,35.804477280229634,-3.4601782367774945,-3.739515440397901,0.2793372036204065,4.131183753019326,7.841037817876783,-3.709854064857457,0.0,0.546565622260542,-98.56780819609568,-7.390323822785781,-6.027899838121757,-39.07843017578119,-4169.951259136684,-9.307516662452713,28.9041209132457,-2.2912550864969026,-1.8707201896568426,0.04191060665890145,0.08001573932351717,-4.106848823244493,-10.986330882691504,-20.395032483073123,-35468.023783826786,-33223.22916751626,-9.715667724609375,0,1,0,-9.715667724609375,1,0,0,0,0,14.683699396126283,9.408701600381619,490.9563532271439,514.3566329956054,537.756912764067,9.098854089692079,-0.026847180949488535,482.51026149659504,511.59281710282715,540.6753727090593,488.8535998239368,518.3988852555013,547.9441706870658,4.8326183952390664,0.2304362971315436,480.9689950515873,514.3566329956054,554.3094881766423,1707901.0,38.398482421463896,-0.3539343943611022,-1497510.715794053,-324701.8526516474,-877181.1786528125,492.27193046165803,12743863.427550811,993.360161654202,2.6265847947371053,5.815825483224742,-3.1892406884876374,1.0753179409477627,-2.107388723797952,11.700139884230778,136.8932733105678,514.11767578125,514.11767578125,-0.15116728746046418,0.823975149415695,0.3140447343365635,136.8932733105678,508.4312203543527,-1.570605468749997,3.290380008861283,6.658989257812493,-0.004654460996023624,-0.06385618895647438,-0.06027899838121753,0.017059538330054913,-0.037663888594527406,,-0.004665326728801727,0.20632572989537024,1.6844170190618608,0.039340742408667806,0.12129549008734797
2026-07-08 00:00:00+05:30,485.86671440356713,507.7207724202648,485.86671440356713,491.5418090820313,493785,0.0,0.0,513.1220535278321,515.6190899658205,492.80525817871074,,509.6831972913228,508.62961670559855,505.5083569927176,,510.2086550757999,513.7167969468061,504.9293095646467,515.5169486696784,497.9647577149449,515.5488450401313,499.54116287693824,514.1062330080018,503.27068082905043,500.76403478091754,514.4004274809871,512.4296151172181,518.4364811484667,508.8804893556124,498.4779010369034,490.62084960937506,514.3914794921875,516.9054425453164,37.26763315708609,-4.569259998680593,-3.8788777618407995,-0.6903822368397934,4.752933398483485,5.6437674733985,-0.8908340749150154,1.6390432317489616,0.8196305550465914,-90.85804248720044,-6.354328417841807,-4.783028263999096,-33.35357666015619,-3728.4235464025896,-13.69545586147666,28.983275373184053,-2.3597092357042486,-2.2912550864969026,0.023754037400491868,0.07161447893687296,-5.930211073672029,1.001686288251733,-20.852371728445917,-38868.575877614676,-34744.576753828216,-20.136586507161446,0,1,0,-20.136586507161446,1,0,0,0,0,15.195867869024237,21.85405801669765,487.6270286041156,513.1220535278321,538.6170784515487,9.93721659337476,0.07677538048362569,479.207731168218,509.6831972913228,540.1586634144276,485.86671440356713,516.9054425453164,547.9441706870658,5.371159503225912,0.2304012522760067,479.32514259531416,513.1220535278321,553.2256766223758,2201686.0,44.88271154553116,-0.3195757735156582,-1734842.051795875,-396805.7804749976,-621939.3036436775,495.0430986352878,12929591.863421444,993.360161654202,11.806844964587334,11.996868522459977,-0.19002355787264325,2.311081593768034,-1.6928984780654988,12.747512461858253,162.49907396523147,513.4954223632812,513.4954223632812,-0.12843700440935532,0.15959375459448916,0.41450695042551244,162.49907396523147,504.38185817173553,-1.2345794677734347,3.2823792359571287,7.470756022135411,0.003761321949241614,-0.03902674356278213,-0.047830282639991006,-0.005939794798336173,-0.03366609095230921,,0.0037542658657716407,0.20632572989537024,1.6844170190618608,0.039340742408667806,0.12129549008734797
2026-07-09 00:00:00+05:30,494.8273802264313,505.4806176686769,490.7452971698618,493.781982421875,165211,0.0,0.0,512.5844146728516,515.5434222412111,493.0561566162108,,508.1687958751849,508.0473565376094,505.2761515556712,,508.3667435418992,512.86043978822,502.4974866507341,514.1051706162064,495.3661774315887,513.3388283762754,494.8447184509012,511.8183325346552,502.1917158943277,498.00351961019027,512.5357134514018,511.9739917206283,519.1152120702171,507.66394426039363,494.6860736022137,492.6618957519531,514.3914794921875,516.9054425453164,39.08607019251116,-5.207424075640631,-3.61363347104067,-1.593790604599961,7.7749271123541455,5.553014754618985,2.2219123577351603,5.315119538660506,2.3180542568031557,-87.24936797964145,-4.265991150715799,-2.1312262231065358,-22.00335693359375,-3386.8196132409857,-15.985989468732441,23.839046874880093,-2.2269815204247956,-2.3597092357042486,0.005489740799258236,0.06139118018892997,-7.662111210587663,0.6096892095407043,-14.125631289274452,-43589.160266367886,-37589.65966353762,-25.994201660156225,0,1,0,-25.994201660156225,1,0,0,0,0,15.162971628295018,14.735320498815156,485.9010943294581,512.5844146728516,539.2677350162451,10.411288201348716,0.14767442715141962,477.78902738307767,508.1687958751849,538.5485643672921,485.86671440356713,516.9054425453164,547.9441706870658,5.82180265919279,0.21834690445084684,479.14769728393725,512.5844146728516,552.0028334960236,2366897.0,43.445271700357225,-0.3137146235098781,-1831959.0042709918,-421130.4376016329,-480219.22060187836,496.6692990868046,13004885.820275305,993.8159058652645,7.880572583025958,6.456476912718881,1.424095670307077,0.757136637565592,-1.4093022913943223,13.341660171696757,177.99989613703957,513.4954223632812,513.4954223632812,-0.14016948013181804,-0.1912686230275421,0.46360888548901796,177.99989613703957,499.9314012799944,-0.5376388549804687,3.2797374792155027,8.134840630425343,0.004557442110625809,-0.035960735008495726,-0.021312262231065304,0.013901707809160557,-0.02102252327637577,,0.004547088416984672,0.20632572989537024,1.6844170190618608,0.039340742408667806,0.12129549008734797
2026-07-10 00:00:00+05:30,501.79678923672014,520.7635009619393,501.74701996288536,507.0736083984375,413620,0.0,0.0,512.5321441650392,515.733587036133,493.4006439208983,,508.0644923059709,508.0091703360733,505.31174476047846,,507.8419048490979,512.5282902257583,502.8389378736074,513.792734374818,496.79010291579294,512.7929496354184,492.8381986068131,509.86973846908995,502.30052333810784,498.151435897315,512.2102353924927,511.6586030975431,518.6924558657004,507.62158070710643,494.7177877655855,500.42779541015625,509.2391052246094,516.9054425453164,48.6053793224794,-4.587765664010135,-2.395180047528139,-2.192585616481996,18.684859622645412,10.404240044494347,8.280619578151065,24.705548015158435,10.553236928522633,-65.83801066522187,-1.6890226015182068,-0.20574119804127844,-8.71173095703125,-3390.133705229692,-16.052459707141338,28.464031896855364,-1.5647586425896742,-2.2269815204247956,-0.009281738595390276,0.049920011406639424,-8.244706226381014,15.577903940045701,-3.438577059008196,-50274.66230672901,-41776.35972975349,-28.773671468098932,0,1,0,-28.773671468098932,1,0,0,0,0,16.00715355056425,26.981518540064258,485.8079284332115,512.5321441650392,539.2563598968669,10.42830816996419,0.3978728539430859,475.4386982340521,508.0644923059709,540.6902863778896,485.86671440356713,516.9054425453164,547.9441706870658,5.924259378099127,0.23806181404533933,477.8798805544925,512.5321441650392,553.4729953509063,2780517.0,42.55032416974106,-0.3215690137987076,-2013865.9434977933,-450676.32912545395,373766.7161163587,509.86137644108726,14118268.351865673,993.8159058652645,12.504837082044983,8.864593129390325,3.640243952654658,1.593499944137737,-0.40850858422765635,13.362107865913854,178.54592662031692,513.4954223632812,513.4954223632812,-0.128407162346433,-0.21313379595203835,0.4646155335736704,178.54592662031692,498.4614262172154,-0.0522705078125,3.2826774522706375,8.20066216362847,0.02691800521228105,0.0019673568908415984,-0.00205741198041276,0.04493228417841899,0.005329597544776465,,0.026562088627930927,0.20632572989537024,1.6844170190618608,0.039340742408667806,0.12129549008734797
2026-07-13 00:00:00+05:30,506.2770964243337,512.7486817276929,500.00464897628456,509.3137512207031,164831,0.0,0.0,512.4300918579103,515.2994934082033,493.74313995361314,,508.1834693454692,508.0603303707647,505.39099241315614,,507.5353912353516,512.2765319584865,503.5632326566864,513.6662417354386,498.63814565333206,512.5349783381826,493.00770352053945,508.33977976750714,502.3932938633002,497.9012259030022,511.6339713743435,511.5791262885981,517.2472303430892,507.7408516871124,497.7135401549749,508.1936798095703,507.2976379394531,511.72818210365654,50.02294043836429,-3.8712952227627397,-1.342967685024595,-2.5283275377381447,30.748204373965777,19.069330369655113,11.678874004310664,47.54846228834142,25.856376614053453,-54.66800823323934,-1.0254414277126982,-0.39914481160683496,-5.276824951171875,-3228.5439799591827,-14.347153349825817,30.763762470239023,-1.093901456883964,-1.5647586425896742,-0.020581601948310713,0.03750382108954867,-8.137865091220684,6.973348391683601,-5.770684359724726,-56708.411174075496,-47217.438699647326,-28.591135660807268,0,1,0,-28.591135660807268,1,0,0,0,0,15.774073493481685,12.744032751408326,485.67137967124887,512.4300918579103,539.1888040445717,10.443848872981974,0.4417696073064272,476.2374589467982,508.1834693454692,540.1294797441401,485.86671440356713,516.9054425453164,547.9441706870658,5.955274097042587,0.2374634464841584,477.3922120333088,512.4300918579103,552.9728691955145,2945348.0,43.57413836485776,-0.28166741288560804,-1937889.5535638356,-397618.40348571655,373120.75403357396,507.3556939748936,14191087.16464181,994.2576844917131,8.270795597574043,3.704441315935508,4.566354281638535,0.626919055553675,-0.2329215707742892,13.379356093330703,179.0071694721454,513.4954223632812,513.4954223632812,-0.1032594870674422,-0.23438553108968452,0.46490163467347445,179.0071694721454,497.7459899902343,-0.10205230712890909,3.2871956322061306,8.132960069444435,0.004417786264485413,0.035211933760848746,-0.00399144811606833,0.06020717920114693,0.030208418339411347,,0.004408056492257245,0.20632572989537024,1.6844170190618608,0.039340742408667806,0.12129549008734797
2026-07-14 00:00:00+05:30,513.7443335658854,517.7268477795745,503.340003028954,504.6343383789063,106624,0.0,0.0,511.99450531005874,514.5497851562501,493.841209411621,,507.8454568724632,507.92597774363304,505.37600916495313,,506.7929385230655,511.85829058478856,503.3594219165591,513.1829655502913,499.02481143374774,511.7608251422852,494.05454203287746,507.07526632218946,502.5364236003773,497.8882068995913,510.9046108624207,511.3694717825545,514.982772746265,507.51344333319634,501.38026123867405,506.9740447998047,506.4015808105469,508.76617112742224,47.10047266932377,-3.6391271524955755,-0.8886396918059445,-2.750487460689631,40.15743272975732,29.8634989087895,10.293933820967819,64.4084047557815,45.554138353093784,-59.02168291226679,-3.530647601010149,-1.6970483417357525,-18.468933105468693,-3119.250906517471,-10.647514193703444,30.004052297596456,-0.4764839270149628,-1.093901456883964,-0.03008788401771545,0.024578690743481957,-8.097071193547317,12.114513723151333,-2.2723310274691926,-59390.57612651119,-52824.31389241468,-26.39245096842445,0,1,0,-26.39245096842445,1,0,0,0,0,15.67498572613446,14.386844750620526,485.0158538486081,511.99450531005874,538.9731567715094,10.538648825972313,0.36359275700512195,476.20157227354747,507.8454568724632,539.4893414713789,485.86671440356713,516.9054425453164,547.9441706870658,5.988399873178119,0.2390289437111232,476.97332338342767,511.99450531005874,552.9397986918306,2838724.0,49.11283247070335,-0.2946451167204013,-2025328.3583739924,-367587.19875580864,248540.9727653857,508.5670630624783,14093124.422884317,993.338916280452,2.7583400525693396,-1.4464113832553567,4.204751435824696,0.4136933491841289,-0.5456289719795125,13.489325730725303,181.96190866960774,512.9229431152344,512.9229431152344,-0.004383937782927955,-0.3420746640764075,0.49165078113827293,181.96190866960774,496.3898049490793,-0.43558654785155965,3.2879393348154857,8.33186279296874,-0.009187682112610118,0.030497144359207473,-0.016970483417357518,0.040225806930520136,0.060577546387678316,,-0.009230149179991804,0.20632572989537024,1.6844170190618608,0.039340742408667806,0.12129549008734797
2026-07-15 00:00:00+05:30,503.4395556513279,513.2465026616584,503.4395556513279,508.7661743164063,87535,0.0,0.0,511.75057525634776,514.1117089843751,493.9840820312499,,507.9331442480768,507.95892662883983,505.44314114815023,,506.485478428432,511.6314823165594,503.95368691352826,513.0414148229846,500.4902286103064,511.50738813660314,496.08913181717764,506.1929937498211,502.59437980641434,498.5970669846748,510.9866884408093,511.21690090001607,514.6400668173839,507.60204605608897,504.60344050005887,506.7002563476563,506.4015808105469,508.76617112742224,49.8845939894716,-3.086152411232092,-0.26853196043396865,-2.8176204507981235,45.436771939168786,38.78080301429729,6.655968924871495,70.6155027589082,60.85745660101037,-49.9999930369875,-0.5352793466343837,-0.94980058358591,-2.737976074218693,-3028.840830290724,-8.093873995507579,33.72875435340094,0.008606491778903436,-0.4764839270149628,-0.03704523870655674,0.011573394578036201,-7.577101528584877,7.183619996666096,-2.6233270136643796,-57776.81556918777,-56708.242079515025,-20.63439432779945,0,1,0,-20.63439432779945,1,0,0,0,0,15.255840103577034,9.806947010330475,484.7465406378485,511.75057525634776,538.754609874847,10.553592286622168,0.44474157321111984,477.4349730375663,507.9331442480768,538.4313154585873,485.86671440356713,516.9054425453164,547.9441706870658,5.921435337629484,0.24113515485382717,476.79969095075637,511.75057525634776,552.5172591445718,2926259.0,49.69165567276523,-0.2948578503261766,-2017774.5270880715,-319481.1960702529,264703.7279116253,508.4840775431308,14164796.17236354,994.1576944775072,-2.6617782846599933,-5.493223776387752,2.8314454917277585,0.35330134039384414,-0.22103370715552056,13.502017309249627,182.30447141927655,511.8526306152344,511.8526306152344,0.05494981846135262,-0.3516414739711786,0.49060417322676086,182.30447141927655,495.9552847726005,-0.24393005371093465,3.2944494997094145,8.291927083333324,0.008187781970551589,0.035041505963738784,-0.009498005835859136,0.02466409579466866,0.06469419447330393,,0.00815444393649651,0.20632572989537024,1.6844170190618608,0.039340742408667806,0.12129549008734797
2026-07-16 00:00:00+05:30,513.2464977205141,513.2464977205141,506.8744813232235,508.7164001464844,62407,0.0,0.0,511.3697479248048,513.7044964599611,494.18967956542957,,508.00774004792515,507.98863147266906,505.5079581580182,,506.19650937034976,511.4199015778186,504.4747700879583,512.9003463522911,501.7451297239505,511.26240125338325,498.54718768495496,505.60531359971117,502.66275078102007,499.8120918319305,510.92108425639645,511.02486934582333,514.2868403331386,507.6809476318639,506.54346543448287,508.7412872314453,506.4015808105469,508.76617112742224,49.850556931064226,-2.6217108535838065,0.1567276777714537,-2.77843853135526,46.95655040285037,44.18358502392549,2.77296537892488,71.66919266527619,68.89770005998862,-50.10867284219458,-0.6803403232854336,-1.475123111627395,-3.484710693359375,-3021.7366788958466,-5.433496803322214,34.99880397515886,0.48593759385205804,0.008606491778903436,-0.04193115073071185,-0.0010344261374201696,-6.566488923623923,6.804541129594327,0.43252473230376154,-55205.88510008905,-57708.17994426041,-15.108662923177064,0,1,0,-15.108662923177064,1,0,0,0,0,14.621281267413716,6.372016397290565,484.4230463097232,511.3697479248048,538.3164495398864,10.53902845228304,0.4507667428796665,479.20043916274125,508.00774004792515,536.815040933109,485.86671440356713,516.9054425453164,547.9441706870658,5.85402356572838,0.24020583930241837,477.70409335002097,511.3697479248048,550.9574823006081,2863852.0,50.74065157017087,-0.30623518584504256,-2044102.326773359,-279134.749774185,226445.15869249057,509.612459730074,14164185.625361964,994.1479111679173,-8.352154656763819,-8.946880118793262,0.5947254620294431,0.2614381001614534,-0.196933028481334,13.473350807540804,181.53118198306043,510.40895080566406,510.40895080566406,0.14657662722627127,-0.3113163341494509,0.48806962774812346,181.53118198306043,495.85003226143976,-0.38082733154296877,3.3006694301239006,8.288609822591136,-9.783309589872502e-05,0.03024496287077927,-0.014751231116273966,0.036514820510951784,0.06270802809795395,,-9.783788186820493e-05,0.20632572989537024,1.6844170190618608,0.039340742408667806,0.12129549008734797
2026-07-17 00:00:00+05:30,513.2465234361443,513.2465234361443,502.7426542663384,508.6666259765625,115964,0.0,0.0,510.299447631836,513.3241668701173,494.4470498657226,,508.07049108874776,508.0152194924296,505.5705060356131,,505.93906918480286,511.22233802945004,504.930769209522,512.7598634545815,502.8168904770427,511.0256323800221,501.2954104812423,505.2000856650972,502.7218687930016,502.2436463533315,510.7272556420219,509.8687706683596,514.0061889515596,507.7508090929972,507.57108076740496,508.69151306152344,506.4015808105469,508.76617112742224,49.81395354412712,-2.2319256826157243,0.4372102789916288,-2.669135961607353,49.891327157805456,47.428216499941534,2.463110657863922,76.60227667154315,72.96232403190918,-50.21735264740155,0.5115127916188245,-4.038315614453447,2.588653564453125,-3230.646811765858,-5.820619252993879,38.22804802725616,0.8033452487901991,0.48593759385205804,-0.045145141665270394,-0.012546485645033764,-5.498047388938007,6.48675693298992,-4.017112236816047,-53102.73286574102,-56409.78505513431,-9.748860677083314,0,1,0,-9.748860677083314,1,0,0,0,0,14.327180403298877,10.503869169805967,484.8200829987209,510.299447631836,535.7788122649512,9.986044371146424,0.46795795972966703,480.00600568409453,508.07049108874776,536.134976493401,485.86671440356713,516.9054425453164,547.9441706870658,5.774010073582157,0.21810762675135104,477.9938378038614,510.299447631836,549.1066165791134,2747888.0,46.55979675227023,-0.3533327396023628,-2029263.5826989827,-232532.08046811144,193271.27718773187,508.2186012263484,14163051.002645032,994.1479111679173,-10.847285189878892,-9.15360852152667,-1.693676668352224,0.5488960214931103,-0.12816816108132972,12.739682316557559,162.29950552680936,509.0399627685547,509.0399627685547,0.2685303285778944,0.21684478301671142,0.4833335222494049,162.29950552680936,497.2183122907366,-1.07030029296875,3.308159855124438,8.088487548828116,-9.784266814971687e-05,0.0031415903958331715,-0.04038315614453447,0.03894254671006281,0.07512627647148817,,-9.784745505581719e-05,0.20632572989537024,1.6844170190618608,0.039340742408667806,0.12129549008734797
2026-07-20 00:00:00+05:30,504.88322417848735,510.6578877747749,502.195015044195,506.8744812011719,91317,0.0,0.0,508.68901824951183,512.6491308593752,494.70491760253907,,507.9565853851691,507.9704846574783,505.59632732602023,,505.612881905692,510.9694091796875,505.01282709596506,512.4860836228279,503.2775705385034,510.5997987699511,503.982433303899,504.83594977640433,503.2001943580633,504.3203535830737,510.3223786782723,506.4080779885137,513.1110760770637,507.68778024240794,507.935864576926,507.7705535888672,500.95050048828125,508.76617112742224,48.434954694670694,-2.044066505875662,0.5000555645853533,-2.5441220704610155,48.514516390308216,48.45413131698801,0.06038507332020515,80.6152579614471,76.2955757660888,-54.13042533947918,3.025396545971494,-5.974698429192636,14.8846435546875,-3831.091462477934,-5.616660148229357,40.66802145674543,0.8865648079200554,0.8033452487901991,-0.047417099471758206,-0.02247178632621817,-4.651686293257905,3.8817334576179974,-4.581139272961934,-51578.304702411806,-54328.72603387662,-7.666336059570293,0,1,0,-7.666336059570293,1,0,0,0,0,13.908301283818954,8.462872730579932,487.09440637839066,508.68901824951183,530.283630120633,8.490300005072656,0.45798634726177767,480.95293235608665,507.9565853851691,534.9602384142515,485.86671440356713,516.9054425453164,547.9441706870658,5.726151649354188,0.20634401028692578,477.949993194874,508.68901824951183,546.2750167030179,2656571.0,42.1246017448947,-0.4362850608835501,-2019594.8241603735,-189251.64890169585,142282.05409600653,506.5757946733806,14130878.00837002,993.7955891000108,-14.01773596642863,-9.859247438461125,-4.1584885279675055,0.4799146089713135,-0.1680546109528893,10.79730593556059,116.58181546609197,508.7412872314453,508.7412872314453,-0.16761316738113663,-0.21469827366890293,0.45602860105369464,116.58181546609197,499.46060921805247,-1.6104293823242188,3.3179895985331194,8.182963053385407,-0.0035232206790645204,-0.0047893268416273616,-0.059746984291926375,0.023728124698946695,0.07337131939603414,,-0.0035294418376826306,0.20632572989537024,1.6844170190618608,0.039340742408667806,0.12129549008734797
2026-07-21 00:00:00+05:30,506.87450012514034,509.7618168389956,502.7924169993999,505.5303955078125,54403,0.0,0.0,507.52662200927745,512.2299719238282,494.98319610595706,,507.7255196825637,507.8747948869032,505.5950217454616,,505.31206069219684,510.69024308746936,504.8530598804504,512.1213743093335,503.3475740072577,510.0505916545491,506.06589482823495,504.41208838139187,503.51164419447116,505.76784199740894,509.81624679383026,504.99167289473485,512.6794279155697,507.53103393645756,507.710782748385,506.2024383544922,500.95050048828125,503.68846455752305,47.375684048757485,-1.9808096961521073,0.45064989944712686,-2.431459595599234,50.273290303163094,49.559711283758915,0.7135790194041789,82.20679637849682,79.80811033716235,-44.832351103629975,3.2326953078698857,-4.396535166371482,15.830505371093693,-4590.6555156241575,-6.333219803664633,40.70302515305504,0.8452164718653892,0.8865648079200554,-0.0491949770255129,-0.030577232373552032,-3.134529280879276,3.1636280660307534,-3.8057717735649703,-50804.74995315875,-52562.118364925576,-6.679000854492168,1,0,0,-6.679000854492168,1,1,0,0,0,13.412665466374438,6.969399839595724,488.0902045696469,507.52662200927745,526.963039448908,7.659270113824794,0.4486472620876443,481.9661384010899,507.7255196825637,533.4849009640375,485.86671440356713,511.72818210365654,537.5896498037459,5.571401173696254,0.1972488222733055,478.2774686439136,507.52662200927745,542.8066580751499,2602168.0,44.19753154917475,-0.41451198330361244,-2031252.609874659,-158050.61790619,111510.00437145845,506.0282097820693,14116451.893683294,993.5304177916872,-18.523462764969207,-11.491979389601362,-7.031483375367846,0.30986554058017984,-0.20541095164941983,9.718208719815276,94.44358072189368,508.69151306152344,508.69151306152344,-0.3477657041726556,-0.11542376216230384,0.3930050885009838,94.44358072189368,500.8829380580357,-1.162396240234375,3.3261781864058024,8.046337890624994,-0.0026517130832355296,0.001775656273777848,-0.04396535166371485,0.017739082566327058,0.09228783159380627,,-0.002655235102006737,0.20632572989537024,1.6844170190618608,0.039340742408667806,0.12129549008734797
2026-07-22 00:00:00+05:30,508.2683832141755,508.2683832141755,488.8536261668172,491.193359375,102012,0.0,0.0,505.841520690918,511.66644653320327,494.98419189453125,504.68907928466774,506.1510282247005,507.22062094525995,505.3098403123832,504.68907928466797,503.7565118698847,509.8652778894761,502.12759613234084,510.6721477797417,499.72413398446736,507.91869823280206,505.89127701003827,503.52758532178274,503.45254054876926,504.13326050509613,508.10007131064697,503.2767675136332,512.3713686741743,506.2008776520372,505.31781174939624,498.36187744140625,499.50682067871094,503.68846455752305,37.86340099009797,-3.0523713778050023,-0.49672942576461443,-2.555641952040388,38.66048293416585,45.816096542545715,-7.155613608379866,61.564571831175854,74.79554205703992,-85.05577475439327,-0.07088912898010585,-6.420713018753969,-0.34844970703130684,-4746.279503945416,-7.777169622705912,32.05228210005777,0.34814465906699005,0.8452164718653892,-0.05377121191485479,-0.037161782675120145,-2.875822949921396,3.8708843552055896,-15.543872692152718,-50519.583284701395,-51398.070910263916,-4.95324707031249,1,0,0,-4.95324707031249,1,1,0,0,0,13.841386293587572,19.414757047358307,486.9081849027321,505.841520690918,524.774856479104,7.485876510226086,0.11316480413720258,479.14687238958453,506.1510282247005,533.1551840598164,485.86671440356713,508.76617112742224,531.6656278512773,5.492585110097186,0.21814010987014662,476.4341649393218,505.841520690918,541.6105069155567,2500156.0,45.08055753076462,-0.4183264324657189,-2108677.038322676,-155553.36719547096,-113355.67196453112,496.10512291866416,13827141.94457305,993.5304177916872,-19.7427019919417,-10.168974893259083,-9.573727098682618,0.747930236582097,-1.5473407834511879,9.466667894092957,89.6178010170504,507.8701171875,507.8701171875,-0.4378172172591424,-0.5626700513237285,0.44717048015926847,89.6178010170504,499.5864942278181,-1.685101318359375,3.327068798431366,8.480984157986107,-0.028360383985241322,-0.0345400614830923,-0.06420713018753965,-0.0042385715954331715,0.0373213157180039,,-0.028770308689104167,0.20632572989537024,1.6844170190618608,0.039340742408667806,0.12129549008734797
2026-07-23 00:00:00+05:30,491.8404893357776,491.8404893357776,479.8431778123284,486.3645324707031,139046,0.0,0.0,504.37048034667976,511.1228338623048,494.86670776367185,504.2348237609861,504.26660005765314,506.40273512272836,504.93468570165686,504.50674548552405,501.90156061081666,508.87304596545647,498.92139315628486,508.9330960949942,495.5509406714867,505.4025832509036,503.50001092819934,502.14510778544246,503.01472945943044,500.4687077467983,505.53365412613016,502.183077435446,511.96186187679865,504.53831657645304,500.9669948976324,488.77894592285156,497.8391418457031,500.30333938713386,35.293088768071655,-4.242334711889498,-1.349354207879288,-2.89298050401021,28.682862543046586,39.20554526012518,-10.522682717078592,31.954064061647273,58.57514409043998,-84.06328651283698,-1.5021710421249415,-5.704079709115075,-7.417449951171875,-4112.73521650546,-11.56084806667667,37.642516317388626,-0.2257519383837078,0.34814465906699005,-0.061254609573324625,-0.04293654611711285,-2.9729000708952777,-9.980871467725649,-21.978182991174833,-49377.010266237114,-50600.66357406153,-4.538406372070322,0,1,0,-4.538406372070322,1,0,0,0,0,13.709666667149117,11.997311523449184,484.1614017930697,504.37048034667976,524.5795589002898,8.013584990033257,0.054508439654708876,477.5490663928436,504.26660005765314,530.9841337224626,479.8431778123284,505.75440283180285,531.6656278512773,5.3797085368065245,0.21318255867458571,474.8032680302033,504.37048034667976,539.8178143179664,2361110.0,49.819765851082806,-0.38955190833023023,-2096561.1254130946,-136535.4862339038,-193080.44250315003,486.01606653960306,13690448.51154513,993.5304177916872,-18.565846033969994,-7.193695148229899,-11.372150885740094,1.0393949881854654,-1.7819662413811657,10.104539276805035,102.10171399649562,506.9740447998047,506.9740447998047,-0.3456899762427923,-0.7404338576272098,0.5299522001262494,102.10171399649562,496.9637211390904,-1.4710403442382813,3.324730381781722,9.046280110677078,-0.009830806569618766,-0.04393777686220668,-0.05704079709115073,-0.02251128572709571,0.040801103469606304,,-0.00987944800073178,0.20632572989537024,1.6844170190618608,0.039340742408667806,0.12129549008734797
2026-07-24 00:00:00+05:30,484.871103696892,492.8361320943768,483.9750440790093,490.4963989257813,84358,0.0,0.0,503.10603332519537,510.65588439941416,494.8303674316406,503.84030593872046,502.9551523308082,505.77895723265203,504.64877903282763,504.3673390520938,500.580219523112,508.0641661640242,496.9324648100438,507.6107723508341,493.2700491443443,503.54755909180386,500.1586132099101,500.4918648120212,501.65064980692455,497.72683525956603,503.0385982389841,501.9095427114118,511.72834849233317,503.4154408122209,496.28061658357,488.4304656982422,497.8391418457031,500.30333938713386,39.102476791030696,-4.7966888921843065,-1.522966710539277,-3.2737221816450295,18.97166594488563,28.77167047403269,-9.80000452914706,13.447440314136212,35.65535873565311,-73.96594089811283,-3.2691919275811543,-4.902997138555508,-16.577209472656193,-3667.6603230954543,-14.584778262248221,40.233504028884205,-0.6836623222667794,-0.2257519383837078,-0.06958595732414752,-0.04838147449220583,-2.488679322322046,-7.367377012309021,-16.22846502767652,-45743.93273869481,-49390.31163228843,-2.314829508463551,1,0,0,-2.314829508463551,1,1,0,0,0,13.363339620593287,8.8610880153675,482.740183841762,503.10603332519537,523.4718828086287,8.0960466122136,0.19042208601042152,477.09431939305335,502.9551523308082,528.8159852685629,479.8431778123284,505.75440283180285,531.6656278512773,4.946238685060889,0.21681208703544497,472.3346827513345,503.10603332519537,539.5645010429395,2445468.0,58.15657650008009,-0.36938883961369084,-2056751.8784091326,-103676.5484998289,-115703.80922877358,489.1025250330558,13762114.097159863,994.3799588620627,-20.52215451182601,-7.320002900868731,-13.202151610957278,0.8364724932250667,-1.238311655958313,10.182924741716684,103.69195629546581,506.4762268066406,506.4762268066406,-0.15190393968474064,-0.9112720052602147,0.5558374682986211,103.69195629546581,495.5285919189453,-1.2644470214843722,3.3192801657642366,9.612790934244783,0.00849541070375448,-0.035721288016285935,-0.04902997138555509,-0.014207117641062417,0.02124794337744973,,0.008459527785765886,0.20632572989537024,1.6844170190618608,0.039340742408667806,0.12129549008734797
2026-07-27 00:00:00+05:30,488.8536164757563,509.1644327535155,488.8536164757563,505.8290710449219,165173,0.0,0.0,502.6679580688477,510.61705505371106,495.11013885498045,503.6225122070311,503.2288588750095,505.78092248019203,504.672151151879,504.38188364903743,500.8395564488003,507.8748793658088,498.0273998962144,507.54278989039557,495.4568020223631,503.571713667191,498.28564561323674,499.12833292334176,501.6975287619388,498.6122608263633,502.24805798558646,501.6299046906217,511.7054739054042,503.5845758901579,494.51725164710706,498.16273498535156,497.8391418457031,500.30333938713386,50.70091811123754,-3.95322970322826,-0.5436060172665842,-3.4096236859616758,35.158136334538,27.60422160749007,7.553914727047928,41.953895414171896,29.118466596651793,-36.49636358543618,-0.6841912607757606,-1.7026167078556744,-3.48468017578125,-3817.679431769113,-15.47967190025804,48.428938557344075,-0.6699716095458114,-0.6836623222667794,-0.07469767316949927,-0.05333811773129292,-1.3951113370232462,8.157271941367298,-12.15354433639186,-39448.425760709695,-46701.64917587915,0.1659393310546775,1,0,0,0.1659393310546775,1,1,0,0,0,13.859587953247992,20.31081627775916,482.9765002305644,502.6679580688477,522.359415907131,7.8347774200424745,0.5802660981740124,475.9622354974677,503.2288588750095,530.4954822525513,479.8431778123284,505.75440283180285,531.6656278512773,4.30170751548588,0.24694726225569844,470.4964103862028,502.6679580688477,539.4063595385455,2610641.0,66.35236934947228,-0.3096822807014681,-1945826.9885746303,-45514.831888563,262617.2280803091,501.28237342473125,14278436.634385668,994.3799588620627,-17.33256787141794,-3.304333008368527,-14.028234863049413,1.6372582741150967,0.32106439269604986,9.845728919141655,96.93837794922229,505.9535217285156,505.9535217285156,-0.11120986007839835,-0.7064143536527252,0.43491507908134464,96.93837794922229,497.1827532087054,-0.43807525634765626,3.3187070977595243,9.630381130642352,0.03125949987139576,-0.00206246357830564,-0.017026167078556753,-0.047435945769559895,0.035252147655437494,,0.030780870620828484,0.20632572989537024,1.6844170190618608,0.039340742408667806,0.12129549008734797
2026-07-28 00:00:00+05:30,505.8290546241939,515.0386183830665,502.5434926801023,506.277099609375,113363,0.0,0.0,501.8266494750977,510.5593084716798,495.47752563476564,503.41417694091774,503.51916751637765,505.80038040682666,504.7039323094532,504.40074151928957,501.18328421456476,507.7046850346584,499.0757457825151,507.51184984810254,497.43580997539823,503.64808052625006,497.9774058129777,498.11290958969226,501.73125270835476,499.10519073836144,501.67593074993846,500.82937561544696,511.6576331868238,503.7728402221276,495.99474847110764,506.05308532714844,497.8391418457031,500.30333938713386,50.994626426869196,-3.2116086331982956,0.15841204221070404,-3.3700206754089996,51.3787374165224,35.16951323198201,16.20922418454039,75.28722874750522,43.56285482527111,-35.40148326688378,0.3255349677047186,-3.216606125833146,1.6427612304686932,-4108.484105713238,-14.520797702376626,46.56720149735978,-0.25167662495949317,-0.6699716095458114,-0.07715463655172394,-0.057794717491867056,-0.5642899881240647,13.278609171314429,0.783483468350255,-32607.25847396122,-42061.49762316789,0.9209594726562402,1,0,0,0.9209594726562402,1,1,0,0,0,13.762126363942006,12.495125702964174,484.5177102190483,501.8266494750977,519.1355887311471,6.898373880364567,0.6285592972637504,476.4693414694657,503.51916751637765,530.5689935632896,479.8431778123284,505.75440283180285,531.6656278512773,3.602061964734523,0.23855731107765243,469.94202493964127,501.8266494750977,538.889300894547,2724004.0,59.661186926774164,-0.35187845246321814,-1991443.1099301467,-32097.910807203967,232356.17580485065,507.9530702241812,14288477.548413638,994.4685319769941,-17.555562389494167,-2.821862021155802,-14.733700368338365,1.1162411946694395,0.5142371890549973,8.654469628024712,74.8998445424022,505.9535217285156,505.9535217285156,-0.604278112455127,-1.4057621704886896,0.25220101568805103,74.8998445424022,499.89655369349884,-0.84130859375,3.3192852614791284,9.554492730034719,0.0008857311493142284,0.001477070633532085,-0.032166061258331435,-0.06611574528067155,0.017101669224591554,,0.0008853391209505395,0.20632572989537024,1.6844170190618608,0.039340742408667806,0.12129549008734797
2026-07-29 00:00:00+05:30,504.8832551312908,522.6054619501781,504.8832551312908,521.3110961914062,206225,0.0,0.0,502.31699676513676,510.75843444824227,496.0868502807618,503.26533050537086,505.21363691399944,506.4086437709278,505.03278703978884,504.56900375483303,503.03894580659414,508.1263237687653,502.72648956216256,508.6374066623685,503.0127006537466,505.4221651385902,500.33222476183073,497.8944816349015,502.4852488872358,502.4195337381678,502.6626335843465,501.44532482810627,511.8820310365832,504.86531015106,501.41369455775015,513.7940979003906,503.8378143310547,501.2243198812532,59.67609867835611,-1.3946737810959462,1.580277515450443,-2.974951296546389,75.02508891910963,53.85398755672334,21.171101362386295,99.99999999999999,72.41370805389236,-3.0268863903511134,2.4657539176726284,1.917275899578115,12.544921874999943,-4134.794340022119,-11.539766297352628,52.62882891760931,0.280886681681153,-0.25167662495949317,-0.07410780911081272,-0.0613699017563227,1.2953852526479575,18.05244031276112,0.33023349387383405,-27099.906475775257,-36159.201280635316,3.0117797851562402,1,0,0,3.0117797851562402,1,1,0,0,0,14.044989253580955,17.722206818887287,483.37510291840374,502.31699676513676,521.2588906118698,7.541808845297541,1.0013780454045114,477.36432633462437,505.21363691399944,533.0629474933745,479.8431778123284,501.2243198812532,522.6054619501781,2.816170911769548,0.24913448442585578,470.1007578938437,502.31699676513676,538.0026287123064,2930229.0,60.68262744029904,-0.2576760371739993,-1815341.9631647496,32341.00458845147,642074.7142797855,516.2666044242917,14900866.682253888,994.4685319769941,-12.34586939365548,1.9102647797463082,-14.256134173401788,1.8181329280205383,2.005512181618048,9.470946923366498,89.69883562522531,505.9535217285156,505.9535217285156,-0.18701396376245497,-0.8106038501362386,-0.018078204570889492,89.69883562522531,504.4828438895089,0.4903472900390625,3.3232797982989264,9.82486022949218,0.02969519378544061,0.06131543971752462,0.01917275899578108,-0.017635982852141963,0.09254043417078672,,0.029262830082455882,0.20632572989537024,1.6844170190618608,0.039340742408667806,0.12129549008734797
2026-07-30 00:00:00+05:30,517.3285555017311,536.1459588667882,507.7705460019721,512.4500122070312,555545,0.0,0.0,502.3294418334961,510.86695800781257,496.63942413330085,503.05649719238255,505.9028155133358,506.6455601801868,505.17966278567485,504.64742174938226,504.0039948962984,508.1926601514629,504.276081880121,509.01454617497666,505.3135043274504,506.06011671221137,503.2413168823771,498.1361724304449,502.58192476700094,503.73513990000896,502.9156552107876,502.5583667693438,511.9510048829762,505.3757053516884,506.9706009692799,516.8805541992188,503.8378143310547,507.9945683395583,53.644006460530946,-0.6621227044861371,1.8502628736482016,-2.5123855781343387,73.16166469833875,66.52183034465692,6.6398343536818345,91.75369483365695,89.01364119372072,-42.08663624774884,0.733927991995498,0.048594460636639865,3.733612060546875,-3953.7398463690934,-4.673737926322531,45.88775534200335,0.8156757383915904,0.280886681681153,-0.0691399552616323,-0.06403599215591847,1.6289376731371215,30.464795719426263,2.0893828546101645,-23839.687431287886,-30450.407181911756,4.44713846842446,1,0,0,4.44713846842446,1,1,0,0,0,15.06859094009775,28.3754128648161,483.35989798753303,502.3294418334961,521.2989856794592,7.55263071052514,0.7667584011433388,475.3009796815553,505.9028155133358,536.5046513451163,479.8431778123284,507.9945683395583,536.1459588667882,2.633197311911458,0.2572559056666536,468.2440918166257,502.3294418334961,541.086763072332,2374684.0,63.60186675666988,-0.3344902476980944,-2187654.10130123,-62700.66530115646,-152897.51663155656,518.7888390252639,13956568.558146404,994.4685319769941,7.280029456084436,17.228930903588978,-9.948901447504543,3.4136841083294516,1.0670336045733542,9.484771922981547,89.96089843097907,505.9535217285156,505.9535217285156,-0.18544438683226958,-0.8163786615727986,-0.1890646516333037,89.96089843097907,507.3531010219029,0.012445068359375,3.323780532076978,9.67949869791666,-0.016997689190029308,0.05363359783620614,0.00048594460636630643,-0.03142645273094291,0.07073013668992778,,-0.017143808064619938,0.20632572989537024,1.6844170190618608,0.039340742408667806,0.12129549008734797
2026-07-31 00:00:00+05:30,510.3500061035156,536.5,500.3500061035156,515.1500244140625,1142293,2.25,0.0,502.7830444335938,511.04342102050794,497.2891900634766,502.902482910156,506.78350207530974,506.97906858151526,505.3770956892073,504.7519252584836,505.22500276111424,508.3606235399433,506.10850710609185,509.57558280523676,507.90822430205367,506.95561887469074,506.34968568479854,498.8608943272602,502.76670159001054,505.61041873114647,503.4173735419822,505.28777282246887,512.3287403354145,506.0223728278463,511.3607509559647,513.8000183105469,503.8378143310547,508.1715889061642,55.13222145132005,0.13474447124752942,2.1177040395054947,-1.9829595682579653,72.40116778039824,73.52930713261554,-1.1281393522173033,85.54188690707893,92.43186058024529,-37.68297402070533,1.2745869507465448,1.7926194176587422,6.4833984375,-3792.8683493309436,1.2664181000829444,47.24254545870595,1.200063627468255,0.8156757383915904,-0.06224655062625484,-0.06568370895086255,2.0090801327526155,29.466142385966577,-6.683851510517798,-24356.140365239226,-26473.76444222112,6.0670064290364385,1,0,0,6.0670064290364385,1,1,0,0,0,16.57440543698251,36.149993896484375,483.0188672700667,502.7830444335938,522.5472215971208,7.861910771391357,0.8128635176194139,472.21041367579704,506.78350207530974,541.3565904748225,479.8431778123284,508.1715889061642,536.5,2.5306241548953743,0.25380958505013806,466.4705859947789,502.7830444335938,543.6713046464405,3516977.0,42.767564206265455,-0.271998581713578,-2394624.270297729,-161735.4326365951,309545.70631671546,517.3333435058594,14558423.367501022,994.4685319769941,33.249981167756125,34.55910609220854,-1.3091249244524095,4.304472752554418,1.2514540704776564,9.882088581763519,97.65567473782092,506.05308532714844,506.05308532714844,-0.19257671088194167,-0.9990914864057395,-0.30279344582691764,97.65567473782092,510.1089194161551,0.45360260009765624,3.325146110940154,9.207939181857634,0.005268830408263092,0.05026260242129044,0.017926194176587362,-0.023751150879757987,0.057561299067728555,,0.005254998684725664,0.20632572989537024,1.6844170190618608,0.039340742408667806,0.12129549008734797
2026-08-03 00:00:00+05:30,523.4500122070312,554.8499755859375,512.2999877929688,545.25,1886714,0.0,0.0,505.44605255126953,511.66158752441413,498.234479675293,502.9771249389646,510.4469780681374,508.4798894214558,506.1666581508071,505.15489117630966,509.26947471981964,509.7020580097273,513.1508418514034,512.4165446786997,517.8362200904733,511.1869109148927,512.6215399381298,500.8037864348057,506.65297707206196,513.1684364226742,505.92636785467414,517.7884058487765,517.2853188211791,508.1009214180192,517.5003941956062,530.2000122070312,515.8072662353516,517.3465766991329,67.61453354386512,3.158672710130759,4.113305822710979,-0.9546331125802205,69.14386077629945,71.5688977516788,-2.4250369753793564,85.54188690707893,87.6124895492716,-12.798807402647473,7.571010224836587,10.825459852645436,38.375518798828125,-3423.2973893760804,7.637351788966555,53.838988608515294,1.6252356498851426,1.200063627468255,-0.047219796287489846,-0.06546424442441554,4.6446363201636185,42.35666905962307,-0.19331873334567717,-29068.197878113493,-25426.62665782383,12.330174763997377,0,1,0,12.330174763997377,1,0,0,0,0,18.429804176695814,42.54998779296875,478.68954983883623,505.44605255126953,532.2025552637028,10.587283282707714,1.2438182014392007,471.0618051746795,510.4469780681374,549.8321509615953,479.8431778123284,517.3465766991329,554.8499755859375,2.3481200398896664,0.2996996848570102,465.3923798589367,505.44605255126953,548.4266907850954,5403691.0,64.66594571426661,-0.0042480446889581825,-1359257.557435588,141888.42869473342,8378188.510792397,537.4666544596354,25582405.245836392,994.4685319769941,53.0630001462137,43.49770005653289,9.565300089680814,4.240633903422061,2.9752728057568003,13.378251356216662,178.97760935011294,506.57579040527344,506.57579040527344,1.1508573129936868,3.060572544411299,-0.25276355178012744,178.97760935011294,516.9163190569196,2.663008117675781,3.337074667461309,9.399799262152774,0.05842953345517854,0.07793330042032554,0.10825459852645425,0.008552522172714294,0.11479698115251269,,0.05678623729851947,0.20632572989537024,1.6844170190618608,0.039340742408667806,0.12129549008734797
2026-08-04 00:00:00+05:30,547.2000122070312,567.7999877929688,542.5499877929688,553.75,1047239,0.0,0.0,508.6485580444336,512.4308367919923,499.2956338500978,503.03502746582006,514.5710753949814,510.25518787551636,507.10890254386044,505.638424597441,513.8698506673178,511.35258398916204,520.7487544946048,515.7431434020638,528.1308819971342,516.0521955347957,521.5543147007004,503.89793045514097,512.1929569432099,522.9911225371815,509.45850439407417,523.806984682333,520.1531591152756,510.41218221594136,525.9080366679582,549.5,520.0572662353516,523.8215828026485,70.14078362747208,6.16991366412617,5.699637421365113,0.47027624276105773,77.84816117243037,73.13106324304268,4.717097929387691,93.78819207342197,88.29065529585995,-15.973735059356075,9.53841844539342,13.079461758792535,48.2196044921875,-2821.262178098342,15.710962953822332,52.22103681556151,2.05885459213899,1.6252356498851426,-0.024814819793261833,-0.06224686752201632,7.467574166854744,49.41286791327059,24.16286791327059,-35609.16089497728,-27716.2541354951,17.836222330729147,0,1,0,17.836222330729147,1,0,0,0,0,18.916961021217542,25.25,475.3057344424669,508.6485580444336,541.9913816464003,13.110358055533501,1.176329072995877,474.1273475389957,514.5710753949814,555.0148032509672,479.8431778123284,523.8215828026485,567.7999877929688,2.230942888094487,0.29948497618133496,466.54152146634124,508.6485580444336,553.5361569924045,6450930.0,72.35215772782954,0.0027857585850033207,-1477459.7587283247,215589.45076488494,8452951.794964911,554.6999918619791,27214964.897372384,996.0274499045503,52.02880794573792,33.97080628484568,18.058001660892238,1.9243755200324586,2.705316291983507,16.671411800983357,277.9359714379671,506.9740447998047,506.9740447998047,1.417812101821684,2.5795927977909163,-0.09699907521589139,277.9359714379671,524.312435913086,3.2025054931640597,3.3512432683407227,10.290776163736972,0.015589179275561582,0.09376861095880762,0.13079461758792532,0.051780173510619365,0.14417058339629474,,0.015468916277606869,0.20632572989537024,1.6844170190618608,0.039340742408667806,0.12129549008734797
2026-08-05 00:00:00+05:30,559.9000244140625,562.5999755859375,532.4500122070312,540.2999877929688,745330,0.0,0.0,511.0864669799805,512.904203491211,500.2835189819337,503.0490771484373,517.0214480043136,511.4334153232596,507.76615175671407,505.98331577351587,516.8842725481306,512.4454918715533,524.8277805028923,517.838179357382,532.980391794712,519.0159670314024,530.4418430595891,507.4426885427398,515.6464308092723,529.7762959255674,511.76989107454557,527.5959488466195,521.2716969969603,512.1124224465914,534.0318958736151,547.0249938964844,520.0572662353516,523.8215828026485,61.911099987977266,7.3859001766485335,5.532499147109981,1.853401029538553,79.9873708806528,75.6597976097942,4.327573270858608,92.12795023917744,90.48600973989278,-31.265344896038027,9.997412929289716,9.919436721363493,49.10662841796875,-2291.744504740257,21.54528457419974,47.12786900569051,2.1924494392255216,2.05885459213899,-0.00086395842524567,-0.05553679517222977,9.080710159598594,41.082446004343524,10.932482625437274,-41057.46533934889,-32461.38720846161,23.539891560872377,0,1,0,23.539891560872377,1,0,0,0,0,19.71931833248102,30.14996337890625,475.9294130263295,511.0864669799805,546.2435209336315,13.757771424234619,0.9154716838831491,474.6866535862491,517.0214480043136,559.356242422378,479.8431778123284,523.8215828026485,567.7999877929688,2.2041343051702915,0.3187654626082241,468.0760393591906,511.0864669799805,557.1446512258059,5705600.0,63.498196841707745,-0.01340182200937925,-1834675.0383263626,112481.42076103599,5813287.595931839,545.1166585286459,25404635.759987894,993.5985537949284,47.2556406819906,23.35811121687869,23.89752946511191,1.2248068537781134,1.6618867355325955,17.578526976825525,309.00461067498276,507.8701171875,507.8701171875,1.1393172070272124,1.1658644176732804,0.05915688163130779,309.00461067498276,528.4798836844308,2.437908935546872,3.3642956059907747,10.905163574218744,-0.02428896109621892,0.036425258814346106,0.09919436721363484,0.04029954337298536,0.14705614051182625,,-0.024588803102387244,0.20632572989537024,1.6844170190618608,0.039340742408667806,0.12129549008734797
2026-08-06 00:00:00+05:30,550.2999877929688,564.4000244140625,539.5,550.2000122070312,3351725,0.0,0.0,513.9073684692383,513.5755706787111,501.51178375244143,503.0986880493162,520.1813112617152,512.953674024584,508.60642622107673,506.4232829022076,520.609372093564,513.9080726055071,530.1031074218879,520.5679115547191,539.3932704749764,522.8615546396527,539.2698342855873,511.5380629527859,521.7105759550437,537.4074701696354,515.0072307187577,535.2446094806935,526.8702281466614,514.1543217234299,541.1044295994673,545.25,520.0572662353516,523.8215828026485,65.15215719380343,9.044171896964258,5.752616693940563,3.291555203023694,77.58370902267245,78.47308035858521,-0.889371335912756,87.35611243297897,91.09075158185945,-20.009792976588535,13.125027726024275,11.425696318128127,63.835479736328125,-1882.631989598894,26.69593283629831,47.31734935247584,2.327188441000919,2.1924494392255216,0.02571317861719269,-0.04494800228985864,11.676292317572438,38.78499731454883,13.884972900486332,-48299.639474065174,-38450.181636805166,28.985270182291647,0,1,0,28.985270182291647,0,0,0,1,0,20.089368766879698,24.9000244140625,475.67714583406894,513.9073684692383,552.1375911044078,14.878254323943523,0.974659068613505,477.1355402331688,520.1813112617152,563.2270822902617,479.8431778123284,523.8215828026485,567.7999877929688,2.0841126580768345,0.32230390068003345,469.53167440755107,513.9073684692383,561.1414622529783,9057325.0,77.16787603613422,-0.0445518872189776,-2305800.5804111646,-89828.30224579689,9723126.414973523,551.3666788736979,31546068.312071964,993.5985537949284,61.644502944123296,30.19757878320911,31.446924160914186,3.604794167325861,1.8986362744540215,19.11511131758469,365.3874806836543,508.69151306152344,508.69151306152344,0.9347890242747849,0.18204037492395314,0.27355203564853164,365.3874806836543,534.0133793422153,2.8209014892578126,3.380036633481879,12.281750488281244,0.0183231994035431,0.07366572173043262,0.11425696318128131,0.07137609039492165,0.173904929931455,,0.0181573524200502,0.20632572989537024,1.6844170190618608,0.039340742408667806,0.12129549008734797
2026-08-07 00:00:00+05:30,557.5,561.9000244140625,546.0999755859375,554.4500122070312,963198,0.0,0.0,516.2761886596679,514.2791693115236,502.7223129272461,503.09910827636696,523.4449970660311,514.5809814042877,509.5142200029768,506.9011608057382,524.4705762590681,515.5109918811274,535.3747188434255,523.4601127882506,545.5967990689442,526.8790992588254,547.1664133469882,516.0841463379879,527.4637353768801,543.661135236255,519.0034250736134,537.9401732627751,528.6209835323793,516.2827300011388,545.9232531534058,552.3250122070312,520.4072723388672,523.8215828026485,66.47115539057226,10.579351485280313,5.830237025805294,4.7491144594750185,77.84899536308784,78.4733584221377,-0.6243630590498555,83.84595367718407,87.77667211644683,-15.17787603810994,13.038548992676088,9.343101873952653,63.95361328124994,-1555.180003790801,33.24042370150164,45.235697624734215,2.5305489142569972,2.327188441000919,0.054275008022397486,-0.030617704379647885,14.3980893593725,32.16571372776059,16.36566489963559,-58067.135281374714,-45398.41763386335,38.22543334960936,0,1,0,38.22543334960936,0,0,0,1,0,19.782988771254363,15.800048828125,474.1557057423536,516.2761886596679,558.3966715769823,16.317034890439388,0.9531503546896815,481.48929016817954,523.4449970660311,565.4007039638826,479.8431778123284,523.8215828026485,567.7999877929688,2.0654965566935437,0.3126956776771581,472.05812969516023,516.2761886596679,562.8638094978553,10020523.0,79.9341104203544,-0.02119456491075445,-2250933.552783184,-146967.47084461688,8918907.141405879,554.1500040690104,32290087.106906097,994.3710001609239,53.899966595689904,17.96243394782057,35.93753264786933,0.9464640424966382,1.8126014187587258,21.06024145865717,443.53377029694235,508.7412872314453,508.7412872314453,0.7415743017681174,-0.5389753687376063,0.44177265806180094,443.53377029694235,540.8593514578683,2.3688201904296875,3.392742200608853,13.87948879665796,0.007724463659954939,0.07628843236039629,0.09343101873952642,0.07902427632952747,0.1731291307300098,,0.007694782738685238,0.20632572989537024,1.6844170190618608,0.039340742408667806,0.12129549008734797
2026-08-10 00:00:00+05:30,558.0,574.9500122070312,556.2000122070312,568.75,1362509,0.0,0.0,519.2480010986328,515.5037365722658,504.1111868286133,503.18148254394515,527.7597592502186,516.7052566433352,510.6872057454921,507.5165721410045,529.4680821010045,517.6471028885187,542.4571495011737,527.2771571242668,554.2097792765312,532.1884516891613,555.1995406774215,521.3098220252456,534.636770331812,552.0003509652425,524.054275457522,541.711251629172,531.6632276802425,518.8273631735846,550.8701005951772,561.6000061035156,527.5572662353516,527.3965950096798,70.51505237333747,12.802304872883951,6.442552330727146,6.359752542156805,86.09777781073043,80.51016073216357,5.587617078566865,91.71800343800662,87.64002318272321,-6.518997553110206,12.439168200652947,11.66986923813512,62.920928955078125,-1232.4317613421126,38.796100111088435,49.90525518503677,2.843073844561256,2.5305489142569972,0.08655601450673345,-0.012427632039819288,17.59975151503187,39.64203161877242,20.89203161877242,-67628.54043841838,-53569.925881441166,50.89236958821614,0,1,0,50.89236958821614,0,0,0,1,0,19.834203859021912,20.5,471.22271479041854,519.2480010986328,567.2732874068471,18.498014901011324,1.0153743236810264,485.8950720569244,527.7597592502186,569.6244464435129,479.8431778123284,527.3965950096798,574.9500122070312,2.035957412679868,0.32145391947565605,474.2823447085868,519.2480010986328,566.5895163234298,11383032.0,82.68113500419219,0.011983432745084262,-1789498.9455501114,-10161.803802282084,10428186.416606475,566.6333414713541,35804175.23727749,994.3710001609239,49.76298304620262,11.060360318666632,38.70262272753599,1.1979005711288437,2.061497294724105,24.012643154107153,576.6070312464891,508.7412872314453,508.7412872314453,0.6972231356848436,-0.6700137460800469,0.6075390807087852,576.6070312464891,549.9082441057478,2.971812438964844,3.402141549767263,16.392678833007803,0.025791302151922713,0.0430994956441999,0.11669869238135111,0.12009255572500743,0.1972067403006712,,0.02546431684946658,0.20632572989537024,1.6844170190618608,0.039340742408667806,0.12129549008734797
2026-08-11 00:00:00+05:30,571.3499755859375,583.5999755859375,564.3499755859375,567.5999755859375,1020394,0.0,0.0,522.3962829589843,516.5320629882813,505.27898071289064,503.29967437744125,531.5540655679062,518.7011279744178,511.8141912868871,508.11441695140184,534.0730320521764,519.6900926537608,548.2846481776304,530.7760459898822,560.7575348704116,536.9388164383518,562.756608471891,526.8785385803866,540.060812244406,557.8944942047879,528.7446231685934,543.9952674519511,533.6980883159321,521.2593991880317,556.175153560563,568.1749877929688,527.5572662353516,531.7215766991329,69.78608779662392,14.306299968342046,6.357237940948192,7.949062027393854,87.62748334514954,83.8580855063226,3.769397838826947,95.79996433966612,90.45464048495226,-15.420676373331233,12.112512302823296,12.47747773354124,61.3228759765625,-992.6336427698784,41.23849769274477,48.88078067815856,3.206557239765008,2.843073844561256,0.12009114024349454,0.009150028999548187,20.21349126896022,43.67885285515308,24.42885285515308,-74623.89048200236,-62385.813565942284,57.65403238932291,0,1,0,57.65403238932291,0,0,0,1,0,19.79247501194892,19.25,470.3201154248126,522.3962829589843,574.472450493156,19.937418864927263,0.9340151624761092,490.00982477397326,531.5540655679062,573.098306361839,479.8431778123284,531.7215766991329,583.5999755859375,1.8010834645306826,0.31806859311671476,476.85853709990425,522.3962829589843,570.3814975270923,10362638.0,84.73036502271455,-0.03309199344196863,-2465344.322173488,-168313.75950128492,8770805.783953708,571.8499755859375,35597849.43297633,994.1687980661437,43.88183802859424,4.143372240846595,39.73846578774764,0.8308604423095777,1.7360606499044353,26.03808376708584,677.9818062617792,510.60809326171875,510.60809326171875,0.5265530628497977,-1.0473484717603634,0.7207136364013162,677.9818062617792,557.4265302385603,3.1482818603515597,3.4088927687828736,18.494176974826367,-0.002022020947802239,0.025011242593115046,0.12477477733541242,0.1147675359469682,0.14706660160557483,,-0.002024067992068646,0.20632572989537024,1.6844170190618608,0.039340742408667806,0.12129549008734797
2026-08-12 00:00:00+05:30,569.9000244140625,577.7000122070312,562.7999877929688,565.4000244140625,439544,0.0,0.0,525.2279754638672,517.4865222167969,506.4959625244141,503.4377307128905,534.777490219921,520.5324572465607,512.8752968933658,508.6844229958065,538.1686264764695,521.606483297909,552.8311158376849,533.8933615032815,565.313147471761,541.0500100875281,568.867783463383,532.4517806698437,543.0378887789298,563.6521649111027,532.9906405504623,544.9105236420395,534.5589140227819,523.5371318503641,560.9796999399853,566.5,529.6231994628906,533.7875098324735,68.3308561879606,15.146114266248219,5.757641791083492,9.388472475164727,86.59728520828813,86.77418212138937,-0.17689691310124545,96.99237174387906,94.83677984051727,-18.268470448694185,8.457316282880043,11.131606808127753,44.08892822265625,-863.8576495332971,44.30751538976483,42.12336006350032,3.1861468395991484,3.206557239765008,0.15278652372829882,0.03380852666509609,22.395333067502246,34.13904637863561,19.239021964573112,-79006.51956313639,-70263.08611422543,60.06862894694009,0,1,0,60.06862894694009,0,0,0,1,0,19.443014254957035,14.9000244140625,470.1972154766589,525.2279754638672,580.2587354510755,20.954999565134205,0.8649963126034708,494.35174389892217,534.777490219921,575.2032365409198,479.8431778123284,531.7215766991329,583.5999755859375,1.3484999043308963,0.3197920361217901,479.32725727946274,525.2279754638672,574.1234870575836,9923094.0,82.57106417759948,-0.05375682725293597,-2751488.5068680258,-308756.91291720374,7379694.1951188035,568.6333414713541,35427487.31537891,993.7812097528067,34.845335844186074,-3.914503954849259,38.75983979903533,0.3512280283712697,1.4599852504138822,27.515379993604157,757.0961361924319,513.8000183105469,513.8000183105469,0.33225586346739877,-1.3705927875176769,0.7768771210276493,757.0961361924319,564.0499285016741,2.8316925048828097,3.408320015343013,20.741274210611973,-0.0038758831333703947,0.04645574160314725,0.11131606808127747,0.10569027088326277,0.14342595869860575,,-0.003883413833442437,0.20632572989537024,1.6844170190618608,0.039340742408667806,0.12129549008734797
2026-08-13 00:00:00+05:30,568.0,574.7999877929688,566.0,569.7999877929688,336818,0.0,0.0,528.2821548461915,518.566815185547,507.8067254638672,503.58185699462877,538.1129661792588,522.4645172679885,514.0025184953381,509.29253806841507,542.413580031622,523.6579917518765,557.4650104633033,537.157757456798,569.9330369255308,545.3138406195512,573.8728282079655,538.033966430322,548.3187006594208,569.4424302692714,536.8940023793658,545.6748600827619,535.2164648106492,525.8922061827775,564.6904728813556,567.6000061035156,537.8145294189453,536.2267960308469,69.6921116910278,15.982477370147308,5.275203915986065,10.707273454161243,83.91522085861756,86.04666313735174,-2.131442278734184,95.6079380000612,96.13342469453545,-14.56519060212187,11.19133070930008,12.00739501004792,57.3499755859375,-775.5154791308081,46.391198358801944,41.807906520789864,3.002439388146299,3.1861468395991484,0.18463253233080845,0.06123953588254757,23.783773131055863,27.490590255348366,18.690602462379616,-83243.40131802658,-76355.46030778707,65.08485921223956,0,1,0,65.08485921223956,0,0,0,1,0,18.725653478096262,9.39996337890625,470.4033367640681,528.2821548461915,586.1609729283148,21.912085256400402,0.8586617204921869,499.7468217214206,538.1129661792588,576.479110637097,479.8431778123284,531.7215766991329,583.5999755859375,0.9183798305082986,0.3192555613348855,482.0435440994744,528.2821548461915,577.4467667265147,10259912.0,82.9307642353585,-0.054105238842984744,-2797418.765074838,-352756.2930243197,6537164.576581324,570.1999918619791,35689600.29757983,994.5594133589112,26.200976876145717,-10.047090338311698,36.248067214457414,0.27393011121553734,1.4346468819687463,28.939409041061673,837.4893956458822,518.2305603027344,518.2305603027344,0.1569376474287378,-1.5418510776321321,0.8160429325658284,837.4893956458822,570.6764304024832,3.054179382324219,3.4106228770571674,22.959876166449636,0.007782036061045439,0.035623364505783295,0.12007395010047928,0.12381302283347861,0.16724824216079637,,0.007751912200797246,0.20632572989537024,1.6844170190618608,0.039340742408667806,0.12129549008734797
2026-08-14 00:00:00+05:30,569.7999877929688,571.8499755859375,552.0499877929688,555.7999877929688,285759,0.0,0.0,530.6388229370118,519.2685400390625,509.1482385253907,503.63432800292946,539.7974444281836,523.7717906219093,514.8301911546971,509.7552987621918,545.0343260265532,525.1181161678538,558.8304886246796,539.1448330453168,569.8224648684368,547.6342131329681,575.875752262264,543.1259343745947,549.0096547860826,569.1479107756206,539.4584032415568,546.1846867394828,535.684916243181,527.6044632664816,565.1828236249553,562.7999877929688,538.0385437011719,541.9749908447266,60.7450958705756,15.33880199718908,3.705222834422269,11.63357916276681,77.92431599254161,82.81227401981576,-4.887958027274152,79.61451006013544,90.73827326802522,-33.39339097155908,7.890898078698915,9.266061386653266,40.64996337890625,-765.2241931281823,46.731027458481094,40.52132428470777,2.233525585883078,3.002439388146299,0.21141299440528005,0.08997651262618866,23.445032608040833,23.32763658326735,3.527648790298599,-88004.21269783552,-81187.99082369397,63.388071695963525,0,1,0,63.388071695963525,0,0,0,1,0,18.802391643444295,19.79998779296875,472.28656598392183,530.6388229370118,588.9910798901018,21.993210609852625,0.7155971865508499,501.3137922438597,539.7974444281836,578.2810966125074,479.8431778123284,531.7215766991329,583.5999755859375,1.1140865840369674,0.33682569762967474,483.60332148616453,530.6388229370118,581.3305737689956,9974153.0,80.94236052566579,-0.06710242097303425,-2974935.6528872196,-395169.93164259614,5031765.922783993,559.8999837239584,34987489.7174277,992.1024108492716,18.21416185140259,-14.42712429044386,32.64128614184645,0.24980614953978547,0.8623887462033994,29.176128476545,851.2464728798601,530.8055419921875,530.8055419921875,-0.04987845024940065,-1.5973687079975314,0.8061860018065077,851.2464728798601,573.8253322056362,2.3566680908203126,3.4061067679609716,24.18169528537324,-0.024570025096397052,0.00243480125568718,0.09266061386653268,0.09770983247323506,0.1508923711804575,,-0.02487690529503581,0.20632572989537024,1.6844170190618608,0.039340742408667806,0.12129549008734797
2026-08-17 00:00:00+05:30,564.9000244140625,564.9000244140625,553.5,561.75,174182,0.0,0.0,533.3825988769531,520.3053161621093,510.3441522216798,503.72750122070283,541.8881640064518,525.2611321661482,515.7592962803467,510.27265897351333,547.9972952706473,526.7840557741652,561.000140755048,541.4622461742789,571.0166772846334,550.4143075849918,576.0677483985537,547.8503061807373,549.47800011469,569.2052526065138,542.5724133740877,546.6291677634148,536.2342439784732,529.5023374882082,564.2531475682931,558.7749938964844,541.125,541.9749908447266,62.92363912116489,15.134341616119627,2.800609962682252,12.333731653437376,75.26506396166583,79.03486693760833,-3.769802975942497,66.9333627237784,80.71860359465833,-26.246226541321548,3.0261348005502064,10.826254000553787,16.5,-774.910794944641,44.288938046373005,42.55784314123492,1.5164970032147542,2.233525585883078,0.23479763263436482,0.11882234067370273,23.11934293155841,14.48801955463091,3.0879951405684096,-92459.18230347779,-85660.15498305639,61.06196085611978,0,1,0,61.06196085611978,0,0,0,1,0,18.273651127059882,11.4000244140625,474.57644406722517,533.3825988769531,592.188753686681,22.050271206276836,0.7411941506363741,504.8981883322421,541.8881640064518,578.8781396806614,479.8431778123284,531.7215766991329,583.5999755859375,1.1654886411024383,0.33614069336738905,485.8794046499472,533.3825988769531,584.3409448536489,10148335.0,81.04496197347997,-0.06189534174120111,-2897012.6664755438,-351802.74888793984,4460997.22327844,560.0500081380209,35173956.98065318,993.1729420363373,10.038159099191658,-18.082501634123837,28.120660733315493,0.17907618803421263,0.9647766025454951,29.40307740486397,864.5409608764222,542.7749938964844,542.7749938964844,-0.2605864697907,-1.5485778047850258,0.8045611267718504,864.5409608764222,577.2266880580357,2.7437759399414063,3.3936969160665127,25.172373792860242,0.010705311870657264,-0.012307692307692353,0.10826254000553792,0.09217282502592261,0.16766650076419576,,0.010648415720027947,0.20632572989537024,1.6844170190618608,0.039340742408667806,0.12129549008734797
2026-08-18 00:00:00+05:30,556.2999877929688,569.5,556.2999877929688,567.7000122070312,161896,0.0,0.0,536.491079711914,521.2370764160156,511.43877197265635,503.817817687988,544.3464352636498,526.925401971673,516.7878253085979,510.84407542359816,551.2656203497024,528.6426713053385,563.8623739355589,544.0901824985184,573.2904439643715,553.6170583522821,575.7403379841593,552.347512495176,550.0405282570487,571.6714225126642,545.8689403044237,547.0245366799521,536.6585318276268,531.5672649625214,563.5131396054378,564.7250061035156,541.125,541.9749908447266,65.01459039163285,15.276325577767125,2.3540751394637986,12.922250438303326,73.75377345867845,75.6477178042953,-1.8939443456168448,57.450139911442236,67.9993375651187,-19.09906211108402,2.5191895633465013,12.297898850724591,13.95001220703125,-800.9688966563563,40.83316877531968,44.705599339608796,1.0163730699024398,1.5164970032147542,0.25605254795944,0.14736861916089003,21.436693904739826,16.61827980519695,3.4182675981656985,-95902.10115938804,-90012.04874667352,56.089380900065095,0,1,0,56.089380900065095,0,0,0,1,0,17.91124834705784,13.20001220703125,477.3125544109643,536.491079711914,595.6696050128637,22.06132684730844,0.7636846080263544,508.36502637612085,544.3464352636498,580.3278441511789,479.8431778123284,531.7215766991329,583.5999755859375,1.1696433839088647,0.3353439245924517,487.94240194544153,536.491079711914,587.9615952410021,10310231.0,81.00638809620784,-0.052369968170562414,-2779269.7807545206,-264615.91513271537,3961323.787991453,564.5,35345435.96174255,994.2321342405262,2.6824051028571234,-20.350604504366697,23.03300960722382,0.18311220395516298,1.0547384321054163,29.58926265047486,875.5244641987866,547.7250061035156,547.7250061035156,-0.46723086629032246,-1.372744137699552,0.8082420337124703,875.5244641987866,580.814701625279,3.1084808349609374,3.381652532184402,26.057435709635417,0.01059192204188908,0.00017624493551204878,0.12297898850724587,0.10171500737165684,0.1883964570666854,,0.010536220613850867,0.20632572989537024,1.6844170190618608,0.039340742408667806,0.12129549008734797
2026-08-19 00:00:00+05:30,567.6500244140625,574.0,560.4000244140625,565.5999755859375,302162,0.0,0.0,540.2114105224609,522.2244079589844,512.59353515625,503.9606072998044,546.3705819610105,528.4420519173303,517.7544025418125,511.38891025108416,554.0378961472285,530.3823928414139,565.8592306284452,546.3908772732643,574.364698269513,556.2974481254166,574.9938955265721,556.5056077293259,551.4578463378881,572.5598526509671,548.8734348425008,547.8053053415807,537.5425683292627,533.4638131879375,563.5163378305259,566.6499938964844,542.4750061035156,541.9749908447266,63.650194998472465,15.04595310412435,1.6989621326568187,13.346990971467532,77.67769393332318,75.56551045122248,2.112183482100704,59.25786169046192,61.21378810856085,-21.621629547624856,4.6825815962563295,15.148131543474717,25.29998779296875,-880.294799102321,38.572612879474036,41.931451521527556,0.7908282507641449,1.0163730699024398,0.2742956125775464,0.17498888960092934,19.754622911592204,19.301386177892027,5.701410591954527,-97371.44154201113,-93683.03686092971,46.63044738769531,0,1,0,46.63044738769531,0,0,0,1,0,17.6033002926921,13.5999755859375,483.72929049317594,540.2114105224609,596.693530551746,20.911116992015707,0.7247486908274069,511.22550237973434,546.3705819610105,581.5156615422868,479.8431778123284,531.7215766991329,583.5999755859375,1.0956741348676018,0.3120690399022777,492.0797025263666,540.2114105224609,590.6452004565721,10008069.0,80.7016607436536,-0.05120950192823918,-2850368.4768437757,-227514.8941582758,3304770.208920827,566.6666666666666,35233660.1555318,994.2321342405262,-1.7880249009320799,-19.85682760652472,18.068802705592642,0.3597943222745576,0.8989947633096289,28.241060014642503,797.5574707506397,551.9750061035156,551.9750061035156,-0.6738254345871402,-1.0298089404510806,0.807784192333817,797.5574707506397,581.6908673967635,3.720330810546875,3.374555768786675,26.56970669216579,-0.0036992012963492638,0.00035364549565097825,0.1514813154347472,0.09478382225609971,0.1517148007654161,,-0.0037060602618187084,0.20632572989537024,1.6844170190618608,0.039340742408667806,0.12129549008734797
2026-08-20 00:00:00+05:30,569.9500122070312,576.0,562.0,566.7000122070312,1256695,0.0,0.0,544.2281845092774,523.4677130126954,513.9335336303712,504.12432952880835,548.3067181749173,529.9423640855539,518.7236225351832,511.93926947452644,556.5606201171876,532.1265341844745,567.6910473532737,548.6287903342543,575.2920861574548,558.8555435793724,574.1927979334711,560.3845356988198,552.3642399388627,573.1684392753541,551.8483353756382,549.8748986278124,539.5171171907385,535.3280036734191,564.4480322890593,566.1499938964844,555.0499877929688,547.9499816894531,64.07548510957167,14.781750205897538,1.1478073875440025,13.633942818353535,78.52556361619841,76.65234366940001,1.8732199467984003,52.28611577370424,56.33137245853613,-23.7026174926959,2.998909420923699,16.517544839922564,16.5,-1056.8707359568334,36.62059388121088,43.85932554208987,0.6964391674549646,0.7908282507641449,0.2896996504919036,0.20114718320865224,18.515960645712713,19.586900694331575,5.586900694331575,-98602.27193978659,-96268.08994101045,38.86029052734374,0,1,0,38.86029052734374,0,0,0,1,0,17.34592170035695,14.0,492.656951764611,544.2281845092774,595.7994172539438,18.952062466653555,0.7178717329583121,513.8421223632864,548.3067181749173,582.7713139865481,483.9750440790093,533.7875098324735,583.5999755859375,1.0591864109503597,0.30633028118117084,495.98968498852344,544.2281845092774,595.0558550378665,11264764.0,88.99196291818907,-0.07478431559967869,-3263280.356770185,-323035.0842672922,3030147.3964386247,568.2333374023438,35478075.03905673,994.2321342405262,7.114324964866472,-8.763582192580937,15.87790715744741,1.9937548755330068,0.8714869318332483,25.7856163723332,664.898011701138,554.1000061035156,554.1000061035156,-0.812972256022345,-0.7968013212570989,0.8102299236921235,664.898011701138,581.2254913330079,4.016773986816406,3.3661533588461205,26.861636962890618,0.0019449021721653637,-0.005440462710335936,0.1651754483992256,0.09691306969005709,0.13769380471279402,,0.0019430132986553157,0.20632572989537024,1.6844170190618608,0.039340742408667806,0.12129549008734797
2026-08-21 00:00:00+05:30,565.5499877929688,570.5499877929688,557.25,567.7999877929688,364708,0.0,0.0,548.0933639526367,524.6613323974609,514.9863412475587,504.2798617553708,550.1632200433031,531.4269767799623,519.6954317482086,512.4950975174961,558.8055537632534,533.8650547640931,569.3811147998795,550.8069945880472,576.1076616220519,561.2990905766869,573.3125363780099,564.0317202908714,553.1002787224529,572.566680828743,554.8631259250157,550.6019392256303,540.247557192565,537.160651957943,565.6427988275105,567.25,555.0499877929688,558.0249938964844,64.52247438923705,14.494047979602101,0.6880841289988506,13.80596385060325,74.595404714122,76.93288742121453,-2.3374827070925335,42.70817470477712,51.417384056314425,-30.889538817313234,2.407787048790366,15.760276535462296,13.3499755859375,-1319.0982120790168,35.11521566998056,48.33767619591079,0.42412170897861057,0.6964391674549646,0.3024610445617304,0.22513663099254078,15.999132364491903,12.510190131971626,-0.7897976609971238,-102187.93864163363,-98339.57779410285,32.856475830078125,0,1,0,32.856475830078125,0,0,0,1,0,17.056926421257796,13.29998779296875,502.2038052095015,548.0933639526367,593.9829226957718,16.7451612302683,0.7147179487020032,516.4476356817382,550.1632200433031,583.878804404868,488.8536164757563,536.2267960308469,583.5999755859375,1.0633324703721316,0.3069736292167512,499.21718901023223,548.0933639526367,599.3930840039756,11629472.0,84.52591399470514,-0.06250300441486854,-3049391.5929397433,-264689.18406881345,2654579.182089692,565.1999918619791,35548865.560912155,994.42623615728,2.7294068676698813,-10.518800231822024,13.248207099491905,0.6393151431976661,0.8588717948080122,22.944779371567577,526.462900409913,555.125,555.125,-0.9065627884003102,-0.7372439384718112,0.810410890732274,526.462900409913,580.2299333844866,3.8651794433593722,3.3585129832764324,27.309207153320305,0.0019410191675373056,0.021590500654112832,0.15760276535462303,0.0934579307431449,0.14908929074994504,,0.001939137823922236,0.20632572989537024,1.6844170190618608,0.039340742408667806,0.12129549008734797
2026-08-24 00:00:00+05:30,571.75,576.75,563.0,566.6500244140625,258087,0.0,0.0,551.1344116210937,525.7672369384766,515.9475009155274,504.4739492797848,551.7333918881374,532.8082727656133,520.625225662384,513.0339525114919,560.5728547595796,535.5116701372932,570.541642622747,552.7554173909675,576.2569356324568,563.3809451848801,572.1536392132647,567.4096634866575,553.2273909252593,571.912718201452,557.7222054307135,551.3241623594672,540.7123451998914,538.8616139789983,566.4196333398638,567.2250061035156,555.0499877929688,558.0249938964844,63.631097729369735,14.011730946100556,0.16461367639784363,13.847117269702713,70.75669517116053,74.62588783382697,-3.8691926626664355,34.09694339862729,43.03041129236955,-33.137758176509266,-0.3692264766483517,12.024013021532962,-2.0999755859375,-1626.443822064779,35.00559412928385,46.20978652137079,0.5772992649375881,0.42412170897861057,0.31228568597194695,0.24649158051792439,13.264203286082845,17.480169945707758,3.7301699457077575,-107230.26391033702,-101030.35443586476,29.849995930989582,0,1,0,29.849995930989582,0,0,0,1,0,16.820717391167953,13.75,509.1421444586664,551.1344116210937,593.126678783521,15.238484941962614,0.6847436902246068,518.6097679419596,551.7333918881374,584.8570158343151,500.3500061035156,541.9749908447266,583.5999755859375,1.073547929418797,0.29559349430929366,503.5558430323554,551.1344116210937,602.0915339566591,11371385.0,83.43769836175909,-0.07666209851931259,-3170456.9418921582,-255278.5464662211,2232954.927709482,568.8000081380209,35496595.28881768,994.2237064983104,-2.409522861896376,-12.526183969110626,10.11666110721425,0.5610288147696482,0.7389747608984273,20.99613358121365,440.83762536016746,558.7749938964844,558.7749938964844,-1.152116471600934,-0.0339186226751936,0.7894343388942352,440.83762536016746,579.4497410365514,3.0410476684570313,3.3479630822065922,27.53075520833333,-0.0020252965896955244,0.008722784893747226,0.12024013021532953,0.11650417074828145,0.18582763899827381,,-0.002027350276184968,0.20632572989537024,1.6844170190618608,0.039340742408667806,0.12129549008734797
2026-08-25 00:00:00+05:30,566.6500244140625,570.4000244140625,557.7000122070312,563.5499877929688,197235,0.0,0.0,553.9980560302735,526.7713153076172,516.9010577392579,504.6876330566402,552.8587819743118,534.0138302176665,521.4752209520985,513.5365996287205,561.7552905854725,536.9933466413909,570.893980812164,554.3370145665482,575.3655322953116,564.9071480636965,570.6690347937382,570.4422848012965,553.3859172940803,570.9400737224447,560.7882607554283,551.7923346141362,541.0594650760045,540.3357707116461,566.3913853440231,565.1000061035156,560.0,561.5499877929688,61.177466832142194,13.226873016220338,-0.4961954027859008,13.723068419006239,63.50261763638594,69.61823917388949,-6.11562153750355,24.2094265790446,33.67151489414967,-45.464850097019664,-0.7135285354422221,11.31255753574148,-4.04998779296875,-2059.2966567560625,33.25747327978388,50.37054169694106,0.4811773500459733,0.5772992649375881,0.3186163310688217,0.2649171146668714,10.756888939577182,10.51874325424501,-2.1812689527862403,-111509.51515232906,-104824.69869934283,23.149993896484375,0,1,0,23.149993896484375,1,0,0,0,0,16.52638130658676,12.70001220703125,517.42405379814,553.9980560302735,590.5720582624069,13.203657245373028,0.630583627436637,520.4707389359546,552.8587819743118,585.246825012669,500.3500061035156,541.9749908447266,583.5999755859375,0.9039071185985417,0.29782008911724006,506.29213482330834,553.9980560302735,604.8790473736286,11174150.0,87.62643516403845,-0.07438821071933589,-3185988.1898196083,-233163.36029060185,1826613.4061850668,563.8833414713541,35388691.69813246,993.6766251451772,-7.711124948909213,-14.262228844898772,6.551103895989558,0.5221882689459547,0.5223345097465485,18.28700111606671,334.414409819025,562.6499938964844,562.6499938964844,-1.3888027449963565,0.8238569905097987,0.7546961401713983,334.414409819025,577.2697596958706,2.8636444091796873,3.339060044095468,27.231140950520828,-0.005470813531331498,-0.0073102418968225,0.11312557535741474,0.09176255886584994,0.20022124246100392,,-0.005485833236731216,0.20632572989537024,1.6844170190618608,0.039340742408667806,0.12129549008734797
2026-08-26 00:00:00+05:30,571.0,574.0,562.3499755859375,569.7000122070312,374825,0.0,0.0,556.4175018310547,527.8924200439453,517.9718698120118,504.9559619140621,554.4627086631422,535.4132883348965,522.4301673135823,514.0954395548729,563.250714983259,538.6768249511719,572.2314412825217,556.2840624690037,576.0360422362752,566.9657966030493,569.7954556697168,573.272062126477,553.6289541394386,570.8124511413637,564.4057992333865,552.5933669919067,541.795351592619,542.0330789260976,566.5632428524118,566.625,562.125,564.8499755859375,64.13233192380822,12.951822477222663,-0.6169967534268608,13.568819230649524,61.44360757201814,65.2343067931882,-3.7906992211700583,22.878330699144712,27.0615668922722,-37.066569010416664,0.7605213313220016,9.282157308590717,4.29998779296875,-2505.042287161845,31.391820444803784,50.11778138122406,0.6086750972090625,0.4811773500459733,0.32323014590140975,0.2803168495080493,8.788319656314053,12.71604297629483,1.0660185622323297,-107749.98089139814,-107902.91294306064,14.549997965494791,0,1,0,14.549997965494791,1,0,0,0,0,16.178070099977884,11.6500244140625,522.6538854396533,556.4175018310547,590.181118222456,12.136072744042838,0.696698573725048,522.9401888829024,554.4627086631422,585.985228443382,500.3500061035156,541.9749908447266,583.5999755859375,0.8875325227229621,0.28512077950101294,509.75406545739713,556.4175018310547,606.8229324065112,11548975.0,82.85862386060116,-0.07842027773337851,-3087856.6742648445,-171695.90551582398,1894980.4768730542,568.6833292643229,35797738.44659018,993.6766251451772,-9.365048594723795,-12.732921992570683,3.3678733978468873,1.0096658008219555,0.7867942949001908,16.88180819570069,284.9954479564269,564.4750061035156,564.4750061035156,-1.774887115179136,2.5940764787798494,0.7272507324021642,284.9954479564269,576.9171412876674,2.41944580078125,3.3343236457296777,26.99895345052083,0.010913006028352212,0.007249004239871626,0.09282157308590722,0.10049305433477862,0.23745971926899978,,0.010853888886339105,0.20632572989537024,1.6844170190618608,0.039340742408667806,0.12129549008734797
2026-08-27 00:00:00+05:30,570.0,574.0,561.9000244140625,567.3499755859375,464592,0.0,0.0,559.1625,528.9127606201172,518.8349902343751,505.2476364135738,555.6900674176941,536.6657074427806,523.3196684674904,514.625335435779,564.2919029599145,540.2241800704656,572.8770072322035,557.9213244792036,575.7928812716693,568.5539181023742,569.1845886204046,575.7683107848478,553.7630665711941,571.582690402082,567.5351228809436,554.4003460447632,542.4842140416284,543.5396215940775,566.7271098943686,568.5249938964844,562.7999877929688,567.8249816894531,62.184643816737385,12.401260615331239,-0.9340468922546279,13.335307507585867,55.32100473777413,60.08907664872606,-4.768071910951932,17.9432902608942,21.677015846361172,-51.50556667924127,-0.42997758152312177,10.713232914652856,-2.45001220703125,-3270.0158293108125,29.51433018783871,46.55150991004497,0.7853279966698103,0.6086750972090625,0.32554479052993024,0.292998160188566,7.030434136333207,11.84946889597586,-0.2505066899616395,-96865.42710569565,-107102.4471839145,11.116668701171875,1,0,0,11.116668701171875,1,1,0,0,0,15.886777634689286,12.0999755859375,532.2099410909824,559.1625,586.1150589090176,9.640331355918047,0.6518867951198163,524.8649351239652,555.6900674176941,586.515199711423,500.3500061035156,541.9749908447266,583.5999755859375,0.8949411961961631,0.27564177282896923,514.0238432301558,559.1625,607.0238508595504,11084383.0,75.05444598390622,-0.05864441553256243,-3133934.819115182,-145602.63778617466,1468296.378195877,567.75,35606092.28361442,993.6766251451772,-9.186489728129242,-10.043490500780903,0.8570007726516617,1.209830576533518,0.607547180479264,13.476279454508836,181.610107936017,565.5,565.5,-2.115865569868754,5.196335373611396,0.6948341500143091,181.610107936017,574.5507088797433,2.7449981689453127,3.329396572459424,26.456942952473955,-0.004125042251604705,0.001146926707086049,0.10713232914652848,0.09997305525376987,0.24094296832154893,,-0.004133573708222325,0.20632572989537024,1.6844170190618608,0.039340742408667806,0.12129549008734797
2026-08-28 00:00:00+05:30,567.3499755859375,587.1500244140625,565.5,578.9500122070312,1891693,0.0,0.0,562.3524993896484,529.890308227539,519.7434213256837,505.6095075988765,557.9053002547738,538.3239154727512,524.4212594326298,515.2653819708164,566.1764279320126,542.1864252307369,575.4596469395449,560.3391591639921,578.4302344292984,571.284625705589,570.1598211379278,578.2349121437,557.9616017766568,573.9224364984611,570.8502534883239,559.8059812570378,545.520411381527,545.5046247077937,568.5043229446885,573.1499938964844,567.375,569.6000061035156,67.4409798433045,12.753942868633658,-0.46509171116176873,13.219034579795427,62.68867684829806,59.81776305269677,2.8709137956012896,41.15524718128192,27.325622713773612,-23.36183376544788,4.165171810454538,12.38473935151912,23.1500244140625,-4416.965589806251,29.942029530682248,49.038387706299694,1.1332754420762794,0.7853279966698103,0.32831067159206917,0.3033884978505331,5.819370844159096,22.599567438180202,0.9495430241177019,-86456.42979744605,-101199.4601573271,11.216664632161457,1,0,0,11.216664632161457,1,1,0,0,0,16.29843811893023,21.6500244140625,543.425950168177,562.3524993896484,581.2790486111198,6.731204801975069,0.9384717103779704,525.8920806720548,557.9053002547738,589.9185198374928,512.2999877929688,549.7250061035156,587.1500244140625,0.8949411961961631,0.2808447213374375,518.645967021261,562.3524993896484,608.02098228005,12976076.0,76.91308700215993,-0.016617196764999703,-2675210.7059197626,24266.156645967625,4393355.192148851,577.2000122070312,39473847.46474474,993.6766251451772,10.366095659547746,7.607275909516867,2.758819750030879,3.4734978860922774,1.7538868415118791,9.463274610735724,89.55356635819535,566.125,566.125,-0.8611606850801503,0.4476898236065195,0.74432752444304,89.55356635819535,573.8242850167411,3.1899993896484373,3.3335830736550376,26.04554951985677,0.020445998273135757,0.019637239615665658,0.12384739351519114,0.1118393121670671,0.2860599311937815,,0.020239784937809032,0.20632572989537024,1.6844170190618608,0.039340742408667806,0.12129549008734797
2026-08-31 00:00:00+05:30,582.0999755859375,615.5,579.8499755859375,611.6500244140625,3972278,0.0,0.0,565.6725006103516,531.3416473388672,520.9788525390627,506.10899230956994,563.0238454128013,541.1994491567242,526.1485617094899,516.224433139406,570.8714303152902,545.3926886106004,583.5374142229523,565.114117615263,588.9024800652159,577.4552876963579,575.5654138368548,581.516240554346,571.9798679220564,581.7012555577595,576.5825160659878,572.1091564929792,555.2742242660736,548.4938136510651,575.3386006442138,595.3000183105469,583.7250061035156,583.7749938964844,77.10298135739784,15.493464777410054,1.8195441580917002,13.673920619318354,73.02162310091775,63.67710156232997,9.344521538587777,62.931940686262934,40.67682604281302,-6.067730252557557,8.882959397251891,12.177904523441082,49.9000244140625,-4545.973185997026,32.93903996019628,60.178083227752374,1.5436615947236136,1.1332754420762794,0.33809830933908547,0.31250469355938265,7.499946584618381,44.221033390091975,8.571008976029475,-83271.9867388495,-92944.28023942183,13.60833740234375,0,1,0,13.60833740234375,1,0,0,0,0,17.74497738136155,36.54998779296875,538.0707459489042,565.6725006103516,593.2742552717989,9.758916910991953,1.3328732062083342,527.0976014488234,563.0238454128013,598.9500893767791,532.4500122070312,573.9750061035156,615.5,0.8933080870702991,0.2764542465267919,522.6501274617896,565.6725006103516,610.3001518758521,16948354.0,83.75807001513489,0.09479604763765032,439105.8440160351,1082470.8241981457,22321952.89180211,602.3333333333334,61909901.76147944,993.6766251451772,36.36785706636674,26.88722985306869,9.480627213298051,4.297062440753206,3.331492824833331,13.800877330723688,190.464215097683,566.6750183105469,566.6750183105469,1.6808631900515756,6.453500872085502,0.6999818531854809,190.464215097683,581.2692897251674,3.320001220703125,3.345085742277435,26.0483615451389,0.05648158134132286,0.07941409699316915,0.12177904523441074,0.19952264589194768,0.35704786716325776,,0.054944124264952765,0.20632572989537024,1.6844170190618608,0.039340742408667806,0.12129549008734797
2026-09-01 00:00:00+05:30,610.0499877929688,614.4500122070312,597.0999755859375,605.4000244140625,949276,0.0,0.0,568.2550018310546,532.8740814208984,522.2179931640626,506.5978863525387,567.05967198435,543.717118774659,527.7178976046298,517.1117524555717,574.6550040108817,548.2969386919807,589.2710297106497,569.1128945736237,595.6612316349275,582.393121900183,582.8093750237798,585.1959764119176,577.3359241334015,587.7487620038955,581.0102194609184,574.8023637088263,557.1928801968988,551.2325411993264,584.6044069664407,608.5250244140625,583.7250061035156,583.7749938964844,72.66449566573074,16.964674651495216,2.632603225741489,14.332071425753727,84.88414393893026,73.53148129604868,11.352662642881583,82.30925711889836,62.132148328814395,-15.918004165203714,6.640833432514116,9.327318178611739,37.70001220703125,-3768.046932771735,38.418389055619514,58.49908061680236,1.971943668552997,1.5436615947236136,0.3507176266418499,0.32099602845541636,8.681434898443811,38.29660876795833,20.946572146864582,-86203.9092174036,-87087.69489928172,19.133341471354164,0,1,0,19.133341471354164,1,0,0,0,0,17.716767327056708,17.35003662109375,536.066203640485,568.2550018310546,600.4438000216243,11.32899775166063,1.0769867884332858,531.2502061843521,567.05967198435,602.8691377843478,532.4500122070312,573.9750061035156,615.5,0.9207601892344214,0.2795283954517941,526.1350494004901,568.2550018310546,611.810082969826,15999078.0,88.4683773316579,0.09937706695490522,398074.2844673073,1403910.798867792,18285534.621544667,605.6500040690104,60939906.70496267,992.654798978165,31.18271467150567,17.361669966566097,13.821044704939576,0.9462903592874123,2.3079471537331426,16.094399095284817,259.02968223830476,567.0249938964844,567.0249938964844,1.4234226886559491,3.1820585666782866,0.7373671286371299,259.02968223830476,587.4550083705358,2.582501220703125,3.3518709354900453,25.54015299479165,-0.010218261670122963,0.07426144535108792,0.09327318178611743,0.1617464671343618,0.3524424788776179,,-0.010270826493233616,0.20632572989537024,1.6844170190618608,0.039340742408667806,0.12129549008734797
2026-09-02 00:00:00+05:30,602.4000244140625,613.75,593.5999755859375,600.1500244140625,684806,0.0,0.0,571.2475036621095,534.379174194336,523.2747042846681,507.06899337768516,570.2111341205131,545.9301738977729,529.1521971454106,517.9380039178453,577.6926252092635,550.9352109662224,593.158447329408,572.4563055680053,599.6059230784834,586.3017678561134,590.0810819128786,588.9378701714497,580.2691849022244,592.1155500626763,585.2000162122979,577.0920198500995,558.4913544450263,553.7193142195965,593.4263697147031,602.7750244140625,583.7250061035156,583.7749938964844,69.06780351496423,17.505198915789833,2.538501992028884,14.96669692376095,84.60734377680407,80.8377036055507,3.7696401712533714,74.58175234170827,73.27431671562317,-24.192234251826484,6.108566180953707,11.077186372994513,34.550048828125,-3077.230948880165,42.76502145941072,57.424555859955,2.2621863056787186,1.971943668552997,0.36331482660798553,0.32917549246831435,9.138300093033834,34.16850785021427,14.018483436151769,-88468.03303494523,-85646.04245748291,24.01668294270833,0,1,0,24.01668294270833,1,0,0,0,0,17.89057140469998,20.1500244140625,538.8737902382078,571.2475036621095,603.6212170860111,11.334391210941936,0.9463887162634571,533.9739937464078,570.2111341205131,606.4482744946183,539.5,577.5,615.5,1.0489516107799914,0.2628267996851372,530.1431590152032,571.2475036621095,613.3182078433282,15314272.0,82.64407710593105,0.10594910127698508,158479.92745296785,1331546.1477401035,15159710.88989543,602.5,60346046.223460436,991.7876037703219,24.97272778949423,8.921346467643723,16.051381321850506,0.6575697881593344,1.785554865053826,16.18685671195086,262.01433021322856,567.4749755859375,567.4749755859375,1.524156098116946,1.8006930417251992,0.7394783015948622,262.01433021322856,590.5828683035714,2.9925018310546876,3.3574172440139067,24.027635362413204,-0.008671952078431522,0.05344920406279652,0.11077186372994507,0.16255559254894325,0.3593078751691383,,-0.008709772263490147,0.20632572989537024,1.6844170190618608,0.039340742408667806,0.12129549008734797
2026-09-03 00:00:00+05:30,603.5499877929688,605.0,597.0499877929688,600.1500244140625,376522,0.0,0.0,573.745004272461,536.0664678955078,524.4060876464845,507.55055450439414,573.0624570056129,548.0564425454705,530.5580947150868,518.756033972534,580.445246233259,553.514459994447,596.4040801382749,575.585219321521,602.5942671756087,589.8510479941167,596.3927210423852,592.6121625832951,582.7564040898669,595.9616939648172,589.1196243770729,583.3315439668564,559.2172252112139,556.1225515858512,599.0948395954026,600.1500244140625,586.7000122070312,584.5,69.06780351496423,17.72919714091188,2.2100001737207435,15.519196967191135,78.37724548145364,82.62291106572933,-4.2456655842756845,57.76350380162512,71.55150442074391,-24.758025138608875,5.9025959919709745,9.078518920176956,33.45001220703125,-2585.588947553097,46.64382941361771,58.037514829877544,2.3129368507068633,2.2621863056787186,0.37500485466912536,0.3372359158135805,10.175619091312935,22.480146098174714,14.530133891143464,-89537.46571456059,-87025.55615968462,29.26668294270833,0,1,0,29.26668294270833,0,0,0,1,0,17.18053146200936,7.95001220703125,540.5125505805063,573.745004272461,606.9774579644156,11.584398450351715,0.8972776188354998,538.7621848181784,573.0624570056129,607.3627291930475,546.0999755859375,580.7999877929688,615.5,0.9599975294514475,0.2588755407068953,534.664752012091,573.745004272461,613.6022977884583,15314272.0,81.82924343530114,0.15036777222553405,75600.7441558461,1154522.1277987738,12994037.905624656,600.7333374023438,60346046.223460436,991.7876037703219,17.31772154581059,1.0130721791680664,16.304649366642522,0.39492461838246234,1.5891104753419976,16.61622684597736,276.0989945969786,567.6499938964844,567.6499938964844,1.3306541047963383,0.570050676306789,0.7481444933273165,276.0989945969786,593.8457301548549,2.4975006103515627,3.3620601245626354,22.34012084960937,0.0,0.0578127262528747,0.09078518920176948,0.18951174936542015,0.40427512479134786,,0.0,0.20632572989537024,1.6844170190618608,0.039340742408667806,0.12129549008734797
2026-09-04 00:00:00+05:30,603.1500244140625,611.4000244140625,598.2999877929688,601.5,804735,0.0,0.0,576.0975036621095,537.7807611083985,525.5683941650392,507.995804443359,575.7707944336498,550.1522683280011,531.9628849187484,519.5793570175834,583.0885791596912,556.0804808612899,599.3398063695203,578.6151217666378,605.1461845109633,593.2189523827931,601.3420862107049,596.1068746151931,585.1162118680304,599.8081969763524,591.8110116564034,586.0383616739845,560.3722418145687,558.4909324105454,601.2249490129673,600.8250122070312,587.6000061035156,585.8999938964844,69.51775320423549,17.810342553308374,1.8329164688937905,15.977426084414583,75.80036561242093,79.59498495689289,-3.794619344471954,50.93157313051804,61.09227642461714,-23.648643772301803,5.93519072411797,8.485884526484655,33.70001220703125,-2237.065289147621,49.45401776073709,55.00729629367072,2.490166103107197,2.3129368507068633,0.38546991651136064,0.34536749698462643,11.069182323876483,26.16872106964081,13.06868444854706,-91654.85988024471,-88978.29443277665,35.29168701171874,0,1,0,35.29168701171874,0,0,0,1,0,16.8890675448011,13.10003662109375,541.9669835994309,576.0975036621095,610.228023724788,11.848869278453481,0.872137551540973,542.2419697648103,575.7707944336498,609.2996191024894,552.0499877929688,583.7749938964844,615.5,0.9877888593727487,0.2586627285809973,537.536409258998,576.0975036621095,615.7989519836075,16119007.0,82.82272940160641,0.12213708537971307,-335980.8780469112,846188.8645947367,11292942.86241391,603.7333374023438,60527063.062410004,991.7876037703219,14.380009078684617,-1.5397122303663249,15.919721309050942,0.8068288014225717,1.4885502061638947,17.06526003133925,291.22309993722484,567.75,567.75,1.101894972874234,-0.3658630092420704,0.7587974144855978,291.22309993722484,597.0707301548549,2.3524993896484374,3.366118005173423,20.606827053493937,0.0022493968691503774,0.038949801049326105,0.08485884526484666,0.18377777259927952,0.38787270915947514,,0.0022468707634465106,0.20632572989537024,1.6844170190618608,0.039340742408667806,0.12129549008734797
2026-09-07 00:00:00+05:30,602.7999877929688,604.8499755859375,591.8499755859375,599.3499755859375,336187,0.0,0.0,577.6275024414064,539.4759490966796,526.7579861450197,508.42831329345665,578.0164307338677,552.0815901812537,533.2972827537423,520.3730945157761,585.3031002952939,558.494959860409,601.3725410427094,581.2819154616961,606.4333055081319,596.0215982154233,605.0275327026895,599.2372846784634,586.7833364051507,603.1740794908814,593.8948916374022,587.9514101438983,561.0165766385221,560.6913377701092,601.1633306171685,600.4249877929688,587.6000061035156,586.375,67.82556456943308,17.499439233086377,1.217610518937434,16.281828714148944,74.6226557627079,76.26675561886083,-1.644099856152934,47.88693170305164,52.19400287839826,-27.725363800965663,5.770749097855944,5.380215487637362,32.699951171875,-2020.1442302688165,46.88099006442678,55.01898615304977,2.2993068287284184,2.490166103107197,0.3937532938764088,0.35371604840769166,11.476655008582284,17.601719064156327,4.6017190641563275,-95891.70652553994,-91124.06512501596,38.475016276041664,0,1,0,38.475016276041664,0,0,0,1,0,16.611277005886738,13.0,542.1662927549783,577.6275024414064,613.0887121278345,12.278227590115565,0.8062849989695201,545.20463698587,578.0164307338677,610.8282244818653,552.0499877929688,583.7749938964844,615.5,1.120214172432035,0.24709202438703487,539.8769495030111,577.6275024414064,616.7019922276207,15782820.0,80.29358886549052,0.10272991187830997,-284259.8011238343,659582.9755236336,9576406.702399006,598.6833089192709,60406895.10601924,991.4301599774603,7.743392911916568,-6.5410627177075,14.284455629624068,0.33444291364960865,1.2251399958780809,17.730604843214046,314.3743481062054,567.75,567.75,0.8301158085155173,-1.019840609226186,0.8022329876855878,314.3743481062054,600.6542960030691,1.529998779296875,3.3687614999312547,19.195806477864576,-0.0035744379286160033,-0.020109618796971374,0.05380215487637363,0.17208243410717805,0.39428264248561185,,-0.0035808414958585317,0.20632572989537024,1.6844170190618608,0.039340742408667806,0.12129549008734797
2026-09-08 00:00:00+05:30,597.0,603.5999755859375,579.2000122070312,589.2000122070312,410036,0.0,0.0,578.707504272461,540.7978839111329,527.7987863159182,508.8352117919918,579.0815337313118,553.5372145744215,534.4042674953915,521.0579394679279,586.4052440824963,560.4449231196385,601.1769171989037,582.9909701431842,604.615046477917,597.3961179678963,606.5120234158338,601.63891424888,586.9500610386584,603.7003587971814,595.6284267348019,589.466749764869,561.6037071190742,562.3612490054853,599.3179777573844,594.2749938964844,587.6000061035156,586.375,60.35624521908635,16.246746513420362,-0.028065760582865806,16.274812274003228,67.82526626357823,72.74942921290236,-4.924162949324128,31.371846909801455,43.39678391445704,-45.15019363599786,4.551508290243375,3.8055034443572477,25.6500244140625,-1924.327014562838,41.27543155836838,52.925929650581516,1.849201033361889,2.2993068287284184,0.39751901298334946,0.36197036697235163,11.222358690796076,16.072896823406268,-8.327066555499982,-100225.47792606469,-94142.67940869908,35.066680908203125,0,1,0,35.066680908203125,0,0,0,1,0,17.167611746816704,24.39996337890625,543.2164936319457,578.707504272461,614.1985149129764,12.265612724387914,0.6478192328875569,544.747060649046,579.0815337313118,613.4160068135775,552.0499877929688,583.7749938964844,615.5,1.4759220901381167,0.2564478101127424,540.1225092736589,578.707504272461,618.235042842995,15372784.0,77.16001947895708,0.15005972833646064,-358200.2147226876,499755.61880185315,7613798.547194405,590.6666666666666,59712501.086904705,991.4301599774603,2.7713911245108087,-9.210451604090608,11.981842728601416,0.39945250585731057,0.5912769315502285,17.74550532025765,314.9029590712925,568.75,568.75,0.6516647532965947,-1.2490854883199107,0.8120346226861973,314.9029590712925,601.800723702567,1.0800018310546875,3.368270976464389,17.557963053385418,-0.016934952519157775,-0.026759186577024807,0.03805503444357239,0.14776375510037143,0.30695010163825476,,-0.0170799886124244,0.20632572989537024,1.6844170190618608,0.039340742408667806,0.12129549008734797
2026-09-09 00:00:00+05:30,589.2000122070312,591.0,580.8499755859375,586.3499755859375,239296,0.0,0.0,579.7550018310548,542.2948004150392,528.6970864868166,509.20670288085904,579.7737662888952,554.8239895160496,535.4328953783727,521.7076114691021,587.1330984933036,562.2312796559053,600.3911331688157,584.3590090260329,602.1645684609822,598.2773262129097,605.8509939377029,603.2637054643258,586.9263400606253,603.8574651580152,596.6822115281369,590.1771025844378,562.1143814035411,563.8110655803662,596.2760054877967,587.7749938964844,587.6000061035156,586.375,58.41109300403788,14.852790646319363,-1.1376173021470937,15.990407948466457,59.027160731849065,67.1583609193784,-8.13120018752933,13.914982624785182,31.05792041254609,-50.04296036748927,2.9225843465236907,3.7053325552268825,16.64996337890625,-1926.2734423002416,34.78180937545892,46.38965836847973,1.223033441811475,1.849201033361889,0.3968464116249626,0.3698927693162441,10.765298886104345,3.6410788341249827,-6.508945579937517,-100813.57183008347,-97450.4667689229,30.083333333333332,0,1,0,30.083333333333332,0,0,0,1,0,16.66635550876283,10.1500244140625,544.6835573145736,579.7550018310548,614.8264463475359,12.098712182116287,0.5940219863453808,546.7759050403572,579.7737662888952,612.7716275374332,552.0499877929688,583.7749938964844,615.5,1.8382898588321384,0.25675767268765437,541.489334059202,579.7550018310548,618.414367628538,15133488.0,73.11595010451316,0.17435083060531123,-338161.27200539695,395315.3983891851,6428684.13141217,586.066650390625,59596750.51848116,990.9464470511116,-3.3215766865889944,-12.242735532152329,8.921158845563335,0.23623857671628024,0.37608794538152285,17.535722258240597,307.50155511815467,569.75,569.75,0.5063660353783387,-1.337730636579554,0.8021118881699268,307.50155511815467,601.8892918178013,1.04749755859375,3.364447061851653,16.919113905164917,-0.004837129263487339,-0.02299433186160116,0.03705332555226892,0.14154762917625408,0.32149546928989725,,-0.004848866036731927,0.20632572989537024,1.6844170190618608,0.039340742408667806,0.12129549008734797
2026-09-10 00:00:00+05:30,586.0,589.9500122070312,575.1500244140625,577.3499755859375,258395,0.0,0.0,580.1325012207031,543.597777709961,529.5626351928712,509.52846466064415,579.5429290790897,555.7073615187903,536.2629365706017,522.2612668334486,586.904048374721,563.6059924077052,597.987884494908,584.9328749329762,597.6269060536328,598.0080071577386,602.6316408178817,604.006173496423,586.7424280094974,601.1805579015228,596.8221224080078,590.434954757148,562.4991735097527,564.6905607117011,591.580808205128,581.8499755859375,587.6000061035156,586.6000061035156,52.64160526952911,12.87344869179492,-2.493567405337231,15.36701609713215,46.26777653682356,57.70673451075028,-11.438957973926719,0.0,15.095609844862212,-66.00351638604216,1.7625804935784795,1.3250242110766706,10.0,-1992.9415050425469,28.317860428158042,41.961021841521415,0.4748910835753257,1.223033441811475,0.39063023434724453,0.37681716517793024,9.426713906907306,4.020940409718719,-10.779047383250031,-98521.82376367754,-99415.27163358562,25.983327229817707,0,1,0,25.983327229817707,0,0,0,1,0,16.533043529063253,14.79998779296875,545.350893019022,580.1325012207031,614.9141094223843,11.990918670646577,0.46000004343342643,546.8686759888946,579.5429290790897,612.2171821692849,552.0499877929688,583.7749938964844,615.5,2.3699674766351486,0.26280003226522886,541.3588471512633,580.1325012207031,619.7838807205993,14875093.0,73.73198361357828,0.1654886713076402,-519737.77850275964,258877.74720855226,5178078.541210432,580.8166707356771,59200134.99928103,990.9464470511116,-8.366084694468817,-13.829794832025723,5.463710137556904,0.26039420252933926,-0.15999982626629441,17.390804100840544,302.4400672738123,573.5249938964844,573.5249938964844,0.457576834879152,-1.3241172936344676,0.7736118631621753,302.4400672738123,600.4471426827567,0.3774993896484375,3.358113003319223,15.930002170138907,-0.015349194806406063,-0.03799058218882034,0.013250242110766752,0.11817380469216099,0.3159762822985763,,-0.015468213158271123,0.20632572989537024,1.6844170190618608,0.039340742408667806,0.12129549008734797
2026-09-11 00:00:00+05:30,571.0999755859375,583.25,570.2999877929688,578.3499755859375,225658,0.0,0.0,581.2600006103517,545.0432177734375,530.4501315307617,509.8146545410153,579.4293144606943,556.5953071684823,537.0963432837766,522.8193634379511,586.7342840285529,564.9688236969592,596.0148132774102,585.527846269071,594.0058482408781,597.8087430856806,597.8164666985846,604.0726433212258,586.7017425130309,595.8347835068837,596.4741941242378,590.9582009921255,563.3551408061485,565.5772741426058,586.6711253298649,577.8499755859375,587.6000061035156,586.6000061035156,53.19480020923087,11.255748314981815,-3.289014225720269,14.544762540702084,39.89337034401431,48.39610253756231,-8.502732193547999,0.7538345862944731,4.889605737026551,-64.27341221442563,-0.10364221581174753,4.0572127182860696,-0.60003662109375,-2139.0484430308784,20.4156235961093,45.09974535789092,-0.21142946890251613,0.4748910835753257,0.3804266584559013,0.38152031507979867,8.25968160257962,-1.5963437671161955,-14.546355974147446,-96287.71862115337,-99197.33128912335,22.01665242513021,0,1,0,22.01665242513021,0,0,0,1,0,16.277112720346683,12.95001220703125,548.3901059900637,581.2600006103517,614.1298952306396,11.309876676796245,0.45573418993229703,547.4002260063213,579.4293144606943,611.4584029150673,553.5,584.5,615.5,2.7770643712610554,0.2448704111255396,542.9360006204172,581.2600006103517,619.6485402932688,15100751.0,71.7035326582801,0.1831743859195646,-464848.68459354405,196992.71549590264,4470589.892466085,577.2999877929688,59239220.131270684,991.1196522199497,-13.124402534439685,-14.870490137597272,1.7460876031575863,0.27328670810369,-0.17706324027081202,16.434947310143947,270.1074930872078,577.8499755859375,577.8499755859375,0.5028008830117244,-1.3183894033238956,0.6969001420594518,270.1074930872078,597.6828508649553,1.1274993896484375,3.349077065538448,14.867779405381953,0.0017320516883803094,-0.038487156133104716,0.04057212718286074,0.09107684654985593,0.3716394732590922,,0.0017305534166612575,0.20632572989537024,1.6844170190618608,0.039340742408667806,0.12129549008734797
2026-09-14 00:00:00+05:30,578.3499755859375,578.3499755859375,578.3499755859375,578.3499755859375,0,0.0,0.0,582.0899993896486,546.7704205322266,531.2823706054687,510.10059570312467,579.326520282146,557.4484314201472,537.9132468937203,523.3719068424087,586.4571387881325,566.2749710621553,594.2394435262025,586.0660295429007,590.9085258321721,597.562732211527,592.2914502455145,603.6060949685331,583.7728605887248,591.5933685784007,596.1850090835201,591.334245934806,564.081185807945,566.4116459871391,582.619728912796,578.3499755859375,589.5,588.7000122070312,53.19480020923088,9.860048608760962,-3.747771145552898,13.60781975431386,33.4710975962401,39.877414825692654,-6.406317229452554,1.507669172588956,0.7538345862944763,-69.30977861081189,-5.444297800858454,2.9550468332777036,-33.300048828125,-2289.5038956682124,14.369773006275295,45.518521372808884,-0.7607158895205783,-0.21142946890251613,0.36726664412962684,0.38335909480066277,6.812382462518454,-5.568315583867502,-5.568315583867502,-95936.90532778398,-97728.26032125489,17.86664835611979,0,1,0,17.86664835611979,0,0,0,1,0,15.114461811750491,2.220446049250313e-16,550.480232308101,582.0899993896486,613.6997664711962,10.860783423419772,0.44084069341506854,550.34782120438,579.326520282146,608.305219359912,556.2999877929688,585.8999938964844,615.5,3.121428846707059,0.24278409835631015,545.306881619929,582.0899993896486,619.1694151892649,15100751.0,72.92569445594826,0.17977302391115674,-464848.68459354405,153767.6829320094,3831934.193542359,,59239220.131270684,991.1196522199497,-20.609069393011048,-17.884125596934908,-2.7249437960761407,0.0,-0.23663722633972606,15.804883540773783,249.79434373742205,578.3499755859375,578.3499755859375,0.49977938712878184,-1.2625773428659408,0.6214766766840454,249.79434373742205,595.1914175851005,0.829998779296875,3.3323274892699417,14.327333984375006,0.0,-0.03503795921484765,0.02955046833277697,0.072840178086502,0.3080146713421412,,0.0,0.20632572989537024,1.6844170190618608,0.039340742408667806,0.12129549008734797
2026-09-15 00:00:00+05:30,581.7999877929688,584.8499755859375,568.2999877929688,571.5,317962,0.0,0.0,582.2799987792971,548.4064227294922,532.0301800537111,510.3132086181637,578.5811373981321,557.9994733252395,538.5783311136465,523.8507933414893,585.4485674176898,567.244758492264,591.3993882000755,586.024245116699,586.4905209340409,596.5005184604107,586.2817838779465,602.5659759021077,579.4520468165596,586.9511406743566,595.4561842404777,591.1530094145775,564.6647309289577,566.7623276373267,579.205124804557,574.9249877929688,589.5,588.7000122070312,48.67760538555869,8.107749662743686,-4.40005607325614,12.507805735999826,28.109073181759307,33.8245137073379,-5.715440525578593,1.507669172588956,1.2563909771574617,-82.08958962948455,-5.599607374788711,0.6693654590909106,-33.9000244140625,-2386.4564691623004,9.556811060494965,43.647233743480356,-1.2782463598148626,-0.7607158895205783,0.35054277472179596,0.38193997792441947,4.048329046716901,2.7057260118189106,-13.84426178114984,-97187.26726843558,-96693.0564883313,11.183319091796875,0,1,0,11.183319091796875,0,0,0,1,0,15.21699938183751,16.54998779296875,550.9903607042963,582.2799987792971,613.5696368542979,10.747282455381246,0.3277385191631553,549.2099357957783,578.5811373981321,607.952339000486,557.25,586.375,615.5,3.580653044292527,0.2447192281089263,545.5801595514899,582.2799987792971,620.2801870173103,14782789.0,69.98464630465382,0.1548699196168764,-659852.0100494641,60059.32215335034,2973367.6034283284,574.8833211263021,58862626.022305906,991.1196522199497,-22.053482799758864,-15.462831202946179,-6.590651596812686,0.8702711328041927,-0.6890459233473799,15.64481903750036,244.76036271613367,578.3499755859375,578.3499755859375,0.502161766987104,-1.2358547342075703,0.5282907390786096,244.76036271613367,591.7857046944755,0.1899993896484375,3.3176287226190904,13.854000651041655,-0.011843997363357173,-0.030040753293148037,0.006693654590909093,0.08079317560192734,0.24716840095836679,,-0.01191469629324358,0.20632572989537024,1.6844170190618608,0.039340742408667806,0.12129549008734797
2026-09-16 00:00:00+05:30,570.3499755859375,574.0999755859375,559.0,573.2000122070312,205000,0.0,0.0,582.6600006103516,550.0395867919922,532.8293383789064,510.55647430419884,578.068649284694,558.5955728892313,539.2639089570798,524.3418303451265,584.5838067917597,568.2170561188342,589.2024345742939,586.0940571327043,583.2370382509995,595.6538474070284,580.8103015189562,601.1809803058843,577.7123066000195,583.074841562513,594.7167274710902,591.4503891278171,565.9508271426944,567.2018498160527,576.7516561964766,572.3500061035156,591.5750122070312,587.25,49.816563459545115,6.778083374969242,-4.583777888824468,11.36186126379371,24.577798909300157,28.719323229099853,-4.1415243197996965,2.0894464413669622,1.7015949288482912,-74.8672350318031,-4.490545881980601,1.3437123318862303,-26.95001220703125,-2412.2050854732165,4.370289432301206,48.35223120843809,-1.7639162429269843,-1.2782463598148626,0.3317725065819621,0.37713638369251246,2.024258319249213,-6.7665257928829305,-21.86650137882043,-96988.50736753963,-96587.42853018868,1.20831298828125,0,1,0,1.20831298828125,0,0,0,1,0,15.208640539273224,15.0999755859375,552.0459967758628,582.6600006103516,613.2740044448404,10.508359524394962,0.3454957336769024,548.6185191519096,578.068649284694,607.5187794174783,557.25,586.375,615.5,3.9535468667829434,0.24440481022387076,545.3639763429121,582.6600006103516,620.4390038087325,14987789.0,71.60732302642194,0.1744982910300481,-479288.1413035566,73716.28533092851,2598386.874715911,568.7666625976562,58923606.33769373,991.417117173061,-25.077904781028078,-14.789802547372313,-10.288102233655765,0.6459152477274024,-0.6180170652923914,15.307001917244381,234.30430769452317,578.3499755859375,578.3499755859375,0.5168426280181397,-1.187078211424179,0.4218929742017983,234.30430769452317,588.4314191545759,0.3800018310546875,3.3071280342520986,12.976666666666665,0.0029746495311133714,-0.02242681662221535,0.013437123318862376,0.09202715012733886,0.27342787477291,,0.002970234015437485,0.20632572989537024,1.6844170190618608,0.039340742408667806,0.12129549008734797
2026-09-17 00:00:00+05:30,572.9000244140625,594.2000122070312,568.7999877929688,591.75,272889,0.0,0.0,583.9125,551.9989471435547,533.771184692383,510.8735726928707,579.3716350671041,559.8957465014184,540.3032374925832,525.0125584013939,585.4495210193453,569.8527585975796,590.6239517513036,587.565045225484,585.333931101532,596.9140576370708,578.1521479381213,600.1228816839612,578.0666728671127,582.9724756994166,596.0101896175977,593.9246028756188,566.5927172124821,568.6819401544708,577.270483611385,582.4750061035156,591.5750122070312,587.25,60.19656940991862,7.138850029001333,-3.378408987833904,10.517259016835236,33.66925903620795,28.785377042422468,4.883881993785479,14.843453153602937,6.146856255852951,-42.0353982300885,-1.3996540985337123,4.420325966715754,-8.4000244140625,-2522.0149802019587,2.3051388011259633,57.022386368907235,-1.5175643791789935,-1.7639162429269843,0.3156564428623776,0.36937933106484766,1.2059954045850128,11.778725310899404,-13.621299103163096,-91630.68070750782,-95986.52255120703,-4.350016276041666,0,1,0,-4.350016276041666,1,0,0,0,0,15.9365965303296,25.4000244140625,554.0062830408241,583.9125,613.818716959176,10.243389877481963,0.6310346275274253,547.8881793442872,579.3716350671041,610.855090789921,557.25,586.375,615.5,4.048039314874141,0.2683563290848033,544.6022239739219,583.9125,622.5272575432579,15260678.0,66.71936201360762,0.2383524404464249,-259043.2939441656,142679.6503060232,2950344.123875845,584.9166666666666,59806733.95650597,991.417117173061,-26.32154013454733,-12.826750320713252,-13.494789813834078,0.88884350577397,0.5241385101097021,14.953108479587943,223.59545320232485,578.6499938964844,578.6499938964844,0.35876405034215253,-1.246599471746661,0.3766458387783674,223.59545320232485,588.5235630580357,1.2524993896484375,3.3039641962136552,12.828668619791673,0.03236215526504349,0.024941586599095844,0.044203259667157546,0.14727960422344988,0.3675751666987688,,0.03184953114379059,0.20632572989537024,1.6844170190618608,0.039340742408667806,0.12129549008734797
2026-09-18 00:00:00+05:30,595.5499877929688,611.7000122070312,590.5,600.0999755859375,469267,0.0,0.0,585.5274993896485,553.8594744873046,534.7965307617189,511.23142578124964,581.3457627355643,561.4723829361055,541.487331316214,525.7596968808421,586.9911853608631,571.7390734384574,593.3125457213041,589.5714186768679,589.1727584538567,598.9666877354148,578.6453955104547,599.6249892501979,578.2021967210559,584.6750947362281,597.6744939922752,594.902335972759,567.9556869881493,570.4917556351885,581.1525345104575,595.9249877929688,588.4500122070312,586.7250061035156,63.823885365623454,8.006242468172445,-2.008813238930234,10.015055707102679,52.406045322676974,36.88436775606169,15.521677566615281,35.89145034867206,17.60811664788065,-25.879230770077477,-0.23275551355985039,5.688620726907443,-1.4000244140625,-2519.5004832661502,5.184111112706773,53.93802849315525,-0.8052890117038265,-1.5175643791789935,0.3032993114050475,0.35932888856802975,0.13677921803991236,26.753198355212817,5.553186148181567,-79847.11209183527,-92378.79258506096,-6.658355712890624,0,1,0,-6.658355712890624,1,0,0,0,0,16.312554792951147,21.20001220703125,555.7968826470719,585.5274993896485,615.258116132225,10.155156426834823,0.7450752421731651,548.8226338040574,581.3457627355643,613.8688916670712,557.7000122070312,586.6000061035156,615.5,4.054795629182519,0.27162479145459956,545.4964218798218,585.5274993896485,625.3964615526733,15729945.0,45.46198429613528,0.2160778108482467,-303315.09117800783,143834.57773906458,3088633.2480773153,600.7666625976562,60468900.072819635,991.417117173061,-23.546201366117007,-8.041129241826344,-15.505072124290663,1.7159787763878174,0.9803009686926595,14.865308371288297,220.9773929734939,582.6499938964844,582.6499938964844,0.15149929067275592,-1.368816256626181,0.34793654821725806,220.9773929734939,589.9185573032925,1.6149993896484376,3.3041548434053505,13.099004448784733,0.014110647378010155,0.03760698697698506,0.05688620726907434,0.1634684621626301,0.2974595254763346,,0.014012018918049424,0.20632572989537024,1.6844170190618608,0.039340742408667806,0.12129549008734797
2026-09-21 00:00:00+05:30,603.0499877929688,606.4000244140625,594.0,595.9500122070312,193265,0.0,0.0,586.992498779297,555.5921997070313,535.4458465576173,511.5476205444332,582.7366436376087,562.8244468290831,542.565800244745,526.4581079786151,587.9838056291853,573.3896827607996,594.8221490598896,591.1206013791468,591.1840427843077,600.3368171737461,580.9444571966526,599.4773282047101,578.369945920206,586.3917535429713,598.7147103928538,595.4950346974238,568.4645559225172,572.0188250609708,586.6603848411453,598.0249938964844,586.5,586.375,60.85557705245577,8.263532998913206,-1.4012181665515797,9.664751165464786,66.52465925688911,50.86665453859134,15.658004718297768,54.03422187304833,34.92304179177444,-32.511393229166664,-0.5672751342956797,5.1707379388655355,-3.39996337890625,-2549.012520027693,8.229853012982403,54.03373421777426,-0.11314887462705647,-0.8052890117038265,0.2927598041895685,0.3476889764798319,-0.7643647588006447,19.8813250829279,7.481300668865401,-65925.67082903386,-84311.62729920994,-8.800018310546875,0,1,0,-8.800018310546875,1,0,0,0,0,16.033088337316244,12.4000244140625,558.309418440285,586.992498779297,615.675579118309,9.77289501949719,0.6561462946424049,550.9490461445191,582.7366436376087,614.5242411306983,557.7000122070312,586.6000061035156,615.5,4.053097375783059,0.27332887653832166,547.1776404846808,586.992498779297,626.7401862610479,15536680.0,32.593037859514205,0.21628282368729795,-435794.8706643291,89078.52023974608,2532822.402291368,598.7833455403646,60335248.56389544,990.7255718393266,-26.260421568217698,-8.604279555141627,-17.65614201307607,0.7456878856440855,0.6245851785696191,14.34154016950602,205.67977443355474,587.7749938964844,587.7749938964844,-0.01722496116447162,-1.3080592190850417,0.27735738394662557,205.67977443355474,589.966419328962,1.4649993896484375,3.304870313146761,13.56744859483506,-0.006915453337344668,0.03043146427604282,0.05170737938865533,0.15810518070580049,0.2665395895569338,,-0.006939475900110795,0.20632572989537024,1.6844170190618608,0.039340742408667806,0.12129549008734797
2026-09-22 00:00:00+05:30,596.0,600.3499755859375,588.0,592.0999755859375,192223,0.0,0.0,588.4199981689453,557.3415124511719,535.945648803711,511.85178375244107,583.6283895374496,563.9725067803322,543.5466750039766,527.1112608901308,588.4702319917225,574.821360246247,595.3697121622265,592.2620462031623,591.7666887151488,601.1104860600431,583.7953776543687,599.472054736962,578.4952521501172,587.4830127851586,599.4945247141513,595.9419146192693,568.8465167920759,573.2682830825383,591.2559466876693,594.0249938964844,586.5,585.3500061035156,58.153445432320765,8.063817154375897,-1.2807472088711123,9.34456436324701,68.13922142397752,62.3566420011812,5.782579422796317,55.6827670666039,48.53614642944143,-37.19171172882329,0.4921865782119621,5.066096781366119,2.89996337890625,-2777.701761047666,10.37779558967145,52.15168436143488,0.35102493067893836,-0.11314887462705647,0.2826844331582423,0.33500431220575183,-1.4302012528813897,13.033951075545247,0.6839754896077466,-54231.67554561328,-72901.32034914322,-12.200022379557291,0,1,0,-12.200022379557291,1,0,0,0,0,15.770008855074906,12.3499755859375,561.8882074182854,588.4199981689453,614.9517889196052,9.01797723844258,0.5693503399671705,552.5158059797138,583.6283895374496,614.7409730951854,559.0,587.25,615.5,4.0434568425227075,0.273738162101399,548.7261807805553,588.4199981689453,628.201217401649,15344457.0,36.413281750399335,0.21248673501555995,-500388.53219777247,38027.73893486144,2065266.9749045295,593.4833170572916,60211066.06968326,990.0795383562772,-28.50274901546846,-8.677285601913908,-19.82546341355455,0.8097162751610709,0.27740135986868275,13.265895375329913,175.9839801091996,590.4750061035156,590.4750061035156,-0.05586712136439124,-1.2602534022149237,0.13086653611943103,175.9839801091996,588.5706996372768,1.4274993896484376,3.308299864163949,13.732669270833336,-0.006460334830492909,0.03604545159394146,0.05066096781366114,0.13189881972210804,0.2646458291603633,,-0.00648129310730772,0.20632572989537024,1.6844170190618608,0.039340742408667806,0.12129549008734797
2026-09-23 00:00:00+05:30,594.7999877929688,602.2000122070312,587.25,598.4000244140625,279828,0.0,0.0,589.8549987792969,559.134189453125,536.62294921875,512.2272723388668,585.0352119066508,565.3226055110667,544.6328799427902,527.8206018207172,589.4207106817337,576.4314979702818,596.9311526154883,593.7999049135111,593.8111668108537,602.4817439721043,587.1885726202102,599.7282452755554,579.1835408729852,590.527494733447,600.6947408673648,596.7808851394074,569.2989166024039,574.7803109409922,594.2365184339126,595.25,586.5,585.3500061035156,61.19021014429387,8.318017272103134,-0.8212376729151014,9.139254945018235,68.35324413338321,67.67237493808328,0.680869195299934,54.64839112413368,54.78846002126197,-25.23716264186038,2.0550949654399537,5.037741195729789,12.050048828125,-3004.395239114618,14.75471119600195,54.598243746844844,0.6819051133954623,0.35102493067893836,0.274223311046895,0.32207020961682414,-1.2067398528260602,13.300559138971721,-1.649453068059529,-46879.40263620923,-61173.534579556464,-11.116678873697916,0,1,0,-11.116678873697916,1,0,0,0,0,15.71143766592893,14.95001220703125,564.508249225497,589.8549987792969,615.2017483330968,8.594230652026317,0.6685625530924248,554.0381101721221,585.0352119066508,616.0323136411796,559.0,587.25,615.5,4.014475714482904,0.27363018456922433,549.6480298861449,589.8549987792969,629.9480634554808,15624285.0,43.987553525210615,0.21724035413811577,-362813.6580689006,57460.084811607725,2022075.987557677,595.9500122070312,60508808.028164506,990.0795383562772,-28.39411445137869,-6.85492083025931,-21.53919362111938,1.1589542623339864,0.6742502123697002,12.67337477689993,160.61442823576337,591.9249877929688,591.9249877929688,-0.22617661631511693,-1.0986218167618962,0.014078767157820575,160.61442823576337,588.5521344866071,1.4350006103515625,3.31477324253143,13.963448757595492,0.010640177483355773,0.04396373285129895,0.050377411957297946,0.16988302823560075,0.2935056206858815,,0.010583969154443703,0.20632572989537024,1.6844170190618608,0.039340742408667806,0.12129549008734797
2026-09-24 00:00:00+05:30,597.4000244140625,609.9000244140625,591.2000122070312,594.0999755859375,434449,0.0,0.0,591.1924987792968,560.8418609619141,537.2731787109376,512.5655792236324,585.8985227332496,566.4511298277283,545.6124263911693,528.4800980770875,589.824994187128,577.8027052696078,597.4426074557871,594.8959408519673,594.3014172639892,603.2061013095948,590.2709877364254,600.0225968858472,580.0989766953564,592.3677310051128,601.4674946913468,597.7804761223507,569.7796621135889,575.9893516992963,595.1589927904088,596.25,585.7999877929688,585.3500061035156,58.09151876452763,8.079360850732883,-0.8479152754282833,8.927276126161166,68.05815981169829,68.18354178968633,-0.12538197798804163,51.55802641649015,53.96306153574257,-33.39664619422147,2.9011865780371533,4.714902820322433,16.75,-3340.5757787846733,17.195596672506895,53.14695722658864,1.0864759393741,0.6819051133954623,0.26595009743430875,0.3093505917255361,-1.0840123136926947,20.257639557734592,1.557627350703342,-42679.77175993717,-51804.59982543601,-3.8916829427083326,1,0,0,-3.8916829427083326,1,1,0,0,0,15.924907276007668,18.70001220703125,568.1253666798892,591.1924987792968,614.2596308787043,7.803594310495117,0.5630220695427367,554.2916188387652,585.8985227332496,617.505426627734,559.0,587.25,615.5,3.998840075026522,0.2748291615081872,550.4692505096136,591.1924987792968,632.4192932342229,15189836.0,38.39328760602182,0.1974960580754283,-662515.5599329196,-35173.65926933015,1466329.1445737123,598.4000040690104,60196616.87891459,990.0795383562772,-24.78213342793763,-2.5943518454545966,-22.187781582483034,1.677058961815312,0.2520882781709469,11.533566049703781,133.02314582287968,593.0999755859375,593.0999755859375,-0.25107724715326063,-0.9942156084970887,-0.2165787235892589,133.02314582287968,587.0899850027902,1.3375,3.322554013806507,14.031558702256946,-0.007185910181630617,0.003971230394486769,0.04714902820322431,0.15989591395420089,0.2350376849680933,,-0.007211853191670126,0.20632572989537024,1.6844170190618608,0.039340742408667806,0.12129549008734797
2026-09-25 00:00:00+05:30,597.9500122070312,621.9500122070312,597.3499755859375,608.9500122070312,2095862,0.0,0.0,592.6924987792968,562.8475286865234,538.0858477783203,512.969424743652,588.0939026831336,568.1177526661323,546.8666360112853,529.2807937400721,591.5161859421504,579.689299436083,600.5248469105626,597.0483459851423,598.485214384314,605.4993498060742,594.5855815804882,600.6826448380301,583.277987572069,596.8612850834949,603.4197498014901,602.4220525775257,572.5444149515374,577.8738646014328,597.0519064745808,601.5249938964844,590.2250061035156,590.4750061035156,64.73349892422277,8.984925141647182,0.04611921238881145,8.93880592925837,73.57162820153451,69.994344048872,3.5772841526625143,69.73497325773745,58.64713026612042,-20.65130655931462,5.290920361860872,5.181794518949257,30.60003662109375,-3376.658349906183,17.609271240234307,50.25554458355334,1.5248325291672744,1.0864759393741,0.2608169504676683,0.2975228479853185,0.3617847740664198,29.54939487203137,4.949358250937621,-42033.1328127505,-45897.19285844276,2.149993896484375,1,0,0,2.149993896484375,1,1,0,0,0,16.7767022292281,27.85003662109375,569.082105990488,592.6924987792968,616.3028915681056,7.9671643685170634,0.8442872292120539,554.192411231725,588.0939026831336,621.9953941345422,559.0,590.4750061035156,621.9500122070312,3.962558152410949,0.2791005081515208,551.7757151090673,592.6924987792968,634.4632608854342,17285698.0,64.28526091916643,0.14887809170801783,-781788.9615312443,-107822.30424105981,5703086.045743009,609.4166666666666,65435403.06503802,990.0795383562772,5.386819053870648,22.059680509082945,-16.672861455212296,4.698457320470011,1.3771489168482165,11.805196394404382,139.3626619104582,595.0249938964844,595.0249938964844,-0.3958257637448894,-0.8190258542958591,-0.23812522773064607,139.3626619104582,589.1635602678572,1.5,3.3336736255716226,14.020003255208334,0.02499585462269671,0.01474760370128747,0.051817945189492676,0.20327310296594203,0.24757508727960187,,0.024688568311653624,0.20632572989537024,1.6844170190618608,0.039340742408667806,0.12129549008734797
2026-09-28 00:00:00+05:30,614.9000244140625,620.0,600.0499877929688,613.2999877929688,744751,0.0,0.0,592.7749969482421,564.9760388183595,538.8125848388672,513.3887973022456,590.4944822174036,569.8896050240475,548.1821479277543,530.1168056211955,593.4788039434525,581.6678272441789,603.9134799065598,599.3880332234461,602.9620512291356,608.0531919756952,599.911455078125,601.668014231581,586.9940711845297,602.4078270361085,605.7581905070383,599.4132547060266,573.6489146274306,579.8683735138021,600.4947353751342,611.125,592.3999938964844,590.4750061035156,66.41274426120435,9.939027124100335,0.800176955873571,9.138850168226764,77.40364893035053,73.0111456478611,4.392503282489429,83.05468533847188,68.11589500423315,-13.741100455412347,6.043055880070319,0.26975612082854933,34.95001220703125,-3241.3516101920504,18.51397292193235,47.994852952174064,1.9668965294783123,1.5248325291672744,0.2586487781452318,0.2873124039212558,2.3077944153363257,24.613758313861695,4.663746106830445,-45529.28715966272,-43639.08315687455,8.150004069010416,0,1,0,8.150004069010416,1,0,0,0,0,17.00336722764261,19.95001220703125,568.8759316390718,592.7749969482421,616.6740622574124,8.063452551881847,0.9294099074420917,556.0217019124091,590.4944822174036,624.9672625223982,559.0,590.4750061035156,621.9500122070312,3.839217663447891,0.20054241422303043,554.2820164444668,592.7749969482421,633.0445591690759,18030449.0,73.24874675515889,-0.10288053665639212,-537272.3212315451,-49939.427612221334,5351166.4202943705,611.1166585286459,65967408.747386396,990.7938786959993,6.545376466876887,18.574590337671346,-12.02921387079446,1.4307013202968555,1.7176396297683698,11.94953265458512,142.7913306629961,595.0249938964844,595.0249938964844,-0.33823880828912456,-0.7556004410099879,0.08771259544324331,142.7913306629961,594.8864179338728,0.0824981689453125,3.34397502004472,14.119114040798612,0.007143403397221082,0.02911313907299684,0.0026975612082855704,0.24657043878546703,0.2564870193963633,,0.007118010148936406,0.20632572989537024,1.6844170190618608,0.039340742408667806,0.12129549008734797
2026-09-29 00:00:00+05:30,613.0,627.0,598.3499755859375,605.1500244140625,1828353,0.0,0.0,592.7624969482422,566.9684313964844,539.5992016601563,513.7940530395504,591.8902481408949,571.2723665687539,549.3102246898594,530.8634048131643,594.6573779878163,583.2432776596967,605.2940818856711,600.9425292640706,604.4195457040386,609.4328776789763,604.471668040618,602.6377966340814,589.0476116141729,605.7118469965833,607.1245374134719,599.8767052793272,575.4163107654066,581.3908229032185,603.8489458532692,609.2250061035156,592.3999938964844,593.0,60.59148557504643,9.923138127145535,0.6274303671350161,9.295707760010519,77.82509198237655,76.26678970475385,1.5583022776227011,89.05889840695143,80.61618566772025,-32.132317038143384,5.888018270177166,-0.041295009897292775,33.6500244140625,-3177.0967294777274,20.966179163315815,44.237761389889734,2.402786432119743,1.9668965294783123,0.25665682892097585,0.27896621751447953,3.698484776528157,30.21893220987249,1.5689077958099915,-52733.76685856022,-45089.72976055397,13.316680908203125,1,0,0,13.316680908203125,1,1,0,0,0,17.835271312386887,28.6500244140625,568.8909894048878,592.7624969482422,616.6340044915966,8.054324511504559,0.7594626133963813,555.2434422622688,591.8902481408949,628.537054019521,559.0,593.0,627.0,3.693727427194595,0.20296914932753757,553.2566583898624,592.7624969482422,634.8441980627138,16202096.0,57.46289850115576,-0.18282344962288877,-1497710.5512220436,-327314.10329628957,2457998.361150407,610.1666666666666,63537764.15415293,990.7938786959993,18.984530940629753,24.81099584913937,-5.826464908509617,2.7224296656569713,1.0378504535855257,11.93575377167718,142.46221809810606,595.0249938964844,595.0249938964844,-0.33995109333335655,-0.7514451739843745,0.30422690489439125,142.46221809810606,598.4471400669643,-0.0125,3.3518344976009504,14.040894639756948,-0.01328870624673395,0.0220402792876504,-0.00041295009897290846,0.23575691275959088,0.25683835517944353,,-0.013377791199656108,0.20632572989537024,1.6844170190618608,0.039340742408667806,0.12129549008734797
2026-09-30 00:00:00+05:30,606.0,614.5,585.0,590.75,390007,0.0,0.0,592.2924957275391,568.9595642089845,540.3130053710938,514.1200906372067,591.7816530798573,572.0361953307636,550.1308142999612,531.4592913324364,594.4657116117932,584.1758881931679,603.8106785556207,601.2766969270183,601.7755573859893,609.0212788579271,606.3507589840577,603.1511478940096,589.1062772849797,604.1916710921467,607.4000467076127,599.5048177682778,575.8329826963617,582.0179670847498,604.3204883729743,597.9500122070312,592.3999938964844,593.0,51.930279235575625,8.64888539134813,-0.51745789492991,9.16634328627804,66.93925299234417,74.05599796835708,-7.11674497601291,61.838991217470834,77.98419165429804,-53.30882352941176,3.0617563536669916,-1.566279102169481,17.54998779296875,-3273.924327240337,21.107942468980013,42.270596319150094,1.7048495619590107,2.402786432119743,0.2515844958793201,0.27184711229413977,4.441952283574397,18.580513322747834,-10.919486677252166,-60001.218552367725,-49760.07656692735,16.95002237955729,1,0,0,16.95002237955729,1,1,0,0,0,18.668466218644966,29.5,568.6645074049309,592.2924957275391,615.9204840501473,7.978486471818248,0.4673587165678607,553.0059715706242,591.7816530798573,630.5573345890904,559.0,593.0,627.0,3.5161105787281817,0.2184444815116793,551.9305838034394,592.2924957275391,635.8556173727752,15812089.0,56.432253823907004,-0.18801191814497104,-1735680.9241033995,-486747.5798750862,1304554.2636067388,596.75,62609711.58948633,988.4142994457125,13.007813960579433,15.067423095271241,-2.059609134691807,0.5651543118906043,-0.13056513372855696,11.813994161304112,139.57045804332765,593.0999755859375,593.0999755859375,-0.23247397398954847,-0.7044502708852048,0.38845776218319356,139.57045804332765,598.8121433803013,-0.470001220703125,3.3532047617055887,13.321671549479166,-0.023795792502867896,-0.012784131186413639,-0.015662791021694766,0.20183062576760835,0.19469199846819296,,-0.02408348546141445,0.20632572989537024,1.6844170190618608,0.039340742408667806,0.12129549008734797
2026-10-01 00:00:00+05:30,587.0,601.5499877929688,580.0,593.5,485930,0.0,0.0,591.9599945068359,571.1022735595704,541.1125537109375,514.474314575195,591.9453051674899,572.8779131609297,550.9896100563976,532.0766118166907,594.5807120186943,585.1382582241881,602.9767753438958,601.7804377078829,600.2329252052867,608.8965874960938,606.0546475814225,603.3314909061299,589.1338823486454,602.544847598996,607.4255345933129,599.1944459369499,576.4282719957436,582.7764633126944,602.1412191898913,592.125,592.3999938964844,593.0,53.30308509001443,7.771349653713742,-1.1159949060514407,8.887344559765182,55.098051183363964,66.62079871936155,-11.522747535997581,37.19928345404599,62.69905769282275,-49.26470588235294,0.2957329953527672,-1.1080603421711164,1.75,-3383.793101047975,18.305143109490018,44.675307621653594,0.8338594498670804,1.7048495619590107,0.24474394644591335,0.2653409606320138,5.089795325608995,5.97614206960975,-15.573845723359,-64272.35263125467,-55878.60176879555,20.775014241536457,1,0,0,20.775014241536457,1,1,0,0,0,18.874289188239523,21.54998779296875,568.6120773401959,591.9599945068359,615.3079116734758,7.8883429229339,0.5329795048134857,552.757786127142,591.9453051674899,631.1328242078378,559.0,593.0,627.0,3.3151694695852454,0.2192875066090532,549.7521334173638,591.9599945068359,637.0771608831841,16298019.0,54.57027287238262,-0.16578693003355363,-1612788.769490357,-468618.5365645273,1309090.4402343475,591.6833292643229,62835916.837052986,988.4142994457125,9.007401896893855,8.85360882526853,0.1537930716253253,0.6830678098689403,0.13191801925394236,11.673958583319978,136.28130900507017,592.7999877929688,592.7999877929688,-0.16374024114986938,-0.6105093049743305,0.4962931312963673,136.28130900507017,599.8221470424107,-0.332501220703125,3.34914251195992,12.608005371093745,0.004655099449851985,-0.0010098899353526702,-0.011080603421711133,0.20194746087946247,0.2186565832825711,,0.00464429798270561,0.20632572989537024,1.6844170190618608,0.039340742408667806,0.12129549008734797
