Date,Open,High,Low,Close,Volume,Dividends,Stock Splits,SMA_20,SMA_50,SMA_100,SMA_200,EMA_20,EMA_50,EMA_100,EMA_200,WMA_20,WMA_50,DEMA_20,DEMA_50,TEMA_20,TEMA_50,HMA_20,HMA_50,KAMA_10,ZLMA_20,ZLMA_50,VWMA_20,VWMA_50,MCGD_14,ALMA_10,MIDPOINT_2,MIDPOINT_14,MIDPRICE_14,RSI_14,MACD_12_26_9,MACDh_12_26_9,MACDs_12_26_9,STOCHk_14_3_3,STOCHd_14_3_3,STOCHh_14_3_3,STOCHRSIk_14_14_3_3,STOCHRSId_14_14_3_3,WILLR_14,ROC_10,ROC_20,MOM_10,CCI_20,AO_5_34,UO_7_14_28,FISHERT_9_1,FISHERTs_9_1,TRIX_18_9,TRIXs_18_9,COPPOCK_10_14_11,BULLP_13,BEARP_13,RVGI_14_4,RVGIs_14_4,SQZ_20_2_20_1.5,SQZ_ON,SQZ_OFF,SQZ_NO,SQZPRO_20_2_20_2.0_1.5_1.0,SQZPRO_ON_WIDE,SQZPRO_ON_NORMAL,SQZPRO_ON_NARROW,SQZPRO_OFF,SQZPRO_NO,ATR_14,TR,BBL_20_2.0_2.0,BBM_20_2.0_2.0,BBU_20_2.0_2.0,BBB_20_2.0_2.0,BBP_20_2.0_2.0,KCLe_20_2,KCBe_20_2,KCUe_20_2,DCL_20_20,DCM_20_20,DCU_20_20,UI_14,HIST_VOL_20,ACCBL_20,ACCBM_20,ACCBU_20,OBV,MFI_14,CMF_20,AD,ADOSC_3_10,EFI_13,VWAP,PVT,NVI,PVO_12_26_9,PVOh_12_26_9,PVOs_12_26_9,RVOL_10,ZSCORE_20,STDEV_20,VARIANCE_20,MEDIAN_20,QUANTILE_20,SKEW_20,KURT_20,CORRELATION_20,COVARIANCE_20,LINREG_20,SLOPE_20,ENTROPY_10,MAD_30,RETURN_1D,RETURN_5D,RETURN_20D,RETURN_60D,RETURN_120D,RETURN_252D,LOG_RETURN,QOQ_RETURN,QOQ_VOLUME_GROWTH,QOQ_VOLATILITY,QOQ_HL_RANGE
2025-09-25 00:00:00+05:30,8674.638754689342,8734.94910524338,8505.19538884704,8528.6494140625,89964,0.0,0.0,,,,,,,,,,,,,,,,,,,,,,,,,,,,,,,,,,,,,,,,,,,,,,,,,,,,,0,0,1,,0,0,0,0,1,,229.75371639634068,,,,,,,,,,,,,,,,,,,,-71596.34999999894,,,8589.597969384306,,1000.0,,,,,,,,,,,,,,,,,,,,,,,,,-0.024598832130212855,-0.050376962286472704,-0.05987659117630462,0.2609824749244012
2025-09-26 00:00:00+05:30,8508.545774460512,8528.649224197648,8137.110607888652,8151.47021484375,133987,0.0,0.0,,,,,,,,,,,,,,,,,,,,,,8496.364698561278,,8340.059814453125,,,0.0,,,,,,,,,,,,,,,,,,,,,,,,,,0,0,1,,0,0,0,0,1,,391.53880617384766,,,,,,,,,,,,,,,,,-133987.0,,,-195755.4526894852,,,8272.41001564335,-592557.0030161437,1000.0,,,,,,,,,,,,,,,,,,-0.0442249623482982,,,,,,-0.04523270988586226,-0.024598832130212855,-0.050376962286472704,-0.05987659117630462,0.2609824749244012
2025-09-29 00:00:00+05:30,8204.600635669582,8231.40523491102,8065.791103883562,8092.595703125,108039,0.0,0.0,,,,,,,,,,,,,,,,,,,,,,8461.322920178762,,8122.032958984375,,,0.0,,,,,,,,,,,,,,,,,,,,,,,,,,0,0,1,,0,0,0,0,1,,165.61413102745882,,,,,,,,,,,,,,,,,-242026.0,,,-268822.2908397751,,,8129.930680639861,-670588.8574416089,999.277743644189,,,,,,,,,,,,,,,,,,-0.007222563558110018,,,,,,-0.0072487725439123255,-0.024598832130212855,-0.050376962286472704,-0.05987659117630462,0.2609824749244012
2025-09-30 00:00:00+05:30,8099.775767629492,8147.162471387636,7955.222388488486,8044.251953125,111001,0.0,0.0,,,,,,,,,,,,,,,,,,,,,,8424.856566112107,,8068.423828125,,,0.0,,,,,,,,,,,,,,,,,,,,,,,,,,0,0,1,,0,0,0,0,1,,191.94008289915018,,,,,,,,,,,,,,,,,-353027.0,,,-276849.7945804226,,,8048.87893766704,-736898.9116023254,999.277743644189,,,,,,,,,,,,,,,,,,-0.005973824934975003,,,,,,-0.005991739608866614,-0.024598832130212855,-0.050376962286472704,-0.05987659117630462,0.2609824749244012
2025-10-01 00:00:00+05:30,8041.380324750688,8381.224374189556,8019.362259575775,8351.5478515625,176760,0.0,0.0,,,,,,,,,,,,,,,,,,,,,,8419.433939061522,,8197.89990234375,,,6.635882761924839,,,,,,,,,,,,,,,,,,,,,,,,,,0,0,1,,0,0,0,0,1,,361.86211461378116,,,,,,,,,,,,,,,,,-176267.0,,,-129082.17553280373,,,8250.711495109277,-61663.68371129199,999.277743644189,,,,,,,,,,,,,,,,,,0.03820068046453007,,,,,,0.03748909983798743,-0.024598832130212855,-0.050376962286472704,-0.05987659117630462,0.2609824749244012
2025-10-03 00:00:00+05:30,8351.547615975787,8600.447476149297,8272.091122151167,8579.38671875,209851,0.0,0.0,,,,,,,,,,,,,,,,,,,,,,8430.030632098023,,8465.46728515625,,,11.333873673418468,,,,,,,,,,,,,,,,,,,,,,,,,,0,0,1,,0,0,0,0,1,,328.35635399812963,,,,,,,,,,,,,,,,,33584.0,,,53849.16265961659,,,8483.975105683488,510831.55870318844,999.277743644189,,,,,,,,,,,,,,,,,,0.02728103475391963,0.005949043303836721,,,,,0.02691553981581964,-0.024598832130212855,-0.050376962286472704,-0.05987659117630462,0.2609824749244012
2025-10-06 00:00:00+05:30,8557.368508090429,8721.068028717284,8520.033529701848,8705.2724609375,110924,0.0,0.0,,,,,,,,,,,,,,,,,,,,,,8447.319777889297,,8642.32958984375,,,13.91144683670409,,,,,,,,,,,,,,,,,,,,,,,,,,0,0,1,,0,0,0,0,1,,201.03449901543536,,,,,,,,,,,,,,,,,144508.0,,,147342.248373902,,,8648.791339785545,673590.862184507,1000.7450483165891,,,,,,,,,,,,,,,,,,0.014673046724001937,0.06793894003136769,,,,,0.014566439147305708,-0.024598832130212855,-0.050376962286472704,-0.05987659117630462,0.2609824749244012
2025-10-07 00:00:00+05:30,8701.922342745445,8965.181819561178,8695.69984602071,8934.0693359375,204283,0.0,0.0,,,,,,,,,,,,,,,,,,,,,,8475.107695043445,,8819.6708984375,,,18.546161968673598,,,,,,,,,,,,,,,,,,,,,,,,,,0,0,1,,0,0,0,0,1,,269.48197354046715,,,,,,,,,,,,,,,,,348791.0,,,304455.1062779868,,,8864.98366717313,1210498.9512231294,1000.7450483165891,,,,,,,,,,,,,,,,,,0.026282563357627575,0.10398068353860301,,,,,0.025943111714843214,-0.024598832130212855,-0.050376962286472704,-0.05987659117630462,0.2609824749244012
2025-10-08 00:00:00+05:30,8874.237051713233,8917.315872352618,8714.36676178485,8797.173828125,165216,0.0,0.0,,,,,,,,,,,,,,,,,,,,,,8494.924116556567,,8865.62158203125,,,17.924369694307337,,,,,,,,,,,,,,,,0.0,,,,,,,,,,0,0,1,,0,0,0,0,1,,219.7025741526504,,,,,,,,,,,,,,,,,183575.0,,,274061.5968440227,,,8809.618820754156,957340.761284181,999.2127621582331,,,,,,,,,,,,,,,,,,-0.015322861583560221,0.09359750035023562,,,,,-0.015441469798504298,-0.024598832130212855,-0.050376962286472704,-0.05987659117630462,0.2609824749244012
2025-10-09 00:00:00+05:30,8826.372213207458,8981.455976606549,8792.387808265064,8913.9658203125,187532,0.0,0.0,,,,,,,,,,,,,,,,,8509.838330078124,,,,,8519.611972139475,8764.358185795134,8855.56982421875,,,20.3770343657564,,,,,,,,,,,,,,,,0.34282825441539394,0.0,,,,,,,,,0,0,1,,0,0,0,0,1,,189.06816834148412,,,,,,,,,,,,,,,,,371107.0,,,327709.99178073194,259211.6712984657,,8895.936535061372,1206309.7632252786,999.2127621582331,,,,1.2522528357852154,,,,,,,,,,,,,,0.013276080985703542,0.06734296189715017,,,,,0.013188726126624237,-0.024598832130212855,-0.050376962286472704,-0.05987659117630462,0.2609824749244012
2025-10-10 00:00:00+05:30,8979.541194762156,8979.541194762156,8789.037069201637,8819.6708984375,133863,0.0,0.0,,,,,,,,,,,,,,,,,8518.403782866753,,,,,8538.2735454856,8822.861142932003,8866.818359375,,,19.860992637347483,,,,,,,,,,3.4122810101110264,,291.021484375,,,,0.7883926979300161,0.34282825441539394,,,,,,,,,0,0,1,,0,0,0,0,1,,190.50412556051924,,,,,,,,,,,,,,,,,237244.0,,,236898.40886616154,199722.6734882096,,8862.74972080043,1064704.9895319617,998.1549285993459,,,,0.8684192088518906,,,,,,,,,,,,,,-0.010578335588872001,0.02800715104290208,,,,,-0.010634683914075712,-0.024598832130212855,-0.050376962286472704,-0.05987659117630462,0.2609824749244012
2025-10-13 00:00:00+05:30,8797.652365836006,8878.06616330393,8688.998008543036,8804.353515625,215451,0.0,0.0,,,,,,,,,,,,,,,,,8554.13953256328,,,,,8555.083808807762,8840.409760401211,8812.01220703125,,,19.773392261413655,,,,,,,,,,8.009393196240302,,652.88330078125,,,,1.1130423867275268,0.7883926979300161,,,,,,,,,0,0,1,,0,0,0,0,1,,189.06815476089469,,,,,,,,,,,,,,,,,21793.0,,,284352.17342312424,172328.58369866482,,8790.472562490655,1027286.9783347344,998.1549285993459,,,,1.327551573706652,,,,,,,,,,,,,,-0.0017367295207368905,0.011381729306245036,,,,,-0.0017382393838534609,-0.024598832130212855,-0.050376962286472704,-0.05987659117630462,0.2609824749244012
2025-10-14 00:00:00+05:30,8804.831941777235,8883.809776536313,8540.136531948325,8567.8984375,134209,0.0,0.0,,,,,,,,,,,,,,,,,8555.003697332115,,,,,8555.99367562295,8805.654051971213,8686.1259765625,,,18.422553226538657,,,,,,,,,,5.873303842319211,,475.302734375,,,,1.21101297838226,1.1130423867275268,,,,323.0169955867932,-20.656249001194738,,,,0,0,1,,0,0,0,0,1,,343.67324458798794,,,,,,,,,,,,,,,,,-112416.0,,,171825.9645094754,109651.88197599325,4349716.948811849,8663.948248661545,666847.1172619208,995.4692677191306,,,,0.8138367220709604,,,,,,,,,,,,,,-0.026856608802152904,-0.04098590291487547,,,,,-0.02722383746099244,-0.024598832130212855,-0.050376962286472704,-0.05987659117630462,0.2609824749244012
2025-10-15 00:00:00+05:30,8591.352975989745,8685.647729807226,8357.770032523089,8383.138671875,152247,0.0,0.0,,,,,,,,,,,,,,,,,8549.03276089674,,,,,8542.59662683762,8719.4529717071,8475.5185546875,8489.16064453125,8468.339182547517,17.421076527678395,,,,,,,,,-58.30225317695561,4.212781010897484,,338.88671875,,,,0.7876644316807057,1.21101297838226,,,,150.23410729692296,-177.643589987214,,,,0,0,1,,0,0,0,0,1,257.1054030251631,327.87769728413696,,,,,,,,,,,,,,,,,-264663.0,,,43138.35429049702,33097.00238558964,-290116.9063197542,8475.518811401771,338538.8367389659,995.4692677191306,,,,0.9006907502413721,,,,,,,,,,,,,,-0.021564187177609773,-0.04706456463623687,,,,,-0.021800091822001856,-0.024598832130212855,-0.050376962286472704,-0.05987659117630462,0.2609824749244012
2025-10-16 00:00:00+05:30,8415.208305671556,8470.25346551185,8378.35198125675,8420.9521484375,103843,0.0,0.0,,,,,,,,,,,,,,,,,8547.894665331854,,,,,8533.394691728716,8613.883289289552,8402.04541015625,8489.16064453125,8468.339182547517,18.398789815494617,,,,,,,,,-54.6175680331139,0.8310351339484342,,69.404296875,,,,0.18140728666694697,0.7876644316807057,,,,-48.80851784519473,-140.71000210029524,,,,0,0,1,,0,0,0,0,1,245.3051231130158,91.90148425510051,,,,,,,,,,,,,,,,,-160820.0,41.6768191046007,,35566.46887383066,-3638.9575690228958,312280.48696588026,8423.1858650687,385378.86886026966,995.9203335793359,,,,0.6420290598787327,,,,,,,,,,,,,,0.004510658602053352,-0.05530800564116545,,,,,0.004500516069771238,-0.024598832130212855,-0.050376962286472704,-0.05987659117630462,0.2609824749244012
2025-10-17 00:00:00+05:30,8434.35397785309,8459.722615321238,8348.674994705954,8405.634765625,121533,0.0,0.0,,,,,,,,,,,,,,,,,8544.596444499688,,,,,8523.701386513343,8517.013075311614,8413.29345703125,8489.16064453125,8468.339182547517,18.30424953857323,,,,43.65667608992139,,,,,-56.11015052016632,-2.0252257978448527,,-173.751953125,,,,-0.4196515214095563,0.18140728666694697,,,,-43.13547978837414,-154.1831004036576,,,,0,0,1,,0,0,0,0,1,235.71530150603493,111.04762061528345,,,,,,,,,,,,,,,,,-282353.0,41.874470585341896,,38709.56370141764,-17336.414871766465,1730.7766348170699,8404.67745855073,363272.49119017477,995.9203335793359,,,,0.7948003434697903,,,,,,,,,,,,,,-0.0018189609135045304,-0.04694462385051701,,,,,-0.0018206172317304483,-0.024598832130212855,-0.050376962286472704,-0.05987659117630462,0.2609824749244012
2025-10-20 00:00:00+05:30,8371.651435377962,8380.267200148506,8184.9765320161905,8218.9609375,225848,0.0,0.0,,,,,,,,,,,,,,,,,8515.63992690797,,,,,8498.521874557406,8429.445018653967,8312.2978515625,8489.16064453125,8468.339182547517,17.147817748960595,,,,38.323980679055786,,,88.09076619694439,,-74.30033940955241,-5.586402098494772,,-486.3115234375,,,,-0.9765980267156682,-0.4196515214095563,,,,-82.03415815973312,-277.3248262920488,-1228.0111516802283,,,0,0,1,,0,0,0,0,1,234.63979665623313,220.6582336088095,,,,,,,,,,,,,,,,,-508201.0,39.73439837264259,,-108534.47551427045,-68214.25853044717,-6021360.867795157,8261.4015565549,-138294.75399621786,995.9203335793359,,,,1.373750399172762,,,,,,,,,,,,,,-0.02220817741075376,-0.06648899059835678,,,,,-0.022458491943490914,-0.024598832130212855,-0.050376962286472704,-0.05987659117630462,0.2609824749244012
2025-10-21 00:00:00+05:30,8251.987166764544,8299.852521560162,8233.79833194221,8252.4658203125,15929,0.0,0.0,,,,,,,,,,,,,,,,,8461.751314972951,,,,,8478.754696740549,8362.497682905563,8235.71337890625,8576.51513671875,8500.409118091162,18.147380422041305,,,,31.27276303258951,37.751139933855555,-6.478376901266046,85.91813270180856,,-75.77122097251272,-7.6292615380007645,,-681.603515625,,,,-1.4897016583725091,-0.9765980267156682,,,,-132.47233132011388,-198.52652093806682,-1235.0210103591828,,83.52482096354166,0,0,1,83.52482096354166,0,0,0,0,1,223.6577814707995,80.89158406016213,,,,,,,,,,,,,,,,,-492272.0,42.074465723639015,,-115460.12768818361,-85030.2422161119,-5084923.704064376,8262.038891271624,-131801.24122278142,996.3279870901298,,,,0.10942719886567776,,,,,,,,,,,,,,0.004076535107939261,-0.03681563448592173,,,,,0.004068248551354883,-0.024598832130212855,-0.050376962286472704,-0.05987659117630462,0.2609824749244012
2025-10-23 00:00:00+05:30,8357.769599124069,8366.864016533345,8156.735109024298,8167.744140625,209610,0.0,0.0,,,,,,,,,,,,,,,,,8404.46924583703,,,,,8452.957834903731,8299.992487688953,8210.10498046875,8550.90673828125,8569.095542815423,17.57014553093862,,,,17.08777311235145,28.894838941332246,-11.807065828980797,78.96258549726093,84.32382813200462,-98.66512028088052,-7.154907926085104,,-629.4296875,,,,-1.9682784177808001,-1.4897016583725091,-0.004538228579520354,,,-27.66359173903402,-237.79249924808119,-1293.950375616239,,-12.604736328125,0,0,1,-12.604736328125,0,0,0,0,1,222.69143333067436,210.12890750904717,,,,,,,,,,,,,,,,,-701882.0,33.731801218256166,,-303106.4374831732,-143885.13027537038,-6895436.214811876,8230.447755394214,-346991.605726762,996.3279870901298,,,,1.397339448623893,,,,,,,,,,,,3.2975968615879117,,-0.010266226062877748,-0.02569378125315258,,,,,-0.01031928723270945,-0.024598832130212855,-0.050376962286472704,-0.05987659117630462,0.2609824749244012
2025-10-24 00:00:00+05:30,8204.121496232852,8241.93512506613,8141.896537393279,8199.3349609375,108451,0.0,0.0,8466.926879882812,,,,8466.926879882812,,,,8451.92556733631,,8466.926879882812,,8466.926879882812,,,,8346.406531742825,8399.10782137784,,8500.071504512383,,8432.494298910304,8251.201545669677,8183.53955078125,8550.90673828125,8561.676256999914,18.60973559335695,,,,10.801718173147577,19.720751439362846,-8.91903326621527,75.13372208172947,80.00481342693298,-93.15850422716403,-8.016980026404756,,-714.630859375,5743.790189834232,,,-2.4218886619582967,-1.9682784177808001,-0.011748531126754003,,,-124.70781930126759,-224.74640697411814,-1436.2140986710926,-1287.0280037170273,-173.67187499999997,0,1,0,-173.67187499999997,0,0,0,1,0,213.93051578368696,100.03858767285055,7893.485709401506,8466.926879882812,9040.368050364119,13.545438117430471,0.26667883933000963,8025.512673875459,8466.926879882812,8908.341085890166,7955.222388488486,8468.339182547517,8981.455976606549,,,7945.729131389821,8466.926879882812,9035.024993066096,-593431.0,25.48205566520541,-0.09834379711998174,-287020.4039903485,-149763.3801632255,-5420937.319308618,8194.388874465636,-305045.43313951965,996.7147624318716,,,,0.7632105639472366,-0.9332846426799614,286.7205852406533,82208.69400074273,8413.29345703125,8413.29345703125,0.23066538164019781,-1.2716429446339872,,82208.69400074273,8421.922942243304,,3.283768696001493,,0.003867753417418296,-0.026317355044123025,,,,,0.0038602928899687775,-0.024598832130212855,-0.050376962286472704,-0.05987659117630462,0.2609824749244012
2025-10-27 00:00:00+05:30,8270.176792346796,8342.453484998976,8213.695668287475,8324.2646484375,203519,0.0,0.0,8456.707641601562,,,,8453.340000697544,,,,8438.338688151043,,8441.047110006111,,8429.9249708091,,,,8343.2400003804,8346.257150889474,,8487.423152152738,,8424.353651796335,8234.906099790955,8261.7998046875,8550.90673828125,8561.676256999914,22.758490439939408,,,,9.966085844089543,12.618525709862855,-2.652439865773312,80.54242437005243,78.21291064968094,-78.27811795968684,-5.617060496982564,-2.396449375536522,-495.40625,5867.325649777815,,,-2.3651120306113302,-2.4218886619582967,-0.01892331353527954,,,-18.13541709272249,-146.8932338042232,-1671.0091322364372,-1394.3931818617139,-307.2161458333333,0,1,0,-307.2161458333333,0,0,0,1,0,208.8725163749576,143.1185240614759,7880.619313131275,8456.707641601562,9032.79597007185,13.624411600474472,0.38504975138470193,8026.704571631562,8453.340000697544,8879.975429763526,7955.222388488486,8468.339182547517,8981.455976606549,,0.32080584008376156,7941.047685589874,8456.707641601562,9005.09457234494,-389912.0,28.390825795465382,-0.02289005552987564,-141001.19581191262,-92092.60886391613,-1014294.1207913165,8293.471267241317,5047.582836075744,996.7147624318716,,,,1.3653128857403531,-0.4598009944611938,288.0441642351437,82969.44054992242,8394.38671875,8394.38671875,0.3381323104706369,-1.2599328076023082,,82969.44054992242,8401.60078125,-10.21923828125,3.2765382491727575,,0.015236563464619879,-0.00968042503110711,-0.023964493755365246,,,,0.01512165279057871,-0.024598832130212855,-0.050376962286472704,-0.05987659117630462,0.2609824749244012
2025-10-28 00:00:00+05:30,8347.718239551241,8347.718239551241,8157.214119176161,8234.27734375,148260,0.0,0.0,8460.847998046876,,,,8432.476890512064,,,,8417.154850260418,,8402.47860400438,,8376.39654851619,,,,8325.878322865034,8303.818969852382,,8489.879167381827,,8409.479084186998,8234.901453065824,8279.27099609375,8540.85498046875,8561.676256999914,21.89283015180423,,,,13.188954644134473,11.31891955379053,1.8700350903439436,85.74575384117853,80.47396676432014,-88.99651388074572,-6.474935051884177,1.0158551368495343,-570.076171875,5832.7763887313795,,,-2.1732085849660727,-2.3651120306113302,-0.027066374878770283,,,5.1738457940700755,-185.3302745810097,-1972.1111560130828,-1580.0846655740634,-480.72802734375,0,1,0,-480.72802734375,0,0,0,1,0,207.56048808925206,190.50412037507976,7892.863218760959,8460.847998046876,9028.832777332795,13.426190363354426,0.3005486567952347,8010.18690795235,8432.476890512064,8854.766873071778,7955.222388488486,8468.339182547517,8981.455976606549,,0.27869212350320616,7961.456330462552,8460.847998046876,8975.24459323414,-538172.0,19.295870275422924,0.008680268904950087,-169312.15058578117,-69135.99631825538,-2775326.0739595215,8246.403234159134,-155225.0461158763,995.6337383596205,,,,1.0415547026974623,-0.7978053728190598,283.9923896429588,80651.67737511815,8394.38671875,8394.38671875,0.3487244647073016,-1.2231386688648653,,80651.67737511815,8329.7685546875,4.1403564453125,3.2703192718843854,,-0.010810240722511244,0.001863545327258631,0.010158551368495417,,,,-0.010869095918297164,-0.024598832130212855,-0.050376962286472704,-0.05987659117630462,0.2609824749244012
2025-10-29 00:00:00+05:30,8252.944458127635,8334.794214672109,8242.414080092673,8289.80078125,91011,0.0,0.0,8470.708251953125,,,,8418.888689629963,,,,8400.864639136906,,8379.453296277301,,8347.316911309195,,8136.879845187363,,8323.387970424077,8293.594581354537,,8498.036972724509,,8400.426191124956,8249.719836336877,8262.0390625,8540.85498046875,8561.676256999914,23.81829033741368,,,,16.780751964138133,13.311930817454048,3.4688211466840855,94.85706179506163,87.04841333543085,-82.38311226715305,-3.2458094394866013,2.4368581523088837,-278.09765625,5796.7805360531775,,,-1.7238414773051545,-2.1732085849660727,-0.034860867972075216,,,-0.21537729832380137,-92.59551187776015,-2230.5144811714877,-1825.4948593902698,-546.9418945312499,0,1,0,-546.9418945312499,0,0,0,1,0,199.91451543445612,100.51687092210886,7923.16161358501,8470.708251953125,9018.25489032124,12.928001344913858,0.3348017702726715,8017.670729995535,8418.888689629963,8820.106649264391,7955.222388488486,8468.339182547517,8981.455976606549,,0.27794734188042114,7977.49406064247,8470.708251953125,8972.97382430205,-447161.0,24.416573933932096,0.03362709519379193,-166954.35265831818,-52709.3558164509,-1656958.9819206614,8289.00302533826,-93856.65446037753,996.308034781542,,,,0.6593800692772546,-0.6607929189093154,273.77331918405747,74951.8302970558,8394.38671875,8394.38671875,0.3972004735254899,-1.1643269139088392,,74951.8302970558,8261.177413504463,9.86025390625,3.2721508429965835,,0.006742964219215164,0.004524097615236977,0.02436858152308874,,,,0.006720332117323088,-0.024598832130212855,-0.050376962286472704,-0.05987659117630462,0.2609824749244012
2025-10-30 00:00:00+05:30,8295.06722378447,8323.786440947024,8224.226488116836,8244.80859375,75010,0.0,0.0,8480.736083984375,,,,8402.30963287949,,,,8379.350385974703,,8351.62989230999,,8312.380658428372,,8132.602965854132,,8320.766291063888,8272.172720183866,,8508.51885097252,,8388.447382123815,8259.241884348185,8267.3046875,8493.70751953125,8560.718866077717,23.31669207337774,,,,13.635419499725185,14.535042035999261,-0.8996225362740766,92.35050144078113,90.98443902567375,-87.71411535292567,-1.650098889442093,2.4931670687799445,-138.330078125,5663.691064643786,,,-1.3491264648937122,-1.7238414773051545,-0.04274552305315593,,-9.793755349149317,1.6627058652247797,-97.89724696496341,-2436.2175022452143,-2085.412984808465,-585.7125651041665,0,1,0,-585.7125651041665,0,0,0,1,0,192.74633239129415,99.5599528301882,7959.353446818596,8480.736083984375,9002.118721150155,12.295693015383305,0.2737482288278045,8020.339106956877,8402.30963287949,8784.280158802105,8019.362259575775,8500.409118091162,8981.455976606549,,0.27776543673755827,8000.013386006294,8480.736083984375,8972.398117148634,-522171.0,15.765806328500124,0.02201519766218658,-210950.6026583163,-55196.41371876202,-1902373.9822712813,8264.273840937953,-134567.69292113668,995.7652933009293,,,,0.5756653420454424,-0.9050070846887805,260.69131858288955,67959.96358448561,8394.38671875,8394.38671875,0.5497138801073953,-1.243790756864654,,67959.96358448561,8176.5789899553565,10.02783203125,3.2780791808990273,,-0.005427414806127073,0.009435218806829848,0.024931670687799334,,,,-0.005442196731219448,-0.024598832130212855,-0.050376962286472704,-0.05987659117630462,0.2609824749244012
2025-10-31 00:00:00+05:30,8264.911109789022,8268.261684745212,8137.110607888652,8151.47021484375,111369,0.0,0.0,8470.732202148438,,,,8378.420164495135,,,,8347.991731770833,,8310.952784965455,,8260.252757156211,,8126.886454782196,,8307.695130447242,8236.471095791356,,8504.414300430213,,8369.464549305203,8248.946423110254,8198.139404296875,8477.911865234375,8510.460192212482,22.268953169291706,,,,10.608616771729979,13.674929411864433,-3.066312640134454,89.75117377386334,92.31957900323536,-98.07692206473135,-3.2001361466440836,-2.3956952684084456,-269.48193359375,5616.7962244649425,,,-1.306403997768133,-1.3491264648937122,-0.051688363454149844,,-10.429657011141257,-29.482976016866814,-160.6340528734263,-2584.612714662715,-2315.031306251534,-565.5292154947915,0,1,0,-565.5292154947915,0,0,0,1,0,188.34667128167024,131.15107685655948,7931.539009888173,8470.732202148438,9009.925394408703,12.730734000149582,0.2039447160243614,8007.846626401997,8378.420164495135,8748.993702588274,8137.110607888652,8559.283292247601,8981.455976606549,,0.2454479019834546,8028.278342966021,8470.732202148438,8942.985314669057,-633540.0,16.035696299442236,-0.057668175976076964,-297932.23039554193,-78871.96316620999,-3115606.5448625493,8185.614169159206,-260647.05306892854,995.7652933009293,,,,0.8497947410990889,-1.1842211359025552,269.59659613013247,72682.32464495377,8394.38671875,8394.38671875,0.5206661392834674,-1.2913339903663645,,72682.32464495377,8102.510791015625,-10.0038818359375,3.28179363991141,,-0.011320866681732933,-0.005837637603754775,-0.023956952684084487,,,,-0.011385435471922712,-0.024598832130212855,-0.050376962286472704,-0.05987659117630462,0.2609824749244012
2025-11-03 00:00:00+05:30,8223.409665994019,8234.103306652009,8078.559442535796,8172.85791015625,155670,130.0,0.0,8450.40576171875,,,,8358.842806939052,,,,8319.622751581102,,8280.088044813838,,8224.004197304754,,8124.682609324268,,8299.445765496777,8226.021932650512,,8480.97949780079,,8354.020362494588,8227.368227863386,8162.1640625,8359.684326171875,8481.184609536054,23.121424687000555,-142.34290339984364,,,8.63980543109987,10.961280567518344,-2.3214751364184742,86.26883354897716,89.45683625454055,-88.28954628904337,-2.769295382910227,-4.738436696241855,-232.77685546875,5730.930336590559,,,-1.5298644225635474,-1.306403997768133,-0.06076542586056499,,-10.775185820033691,-45.80038973780938,-201.3442538540221,-2670.843445601363,-2490.503060098118,-478.1202799479166,0,1,0,-478.1202799479166,0,0,0,1,0,186.0036136269947,155.54386411621272,7897.971116954471,8450.40576171875,9002.840406483028,13.07474836928819,0.24879575874452273,7993.934584070744,8358.842806939052,8723.75102980736,8078.559442535796,8530.007709571171,8981.455976606549,,0.22260839420304768,8035.392307483033,8450.40576171875,8906.896156715587,-477870.0,16.683631403458367,-0.11089983918561498,-264852.3553955415,-70861.82197051041,-2194888.1056969175,8161.840219781351,-219802.61100455065,995.7652933009293,-7.757742861452166,0.0,-7.757742861452166,1.1576757838499505,-1.0048169650219103,276.2173223821395,76296.00918395878,8353.70166015625,8353.70166015625,0.6529766544823961,-1.2104636248355791,,76296.00918395878,8058.056731305804,-20.3264404296875,3.286495765293682,,0.0026237837775022754,-0.018188602197993564,-0.047384366962418545,,,,0.0026203476659435784,-0.024598832130212855,-0.050376962286472704,-0.05987659117630462,0.2609824749244012
2025-11-04 00:00:00+05:30,8185.495769988738,8190.356515695383,8059.116381615991,8093.1416015625,85461,0.0,0.0,8419.79921875,,,,8333.537930236524,,,,8285.597593470982,,8239.388733201899,,8174.71790625183,,8116.9923448702975,,8292.808896426073,8198.192927904034,,8460.607984434679,,8332.86481597781,8192.746773939052,8132.999755859375,8257.046875,8372.382055711609,22.146527374765157,-146.01504411918904,,,6.354753566096415,8.53439192297542,-2.179638356879005,80.42134831663047,85.48045187982365,-94.56927094793603,-1.5308423643119426,-7.031725452842146,-125.8193359375,5690.715326861624,,,-1.869624112231576,-1.5298644225635474,-0.07069104264716408,-0.035891963456381584,-10.711923427932271,-62.86688143339052,-194.1070155127827,-2704.228568048484,-2608.559731803642,-453.93717447916663,0,1,0,-453.93717447916663,0,0,0,1,0,182.09193651645168,131.2401340793922,7859.053547756222,8419.79921875,8980.544889743778,13.31969222603449,0.20872925634130815,7978.384750673884,8333.537930236524,8688.691109799163,8059.116381615991,8520.28617911127,8981.455976606549,6.851095484870812,0.2145968786561046,8019.197473668248,8419.79921875,8873.252731666791,-563331.0,17.207100078216953,-0.1591616421141386,-306000.2442844306,-74235.47231232436,-2854566.2975588534,8114.204832957958,-303159.44313868746,994.7899146822127,-10.05309556353623,-1.836282161667251,-8.21681340186898,0.709638043992726,-1.1650829746347688,280.3728354968892,78608.92688456569,8307.03271484375,8307.03271484375,0.8248498172506139,-0.8577804764903242,,78608.92688456569,8017.194342912946,-30.60654296875,3.2927808007333685,,-0.009753786187165714,-0.017140027751752274,-0.07031725452842141,,,,-0.009801665953379302,-0.024598832130212855,-0.050376962286472704,-0.05987659117630462,0.2609824749244012
2025-11-06 00:00:00+05:30,8093.627756403396,8124.736529234447,7971.136963381135,7983.77490234375,76986,0.0,0.0,8372.284497070312,,,,8300.227165675307,,,,8244.071468098959,,8184.906248040974,,8107.239181210223,,8094.775334166159,,8267.799833900744,8160.25128372865,,8411.571345600643,,8303.27423614837,8143.925427989213,8038.458251953125,8202.363525390625,8220.695214446492,20.84777430333536,-155.9524973940279,,,6.557748232730969,7.1841024099757504,-0.6263541772447816,73.31950834397007,80.00323006985923,-97.46793806482768,-3.255886468592188,-10.636747912523678,-268.69091796875,5464.42565125324,,34.20174481945408,-2.257534180956948,-1.869624112231576,-0.08235116092789596,-0.044537844828423316,-10.23133451448564,-89.99422578218127,-243.5937916354933,-2664.6948175732464,-2666.575259922609,-410.96573893229163,0,1,0,-410.96573893229163,0,0,0,1,0,180.05676718337028,153.59956585331201,7834.440832375963,8372.284497070312,8910.128161764662,12.848193701075392,0.13882665147004403,7949.641038289432,8300.227165675307,8650.813293061183,7971.136963381135,8476.296469993842,8981.455976606549,6.793116039105474,0.1863290887763841,7994.292952895653,8372.284497070312,8819.377608972407,-640317.0,18.0170489354384,-0.2479854114467215,-370317.6620059484,-89331.55560788349,-3649586.0702011157,8026.549464986444,-407194.50295314984,993.4385643092298,-12.448941316822774,-3.385702331963035,-9.063238984859739,0.6084180861060247,-1.4446933941198226,268.92183234717476,72318.95191296196,8271.13330078125,8271.13330078125,0.8719332829372145,-0.3352102884576211,,72318.95191296196,7987.645410156249,-47.5147216796875,3.294902021713425,,-0.013513503729829068,-0.03691595093556699,-0.10636747912523681,,,,-0.013605642138071155,-0.024598832130212855,-0.050376962286472704,-0.05987659117630462,0.2609824749244012
2025-11-07 00:00:00+05:30,7981.344409707175,7981.344409707175,7812.190459976475,7851.5625,91422,0.0,0.0,8325.003930664063,,,,8257.497197515755,,,,8194.478896949406,,8114.498777035573,,8019.187023518649,,8050.639500262107,,8228.40221091003,8097.731165189017,,8368.16556337925,,8262.9183863036,8074.994357237312,7917.668701171875,8128.5986328125,8135.956537648856,19.369006235116288,-172.50787325337205,,,4.681037658552485,5.864513152459955,-1.18347549390747,54.568121031573405,69.43632589739131,-93.91967801157882,-3.8711011900135945,-10.749035390227641,-316.181640625,5221.601084703088,,31.947709656894624,-2.6633036427572856,-2.257534180956948,-0.0966343833986083,-0.053969606191962685,-10.385826111350857,-181.50516602136304,-350.65911575206337,-2607.7572031376867,-2669.4079033304183,-383.8871256510417,0,1,0,-383.8871256510417,0,0,0,1,0,179.4516011250778,171.5844423672752,7778.248620870357,8325.003930664063,8871.759240457768,13.135256495911168,0.06704450584787652,7907.61747419191,8257.497197515755,8607.3769208396,7812.190459976475,8396.823218291513,8981.455976606549,6.847907874201343,0.18725894607359256,7952.511219184052,8325.003930664063,8769.14708505154,-731739.0,18.213553618353753,-0.26187536136291895,-419181.144764569,-102933.64732400212,-4854948.381182429,7881.699123227884,-558590.5830646015,993.4385643092298,-13.368525305698151,-3.4442290566707303,-9.924296249027421,0.7969427080291398,-1.7318219766084952,273.3776548968529,74735.3421969028,8248.63720703125,8248.63720703125,0.7888432142347264,0.4168505691736651,,74735.3421969028,7933.428829520089,-47.28056640625,3.2951776142500706,,-0.0165601365220025,-0.047696206561799515,-0.10749035390227646,,,,-0.016698788443937313,-0.024598832130212855,-0.050376962286472704,-0.05987659117630462,0.2609824749244012
2025-11-10 00:00:00+05:30,7914.752124275744,8024.604975721198,7861.769996808689,7948.77734375,78362,0.0,0.0,8276.744506835938,,,,8228.095306680922,,,,8158.647793433781,,8072.114072634004,,7974.133273844027,,8003.6409677480715,,8211.986630829864,8047.7843912722055,,8314.888874447577,,8236.71670439193,8011.286185679657,7900.169921875,8087.91357421875,8096.2288300624905,23.657004800745526,-175.75767736535454,,,10.885374017226173,7.374719969503209,3.510654047722964,62.11619905228756,63.33460947594368,-75.95626187191498,-3.0558285322063683,-10.827823395542962,-250.5576171875,4917.607169827352,,33.8706788068122,-2.63395030803696,-2.6633036427572856,-0.11092445190320488,-0.06419195489950995,-9.888012853280351,-107.66285258183507,-270.4978314943437,-2535.6825684365645,-2630.8025296511523,-341.24438476562494,0,1,0,-341.24438476562494,0,0,0,1,0,178.99380645337206,173.04247572119766,7780.853517282908,8276.744506835938,8772.635496388968,11.982754551465574,0.16931526283473086,7878.576990202929,8228.095306680922,8577.613623158913,7812.190459976475,8395.865827369315,8979.541194762156,6.771133899788538,0.18610095512437863,7908.569432934488,8276.744506835938,8718.647001444733,-653377.0,23.27614963188475,-0.2921573216855751,-413801.0671526288,-97428.6922109786,-3073105.814451011,7945.050772093296,-461565.95152231294,994.6767235132099,-14.943300848894115,-4.015203679893354,-10.928097169000761,0.7014958776083863,-1.3227389486610754,247.94549477651492,61476.968379970785,8239.54296875,8239.54296875,0.72665412907294,0.7751193058111676,,61476.968379970785,7922.454366629464,-48.259423828125,3.296028639600384,240.45710937499996,0.012381592039800937,-0.024865805278248887,-0.10827823395542957,,,,0.012305567026294961,-0.024598832130212855,-0.050376962286472704,-0.05987659117630462,0.2609824749244012
2025-11-11 00:00:00+05:30,7948.7773570204445,8033.840405848095,7941.000163984773,8012.453125,74067,0.0,0.0,8236.383618164064,,,,8207.557956044642,,,,8133.477185639882,,8047.850665140797,,7955.83017669836,,7966.393321031181,,8193.672006300001,8023.2933926986625,,8278.5842827821,,8218.827739049251,7972.521110263423,7980.615234375,8087.91357421875,8089.52723825491,26.417295046513033,-171.2213341925144,,,22.07621980583909,12.547543827205917,9.528675978633174,76.96030489680413,64.54820832688836,-63.89540069898892,-3.745814634762103,-9.152470457605252,-311.8115234375,4496.962743733656,,38.28397957136379,-2.301590167617672,-2.63395030803696,-0.1237886014237577,-0.0749388689600641,-8.842339037745802,-81.3110362687903,-174.15127813211166,-2398.739560433602,-2558.385653525892,-297.7215169270833,0,1,0,-297.7215169270833,0,0,0,1,0,172.83998041122558,92.84024186332135,7798.55085981496,8236.383618164064,8674.216376513168,10.631674740927123,0.24427393919950363,7873.6432426858255,8207.557956044642,8541.472669403458,7812.190459976475,8348.000118256394,8883.809776536313,6.501857449870792,0.1912520698515755,7875.783684386929,8236.383618164064,8661.445281972876,-579310.0,30.40876990586893,-0.24644632881904704,-373859.1771002722,-73610.72808344837,-1960337.2566946167,7995.764564944288,-402232.62406973203,995.4777999366182,-16.46418296611453,-4.428868637691016,-12.035314328423516,0.7499559546302315,-1.0229042432019837,218.916379174552,47924.38107089623,8226.619140625,8226.619140625,0.6826802293561316,1.3211199661716735,,47924.38107089623,7927.664320591517,-40.360888671875,3.2951578940867767,242.4155729166666,0.008010764234082757,-0.019626523172135202,-0.09152470457605255,,,,0.007978848395812385,-0.024598832130212855,-0.050376962286472704,-0.05987659117630462,0.2609824749244012
2025-11-12 00:00:00+05:30,8068.837709133757,8195.217094939466,8041.131459168659,8160.2197265625,104111,0.0,0.0,8204.176928710938,,,,8203.049553236819,,,,8126.223481677828,,8054.473449402452,,7981.287891017397,,7958.0826914654335,,8193.211901180912,8023.992943096408,,8225.519259279885,,8214.519884230984,7983.512688628116,8086.33642578125,8087.91357421875,8089.52723825491,32.51516853681772,-153.9283297678685,,,40.9644063585311,24.64200006053212,16.32240629799898,99.19403243408696,79.42351212772621,-37.255118353502795,-0.8993821084215894,-7.316082752917202,-74.0576171875,4119.070616089081,,45.698754116561894,-1.6336471717397572,-2.301590167617672,-0.133061698067527,-0.08585007230400318,-7.5997044176321396,73.62732647320627,-80.45830929760086,-2188.4819725080183,-2444.1805722310064,-269.1939290364583,0,1,0,-269.1939290364583,0,0,0,1,0,173.5488368060999,182.76396993946582,7856.847581776655,8204.176928710938,8551.506275645223,8.467134484113501,0.4367211516440683,7866.124056399896,8203.049553236819,8539.975050073741,7812.190459976475,8348.000118256394,8883.809776536313,6.196289595890762,0.2079629928183866,7846.831351208023,8204.176928710938,8623.747319046446,-475199.0,34.18590014662289,-0.2540830208078743,-317041.50202140806,-39096.779953143036,517443.5878722479,8132.189426890209,-210229.8951267975,995.4777999366182,-15.317189505447448,-2.6255001416191455,-12.691689363828303,1.10349147666749,-0.25311539342372424,173.6646734671419,30159.418810449028,8209.14794921875,8209.14794921875,-0.057542126813609595,0.13354385286804016,,30159.418810449028,7970.316587611607,-32.206689453125,3.2986497952816576,242.18225260416668,0.018442117446084927,0.008288267807775584,-0.07316082752917208,,,,0.018274123892632905,-0.024598832130212855,-0.050376962286472704,-0.05987659117630462,0.2609824749244012
2025-11-13 00:00:00+05:30,8147.095716767591,8175.77411586605,8055.713699301311,8072.240234375,57121,0.0,0.0,8179.394018554688,,,,8190.591522869026,,,,8113.658082217263,,8044.893972876598,,7981.282873528064,,7961.953220627028,,8187.683108114021,8012.152841372941,,8201.628482099337,,8203.621372905644,8018.055391655034,8116.22998046875,8087.91357421875,8079.954349763858,30.874601894774244,-145.64381764650352,,,49.1363370831874,37.392321082519196,11.744016000668204,96.06732455169623,90.74055396086243,-51.44046969794606,-2.624436372066767,-5.785061608055505,-217.560546875,3571.190589089104,,42.35058287090845,-0.9762445070383744,-1.6336471717397572,-0.14054250418931158,-0.09671640354135382,-6.572852764746682,61.234280841398686,-58.826135723340485,-1962.8787733844335,-2278.8340679507064,-256.56290690104163,0,1,0,-256.56290690104163,0,0,0,1,0,169.72823536028844,120.06041656473917,7873.019957525818,8179.394018554688,8485.768079583559,7.491363304759998,0.3251258872571604,7862.885517813766,8190.591522869026,8518.297527924287,7812.190459976475,8248.919094891851,8685.647729807226,5.813210394087086,0.19091943835728478,7844.382430513233,8179.394018554688,8565.395191345846,-532320.0,37.80897891142187,-0.2315730194371134,-358436.8825882099,-34594.442266260274,-274402.1494298142,8101.242683180787,-271814.9595201453,994.3996489169696,-17.88614101889789,-4.15556132405567,-13.730579694842222,0.6279938301126126,-0.6994964509713562,153.1870305144349,23466.26631783041,8186.096435546875,8186.096435546875,-0.3597662674950479,-0.23287299182246268,,23466.26631783041,7982.18620954241,-24.78291015625,3.2987189551203673,242.72506510416653,-0.010781510196485988,0.011080639561278138,-0.057850616080555084,,,,-0.010840051835974297,-0.024598832130212855,-0.050376962286472704,-0.05987659117630462,0.2609824749244012
2025-11-14 00:00:00+05:30,8064.949072684228,8064.949072684228,7931.764643687394,7994.46826171875,71224,0.0,0.0,8159.960498046876,,,,8171.913117045191,,,,8096.046105375744,,8023.192014163809,,7962.903519282272,,7964.089811324742,,8177.454128307344,7995.516028727305,,8182.437506428232,,8187.056031374875,8044.586530427963,8033.354248046875,8087.91357421875,8079.954349763858,29.459587443817384,-143.69737642261134,12.643385084198087,-156.34076150680943,48.4471504750661,46.18263130559486,2.2645191694712423,88.31961075032098,94.52698924536804,-65.96296052335282,-3.0363389178133398,-4.636335212492897,-250.34033203125,3377.5258191554503,-301.5622607624473,43.05637799347537,-0.6676279198636617,-0.9762445070383744,-0.14743067086457895,-0.10735443769806816,-6.231732715618266,-32.43768043958153,-165.62210943641549,-1789.1711323117474,-2081.772030755042,-226.22111002604163,0,1,0,-226.22111002604163,0,0,0,1,0,167.63876074081114,140.4755906876062,7858.7379094492335,8159.960498046876,8461.183086644518,7.382942323550249,0.22529909344019713,7848.659952340411,8171.913117045191,8495.166281749971,7812.190459976475,8141.221962744163,8470.25346551185,5.4848536648624995,0.1795843548440225,7842.031609511957,8159.960498046876,8514.371053272744,-603544.0,38.8497297084253,-0.18368934115662325,-362595.9482816405,-30930.966636239784,-1026520.5538639479,7997.0606593634575,-340435.69948376,994.3996489169696,-18.782351066155897,-4.041417097050939,-14.740933969104958,0.7863165204412045,-1.098803626239212,150.61129429882104,22683.76197036608,8170.301025390625,8170.301025390625,-0.19894868565816506,-0.3429227110808753,,22683.76197036608,7968.217320033482,-19.4335205078125,3.2982621110006884,244.05263020833323,-0.009634496793723302,0.018200932835820804,-0.046363352124928925,,,,-0.009681208831408735,-0.024598832130212855,-0.050376962286472704,-0.05987659117630462,0.2609824749244012
2025-11-17 00:00:00+05:30,8045.992375765081,8116.473188577619,8010.508932073252,8055.7138671875,63753,0.0,0.0,8141.6985839843765,,,,8160.846521820649,,,,8086.1178548177095,,8016.2766997248145,,7965.485886971301,,7971.023755030776,,8175.39156850982,7990.092580678871,,8167.291644546448,,8177.047483866074,8055.267946465867,8025.091064453125,8070.681640625,8079.954349763858,32.09879467985802,-135.64912059530252,16.553312729205544,-152.20243332450806,42.690034610742515,46.757840722998665,-4.06780611225615,87.2638555993651,90.5502636337941,-54.526465946473564,-1.1747125994753511,-4.337256343604442,-95.75634765625,3195.410035352452,-261.13151104682674,45.53201802589157,-0.30010803435024636,-0.6676279198636617,-0.15267173167693437,-0.11756624945544253,-5.886994934644441,25.039704873282062,-80.9245516310848,-1677.4632650827555,-1895.007508163856,-204.00252278645831,0,1,0,-204.00252278645831,1,0,0,0,0,164.3792011778153,122.00492685886911,7863.708714496735,8141.6985839843765,8419.688453472017,6.828792950760372,0.34534559306899637,7845.140339114635,8160.846521820649,8476.552704526664,7812.190459976475,8135.956537648856,8459.722615321238,5.2273698964697255,0.18150773904018142,7822.252676822144,8141.6985839843765,8498.107813645247,-539791.0,31.959373467941482,-0.18790863708246944,-371954.1868137512,-29597.98735360842,-322076.0339620671,8060.898662612791,-291594.53885089804,995.1657487182787,-20.029034458071123,-4.230480391172932,-15.798554066898191,0.7428887047776858,-0.6186176277240137,138.9949347438207,19319.591884438974,8163.98193359375,8163.98193359375,-0.2243382646997088,-0.296236458720842,,19319.591884438974,7974.956396484375,-18.2619140625,3.3009864722117643,250.19357638888906,0.007660998013091502,0.013453204035408284,-0.04337256343604445,,,,0.007631801588834399,-0.024598832130212855,-0.050376962286472704,-0.05987659117630462,0.2609824749244012
2025-11-18 00:00:00+05:30,8051.339095818366,8059.1162888594845,7930.306529115953,7949.74951171875,63320,0.0,0.0,8118.904321289063,,,,8140.742044668088,,,,8067.836990792412,,7991.751012014778,,7941.79727663817,,7968.922419148233,,8165.998011003106,7972.593994126121,,8147.03993102935,,8158.873931553888,8039.070921849184,8002.731689453125,8070.681640625,8073.492337324292,30.006961394085877,-136.25064514867518,12.76143054066631,-149.0120756893415,35.277479315286925,42.13822146703184,-6.860742151744915,84.83673547851578,86.80673394273394,-73.67813558431283,-2.7298700269858793,-5.423567245279336,-223.1083984375,2952.459380820188,-249.7271536721164,44.59996914720947,-0.16551594359380223,-0.30010803435024636,-0.15787292974293043,-0.12725312579941658,-5.7045216718551,-12.07662741834065,-140.88638716187234,-1611.7701677251716,-1751.3196226497685,-202.56429036458331,0,1,0,-202.56429036458331,1,0,0,0,0,161.8385267896522,128.80975974353169,7857.788168093843,8118.904321289063,8380.020474484283,6.432300292307474,0.17609278954901275,7830.567925125783,8140.742044668088,8450.916164210394,7812.190459976475,8096.2288300624905,8380.267200148506,4.937046010412056,0.18565660918211874,7799.588442388009,8118.904321289063,8479.884113993172,-603111.0,34.32249823931399,-0.2155259022570228,-416158.715115638,-40427.02871098608,-1234588.4560076646,7979.724109898062,-374885.2701119849,993.8503549838964,-20.972603369183528,-4.13923944182827,-16.833363927355258,0.8268185895770194,-1.295628841803947,130.55807659761032,17045.411364867483,8155.844970703125,8155.844970703125,-0.3515093618912578,-0.7978262881232898,,17045.411364867483,7965.702329799107,-22.7942626953125,3.3007249801277494,248.57657009548615,-0.013153937343822975,-0.007825769749043032,-0.05423567245279337,,,,-0.013241216599801915,-0.024598832130212855,-0.050376962286472704,-0.05987659117630462,0.2609824749244012
2025-11-19 00:00:00+05:30,7960.929466358341,8138.832762529251,7937.597886532649,8100.9189453125,144973,0.0,0.0,8113.002221679687,,,,8136.949368538984,,,,8066.124097842263,,7998.716489164419,,7963.253819647303,,7980.6238928486855,,8165.6877773212,7995.9719935694675,,8135.74253966782,,8154.61455030636,8031.96565315813,8025.334228515625,8048.185546875,8067.988450461749,36.37699055910422,-123.11011104883801,20.721571712402778,-143.83168276124078,42.74407167818613,40.237195201405186,2.5068764767809455,92.58444927989103,88.22834678592397,-43.56318343465519,0.0960979571702844,-1.4362155153812592,7.77734375,2898.8632448108156,-262.4723899159635,48.86356517866687,-0.0012895309470406097,-0.16551594359380223,-0.16060913548958666,-0.1359484563062711,-5.094321860528466,63.39327067504291,-137.84160532155965,-1560.1460754795621,-1654.6306789011937,-185.10766601562497,0,1,0,-185.10766601562497,1,0,0,0,0,164.65255173300582,201.23487599660257,7856.106474798035,8113.002221679687,8369.897968561338,6.332939147857508,0.4764821401018501,7817.98518876326,8136.949368538984,8455.913548314707,7812.190459976475,8089.52723825491,8366.864016533345,4.592371472483894,0.1854942827968014,7786.64675105747,8113.002221679687,8468.428474628705,-458138.0,37.010304292365916,-0.107053430379515,-325813.222362015,-12435.613507307251,2072565.0800486756,8059.116531458132,-99210.08985528583,993.8503549838964,-14.440843553173254,1.9140162993456027,-16.354859852518857,1.7565267120540773,-0.09407143959260297,128.4478734408258,16498.8561914704,8126.194580078125,8126.194580078125,-0.24364374391627705,-0.7124728325439014,,16498.8561914704,7972.367850167411,-5.902099609375,3.3055368363625925,235.65154405381958,0.019015622237016583,-0.0072670569221278125,-0.014362155153812561,,,,0.018837085072055816,-0.024598832130212855,-0.050376962286472704,-0.05987659117630462,0.2609824749244012
2025-11-20 00:00:00+05:30,8166.0529495744995,8277.364028470485,8112.584745738,8139.31884765625,133670,0.0,0.0,8107.344873046874,,,,8137.1750332168185,,,,8068.630443173364,,8012.311362776918,,7992.322041297558,,8007.094218686586,,8164.998011792537,8037.029441354518,,8135.099315608353,,8153.513764298336,8043.220420506252,8120.118896484375,8012.210205078125,8044.77724422348,37.92249981416845,-108.34861649819686,28.38645301043516,-136.73506950863202,51.02754079108033,43.01636392818446,8.011176862895866,93.64020443084691,90.35379639641789,-29.676058607790978,1.9482506360097638,-1.3710686614145275,155.5439453125,2799.5025910594877,-250.85517510497357,44.19845693371978,0.40464200220220603,-0.0012895309470406097,-0.1607720675662172,-0.14307486565822763,-4.149613094752109,192.798914358842,28.019631626356386,-1508.9076818728156,-1588.3672388941732,-184.17830403645831,0,1,0,-184.17830403645831,1,0,0,0,0,165.49487540621863,176.4450831579852,7858.52423368208,8107.344873046874,8356.16551241167,6.138153569660194,0.5642510498546268,7814.979807103929,8137.1750332168185,8459.37025932971,7812.190459976475,8089.52723825491,8366.864016533345,4.2505706273089325,0.1857353277524952,7770.852836686736,8107.344873046874,8477.315833536606,-324468.0,45.6789386831815,-0.14000817202491742,-416109.4760493305,-28584.695869283867,2509757.9180830168,8176.422540621578,-35847.957967036746,994.3243740748536,-10.247227374619262,4.886105982319675,-15.133333356938937,1.5154933601504723,0.257004199418511,124.41031968239731,15477.927643476296,8120.118896484375,8120.118896484375,-0.1982811759482396,-0.5027870280525859,,15477.927643476296,7991.201583426339,-5.6573486328125,3.312806273579334,209.98773871527763,0.004740190909572117,0.00830978902183821,-0.013710686614145318,,,,0.004728991581998137,-0.024598832130212855,-0.050376962286472704,-0.05987659117630462,0.2609824749244012
2025-11-21 00:00:00+05:30,8098.488174951181,8138.346288530558,7923.015260290754,7941.97216796875,84765,0.0,0.0,8096.0562744140625,,,,8118.584284145573,,,,8052.880661737352,,7988.792190302156,,7966.247563979553,,8019.371401176947,,8161.921689616803,8027.328255719564,,8123.622026357833,,8136.7282932518965,8045.754701814283,8040.6455078125,8012.210205078125,8044.77724422348,33.42826621952913,-111.2913559962899,20.35497080987372,-131.64632680616361,51.553462905086725,48.44169179145106,3.111771113635662,91.92562921642326,92.7167609757204,-72.10036924229364,1.1514863184079602,-2.7641900721803685,90.40966796875,2623.372922096196,-239.40178766965073,36.238777266223934,0.2675676816964442,0.40464200220220603,-0.16165259518878816,-0.14871132602329246,-3.764252473388945,74.15159529647099,-141.17943294333327,-1471.9808580418883,-1536.9764234119693,-167.369140625,0,1,0,-167.369140625,1,0,0,0,0,169.12406911759558,216.30358736549624,7838.442922314416,8096.0562744140625,8353.669626513709,6.3639219730668355,0.20093920755762718,7785.873634354769,8118.584284145573,8451.294933936379,7812.190459976475,8079.954349763858,8347.718239551241,3.8353120803345844,0.20169523279506077,7758.668102831835,8096.0562744140625,8466.431629864395,-409233.0,46.708577796269715,-0.09040346872670203,-485949.7130696462,-54814.42353571253,-238506.25645897677,8001.111238930021,-241369.9631472105,991.8997648000329,-10.736737048084587,3.517277047083482,-14.254014095168069,0.9683378152681278,-1.1962431697694929,128.806676049823,16591.15979500405,8097.0302734375,8097.0302734375,-0.01553276621827685,-0.7738700323161872,0.5866816489314468,16591.15979500405,7966.529436383928,-11.2885986328125,3.317643365085805,194.0578125,-0.02424609274820666,-0.006566552274824278,-0.027641900721803725,,,,-0.024544868571968335,-0.024598832130212855,-0.050376962286472704,-0.05987659117630462,0.2609824749244012
2025-11-24 00:00:00+05:30,7947.319042842882,8044.533954681938,7887.045797502666,7919.61279296875,272790,0.0,0.0,8082.070166015625,,,,8099.634618319209,,,,8036.0765206473225,,7965.05874052274,,7940.333035987622,,8016.298157869149,,8160.255215978697,8008.227703835559,,8094.41910279043,,8119.4481930712645,8031.533044881977,7930.79248046875,8005.89111328125,8044.77724422348,32.951778120676295,-114.11229741506759,14.027223512876844,-128.13952092794443,40.43884311049313,47.67328226888673,-7.234439158393599,82.99519665877932,89.52034343534983,-76.90704281843598,-0.3669061230427046,-3.4115226332547217,-29.16455078125,2730.6223668616794,-245.10439442633924,35.343379680575836,-0.16079820427467068,0.2675676816964442,-0.16315636871633288,-0.15308552238913414,-3.377224778277822,0.9938186286126438,-156.49433855065945,-1498.0109954279496,-1503.322358456153,-138.09464518229166,0,1,0,-138.09464518229166,1,0,0,0,0,168.29293255057246,157.4881571792721,7817.779406435652,8082.070166015625,8346.360925595598,6.540174835187443,0.19265408048116722,7768.6129528552865,8099.634618319209,8430.656283783132,7812.190459976475,8079.954349763858,8347.718239551241,3.716468368775627,0.20077554711267415,7740.275207472812,8082.070166015625,8462.401126881976,-682023.0,42.98028549089322,-0.16411571708334,-645919.1575140897,-111461.00594650971,-1075778.7778576943,7950.397515051118,-318169.7022705723,991.8997648000329,2.6205375407016462,13.499641308695773,-10.879103767994128,2.54993017347265,-1.229383678075328,132.14537978998644,17462.401399839753,8082.69091796875,8082.69091796875,0.1726717981386304,-0.8424001626011696,0.6052624269817662,17462.401399839753,7944.0892299107145,-13.9861083984375,3.319150431487701,174.4591037326388,-0.002815342905654994,-0.016894973736978902,-0.034115226332547266,,,,-0.002819313437516699,-0.024598832130212855,-0.050376962286472704,-0.05987659117630462,0.2609824749244012
2025-11-25 00:00:00+05:30,7971.622813968951,7993.010094689355,7835.5219366572865,7858.853515625,79913,0.0,0.0,8058.799609375,,,,8076.7030847292845,,,,8014.817792038692,,7934.196379189214,,7904.649992841802,,7992.597730084043,,8152.365137114958,7965.300046773839,,8062.623424125087,,8098.239847538448,7991.017640201805,7889.233154296875,8005.89111328125,8044.77724422348,31.632287147699707,-119.86890558067444,6.616492277816008,-126.48539785849044,20.341303107718787,37.44453637443288,-17.103233266714092,71.6941576034884,82.20499449289699,-89.96867861611402,-1.917011019955265,-5.591017975381882,-153.599609375,2578.684244753912,-240.42039180874053,33.0366357663164,-0.6592809480871655,-0.16079820427467068,-0.1657341075659846,-0.15671579011118497,-3.4234147287000716,-24.14623844563812,-181.634396477707,-1586.559927375122,-1505.9085526979354,-97.864990234375,0,1,0,-97.864990234375,1,0,0,0,0,167.5211629421079,157.4881580320689,7802.459885708114,8058.799609375,8315.139333041887,6.361734652607077,0.1099978362896455,7747.2095477796265,8076.7030847292845,8406.196621678942,7812.190459976475,8079.954349763858,8347.718239551241,3.7018831525871563,0.19149032111657907,7718.550046314216,8058.799609375,8447.858551053523,-761936.0,43.22021919721372,-0.27197424450856433,-702154.2315881641,-142394.7672339041,-1615732.6853596086,7895.79518232388,-379478.96393904556,991.1325646990672,-0.5076528171845331,8.297160760647674,-8.804813577832208,0.7429344390316462,-1.5600086548414165,128.16986183344312,16427.5134824039,8063.97705078125,8063.97705078125,0.09795468771521008,-0.933570741659003,0.6109508487758964,16427.5134824039,7926.854157366072,-23.270556640625,3.317361379739101,159.34314887152777,-0.007672001009657148,-0.011433818884451608,-0.055910179753818845,,,,-0.007701582204501996,-0.024598832130212855,-0.050376962286472704,-0.05987659117630462,0.2609824749244012
2025-11-26 00:00:00+05:30,7893.850936735707,7991.065849749694,7851.076375009554,7949.74951171875,167920,0.0,0.0,8044.573217773437,,,,8064.612268252091,,,,8004.432068452382,,7924.738319760281,,7900.387893251525,,7967.040728553671,,8143.7423210506895,7952.15326032514,,8041.305639413993,,8086.818458736857,7952.53604373677,7904.301513671875,8005.89111328125,8044.77724422348,35.77557073075968,-115.76207860800878,8.578655400385344,-124.34073400839412,20.898610764957283,27.226252327723063,-6.3276415627657805,75.91134092663494,76.86689839630088,-70.42844627057816,-2.5792223971450676,-3.455407440790332,-210.47021484375,2395.7962117446605,-237.10306599161413,36.25880996128992,-1.1289327111998295,-0.6592809480871655,-0.16754830082179595,-0.15971643418146103,-2.9712652077705304,-16.460937468693373,-156.45041220883377,-1667.8043268240326,-1551.4878384120107,-48.52644856770833,0,1,0,-48.52644856770833,1,0,0,0,0,165.5546137848245,139.9894747401404,7797.836861421323,8044.573217773437,8291.309574125551,6.134231106430409,0.3078440740217352,7739.834406299517,8064.612268252091,8389.390130204665,7812.190459976475,8073.492337324292,8334.794214672109,3.5005655333093064,0.1955268011947335,7708.198441015714,8044.573217773437,8424.878284346285,-594016.0,51.81538920856614,-0.22278434650179638,-633353.6760326098,-120213.42306253413,795551.3645578353,7930.630578826,-185261.6314271716,991.1325646990672,2.8529295419652847,9.326194495837996,-6.47326495387271,1.4736947419322848,-0.7686237039130585,123.36817817605709,15219.707386479367,8034.08349609375,8034.08349609375,0.28734455795167796,-0.701238478987011,0.5879792640204922,15219.707386479367,7924.149769810268,-14.2263916015625,3.314613861942913,144.3027973090278,0.011566063155781015,-0.018660775970511634,-0.03455407440790337,,,,0.011499687559933313,-0.024598832130212855,-0.050376962286472704,-0.05987659117630462,0.2609824749244012
2025-11-27 00:00:00+05:30,7970.650697534373,8045.506180362785,7888.99017081247,7923.50146484375,197830,0.0,0.0,8026.258251953125,,,,8051.173144117964,,,,7992.901425316221,,7912.461316504021,,7891.481420933216,,7945.162611649417,,8137.215851115752,7942.665775338817,,8020.334631841454,,8074.161028380808,7927.64196616172,7936.62548828125,8009.53662109375,8056.442982563885,35.11379879303023,-113.31911445013066,8.817295646610773,-122.13641009674143,19.838286488742984,20.35940012047302,-0.5211136317300351,78.27884893920137,75.2947824897749,-80.08801564707888,-1.8425959239649192,-4.418674538412931,-148.73876953125,1931.693538561015,-257.6896864866703,36.43800854229243,-1.3398828889121743,-1.1289327111998295,-0.1689402257481154,-0.16210638472407618,-2.6943624563579305,49.98301062648716,-106.53299892382802,-1722.0947151929379,-1621.4723698365328,-54.926513671875,1,0,0,-54.926513671875,1,1,0,0,0,164.90899919664528,156.51600955031518,7802.892848067385,8026.258251953125,8249.623655838865,5.5658663570010525,0.26998052222550356,7727.5139338655745,8051.173144117964,8374.832354370352,7812.190459976475,8067.988450461749,8323.786440947024,3.1227315868739494,0.19298297280606164,7684.215914475231,8026.258251953125,8416.929726548522,-791846.0,60.684376044924306,-0.2634962655935648,-743941.874790374,-135397.89795512287,-59906.132276319666,7952.665938673001,-250580.05568225973,991.1325646990672,7.0738016531988634,10.83765328565726,-3.7638516324583957,1.5453561201039245,-0.9200779110979894,111.68270194286998,12473.025913259935,8003.460693359375,8003.460693359375,0.24550801987506787,-0.9167481680205544,0.5417573005711808,12473.025913259935,7926.187772042411,-18.3149658203125,3.3131277458916437,136.95865885416666,-0.00330174514760595,-0.026515410791978722,-0.04418674538412937,,,,-0.0033072079359200137,-0.024598832130212855,-0.050376962286472704,-0.05987659117630462,0.2609824749244012
2025-11-28 00:00:00+05:30,7896.281201936791,8034.812451093577,7862.255982845651,7881.212890625,91091,0.0,0.0,8008.078466796875,,,,8034.98645330911,,,,7979.0875813802095,,7894.840174736104,,7874.560527875746,,7923.881462370635,,8131.4467454710375,7920.193979026787,,8006.956134426025,,8058.978994861052,7915.210103295576,7902.357177734375,8009.53662109375,8056.442982563885,34.02187883726148,-113.48717278889944,6.919389846273589,-120.40656263517303,19.941517466053725,20.226138239917997,-0.28462077386427254,78.2788549528415,77.48968160622593,-89.65898568418179,-1.4166717208206285,-4.409995683837035,-113.25537109375,1279.1084807100178,-246.5193604611668,28.66522250991839,-1.508367274822359,-1.3398828889121743,-0.17039356168722097,-0.16407547694744137,-2.662382351947575,55.619321230320566,-116.93714701760564,-1776.14157499021,-1690.416597733212,-95.83780924479166,1,0,0,-95.83780924479166,1,1,0,0,0,165.4552469860225,172.5564682479262,7801.0181879922075,8008.078466796875,8215.138745601542,5.171284963382447,0.19365061975127829,7709.284031033534,8034.98645330911,8360.688875584687,7812.190459976475,8044.77724422348,8277.364028470485,3.022105709786694,0.19296338116886638,7658.94514143237,8008.078466796875,8409.908082360096,-882937.0,55.37261995273261,-0.2738521090899966,-815018.5142269944,-151916.12314509542,-601649.3296882963,7926.093774854744,-299196.29600545275,990.5988540105997,3.7936828580838,6.046027592433757,-2.2523447343499567,0.7006865252591297,-1.2253975209948886,103.53013940233345,10718.489764666598,7989.12158203125,7989.12158203125,0.1889245145681723,-1.235543113762335,0.4857879858341191,10718.489764666598,7921.105810546876,-18.17978515625,3.3121389693163135,134.87486979166667,-0.005337106884675036,-0.007650401696042475,-0.04409995683837031,,,,-0.005351400118652655,-0.024598832130212855,-0.050376962286472704,-0.05987659117630462,0.2609824749244012
2025-12-01 00:00:00+05:30,7922.529296875,7961.901336450855,7884.129406424474,7922.529296875,82563,0.0,0.0,7996.631420898438,,,,8024.276247934433,,,,7970.940041387649,,7887.787048172243,,7872.747581841705,,7908.312347449099,,8125.566852122214,7917.823988836736,,7996.361373528626,,8048.543591923703,7912.660367293316,7901.87109375,8009.53662109375,8056.442982563885,36.11220970472496,-109.0296456578626,9.101533581848358,-118.13117923971096,16.648318970418387,18.809374308405033,-2.161055337986646,75.00575427989557,77.18781939064614,-80.30804175748418,-1.6532932091218735,-2.8085843649633997,-133.1845703125,782.7381175041937,-226.8015037290288,29.82202600042754,-1.7704987437622473,-1.508367274822359,-0.17107487873729843,-0.1655423601690378,-2.4649768506789536,-9.19696012836539,-86.96889015474608,-1883.4374502648,-1757.9523929091881,-95.5947265625,1,0,0,-95.5947265625,1,1,0,0,0,159.40047547458192,80.68844582585461,7797.798999842531,7996.631420898438,8195.463841954344,4.972904479160488,0.3136568381808266,7714.223876194463,8024.276247934433,8334.328619674403,7812.190459976475,8044.77724422348,8277.364028470485,2.9558291717496714,0.191543701703219,7651.567318922806,7996.631420898438,8389.185473142985,-800374.0,50.52297200005671,-0.23799516095062967,-816050.551726994,-145191.39782325726,-28384.218415861134,7922.853346583443,-255913.5361490795,991.1230931959051,0.5287000553902376,2.2248358317921557,-1.696135776401918,0.626029791444722,-0.745372647276692,99.41621052795357,9883.582915738387,7966.76220703125,7966.76220703125,0.38622235477884104,-0.992629577665728,0.4302311250832203,9883.582915738387,7919.557282366071,-11.4470458984375,3.3107872249749515,129.63492838541666,0.005242391853054418,0.00036826344702611813,-0.028085843649633957,,,,0.005228698353827274,-0.024598832130212855,-0.050376962286472704,-0.05987659117630462,0.2609824749244012
2025-12-02 00:00:00+05:30,7922.529567663398,7968.220578115594,7840.382963765299,7873.43603515625,93379,0.0,0.0,7981.660327148438,,,,8009.910513384129,,,,7959.207147507441,,7873.422715672826,,7859.816847991236,,7891.404840156588,,8121.41334882271,7891.931525614189,,7977.9410424170055,,8034.885537439382,7906.3330630395985,7897.982666015625,7999.086181640625,8056.442982563885,34.705210649013225,-108.21104960218781,7.9361037100185285,-116.14715331220634,12.871296167087209,16.48704420118644,-3.61574803409923,68.8965669704825,74.06039206773985,-91.41908405707241,-0.959948190191478,-3.663612879258727,-76.3134765625,215.59019985593295,-202.93463752904336,30.543651682526324,-2.122962599192185,-1.7704987437622473,-0.1716823375818355,-0.16677271595706544,-3.013882650267583,11.074033168226379,-116.76358118206917,-2040.6558287145451,-1846.9847657362504,-105.07307942708331,1,0,0,-105.07307942708331,1,1,0,0,0,157.14598539427575,127.83761435029555,7793.916531966289,7981.660327148438,8169.404122330588,4.704379477126246,0.2117766478322524,7705.036917171719,8009.910513384129,8314.78410959654,7812.190459976475,8044.77724422348,8277.364028470485,3.0367317217483327,0.1916369877620981,7642.384183355556,7981.660327148438,8373.075775134257,-893753.0,44.34515045806817,-0.2819709818873157,-861142.3121832674,-143588.5341710234,-679226.4280757604,7894.013192345716,-313777.37627199834,991.1230931959051,-1.4263274013372822,0.21584670005170858,-1.6421741013889908,0.6922634395289771,-1.1528934086709903,93.87189759107468,8811.933157349213,7949.74951171875,7949.74951171875,0.47604132497672036,-0.8537921351839781,0.34721154109879016,8811.933157349213,7914.300788225447,-14.97109375,3.3104138774209697,125.148583984375,-0.0061966652162605,0.0018555530399257947,-0.036636128792587264,,,,-0.006215944231159321,-0.024598832130212855,-0.050376962286472704,-0.05987659117630462,0.2609824749244012
2025-12-03 00:00:00+05:30,7897.739565032738,7961.901407880123,7818.509410607557,7850.59033203125,120259,0.0,0.0,7969.532763671875,,,,7994.737162779093,,,,7946.724290829614,,7857.519933350022,,7844.549900560129,,7871.683887204917,,8093.797213001305,7860.496315213433,,7966.235993954809,,8020.441270099723,7894.858239752685,7862.01318359375,7994.95458984375,8047.9367195390205,34.04054449313148,-108.15897431381381,6.3905431987140275,-114.54951751252784,11.754798718876842,13.758137952127477,-2.0033392332506352,64.90753141180528,69.60328422072777,-93.00847802881289,-3.0901261322470046,-2.996997723163795,-250.32861328125,77.27972621669414,-184.93813859742204,31.019946770435343,-2.5131250948324957,-2.122962599192185,-0.17235047695334238,-0.16805920588896825,-3.241210409037415,19.977179063627773,-123.41481820893841,-2202.8985591669307,-1971.2044486859718,-140.47550455729166,1,0,0,-140.47550455729166,1,1,0,0,0,156.1635576712965,143.3919972725662,7780.777035618193,7969.532763671875,8158.288491725557,4.736933359860233,0.18493027240265364,7691.58638577309,7994.737162779093,8297.887939785094,7812.190459976475,8044.77724422348,8277.364028470485,3.076658877340136,0.18939993115658452,7629.162947500672,7969.532763671875,8362.892505077667,-1014012.0,42.72884209102868,-0.28917644418084903,-927590.5054036047,-151021.92104966915,-974679.9972234196,7877.00038350631,-348671.9432671673,991.1230931959051,-1.1536390761327937,0.3908280202049579,-1.5444670963377516,0.9081771360389072,-1.2602789103893857,94.37786402684104,8907.181218268895,7949.263427734375,7949.263427734375,0.6462183479604812,-0.5088974725919907,0.31923905280399006,8907.181218268895,7901.107345145088,-12.1275634765625,3.3065640112577257,126.54446614583334,-0.0029016179242442597,-0.012473245797408938,-0.029969977231637968,,,,-0.002905835778577164,-0.024598832130212855,-0.050376962286472704,-0.05987659117630462,0.2609824749244012
2025-12-04 00:00:00+05:30,7865.65887246641,7995.92686021953,7834.064024690466,7963.35986328125,76182,0.0,0.0,7968.51201171875,,,,7991.748848541202,,,,7946.136395554317,,7864.896213794905,,7862.538912650367,,7865.277063928908,,8087.274321871248,7872.32976696394,,7965.50562264535,,8016.245860988434,7894.809932017331,7906.97509765625,7994.95458984375,8047.9367195390205,40.13524054934657,-97.88973363985951,13.327827098134676,-111.21756073799419,15.713423143614085,13.446506009859377,2.266917133754708,72.03781954518139,68.61397264248973,-68.43216848327245,-2.1618391866497295,-0.25570659634337733,-175.958984375,100.92348995030625,-177.54417232070864,38.071769080851574,-2.159991996671504,-2.5131250948324957,-0.1712506195357899,-0.1691256530386351,-3.1068278305350954,50.940397908069826,-110.92243762099406,-2292.023787862135,-2110.4283356483143,-138.36914062499997,1,0,0,-138.36914062499997,1,1,0,0,0,156.57064894685132,161.8628355290639,7779.859800024489,7968.51201171875,8157.16422341301,4.7349420172002645,0.48634485015778756,7686.63855781595,7991.748848541202,8296.859139266455,7812.190459976475,8044.77724422348,8277.364028470485,2.9459265774013086,0.19163687647964606,7621.501902688957,7968.51201171875,8357.29727768489,-937830.0,47.15114343723165,-0.23816404838123062,-882064.3252234242,-125847.98371090612,391846.9209067117,7931.116916063748,-239240.57484337804,992.5595397111422,-3.975852305321412,-1.9451081671869281,-2.0307441381344837,0.601424813608991,-0.05462059936884975,94.32610584713026,8897.414244284022,7949.263427734375,7949.263427734375,0.6831382357080299,-0.46671338834438136,0.3371534110049879,8897.414244284022,7901.385163225447,-1.020751953125,3.305285305296941,122.08742187499999,0.014364465152370443,0.0050304021037101965,-0.0025570659634337467,,,,0.01426227367751584,-0.024598832130212855,-0.050376962286472704,-0.05987659117630462,0.2609824749244012
2025-12-05 00:00:00+05:30,7991.065899136148,8048.422698168877,7930.792652694975,7990.09375,89963,0.0,0.0,7975.43857421875,,,,7991.591220108707,,,,7948.19179920015,,7876.677172470751,,7885.345955009433,,7873.826517075046,,8085.803652862372,7890.25785649416,,7971.387049852767,,8014.353276267732,7908.754609551114,7976.726806640625,7994.95458984375,8047.9367195390205,41.51491036122966,-86.59586199307432,19.6973589959359,-106.29322098901022,25.317802191393326,17.59534135129475,7.722460840098577,84.70993139967197,73.88509411888622,-62.60594691373469,0.605914765419754,1.7643781094527362,48.12158203125,-328.1046857557394,-156.5443321590592,36.05490360951793,-1.23219607331405,-2.159991996671504,-0.16833720061397717,-0.16970130102726225,-3.0493439607711013,96.99233761619689,-20.63770785770521,-2277.5480247499086,-2218.008091253764,-142.01472981770834,1,0,0,-142.01472981770834,1,1,0,0,0,153.7891772702121,117.6300454739021,7794.866437639921,7975.43857421875,8156.010710797578,4.528205813346557,0.5405798371191467,7693.133329362259,7991.591220108707,8290.049110855154,7818.509410607557,8047.9367195390205,8277.364028470485,2.889466789007547,0.18159497177716508,7632.48982597024,7975.43857421875,8355.404224901973,-847867.0,47.951221952032235,-0.21522337559708118,-881320.829355655,-103872.26214067591,679448.882331311,7989.769700287951,-209038.99294616215,992.5595397111422,-5.259888236492836,-2.5833152786866815,-2.6765729578061546,0.7073174566982994,0.1623193484765868,90.28606828941437,8151.574127160796,7949.74951171875,7949.74951171875,0.6506498783771522,-0.37704518039506035,0.5507370266404618,8151.574127160796,7893.698249162946,6.9265625,3.3093480478546837,118.77374674479167,0.0033571114677384273,0.013815241497221464,0.017643781094527355,,,,0.0033514889491353768,-0.024598832130212855,-0.050376962286472704,-0.05987659117630462,0.2609824749244012
2025-12-08 00:00:00+05:30,8025.090895994269,8033.840237976577,7659.562830955644,7802.46875,149195,0.0,0.0,7968.123144531251,8199.9147265625,,,7973.57955628883,8199.9147265625,,,7931.718482607887,8070.936341145833,7853.31343639841,8199.9147265625,7856.314269514512,8199.9147265625,7873.004332724566,,8077.489631857403,7876.52701153043,7552.772216796875,7960.823892126947,8248.00575751382,7997.50649318403,7910.40015738455,7896.28125,7970.893798828125,7968.463429713065,35.35628445570258,-91.72777609325021,11.652355916608016,-103.38013200985823,30.6977535944741,23.909659643160502,6.7880939513135985,79.22742517359316,78.65839203948218,-76.86862381957054,-1.4791637676118927,-1.8406427482214,-117.14404296875,132.18913027579765,-155.4101210078552,37.9252990484095,-1.0774603377999799,-1.23219607331405,-0.16668490544549108,-0.1698069452360963,-3.174730237329349,103.69010750284997,-270.58729951808255,-2169.872833345818,-2251.9858362894724,-151.6552734375,1,0,0,-151.6552734375,1,1,0,0,0,169.5383365381207,374.2774070209325,7771.832631010866,7968.123144531251,8164.413658051635,4.926894576299422,0.07803769637077371,7632.2552918952,7973.57955628883,8314.90382068246,7659.562830955644,7968.463429713065,8277.364028470485,2.893183127803839,0.19603906071090008,7601.960946542471,7968.123144531251,8377.73595250131,-997062.0,45.711069051253446,-0.22667441880388897,-916585.1020829278,-96659.71171692526,-3416574.0830017333,7831.957272977408,-559381.7142064727,992.5595397111422,-1.9766452306357067,0.5599421817363586,-2.5365874123720653,1.2992741412267754,-1.6878492145169062,98.14525676019224,9632.491424524062,7949.74951171875,7949.74951171875,0.43652267102805975,-0.4631257343843746,0.7014698432592623,9632.491424524062,7858.909158761161,-7.3154296875,3.309685365144305,118.41021484375008,-0.023482202571152522,-0.015154320340898919,-0.018406427482213994,,,,-0.023762303097903326,-0.024598832130212855,-0.050376962286472704,-0.05987659117630462,0.2609824749244012
2025-12-09 00:00:00+05:30,7748.514662943003,7863.228260612819,7695.046460639274,7837.46630859375,82888,0.0,0.0,7959.373803710939,8186.091064453124,,,7960.61638984168,8185.701063112745,,,7919.274974423364,8056.722677696078,7840.075606964831,8172.044798229648,7842.542141844059,8158.9240731458885,7868.446988424985,,8075.763496951897,7862.113306191222,7553.910208907781,7954.515201710581,8238.516372566073,7985.112345528685,7900.74283230569,7819.967529296875,7970.893798828125,7968.463429713065,37.22690202834588,-91.91134769595737,9.175027451120684,-101.08637514707806,29.77388770953771,28.596481165135042,1.1774065444026682,64.76430055497566,76.2338857094136,-71.20376613808162,-0.27214156605321477,-2.183935602197361,-21.38720703125,840.3686609614479,-165.6346352631963,44.11146551481049,-1.2619501878482575,-1.0774603377999799,-0.16530588477176034,-0.16955778789720347,-3.398748942843013,-53.68132387805417,-221.86312385159908,-2057.588045915603,-2207.408924994865,-144.12109375,1,0,0,-144.12109375,1,1,0,0,0,169.44144106922244,168.1817999735449,7755.933715864549,7959.373803710939,8162.813891557328,5.111962143341941,0.2003847756661486,7619.764569681053,7960.61638984168,8301.468210002306,7659.562830955644,7968.463429713065,8277.364028470485,3.0224736144823967,0.1943145427881331,7582.256951151276,7959.373803710939,8376.867346637671,-914174.0,38.911712931761386,-0.2178944629592878,-859090.5356089396,-66628.15069121972,-2514080.9801845215,7798.5803432819475,-522202.7426570032,993.0080843925131,-4.083798634045273,-1.237768977338566,-2.846029656706707,0.719970119954485,-1.198460897335407,101.72004392319457,10346.967335736632,7945.86083984375,7945.86083984375,0.5507842871245339,-0.5061589525690097,0.7597491919136206,10346.967335736632,7839.077315848214,-8.7493408203125,3.3119956863290856,110.60406901041661,0.004485446813708771,-0.004568491621941062,-0.02183935602197362,,,,0.004475417177565384,-0.024598832130212855,-0.050376962286472704,-0.05987659117630462,0.2609824749244012
2025-12-10 00:00:00+05:30,7839.410403430749,7890.93430613187,7613.871810474904,7650.8134765625,106562,0.0,0.0,7933.903491210939,8176.0779296875,,,7931.111350481758,8164.725079326461,,,7889.888276599703,8035.731399739583,7795.355606553251,8131.450958055881,7783.821316206767,8099.996242524687,7838.773388418221,,8034.687019898287,7816.019228295035,7544.653026236153,7930.392070902206,8230.321789554791,7956.778825158226,7854.995414370906,7744.139892578125,7820.45361328125,7876.109049502731,31.9214454373989,-105.8974334419272,-3.848846635879312,-102.0485868060479,19.657056143168845,26.709565815726883,-7.052509672558038,32.40627604890228,58.7993339258237,-92.95644161284129,-3.7603201800960835,-6.242555556951747,-298.93603515625,843.8034830590932,-178.0650357910572,39.274226483436166,-1.5918411621708533,-1.2619501878482575,-0.1666456935688898,-0.1693028398772895,-4.410639701756991,12.038451345048998,-265.02404431191644,-1971.631988981751,-2117.35029537575,-168.74894205729163,1,0,0,-168.74894205729163,1,1,0,0,0,177.12865925406123,277.06249565696544,7709.83205816199,7933.903491210939,8157.974924259888,5.648453710009759,-0.13169590785496801,7569.947799735102,7931.111350481758,8292.274901228413,7613.871810474904,7945.617919472695,8277.364028470485,3.2266433963081047,0.1964755196321801,7548.94514859657,7933.903491210939,8374.299759054507,-1020736.0,31.542891808379828,-0.27819384130887653,-937236.0022756063,-73149.87414816883,-4996369.281145885,7718.539864389758,-775985.0021750396,993.0080843925131,-4.024013286364741,-0.942386903726427,-3.081626382638314,0.9777119620666623,-2.5267836314198715,112.03571652447457,12552.001777152424,7932.73681640625,7932.73681640625,-0.3748211502544203,1.081467761063312,0.7323293757184005,12552.001777152424,7801.857847377231,-25.4703125,3.3078585465151344,110.43333550347221,-0.02381545574576649,-0.025447367270412635,-0.062425555569517455,,,,-0.02410362821513767,-0.024598832130212855,-0.050376962286472704,-0.05987659117630462,0.2609824749244012
2025-12-11 00:00:00+05:30,7497.700093142469,7812.6764082385025,7314.936058457116,7782.0537109375,264718,0.0,0.0,7919.394165039064,8169.86708984375,,,7916.915384810876,8149.718358997482,,,7875.426392764138,8020.279469592524,7781.24479041143,8103.33088373516,7770.886043957569,8060.510581644495,7808.968085874085,,8027.6875943008245,7803.340685719317,7551.237022143559,7910.953761781217,8214.044056420056,7943.139290736534,7808.922519660982,7716.43359375,7820.45361328125,7681.679378312996,38.55256315887548,-105.1790781253303,-2.504393055425922,-102.67468506990438,33.17478014390208,27.53524133220288,5.639538811699204,43.18708000520742,46.78588553636179,-36.31545181737085,-1.7851672588671543,-3.5948697636842315,-141.44775390625,1324.9899187247001,-227.77366204099508,53.009420841514256,-1.9806086982926765,-1.5918411621708533,-0.16784262750070278,-0.16901940274545416,-4.464349869638555,-52.38485456984381,-550.1252043512304,-1790.151911497542,-2003.0774691063446,-147.3616536458333,1,0,0,-147.3616536458333,1,1,0,0,0,200.02949429172733,497.7403497813866,7695.458589667129,7919.394165039064,8143.329740411,5.6553713757681345,0.1933482902985491,7495.340677034114,7916.915384810876,8338.490092587639,7314.936058457116,7796.1500434638,8277.364028470485,3.213317935841816,0.20675458544040848,7475.687171038574,7919.394165039064,8395.461764800672,-756018.0,28.669661003662043,-0.14224859121234168,-705090.7249318555,4696.543060469907,680490.9537722766,7636.555392544372,-321894.04217831744,993.0080843925131,6.526857254460922,7.686786909679389,-1.1599296552184666,2.2883644536652836,-1.2266068388058036,111.96778768596778,12536.785479289958,7923.015380859375,7923.015380859375,-0.19716994467070925,0.903796238353647,0.7316301859963616,12536.785479289958,7787.4908482142855,-14.509326171875,3.307511236225768,104.69985894097226,0.017153762116543625,-0.0227675447871879,-0.035948697636842275,,,,0.01700829749309477,-0.024598832130212855,-0.050376962286472704,-0.05987659117630462,0.2609824749244012
2025-12-12 00:00:00+05:30,7753.375517064788,7800.038676091696,7671.714988767698,7767.4716796875,96155,0.0,0.0,7908.044335937502,8164.331484375,,,7902.682650989602,8134.728293142189,,,7860.957584635417,8004.499257429534,7767.055830218474,8075.757714421343,7757.723235757269,8022.526991442712,7783.467810682156,,8021.887625821159,7785.157197793668,7552.606786593812,7902.933596636781,8210.256451888768,7929.417409403916,7774.422212513531,7774.7626953125,7820.45361328125,7681.679378312996,38.10840980165032,-104.58088111802044,-1.524956838492841,-103.0559242795276,44.141537184761525,32.324457823944144,11.817079360817381,46.160338401141516,40.58456481841707,-38.303495015503294,-1.4431942458095437,-2.8394206418732777,-113.7412109375,1967.7349762636932,-265.10691891202896,56.261592832850354,-1.7131463584887054,-1.9806086982926765,-0.16892254102690574,-0.1687802541109661,-4.436859521140356,-51.0812176993868,-179.40490502338525,-1534.5005688973413,-1852.609402628588,-180.00968424479166,1,0,0,-180.00968424479166,1,1,0,0,0,194.90765093688955,128.32368732399846,7677.225713475741,7908.044335937502,8138.862958399263,5.837565209714963,0.19549108570455506,7496.815308272722,7902.682650989602,8308.549993706481,7314.936058457116,7796.1500434638,8277.364028470485,3.2029558559317968,0.2046695676884828,7463.166309073441,7908.044335937502,8381.72571741733,-852173.0,37.324374032036204,-0.11988587772231474,-657741.671901552,51181.45396814868,382972.9296842729,7746.408448182298,-339911.58956266765,992.8207041482788,3.745144439166035,3.9240592755076014,-0.17891483634156635,0.8275925581651553,-1.218035657181778,115.40931123088075,13319.309118786297,7921.071044921875,7921.071044921875,-0.0006202550416916638,0.5209685724388858,0.765259109669312,13319.309118786297,7766.78408203125,-11.3498291015625,3.307821163855943,99.72634331597219,-0.001873802442343142,-0.027862260103331038,-0.028394206418732804,,,,-0.001875560206284403,-0.024598832130212855,-0.050376962286472704,-0.05987659117630462,0.2609824749244012
2025-12-15 00:00:00+05:30,7772.3322454380095,7786.914482296243,7712.545074319256,7745.59814453125,49684,0.0,0.0,7892.538549804689,8152.212490234375,,,7887.722221803092,8119.468287314309,,,7845.486518787203,7988.0783421415435,7751.476614698562,8048.14870608122,7742.472984455823,7985.140734531163,7760.514204418628,,8010.874999653127,7769.214631709152,7549.710173945526,7895.760987870274,8202.546941082295,7914.995981467223,7757.833396492558,7756.534912109375,7820.45361328125,7681.679378312996,37.41213949568257,-104.6653007274017,-1.2875011582992784,-103.37779956910242,61.36514226151126,46.227153196724956,15.137989064786304,64.26292653074451,51.20344831236448,-41.2856263825921,-2.2332659901117635,-3.849636764277491,-176.93115234375,2134.7055889144713,-268.96171725147906,55.436311034319985,-1.3492289653716367,-1.7131463584887054,-0.17001140221274413,-0.1685945946255115,-4.264678758365485,-49.130875886293325,-123.50028386327995,-1314.3106592605131,-1655.8746015053382,-191.18937174479166,1,0,0,-191.18937174479166,1,1,0,0,0,186.29777643975362,74.36940797698662,7661.823067775503,7892.538549804689,8123.254031833875,5.8464201491900365,0.1815549524872142,7506.343310206489,7887.722221803092,8269.101133399694,7314.936058457116,7796.1500434638,8277.364028470485,3.1549210969943,0.20186839863180095,7451.393659843765,7892.538549804689,8362.054356055807,-901857.0,40.97031387296856,-0.11900708774838241,-663262.1163459965,63788.64392822597,173010.40820035894,7748.352567048915,-353902.8181827229,992.539099836628,-1.6558423798852557,-1.1815420348349515,-0.4743003450503043,0.4400767060678397,-1.273780190051141,115.3577410145933,13307.408411989982,7900.412841796875,7900.412841796875,0.16429685610314176,0.5781856927810296,0.7649441637558886,13307.408411989982,7751.382456752232,-15.5057861328125,3.3067313840466515,99.39688802083334,-0.002816043116507405,-0.007288796314467771,-0.038496367642774865,,,,-0.0028200156255149497,-0.024598832130212855,-0.050376962286472704,-0.05987659117630462,0.2609824749244012
2025-12-16 00:00:00+05:30,7727.613700765832,7736.849117819206,7568.181237949679,7610.4697265625,107137,0.0,0.0,7875.574560546876,8132.834150390625,,,7861.317222256369,8099.507559441689,,,7818.622821335566,7966.833527879901,7714.157149571902,8011.80687030091,7696.1360152561465,7935.531088076802,7728.527954228389,7759.907435876394,7986.7235423860875,7731.22744022197,7530.534077969722,7882.121840918762,8179.3031055404335,7889.547981840067,7736.6108061021005,7678.033935546875,7800.28173828125,7681.679378312996,33.3574109900707,-114.31814942482288,-8.752279884576353,-105.56586954024652,53.567500373881344,53.02472660671803,0.542773767163311,45.91075203134357,52.111338987743196,-59.70837748026055,-3.339918015712074,-4.267804723357845,-262.96630859375,2655.659543220315,-276.64053610923384,52.90221623907621,-1.2215701778975603,-1.3492289653716367,-0.17282750760589938,-0.16864759803135115,-4.989019987138997,-66.97115013189614,-235.63903000142363,-1189.7603903138547,-1446.2557930211842,-180.17154947916663,1,0,0,-180.17154947916663,1,1,0,0,0,185.66342859274062,177.4169065815713,7614.655154527103,7875.574560546876,8136.493966566648,6.626041160904311,-0.008020537890320775,7482.466415272476,7861.317222256369,8240.168029240262,7314.936058457116,7796.1500434638,8277.364028470485,3.330280309637446,0.2056555157278447,7429.383694067211,7875.574560546876,8350.008920310753,-1008994.0,32.04483091081069,-0.12061047622493452,-716676.240265305,46151.76003500249,-1919884.4095308306,7638.500027443795,-540812.2478455512,992.539099836628,-2.115741924844039,-1.3131532638349879,-0.8025886610090512,0.9375423870459062,-2.0320821515612866,130.45970300988597,17019.734109427653,7877.324462890625,7877.324462890625,-0.04640041428029689,0.3844266513813427,0.8193813275157847,17019.734109427653,7704.719342912947,-16.9639892578125,3.30396395051598,102.86311957465283,-0.017445833807445466,-0.02896300578445221,-0.04267804723357849,,,,-0.01759980577358931,-0.024598832130212855,-0.050376962286472704,-0.05987659117630462,0.2609824749244012
2025-12-17 00:00:00+05:30,7582.763244529984,7642.550416265702,7453.953484286366,7497.7001953125,81864,0.0,0.0,7845.413623046876,8108.682705078125,,,7826.687029214096,8075.907270652309,,,7782.63478655134,7941.9263139552695,7662.210122127997,7968.971036954706,7630.237674240838,7877.205252400477,7677.6418781072425,7737.495150721195,7947.041807989505,7664.638210424044,7506.715492804243,7856.101977770724,8160.598097164583,7855.232858306025,7691.881107491427,7554.0849609375,7743.89697265625,7681.679378312996,30.396641461559074,-129.5740117299274,-19.20651375174471,-110.3674979781827,41.307723132357566,52.08012192258339,-10.772398790225822,24.06728492069364,44.746987827593905,-75.08282674007462,-4.495077717645263,-7.446300278674499,-352.89013671875,3127.0839177710222,-295.69569309392955,53.04603680537976,-1.4103929963606294,-1.2215701778975603,-0.17823739057226673,-0.16942390592429302,-6.021806628067972,-117.53841273702892,-306.13534471636467,-1133.7728284791876,-1279.4025827542107,-233.55875651041666,0,1,0,-233.55875651041666,1,0,0,0,0,185.87296454892598,188.59693197933575,7556.244122865324,7845.413623046876,8134.583123228427,7.371682720005487,-0.10122770125491824,7447.994026327843,7826.687029214096,8205.380032100347,7314.936058457116,7796.1500434638,8277.364028470485,3.6335014027508894,0.19451079402984237,7406.448984445351,7845.413623046876,8323.914724684575,-1090858.0,21.131833557754675,-0.17901744331273647,-760562.0959354081,20777.375271378085,-2964438.766204998,7531.401365288188,-662115.731571776,991.0573314924691,-4.2654435408472695,-2.7702839038705744,-1.495159636976695,0.7412880722380989,-2.404910805019672,144.5847500907758,20904.74995881209,7866.144775390625,7866.144775390625,-0.5934705405600097,1.032840032975332,0.8292660804023427,20904.74995881209,7657.077113560267,-30.1609375,3.299210804309265,113.78898546006943,-0.014817683441589069,-0.020012679922082444,-0.074463002786745,,,,-0.014928561984933857,-0.024598832130212855,-0.050376962286472704,-0.05987659117630462,0.2609824749244012
2025-12-18 00:00:00+05:30,7454.439593699021,7546.793761852569,7383.958781160787,7449.0927734375,119072,0.0,0.0,7810.902319335937,8078.983173828125,,,7790.725671521087,8051.326309977219,,,7744.889943731399,7916.060042126225,7609.376765292371,7924.966652638748,7565.184170360667,7818.137805549341,7612.2814020013175,7709.585649499282,7863.944167828201,7592.586171038421,7483.0685042690275,7820.342449128235,8120.257635663756,7819.359623381434,7624.696587382735,7473.396484375,7719.59326171875,7681.679378312996,29.19382659917056,-143.9274986230448,-26.84800051588968,-117.07949810715513,27.833023206431726,40.90274890422354,-13.069725697791817,4.9893879638307,24.989141638622637,-81.70972616036963,-6.45791598863962,-8.48014541680602,-514.26708984375,3369.5817187998764,-291.5984444908254,50.691897733271155,-1.7373178174465969,-1.4103929963606294,-0.18586137817321324,-0.17137103676420815,-7.024730351037047,-168.86705921227167,-331.7020399040539,-1094.8359570002149,-1176.0355089744687,-259.4827473958333,0,1,0,-259.4827473958333,1,0,0,0,0,184.2273942734157,162.83498069178222,7505.147142997858,7810.902319335937,8116.657495674016,7.828933555632363,-0.09166544657019639,7417.082482111281,7790.725671521087,8164.368860930893,7314.936058457116,7726.641173493837,8138.346288530558,3.9549912822809317,0.1919957364891381,7370.22404066112,7810.902319335937,8287.20370539017,-1209930.0,20.833391919587573,-0.15255911310024667,-784376.4959354089,930.7837524970528,-3367773.6478185696,7459.948438816952,-739309.8415885845,991.0573314924691,-3.25204406274122,-1.40550754061162,-1.8465365221296,1.0379014642123081,-2.366661786280784,152.8775881690395,23371.55696438245,7854.721923828125,7854.721923828125,-1.170478149537403,0.6655789198419458,0.8436004789589374,23371.55696438245,7612.865192522322,-34.5113037109375,3.2913870485108148,127.29969184027777,-0.0064829775276142865,-0.04278574138238478,-0.08480145416806018,,,,-0.006504083294687053,-0.024598832130212855,-0.050376962286472704,-0.05987659117630462,0.2609824749244012
2025-12-19 00:00:00+05:30,7504.991449539049,7625.051869748644,7427.219517419474,7605.60888671875,102445,0.0,0.0,7794.084155273437,8055.1518750000005,,,7773.095501539912,8033.847195339633,,,7725.338188244048,7897.496344592524,7593.066813540488,7895.649159519498,7554.277520333544,7781.635550637489,7561.368862579477,7682.537228790856,7842.324085341123,7575.077871266904,7470.2228337584775,7807.055646179343,8092.619904862079,7802.301612752711,7574.000125364661,7527.350830078125,7719.59326171875,7681.679378312996,37.737435174933054,-141.04729272344412,-19.17423569303118,-121.87305703041294,27.612122121095886,32.25095615329506,-4.638834032199171,23.113790801615558,17.390154562046632,-60.37108073626808,-4.812019424443549,-4.235261395231365,-384.48486328125,3676.439132809762,-313.64812953251567,58.97050822806172,-1.7789658622944928,-1.7373178174465969,-0.19238959656554533,-0.17422711355532527,-7.490301726392888,-74.887246409613,-272.71959873878313,-1042.4702290110824,-1114.908031713957,-287.5130208333333,0,1,0,-287.5130208333333,1,0,0,0,0,185.1991769916839,197.83235232917013,7481.752126233584,7794.084155273437,8106.416184313291,8.014592165483126,0.1982773922769252,7397.355024963579,7773.095501539912,8148.835978116245,7314.936058457116,7681.679378312996,8048.422698168877,4.085326913513639,0.19639799118619583,7347.155443207227,7794.084155273437,8259.760438958618,-1107485.0,27.1296003450479,-0.08887872323373106,-702068.1052720189,18916.140273806406,-596049.8088305374,7552.62675796229,-524058.21682329936,993.1584747865809,-3.61851851465735,-1.4175855940221997,-2.2009329206351502,0.8833597764977753,-1.2068904308922979,156.16601451992682,24387.824091037994,7844.0283203125,7844.0283203125,-0.9050684229210464,-0.07499004403864458,0.8533457117489308,24387.824091037994,7587.846254185268,-16.8181640625,3.287868100249078,136.4422016059028,0.02101143294111818,-0.020838543047673186,-0.0423526139523136,,,,0.02079373690741277,-0.024598832130212855,-0.050376962286472704,-0.05987659117630462,0.2609824749244012
2025-12-22 00:00:00+05:30,7679.978015075377,7709.628563108263,7595.887116555881,7641.578125,78936,0.0,0.0,7780.182421875,8029.70412109375,,,7760.57003710754,8018.464094542,,,7710.813804408483,7881.277766161152,7586.354375383533,7870.905747595517,7556.5187053026275,7752.370020528665,7533.647230853455,7657.50476468021,7836.189167297991,7562.755211280175,7464.857496680939,7787.497393320455,8060.179788126248,7789.824617168475,7557.55783715862,7623.593505859375,7719.59326171875,7681.679378312996,39.54284093501343,-134.3140036489176,-9.952757294803718,-124.36124635411389,34.15066110725655,29.86526881159472,4.285392295661833,51.111907784666144,26.405028850037468,-55.46720978159263,-2.0620476692072622,-3.510710374825355,-160.890625,3814.6888816531396,-318.23153091112545,49.52779141240523,-1.2923332909600724,-1.7789658622944928,-0.19720114241432718,-0.17777103107116604,-7.633960198394468,18.026731401184406,-95.7147151511972,-990.6526264186324,-1066.5063044867356,-310.763671875,0,1,0,-310.763671875,1,0,0,0,0,180.0950533888766,113.7414465523816,7466.627543176845,7780.182421875,8093.737300573154,8.060347732118823,0.27897920540979987,7398.9493303856425,7760.57003710754,8122.190743829437,7314.936058457116,7681.679378312996,8048.422698168877,4.157723161039717,0.19788115778063362,7336.901024585733,7780.182421875,8238.5693426804,-1028549.0,32.571574391822686,-0.032025958635017886,-717585.4386053528,19616.80367429892,-105290.1514306392,7649.031268221383,-486726.98095174663,993.6314052096014,-5.622480930411044,-2.7372384078207146,-2.885242522590329,0.7245417688196273,-0.8840831783608004,156.77743934907724,24579.16548885359,7819.967529296875,7819.967529296875,-0.6819792148268788,-0.457368558333832,0.8468673460494877,24579.16548885359,7572.076569475446,-13.9017333984375,3.289814073242919,143.02475151909724,0.0047293042302059,-0.013429565746925887,-0.03510710374825354,,,,0.004718156205404807,-0.024598832130212855,-0.050376962286472704,-0.05987659117630462,0.2609824749244012
2025-12-23 00:00:00+05:30,7676.089330045894,7676.089330045894,7539.016306295074,7599.28955078125,101671,0.0,0.0,7767.2042236328125,8005.296494140624,,,7745.20999079075,8002.0258771396175,,,7693.585911923364,7864.3987634037985,7573.689112087172,7844.460550608355,7549.133071413408,7720.958734413652,7520.982122184456,7633.8446287505385,7824.040430799451,7561.3276316344445,7450.457600977766,7776.504958062019,8034.630776664356,7774.7978474917045,7568.431905640979,7620.433837890625,7719.59326171875,7681.679378312996,38.14250101776239,-130.88143831568232,-5.216153569254743,-125.66528474642757,40.97636040937213,34.24638121257485,6.729979196797274,75.32155955287588,49.849086046385864,-61.23262825402291,-3.038950962396357,-3.3028222797089173,-238.1767578125,3864.149854951571,-312.01271960435315,47.8013538162511,-0.90820229958293,-1.2923332909600724,-0.20102757205715527,-0.1815912397920844,-7.437377548006783,-2.3250329574957505,-139.39805670831538,-951.0511560124404,-1018.6888039786808,-346.2471516927083,0,1,0,-346.2471516927083,1,0,0,0,0,177.02205127187253,137.07302375081963,7445.966957158435,7767.2042236328125,8088.44149010719,8.271631779603977,0.23864384619124518,7391.920203994592,7745.20999079075,8098.499777586909,7314.936058457116,7681.679378312996,8048.422698168877,4.254012078076581,0.1971741534480183,7324.084050695885,7767.2042236328125,8220.64858522024,-1130220.0,33.06101431440748,-0.012254587796733172,-729843.6442791119,14219.754744277103,-704466.0768540523,7604.798395707406,-542991.8199557257,993.6314052096014,-5.463427363936625,-2.062547873077037,-3.4008794908595883,0.9174062751524034,-1.0454246152350206,160.61863323718833,25798.345342982422,7792.26123046875,7792.26123046875,-0.45466563800751364,-0.8650644502129259,0.8646241845506064,25798.345342982422,7546.349288504464,-12.9781982421875,3.2904131239123284,148.39317925347217,-0.005534010583546856,-0.0014690520011173547,-0.03302822279708917,-0.1089691718068363,,,-0.005549379949164545,-0.024598832130212855,-0.050376962286472704,-0.05987659117630462,0.2609824749244012
2025-12-24 00:00:00+05:30,7602.206315957498,7632.342939460654,7547.765963822764,7565.2646484375,54134,0.0,0.0,7747.979980468751,7980.514716796875,,,7728.07233913806,7984.897985817966,,,7674.353571428572,7847.1426125919115,7557.381287863341,7817.055482390657,7535.914713975093,7688.522724323071,7515.736001526143,7611.155931320996,7819.338662988483,7541.056008234736,7432.447908751922,7757.617891121918,8000.794438135503,7758.102912571012,7584.0320997926465,7582.277099609375,7719.59326171875,7681.679378312996,37.00694804339757,-129.4148173633239,-2.999626093517037,-126.41519126980685,39.142914686029705,38.08997873421946,1.0529359518102481,73.34530717756427,66.59292483836876,-65.87141790629535,-1.1181664327207852,-4.836439974800208,-85.548828125,3831.6335813531223,-290.18509301751055,45.932332212997586,-0.6696465040096385,-0.90820229958293,-0.20430274347561506,-0.18564236378929688,-7.6981619175034,-29.907178604751607,-114.48415424264113,-932.1548833802559,-976.3387795422473,-340.6573079427083,0,1,0,-340.6573079427083,1,0,0,0,0,170.41883158373088,84.57697563788952,7426.721291185577,7747.979980468751,8069.238669751925,8.292708295401095,0.21562585211477953,7392.319298581937,7728.07233913806,8063.825379694183,7314.936058457116,7681.679378312996,8048.422698168877,4.4477044339783225,0.19107359647401145,7314.383200625745,7747.979980468751,8197.09461037454,-1184354.0,28.319523627313213,-0.05975766377864876,-761577.3684170423,622.0720704469131,-866957.2178001251,7581.791183906972,-567229.665496,993.1836672715168,-9.026570294779352,-4.500552643135811,-4.526017651643541,0.5127219136667752,-1.1374965915408803,160.6293446415873,25801.786359985825,7774.7626953125,7774.7626953125,-0.2556608587596712,-1.0752610188778453,0.8584329224670045,25801.786359985825,7527.100753348214,-19.2242431640625,3.2941812894715334,150.6312825520834,-0.004477379380846469,0.00901135699814204,-0.04836439974800211,-0.07191409045926156,,,-0.004487432863968736,-0.024598832130212855,-0.050376962286472704,-0.05987659117630462,0.2609824749244012
2025-12-26 00:00:00+05:30,7534.155781998401,7583.249313223036,7511.310277369115,7560.40380859375,89564,0.0,0.0,7729.82509765625,7960.364824218751,,,7712.103907657649,7968.251155338586,,,7656.489174107143,7830.667675015318,7543.221518498245,7790.996697271374,7525.4357887989245,7658.46158114065,7510.806482324642,7590.172437229399,7798.3755876099995,7523.177906259999,7422.502322103563,7732.841954453188,7980.187280337395,7742.4455415943785,7588.038251987755,7562.834228515625,7643.279541015625,7674.388148216846,36.838216632419915,-127.17870193390354,-0.6108085312773426,-126.5678934026262,35.680221412588224,38.599832169330014,-2.9196107567417897,69.96914865733946,72.87867179592652,-65.85528960191706,-2.848218613965952,-4.582540406675626,-221.64990234375,3792.098497709133,-263.5253400376969,49.20799572167024,-0.6248040439858065,-0.6696465040096385,-0.20692865484039924,-0.1898652653241295,-7.614400562721613,-64.45133206070568,-136.39036791462604,-938.8562046846539,-949.3201516481131,-316.02954101562494,0,1,0,-316.02954101562494,1,0,0,0,0,163.384560460173,71.93903585392036,7409.292982763368,7729.82509765625,8050.357212549133,8.293385965228904,0.2357186983913941,7394.624673658505,7712.103907657649,8029.583141656793,7314.936058457116,7681.679378312996,8048.422698168877,4.5204669181015555,0.19115441721727608,7303.837451408575,7729.82509765625,8165.40461773327,-1273918.0,22.09217951855321,0.007383334329714178,-728898.6116602859,5400.617938261945,-805299.938080911,7551.6544663953,-572984.3387294809,993.1836672715168,-8.989473797291113,-3.5707649165180575,-5.418708880773056,1.0170076601465716,-1.0571252064344236,160.2660574464412,25685.20916942599,7756.534912109375,7756.534912109375,-0.04868248409335141,-1.1543799863923958,0.8500084870930666,25685.20916942599,7509.817327008929,-18.1548828125,3.2948563907457236,153.91174804687495,-0.0006425207933411503,0.014942898221535161,-0.04582540406675628,-0.06576281752537583,,,-0.0006427272982866403,-0.024598832130212855,-0.050376962286472704,-0.05987659117630462,0.2609824749244012
2025-12-29 00:00:00+05:30,7563.806173738989,7573.04159031254,7412.150912110137,7476.798828125,122553,0.0,0.0,7709.60439453125,7942.23802734375,,,7689.693900083111,7948.9785150557,,,7632.391434151787,7811.704302619485,7516.61982684764,7760.15836173894,7496.735500098481,7621.70856256966,7498.402365077954,7568.894612727001,7764.707063819826,7493.16091630369,7407.266343326217,7711.14269908773,7958.128247010839,7720.626972442026,7570.187567232253,7518.601318359375,7643.279541015625,7602.935182294493,33.96938005224761,-130.64677288062376,-3.2631035823980454,-127.38366929822571,32.12485109062892,35.649329063082284,-3.5244779724533615,61.1411660932437,68.15187397604913,-71.89873921990082,-3.7421810281282455,-5.131368332672066,-290.6728515625,3770.5184378404124,-256.98054512831277,51.82478831489483,-0.7639170856032154,-0.6248040439858065,-0.21000065707673654,-0.1943085158645731,-7.765794659096975,-50.24450966280983,-211.13518786521308,-960.7958638200759,-942.3115326603893,-274.30810546874994,0,1,0,-274.30810546874994,1,0,0,0,0,163.20642601318946,160.89067820240325,7378.435661346979,7709.60439453125,8040.773127715522,8.59106943072678,0.14850913887949835,7371.804940140571,7689.693900083111,8007.582860025651,7314.936058457116,7681.679378312996,8048.422698168877,4.552346162547742,0.1934405353103512,7282.484216164938,7709.60439453125,8141.1349349782495,-1396471.0,22.591596149627627,0.029993176875058494,-752964.9107539408,-792.9464581824141,-2153977.2571245977,7487.330443515893,-708506.7450821714,993.1836672715168,-6.190301427236985,-0.6172740371711427,-5.5730273900658425,1.3511013604392212,-1.4059634444820068,165.58436659213564,27418.182459718766,7698.205810546875,7698.205810546875,0.11169408885809737,-1.1586529304354807,0.8605310291440079,27418.182459718766,7477.965513392857,-20.220703125,3.294244541249135,160.66818142361117,-0.011058269185796443,-0.01693619281668346,-0.051313683326720705,-0.07054144105712123,,,-0.011119866370946389,-0.024598832130212855,-0.050376962286472704,-0.05987659117630462,0.2609824749244012
2025-12-30 00:00:00+05:30,7446.662210149233,7502.560784181031,7389.305412447039,7414.09521484375,139152,0.0,0.0,7684.182690429687,7922.1008886718755,,,7663.4464062507905,7928.002699361114,,,7604.247702752977,7790.9928197763475,7483.107845570408,7726.434023252172,7458.544632728153,7581.165047249983,7477.715887953192,7545.6095509369625,7723.428277238638,7466.9285150485775,7390.092640217836,7683.484687492115,7936.078919791581,7694.880064387334,7534.6334706404305,7445.447021484375,7598.074462890625,7602.935182294493,31.95914228094009,-136.8770680108246,-7.5947189700791,-129.2823490407455,26.487051622625753,31.430708041947632,-4.943656419321879,48.91048453282218,60.00693309446844,-82.78481631030485,-4.279888053856194,-6.417572759646331,-331.5029296875,3741.3467907492222,-282.41939970832027,49.52705369717362,-1.0964830681998334,-0.7639170856032154,-0.2139903523810771,-0.1988821652840373,-8.177956469921753,-90.84090363266296,-204.09627536665448,-1006.4135886611817,-956.3121015084829,-294.8042805989583,0,1,0,-294.8042805989583,1,0,0,0,0,159.63849356467534,113.25537173399152,7343.9014237391075,7684.182690429687,8024.463957120266,8.856667791472077,0.10314083961676083,7354.2601335915415,7663.4464062507905,7972.632678910039,7314.936058457116,7681.679378312996,8048.422698168877,4.6193478724111765,0.19214594508502242,7254.242634808791,7684.182690429687,8121.764214049006,-1535623.0,21.828043364585767,-0.0071277065097647635,-831200.5845736837,-28147.760248629493,-3092742.391151441,7435.320470490607,-825205.5274874298,993.1836672715168,-2.704769176274537,2.294606571033044,-4.999375747307581,1.3963681903569192,-1.587436641532955,170.1406333452898,28947.835115136346,7646.19580078125,7646.19580078125,0.18389070580026795,-0.9722000409927575,0.8697431682128659,28947.835115136346,7444.377727399553,-25.4217041015625,3.2929822702182996,166.6630978732639,-0.008386425089489058,-0.029769100889255107,-0.06417572759646328,-0.11224896909898696,,,-0.008421789009088536,-0.024598832130212855,-0.050376962286472704,-0.05987659117630462,0.2609824749244012
2025-12-31 00:00:00+05:30,7446.176055912173,7500.130331139423,7399.026824407279,7472.91015625,54251,0.0,0.0,7664.156396484374,7903.446396484375,,,7645.300096726906,7910.1559329646,,,7584.126509021578,7773.377496936274,7465.7185474944745,7699.3450176162205,7444.179603375817,7550.893065717403,7461.51737706304,7522.221779936133,7714.008710192574,7465.137239061808,7374.640803377185,7669.507714983233,7921.25794695464,7677.0556839360615,7500.708744960568,7443.502685546875,7598.074462890625,7563.806233347809,35.79705039795166,-135.50671054469058,-4.979489203156049,-130.52722134153453,25.68489957824919,28.098934097167955,-2.414034518918765,45.55697278545293,51.86954113717293,-68.26174573504676,-1.8075043361959862,-5.087053188948674,-137.5595703125,3675.375310442366,-294.349668397138,47.288585658852774,-1.475719859327509,-1.0964830681998334,-0.21742773537669624,-0.203236648040085,-7.720221171959691,-76.05828073660086,-177.1617874687454,-1054.5817784183462,-987.9761480109191,-290.267578125,0,1,0,-290.267578125,1,0,0,0,0,155.4574230766374,101.10350673214452,7323.628300908841,7664.156396484374,8004.684492059908,8.886251218248548,0.21919168679584963,7346.302324943368,7645.300096726906,7944.2978685104445,7314.936058457116,7681.679378312996,8048.422698168877,4.601920535194144,0.19581993579187137,7234.813468995406,7664.156396484374,8095.651521331083,-1481372.0,26.307246863720458,0.02635211175622304,-806161.6614967602,-28812.548524915706,-2195097.851525454,7457.355770598901,-782168.9964776549,993.9769527595221,-6.5258515192632895,-1.221180617564567,-5.304670901698723,0.5749108242320711,-1.1232332528166002,170.26404778776688,28989.84596907497,7626.02392578125,7626.02392578125,0.38541988703351565,-0.808853603238669,0.8649926703777157,28989.84596907497,7424.066734095983,-20.0262939453125,3.2962065086003576,172.52517361111106,0.007932854880052798,-0.016630422316025295,-0.05087053188948676,-0.12896919077931612,,,0.00790155520831443,-0.024598832130212855,-0.050376962286472704,-0.05987659117630462,0.2609824749244012
2026-01-01 00:00:00+05:30,7485.062274009147,7499.15843648374,7429.163698678862,7473.396484375,48035,0.0,0.0,7645.296704101563,7888.535107421875,,,7628.928324121963,7893.028111451283,,,7565.958898344495,7756.5127945006125,7451.637223411956,7674.028148584162,7434.221917872508,7523.529933457488,7450.986920467228,7499.20728742669,7711.96155423836,7468.238472990445,7360.862399476365,7654.0188750117295,7904.724946516167,7660.856890551754,7476.669541530898,7473.1533203125,7590.783447265625,7591.998728626242,35.82928245994931,-132.85003723168302,-1.8582527121187695,-130.99178451956425,23.48291918548122,25.218290128785387,-1.7353709433041686,51.547567146567104,48.67167482161407,-78.50468039820473,-0.3241488763807131,-4.804655850111789,-24.3037109375,3507.5343763087812,-300.36414403267827,46.05162300751003,-1.735357836737827,-1.475719859327509,-0.22011881116582588,-0.20704302948370865,-7.2911455519580795,-62.34558574928087,-132.3403235541591,-1119.673054274054,-1033.7432753755309,-270.50048828125,0,1,0,-270.50048828125,0,0,0,1,0,149.35294555722604,69.99473780487824,7306.467436360133,7645.296704101563,7984.125971842992,8.863731019350851,0.2463320968810981,7345.07419959307,7628.928324121963,7912.782448650855,7314.936058457116,7681.679378312996,8048.422698168877,4.6601786108738334,0.19604434323665312,7222.588431793771,7645.296704101563,8065.077169262526,-1433337.0,34.77139764187112,0.06658094694744982,-793485.7587189825,-22431.942979111336,-1878175.1910954786,7467.239539845868,-781856.3903978824,993.9834606408539,-10.248076215641651,-3.9547242511543423,-6.293351964487309,0.5279656368946146,-1.0146716124756074,169.41463387071462,28701.318169548285,7608.039306640625,7608.039306640625,0.6025158580759868,-0.5143584538996728,0.8570596780095198,28701.318169548285,7407.283286830357,-18.8596923828125,3.3014428427978664,172.54352430555554,6.50788133178537e-05,-0.012143417095325848,-0.04804655850111794,-0.14150918102680898,,,6.507669578375285e-05,-0.024598832130212855,-0.050376962286472704,-0.05987659117630462,0.2609824749244012
2026-01-02 00:00:00+05:30,7471.938113611929,7525.406315049433,7441.801490983517,7516.1708984375,54875,0.0,0.0,7622.937255859376,7873.809208984375,,,7618.189521675824,7878.249397215448,,,7553.661202566965,7741.910276501225,7448.067228344074,7653.638511371432,7438.796587150615,7503.651300252317,7449.916701395934,7478.568382288763,7708.019897975121,7464.285562244331,7352.637556604743,7638.3977492880895,7899.757037311176,7649.703131359435,7472.503946529446,7494.78369140625,7579.8466796875,7585.436631728515,38.7422363697616,-125.84243351728492,4.119480801823471,-129.9619143191084,28.681385829255902,25.949734864328768,2.731650964927134,73.39536143466299,56.833300455561,-67.18941637898078,0.9004871739440795,-5.615581519877324,67.078125,3211.545599219221,-297.9595296895013,49.485695395374194,-1.7739778343900507,-1.735357836737827,-0.22131956551439957,-0.2102574704780258,-6.43651236713395,-29.621546641370514,-113.22637070728615,-1199.6183393533404,-1092.423598899887,-246.6829427083333,0,1,0,-246.6829427083333,1,0,0,0,0,144.6566511649896,83.60482406591564,7314.858165819669,7622.937255859376,7931.016345899083,8.082949647864455,0.32672248641068874,7345.444394899033,7618.189521675824,7890.934648452615,7314.936058457116,7681.679378312996,8048.422698168877,4.667917058339717,0.18857431471282407,7210.6823008384035,7622.937255859376,8033.606535441371,-1378462.0,32.37290309762516,0.06590047238423526,-750734.3052306116,-4179.692511426751,-1274543.5964133122,7494.459568156817,-750448.3689368614,993.9834606408539,-12.718408644722041,-5.140045344187786,-7.578363300534256,0.6489352140924486,-0.6931100543572452,154.03954501985342,23728.18142992345,7602.44921875,7602.44921875,0.739705336627636,-0.034589316098410615,0.8329892123344073,23728.18142992345,7415.109095982143,-22.3594482421875,3.3075570262935825,168.00466362847226,0.005723557441643878,-0.005850601538765932,-0.05615581519877322,-0.15870689874730104,,,0.005707240119231657,-0.024598832130212855,-0.050376962286472704,-0.05987659117630462,0.2609824749244012
2026-01-05 00:00:00+05:30,7519.573615092667,7527.83688280156,7417.497955159282,7463.18896484375,104098,0.0,0.0,7596.592016601564,7859.718105468751,,,7603.427563882294,7861.972517514597,,,7538.447079613096,7725.807521829044,7436.151336673707,7630.531331010705,7430.338625895822,7479.863525575988,7447.688387467024,7459.082179529263,7690.247072847642,7447.191680572252,7338.959559593282,7613.545340353547,7880.588786799928,7634.998153929548,7475.514781207965,7489.679931640625,7527.836669921875,7560.403949489997,36.53027241007099,-123.14452293351314,5.4539131084762005,-128.59843604198934,25.585896453108585,25.916733822615235,-0.33083736950665,75.75700989162405,66.89997949095138,-77.54821386348873,-1.872564366591345,-6.594475629979311,-142.419921875,2579.1711264482947,-284.5681302137709,50.777170859216106,-1.7597838098315641,-1.7739778343900507,-0.22194652023658223,-0.21300695690272078,-5.805279442251407,-14.071136482521979,-124.41006412479965,-1291.1435739267638,-1164.051356599983,-206.25773111979163,0,1,0,-206.25773111979163,1,0,0,0,0,142.2053851990816,110.33892764227767,7333.945710574741,7596.592016601564,7859.238322628387,6.914845642699703,0.24604049496094976,7335.6412248666675,7603.427563882294,7871.21390289792,7314.936058457116,7674.388148216846,8033.840237976577,4.637875665206418,0.18762669418193362,7185.741546484644,7596.592016601564,8006.843001629705,-1482560.0,26.962833440830913,0.05615469029025381,-768618.9836447089,-2023.4702235478908,-1880367.8431031515,7469.5079342681975,-823827.6653601072,993.9834606408539,-10.130587426498582,-2.041779300771461,-8.088808125727121,1.2286298684361165,-1.015838020156201,131.32315301341168,17245.770517383935,7582.277099609375,7582.277099609375,0.48868145376359967,-1.0097526045640433,0.8308843296830133,17245.770517383935,7422.157205636161,-26.3452392578125,3.3078772688699227,169.04054361979166,-0.007049059196453933,-0.001820279453026652,-0.06594475629979313,-0.15163788841098425,,,-0.0070740211891088985,-0.024598832130212855,-0.050376962286472704,-0.05987659117630462,0.2609824749244012
2026-01-06 00:00:00+05:30,7428.191478402188,7486.520426014297,7363.543561465432,7381.5283203125,160627,0.0,0.0,7575.5449951171895,7843.36197265625,,,7582.294302589933,7843.131568604711,,,7517.964822823661,7707.054981234681,7411.8285748986,7602.664418893434,7403.683717091362,7449.233150982396,7434.560477860356,7438.778155616213,7640.3949932302985,7420.198862407633,7321.338424137419,7581.116711251719,7859.158094276072,7614.275335189118,7467.995136997069,7422.358642578125,7511.55322265625,7536.586062286848,33.36804030017804,-126.14165838822555,1.9654221230110522,-128.1070805112366,20.15300009506777,24.80676079247742,-4.653760697409648,67.82954910518315,72.32730681049006,-94.80336947232716,-3.403090309797755,-5.394964634590814,-260.0498046875,2230.9064933555856,-271.9930742095512,46.20159087043205,-1.9809261394940674,-1.7597838098315641,-0.22310402529861495,-0.21545989615177186,-5.71972982116518,-32.476207702416104,-155.4530722512818,-1385.255977374406,-1247.7421430347779,-188.51603190104163,0,1,0,-188.51603190104163,1,0,0,0,0,140.83191943835192,122.9768645488657,7314.907209889563,7575.5449951171895,7836.182780344816,6.881030616163464,0.1278040142275491,7316.587259756963,7582.294302589933,7848.001345422903,7314.936058457116,7602.935182294493,7890.93430613187,4.552438496568237,0.17426073389154503,7195.279850129166,7575.5449951171895,7953.556169656212,-1643187.0,25.943286150125832,0.017003850393402447,-882264.1733680262,-37117.260542875854,-3485587.3439628575,7410.530769264075,-999582.351606293,993.9834606408539,-3.264159038592043,3.8597192697080627,-7.123878308300106,1.729105666551843,-1.4887839430898022,130.31889261381332,16983.01377209061,7562.834228515625,7562.834228515625,0.5499346706590398,-0.6219536073194812,0.8315175150455791,16983.01377209061,7402.804478236607,-21.047021484375,3.3055054853061288,171.28405164930555,-0.010941789751796716,-0.004392564916896102,-0.05394964634590815,-0.1719142221196308,,,-0.011002091408757254,-0.024598832130212855,-0.050376962286472704,-0.05987659117630462,0.2609824749244012
2026-01-07 00:00:00+05:30,7371.320632462147,7622.62117759785,7343.128308249631,7614.35791015625,123199,0.0,0.0,7564.389575195314,7829.163837890625,,,7585.347979501011,7834.1600525871245,,,7521.66129092262,7698.074429764093,7433.87993355697,7594.503295318216,7443.69915521702,7447.867552220867,7440.934453019311,7425.190611057524,7640.235060319128,7443.365749023573,7323.565367829334,7572.784872546804,7835.488265995321,7614.281233145204,7477.016892539271,7497.943115234375,7511.55322265625,7526.378435678947,47.35970021292781,-108.47902904596958,15.702441172213625,-124.18147021818321,33.88457120254356,26.54115591690664,7.343415285636922,70.40823128453818,71.33159676044845,-25.994703056553426,0.19828642235971766,-2.846690367177241,15.068359375,1645.284058365627,-249.00029466161232,59.597175884801906,-1.6150267798205005,-1.9809261394940674,-0.2209135674118956,-0.21730554325580304,-4.3580016396856385,90.0015043897738,-189.49136495844505,-1378.2254283992543,-1321.7738117258223,-125.7314453125,1,0,0,-125.7314453125,1,1,0,0,0,150.7362730033424,279.49286934821885,7333.5594660046645,7564.389575195314,7795.219684385964,6.103073007968116,0.6082361723436727,7291.709632300092,7585.347979501011,7878.986326701929,7314.936058457116,7602.935182294493,7890.93430613187,4.245128360696521,0.21066295552047953,7166.893001387113,7564.389575195314,7952.997088257828,-1519988.0,34.28674766271477,0.04504741355656303,-766349.9838028096,-11217.727126134327,1110121.2250547153,7526.702465334576,-610985.6898522974,997.1376799263513,-1.1123057071165532,4.809258080946843,-5.921563788063396,1.296165759062713,0.4329446893746898,115.41505459532505,13320.63482724186,7562.834228515625,7562.834228515625,0.43365083235322766,-0.5823709009674204,0.7019171187912353,13320.63482724186,7436.204722377232,-11.155419921875,3.3093896166043333,166.70523546006942,0.03154219285497417,0.01892806830923144,-0.028466903671772403,-0.13666190067191553,,,0.031054957060009675,-0.024598832130212855,-0.050376962286472704,-0.05987659117630462,0.2609824749244012
2026-01-08 00:00:00+05:30,7614.844130195816,7649.841498852404,7359.168909176858,7382.50048828125,151580,0.0,0.0,7550.973925781251,7812.128300781251,,,7566.029170813414,7816.447912810424,,,7504.338520740328,7680.55821997549,7411.507730908599,7569.171913688172,7417.629194065087,7420.966143833584,7437.026671105586,7410.832006943252,7630.575167662463,7420.625884161209,7303.097750003919,7555.1220366261405,7811.270239164722,7595.546348009173,7471.671902545773,7498.42919921875,7511.55322265625,7526.378435678947,38.654901424292255,-111.90030718612798,9.824930425644183,-121.72523761177216,29.981556783489225,28.006376027033518,1.975180756455707,61.27059621848408,66.50279220273512,-89.25725712065174,-2.41583300319834,-3.506986402206771,-182.76416015625,1165.6247559210333,-220.62355022525298,51.64214242554475,-0.8489163925101303,-1.6150267798205005,-0.21956939552248977,-0.21871006999825754,-4.022982350685487,138.66742349101605,-152.00516618453003,-1334.0981957052568,-1358.70076352989,-119.81746419270831,0,1,0,-119.81746419270831,1,0,0,0,0,160.7317241942141,290.6725896755461,7310.313860677628,7550.973925781251,7791.633990884873,6.374278800829599,0.149976331911445,7244.990172931526,7566.029170813414,7887.068168695301,7314.936058457116,7563.806233347809,7812.6764082385025,3.945568623987091,0.22150394274457766,7152.864683445122,7550.973925781251,7942.371293820482,-1671568.0,33.484592505055396,0.02074387713191935,-893596.0707593311,-40090.06138489372,-4069174.3796406006,7463.836965436837,-1072547.234798,997.1376799263513,2.638935190389122,6.848399182762014,-4.209463992372893,1.4464651399801898,-1.400094672354218,120.33003255181137,14479.316733919984,7538.287353515625,7538.287353515625,0.5322658609979838,-0.4881164307492422,0.7309651933862921,14479.316733919984,7411.067710658482,-13.4156494140625,3.3085510591107345,163.586796875,-0.03045002935385288,-0.01216260856543483,-0.03506986402206769,-0.16149431355980892,,,-0.030923262929259957,-0.024598832130212855,-0.050376962286472704,-0.05987659117630462,0.2609824749244012
2026-01-09 00:00:00+05:30,7382.500310160621,7431.593840008278,7311.533425430343,7385.90283203125,123509,0.0,0.0,7531.1663818359375,7794.050341796876,,,7548.874281405589,7799.563791995554,,,7488.617464192709,7663.843495710784,7393.5480786941525,7545.762892448123,7398.358426629746,7397.100091591093,7428.543143770291,7395.9828271757915,7621.929983425116,7408.662165282761,7282.651246633668,7513.862774424403,7793.171381650597,7578.797879064285,7460.385781305533,7384.20166015625,7511.55322265625,7510.580994269303,38.83257052036391,-113.03416654453031,6.952856853793492,-119.9870233983238,34.47645160187191,32.7808598626349,1.6955917392370097,62.702804757032226,64.79387742001815,-81.31868501717912,-2.308090691718721,-5.0905698369759245,-174.5009765625,1191.1877338460326,-223.64580599964665,50.197435381903816,-0.7987318581356682,-0.8489163925101303,-0.21858350861393427,-0.2196637201690573,-4.048948974666627,-61.68434344880552,-181.74475802673987,-1316.378954286714,-1354.3803633116904,-110.01497395833333,0,1,0,-110.01497395833333,1,0,0,0,0,157.82663065019415,120.06041457793435,7305.866188696799,7531.1663818359375,7756.466574975076,5.983142098215464,0.17762222530591132,7235.541775783322,7548.874281405589,7862.206787027855,7311.533425430343,7555.78605076102,7800.038676091696,3.8357743371615776,0.21039230651100632,7188.922612703258,7531.1663818359375,7884.009239277753,-1548059.0,25.698680331276996,-0.08101904420335926,-864093.9209617605,-38869.8721565326,-3427832.3148035505,7376.34336582329,-1066855.1244502147,997.1837665301437,3.3954390733773137,6.083922452600165,-2.6884833792228515,1.1416156520276297,-1.2895110987763563,112.65009656956896,12690.044257133211,7506.935546875,7506.935546875,0.5524108109015907,-0.28911452867906734,0.7150766477354067,12690.044257133211,7403.51962890625,-19.8075439453125,3.307811402534026,159.8990983072917,0.0004608660379230578,-0.017331706285886983,-0.05090569836975922,-0.13795630446497686,,,0.00046075987178826054,-0.024598832130212855,-0.050376962286472704,-0.05987659117630462,0.2609824749244012
2026-01-12 00:00:00+05:30,7387.3610451613795,7391.735716131669,7246.885499559877,7372.77880859375,85550,0.0,0.0,7511.431738281251,7776.60974609375,,,7532.103283994937,7782.8271259797975,,,7473.532933407739,7647.323043428309,7376.396293408286,7522.898876713205,7380.403990605771,7374.178928120394,7416.544890147286,7380.838724785286,7616.709413270125,7401.309806907617,7269.335074890681,7495.186189965493,7780.042263750666,7562.367186555216,7437.712009388108,7379.3408203125,7493.568359375,7461.487414802885,38.37092588419716,-113.68130988821213,5.044570808089347,-118.72588069630147,19.58529371131673,28.014434032225953,-8.429140320909223,43.2472881269918,55.740229700836025,-70.66817672821895,-1.3912373720684377,-5.081355779202909,-104.02001953125,876.0253772340066,-235.30307210167757,53.59272345056255,-1.0464077846856628,-0.7987318581356682,-0.2178402918793676,-0.2200914912244229,-4.233035659972008,-84.32827091636773,-229.1784874881596,-1339.7428824794615,-1336.4871018104427,-126.37947591145831,1,0,0,-126.37947591145831,1,1,0,0,0,156.89974393030826,144.85021657179186,7304.922838345219,7511.431738281251,7717.940638217282,5.498522974883197,0.16429308923138436,7221.021451942068,7532.103283994937,7843.185116047805,7246.885499559877,7516.899990928059,7786.914482296243,3.751423454446614,0.21039709769813836,7166.065383191399,7511.431738281251,7865.283642077843,-1633609.0,19.918472409229118,-0.07336025921925869,-800936.202840955,-14741.441510443925,-3098536.29912849,7337.133341428433,-1082056.5186549816,997.0060763582586,1.2015815251236286,3.1120519234771846,-1.9104703983535558,0.8187574410743476,-1.3428276430744617,103.25444996801578,10661.481438197474,7487.24951171875,7487.24951171875,0.45055800098313264,-0.393623003723071,0.6939935973358295,10661.481438197474,7397.735323660714,-19.7346435546875,3.308366913663178,157.32615234375007,-0.0017769017188505876,-0.012114145397615905,-0.05081355779202912,-0.12052286176190252,,,-0.0017784822813234407,-0.024598832130212855,-0.050376962286472704,-0.05987659117630462,0.2609824749244012
2026-01-13 00:00:00+05:30,7397.568768634122,7490.89508465868,7370.834667689587,7481.65966796875,105308,0.0,0.0,7498.234814453125,7763.213535156249,,,7527.299130087681,7771.016637430345,,,7470.697498139882,7635.756373697916,7382.074761259861,7509.934320705125,7395.185049839384,7365.93771704786,7412.150455496651,7369.172112162022,7614.96285846905,7409.795461458081,7263.708327928057,7488.27933859912,7766.343787592064,7556.349560368929,7424.02065958547,7427.21923828125,7493.568359375,7448.36349920614,44.288278611687815,-104.20716492370957,11.614972618073523,-115.82213754178309,35.42537234886538,29.82903922068467,5.59633312818071,55.44030349754699,53.79679879385701,-41.7370212080058,0.9112973487274523,-3.407593211492036,67.564453125,-134.49162098732268,-219.91881504131925,55.56604069424931,-0.8483173286118282,-1.0464077846856628,-0.21542550497831714,-0.21986902118015855,-3.6340944919618416,14.031714621970423,-106.02870234712282,-1365.050819431434,-1335.2321147781736,-133.75162760416666,1,0,0,-133.75162760416666,1,1,0,0,0,154.26836343307863,120.06041696909324,7323.434211232501,7498.234814453125,7673.035417673749,4.662446763702022,0.45258841737675554,7222.975488331449,7527.299130087681,7831.622771843913,7246.885499559877,7491.8673086895415,7736.849117819206,3.5470176199537073,0.21913084911728056,7144.472068832663,7498.234814453125,7855.113079967134,-1528301.0,27.322494407460944,-0.024192212070467983,-711829.4336101852,24821.565010059625,-1017884.6079583489,7447.796473439005,-926538.1471327322,997.0060763582586,0.9027184952482844,2.250551114881472,-1.3478326196331878,1.041589188077133,-0.18964633049297772,87.4003016103121,7638.812721573524,7479.229248046875,7479.229248046875,0.12323617376081235,-1.2296527651201705,0.5966122800727488,7638.812721573524,7415.622865513393,-13.196923828125,3.312260768401515,148.72912434895832,0.0147679541461474,0.013565124092351999,-0.034075932114920326,-0.1115423130201535,,,0.01465996975221017,-0.024598832130212855,-0.050376962286472704,-0.05987659117630462,0.2609824749244012
2026-01-14 00:00:00+05:30,7486.034155503606,7486.034155503606,7300.839751682628,7321.2548828125,100564,0.0,0.0,7483.774072265625,7746.181474609375,,,7507.675868442426,7753.378921562979,,,7453.842266555061,7618.424661841299,7358.528012300119,7485.589086326964,7366.8398801113435,7340.794929734124,7399.202991303943,7356.323730467698,7607.171017222718,7386.873349057311,7253.041189149016,7473.342830282496,7745.797437710735,7537.294039862777,7406.300314552945,7401.457275390625,7467.806396484375,7448.36349920614,38.433596676130506,-108.3926790531741,5.943566790887203,-114.33624584406131,35.35025279743532,30.120306285872473,5.229946511562844,54.57675503392343,51.08811555282074,-81.5440436714693,-2.0294004646993176,-3.800223299497082,-151.6552734375,-595.2462246535897,-222.2877211784289,51.395110550872865,-0.7078192654608995,-0.8483173286118282,-0.214040346509492,-0.21919363621834367,-3.7336186941008513,31.400569356068445,-153.7938344649092,-1342.9997326453379,-1344.827681792307,-148.41487630208331,1,0,0,-148.41487630208331,1,1,0,0,0,156.47736631792858,185.19440382097764,7300.424879323248,7483.774072265625,7667.1232652080025,4.89991256208167,0.05680418646783526,7197.060306125649,7507.675868442426,7818.291430759203,7246.885499559877,7478.257031334069,7709.628563108263,3.408877202298342,0.2234762346839404,7129.498404991324,7483.774072265625,7844.271047113658,-1628865.0,26.493169795198423,-0.036754662970673035,-790221.8430590031,13806.88603381801,-3176893.49460046,7369.376263332911,-1142144.6773724675,994.8621030652339,0.3040117589146073,1.321475502838236,-1.0174637439236287,0.9510992154878493,-1.7727832541286581,91.67459647118862,8404.231638155268,7475.09765625,7475.09765625,0.10911521333441349,-0.9108306394836861,0.6105020504363542,8404.231638155268,7393.978655133928,-14.4607421875,3.3106471682046927,147.49881293402777,-0.021439732930246924,-0.038493466002274546,-0.03800223299497085,-0.12900630506182498,,,-0.02167290276034826,-0.024598832130212855,-0.050376962286472704,-0.05987659117630462,0.2609824749244012
2026-01-15 00:00:00+05:30,7321.2548828125,7321.2548828125,7321.2548828125,7321.2548828125,0,0.0,0.0,7474.951806640625,7730.743740234375,,,7489.921488858624,7736.432880827666,,,7438.364248511905,7601.760873927696,7338.914704154049,7462.863117639528,7344.753077760247,7318.1938991551515,7380.199662177015,7342.953049829306,7599.551653475632,7362.060541260187,7237.645693679937,7472.3038185407695,7740.059096908425,7519.959027181946,7388.860955632755,7321.2548828125,7467.806396484375,7448.36349920614,38.43359667613051,-110.43668380927011,3.1196496278329704,-113.55633343710308,31.724963816351867,34.16686298755086,-2.4418991711989904,54.7124011843424,54.909819905270936,-81.5440436714693,-2.0357758601539473,-2.3533257919583415,-152.1416015625,-195.7821687901578,-239.93798269017498,53.464322047350024,-0.9141894609575725,-0.7078192654608995,-0.21320348356073104,-0.21829184933460274,-3.988013790459478,-114.32460285860361,-114.32460285860361,-1315.2464547665152,-1345.1817402332533,-165.34643554687497,1,0,0,-165.34643554687497,1,1,0,0,0,145.30041158093368,2.220446049250313e-16,7277.952045087378,7474.951806640625,7671.951568193873,5.270930613311409,0.1099058125342393,7208.888361048206,7489.921488858624,7770.954616669042,7246.885499559877,7478.257031334069,7709.628563108263,3.433102819277866,0.21818591904703155,7141.48755857983,7474.951806640625,7809.110967707331,-1628865.0,28.246919289609757,-0.015454844282307607,-790221.8430590031,8045.709540462936,-2723051.5668003946,,-1142144.6773724675,994.8621030652339,-8.337564638776495,-5.8560807158822925,-2.4814839228942023,0.0,-1.5603767498630456,98.49988077662357,9702.226513009058,7473.1533203125,7473.1533203125,0.12452723813830686,-1.0427655900675183,0.6928707639234225,9702.226513009058,7365.189132254464,-8.822265625,3.3093441413216027,145.36440863715276,0.0,-0.008296051665146464,-0.023533257919583384,-0.10922378893317375,,,0.0,-0.024598832130212855,-0.050376962286472704,-0.05987659117630462,0.2609824749244012
2026-01-16 00:00:00+05:30,7373.264886428216,7787.886479685732,7336.323220440442,7737.82080078125,381617,0.0,0.0,7489.388208007812,7725.824658203125,,,7513.530947136969,7736.48730906114,,,7463.399390811012,7602.038405713848,7398.266699418,7473.698065673326,7435.887523286774,7345.059904192568,7402.79612892316,7341.034024414905,7603.410062338546,7424.002645589574,7256.09762419739,7520.014826711673,7736.477820136921,7533.8406495430945,7418.784711241135,7529.537841796875,7529.537841796875,7517.385989622804,55.96591258376573,-77.54924469122034,28.805670996706198,-106.35491568792654,42.55254832247012,36.54258831208577,6.009960010384354,61.36025904075703,56.88313841967428,-9.25426768965102,2.948973690710355,3.876015994502267,221.64990234375,861.8810325588065,-190.46416960652186,58.5227277981895,-0.4675790809858344,-0.9141894609575725,-0.20628127719349854,-0.2165512667742601,-2.0307003205731413,309.1296632846079,-142.4335959606824,-1281.8391534248938,-1327.2303912800055,-78.01505533854166,0,1,0,-78.01505533854166,1,0,0,0,0,168.25263910181218,466.6315968732324,7260.613196241696,7489.388208007812,7718.163219773928,6.109311078881054,1.0429626925938449,7170.380670189786,7513.530947136969,7856.681224084153,7246.885499559877,7517.385989622804,7787.886479685732,3.2052392288194773,0.29508867742525013,7111.403596265207,7489.388208007812,7851.2090750310845,-1247248.0,47.462980178349156,0.13345314004061895,-493226.0508092717,99456.09764169017,20375760.930954013,7620.676833635808,1029185.7634059007,994.8621030652339,13.109181831531341,12.472532603540435,0.6366492279909066,2.8563034971692716,2.17185077037538,114.3875058830581,13084.50150214665,7475.09765625,7475.09765625,0.3668686787578092,-0.5123686922422599,0.4881139794636405,13084.50150214665,7411.4217564174105,14.4364013671875,3.3170030726210413,136.92614800347226,0.05689815812131971,0.04764725135887238,0.03876015994502269,-0.062362575106280405,,,0.05533835231362137,-0.024598832130212855,-0.050376962286472704,-0.05987659117630462,0.2609824749244012
2026-01-19 00:00:00+05:30,7743.167717047295,7799.066291275822,7666.854011361393,7767.95751953125,148585,0.0,0.0,7497.505639648438,7724.152558593751,,,7537.762049269758,7737.721434961928,,,7489.929801432292,7603.690674785539,7455.398727072737,7486.423380905765,7519.204119378627,7373.870407664466,7457.054239803166,7350.423608007055,7610.530137370018,7493.563033509615,7277.0473995046,7532.615500349245,7735.421977584087,7548.636605377045,7489.611424510087,7752.88916015625,7544.606201171875,7522.975895417849,56.921677751647344,-48.494911753246924,46.288003147743694,-94.78291490099062,67.85596225779648,47.37782479887282,20.478137458923655,80.68012952037851,65.58426324849265,-5.633801865490229,4.083623717999758,2.134590868799477,304.7685546875,1848.8830811876614,-102.14440149668917,67.59458569681792,0.10117632233264559,-0.4675790809858344,-0.19448422213002026,-0.21337128864441623,-0.056725261700816786,278.99508871324997,146.78280879882095,-1218.0333041178021,-1292.5340421909927,6.642903645833336,0,1,0,6.642903645833336,1,0,0,0,0,165.6783277312848,132.21227991442902,7241.470572241608,7497.505639648438,7753.540707055267,6.829873286199626,1.0281539802769963,7202.109459667176,7537.762049269758,7873.414638872339,7246.885499559877,7522.975895417849,7799.066291275822,2.945614667585366,0.2867162025855046,7129.800339941484,7497.505639648438,7853.200800603677,-1098663.0,56.35313291223662,0.1290527287457314,-414563.4037504484,152838.81705257308,18104632.848741833,7744.625940722821,1087055.6013196534,995.2515760127976,12.81152623947901,9.739901609190483,3.071624630288527,1.076282524434297,2.1126159211079854,128.01753370341476,16388.48893550493,7475.09765625,7475.09765625,0.6088562943906177,-0.2630829598281015,0.2489409894344218,16388.48893550493,7474.778125,8.117431640625,3.325597231684312,129.27965494791667,0.003894729475637071,0.0535996971015702,0.021345908687994797,-0.04894700595544832,,,0.003887164652391121,-0.024598832130212855,-0.050376962286472704,-0.05987659117630462,0.2609824749244012
2026-01-20 00:00:00+05:30,7752.889263116514,7784.970184205272,7576.930271690296,7607.06689453125,167450,0.0,0.0,7495.780078125,7717.318349609375,,,7544.362510723233,7732.597727494059,,,7500.3642066592265,7599.099080116422,7475.81516052669,7486.231721323909,7546.044013946737,7382.831224413929,7514.04985336766,7364.429034222613,7610.436403659588,7503.678542595008,7289.855896092656,7534.284444570449,7728.627368485465,7552.683436985513,7567.822736965277,7687.51220703125,7544.606201171875,7522.975895417849,50.60646924710615,-38.01347669639381,45.415550563677456,-83.42902726007127,83.44693977050238,64.61848345025632,18.82845632024606,91.06265643321083,77.70101499811545,-34.77111113335155,3.055445490849268,-0.4516243883687311,225.53857421875,1790.587661966436,-45.55816811276236,61.42228385768213,0.5522322053047126,0.10117632233264559,-0.18173210361750458,-0.2090177926672617,0.9067683886002943,252.47102564717352,44.431113132197424,-1174.6758188461915,-1248.2778647830164,53.873209635416664,0,1,0,53.873209635416664,1,0,0,0,0,168.7041552158342,208.0399125149761,7243.394188929281,7495.780078125,7748.165967320719,6.734079350386994,0.7204695689622134,7201.050184413283,7544.362510723233,7887.6748370331825,7246.885499559877,7522.975895417849,7799.066291275822,2.802830718608898,0.29665313116965686,7119.619865170042,7495.780078125,7866.594942322884,-1266113.0,49.542914838392846,0.07947322792633019,-533499.8523485796,122939.34888920409,11669523.133743001,7656.322450142273,740231.6763881517,995.2515760127976,13.476232862993912,8.323686586164307,5.152546276829605,1.206966891121423,0.8818782758488529,126.19294459785954,15924.659266278448,7475.09765625,7475.09765625,0.6324792461447324,-0.10995200681160815,0.10668403184408856,15924.659266278448,7509.532463727678,-1.7255615234375,3.331078392559568,122.766259765625,-0.02071208867909835,0.016761952845757877,-0.004516243883687321,-0.07223367129503522,,,-0.02092959253570228,-0.024598832130212855,-0.050376962286472704,-0.05987659117630462,0.2609824749244012
2026-01-21 00:00:00+05:30,7534.156032250806,7588.596385516103,7328.546483757768,7459.78662109375,161634,0.0,0.0,7488.804931640626,7706.265019531251,,,7536.307664091853,7721.899252733262,,,7496.936258370536,7588.99979664522,7467.000914580876,7474.915731838823,7529.85423020024,7374.976857915701,7547.7700973603205,7377.664913119394,7607.581663942488,7506.85894367227,7295.033039260591,7526.4358425074,7717.338457289588,7545.711197427934,7605.205462228473,7533.4267578125,7544.606201171875,7522.975895417849,45.61719781256577,-41.117177861150594,33.84947951913654,-74.96665738028713,66.050500904269,72.45113431085595,-6.400633406586948,75.06444814178283,82.26907803179073,-61.44358428835122,-2.0299976818311674,-1.835736469248738,-154.5712890625,1161.5271701644733,-19.836155003797103,57.04862556428499,0.481644209497216,0.5522322053047126,-0.1706979931823005,-0.2035876368516851,1.1770343344854262,66.484732310053,-193.56516944828127,-1179.8116268690646,-1207.8448377036575,66.43017578125,0,1,0,66.43017578125,1,0,0,0,0,176.54817346995188,278.5204107734817,7240.791014073081,7488.804931640626,7736.818849208171,6.623591342850234,0.4414986246911467,7172.640242997426,7536.307664091853,7899.975085186281,7246.885499559877,7522.975895417849,7799.066291275822,2.8206774160801524,0.3040562874758326,7097.12854089264,7488.804931640626,7874.847837547359,-1427747.0,44.00293985161626,0.08326206244679138,-531989.254217738,100012.08869225683,6601662.726523019,7458.976496789207,427292.40496001765,993.3154779676578,13.452680298661107,6.640107217465202,6.8125730811959055,1.13363964154785,-0.23400550123541286,124.00695878377267,15377.725826800295,7473.1533203125,7473.1533203125,0.8187818283677092,0.3052608073181773,0.04022560940032991,15377.725826800295,7513.198911830357,-6.975146484375,3.327470307281486,115.35955078125001,-0.019360980451398446,0.018921857044817525,-0.018357364692487388,-0.10385037764338934,,,-0.019550859052890276,-0.024598832130212855,-0.050376962286472704,-0.05987659117630462,0.2609824749244012
2026-01-22 00:00:00+05:30,7626.509769705862,7790.316894778575,7622.621173264966,7677.0615234375,326204,0.0,0.0,7494.394775390626,7696.60185546875,,,7549.7127935533435,7720.1409104079385,,,7514.865457589286,7587.8545615042885,7499.135137318093,7481.153630059539,7572.94779298508,7392.816590148223,7581.872680833163,7395.800416549883,7610.516223311586,7550.798112355267,7318.9544994243915,7544.195070798887,7707.3532901487415,7554.467560316993,7615.937590681509,7568.424072265625,7544.606201171875,7522.975895417849,52.98176283381682,-25.747809893168778,39.37507798969469,-65.12288788286347,60.563409390196604,70.02028335498932,-9.456873964792713,69.48864281100897,78.53858246200087,-22.095076407707392,3.9899900531510557,1.4777655534243614,294.56103515625,1914.3950331476099,63.3398048978579,56.546106462913905,0.692806840899618,0.481644209497216,-0.15774683304571324,-0.19682800623299387,1.8324214923914945,246.06954582517574,78.37382431156675,-1247.5615257426782,-1195.7616202151653,141.60970052083331,0,1,0,141.60970052083331,1,0,0,0,0,187.5468949138714,330.53027368482526,7234.376023148434,7494.394775390626,7754.413527632818,6.939019361403716,0.8512568737287279,7157.722217575561,7549.7127935533435,7941.703369531126,7246.885499559877,7522.975895417849,7799.066291275822,2.725313589853428,0.32124830137368404,7092.694760319133,7494.394775390626,7891.193743442782,-1101543.0,51.28321715082612,0.043491274579562256,-646397.0339278856,45138.27155007166,15783702.657611247,7696.66653049368,1377399.2356799133,993.3154779676578,21.33161944310985,11.615237089531156,9.716382353578695,2.038238688445103,1.405027494914914,130.0093761210958,16902.43787939656,7473.1533203125,7473.1533203125,0.7327765457905828,-0.2190020719037968,-0.09077895538842146,16902.43787939656,7555.806821986607,5.58984375,3.333883410973355,116.29281467013892,0.029126155127463083,0.0485991331158675,0.014777655534243594,-0.0676702759757587,,,0.02871004907232313,-0.024598832130212855,-0.050376962286472704,-0.05987659117630462,0.2609824749244012
2026-01-23 00:00:00+05:30,7662.965496172553,7819.967580236222,7626.509903897707,7734.41845703125,174884,0.0,0.0,7503.0955078125,7689.845419921874,,,7567.303809122668,7720.700814197088,,,7537.724855840775,7589.337565487132,7537.458753282069,7491.62353083624,7622.999699242599,7416.272058223212,7622.114972478693,7419.077568313081,7616.759808462509,7602.727635508932,7340.2985593427975,7555.833362580463,7704.691142212461,7566.166075998318,7621.876052793466,7705.739990234375,7544.606201171875,7533.42653989805,54.72480113674867,-8.837378065839403,45.02840785361926,-53.86578591945866,67.17781291031801,64.5972410682612,2.5805718420568127,75.31694554928463,73.29001216735881,-14.927900572987307,4.718659762061238,2.3016581236005047,348.515625,2633.446496138302,103.40096369172079,59.66920796580139,1.0367120188892711,0.692806840899618,-0.14275307293666328,-0.18848498190602672,3.3543516310067605,248.5529301288434,55.09525379032857,-1337.3951115645152,-1227.8028726056987,177.09318033854166,0,1,0,177.09318033854166,1,0,0,0,0,187.9690935870602,193.45767633851483,7222.912695274196,7503.0955078125,7783.278320350803,7.468459177857109,0.9128071724369713,7175.796587744958,7567.303809122668,7958.811030500378,7246.885499559877,7533.42653989805,7819.967580236222,2.6554447954395357,0.32207009356825284,7086.510886130782,7503.0955078125,7915.389529375579,-926659.0,57.60480975957004,0.037573706219828924,-626184.3103097948,25017.73372947285,14961860.845753837,7726.965313721726,1508058.732728179,994.0625988995228,19.541025126404712,7.859714218260812,11.6813109081439,1.058750596320611,1.651228689747884,140.0914062691519,19625.60211046857,7473.1533203125,7473.1533203125,0.6663828707230284,-0.6938181509839136,-0.21347838675239425,19625.60211046857,7606.983551897321,8.700732421875,3.3403039652190976,114.59911675347225,0.007471209318649308,-0.0004397030943978919,0.02301658123600503,-0.06699585899276639,,,0.007443438071728342,-0.024598832130212855,-0.050376962286472704,-0.05987659117630462,0.2609824749244012
2026-01-27 00:00:00+05:30,7756.777852584682,7864.200330678505,7704.281799941548,7783.02587890625,133152,0.0,0.0,7518.406860351562,7685.616572265624,,,7587.848768149675,7723.144934381762,,,7564.384891183036,7592.991701133578,7579.43439484214,7505.399346232105,7676.218249193487,7443.890148336222,7672.267513950891,7446.566321953361,7626.973881622886,7648.600440683676,7363.207385753374,7570.386230564831,7703.021211522961,7580.000484776806,7651.697664588611,7758.72216796875,7552.140380859375,7555.542915119191,56.20647241645529,8.389761755467589,49.804438139941006,-41.41467638447342,83.27580655322585,70.33900961791349,12.936796935312358,90.03002114042755,78.27853650024038,-13.149603359627726,5.564348001791588,4.095697340810283,410.2470703125,3477.279388730669,115.49421911224272,59.51944336091932,1.4487568851832897,1.0367120188892711,-0.12583840173506777,-0.17853085932344348,5.066966137083602,262.55550502843107,102.63697429147396,-1389.944716884843,-1289.9449363947156,199.69563802083331,0,1,0,199.69563802083331,1,0,0,0,0,185.96548195491,159.9185307369571,7212.030007073912,7518.406860351562,7824.783713629211,8.150047183355628,0.9318521711476706,7203.167276286612,7587.848768149675,7972.530260012739,7246.885499559877,7555.542915119191,7864.200330678505,2.4948288691116023,0.31919364259402844,7101.206170046418,7518.406860351562,7929.841776424854,-793507.0,64.39559901660955,0.045460844586949045,-628207.8969359357,13868.39671914,13749048.644574719,7783.836003175435,1591738.9146766518,994.6910549643845,15.989184028510039,3.4462984962929113,12.542885532217127,0.7835245186824982,1.727408684590683,153.18842663882464,23466.69405607856,7473.1533203125,7473.1533203125,0.5324595651367664,-1.0890080617718814,-0.23837869633577635,23466.69405607856,7656.340952845982,15.3113525390625,3.3469558766544485,115.15215494791664,0.006284560648617488,0.0019398097037879314,0.04095697340810278,-0.056008906646275,,,0.0062648951470299094,-0.024598832130212855,-0.050376962286472704,-0.05987659117630462,0.2609824749244012
2026-01-28 00:00:00+05:30,7824.828168998634,7848.645822140697,7714.489245258873,7789.3447265625,83252,0.0,0.0,7537.169335937499,7680.289189453126,,,7607.038859427088,7725.7410046633595,,,7590.18849748884,7597.0594718903185,7616.788318542691,7519.028722790125,7720.788606576748,7470.53227790084,7725.445329790651,7476.278309146525,7634.364652619243,7706.584643505469,7387.371798168683,7585.256535116361,7700.526624355548,7593.4097882535225,7699.074048453415,7786.185302734375,7555.2998046875,7555.542915119191,56.40619915648072,22.295266422740497,50.96795424577113,-28.672687823030635,86.59883160697616,79.01748369017334,7.581347916802827,94.67957723011071,86.67551463994096,-12.126001246456452,4.112524122301939,5.061298794321706,307.68505859375,3917.612583699138,135.54620458400495,53.06515470811843,1.8685436770471475,1.4487568851832897,-0.10781357258774493,-0.16672788444324935,5.952426689780453,220.1867249317047,86.03014804988015,-1421.3833997567358,-1353.9374303996883,217.84244791666663,0,1,0,217.84244791666663,1,0,0,0,0,182.26484587826104,134.15657688182455,7212.2878238615385,7537.169335937499,7862.05084801346,8.620783150695951,0.8881036335580079,7233.440066430636,7607.038859427088,7980.63765242354,7246.885499559877,7555.542915119191,7864.200330678505,2.4930117793708044,0.31686668637128856,7115.404753383582,7537.169335937499,7949.265661048978,-710255.0,63.78523262301195,0.07909803228079512,-618555.4911388332,11117.760994069162,11860049.796075206,7784.15993132069,1598497.9401927285,994.7722425096216,10.49434795855083,-1.6388300589330385,12.133178017483868,0.4963328885820542,1.55241453423203,162.44075603798066,26386.99922219075,7477.528076171875,7477.528076171875,0.3465798131342182,-1.362467025772215,-0.17230950053604002,26386.99922219075,7696.226820591518,18.7624755859375,3.3504141134664436,116.70758897569443,0.0008118754523707139,0.02396164442333082,0.050612987943217114,-0.04442456130451444,,,0.0008115460597674219,-0.024598832130212855,-0.050376962286472704,-0.05987659117630462,0.2609824749244012
2026-01-29 00:00:00+05:30,7796.635964912281,7796.635964912281,7537.072149122808,7619.21875,128041,0.0,0.0,7544.484765624999,7673.67857421875,,,7608.19884900546,7721.563661343228,,,7598.002727399554,7594.664552696078,7618.069302585723,7518.944217529995,7712.2742724655145,7476.281928615585,7753.830569978523,7502.978772964263,7633.71233846171,7726.641593379948,7398.579682615499,7589.0374327588615,7696.300440303803,7595.228433867096,7721.457652345027,7704.28173828125,7555.2998046875,7555.542915119191,49.81849191913647,19.364512502680554,38.429760260568955,-19.0652477578884,78.34645487456818,82.74036434492339,-4.3939094703552115,85.02509975082202,89.91156604045342,-39.68503077021126,4.06984693139157,1.9578529741540407,297.9638671875,3903.1112154026337,179.7188761567677,50.652601295865885,1.6902437592271378,1.8685436770471475,-0.09200987341581035,-0.1532619277604804,6.138581666712658,169.4969173045729,-90.06689848490078,-1435.8375599566218,-1399.3148174673825,243.76643880208331,0,1,0,243.76643880208331,1,0,0,0,0,187.7862008719191,259.56381578947367,7219.107077661819,7544.484765624999,7869.86245358818,8.625577440243545,0.614841900873451,7220.740166620199,7608.19884900546,7995.6575313907215,7246.885499559877,7555.542915119191,7864.200330678505,2.39474338878392,0.32773704644336604,7106.831762182185,7544.484765624999,7980.307747111912,-838296.0,64.38498523879316,0.05090568418839277,-665551.8132362122,-5971.579832995776,7053885.515916025,7650.97562134503,1318845.4029163085,994.7722425096216,8.278609152415985,-3.0836550920543058,11.36226424447029,0.7510533376270443,0.45936760349380407,162.68884398159034,26467.659956066247,7498.915283203125,7498.915283203125,0.2061097099835556,-1.435250175582544,-0.13751535653531538,26467.659956066247,7705.038650948661,7.3154296875,3.3526637964068726,117.01866536458334,-0.021840858574708077,0.02137221035993586,0.019578529741540507,-0.06774119484791896,,,-0.0220829008912389,-0.024598832130212855,-0.050376962286472704,-0.05987659117630462,0.2609824749244012
2026-01-30 00:00:00+05:30,7612.413956821088,7612.413956821088,7473.882702259181,7543.87744140625,100253,0.0,0.0,7548.008813476563,7662.537744140625,,,7602.073000662678,7714.595574286876,,,7597.944886997769,7589.5743121936275,7605.460976829923,7513.227162274922,7684.828946204625,7473.439876028973,7751.320306475749,7525.19598545593,7631.257236514806,7690.764687537216,7403.629541109744,7589.40248211696,7684.283058498201,7591.4596114879705,7703.332626341102,7581.548095703125,7555.2998046875,7555.542915119191,47.19001148551437,10.837526694554981,23.922219561954705,-13.084692867399724,65.43308525911918,76.79279058022117,-11.359705321101984,68.82367029688251,82.84278242593841,-51.88971220597474,3.0407704984617108,0.9430913665373973,222.62255859375,3706.497432203463,147.66232066654993,52.82943019219688,1.1212640198415678,1.6902437592271378,-0.0793316218508755,-0.13915641050018893,6.176058687777768,-2.8305756149848094,-141.3618301768911,-1451.9601046631249,-1426.0577901624472,254.70312499999994,0,1,0,254.70312499999994,1,0,0,0,0,184.7540470768405,145.33604774081869,7224.350778861507,7548.008813476563,7871.666848091619,8.575984544087492,0.4936176896160997,7223.832088458715,7602.073000662678,7980.313912866642,7246.885499559877,7555.542915119191,7864.200330678505,2.3758200996051606,0.33001847664911144,7102.308449656474,7548.008813476563,7992.918563775458,-938549.0,65.0085977961162,0.045832172114380045,-664496.5184993692,-12084.027315709041,4967160.126435276,7543.391366828839,1219711.9817837388,993.7834100444328,4.899052632403657,-5.170569289653307,10.069621922056964,0.5553961282430839,-0.025529241535601148,161.82901730752812,26188.63084272023,7530.024169921875,7530.024169921875,0.1417696358315974,-1.4120276033303503,-0.09720327551641378,26188.63084272023,7697.817034040178,3.5240478515625,3.3521224405833006,115.799169921875,-0.009888324651887714,-0.017348315058391628,0.009430913665374074,-0.06786785493166292,,,-0.009937538833392908,-0.024598832130212855,-0.050376962286472704,-0.05987659117630462,0.2609824749244012
2026-02-02 00:00:00+05:30,7631.370626207051,7631.85670076923,7424.788937281064,7519.08740234375,99623,0.0,0.0,7548.1546386718765,7650.1331152343755,,,7594.16961034659,7706.928587151851,,,7595.1904668898815,7583.94880859375,7590.084235640495,7506.090654638087,7655.1317476179165,7468.373330507886,7721.747738137513,7542.587003152523,7626.547255718568,7650.712553977123,7409.815675833383,7588.3579629667865,7671.652561183126,7586.088249707514,7653.595306793014,7531.482421875,7555.2998046875,7582.520041180567,46.3239504585402,2.0557822564842354,12.112380099107169,-10.056597842622933,49.055189951106826,64.27824336159806,-15.223053410491232,50.642605209678095,68.16379175246087,-61.25968717049351,-2.8268087885340476,0.03880305471575025,-218.7333984375,3651.174164761732,114.7836658642027,52.12153112085742,0.55244117286997,1.1212640198415678,-0.06957600698477284,-0.1252777199284948,5.935308671559752,30.348901203488822,-176.71886228467702,-1458.2965692168268,-1442.5458830355092,238.41967773437497,0,1,0,238.41967773437497,1,0,0,0,0,186.34788396336373,207.06776348816584,7224.554379775418,7548.1546386718765,7871.754897568335,8.574288005138087,0.45508774247083184,7212.5101634024,7594.16961034659,7975.82905729078,7246.885499559877,7555.542915119191,7864.200330678505,2.405282464701636,0.32966984356321927,7089.349599143913,7548.1546386718765,8010.8254481184595,-1038172.0,64.51612767505507,0.02705411367996444,-673383.0771848147,-16313.567475305521,3904757.52815546,7525.244346798015,1186974.7312026494,993.4547986737545,2.0634087866970234,-6.404970508287953,8.468379294984976,0.6540899415525666,-0.17964903011667252,161.80012944822928,26179.28188946375,7531.482421875,7531.482421875,0.1389529291867563,-1.4111680883987054,-0.09213925656328478,26179.28188946375,7689.262123325892,0.1458251953125,3.341633320784833,113.466015625,-0.0032861137067835555,-0.027840626400520874,0.00038803054715752516,-0.058203983163852,,,-0.003291524836073204,-0.024598832130212855,-0.050376962286472704,-0.05987659117630462,0.2609824749244012
2026-02-03 00:00:00+05:30,7699.42133696416,7792.261581620735,7588.11025829214,7608.525390625,87430,0.0,0.0,7555.421459960939,7643.4641796875,,,7595.536827515963,7703.069638268446,,,7600.940062313989,7582.317133118872,7593.077542125594,7506.400085553519,7653.401276628919,7474.166786097896,7689.06201846168,7557.630965063007,7626.0814668302155,7646.83363328585,7425.232926444083,7593.562282520317,7667.007688435294,7587.67208153226,7608.455493048977,7563.806396484375,7555.2998046875,7582.520041180567,49.89663600368129,2.286724770386172,9.874658090407285,-7.587933320021113,47.15557052861814,53.88128191294805,-6.725711384329905,50.740230431602555,56.73550197938771,-45.383889037677314,-2.052433068865067,1.9473770055384465,-159.43212890625,3872.0776097133275,97.72392674499315,46.87730035687389,0.4109302632628517,0.55244117286997,-0.06077217236371002,-0.11183772756696204,4.889539572187895,189.75126904652734,-14.400054282067686,-1469.3225414658482,-1454.278908197062,266.28800455729163,0,1,0,266.28800455729163,1,0,0,0,0,192.549762200051,273.17417927698534,7233.331023484935,7555.421459960939,7877.511896436942,8.526074638797681,0.5824363667004092,7198.192722323222,7595.536827515963,7992.880932708703,7246.885499559877,7555.542915119191,7864.200330678505,2.439950055147758,0.3310987606713979,7088.6884935350845,7555.421459960939,8033.61744143121,-950742.0,64.26238918981481,0.008897887275148869,-743327.0771848146,-38815.69140647631,4464015.4977660645,7662.965743512625,1290970.906496373,994.6442779748379,-1.0157004162577978,-7.587263768994219,6.571563352736421,0.598047913604205,0.3297454668016371,161.04521823800175,25935.562317325614,7575.47216796875,7575.47216796875,0.002067774154833759,-1.3923902773475596,-0.011903780858026517,25935.562317325614,7691.97726702009,7.2668212890625,3.3337894348611155,113.563232421875,0.011894793010834182,-0.022420648600717796,0.01947377005538442,-0.030953980099502454,,,0.011824605985652692,-0.024598832130212855,-0.050376962286472704,-0.05987659117630462,0.2609824749244012
2026-02-04 00:00:00+05:30,7475.8270786134435,7475.8270786134435,7257.57959107785,7308.13134765625,217399,0.0,0.0,7551.751611328126,7631.234550781251,,,7568.164877053133,7687.581862166007,,,7577.388623046876,7569.166825980392,7541.174711281191,7483.74442859638,7573.558722153251,7445.888392611953,7630.395244753618,7561.974652070412,7610.292631597722,7600.132913374698,7414.17879360559,7583.906621555744,7642.786007729928,7564.470055873533,7547.825885572105,7458.328369140625,7548.738037109375,7560.889960878178,40.21486439150181,-21.521454462900692,-11.146816914303663,-10.374637548597029,33.8965872622604,43.36911591399512,-9.47252865173472,38.10501973136938,46.49595179088334,-91.66666200504801,-3.9297084016693207,-0.9943330089823825,-298.935546875,3637.4751245348757,23.157317651776793,41.38575395083314,-0.03961304490154824,0.4109302632628517,-0.05744616651544021,-0.09925419127064423,2.877641329268056,-84.62909611534269,-302.8765836509365,-1520.4042217237163,-1471.2670912920316,127.91886393229166,0,1,0,127.91886393229166,1,0,0,0,0,203.86376486770095,350.9457995471503,7219.797301258262,7551.751611328126,7883.70592139799,8.791452027418657,0.13305151299194845,7141.816248631672,7568.164877053133,7994.513505474593,7246.885499559877,7555.542915119191,7864.200330678505,2.7606319849938963,0.3601700520786604,7074.084684966177,7551.751611328126,8042.831288608984,-1168141.0,60.99631817449328,0.0076739394170507475,-860015.6272961724,-81620.58155861683,-5503038.79439527,7347.179339115847,432652.62280068314,994.6442779748379,4.319540567882391,-1.8016182278832247,6.1211587957656155,1.4379458049358675,-1.467793948032208,165.9771550349317,27548.415993489754,7575.47216796875,7575.47216796875,-0.050554559980658484,-1.377030817865115,0.007176373952773209,27548.415993489754,7628.662646484375,-3.6698486328125,3.3236738943417965,117.36864800347225,-0.039481243413984846,-0.06177841600273004,-0.009943330089823843,-0.0805967972668753,,,-0.04028176902456288,-0.024598832130212855,-0.050376962286472704,-0.05987659117630462,0.2609824749244012
2026-02-05 00:00:00+05:30,7288.202004715496,7331.948715428075,7203.625030671179,7242.9970703125,92851,0.0,0.0,7533.183569335939,7618.917421875,,,7537.196514506406,7670.147164446262,,,7547.983428664435,7553.941826746323,7484.757846027611,7457.552371638825,7491.032829605657,7412.766952699814,7551.656592198491,7555.767940415799,7597.272754453103,7524.780504214013,7398.430513709292,7571.565468562292,7633.8390744443395,7537.151531184149,7475.410177824293,7275.564208984375,7516.1708984375,7533.912680674843,38.471740068020345,-45.125224368675845,-27.800469456063052,-17.324754912612793,22.969904714811893,34.674020835230145,-11.704116120418252,23.879000726331164,37.57475029643436,-94.039734812839,-2.906109273531264,-4.877113004478266,-216.78955078125,3868.1316308158152,-48.40714628220576,39.99700099422249,-0.5571730965013603,-0.03961304490154824,-0.059086054087431616,-0.08829188249750183,1.0886717882703032,-183.15615866981352,-311.4798434267095,-1581.1785128197882,-1503.1547680692906,-26.814860026041657,0,1,0,-26.814860026041657,1,0,0,0,0,198.46804485978632,128.323684756896,7175.432030105694,7533.183569335939,7890.935108566184,9.498017297400896,0.0944301181095992,7127.00991074282,7537.196514506406,7947.383118269992,7203.625030671179,7533.912680674843,7864.200330678505,3.174389879579903,0.3411783161682935,7081.817759972693,7533.183569335939,8012.772067467669,-1260992.0,58.64957510692824,-0.04515337782448009,-895889.8772961709,-103126.1542064359,-5580859.364573736,7259.523605470584,349898.461744395,993.7530203571894,1.1436821014269616,-3.9819813554709227,5.125663456897884,0.6434183893023924,-1.622279527561604,178.87576961512232,31996.540955402314,7531.482421875,7531.482421875,0.0036880527948743086,-1.383269483723971,-0.07679229641480136,31996.540955402314,7577.583147321428,-18.5680419921875,3.3157149025658033,123.17130316840279,-0.008912576176485776,-0.0493779863831183,-0.04877113004478262,-0.09603251871598317,,,-0.008952530759542577,-0.024598832130212855,-0.050376962286472704,-0.05987659117630462,0.2609824749244012
2026-02-06 00:00:00+05:30,7145.296232920911,7193.903690287721,6946.005657716994,7061.69140625,266523,0.0,0.0,7517.143115234376,7601.156259765626,,,7491.910313720082,7646.286154320918,,,7503.079413132441,7532.089826133578,7403.492574861165,7419.103127973738,7376.6174487069065,7362.057854023563,7442.180878716009,7536.40866463337,7499.062205706097,7416.607537666845,7367.402333330987,7535.626849090914,7600.566959017982,7493.0777703443455,7371.924703406674,7152.34423828125,7425.51806640625,7405.10299419775,34.047727599106196,-77.5670888141558,-48.1938671212344,-29.373221692921398,8.964288249425689,21.943593408832662,-12.979305159406973,3.2115604788755405,21.731860312192026,-87.40073843383593,-8.015698653825043,-4.345534179652169,-615.3701171875,4094.944131701604,-131.41583040434034,37.46999118944337,-1.0695679223697183,-0.5571730965013603,-0.06694966477310826,-0.07986928159044017,-2.0723674718622895,-256.42783126047016,-504.32586383119633,-1668.4102081630976,-1556.8163697859925,-158.78409830729166,0,1,0,-158.78409830729166,1,0,0,0,0,205.50542826948055,296.9914125955056,7106.139766872479,7517.143115234376,7928.146463596272,10.935094411837115,-0.054072990888801443,7064.219307915788,7491.910313720082,7919.601319524376,6946.005657716994,7405.10299419775,7864.200330678505,4.038572413154175,0.3355477211803852,7065.308730717426,7517.143115234376,7985.569398936199,-1527515.0,44.66228194285987,-0.006723577838019805,-913658.0772961718,-108202.30172541342,-11686755.098624587,7067.200251418239,-317258.0900784932,993.7530203571894,8.357735487072606,2.5856576241397775,5.772077862932829,1.9265683008917112,-2.2162919635552067,205.50167418094807,42230.93809117254,7531.482421875,7531.482421875,-0.4200606504317005,-0.5329758805852849,-0.022390706445241437,42230.93809117254,7474.952008928572,-16.0404541015625,3.2998997958778507,135.50029947916664,-0.025031856606104852,-0.06391753297974656,-0.04345534179652166,-0.13461994371752728,,,-0.025350481960237238,-0.024598832130212855,-0.050376962286472704,-0.05987659117630462,0.2609824749244012
2026-02-09 00:00:00+05:30,7191.9592488844655,7192.931398012458,7050.5115507616365,7067.0380859375,78522,0.0,0.0,7501.199877929687,7584.026992187501,,,7451.446292026502,7623.570543796079,,,7460.21226748512,7511.14401539522,7334.838984859958,7383.47185346806,7285.01854701349,7316.254481730419,7320.049004054213,7507.559907243395,7399.449744990106,7315.125895314646,7340.088014652566,7529.3991365302145,7583.106296727072,7454.617418596025,7261.372474206333,7064.36474609375,7425.51806640625,7405.10299419775,34.2877095590955,-101.67403279136579,-57.840648878755516,-43.83338391261027,10.580363938741767,14.171518967659782,-3.591155028918015,0.35777931625525505,9.14944684048732,-86.81843493709977,-8.62870783112393,-4.317207433475763,-667.38037109375,4379.056094166909,-200.84156347322278,35.57789122075891,-1.449722388901439,-1.0695679223697183,-0.07888513878112624,-0.07465225237333556,-5.4499293644421325,-202.6439184484916,-345.0637656993131,-1798.7189422477875,-1636.3834343228793,-234.61181640625,0,1,0,-234.61181640625,0,0,0,1,0,200.99931533957633,142.41984725082148,7046.3604932348935,7501.199877929687,7956.039262624481,12.12711011829026,0.02273065327937857,7037.360173012937,7451.446292026502,7865.532411040068,6946.005657716994,7405.10299419775,7864.200330678505,4.738366479809963,0.33558075642826013,7050.066327981921,7501.199877929687,7975.916854368915,-1448993.0,42.59889563689818,-0.03738296257445403,-973956.541459994,-119628.2096057192,-9957242.658475094,7103.493678237197,-311312.8857602997,993.8287342248723,3.5992322818147375,-1.738276464894473,5.337508746709211,0.6100947440884008,-1.9090773868824853,227.41969234739696,51719.716467384686,7531.482421875,7531.482421875,-0.5179913656926283,-0.65436900930189,0.053731930589810226,51719.716467384686,7378.237046595982,-15.9432373046875,3.2853439248986107,145.94441840277784,0.0007571386768285837,-0.06012023696723401,-0.04317207433475767,-0.12452579695992272,,,0.0007568521919373496,-0.024598832130212855,-0.050376962286472704,-0.05987659117630462,0.2609824749244012
2026-02-10 00:00:00+05:30,7096.202704188285,7164.253144532579,7053.914216260045,7137.51904296875,125045,0.0,0.0,7489.436889648437,7569.153115234376,,,7421.548458782907,7604.5097006263795,,,7425.57599748884,7493.633899739583,7288.996188888019,7355.513286089356,7229.494159796523,7282.38309586611,7212.063691004632,7473.991198103942,7344.58754598208,7236.132320463252,7322.575142141681,7517.444889161824,7569.502977252976,7427.666206559212,7177.517945745518,7102.278564453125,7425.51806640625,7405.10299419775,37.51541596539942,-113.78014864803845,-55.95741178834254,-57.82273685969591,15.546142686861259,11.696931625009572,3.849211061851687,5.527614468589229,3.0323180879066745,-79.14239856848053,-8.293777330060903,-3.1909239614076035,-645.5068359375,4565.223371302559,-301.0715949312553,37.3802544822528,-1.7528566236996774,-1.449722388901439,-0.09221478164621599,-0.07291905337983234,-7.806337785661288,-194.4569900009128,-304.79591827344757,-1931.501235323677,-1741.156341494206,-357.50764973958326,0,1,0,-357.50764973958326,0,0,0,1,0,194.5235734062162,110.33892827253476,7009.156481710541,7489.436889648437,7969.717297586332,12.825541225982361,0.13363293519439945,7025.882174290151,7421.548458782907,7817.214743275663,6946.005657716994,7405.10299419775,7864.200330678505,5.210333247119084,0.33833832142661713,7043.811189934474,7489.436889648437,7961.033894246654,-1323948.0,49.41422729452366,-0.03645317236132385,-909506.0348520632,-92920.17349007376,-7275737.811268272,7118.562134587125,-186603.05450143077,993.8287342248723,2.307568520961824,-2.4239521805979094,4.731520701559734,0.9777245044525189,-1.465468259222402,240.14020396894787,57667.31756224788,7531.482421875,7531.482421875,-0.4707265908905292,-0.9783469724587844,0.12050028939041722,57667.31756224788,7297.854213169643,-11.76298828125,3.274090213780736,156.15521701388892,0.009973196150095509,-0.061905076670521475,-0.03190923961407599,-0.10719277263923521,,,0.009923792035764812,-0.024598832130212855,-0.050376962286472704,-0.05987659117630462,0.2609824749244012
2026-02-11 00:00:00+05:30,7145.296087525978,7173.974486788838,6999.473718392795,7016.486328125,74734,0.0,0.0,7466.178222656249,7551.032255859374,,,7382.971113005963,7581.449960528286,,,7380.53308686756,7471.960692401961,7228.139555969544,7320.062674702391,7154.146936520614,7237.895380308395,7112.727717147761,7434.1305634782475,7266.999943608456,7157.810566728656,7287.125714845684,7506.022611649307,7557.919727640549,7390.782496490338,7118.021654586274,7077.002685546875,7402.91552734375,7405.10299419775,34.39140200735559,-131.6233887666067,-59.04052152552862,-72.58286724107808,13.905057215694338,13.343854613765787,0.5612026019285512,6.039984626760196,3.97512613720156,-92.32399484733669,-9.92199505308797,-6.21751537075788,-772.8583984375,4764.908651104414,-341.74894974752715,33.89551801766446,-2.0649969620186406,-1.7528566236996774,-0.10789943137291536,-0.07468455981951067,-10.059261625481524,-135.84653254344266,-310.34730093948565,-2010.6730465095177,-1856.5872683025905,-525.0414225260416,0,1,0,-525.0414225260416,0,0,0,1,0,193.0933730483467,174.500768396043,6941.326068968452,7466.178222656249,7991.030376344046,14.059459553084974,0.07160136300141413,6991.749090198985,7382.971113005963,7774.193135812941,6946.005657716994,7405.10299419775,7864.200330678505,5.7493681380817,0.33684813072858205,7019.91695856305,7466.178222656249,7950.749750731968,-1398682.0,51.67212250992744,-0.08746921380904339,-969667.9457155723,-92689.29640023771,-7528526.53982035,7063.31151110221,-313331.3876474333,992.1330089439292,-1.7357697843848758,-5.173832388755688,3.438062604370812,0.5882616864803085,-1.713594547994342,262.4260768438987,68867.44580767983,7531.482421875,7531.482421875,-0.4067680826681256,-1.2243982901016737,0.25608850977506203,68867.44580767983,7209.242815290179,-23.2586669921875,3.262220752591856,170.0385850694444,-0.016957252809431167,-0.03990692088816683,-0.062175153707578756,-0.1290050213048749,,,-0.01710267332008365,-0.024598832130212855,-0.050376962286472704,-0.05987659117630462,0.2609824749244012
2026-02-12 00:00:00+05:30,6965.448499394196,6984.405407382778,6544.021852571114,6575.61669921875,370703,0.0,0.0,7428.896313476563,7525.0758691406245,,,7306.0802164547995,7542.005518908305,,,7295.717703683036,7433.709101945466,7096.426567970796,7252.971114107364,6979.879924778712,7147.463148321422,6983.937968919101,7377.601370415355,7078.734217463474,7010.148222947952,7227.5808989755105,7404.613904649221,7496.047982021729,7297.857267249232,7026.532653183772,6796.051513671875,7182.480712890625,7204.11109162481,25.92330742978895,-179.2722408660802,-85.3514989000017,-93.92074196607851,10.308943994329567,13.25338129896172,-2.944437304632153,5.682205310504941,5.749934801951454,-97.60677460119408,-13.696969269733199,-10.184568021859512,-1043.60205078125,4757.903380286056,-418.17416243074695,27.210787619464067,-2.436390682295939,-2.0649969620186406,-0.1314613601410497,-0.08047675296286336,-14.45105234457467,-220.529280504712,-660.912835316376,-2042.189467439701,-1954.2094955589796,-654.661376953125,0,1,0,-654.661376953125,0,0,0,1,0,213.04845179874235,472.4644755538857,6771.5043839310265,7428.896313476563,8086.288243022099,17.69823946399626,-0.1489885073944369,6862.124200476317,7306.0802164547995,7750.036232433282,6544.021852571114,7204.11109162481,7864.200330678505,7.092247799220784,0.3977092973281657,6957.758763234282,7428.896313476563,7952.38884315087,-1769385.0,34.807590281666315,-0.1544353193371397,-1287179.5660246236,-185194.97165270871,-29800407.611907955,6701.347986390881,-2642584.0420612423,992.1330089439292,11.358227787612213,6.336132146593121,5.022095641019092,2.449984567931832,-2.5959540295777472,328.69596477276815,108041.03725790085,7531.482421875,7531.482421875,-0.9852968906208192,0.6328946643987534,0.49948775101420256,108041.03725790085,7029.360484095982,-37.2819091796875,3.2459087281359773,203.06143554687503,-0.06283339100071517,-0.09214146638678067,-0.10184568021859508,-0.17285234087871404,,,-0.06489420145174486,-0.024598832130212855,-0.050376962286472704,-0.05987659117630462,0.2609824749244012
2026-02-13 00:00:00+05:30,6462.847486796769,6524.092882655403,6221.754499924688,6454.09814453125,437097,0.0,0.0,7385.5384765625,7497.146025390625,,,7224.939066747795,7499.342484619008,,,7202.879782831102,7391.709975490196,6961.839011241644,7180.652788238191,6808.035775333529,7050.790050769069,6830.269769577752,7306.24637595047,6905.560247484274,6855.763524259456,7160.706881644363,7290.942851059251,7421.469514709997,7199.336078071832,6891.09107275639,6514.857421875,7121.721435546875,7042.977415301597,24.157645624492513,-224.25476193485792,-104.26721597502353,-119.98754595983439,8.071809625640594,10.7619369452215,-2.690127319580906,0.5123701581709672,4.078186698478701,-85.85380167454746,-14.445877538962971,-11.844373022949954,-1089.779296875,4812.3423446011775,-523.0404735612656,34.22908344622899,-2.832184360546493,-2.436390682295939,-0.1617163202668026,-0.09071456554975556,-18.55536411135404,-573.5794418954829,-875.9178246261972,-2102.136208750993,-2023.2270786621846,-789.7090657552083,0,1,0,-789.7090657552083,0,0,0,1,0,223.1065766198366,353.8621992940616,6596.958612430113,7385.5384765625,8174.118340694888,21.354701939063517,-0.09058084944639141,6755.862252425537,7224.939066747795,7694.015881070052,6221.754499924688,7042.977415301597,7864.200330678505,8.442495303370288,0.3998741038295394,6873.267068787069,7385.5384765625,7943.481744386334,-2206482.0,23.39586536680822,-0.07175008041363658,-1052468.3152207644,-131521.44339542708,-33131120.19566999,6399.981842370446,-3450346.9961359957,992.1330089439292,21.773045893067682,13.400760201638871,8.37228569142881,2.362779720497079,-2.362323397785565,394.2899320661937,155464.55052876365,7531.482421875,7531.482421875,-1.085224362080941,0.4847058071884223,0.6765455810245952,155464.55052876365,6837.562395368303,-43.3578369140625,3.2313772703954076,236.56708984375,-0.01848017611822439,-0.08604075521920929,-0.1184437302294995,-0.20328814692488228,,,-0.018653067933393563,-0.024598832130212855,-0.050376962286472704,-0.05987659117630462,0.2609824749244012
2026-02-16 00:00:00+05:30,6454.098296285476,6570.270121320288,6424.93382138134,6512.42724609375,155949,0.0,0.0,7324.268798828126,7468.127373046875,,,7157.080798114076,7460.639926245469,,,7119.726332310269,7353.0935527726715,6857.64231436848,7117.263054030498,6685.609380139735,6968.773921641077,6678.097100771948,7225.910703742586,6814.433865279363,6718.674531621651,7101.544873877673,7205.811100109045,7394.384562926965,7126.058801978871,6739.959071421698,6483.2626953125,7121.721435546875,7035.200161032693,26.73710425773389,-252.28883430643782,-105.84103067728273,-146.4478036291551,11.46872746076885,9.949827026913002,1.5189004338558476,2.6662266993182,2.9536007226647025,-82.13324134195193,-13.388062970729896,-15.836416818592879,-1006.66015625,5105.649757810315,-618.5998365255564,35.928674951345435,-2.7333805257094634,-2.832184360546493,-0.19482901783188789,-0.10560977060177532,-21.650588586327356,-443.7957634510067,-589.132063389955,-2163.5012290492127,-2077.1376046566866,-883.2784016927083,0,1,0,-883.2784016927083,0,0,0,1,0,217.55155685691602,145.3362999389483,6463.79556591416,7324.268798828126,8184.742031742092,23.496495187386916,0.02825868273374435,6704.994861357948,7157.080798114076,7609.166734870204,6221.754499924688,7042.977415301597,7864.200330678505,9.5116279187699,0.333442735805148,6857.134604959985,7324.268798828126,7850.792540732667,-2050533.0,23.290289553525998,-0.15379868030739685,-1020652.6329465173,-87484.4244396945,-27098622.302064236,6502.543729598459,-3309407.629304738,993.0367618813078,17.822912006761236,7.5605010522659395,10.262410954495296,0.818091827265321,-1.8869652690650234,430.23661645698286,185103.546140353,7489.43701171875,7489.43701171875,-0.8780862659394727,-0.2934738546627318,0.768773199040662,185103.546140353,6710.641399274554,-61.269677734375,3.221209396644633,266.3742328559027,0.009037529373786102,-0.07847854123601716,-0.1583641681859288,-0.19988055905083135,,,0.00899693530195552,-0.024598832130212855,-0.050376962286472704,-0.05987659117630462,0.2609824749244012
2026-02-17 00:00:00+05:30,6511.454916767486,6719.494831994157,6486.6651137848685,6654.36083984375,215007,0.0,0.0,7268.5889648437515,7441.412714843749,,,7109.202706850236,7429.02113854344,,,7055.9255743117565,7321.181139705882,6794.963900889316,7068.731190780049,6625.924287916111,6909.815343937808,6559.929552028374,7144.07598673108,6782.601850624305,6650.285560232089,7051.56515379301,7148.000324622701,7363.483301417287,7081.74814573181,6632.878035708266,6583.39404296875,7036.658447265625,7009.195232418485,32.73235789846508,-260.0554267279722,-90.88609847905366,-169.16932824891853,19.827364506954474,13.122633864454638,6.704730642499836,13.770925766957413,5.649840874815527,-72.5308634626372,-12.540729008500692,-14.335772008118537,-954.16455078125,5313.678469901851,-695.0107802203138,38.84504687670778,-2.318369248839911,-2.7333805257094634,-0.22663983562480894,-0.12440906716948295,-23.401269965452293,-243.1846177874886,-476.01433599677694,-2167.752233504777,-2123.5360960908147,-966.0730794270833,0,1,0,-966.0730794270833,0,0,0,1,0,218.6428540963712,232.82971820928833,6385.1888956079565,7268.5889648437515,8151.989034079546,24.307333197916904,0.1523499678173258,6655.824055840541,7109.202706850236,7562.58135785993,6221.754499924688,7042.977415301597,7864.200330678505,10.095821393482378,0.34782613441094173,6788.360880811046,7268.5889648437515,7807.173176157443,-1835526.0,26.787778388382403,-0.14628562752084473,-925941.825013324,-31380.893757270183,-18867859.66013988,6620.173595207592,-2840815.5815438875,993.0367618813078,16.8492314316364,5.269456381712883,11.579775049923517,1.0571532527300709,-1.390600128730697,441.7000346178974,195098.92058145176,7383.958984375,7383.958984375,-0.6522324642796337,-0.8463355033176081,0.7795492277549381,195098.92058145176,6630.598793247767,-55.679833984375,3.214976248085104,292.17614583333324,0.02179426938475726,-0.06769273752074467,-0.1433577200811854,-0.16212740373457157,,,0.021560169545689477,-0.024598832130212855,-0.050376962286472704,-0.05987659117630462,0.2609824749244012
2026-02-18 00:00:00+05:30,6685.955420129128,6685.955420129128,6488.123078726543,6527.4951171875,151155,0.0,0.0,7214.610375976564,7415.913242187499,7807.913984375001,,7053.801984025213,7393.667176921639,7807.913984375,,6985.345207868304,7285.341233915441,6719.36621988555,7013.538714963316,6548.152179319501,6841.794328868779,6470.968215723078,7058.863373373238,6738.1994324407115,6570.448189168319,6999.88555370554,7098.951546979441,7335.618157991146,7026.900785926938,6576.320428917159,6590.927978515625,7031.311767578125,7007.008040772712,30.342262558867525,-273.29711175186185,-83.30222680235462,-189.99488494950722,21.60117738868432,17.632423118802546,3.9687542698817744,21.780326865268783,12.739159777181465,-80.53236302935792,-10.681748771785601,-14.191695594524854,-780.63623046875,5337.378735557447,-769.5789470780419,38.84117267536111,-1.9130327479288765,-2.318369248839911,-0.2583156113962981,-0.1465456846482459,-25.12571176692203,-214.55483928192552,-412.38718068451,-2165.2566194842047,-2154.983292223863,-1041.4147135416665,0,1,0,-1041.4147135416665,0,0,0,1,0,217.15638890395786,197.83234140258446,6287.4462206281305,7214.610375976564,8141.774531324997,25.70240406705076,0.12945328784262472,6605.919901415949,7053.801984025213,7501.684066634476,6221.754499924688,7042.977415301597,7864.200330678505,10.770527479114465,0.34703099471480264,6734.956618988937,7214.610375976564,7751.217021557236,-1986681.0,26.76727598594109,-0.13893890463108158,-1016931.9355784334,-34528.03967997059,-18911935.181277823,6567.191205347724,-3128993.346015039,991.1302568733944,13.354306146053093,1.4196248769036597,11.934681269149433,0.7682256328312969,-1.4821868486295007,463.5820776742168,214908.3427407436,7275.564208984375,7275.564208984375,-0.4358674296796644,-1.2313119478082122,0.7965671406363163,214908.3427407436,6526.814871651786,-53.9785888671875,3.2140749583505754,323.1034320746527,-0.01906505007913406,-0.06969174998281114,-0.14191695594524856,-0.17578102770595183,,,-0.019249131583913375,-0.024598832130212855,-0.050376962286472704,-0.05987659117630462,0.2609824749244012
2026-02-19 00:00:00+05:30,6562.006452036277,6610.127832684543,6440.487814035605,6466.73583984375,140373,0.0,0.0,7164.957836914064,7388.4986328125,7787.294848632812,,6997.890922674597,7357.316928408781,7781.356001314975,,6914.119061569942,7248.118590686274,6644.719985326251,6957.170716387449,6472.861172863399,6772.928664000787,6402.273754903949,6971.149466766576,6691.135944935113,6503.908387670145,6945.467171084734,7056.423827527036,7312.058995905181,6971.117679411264,6551.437357082485,6497.115478515625,7031.311767578125,7007.008040772712,29.241018899344255,-285.40404821963057,-76.32733061609866,-209.0767176035319,20.845214118599166,20.757918671412654,0.08729544718651283,25.697333359331644,20.41619533051928,-84.40113115220738,-10.717403623570126,-13.312053436515043,-776.26123046875,5356.461901653615,-789.7467776890271,35.579942124903496,-1.6860351422556596,-1.9130327479288765,-0.289656457667109,-0.17129088385869043,-25.943064392652662,-228.414652502609,-398.05467115154715,-2202.5793341223102,-2172.0163781915808,-1112.0576171875,0,1,0,-1112.0576171875,0,0,0,1,0,213.76236245717075,169.64001864893817,6188.050153941311,7164.957836914064,8141.865519886816,27.269042057433946,0.14263665378001336,6560.351891999751,6997.890922674597,7435.429953349443,6221.754499924688,7042.977415301597,7864.200330678505,11.462143504408632,0.34427054714476757,6699.361838599505,7164.957836914064,7693.019770390455,-2127054.0,26.522613148981634,-0.16826007083796568,-1113865.7264093785,-63519.16557819699,-17428653.303748738,6505.783828854633,-3259655.4435801012,990.1994361488601,9.971618833654476,-1.5704499483959662,11.542068782050443,0.6966028619805986,-1.429453384879946,488.4538414863766,238587.15526279827,7190.258056640625,7190.258056640625,-0.24984677278624698,-1.485006406249986,0.8093703085501137,238587.15526279827,6412.441510881697,-49.6525390625,3.2146956936202833,351.14348198784717,-0.009308207245343647,-0.016558273444973737,-0.13312053436515048,-0.17714004632017089,,,-0.009351799326700922,-0.024598832130212855,-0.050376962286472704,-0.05987659117630462,0.2609824749244012
2026-02-20 00:00:00+05:30,6464.791606634597,6507.566167640901,6409.379107149158,6457.50048828125,91354,0.0,0.0,7103.979785156251,7364.632373046876,7770.355151367188,,6946.425167018088,7322.030009188093,7755.141040660843,,6846.742171223959,7211.608859528186,6580.325301918458,6903.672687014387,6413.136394105667,6709.158864182763,6350.024057997664,6883.553363629706,6657.552775249988,6441.437387951561,6876.122583033617,6976.640750591717,7295.5789675785445,6921.290835249756,6529.652205175332,6462.1181640625,7031.311767578125,7007.008040772712,29.06832342425883,-292.3737951697967,-66.63766205301184,-225.73613311678488,16.69244188081172,19.712944462698403,-3.0205025818866815,20.952217848806672,22.809959357802366,-84.98918017599952,-8.555895226942464,-15.8857791022388,-604.19091796875,5330.16189070662,-742.4860688909275,37.31923061952049,-1.65477400202681,-1.6860351422556596,-0.31970364269817697,-0.1980484954050294,-26.247382625109324,-276.5417465596938,-374.7288070514369,-2287.994315871212,-2198.5697427648365,-1052.5945638020833,0,1,0,-1052.5945638020833,0,0,0,1,0,205.5069837453545,98.18706049174307,6109.570655286101,7103.979785156251,8098.3889150264,27.99583219389124,0.1749430000912108,6531.854222980515,6946.425167018088,7360.9961110556615,6221.754499924688,7042.977415301597,7864.200330678505,12.118909504710897,0.3182829086784449,6645.542781294062,7103.979785156251,7621.823547829545,-2218408.0,26.771556288959594,-0.1455870815585481,-1115674.716508387,-70180.28978822869,-15059372.304161865,6458.148587690436,-3272701.9994861335,990.056622961632,4.925995544738224,-5.292858589849776,10.218854134588,0.4965055906744735,-1.3002279996351567,497.20456493507487,247212.3793922771,7102.278564453125,7102.278564453125,-0.05827915919740331,-1.570556789305238,0.8191780382369848,247212.3793922771,6332.266943359375,-60.9780517578125,3.219914143573496,380.8988096788192,-0.0014281318722806358,0.0005271602125980213,-0.15885779102238795,-0.18771019404294076,,,-0.0014291526245646098,-0.024598832130212855,-0.050376962286472704,-0.05987659117630462,0.2609824749244012
2026-02-23 00:00:00+05:30,6459.93088179223,6512.426934104763,6383.617176115678,6483.74853515625,123441,0.0,0.0,7041.446289062501,7338.666269531251,7754.2666796875,,6902.360725888389,7289.156225892726,7729.96495144293,,6787.672528366816,7177.064395297181,6531.259686918996,6855.620457893028,6375.46866063478,6654.15141545728,6314.285630960836,6799.203667482468,6634.668860550784,6383.2031631317695,6810.374228827643,6915.678532195908,7261.835429510689,6880.7086196639175,6505.890563590084,6470.62451171875,6881.11474609375,6848.7907892690655,30.32776049230477,-292.40866673138135,-53.338026891677146,-239.0706398397042,17.1670486026102,18.23490153400703,-1.0678529313968284,25.7514169556757,24.13365605460467,-79.10854286396248,-8.253663609680007,-16.170186922560852,-583.28955078125,5349.115742352966,-722.2654237899233,46.404670591427525,-1.7142398870292026,-1.65477400202681,-0.34722145920024206,-0.22638257068881007,-25.99078188962483,-228.77249737521106,-357.58225536429563,-2362.597481369199,-2251.500233473408,-956.5948893229166,0,1,0,-956.5948893229166,0,0,0,1,0,200.0286104770495,128.80975798908457,6056.714390709594,7041.446289062501,8026.178187415408,27.969591982331632,0.21682761834004077,6502.737536904093,6902.360725888389,7301.983914872686,6221.754499924688,7042.977415301597,7864.200330678505,12.472853664922502,0.3162320202479426,6589.749302091974,7041.446289062501,7549.8680890401,-2094967.0,27.315961144557377,-0.1327327647150317,-1047199.8976404628,-44737.826435427065,-12445164.095810618,6459.930881792231,-3222526.4685639627,990.056622961632,2.2440798937536885,-6.379819392667448,8.623899286421137,0.654908751746816,-1.132689526639837,492.3659491764533,242424.22790842978,7064.36474609375,7064.36474609375,0.126076062203176,-1.5583913135721605,0.8196613922402066,242424.22790842978,6280.125006975446,-62.53349609375,3.225733771401201,407.2851041666667,0.00406473788467121,-0.004403690030426399,-0.16170186922560847,-0.1817066528069219,,,0.004056499155605842,-0.024598832130212855,-0.050376962286472704,-0.05987659117630462,0.2609824749244012
2026-02-24 00:00:00+05:30,6421.045006987552,6461.389195903522,6221.268360668712,6274.25048828125,212873,0.0,0.0,6966.007519531251,7308.801845703125,7736.566665039063,,6842.540703259138,7249.356000888355,7701.138922469431,,6714.606261625745,7135.322599954044,6452.659742765126,6794.582203688367,6294.7145995095125,6580.608742704722,6274.017894662303,6713.039048393396,6558.594117549178,6302.137590303744,6737.082458365039,6838.169057425163,7224.3370722366435,6818.053286576483,6461.790733508171,6378.99951171875,6758.623779296875,6776.608538048394,26.312080439973865,-305.81579016445903,-53.396120259803865,-252.41966990465517,13.55750592518132,15.805665469534414,-2.2481595443530935,24.185231409472177,23.62962207131818,-95.22975918449403,-12.09479861966765,-19.385460283694037,-863.2685546875,5239.58737588221,-742.7420387266684,40.669245310925525,-1.9714566385996377,-1.7142398870292026,-0.3750521634722115,-0.2560662075887319,-26.061086720843917,-213.10324369092086,-453.2240789257303,-2368.6257979894317,-2312.0647877654274,-903.3697916666665,0,1,0,-903.3697916666665,0,0,0,1,0,204.48943647779868,262.4801744875376,5989.344103937556,6966.007519531251,7942.6709351249465,28.04083724731368,0.14585699627670862,6430.980641894767,6842.540703259138,7254.100764623509,6221.268360668712,7034.957091404705,7848.645822140697,12.869488885816082,0.3219108396348621,6507.868753234716,6966.007519531251,7488.038116307305,-2307840.0,27.72370756329211,-0.16543269713510575,-1166132.990757874,-68104.81865250925,-17038208.9010408,6318.969348284495,-3910345.829395284,990.056622961632,4.377291355670132,-3.397286344600804,7.774577700270936,1.0791023001126383,-1.4165720148931649,488.3317077968479,238467.85683978608,7039.0888671875,7039.0888671875,0.2169135803773802,-1.4680023416862973,0.8418240127520739,238467.85683978608,6211.803745814732,-75.43876953125,3.224411378058689,437.95533311631954,-0.03231125416710068,-0.05712199273693508,-0.19385460283694034,-0.20389785489176326,,,-0.03284478697282945,-0.024598832130212855,-0.050376962286472704,-0.05987659117630462,0.2609824749244012
2026-02-25 00:00:00+05:30,6337.440227861629,6484.234747635691,6337.440227861629,6427.85009765625,148595,0.0,0.0,6897.932788085938,7282.446884765625,7717.3296875,,6803.046359868386,7217.140083114547,7675.925282374121,,6663.353173828125,7100.775472579657,6414.563942067884,6749.248004022077,6272.9265415593145,6531.061819690111,6254.374721869925,6631.047011330524,6544.588775191879,6300.0372003789835,6684.487600163224,6795.914015280083,7203.735102033876,6782.772246245337,6429.059924865247,6351.05029296875,6705.884765625,6707.5860254782165,33.286779649385444,-300.5819061785287,-38.529789019098814,-262.0521171594299,15.633693449563676,15.452749325785065,0.1809441237786107,40.606730303261244,30.181126222803037,-78.76061760285246,-8.389330541545428,-17.478936633314063,-588.63623046875,5317.807318446266,-746.4518835573535,43.325298804721115,-1.8422874316704894,-1.9714566385996377,-0.3995309629390209,-0.28585171901072864,-25.164930430793724,-155.0230716818678,-301.8175914559297,-2323.6945913087284,-2345.6892443162,-861.6483561197916,0,1,0,-861.6483561197916,0,0,0,1,0,204.88192382613028,209.98425935444084,5974.559663644785,6897.932788085938,7821.305912527091,26.77245930943243,0.24545355610485559,6390.685493042633,6803.046359868386,7215.407226694139,6221.268360668712,7008.952162790497,7796.635964912281,13.006577643575161,0.3430666105352743,6437.804927165771,6897.932788085938,7421.13377596142,-2159245.0,32.82552580742871,-0.15470000010556847,-1131690.4410890003,-60513.70251462795,-11343588.493023813,6416.508357717857,-3546571.160250213,992.5047179119673,2.9470714145270644,-3.8620050285950978,6.809076443122162,0.7260766549705431,-1.0181857755805779,461.6865622205763,213154.4817350541,6835.423583984375,6835.423583984375,0.32764245542756393,-1.485139174164344,0.836878894340395,213154.4817350541,6194.1939453125,-68.0747314453125,3.230521669966991,454.8944900173609,0.02448094950335289,-0.015265429960855226,-0.17478936633314068,-0.18866187087604946,,,0.024186093602849068,-0.024598832130212855,-0.050376962286472704,-0.05987659117630462,0.2609824749244012
2026-02-26 00:00:00+05:30,6465.763880604285,6688.386031958726,6446.320897953242,6665.54052734375,254463,0.0,0.0,6850.248876953126,7263.54830078125,7698.191225585938,,6789.950566294611,7195.508727986282,7655.917663462628,,6641.2205775669645,7076.58306640625,6426.617898860742,6725.182291185967,6321.224310637084,6513.2135351085035,6279.974346464082,6560.663913606307,6546.100004317738,6354.984410833962,6644.077087656823,6755.665309673395,7178.4837404083855,6773.793730643729,6437.862792029221,6546.6953125,6705.884765625,6707.099879340585,42.37622100200275,-274.0947900756937,-9.634138333011038,-264.46065174268267,23.910828987593888,17.700676120779626,6.210152866814262,61.131463431414176,41.97447504804919,-54.27713624987185,1.3675345178754696,-12.516745534524127,89.923828125,5436.678025112519,-710.479468795269,46.90636792121831,-1.150466478254043,-1.8422874316704894,-0.4167288917499956,-0.3141864491755279,-22.24585575651739,45.37354006599617,-196.69159393948757,-2241.552892754305,-2331.4651921199707,-775.0460611979166,0,1,0,-775.0460611979166,0,0,0,1,0,208.85721028872638,260.53593430247565,5987.18057211873,6850.248876953126,7713.317181787521,25.198159084061587,0.39299320310180014,6367.236270727983,6789.950566294611,7212.66486186124,6221.268360668712,7006.764971144724,7792.261581620735,12.886469829957175,0.3759415121313965,6385.023964145308,6850.248876953126,7363.97814249496,-1904782.0,43.119334651498725,-0.07542183619267308,-925258.6097637006,13775.855192067102,-1082587.3069389388,6600.082485751906,-2605612.381021307,992.5047179119673,6.6597833131704585,-0.11943450396136335,6.779217817131822,1.3182514491218236,-0.42802718759279934,431.53415241719773,186221.72470242923,6659.95068359375,6659.95068359375,0.4889318267296894,-1.2395851854667814,0.7843694462370572,186221.72470242923,6223.163978794642,-47.6839111328125,3.252544239498275,465.9597222222224,0.03697821605612228,0.030742664061688796,-0.12516745534524132,-0.1534140243750045,,,0.036310922330625314,-0.024598832130212855,-0.050376962286472704,-0.05987659117630462,0.2609824749244012
2026-02-27 00:00:00+05:30,6711.717811756167,6790.461893846586,6644.63951960507,6738.93798828125,257521,0.0,0.0,6810.001904296874,7248.373056640625,7678.527880859375,,6785.092225531434,7177.603993095889,7637.7596500927,,6630.619540550596,7056.010112974877,6451.967027638869,6708.5191418636405,6383.941491688168,6506.0557819624555,6342.933728629769,6503.635756914844,6555.50028394306,6413.123869846799,6608.758673220526,6732.522798672673,7159.46293582735,6771.252124028439,6493.919167239448,6702.2392578125,6705.884765625,6697.621423728775,44.87389976467964,-244.36412057474718,16.077224934348408,-260.4413455090956,40.43300157176205,26.659174669639867,13.773826902122181,89.44774911756997,63.72864761741512,-45.66324143198954,4.413317513483325,-10.670102468883053,284.83984375,5453.863575151761,-639.4281806351846,51.228465045294556,-0.3942924828857809,-1.150466478254043,-0.4265568739291403,-0.3399339887418893,-18.14116367888878,133.74575961263872,-12.076614628876996,-2154.7799177390093,-2275.650113975751,-631.005859375,0,1,0,-631.005859375,0,0,0,1,0,204.3547219996399,145.82237424151572,6010.385427583732,6810.001904296874,7609.6183810100165,23.483590399838565,0.45556374956920875,6374.8607439727675,6785.092225531434,7195.323707090101,6221.268360668712,7006.764971144724,7792.261581620735,12.733676570143801,0.3808258578756378,6342.863758693064,6810.001904296874,7323.640716962619,-1647261.0,46.80043767357068,-0.051441319317468745,-849719.1164303673,66949.98075158766,1772266.2423503292,6724.679800577635,-2322043.6672681216,992.5047179119673,9.371362030680306,2.073715370838787,7.297646659841519,1.470934141224437,-0.1777450017231649,399.8082383565712,159846.62745778487,6659.95068359375,6659.95068359375,0.6449178663963122,-0.8349149431617147,0.7167734420159669,159846.62745778487,6271.854813058035,-40.24697265625,3.2764374554840052,471.73536783854166,0.011011479209586117,0.043583039677772994,-0.10670102468883058,-0.14160111491416627,,,0.01095129428602709,-0.024598832130212855,-0.050376962286472704,-0.05987659117630462,0.2609824749244012
2026-03-02 00:00:00+05:30,6566.8674732814325,6786.087105439088,6566.8674732814325,6657.27734375,106501,0.0,0.0,6766.911401367187,7232.536748046876,7655.759960937499,,6772.919379647488,7157.199026454874,7618.344158877993,,6616.074344308036,7032.82988893995,6460.506863849691,6686.904887713896,6417.6999960752755,6491.219402947507,6417.303028294947,6456.675321491276,6557.562089874764,6436.6543439238885,6566.51436480379,6708.580240176725,7147.432481891665,6762.539076827993,6567.917967035952,6698.107666015625,6645.368408203125,6697.621423728775,42.65847686712535,-224.8003241411734,28.512817094337777,-253.31314123551118,48.60831325943356,37.650714606263165,10.957598653170393,96.43529040439694,82.33816765112702,-54.2346825398379,2.2242106081589355,-11.461631079392934,144.85009765625,5246.147650187101,-574.8302714767797,52.524747226646966,0.20042624044974078,-0.3942924828857809,-0.43160229470197153,-0.3627075953060184,-14.834663067459676,129.29079841713428,-89.92883374052144,-2083.0332264240783,-2199.8989064532393,-475.62394205729163,0,1,0,-475.62394205729163,0,0,0,1,0,205.41650129664103,219.21963215765572,6038.470724925979,6766.911401367187,7495.352077808395,21.529487626926333,0.42474743574672175,6360.001442588188,6772.919379647488,7185.837316706788,6221.268360668712,7006.764971144724,7792.261581620735,12.610183685213082,0.3814073646568499,6298.827626700454,6766.911401367187,7282.64255213738,-1753762.0,42.312755181436046,-0.054051137689233156,-868374.50223968,76680.86565464758,276665.3072684745,6670.077307490174,-2451098.72488026,991.2929447116016,4.905483150615814,-1.9137308073805643,6.819213957996379,0.6260040216707039,-0.3010102570131131,364.2203382206039,132656.4547735311,6655.819091796875,6655.819091796875,0.8134973985497987,-0.28827601000057257,0.6641868491278989,132656.4547735311,6314.400230189732,-43.0905029296875,3.2933250142576425,463.0605664062498,-0.012117732003656179,0.026763654952507876,-0.11461631079392931,-0.16401149037023266,,,-0.012191750281638537,-0.024598832130212855,-0.050376962286472704,-0.05987659117630462,0.2609824749244012
2026-03-04 00:00:00+05:30,6610.127810475977,6698.5933786432415,6582.9076356552805,6641.72265625,122604,0.0,0.0,6718.571264648437,7213.259023437501,7634.20544921875,,6760.424453609632,7136.984266838997,7599.0051192219935,,6604.151606677828,7009.660708869485,6466.460577663089,6665.71101155496,6444.422180970703,6476.758747551766,6485.670832487824,6418.671853782227,6558.000419477015,6467.063472627566,6524.458922495309,6684.730081442309,7132.575229135662,6753.264072223336,6626.911933994481,6649.5,6506.59423828125,6602.836884025745,42.2307906942029,-208.15156611895782,36.12926009324272,-244.28082621220054,51.73253075935456,46.924615196850056,4.807915562504505,92.18241558029217,92.68848503408634,-44.904483750108845,-0.1899233284446708,-12.706834567001192,-12.63818359375,4913.165706299221,-491.7072677916558,53.185067846146175,0.5829634362463121,0.20042624044974078,-0.4328230448071846,-0.38209731012945025,-11.967659567570623,43.950450302994795,-71.73529268496623,-2044.7508429613881,-2126.988337340311,-317.811767578125,0,1,0,-317.811767578125,0,0,0,1,0,199.00716141744962,115.68574298796102,6106.225407898064,6718.571264648437,7330.91712139881,18.22845461124733,0.4372506504687881,6364.7966547487495,6760.424453609632,7156.052252470515,6221.268360668712,6848.5477196410775,7475.8270786134435,12.334241941573044,0.37585872200089904,6257.243839052074,6718.571264648437,7218.942369403841,-1876366.0,41.64872719895375,-0.03376246081249825,-866313.93081111,74346.33078274922,-35296.437519878964,6641.074556849508,-2479745.073947276,991.2929447116016,1.9177171311395533,-3.9211974614854617,5.838914592625015,0.7620456466610313,-0.25099739812484756,306.17292837518653,93741.8620698371,6648.041748046875,6648.041748046875,0.6817207039137666,-0.8256641121044953,0.6106321253627996,93741.8620698371,6375.312290736607,-48.34013671875,3.303265178358199,453.49138997395846,-0.00233649383927248,0.05856829730580526,-0.1270683456700119,-0.16875535330858915,,,-0.0023392277002660567,-0.024598832130212855,-0.050376962286472704,-0.05987659117630462,0.2609824749244012
2026-03-05 00:00:00+05:30,6669.42932881339,6694.219132455216,6551.313205578812,6600.40673828125,102857,0.0,0.0,6683.185034179688,7192.435595703126,7611.069858398438,,6745.184671197406,7115.942010817125,7579.23089385683,,6592.897842261906,6985.627285922181,6465.428980301376,6642.9329901506635,6458.344503101588,6459.722922701736,6537.848652280336,6387.802043306055,6558.540155842973,6492.493393017203,6487.48385598814,6643.858995376915,7119.672668460732,6741.298585262259,6647.660500475889,6621.064697265625,6506.59423828125,6505.865127257649,41.05342847244397,-196.03142646807555,38.59951979530001,-234.63094626337556,55.82352720918702,52.05479040932504,3.7687367998619834,86.03511490456431,91.55094029641779,-33.39025208249217,1.116992349818339,-9.684070738574922,72.91162109375,4590.824833362155,-426.65474375633494,52.3111047690831,0.794105603518723,0.5829634362463121,-0.4314354256451769,-0.39785052879368005,-8.982391251445105,47.32423126625417,-95.58169561014984,-1991.5469377088946,-2066.9824990364727,-171.90836588541666,0,1,0,-171.90836588541666,0,0,0,1,0,194.9999303788035,142.905926876404,6135.955949655895,6683.185034179688,7230.414118703481,16.376296084130832,0.42436595729330345,6360.015533775387,6745.184671197406,7130.353808619425,6221.268360668712,6776.608538048394,7331.948715428075,11.622943809353359,0.3544466932913635,6229.295564640029,6683.185034179688,7172.158704826998,-1979223.0,46.217544068573226,-0.01090788412927733,-898500.4750287964,56391.363285640604,-637344.2856615704,6615.313025438426,-2543728.946723305,990.6708784178537,-1.509630374908392,-5.8788359740267255,4.369205599118334,0.6590938508838369,-0.30253617082678635,273.6145422618964,74864.91773718709,6621.064697265625,6621.064697265625,0.7990847829669294,-0.4668536573740516,0.5464084399547078,74864.91773718709,6412.323458426339,-35.38623046875,3.3132846031687144,447.6746907552082,-0.006220662937479138,0.026845156312515384,-0.09684070738574924,-0.1540617527905831,,,-0.0062400918770004,-0.024598832130212855,-0.050376962286472704,-0.05987659117630462,0.2609824749244012
2026-03-06 00:00:00+05:30,6572.700362409641,6721.439181437695,6503.677773187472,6530.89794921875,91716,0.0,0.0,6647.580078125,7171.067763671876,7588.18212890625,,6724.776411961343,7092.999106440719,7558.471825646176,,6578.3943103608635,6959.684633118873,6453.199504698974,6616.49627649757,6454.189591472478,6437.114120427861,6569.265424868099,6361.701946296848,6558.2259488329155,6503.141204173303,6449.461683480027,6625.148962126506,7105.68444398686,6724.237695549659,6631.549492562524,6565.65234375,6506.59423828125,6505.865127257649,39.07947633301411,-189.84647485521145,35.82757712653131,-225.67405198174276,58.701069923240524,55.419042630594035,3.2820272926464895,79.19419322322108,85.80390790269252,-45.60205439767737,0.9921869543468207,-9.831553349821062,64.162109375,4186.130595241075,-396.7697293585479,50.539004410452726,0.8903295064572452,0.794105603518723,-0.42885675306859605,-0.40997865216817103,-6.203379406459524,91.11527338733413,-126.64613486288908,-1909.4837976660658,-2010.8520975717847,-85.95418294270833,0,1,0,-85.95418294270833,0,0,0,1,0,196.62575022676205,217.7614082502232,6164.8507719283625,6647.580078125,7130.3093843216375,14.52345968076837,0.3791433134383599,6334.811686055665,6724.776411961343,7114.741137867021,6221.268360668712,6707.5860254782165,7193.903690287721,10.713752921515695,0.3547300918708027,6185.59970244431,6647.580078125,7150.822273504611,-2070939.0,53.3317948232565,-0.020242962777106133,-967287.4750287957,22032.889010856277,-1457019.1159465248,6585.338301281306,-2640314.9352909783,989.6177798465284,-4.926794922006825,-7.436800416900127,2.510005494893302,0.6066173917357012,-0.4834267462465607,241.36465309831857,58256.89576527166,6588.01171875,6588.01171875,0.9152394387591173,-0.057220546664231785,0.48688770065858417,58256.89576527166,6440.02277483259,-35.6049560546875,3.320740599169791,445.26807074652777,-0.010530985713253171,-0.020199798886926246,-0.09831553349821065,-0.1667080033176478,,,-0.010586828945493999,-0.024598832130212855,-0.050376962286472704,-0.05987659117630462,0.2609824749244012
2026-03-09 00:00:00+05:30,6464.791946723696,6544.508178247206,6386.533938947568,6525.55126953125,94042,0.0,0.0,6620.7730712890625,7150.2734960937505,7565.394106445312,,6705.802588872763,7070.746250091328,7538.0179532478605,,6566.77251906622,6934.370260799632,6442.923356650477,6591.549610320065,6451.688474481819,6416.613878379019,6586.014015954748,6339.1202234068205,6557.835191394544,6509.256708909774,6413.483387528605,6587.673028516843,7094.929988107321,6708.236826712985,6599.469390755463,6528.224609375,6506.59423828125,6505.865127257649,38.92443815114919,-183.2637382121684,33.9282510156595,-217.1919892278279,58.155432036200125,57.56000972287589,0.5954223133242351,72.76301905145377,79.33077572641305,-46.54139741123006,1.0538254139274967,-7.592234011305498,68.05078125,3770.1212026936205,-414.92319452936135,51.814674290707714,0.6415857873288064,0.8903295064572452,-0.42512099251430513,-0.4186341558697336,-3.9397122782148712,-70.84821001471028,-228.8224493143489,-1816.6770161349093,-1943.914888307703,-7.615071614583334,0,1,0,-7.615071614583334,0,0,0,1,0,193.86492801768182,157.9742392996386,6176.887940279158,6620.7730712890625,7064.658202298967,13.408861056869908,0.3927404917335609,6322.887029377218,6705.802588872763,7088.718148368309,6221.268360668712,6707.099879340585,7192.931398012458,9.813528704154239,0.3468240821153098,6166.376877885282,6620.7730712890625,7109.11850062781,-2164981.0,47.56437733190519,0.005318898698656599,-895815.5550287956,28715.2250792759,-1320703.8781215749,6485.531128908675,-2648013.9141309713,989.6177798465284,-7.618615174140743,-8.102896535227236,0.4842813610864929,0.6208978795243406,-0.42903803306575683,221.942565504952,49258.50238291991,6553.25732421875,6553.25732421875,1.1922397419153428,1.0532847874908533,0.4219987344114032,49258.50238291991,6458.771414620536,-26.8070068359375,3.326439331918976,430.67935329861115,-0.0008186745113877292,-0.03166473992208729,-0.07592234011305499,-0.14707745921115156,,,-0.0008190098083774169,-0.024598832130212855,-0.050376962286472704,-0.05987659117630462,0.2609824749244012
2026-03-10 00:00:00+05:30,6581.93582124699,6649.986261759106,6536.73088576394,6633.94580078125,103676,0.0,0.0,6599.11845703125,7131.7443359375,7546.054580078125,,6698.959085245001,7053.616820706619,7520.115534387136,,6568.027064732143,6914.122115885416,6454.924228999719,6576.754518968529,6479.904247207271,6410.92180717469,6603.7821385661855,6322.6909397672825,6559.6713951491065,6555.388556945152,6383.910164917189,6577.955222559311,7082.8384298954425,6702.688600115106,6580.933891679253,6579.74853515625,6506.59423828125,6505.865127257649,43.79287139029103,-167.37099062047037,39.856798885886036,-207.2277895063564,60.11955967440123,58.99202054461396,1.127539129787273,76.96900791307915,76.30874006258466,-27.497869167888844,2.3165189829710204,-6.128342311017796,150.197265625,3306.4593365444016,-398.02924419154715,49.102537808606236,0.5159252590476942,0.6415857873288064,-0.41843877192656587,-0.42345489014243964,-1.9111111895900017,31.974243137284247,-81.28113285788186,-1741.7419478039092,-1864.2684188524586,66.51131184895833,0,1,0,66.51131184895833,1,0,0,0,0,188.90564688983713,124.43499222785613,6207.749965599753,6599.11845703125,6990.486948462747,11.861235526527052,0.5444943122817747,6328.8097709913445,6698.959085245001,7069.1083994986575,6221.268360668712,6697.621423728775,7173.974486788838,9.22085588684024,0.35406383723480056,6143.559156952662,6599.11845703125,7079.009661881278,-2061305.0,44.610318822627114,0.045107336492411276,-821507.0056725724,52482.06234976603,473384.0218779356,6606.887649434765,-2475799.9362200713,989.6177798465284,-9.240321204434489,-7.779682052416785,-1.4606391520177036,0.6935554651710408,0.1779772491270987,195.68424571574857,38292.32402134147,6553.25732421875,6553.25732421875,1.4163371079402678,2.7797334936069493,0.2869729778329199,38292.32402134147,6505.844280133929,-21.6546142578125,3.3324132139600136,405.7880143229166,0.01661078532263005,-0.0035046674134214806,-0.06128342311017798,-0.14753276613120914,,,0.016474335184136043,-0.024598832130212855,-0.050376962286472704,-0.05987659117630462,0.2609824749244012
2026-03-11 00:00:00+05:30,6731.160599671489,6800.669262709691,6557.145904792633,6602.8369140625,183088,0.0,0.0,6572.384350585937,7114.26509765625,7528.2515625,,6689.8045927514295,7035.939177308811,7501.951601311401,,6568.381203497024,6893.380648360907,6460.728515321039,6560.792955511575,6496.863617388963,6403.112270005768,6618.52081234358,6311.42453542159,6563.7270401907845,6576.572859185495,6364.836922389799,6558.926748174138,7064.58829724297,6695.11501943105,6577.206042492271,6618.391357421875,6506.59423828125,6510.968811689201,42.73989891245212,-155.49366662596003,41.38729830431711,-196.88096493027714,63.93881307035552,60.737934926985616,3.2008781433699056,83.54239836833837,77.75814177762376,-34.14429420981452,5.237062600464681,-7.491148194315101,328.58642578125,2679.5184805889053,-360.9259863947955,44.25841028046507,0.6324470399314315,0.5159252590476942,-0.40986682891678283,-0.42460331969552434,-0.2414130894121686,184.82511616777174,-58.69824174928635,-1706.1546206615335,-1788.7460577008724,77.12394205729166,1,0,0,77.12394205729166,1,1,0,0,0,192.80691196321007,243.5233579170581,6273.826926525805,6572.384350585937,6870.941774646069,9.085208902413475,0.5509995080049154,6308.522192632968,6689.8045927514295,7071.086992869891,6221.268360668712,6697.621423728775,7173.974486788838,8.419985035722718,0.3506844361606432,6105.760632807943,6572.384350585937,7074.50724514769,-2244393.0,52.99266696341322,-0.00767516481912639,-935891.3250338498,21038.752131854068,-407908.53147069796,6653.550693854941,-2561656.2881198977,989.6177798465284,-5.91981254824265,-3.5673387169799566,-2.352473831262693,1.2496936991788068,0.20399803201966182,149.27871203006575,22284.1338653553,6553.25732421875,6553.25732421875,1.0504091229956132,3.5594277063743824,0.05687397558624594,22284.1338653553,6560.374909319196,-26.7341064453125,3.340244427020448,374.71381184895824,-0.004689348941483096,-0.005854767535483862,-0.074911481943151,-0.1499374331380704,,,-0.0047003784324934125,-0.024598832130212855,-0.050376962286472704,-0.05987659117630462,0.2609824749244012
2026-03-12 00:00:00+05:30,6606.725381201452,6606.725381201452,6481.318145448806,6508.05224609375,82424,0.0,0.0,6546.962646484375,7096.14423828125,7509.122563476562,,6672.494845450698,7015.237729025868,7482.270425960555,,6562.2543364025305,6869.607595358456,6449.574337360636,6538.835065615501,6487.837325777626,6386.13076701103,6616.620639394784,6303.109753183876,6562.812522845698,6555.048202581519,6341.631843938238,6547.784905985807,7051.824449682519,6680.149652151552,6574.179879981786,6555.444580078125,6506.59423828125,6510.968811689201,39.614495815957035,-151.9772334012605,35.92298522321332,-187.9002186244738,62.61815351137922,62.225508752045315,0.39264475933390486,84.78160459903613,81.76433696015121,-50.50337608815896,1.2477289796590565,-7.246277670252622,80.2021484375,1677.1532535101023,-349.7763477887065,43.22236492736262,0.43211074703769625,0.6324470399314315,-0.4012836431844691,-0.42288718096602135,1.1625993605173794,6.280077580699981,-119.12715817194658,-1684.585272396886,-1732.8425709104465,49.90380859374999,1,0,0,49.90380859374999,1,1,0,0,0,187.99264937674124,125.40723575264656,6333.034308326851,6546.962646484375,6760.890984641899,6.535193484642856,0.4090573957481648,6303.637962343015,6672.494845450698,7041.351728558382,6221.268360668712,6602.836884025745,6984.405407382778,7.459811894985734,0.34948726985177125,6084.667528351347,6546.962646484375,7041.140757530245,-2326817.0,54.5256389293154,-0.003919780270206781,-983173.3095299731,-8781.301854408579,-1465711.8087829195,6532.031924248002,-2679977.1186104612,988.1822655486229,-8.960602513622911,-5.286502945888174,-3.674099567734737,0.5892091741178017,-0.36377041700734103,106.96416907876204,11441.333466709993,6529.196533203125,6529.196533203125,-0.5349992349074091,0.834736538917114,-0.27747448173136013,11441.333466709993,6592.837716238839,-25.4217041015625,3.3389298295869354,340.2198133680555,-0.014355142979055047,-0.013992242576788438,-0.07246277670252621,-0.15977409043758162,,,-0.01445917483904183,-0.024598832130212855,-0.050376962286472704,-0.05987659117630462,0.2609824749244012
2026-03-13 00:00:00+05:30,6491.039633383533,6499.788975408463,6318.969240226594,6344.2451171875,96014,0.0,0.0,6535.394067382813,7073.5709375,7488.508666992188,,6641.232966568489,6988.9242932675015,7459.735271331386,,6542.947905040924,6840.121355315563,6411.258425974529,6505.922550928914,6439.49510037209,6352.866364672014,6582.250602319229,6293.276810586012,6536.4948581639055,6497.381921011255,6313.599176651444,6538.367576165253,7039.632416473645,6650.65707103332,6543.895271754618,6426.148681640625,6506.59423828125,6510.968811689201,34.86890541795611,-160.55749419606855,21.87417954272422,-182.43167373879277,45.525714150029955,57.3608935772549,-11.835179427224944,68.75593776069785,79.02664690935745,-78.77518725193666,-4.820245392526145,-3.518629394239772,-321.29541015625,1591.045053403739,-352.2625179758279,39.29345767096292,-0.042240894244793714,0.43211074703769625,-0.3952095226134822,-0.4194041419309482,0.752786956179431,-64.05630157896758,-244.87603676083654,-1680.976507162762,-1700.6997068472515,46.90633138020833,1,0,0,46.90633138020833,1,1,0,0,0,188.07053198319946,189.08300586715632,6303.703694430128,6535.394067382813,6767.084440335498,7.09032601749349,0.08749052073400393,6271.489499782078,6641.232966568489,7010.9764333549,6221.268360668712,6510.968811689201,6800.669262709691,6.46157405152643,0.2789396456112458,6098.1927849627,6535.394067382813,6989.775059234149,-2422831.0,54.427652442288334,0.0740628810693256,-1052344.685874059,-42191.1889715062,-3503149.789643172,6387.667777607519,-2921643.5509020085,988.1822655486229,-10.611120383927458,-5.549616652954176,-5.061503730973282,0.7740299231806701,-1.6500379170639836,115.84518647634245,13420.107229738556,6526.523193359375,6526.523193359375,-0.40135312570321274,0.03675508595011154,-0.1772281793948368,13420.107229738556,6558.055580357143,-11.5685791015625,3.327187952353304,311.24653645833337,-0.02516991608427388,-0.028579964574944605,-0.035186293942397695,-0.16637929784485572,,,-0.025492096078525008,-0.024598832130212855,-0.050376962286472704,-0.05987659117630462,0.2609824749244012
2026-03-16 00:00:00+05:30,6334.523960952117,6343.27330343962,6141.066277061774,6235.36474609375,124430,0.0,0.0,6524.4573974609375,7048.810302734374,7468.672705078126,,6602.5788503328,6959.372938476375,7435.490310435591,,6514.373683965774,6807.250524280024,6359.533875105974,6466.919962802726,6373.255711083555,6310.785383194764,6516.058680055296,6279.809177925226,6465.529209480368,6432.245752194707,6277.916518988643,6538.063621945984,7023.55895430536,6612.265433582839,6476.574285470509,6289.804931640625,6487.1513671875,6470.867769885732,32.11502043531784,-174.13581935963794,6.636683503323866,-180.7725028629618,28.339227734238854,45.494365131882674,-17.15513739764382,49.67577057939759,67.73777097971052,-85.70375345718782,-7.472590533748703,-3.3890621670022067,-503.5732421875,1847.9356299854353,-353.3719201211579,40.01659543355526,-0.569506829100185,-0.042240894244793714,-0.39251688642076843,-0.4150613187885923,-1.1089845034619024,-173.64618342014182,-375.8532097979878,-1681.0911389395017,-1686.3948864533884,35.402587890625014,1,0,0,35.402587890625014,1,1,0,0,0,189.14969685052282,203.1788401257263,6258.494048602364,6524.4573974609375,6790.420746319511,8.15281126556442,-0.0434821237735906,6229.348315597338,6602.5788503328,6975.809385068263,6141.066277061774,6470.867769885732,6800.669262709691,6.054045027472313,0.2779024062104091,6103.781858254461,6524.4573974609375,6970.3312934376945,-2547261.0,48.3628813721476,-0.0028870633942895173,-1060719.782027905,-54688.11075276928,-4938126.187579192,6239.901442198381,-3135191.172800977,988.1822655486229,-10.110573190523297,-4.039255567640012,-6.071317622883285,1.1236716057766636,-2.173928495094359,132.9816744292868,17684.125734016838,6526.523193359375,6526.523193359375,-0.6487918471194946,0.06247745834940922,0.045556736591288345,17684.125734016838,6494.206256975446,-10.936669921875,3.312411520867173,283.7541601562499,-0.017162068785579687,-0.044469273391877784,-0.0338906216700221,-0.16836302017089877,,,-0.017311044030615036,-0.024598832130212855,-0.050376962286472704,-0.05987659117630462,0.2609824749244012
2026-03-17 00:00:00+05:30,6270.361959589962,6270.361959589962,6060.863819699785,6126.48388671875,163871,0.0,0.0,6505.160229492188,7021.016562499999,7447.412885742188,,6557.236472845748,6926.710622721174,7409.569391154069,,6476.471444847471,6771.080860906863,6296.3145822950955,6422.188087818947,6292.555224791349,6260.580189721093,6425.63887431091,6260.791972324838,6383.441540552183,6354.055215527354,6232.329546889823,6515.9254834522835,7000.753578817344,6565.181914925134,6378.961801321197,6180.92431640625,6432.7109375,6430.766541204738,29.59762747186435,-191.47530712329444,-8.562243408266113,-182.91306371502833,14.796989315258857,29.55397706650922,-14.756987751250362,25.787280011238572,48.07299611711133,-91.13009134509895,-7.973131200994213,-5.926259822810221,-530.79345703125,2484.6988725395345,-391.3143458955137,42.506688785433944,-1.0856498106728598,-0.569506829100185,-0.39375474620313433,-0.41072039672147564,-3.0337116700606823,-190.78101296394198,-400.27915285411837,-1678.0026790823151,-1681.1205406139547,-54.116210937499986,0,1,0,-54.116210937499986,1,0,0,0,0,190.60315706764092,209.4981398901764,6185.032305777281,6505.160229492188,6825.288153207094,9.842276359729164,-0.09144534843931973,6179.647295725058,6557.236472845748,6934.825649966438,6060.863819699785,6430.766541204738,6800.669262709691,5.456505895325349,0.2803308767040099,6079.355553755755,6505.160229492188,6961.945448926795,-2711132.0,49.65368303695504,-0.03533878765767389,-1121933.7750673485,-74306.02101649367,-6781596.061730826,6152.569888669499,-3421339.8751333994,988.1822655486229,-7.216551154780977,-0.9161868255181531,-6.300364329262824,1.406953762357026,-2.3657813937572767,160.0639618574534,25620.471885504292,6526.523193359375,6526.523193359375,-0.8669578614413995,0.3009450267039443,0.20425668403632236,25620.471885504292,6419.0938755580355,-19.29716796875,3.298604659518966,254.97314887152757,-0.01746182682307562,-0.07649473319524835,-0.0592625982281022,-0.1775530157759616,,,-0.01761608288719878,-0.024598832130212855,-0.050376962286472704,-0.05987659117630462,0.2609824749244012
2026-03-18 00:00:00+05:30,6139.121722010885,6480.3460647544825,6138.635647448572,6410.83740234375,321179,0.0,0.0,6492.984057617187,6999.96953125,7429.843818359375,,6543.293704226509,6906.4803003534325,7389.792520088518,,6467.4883184523815,6747.152266390931,6294.606631644227,6402.305986505815,6302.274905397932,6247.370218366228,6360.487955475513,6245.97186551739,6384.5517008624065,6341.408820372963,6215.578916680909,6494.555068610228,6970.479230220416,6553.056651915742,6316.413225983755,6268.66064453125,6432.7109375,6430.766541204738,42.31500144961605,-180.1948497700514,2.174571155981539,-182.36942092603294,23.49077335844854,22.20899680264875,1.2817765557997909,38.17065758174286,37.87790272412634,-52.6938351223676,-3.4762856845427317,-3.659606735509073,-230.88525390625,2796.776608323029,-421.9013185549029,46.16344155698518,-1.2208596904944389,-1.0856498106728598,-0.3926646368470621,-0.40641253129946286,-3.456031900236699,26.389602230600758,-315.32081507530984,-1647.870367240224,-1674.505751741103,-136.66796875,0,1,0,-136.66796875,1,0,0,0,0,202.2645157082189,353.86217803573254,6178.271237419074,6492.984057617187,6807.6968778153005,9.693934788855998,0.3694894996306067,6134.26308149146,6543.293704226509,6952.324326961559,6060.863819699785,6430.766541204738,6800.669262709691,4.94016858727366,0.31823485033319043,6051.580843090327,6492.984057617187,6961.390913035522,-2389953.0,53.63476301372083,-0.0018429326009242273,-931419.3469023408,-14958.209797651623,7234114.489219558,6343.2730381822685,-1930625.4705316443,988.1822655486229,3.481485866805587,7.825480156854729,-4.343994290049142,2.3558989713906797,-0.5220420014775737,157.35641009905643,24761.03979926243,6516.8017578125,6516.8017578125,-0.7164551692910957,0.199791491545752,0.15085073273961974,24761.03979926243,6416.496840122768,-12.176171875,3.2943311711109864,217.97529947916664,0.04641381922858456,-0.029078336208764433,-0.03659606735509069,-0.15709083942790736,,,0.04536890808292822,-0.024598832130212855,-0.050376962286472704,-0.05987659117630462,0.2609824749244012
2026-03-19 00:00:00+05:30,6319.941597774938,6357.36933989374,6163.425585278127,6191.1318359375,113659,0.0,0.0,6476.1658935546875,6976.1616015625,7409.761787109375,,6509.754478675175,6878.427419395945,7366.056664956815,,6438.740487816221,6715.433141084559,6254.406875601902,6367.071879289079,6255.318643315788,6211.312414082355,6298.524385991612,6229.24296597455,6370.369191827664,6294.738049161848,6199.542369856413,6481.106985413093,6950.661835121573,6520.608810699563,6273.377417541394,6300.984619140625,6432.7109375,6430.766541204738,36.78585443769051,-186.82975201550107,-3.5682648715744847,-183.2614871439266,24.594829674848945,20.960864116185448,3.6339655586634976,43.43468214851478,35.79753991383207,-82.3915845079866,-6.200752750130145,-5.15302233416191,-409.27490234375,2966.9398470642614,-437.25980827828334,38.90051279026297,-1.3091990438737078,-1.2208596904944389,-0.3931735662189628,-0.40244773276061474,-5.673630014728035,-59.040747403515525,-252.98450201912874,-1618.5883042615037,-1658.570922641014,-238.58162434895831,0,1,0,-238.58162434895831,1,0,0,0,0,205.4893229480335,247.41181706562293,6134.428384611864,6476.1658935546875,6817.903402497511,10.553698424647607,0.08296345856363539,6092.553092950012,6509.754478675175,6926.955864400338,6060.863819699785,6430.766541204738,6800.669262709691,5.099207415993981,0.33399608229567246,6035.738160140581,6476.1658935546875,6944.576083389033,-2503612.0,44.53548073320821,0.001474636826316652,-1012604.3469023412,-15151.313408339163,2633310.280449912,6237.308920369789,-2320145.800013696,984.7551693267483,0.7804827984698577,4.0995816708152,-3.3190988723453425,0.8271529198405646,-1.6681461657454566,170.86875447141185,29196.131254611628,6495.900390625,6495.900390625,-0.5532482100285896,-0.4954392956934837,0.2341258131602292,29196.131254611628,6363.889676339286,-16.8181640625,3.2861129274290484,201.2737782118055,-0.03427096221874659,-0.048696660409644266,-0.05153022334161905,-0.18980978344214727,,,-0.03487198330812435,-0.024598832130212855,-0.050376962286472704,-0.05987659117630462,0.2609824749244012
2026-03-20 00:00:00+05:30,6270.361825311075,6489.095377356811,6260.640334109043,6396.7412109375,200334,0.0,0.0,6472.666162109375,6951.809267578125,7390.486552734375,,6498.991310319207,6859.537764162282,7346.8622995306905,,6431.176232328869,6692.710772824755,6258.224421883227,6350.086498050792,6272.24142972477,6202.264843749693,6265.988996085293,6218.2203071258555,6370.78267408396,6292.185011369647,6205.026366228465,6476.136771194902,6926.198739342876,6511.055648577712,6278.251032341686,6293.9365234375,6391.880615234375,6430.766541204738,44.141781193398,-173.4970358030714,7.811561072684128,-181.30859687575554,36.77178452031055,28.285795851202675,8.485988669107872,76.76801548184811,52.791118404035245,-54.599226808714164,-2.054185187464127,-1.08237959056545,-134.15673828125,3205.6854322886147,-409.8008682891086,44.599434001717675,-1.1587056006514012,-1.3091990438737078,-0.3909641475693171,-0.3986525277667272,-6.603082474258973,75.49512953951944,-152.95991370824868,-1604.8008818963501,-1635.95348399702,-283.4624837239583,0,1,0,-283.4624837239583,1,0,0,0,0,212.09462426741047,297.9635414193108,6129.093328881011,6472.666162109375,6816.23899533774,10.616114739228184,0.3895067598062826,6064.768429630857,6498.991310319207,6933.214191007556,6060.863819699785,6430.766541204738,6800.669262709691,4.986827178862084,0.3554263173316282,6021.053130243044,6472.666162109375,6944.594809641202,-2303278.0,42.48915261502035,0.046624340837492555,-974242.5171151076,-1646.8814614698058,8141487.173421353,6382.158974134451,-1654830.4808962396,984.7551693267483,3.0411849662503005,5.088227070876515,-2.047042104626214,1.3511276932819951,-0.44197296077487025,171.78641661418197,29510.572933141295,6495.900390625,6495.900390625,-0.48228087289249955,-0.6086244301388966,0.29029002174765184,29510.572933141295,6348.196372767858,-3.4997314453125,3.286576032612128,181.22914496527773,0.03321030474694542,0.008274600489155182,-0.01082379590565452,-0.15824483746906592,-0.2499702003941907,,0.03267075581248482,-0.024598832130212855,-0.050376962286472704,-0.05987659117630462,0.2609824749244012
2026-03-23 00:00:00+05:30,6309.247686251455,6352.994395940409,6222.726415977744,6265.5009765625,118364,0.0,0.0,6463.066186523439,6929.46927734375,7370.798789062501,,6476.75413567571,6836.242203864251,7325.44920402637,,6411.446214657739,6665.796722196691,6238.798078603803,6324.387409862947,6254.023266456505,6180.053411287363,6240.753545640557,6208.917116615577,6367.667755126265,6254.553691462419,6197.714536456026,6468.449189631381,6907.414652691325,6490.60050243862,6288.693503449382,6331.12109375,6384.103271484375,6430.766541204738,40.872424593936465,-171.54330777136056,7.812231283515985,-179.35553905487654,30.223377000717853,30.529997065292445,-0.30662006457459157,74.8586709169001,65.02045618242099,-72.33905768114568,-3.985108418088181,-2.9732790894430616,-260.05029296875,3302.989563230903,-364.1785565278442,43.95001551363727,-1.1083193907351796,-1.1587056006514012,-0.3886399176756705,-0.39534154396107213,-7.686085840060325,-39.44881312619782,-169.7167930888627,-1612.7689178274893,-1617.9029428972367,-350.9458821614583,0,1,0,-350.9458821614583,1,0,0,0,0,209.37463645972088,174.01479495975582,6107.199531560277,6463.066186523439,6818.9328414866,11.012316590698155,0.22241679965577246,6050.740139822487,6476.75413567571,6902.768131528933,6060.863819699785,6430.766541204738,6800.669262709691,5.028744098573571,0.36259457558217706,6008.572708226951,6463.066186523439,6940.134617492842,-2421642.0,42.37529324251805,0.033359162962125447,-1014874.9350255542,-8901.1212309408,4759257.705566518,6280.407262826885,-1897674.7447067157,982.7034959817238,0.6312357740190172,2.1426223029161853,-1.5113865288971682,0.7854076769081624,-1.1103328013769096,177.9333274815809,31660.269028667513,6495.900390625,6495.900390625,-0.3462386647568221,-0.9766298002134267,0.39113818501752046,31660.269028667513,6308.206270926339,-9.5999755859375,3.284263956060937,169.29655598958337,-0.02051673345024463,0.004833114291770801,-0.029732790894430594,-0.1718067684708754,-0.23136553144080907,,-0.020730125408854105,-0.024598832130212855,-0.050376962286472704,-0.05987659117630462,0.2609824749244012
2026-03-24 00:00:00+05:30,6425.905921202028,6489.095616342442,6287.860741049126,6421.53125,167921,0.0,0.0,6459.955322265627,6910.181845703125,7352.116093750002,,6471.494813230404,6819.979029202907,7307.549838600105,,6407.490506417411,6645.877583869485,6251.442803191022,6312.571569115266,6281.416872849084,6178.170656008716,6235.002372518432,6205.954385954502,6368.872214342167,6253.189109983856,6197.361090326623,6465.263718865031,6889.583142032361,6485.451277848088,6313.548220061993,6343.51611328125,6380.21484375,6430.766541204738,45.99375695817226,-155.610840261229,18.995759034918052,-174.60659929614704,40.60445832596997,35.86653994899945,4.737918376970519,92.50705435311549,81.37791358395455,-51.248340532230245,-3.201933768530863,-0.9595881891300191,-212.41455078125,3484.30761315349,-281.3199769158791,48.59092649402189,-0.8266778147121073,-1.1083193907351796,-0.383246204513088,-0.39238369680510604,-7.651762384667211,92.49697285677848,-108.7379024365373,-1616.1153091810274,-1611.6405354817016,-337.0927734375,0,1,0,-337.0927734375,1,0,0,0,0,210.3903509825938,223.59463977994164,6103.762307344574,6459.955322265627,6816.14833718668,11.027723789152443,0.4460628498369863,6043.464123690834,6471.494813230404,6899.525502769975,6060.863819699785,6430.766541204738,6800.669262709691,5.086445932724825,0.3739306907942293,5996.730656975831,6459.955322265627,6946.398845567778,-2253721.0,50.0424394503637,0.028533480202805547,-959712.4809192738,6492.118009086698,7822329.397042507,6399.495869130523,-1479499.731345323,982.7034959817238,1.2520482753439015,2.210747843392856,-0.9586995680489544,1.0686865009762716,-0.21574860065205492,178.09650746052634,31718.36596963731,6467.951171875,6467.951171875,-0.287890641389249,-1.0131684858332315,0.4366075175024136,31718.36596963731,6302.560874720983,-3.1108642578125,3.284531040478249,152.14784505208337,0.024903080219948137,0.0481593306596082,-0.009595881891300229,-0.15063647226080934,-0.20649301094823125,,0.02459805223670475,-0.024598832130212855,-0.050376962286472704,-0.05987659117630462,0.2609824749244012
2026-03-25 00:00:00+05:30,6410.837243110344,6522.148315115216,6371.951279091174,6415.2119140625,168716,0.0,0.0,6467.003393554689,6891.0305078125,7333.8201269531255,,6466.134537119176,6804.105809001323,7289.8797806884695,,6403.229229445685,6626.466998314951,6262.190087744812,6301.345939703831,6303.882991370457,6176.680982968465,6247.380733669,6208.011075255072,6369.791835079359,6259.777916845513,6201.500997017245,6475.924634039709,6874.360335583334,6480.210819065387,6341.54579450995,6418.37158203125,6380.21484375,6430.766541204738,45.82065521431596,-141.85890145757912,26.19815827085432,-168.05705972843344,41.436690786523016,37.421508704403614,4.015182082119402,92.15513848581512,86.5069545852769,-52.10252942705503,-2.841581617749828,2.246665574549998,-187.625,3397.863225605598,-226.75955525253084,48.085358619585875,-0.26035395095675534,-0.8266778147121073,-0.3754739503756044,-0.38951595315967663,-7.70110979794989,122.89063297571829,-27.306403048323773,-1613.0309320780186,-1612.6000446652338,-265.639892578125,0,1,0,-265.639892578125,1,0,0,0,0,206.0908284855544,150.19703602404206,6120.845189851401,6467.003393554689,6813.161597257977,10.705366384940659,0.4251910269089239,6050.259715912127,6466.134537119176,6882.009358326224,6060.863819699785,6430.766541204738,6800.669262709691,5.132895913638116,0.3539255333159722,6012.977519043339,6467.003393554689,6940.164757832595,-2422437.0,56.84415482084696,0.04463758368026227,-1031239.328815713,-10559.382815140532,6552543.3286034,6436.437169422963,-1496102.8286522347,982.7034959817238,1.75684858415681,2.1724385217646116,-0.41558993760780155,1.0836579074475627,-0.2992358923643045,173.07910185164374,29956.375497771667,6467.951171875,6467.951171875,-0.37825507815142073,-0.7402391164131764,0.6655698932557823,29956.375497771667,6275.680901227678,7.0480712890625,3.2869931317765446,134.010791015625,-0.0009840855228260281,0.0006823619824065652,0.022466655745499997,-0.1419841483589469,-0.2025098229835599,,-0.0009845700528895752,-0.024598832130212855,-0.050376962286472704,-0.05987659117630462,0.2609824749244012
2026-03-27 00:00:00+05:30,6610.614097137253,6865.317169703424,6610.614097137253,6753.52001953125,980855,0.0,0.0,6483.286889648438,6876.4677148437495,7319.840625000001,,6493.5045830631825,6802.122052551516,7279.25879531902,,6430.516527157739,6621.074430147059,6333.746789483336,6317.172294480582,6411.447343244435,6214.507835070159,6307.8128616874665,6223.624830936431,6378.459712368768,6345.779536372131,6234.395240240834,6548.42266739009,6853.737701433186,6496.759446903948,6412.3653070798055,6584.365966796875,6440.001953125,6463.090494701604,55.480652252148815,-102.48042359444844,52.46130890718803,-154.94173250163647,60.91728269831589,47.65281060360296,13.264472094712929,99.64808413269961,94.77009232387672,-13.89728194576707,3.771754807052051,5.06654506448038,245.4677734375,3886.6740078335115,-115.66294344949256,54.72444734704595,0.331816662382155,-0.26035395095675534,-0.36002293564126875,-0.38560633238498626,-5.440776709093643,415.45058222224725,160.74750965607655,-1724.2772293294654,-1632.5564382791745,-191.02742513020831,0,1,0,-191.02742513020831,1,0,0,0,0,223.52043042522365,450.10525564092404,6114.954406567918,6483.286889648438,6851.619372728957,11.362523033451406,0.8668331497981644,6031.502553277582,6493.5045830631825,6955.506612848783,6060.863819699785,6463.090494701604,6865.317169703424,5.066150205979348,0.38889820845447226,6016.158697014509,6483.286889648438,6970.323074001791,-1441582.0,73.6809378094459,0.05714498369786744,-911440.2448462498,21542.837457517395,53020922.39445302,6743.150428790643,3676465.143142405,982.7034959817238,31.38265617157847,25.438596887349018,5.944059284229453,3.9947779190117227,1.467332599192658,184.1662415402597,33917.20452306528,6516.8017578125,6516.8017578125,-0.38873838607745265,-0.8273875673976567,0.6670489273948047,33917.20452306528,6324.975802176339,16.28349609375,3.3013984452271656,125.27332465277777,0.05273529697860169,0.09083770116625045,0.05066545064480388,-0.08909720959476797,-0.19134510876714583,,0.051391821663250695,-0.024598832130212855,-0.050376962286472704,-0.05987659117630462,0.2609824749244012
2026-03-30 00:00:00+05:30,6620.821498600517,6670.401103097783,6494.928189141774,6543.53564453125,272945,0.0,0.0,6477.1866455078125,6860.913330078125,7303.547402343749,,6498.2694460601415,6791.9814090997415,7264.690020055896,,6436.254503813245,6608.018270526961,6358.0377469613395,6316.306317440668,6446.004714418517,6226.578869265578,6378.428073910138,6243.240304004264,6381.35086402457,6393.963060809903,6249.892321046341,6540.382820829757,6839.140142574004,6500.006086914903,6481.870944293809,6648.52783203125,6440.001953125,6463.090494701604,49.57260152287095,-87.21136203678816,54.184296371878645,-141.3956584086668,64.66672186965774,55.67356511816554,8.993156751492194,92.03942842182339,94.61421701344602,-40.000023018204665,3.141280383442979,-1.8303824320324031,199.29052734375,3687.112329123883,-59.77152572851901,47.518109007224304,0.6383389811026252,0.331816662382155,-0.3426410275714664,-0.38006457029061935,-4.090004088963061,207.15322175230995,31.68030779630135,-1967.6602679430353,-1709.7319833231718,-123.22005208333333,0,1,0,-123.22005208333333,1,0,0,0,0,226.02553042267024,258.59183038947594,6117.626636497241,6477.1866455078125,6836.746654518384,11.102351335203256,0.5922641525207643,6031.012022846602,6498.2694460601415,6965.526869273681,6060.863819699785,6463.090494701604,6865.317169703424,5.0636182697534515,0.3852021017151816,6025.036048890022,6477.1866455078125,6962.552370864935,-1714527.0,69.3597591047742,-0.02786430524114053,-1033169.1783642543,-6014.809228261816,37258764.1617633,6569.621645590269,2827808.6637269035,979.5942377816633,28.07273515609165,17.70294069748976,10.369794458601891,1.0369171294477701,0.369056610083057,179.7800045052858,32320.85001992058,6516.8017578125,6516.8017578125,-0.3634656735716704,-0.6987033547175088,0.6232896198672061,32320.85001992058,6354.390220424108,-6.100244140625,3.3130685358591205,124.27524739583332,-0.031092582000604607,0.022948315205053582,-0.01830382432032407,-0.12436580827102062,-0.23729564139700765,,-0.03158621551624926,-0.024598832130212855,-0.050376962286472704,-0.05987659117630462,0.2609824749244012
2026-04-01 00:00:00+05:30,6756.436235704135,6827.403119906495,6645.611238456614,6691.30224609375,155077,0.0,0.0,6474.804858398437,6848.31427734375,7289.529008789062,,6516.653522253819,6788.033206628918,7253.335806710111,,6456.64646577381,6601.36685546875,6406.410434863468,6327.2186691315665,6513.132149346657,6255.287731746173,6462.8880600226585,6270.035944020938,6395.858655998669,6476.073303158364,6275.34187539869,6533.028447932726,6836.641641050795,6512.173287799574,6555.782596118685,6617.4189453125,6440.001953125,6463.090494701604,53.338233090956145,-62.46691126683527,63.142997713465235,-125.6099089803005,74.82374836894834,66.80258431230732,8.021164056641027,89.63223971591512,93.7732507568127,-21.631449929183212,7.312122362779656,-0.7068731344662422,455.9375,3836.195751720383,41.28766112790254,50.30765395191328,1.0488868105926912,0.6383389811026252,-0.3214501720736118,-0.37203072872067244,-1.8071119390994288,331.57604359698234,149.7841621471016,-2277.4015207700863,-1879.051241232184,-51.84814453125001,0,1,0,-51.84814453125001,1,0,0,0,0,230.15709791928273,283.8674753752448,6121.977357037941,6474.804858398437,6827.6323597589335,10.898475215136264,0.8068034476628138,6039.826810703427,6516.653522253819,6993.48023380421,6060.863819699785,6463.090494701604,6865.317169703424,5.052471851494397,0.39191434075157827,6021.574703371069,6474.804858398437,6968.083402148073,-1559450.0,69.89303945731018,-0.06911274529692156,-1110293.0339792273,-41280.99972918467,35209683.74872681,6721.438868152286,3178004.681833096,981.8524451116103,21.85298291348063,9.186550763902993,12.666432149577638,0.5823567428399116,1.2272137906512546,176.41375068024817,31121.811429072764,6516.8017578125,6516.8017578125,-0.4261260023404579,-0.6988869507120657,0.46711648545235573,31121.811429072764,6420.329680524554,-2.381787109375,3.329408473719915,129.67823784722222,0.02258207329947015,0.06795965256793579,-0.00706873134466246,-0.1046504410566752,-0.2313506238754598,,0.02233087299911895,-0.024598832130212855,-0.050376962286472704,-0.05987659117630462,0.2609824749244012
2026-04-02 00:00:00+05:30,6610.614218358955,6824.000956730984,6518.260049131882,6797.7529296875,157651,0.0,0.0,6481.828637695313,6829.512919921875,7277.6687890625,,6543.42489439036,6788.414372239059,7244.314363600752,,6487.4034249441975,6599.384057521445,6467.902866303581,6346.037211014092,6595.874899729695,6294.641436611398,6558.686265007778,6304.458102779573,6429.276109044099,6543.558555908163,6316.358090916143,6540.4867815481575,6797.540358109941,6529.354013346101,6624.887109597643,6744.527587890625,6462.118408203125,6463.090494701604,55.893469082465614,-33.87656725706438,73.3866733785889,-107.26324063565328,76.65658347186016,72.04901790348875,4.607565568371413,89.63223971591512,90.43463595121787,-8.398776637031647,10.956840095898324,2.110105658574997,671.26904296875,3865.6424480103146,110.69910178282407,54.60892776119007,1.3083996605600114,1.0488868105926912,-0.2959259316157925,-0.36128198369497583,1.1983910593759792,285.04161565318736,-20.69929194591532,-2436.4492946442447,-2108.475016899992,79.55411783854166,0,1,0,79.55411783854166,1,0,0,0,0,235.5559414678413,305.7409075991027,6108.697647155978,6481.828637695313,6854.959628234647,11.513139621414167,0.9233423382168563,6053.773887254462,6543.42489439036,7033.075901526258,6060.863819699785,6463.090494701604,6865.317169703424,5.023556881026059,0.3932858804371121,6010.832917048739,6481.828637695313,6978.971934686107,-1401799.0,64.46191979699174,-0.029134797138608393,-979710.8861254919,-10406.39427799324,32577165.60165702,6713.337978516789,3428808.727174723,981.8524451116103,16.6624638089209,3.1968253274746097,13.465638481446291,0.5934088932100376,1.6933693528674265,186.5654952696671,34806.68402521618,6516.8017578125,6516.8017578125,-0.23722565570468687,-0.6534932023273066,0.30937388817179323,34806.68402521618,6498.552999441965,7.023779296875,3.348524229723302,138.55503689236107,0.015908814111019076,0.0585875338825923,0.0211010565857499,-0.09558297415767225,-0.23912019550336572,,0.015783595237798455,-0.024598832130212855,-0.050376962286472704,-0.05987659117630462,0.2609824749244012
2026-04-06 00:00:00+05:30,6804.557703055971,6857.539829610232,6749.631278279535,6821.5703125,97867,0.0,0.0,6490.821020507814,6810.585175781251,7267.3688671875,,6569.9149342103265,6789.714605190468,7235.943194272024,,6519.759774925596,6599.072582720588,6525.552659111781,6365.93481135901,6669.529037296194,6334.422616389402,6651.067591737688,6345.023896158223,6449.060473447485,6630.077625732385,6351.610343325069,6544.463112153775,6781.605900038783,6546.873437425911,6687.248310148028,6809.66162109375,6474.027099609375,6463.090494701604,56.46786333521832,-9.190705175967196,78.45802836774888,-87.64873354371608,88.17722946778159,79.88585376953003,8.291375698251557,97.24089542679134,92.1684582862072,-5.4380850304403765,6.406852714843296,2.70784652654473,410.73291015625,4108.077389812132,190.33385752310005,57.39356536369545,1.671662371137523,1.3083996605600114,-0.26727033795542754,-0.34729273611013856,4.540290069657932,278.2074926149771,170.29894128427986,-2367.2944552029417,-2293.7760589957734,195.48282877604166,0,1,0,195.48282877604166,1,0,0,0,0,226.4382707437596,107.90855133069726,6093.57575729583,6490.821020507814,6888.066283719798,12.240216205527268,0.9163036323175573,6106.343346548191,6569.9149342103265,7033.486521872462,6060.863819699785,6463.090494701604,6865.317169703424,4.939398946271685,0.3931656288992616,6019.93162709646,6490.821020507814,6986.126346819512,-1303932.0,67.31006004648437,-0.02127503353741904,-947088.5527921589,13549.995310644852,28256275.630521867,6809.580473463256,3463098.525992376,982.2028165219698,10.212195875999399,-2.602754084357514,12.814949960356913,0.40218395003840324,1.6652145292702278,198.62263160599213,39450.949786089666,6516.8017578125,6516.8017578125,-0.08546202587208215,-0.7026572100275701,0.17654616853396718,39450.949786089666,6577.637283761161,8.9923828125,3.3579777001246556,143.757109375,0.003503714103594957,0.06334294235031268,0.027078465265447216,-0.08597111172799887,-0.2245725222922046,,0.0034975903969779996,-0.024598832130212855,-0.050376962286472704,-0.05987659117630462,0.2609824749244012
2026-04-07 00:00:00+05:30,6793.864422756786,7009.1954622703615,6749.631635858963,6991.69677734375,153224,0.0,0.0,6510.385522460938,6798.2777734375,7257.798061523437,,6610.0846335563665,6797.6354746866755,7231.106631560573,,6567.46222795759,6606.174998468137,6606.291350732672,6398.084743462611,6773.260971624387,6391.087224134209,6756.4135546452235,6393.5488771288265,6530.256647084878,6721.1799798293005,6389.502213286586,6560.780209309045,6769.674835635205,6571.300147164682,6763.581005141614,6906.633544921875,6559.09033203125,6535.0296409850735,60.431711201381376,23.826149264576088,89.17990624663373,-65.35375698205765,94.77264366943587,86.5354855363592,8.237158133076662,99.99999999999999,95.62437838090214,-1.845207324220366,12.93083336974399,5.928271613824698,800.56494140625,4441.876948674563,215.23520773761993,61.12438724124116,2.0746443548470426,1.671662371137523,-0.23394902926633376,-0.3298466118542515,8.080368649191843,370.95391951103556,111.39009309963694,-2174.428581269137,-2343.2196002889327,358.07486979166663,0,1,0,358.07486979166663,1,0,0,0,0,228.80438186287668,259.5638264113986,6055.984784542644,6510.385522460938,6964.786260379232,13.9592574464478,1.0296109961086342,6141.221992069406,6610.0846335563665,7078.947275043327,6060.863819699785,6535.0296409850735,7009.1954622703615,4.684808180247891,0.4004807583286832,6018.517251445306,6510.385522460938,7013.876446052107,-1150708.0,70.93469779406576,0.021828788557448926,-814523.9685224965,64298.15919992165,27943587.318907134,6916.841291824358,3845231.3232084676,982.2028165219698,6.794276334481248,-4.816538900700532,11.61081523518178,0.6195990705852191,2.1184439844345344,227.2003689591472,51620.00765517262,6516.8017578125,6516.8017578125,0.27512024086564013,-0.3582192370719822,0.09950454047281404,51620.00765517262,6681.615638950893,19.564501953125,3.3751269209803167,159.04363606770832,0.02493948710489824,0.03526705438403832,0.05928271613824698,-0.05281176553858247,-0.21564689406688353,,0.024633573876789962,-0.024598832130212855,-0.050376962286472704,-0.05987659117630462,0.2609824749244012
2026-04-08 00:00:00+05:30,7088.911464408513,7130.7138770483325,6945.03339299704,6980.03076171875,172022,0.0,0.0,6532.842163085939,6788.682656250001,7247.473837890624,,6645.31759814326,6804.788231040875,7226.134832157764,,6612.190345982143,6613.302566636029,6673.763024500439,6427.778412048259,6853.999132661353,6442.712260131578,6856.789310868167,6446.777590690272,6580.532888944441,6813.88289097651,6422.114814144221,6579.84161925223,6761.205058491083,6594.234421498653,6839.949261522395,6985.86376953125,6559.09033203125,6595.788848374059,60.02806885196563,48.491909767684774,91.07653339979395,-42.58462363210917,92.87739993118475,91.94242435613407,0.9349755750506858,99.56364051228007,98.9348453130238,-14.08450785178501,9.118542263112184,6.87704533116655,583.28955078125,4808.433103078075,286.71965423194797,59.53962822808766,2.4900362347288567,2.0746443548470426,-0.19818729682741232,-0.3086852095377784,12.002692792733312,443.6453030090888,257.9648189577965,-2026.049187938438,-2257.6574259211397,433.01139322916663,0,1,0,433.01139322916663,0,0,0,1,0,225.72410344776353,185.6804840512923,6032.13949422082,6532.842163085939,7033.544831951059,15.328785124929484,0.9465610295691029,6185.740830311954,6645.31759814326,7104.8943659745655,6060.863819699785,6595.788848374059,7130.7138770483325,4.238026992104618,0.3977454360645528,6043.679505224446,6532.842163085939,7031.018468781512,-1322730.0,75.15239649541391,0.01160767223854381,-921699.9789937002,45112.026622886304,23664958.93908558,7018.592677254707,3816528.543271747,982.2028165219698,4.688656288218344,-5.5377271575707505,10.226383445789095,0.7036694943472296,1.7862441182764113,250.35133443255975,62675.790652163385,6516.8017578125,6516.8017578125,0.29182647998707,-0.6825250811472514,0.14579059335032407,62675.790652163385,6770.886711774554,22.456640625,3.383783432037902,172.6947439236111,-0.0016685528558394447,0.06670630999806648,0.06877045331166554,-0.08330671553952251,-0.2085837621270723,,-0.0016699464405513821,-0.024598832130212855,-0.050376962286472704,-0.05987659117630462,0.2609824749244012
2026-04-09 00:00:00+05:30,6987.80792886214,7044.678652824082,6888.162643287798,7016.486328125,136188,0.0,0.0,6557.388916015626,6775.47115234375,7236.036503906249,,6680.667000998663,6813.090117201037,7221.983376632363,,6658.251695033483,6622.236043964461,6738.386132191,6458.8413189894645,6927.942629663636,6495.057957702283,6948.918033389136,6503.399860586813,6664.623979198989,6889.840844812081,6459.510127805232,6596.108469320547,6730.887417622879,6617.76444594636,6909.259458827495,6998.258544921875,6603.80908203125,6634.674762248453,60.906805963419146,70.17245779805307,90.2056651441298,-20.033207346076722,90.85210631250415,92.8340499710416,-1.9819436585374461,99.56364051228007,99.70909367485338,-11.513965886482147,11.986038377006528,7.5232733345609795,750.9853515625,4971.1164322501545,318.91356339785125,59.67962066827757,2.503532096900487,2.4900362347288567,-0.1608828369851656,-0.28397816870134257,15.242417223975867,310.5503996297293,154.03439009344584,-1956.5919166398357,-2120.8069850429874,580.4540201822916,0,1,0,580.4540201822916,0,0,0,1,0,220.7806681683721,156.5160095362835,6012.045435252638,6557.388916015626,7102.732396778614,16.632946062755348,0.9209250025938261,6235.046875906285,6680.667000998663,7126.287126091041,6060.863819699785,6595.788848374059,7130.7138770483325,3.4729077749920583,0.39748784301582085,6068.889595418948,6557.388916015626,7055.8640015351775,-1186542.0,75.35405562083815,0.015428135373842468,-834573.4945216508,60884.12411676149,20993509.18746398,6983.10920807896,3887657.3226026827,982.7251002718665,1.5195032139185765,-6.965504185496415,8.485007399414991,0.5530553518302385,1.683700010375304,272.67174038149426,74349.878002673,6525.7939453125,6525.7939453125,0.2512717851988098,-0.9727730838821075,0.27913701330365037,74349.878002673,6859.977253069197,24.5467529296875,3.3944276849625967,186.8341189236111,0.005222837498967348,0.04859802622442988,0.07523273334560976,-0.04957861645078787,-0.2030662653796318,,0.005209245787523515,-0.024598832130212855,-0.050376962286472704,-0.05987659117630462,0.2609824749244012
2026-04-10 00:00:00+05:30,7076.759764716226,7076.759764716226,6895.453947542027,7051.48388671875,151932,0.0,0.0,6578.2658203125,6761.812460937499,7225.8289404296875,,6715.982894876766,6822.438892476242,7218.607149109321,,6705.308358909971,6633.06007276348,6800.15744136907,6491.064360635417,6995.596791020472,6547.8379753235495,7029.111974896848,6563.42916909387,6730.878474564785,6965.83275096093,6498.793852879046,6612.352161949256,6716.287559282726,6641.797225400913,6964.7613576401,7033.985107421875,6621.307861328125,6647.06973116323,61.77557313630606,89.15078405954591,87.3471931244981,1.8035909350478043,88.7368625447549,90.82212292948127,-2.085260384726368,99.56364051228009,99.56364051228007,-8.190938627468148,9.810006557528627,6.293962876337163,629.95263671875,5165.557790076671,370.64333747151886,65.46830909209845,2.423672341881134,2.503532096900487,-0.12280840058787046,-0.2559042187249277,17.555921109568143,297.29499244695853,115.9891752727599,-1926.8998824222172,-2011.1017788079835,659.0361328125,0,1,0,659.0361328125,0,0,0,1,0,217.96103595450256,181.30581717419864,5990.280918454875,6578.2658203125,7166.250722170125,17.876592947704655,0.9024066476122162,6278.268340331434,6715.982894876766,7153.6974494220985,6060.863819699785,6595.788848374059,7130.7138770483325,3.21992371040083,0.3946439381546052,6080.158699438112,6578.2658203125,7084.145715849098,-1034610.0,74.17605688981482,0.02401929181091277,-725003.2317870675,96664.69086009951,18754043.45672136,7007.899199659001,3963439.5421297397,982.7251002718665,-0.4239992055384852,-7.127205283962782,6.703206078424297,0.6210236188609172,1.609626590448866,293.9924509288124,86431.56120313017,6525.7939453125,6525.7939453125,0.23992032589022283,-1.1898679664719154,0.4134410871658852,86431.56120313017,6959.393436104911,20.876904296875,3.3990061918155265,200.91083984375,0.00498790376793945,0.037325710371605814,0.06293962876337167,-0.045278004993809184,-0.17698792321629342,,0.004975505386803678,-0.024598832130212855,-0.050376962286472704,-0.05987659117630462,0.2609824749244012
2026-04-13 00:00:00+05:30,6999.959770825064,7010.653411194355,6879.899353951667,6964.96240234375,68906,0.0,0.0,6596.372094726563,6745.45119140625,7215.533881835938,,6739.695228921241,6828.028049725948,7213.584480856537,,6742.136604817709,6641.0267371323525,6837.3071684545175,6515.018572177619,7026.290888033333,6587.2106266884175,7082.080777931378,6622.219182600775,6759.291790131641,6985.887230408103,6531.371273017368,6619.022729889527,6701.798083260864,6660.885376542106,6992.5549460272005,7008.22314453125,6658.492431640625,6676.720146513038,58.324725035164235,96.10188099166044,75.4386320452901,20.663248946370334,87.34675856643838,88.97857580789915,-1.631817241460766,94.49708402516947,97.87478834990986,-18.254819786734554,8.569482904783962,5.48439243607558,549.75048828125,5224.407527789854,388.4451169281683,66.8636951340313,2.1811802981646093,2.423672341881134,-0.08671949526237732,-0.22553716979393976,19.08381643267847,204.6889774858755,73.93492024318766,-1907.4751026369142,-1950.0846481165763,700.0284016927083,0,1,0,700.0284016927083,0,0,0,1,0,214.64842858397262,171.58453276708315,5983.428647983003,6596.372094726563,7209.315541470122,18.58425928499619,0.8006723618430301,6310.985006662687,6739.695228921241,7168.405451179796,6060.863819699785,6595.788848374059,7130.7138770483325,2.399049108083029,0.39755825761604086,6107.252420889066,6596.372094726563,7083.04711213146,-1103516.0,75.02368845096878,0.059339580443211415,-704254.5849469188,109116.33844423061,15223201.61971206,6951.8383891632575,3878892.0979588367,981.4981034331165,-5.714595144420034,-9.934240978275465,4.219645833855431,0.29363348101797143,1.2026894473721204,306.4717233717798,93924.91722646872,6525.7939453125,6525.7939453125,0.13206013682871148,-1.433992142111017,0.5136170188117071,93924.91722646872,7033.665625000001,18.1062744140625,3.3993590421257753,202.3236935763889,-0.012269968387499386,0.021020393146281124,0.05484392436075569,-0.05531379915733359,-0.16917008354987118,,-0.01234586592889855,-0.024598832130212855,-0.050376962286472704,-0.05987659117630462,0.2609824749244012
2026-04-15 00:00:00+05:30,7094.744588348318,7354.794489332584,7062.177591402625,7332.43505859375,191551,0.0,0.0,6637.591235351562,6736.312998046875,7208.30109375,,6796.146641271004,6847.808716740372,7215.937957643413,,6812.237839471727,6664.045712316176,6935.537292974706,6566.079075247011,7144.322350271639,6665.493244614121,7149.907973653949,6689.242908765369,6831.996383661502,7094.025063003164,6594.21836693703,6655.357680950485,6705.264713416819,6693.550556259943,7044.39806499159,7148.69873046875,6798.968017578125,6788.760452655164,66.80589510534088,129.76677702403958,87.2828224621354,42.483954561904184,90.52638187651561,88.87000099590296,1.6563808806126588,94.49708402516947,96.18593618753965,-1.975095956250461,8.572048907655144,12.667120381444532,578.9150390625,5695.962801006142,434.16613821794726,69.15829937433313,2.2833688713701505,2.1811802981646093,-0.04665778253674091,-0.19265014256785915,21.56756076454712,473.61996635477954,181.0030684248204,-1843.0789586436204,-1911.4034742336198,754.1447753906249,0,1,0,754.1447753906249,0,0,0,1,0,227.1615470414627,389.8320869888339,5944.075194882864,6637.591235351562,7331.107275820261,20.896617941010227,1.0009572833907285,6334.012233134439,6796.146641271004,7258.281049407569,6060.863819699785,6707.829154516185,7354.794489332584,2.159037634492502,0.42754972447216844,6120.048179671656,6637.591235351562,7137.645286458376,-911965.0,75.15968089413943,0.10994978197561024,-541977.1596977497,155924.2533584534,23104137.785088018,7249.80237977632,4889518.5839490155,981.4981034331165,-4.358295172363298,-6.862352804974983,2.5040576326116852,1.2299701482570218,2.0038291335629155,346.7580202343491,120241.12459684524,6617.4189453125,6617.4189453125,0.25327216502002947,-1.0537214020321746,0.6696924395579771,120241.12459684524,7161.531047712054,41.219140625,3.3988570707696413,220.67786458333333,0.052760178019962245,0.04873470519404477,0.1266712038144453,-0.019945388589897473,-0.12926294683264805,,0.0514154560444756,-0.024598832130212855,-0.050376962286472704,-0.05987659117630462,0.2609824749244012
2026-04-16 00:00:00+05:30,7436.940850151909,7574.499952151451,7378.611902307581,7559.431640625,211647,0.0,0.0,6698.350561523438,6735.117255859374,7204.397915039062,,6868.840450733289,6875.715498069181,7222.739812751959,,6900.032163783483,6696.32487477022,7060.726391788229,6631.846475558141,7297.122895898478,6763.737938874259,7248.977776713846,6768.345870942878,7067.61478045689,7221.028488922506,6672.614196144156,6708.942355813758,6712.499964708405,6731.569481194269,7142.989156509711,7445.933349609375,6987.32177734375,6931.180346600288,70.76389504386853,172.77157359863577,104.23009522938527,68.5414783692505,92.86631565729164,90.24648536674854,2.619830290543092,94.49708402516947,94.49708402516947,-1.1711372851400448,15.525184720935746,19.154154686510765,1015.89599609375,6069.859212555572,491.95897048770985,72.60590629273975,2.5496620998103365,2.2833688713701505,-0.0009725441888708275,-0.15704151724733237,24.29424009275003,596.4315552240469,400.5435053801766,-1749.930724848691,-1862.9897883053295,800.6459147135416,0,1,0,800.6459147135416,0,0,0,1,0,228.22607179262258,242.064893557701,5907.0178760450435,6698.350561523438,7489.683247001833,23.627687987068207,1.0440702089671687,6404.611244598739,6868.840450733289,7333.069656867839,6060.863819699785,6817.681885925618,7574.499952151451,1.539327940892856,0.41901648885609477,6171.525035682302,6698.350561523438,7192.889221134523,-700318.0,79.68303492746023,0.16700504712748482,-362891.23662082537,217879.89831525198,26666853.186813727,7504.1811650280115,5544732.646034168,981.4981034331165,-2.3552021428709033,-3.8874078203860707,1.5322056775151676,1.4146912065986437,2.1762808358686763,395.66634273919703,156551.85477661176,6722.4111328125,6722.4111328125,0.4177832104603281,-0.47828264876789134,0.7977469672889003,156551.85477661176,7303.395368303572,60.759326171875,3.4079737102334278,253.28374999999997,0.03095787145979645,0.0830083560783017,0.1915415468651076,0.032532231376297016,-0.1006709366508004,,0.030488342376286025,-0.024598832130212855,-0.050376962286472704,-0.05987659117630462,0.2609824749244012
2026-04-17 00:00:00+05:30,7577.902403926044,7796.635956316469,7501.1026233089615,7769.90185546875,175320,0.0,0.0,6775.077416992188,6739.637744140626,7201.087744140625,,6954.655822612856,6910.78162973191,7233.574704686945,,7002.08466796875,6736.904662990196,7205.909391458363,6710.167087544316,7473.505510797195,6878.44456280586,7382.979758142246,6861.768226273382,7298.938498468616,7365.887754858458,6760.192381007376,6767.549979721654,6723.981102249178,6773.353629884642,7299.678412647468,7664.666748046875,7092.556884765625,7084.293617703821,73.87443972294155,221.28553023465884,122.19524149232666,99.09028874233218,98.32575809249843,93.90615187543523,4.419606217063205,99.99999999999999,96.33138935011297,-1.8764924811142003,16.11942742542627,24.61022204573256,1078.599609375,6337.343854506925,593.1296625242858,73.32168816001081,2.8928260903989163,2.5496620998103365,0.05097864264471674,-0.11849656455172022,27.74419371558787,705.4484938831574,409.91516087565014,-1641.808907015904,-1789.2172294395734,875.1773274739583,0,1,0,875.1773274739583,0,0,0,1,0,233.0337333079715,295.5333330075073,5881.755839481431,6775.077416992188,7668.398994502944,26.370815343608243,1.0568120503977099,6478.346858394452,6954.655822612856,7430.96478683126,6060.863819699785,6928.7498880081275,7796.635956316469,1.279538066104045,0.41214852918053885,6230.437644301239,6775.077416992188,7275.133406410878,-524998.0,79.94330020480284,0.20133605180757272,-219290.31556819455,269109.3281038473,28128679.598184086,7689.213478364727,6032859.79395498,984.2823103001073,-2.3822422841082123,-3.1315583692987037,0.7493160851904916,1.1562294731677207,2.2272482015908404,446.66078875537806,199505.86021157648,6775.636474609375,6775.636474609375,0.5844480834767988,-0.08532861965290248,0.8801248352773333,199505.86021157648,7456.099169921875,76.72685546875,3.4165455233129722,294.61737521701383,0.02784206866990724,0.1073778943064061,0.24610222045732555,0.0612800646661682,-0.054636965115914315,,0.027461525532188613,-0.024598832130212855,-0.050376962286472704,-0.05987659117630462,0.2609824749244012
2026-04-20 00:00:00+05:30,7838.924673955595,7947.319304221118,7696.990898002532,7857.3955078125,271398,0.0,0.0,6861.622998046875,6746.403906250001,7198.268510742188,,7040.631030727108,6947.903742597816,7245.927591877549,,7105.162581380209,6780.73830078125,7345.7427813097465,6790.822781092665,7636.582387045143,6994.327521117279,7538.005818748308,6967.865693613984,7481.990364040439,7511.348035645748,6852.418330833067,6861.0551940047335,6749.193065483449,6816.111746594384,7483.605698072199,7813.648681640625,7200.465576171875,7221.1237466814455,75.06224400839496,263.75281860956693,131.7300238937878,132.02279471577913,96.92031301667485,96.0374622554883,0.8828507611865604,99.99999999999999,98.16569467505649,-6.191431183721152,15.588130211341955,28.252936808437433,1059.642578125,6567.018922590745,716.7855961435989,76.33713267457127,3.2710931423750447,2.8928260903989163,0.10721167088154626,-0.07688745245872314,30.61741342213912,746.6735495907787,496.345143372193,-1553.453634668217,-1696.6686428401713,956.5948893229165,0,1,0,956.5948893229165,0,0,0,1,0,234.2690670873011,250.32840621858577,5900.094885944779,6861.622998046875,7823.151110148971,28.026258871284245,1.017807278452142,6562.0032238212025,7040.631030727108,7519.258837633013,6138.635647448572,7042.977475834845,7947.319304221118,0.9277305842220295,0.39806360605059066,6308.205606751271,6861.622998046875,7363.108935443011,-253600.0,80.87518531313735,0.2283909997735745,-142877.28644197917,289915.5742753551,27502525.692556225,7833.901903345383,6338469.8608578965,984.2823103001073,1.7459221413399486,0.7972848449195655,0.9486372964203831,1.6649622252009901,2.071229113808568,480.764056051048,231134.0775906552,6809.66162109375,6809.66162109375,0.6726248809361856,-0.21637124411767755,0.9225127851035699,231134.0775906552,7592.241748046875,86.5455810546875,3.423415389384544,340.2587044270833,0.011260586551961271,0.11428964939020281,0.28252936808437434,0.015453279432263045,-0.04787300197325017,,0.011197658113973566,-0.024598832130212855,-0.050376962286472704,-0.05987659117630462,0.2609824749244012
2026-04-21 00:00:00+05:30,7903.572422864983,7940.028015221372,7665.39588613658,7710.11474609375,215428,0.0,0.0,6926.586865234376,6748.435693359375,7195.949936523438,,7104.391384571551,6977.794370185891,7255.119416713514,,7185.971319289435,6818.530882735907,7438.132812386529,6855.591892500857,7727.176449357337,7084.626754626187,7672.021429290109,7078.0401267858415,7528.673493774717,7598.698957474129,6933.193190255054,6939.388441942805,6763.547897133109,6855.116216649124,7628.225158701062,7783.755126953125,7200.465576171875,7221.1237466814455,69.34667981888502,282.27028784186496,120.19799450086865,162.0722933409963,91.86669116586499,95.70425409167942,-3.8375629258144244,92.5256383479997,97.50854611599989,-16.332002837569647,13.02551161813228,20.266889677704114,888.54443359375,6564.834221659492,847.3352255609598,69.15044478376052,3.481872622257707,3.2710931423750447,0.1619645592181751,-0.032897053738222146,30.74237629466797,666.6009760962597,391.9688470114679,-1445.6332690069103,-1597.6815128706405,1017.2731933593748,0,1,0,1017.2731933593748,0,0,0,1,0,237.1521429442647,274.6321290847918,5918.840866886571,6926.586865234376,7934.332863582181,29.097909777349063,0.8887526629448117,6619.036296592914,7104.391384571551,7589.746472550187,6163.425585278127,7055.372444749622,7947.319304221118,1.0543459349824649,0.39291283149152356,6390.809438616752,6926.586865234376,7428.943195253213,-469028.0,65.86456033626078,0.15385562649320025,-288148.2032561379,225848.69469779823,19040964.888541497,7771.846215817233,5934666.846182108,982.4078881512883,2.521097128455167,1.257967865627827,1.26312926282734,1.2326964275905004,1.555010651779247,503.8729991739024,253887.99929650343,6893.266357421875,6893.266357421875,0.47310757890587074,-0.6893771412155792,0.9094838722991311,253887.99929650343,7704.740227399554,64.9638671875,3.42488559500933,375.5412304687499,-0.018744221488190438,0.10698583864562594,0.20266889677704114,-0.007446329783867056,-0.056028860191038254,,-0.018922120973625865,-0.024598832130212855,-0.050376962286472704,-0.05987659117630462,0.2609824749244012
2026-04-22 00:00:00+05:30,7658.590862552298,7940.514110856457,7618.732748136882,7900.169921875,439033,0.0,0.0,7012.03876953125,6760.276464843751,7195.755507812501,,7180.179816695689,7013.965960448209,7267.892694043444,,7278.693515159971,6863.69693091299,7550.70683283108,6931.308833316581,7845.504703332661,7189.356488635365,7795.8929956160355,7194.421997018759,7605.725303218931,7715.042778860521,7032.130505404366,7051.864750096432,6804.0024619906035,6897.434118934019,7733.466036593708,7805.142333984375,7295.736083984375,7232.7896766765,72.27993697739782,308.7226177831453,117.32025955371918,191.40235822942614,91.39241195499508,93.39313871251164,-2.00072675751656,88.25646503316514,93.59403446038827,-3.2993301137239195,12.99360045869141,27.60461465247908,908.47314453125,6647.213919467391,925.9077044296937,71.52463462354316,3.44106257466649,3.481872622257707,0.21695957423597534,0.013230376379932038,32.28840063239757,577.5523741956458,255.77101147607118,-1306.0782007534533,-1491.0101525199352,1084.4324544270833,0,1,0,1084.4324544270833,0,0,0,1,0,243.19708721392973,321.78136271957464,5977.3965689070865,7012.03876953125,8046.680970155414,29.5104529404457,0.9291972393006834,6679.757334673193,7180.179816695689,7680.602298718184,6222.726415977744,7085.0228600994305,7947.319304221118,0.6489303481198598,0.3595761313420146,6451.156099508537,7012.03876953125,7521.249258170989,-29995.0,78.1917549066306,0.23375736877097014,40794.950822414714,283771.54801399185,28240897.6171455,7819.805593622779,7016888.015861116,982.4078881512883,11.329107856740352,8.05278287513041,3.2763249816099425,2.159081352889829,1.7167889572027344,517.3211003120816,267621.12082810287,6972.49658203125,6972.49658203125,0.439118012183194,-0.9474234366924755,0.9220512373110774,267621.12082810287,7812.003006417411,85.451904296875,3.4262784013449386,414.3753450520833,0.02465010989331118,0.07742787474344603,0.27604614652479076,0.03853036017791078,-0.036486500489095075,,0.024351198113433538,-0.024598832130212855,-0.050376962286472704,-0.05987659117630462,0.2609824749244012
2026-04-23 00:00:00+05:30,8195.217489682862,8652.127598834812,8030.92428022184,8546.6494140625,2646355,0.0,0.0,7119.534179687502,6786.34951171875,7202.633466796876,,7310.319778349671,7074.07119392328,7293.214609291346,,7424.846909877233,6933.750772058823,7763.30418682577,7052.403688253253,8104.630377016411,7358.929699277545,7971.870232303502,7331.405971696521,7868.289374923151,7939.973228492852,7182.162018213263,7639.715620084319,7186.116161156131,6947.404884659781,7878.272199720113,8223.40966796875,7672.201171875,7585.193823983347,79.47476589696933,377.50018485998135,148.87826130444415,228.6219235555372,91.80853831552469,91.68921381212824,0.11932450339644163,88.25646503316516,89.67952280477667,-4.943052102132384,22.444294385287044,33.60942911757894,1566.61865234375,7390.566827648345,1051.137729454087,76.01599414090806,3.626371446749768,3.44106257466649,0.28125193288832673,0.06235646192143118,35.960949394945764,1120.067622545187,498.8643039322151,-1326.1780454656828,-1397.1757699424377,1220.1283365885415,0,1,0,1220.1283365885415,0,0,0,1,0,279.53712933863557,751.9576769598116,5920.399862436933,7119.534179687502,8318.66849693807,33.68575210079831,1.0950606257550681,6714.326546622688,7310.319778349671,7906.313010076654,6222.726415977744,7437.427007406278,8652.127598834812,0.6004058342138867,0.4253501564672607,6502.2992014251295,7119.534179687502,7670.5794289288815,2616360.0,89.67100016206382,0.3973747960560798,1788466.0149851814,837747.0040574976,268608517.4643892,8409.900431039716,28672298.63950771,982.4078881512883,54.908256121544696,41.305544911947806,13.602711209596894,5.870667857502554,2.3802425030202707,599.5671586252842,359480.7777019966,6985.86376953125,6985.86376953125,0.7214847534966177,0.012122211939612456,0.9480195802207735,359480.7777019966,8035.472370256697,107.49541015625,3.4407147135369294,475.6272460937499,0.08183108699946384,0.13059417961161413,0.3360942911757894,0.145696230760203,0.026715244531148263,,0.07865505640712957,-0.024598832130212855,-0.050376962286472704,-0.05987659117630462,0.2609824749244012
2026-04-24 00:00:00+05:30,8574.35545565496,8762.46631514127,8508.735388392295,8699.7626953125,590278,0.0,0.0,7241.247265625,6819.1109375,7210.133598632813,,7442.647675203273,7137.823801820896,7321.0670466383,,7575.344863746281,7008.786583180146,7972.215951453955,7178.258507882697,8350.325051517731,7532.430721903283,8188.173916818857,7485.323697365365,8106.952947402775,8169.3130642465085,7342.588664711027,7745.90455680458,7261.538713083774,6998.309313130485,8078.351997568099,8623.2060546875,7760.66650390625,7756.048796710402,80.74920123951901,439.29791158844273,168.5407904263244,270.7571211621183,96.21414285895287,93.13836437649087,3.075778482461999,95.73082668516543,90.74791891716524,-3.115189207285096,23.990303528993238,38.85182889374525,1683.2763671875,7741.884369810686,1190.8627605976508,74.27988018239475,3.9228997343324803,3.626371446749768,0.3522497008449532,0.11514069541396715,39.655654130097034,1063.5916647055192,809.8607379565447,-1556.2149821493895,-1377.726790599095,1314.1027018229165,0,1,0,1314.1027018229165,0,0,0,1,0,277.6938291536598,253.73092674897453,5919.2390070216225,7241.247265625,8563.255524228378,36.51327485747094,1.0516287134349425,6855.086003307626,7442.647675203273,8030.20934709892,6287.860741049126,7525.163528095198,8762.46631514127,0.6004058342138867,0.40451468091638204,6604.491170486491,7241.247265625,7803.637134686819,3206638.0,93.00082321377374,0.41779918687566037,2086997.4172840272,1083201.7728015194,243147215.17371756,8656.988132948689,29729782.070160415,984.199388818182,48.69445479732209,28.073394870180152,20.621059927141935,1.1896333785315472,2.20651485373977,661.0041293016889,436926.45895388385,7004.091552734375,7004.091552734375,0.8424850999431586,-0.02437558034390287,0.9671762369942497,436926.45895388385,8243.540059988838,121.7130859375,3.4554730361542845,534.2100423177084,0.017915006668937528,0.1196747213980931,0.38851828893745255,0.13321518510080566,0.056530200785113616,,0.017756424140779024,-0.024598832130212855,-0.050376962286472704,-0.05987659117630462,0.2609824749244012
2026-04-27 00:00:00+05:30,8797.94921353332,9225.694810655385,8759.063250158588,9099.3154296875,843945,0.0,0.0,7375.136474609376,6859.756484375,7221.8917382812515,,7600.425556582723,7214.745042129391,7356.279885906601,,7752.303736514137,7098.206367187499,8222.31017539094,7327.49879452438,8647.933194905456,7737.2649074133005,8458.047543247767,7660.462840122978,8412.328600072282,8461.156434987912,7516.910421272604,7914.365975225282,7381.546044854069,7050.818698496151,8356.58018082562,8899.5390625,8032.138916015625,7987.663223257174,83.60925562576789,514.5818425470561,195.05977710795025,319.52206543910586,95.61257119926003,94.54508412457918,1.0674870746808551,100.0,94.66243057277686,-5.104045092802423,29.04114333758568,41.70008796091275,2047.83154296875,8209.496433247246,1355.742001654985,73.64002240148605,4.273823455653629,3.9228997343324803,0.4319739175626447,0.17277329683896958,44.73527371812423,1326.7571917550977,860.1256312583009,-1857.8123300874793,-1488.1127643451796,1497.9198404947915,0,1,0,1497.9198404947915,0,0,0,1,0,295.425135310033,525.9321153428846,5872.608130327819,7375.136474609376,8877.664818890933,40.74577736844221,1.073759211145714,6968.644593373731,7600.425556582723,8232.206519791715,6371.951279091174,7798.823044873279,9225.694810655385,0.6004058342138867,0.4162169130171045,6702.405405662577,7375.136474609376,7967.900541163775,4050583.0,93.94932905450226,0.4238734264179215,2473805.5422840193,1208217.5113512056,256583403.35063067,9028.024496833825,33605755.98142348,984.199388818182,46.135202208638034,20.411313825196878,25.723888383441157,1.492687917159619,2.2950368445828557,751.2641721407787,564397.8563423695,7033.985107421875,7033.985107421875,0.9338609493864035,0.0824793450715623,0.9783051393972957,564397.8563423695,8506.63826032366,133.889208984375,3.47466795329989,612.7672309027778,0.04592685437158894,0.1580574530886445,0.4170008796091276,0.17647053624509312,0.09765188208967257,,0.04490343429853716,-0.024598832130212855,-0.050376962286472704,-0.05987659117630462,0.2609824749244012
2026-04-28 00:00:00+05:30,9138.201451475968,9356.448922311749,9118.758469664315,9303.466796875,591393,0.0,0.0,7519.54921875,6903.075439453125,7236.1142773437505,,7762.619960420083,7296.655699178238,7394.8380425594405,,7935.954243396578,7194.038144148284,8472.024790432746,7483.686210212513,8936.297237273717,7948.747008347457,8756.173596075147,7854.422040515876,8732.39448858177,8729.093777861086,7709.023807019266,8040.428850721925,7467.886687709445,7103.900329594618,8662.706292293704,9201.39111328125,8134.214599609375,8118.174138131708,84.84793849399679,583.9863779450061,211.5714500047202,372.4149279402859,96.54713772883156,96.12461726234815,0.42252046648340524,99.99999999999999,98.57694222838846,-2.1393525134177915,33.575262283459416,45.021971549860815,2338.50439453125,8506.78989226679,1565.8133646294145,72.86301238620555,4.651139499383719,4.273823455653629,0.5179696984281223,0.2355096836128433,49.42797497871018,1256.864277986503,1019.1738253390695,-2088.728920129428,-1707.1602650114746,1660.1066080729165,0,1,0,1660.1066080729165,0,0,0,1,0,292.6900179753342,257.1334926242489,5858.638807215763,7519.54921875,9180.459630284238,44.17579733084947,1.0370300426008938,7142.0308046359,7762.619960420083,8383.209116204265,6494.928189141774,7925.6885557267615,9356.448922311749,0.6004058342138867,0.41071273560838367,6831.127264032036,7519.54921875,8118.495753689082,4641976.0,94.42887570214471,0.44969887721747576,2801550.947191991,1253804.9867421405,237176301.3712716,9259.558062950355,34932599.63716939,986.442979215339,40.77495282529222,12.040851553480845,28.734101271811372,0.9575124329134304,2.148120170403576,830.4552057671186,689655.8487857074,7191.95947265625,7191.95947265625,0.9280339001990111,-0.19027599872040607,0.9859307191608447,689655.8487857074,8768.764292689732,144.412744140625,3.496401252848734,702.8854275173612,0.022435903971570692,0.20665737193969846,0.45021971549860806,0.1953534450000336,0.1284030054897234,,0.022187921367619424,-0.024598832130212855,-0.050376962286472704,-0.05987659117630462,0.2609824749244012
2026-04-29 00:00:00+05:30,9318.535379373565,9536.782856570306,9308.327813624945,9418.1806640625,473232,0.0,0.0,7652.782250976562,6951.109326171875,7251.070791015625,,7920.292408386027,7379.85275662468,7434.904233084253,,8116.776285807292,7292.669721583946,8704.79089798572,7639.483165557134,9192.78880380153,8156.0591284124885,9046.986357886903,8062.781057265152,8972.860407345996,8971.744816874316,7894.537387810178,8279.2527544996,7536.632341039925,7157.406922684557,8943.756432059392,9360.82373046875,8191.571533203125,8208.341105260986,85.51055392891372,640.8589990387563,214.75525687877632,426.10374215998,96.09754776940764,96.08575223249973,0.011795536907911242,99.99999999999999,99.99999999999999,-4.463959085556846,28.445469871897703,39.45587836898423,2085.74560546875,8729.180986699716,1811.7527793441632,72.42944240961528,6.125770916942059,4.651139499383719,0.60652252902893,0.30300913619259895,54.256661174076655,1248.8273522825948,1020.3723093372337,-2219.979514828566,-1944.8794995686283,1884.7539876302083,0,1,0,1884.7539876302083,0,0,0,1,0,288.4490209553321,233.31605969530574,5830.901155978638,7652.782250976562,9474.663345974486,47.61356158449265,0.9844988012480446,7314.36582749647,7920.292408386027,8526.218989275585,6494.928189141774,8015.85552285604,9536.782856570306,0.5987474804173487,0.3923346389667803,6968.433299860644,7652.782250976562,8249.239782112489,5115208.0,94.73599849705633,0.4609715174647513,2783427.168468578,1152705.4801044245,211049154.4320721,9421.09711141925,35516105.48485092,987.6760020195483,34.78990481543471,4.844642834898668,29.945261980536042,0.7327808531054908,1.9379952049921785,910.9405474989619,829812.6810777085,7445.933349609375,7445.933349609375,0.7762152347513082,-0.6366823665953472,0.9862868694051626,829812.6810777085,9044.76435546875,133.2330322265625,3.5074978941666153,784.7252549913194,0.01233022804209205,0.19214912555035535,0.3945587836898423,0.20911077820776058,0.15539656231732057,,0.012254829931553421,-0.024598832130212855,-0.050376962286472704,-0.05987659117630462,0.2609824749244012
2026-04-30 00:00:00+05:30,9444.428683577886,9551.365086582886,9343.32517528225,9455.6083984375,360954,0.0,0.0,7798.385888671875,7008.709160156251,7266.892514648437,,8066.51297886712,7461.254938656555,7474.918176952634,,8288.474014136906,7390.885371476716,8908.592128464023,7788.9137025242435,9402.21083086628,8350.592360793633,9308.784402394478,8278.633027509983,9138.466096860311,9178.370543020214,8080.8581106534075,8390.115536889643,7612.058876996645,7211.299008010908,9164.572963247923,9436.89453125,8210.285400390625,8215.632220267276,85.72982504264256,681.0997721644726,203.99682400359404,477.10294816087855,96.60408776841774,96.41625775555231,0.1878300128654331,99.99999999999999,99.99999999999999,-3.5844250957721147,25.083588925155325,44.503047161361614,1896.1767578125,8787.080219738084,1945.2159096151536,74.73910730801323,6.8630866257212295,6.125770916942059,0.6933893276593883,0.3743881011942291,57.1659416036397,1096.6020259880625,888.5621146874273,-2323.7529244132875,-2133.1636874027927,2116.12548828125,0,1,0,2116.12548828125,0,0,0,1,0,282.70551312285374,208.03991130063514,5886.5288890462725,7798.385888671875,9710.242888297478,49.03212092653206,0.9334065021835203,7478.667041624067,8066.51297886712,8654.358916110174,6518.260049131882,8034.812567857383,9551.365086582886,0.5987474804173487,0.35267849864827955,7107.591634190127,7798.385888671875,8396.53986577813,5476162.0,96.49485850847685,0.4745254816737667,2812101.084356428,1015678.702434727,182829231.00371808,9450.099553434213,35659548.16147257,988.073400792305,28.262412954345745,-1.346279220952237,29.608692175297982,0.546292787289764,1.7336260087340813,955.9284998128012,913799.2967543527,7634.773193359375,7634.773193359375,0.6434919396607508,-1.0389450187465814,0.9847292518856455,913799.2967543527,9268.650265066964,145.6036376953125,3.5120315149739953,850.7600976562497,0.0039739877275677404,0.10635266995735382,0.4450304716136162,0.24102072780591843,0.15695250087331147,,0.003966112296022161,-0.024598832130212855,-0.050376962286472704,-0.05987659117630462,0.2609824749244012
2026-05-01 00:00:00+05:30,9455.6083984375,9455.6083984375,9455.6083984375,9455.6083984375,0,0.0,0.0,7936.6011962890625,7068.739365234376,7282.942695312499,,8198.807780730966,7539.464878255808,7514.139765496889,,8446.30472935268,7486.84220435049,9080.384213004974,7929.417161978948,9562.7272471244,8528.919842922423,9523.824308099127,8493.977390546512,9244.087759817778,9356.984899786145,8253.753304230724,8423.26049533582,7649.636190599704,7265.530405239234,9312.742113634245,9455.6083984375,8210.285400390625,8215.632220267276,85.72982504264255,704.8656226514067,182.21013959242248,522.6554830589843,96.12239690763296,96.27467748181944,-0.15228057418647722,99.99999999999997,99.99999999999997,-3.5844250957721147,21.69533894153742,41.31193078234506,1685.70654296875,8828.694453619783,2025.033600576472,73.60341366761502,7.231744480110814,6.8630866257212295,0.7748269313875955,0.44856757458379015,58.68348658789801,857.8674324365802,857.8674324365802,-2413.512373316206,-2264.9510286548903,2182.4745279947915,0,1,0,2182.4745279947915,0,0,0,1,0,262.51226218550704,2.220446049250313e-16,5963.04605693437,7936.6011962890625,9910.156335643755,49.733005112502624,0.8848403249186944,7666.947170844393,8198.807780730966,8730.668390617539,6518.260049131882,8034.812567857383,9551.365086582886,0.5987474804173487,0.3582467387949946,7266.025387875604,7936.6011962890625,8509.525649101135,5476162.0,96.43303731952163,0.49348694370481827,2812101.084356428,867287.8658939665,156710769.43175837,,35659548.16147257,988.073400792305,17.212112761355954,-9.917263531153623,27.129376292509576,0.0,1.5393612996747776,986.7775696773458,973729.972018329,7740.00830078125,7740.00830078125,0.47449049752570327,-1.3675397857361224,0.978261938180075,973729.972018329,9465.71179547991,138.2153076171875,3.51050662818312,906.4318229166669,0.0,0.0868811862572132,0.4131193078234505,0.25341490127322186,0.16834832058442628,,0.0,-0.024598832130212855,-0.050376962286472704,-0.05987659117630462,0.2609824749244012
2026-05-04 00:00:00+05:30,9610.179927224515,9622.33179097347,9376.378068694596,9459.0107421875,347883,0.0,0.0,8069.664086914063,7127.671035156251,7297.899204101562,,8318.827110393493,7614.741186645287,7552.65206206502,,8591.296114676341,7580.578336780024,9225.032799764645,8061.725520243685,9683.722015627252,8692.513791030313,9688.778431898503,8701.862177678611,9314.684148768998,9533.263170119011,8420.382961724126,8499.021207230844,7708.693490343812,7320.06751689588,9396.96622909624,9457.3095703125,8395.722900390625,8342.254691188047,85.75255615096523,715.72434635027,154.4550906330286,561.2692557172414,95.48393519833198,96.07013995812756,-0.586204759795578,99.99999999999997,99.99999999999997,-6.379344213459792,20.38353844836417,39.14908117471608,1601.615234375,8882.430636912979,2043.4744467535638,67.17999101397155,7.416073407305607,7.231744480110814,0.8483140719013349,0.5248286315485857,59.551274701422365,901.552285517324,655.5985632384491,-2494.134758430026,-2364.774144786263,2214.3933919270835,0,1,0,2214.3933919270835,0,0,0,1,0,261.3295093350333,245.95372227887492,6060.867104050416,8069.664086914063,10078.46106977771,49.78638419711062,0.8458155968784983,7790.771563871571,8318.827110393493,8846.882656915415,6749.631278279535,8185.981534626502,9622.33179097347,0.5009603913615325,0.36325544321903847,7414.5278022891125,8069.664086914063,8643.081267184587,5824045.0,97.35036199776908,0.45188413595433835,2697973.459850504,691424.8371577736,134492604.87733307,9485.906867285188,35672065.78594374,988.073400792305,13.485917001699637,-10.914767432647952,24.40068443434759,0.5345055643380865,1.383262387513993,1004.3984914318235,1008816.3295905227,7813.648681640625,7813.648681640625,0.2945288103950659,-1.5918514392665186,0.9691595261260291,1008816.3295905227,9634.560170200893,133.062890625,3.5062696732007224,945.3199403211806,0.00035982282753610484,0.03952993115574999,0.3914908117471607,0.25799983908141066,0.1847792376273878,,0.00035975810682735697,-0.024598832130212855,-0.050376962286472704,-0.05987659117630462,0.2609824749244012
2026-05-05 00:00:00+05:30,9497.896760834645,9585.39018033056,9385.613539148217,9436.6513671875,245385,0.0,0.0,8200.418139648438,7183.316845703125,7312.364780273437,,8425.286563421494,7686.188644705766,7589.958978998138,,8721.485379464286,7671.126585094975,9341.507406544537,8184.289777868217,9765.57326476718,8839.453472911027,9802.61028406977,8897.78158601872,9366.447722571249,9670.393612250535,8565.457461846465,8546.600732047493,7756.219122320356,7374.806427191133,9433.942304628608,9447.8310546875,8509.22119140625,8500.471846640525,84.79660449589832,714.2918367542206,122.41806482958339,591.8737719246373,93.92022299656237,95.1755183675091,-1.255295370946726,98.0577047806591,99.35256826021967,-8.275561701080946,22.393137818973212,38.33547020538022,1726.53662109375,8871.6541621579,2006.5399590210618,62.15154885802253,7.508237870903003,7.416073407305607,0.9118307803045678,0.6020365433339848,58.50719540901791,762.3432660556482,562.566624873305,-2609.6834357605394,-2458.1217706110483,2138.9708658854165,0,1,0,2138.9708658854165,0,0,0,1,0,256.93287589555547,199.77664118234316,6193.247102392854,8200.418139648438,10207.589176904023,48.952894915225244,0.8079541316093745,7909.469327771689,8425.286563421494,8941.1037990713,6749.631635858963,8185.981713416217,9622.33179097347,0.5049281931332523,0.36662424831281276,7537.264909354765,8200.418139648438,8788.785396713152,5578660.0,93.76536232006315,0.4254193493472242,2577967.6569307926,518440.40291326167,114495567.71851765,9469.218362222093,35614061.250544444,987.8370190436273,8.496175519931327,-12.723607131533011,21.21978265146434,0.3752949089831272,1.2318165264374976,1003.5855186277923,1007183.8931994148,7878.78271484375,7878.78271484375,0.11863694991669656,-1.726252286376593,0.957521995863829,1007183.8931994148,9763.619859095983,130.754052734375,3.503868780563254,983.0555186631947,-0.0023638174867776085,0.014315585063111813,0.3833547020538022,0.24027336214387396,0.20188196517412926,,-0.0023666157138681593,-0.024598832130212855,-0.050376962286472704,-0.05987659117630462,0.2609824749244012
2026-05-06 00:00:00+05:30,9521.228841095466,9530.95033266285,9381.239362525142,9424.5,250721,0.0,0.0,8322.05830078125,7241.256943359375,7328.585092773436,,8520.449747857543,7754.357717462403,7626.286523968472,,8838.064604259673,7759.016120557598,9435.511487077674,8298.421248639566,9818.14140765267,8972.052200792872,9864.581824438583,9078.370700512625,9390.269235324287,9730.579990696911,8712.124398851262,8601.273900070502,7800.015207081077,7429.701091111074,9443.1372584185,9430.57568359375,8584.562744140625,8561.717207141217,84.24694569285532,704.060082431768,89.74904840570457,614.3110340260635,92.00627105766577,93.80347641752005,-1.7972053598542743,94.99861703341124,97.6854406046901,-9.326280912461948,19.29490242867106,34.79560541783833,1524.330078125,8839.550355482594,1923.6385750563222,55.176148690225475,5.786942723214024,7.508237870903003,0.9644212697180743,0.677944247426179,56.734064199181404,621.9815489986395,472.2705788609328,-2766.8385308011266,-2564.664548749744,2018.991536458333,0,1,0,2018.991536458333,0,0,0,1,0,249.27416834142343,149.71097013770668,6328.49304891236,8322.05830078125,10315.623552650139,47.91038898830448,0.7765000288265596,8025.24158795768,8520.449747857543,9015.657907757406,6879.899353951667,8251.115572462568,9622.33179097347,0.514257211113392,0.3702681161738359,7679.459420301455,8322.05830078125,8903.516693591419,5327939.0,90.19148882619184,0.3920367378951041,2472143.8582294993,366871.8890525261,97703829.05406982,9445.56323172933,35581776.462073706,987.8370190436273,4.396794283363769,-13.458390694480457,17.855184977844225,0.39482714255703727,1.106000115306238,996.7826259344449,993575.6033647676,8223.40966796875,8223.40966796875,-0.07524228764429156,-1.7457483355219796,0.9435229135379594,993575.6033647676,9870.077211216518,121.6401611328125,3.4957863720465236,1003.939455295139,-0.0012876778758355023,0.0006709720446977929,0.34795605417838327,0.2895909435210793,0.18565404368891247,,-0.00128850764538521,-0.024598832130212855,-0.050376962286472704,-0.05987659117630462,0.2609824749244012
2026-05-07 00:00:00+05:30,9475.0,9547.5,9410.0,9498.5,310150,270.0,0.0,8447.981762695314,7301.892226562501,7345.195429687498,,8613.597390918729,7822.755454032505,7663.360058147314,,8950.106670851936,7847.535456112132,9525.786832030397,8411.198632848504,9869.37706188107,9101.051954217424,9885.846243489585,9245.071030216624,9432.676187513345,9784.547353934111,8853.048844147535,8666.65571677615,7851.153546203832,7485.017694029056,9449.044438269382,9461.5,8604.307373046875,8620.532269555177,84.88932259719135,693.9234078779173,63.68989908148308,630.2335087964342,92.07256324057377,92.66635243160064,-0.5937891910268718,93.24470573906626,95.43367585104552,-6.180467664735756,11.137119821147015,36.081062165134455,951.8505859375,8859.479043354435,1834.726013288946,51.68970544516079,4.731232553919821,5.786942723214024,1.0071728882841358,0.750713490474977,53.967294732010565,554.3124711449636,416.81247114496364,-2974.495429133604,-2703.6123534478265,1922.6062825520833,0,1,0,1922.6062825520833,0,0,0,1,0,241.29029917417893,137.5,6493.56548129402,8447.981762695314,10402.398044096608,46.26942472891279,0.7687549851333301,8139.361436723615,8613.597390918729,9087.833345113842,6879.899353951667,8251.115572462568,9622.33179097347,0.514257211113392,0.36613433687881525,7807.380587956467,8447.981762695314,9019.392740233607,5638089.0,90.42657819925523,0.4087144445710692,2561241.4945931355,299863.8459476982,87024867.76063128,9485.333333333334,35825302.37856795,987.8370190436273,2.2157779491852883,-12.51152562292715,14.727303572112438,0.7726820100245619,1.075019940533321,977.2081407006467,954935.750251615,8623.2060546875,8623.2060546875,-0.25838616032957423,-1.6755190458062912,0.9313371492938333,954935.750251615,9954.35648716518,125.9234619140625,3.476186838659586,1029.5729665798613,0.007851875431057254,0.004536101724516017,0.3608106216513445,0.3114046447612584,0.1854671536689958,,0.007821209873992338,-0.024598832130212855,-0.050376962286472704,-0.05987659117630462,0.2609824749244012
2026-05-08 00:00:00+05:30,9500.5,9580.0,9301.0,9345.5,198264,0.0,0.0,8564.432446289064,7359.652216796875,7362.142294921874,,8683.302401307421,7882.470926423388,7696.669759966178,,9035.584598214287,7927.676937423406,9571.683095522034,8505.21159130843,9861.009199146736,9200.964327866473,9858.566223387616,9392.850599013042,9415.378992564929,9766.179469779672,8972.272303997142,8708.51651248325,7881.264017385898,7539.701491523637,9439.305688952303,9422.0,8604.307373046875,8620.532269555177,77.82323790481293,665.8684815707365,28.50797821944184,637.3605033512947,90.22550845619799,91.43478091814583,-1.2092724619478474,79.07627314021425,89.10653197089724,-13.816726054208273,7.422470328247324,33.193447018336556,645.7373046875,8748.618591483595,1735.3841244733549,46.340527790820694,3.517832818435755,4.731232553919821,1.0374762628466705,0.8179915288398688,48.756120343617226,536.4821181242551,257.48211812425507,-3206.781671196208,-2883.1888378043677,1748.386962890625,0,1,0,1748.386962890625,0,0,0,1,0,243.98384923316615,279.0,6693.382989703943,8564.432446289064,10435.481902874184,43.6934839131305,0.7087244543328305,8201.088918940413,8683.302401307421,9165.515883674429,6879.899353951667,8251.115572462568,9622.33179097347,0.6706639039893346,0.3816423756269023,7916.010504468092,8564.432446289064,9158.64365436116,5439825.0,87.57259114690382,0.3798790735417844,2426222.9999694796,202230.68493840564,70259259.22339825,9408.833333333334,35505942.563860364,986.226238394051,-1.9957284884981379,-13.378425648488463,11.382697159990325,0.5473992159422318,0.8348978173313217,935.5247282925603,875206.5172468689,8899.5390625,8899.5390625,-0.45051349284266545,-1.506170635163262,0.9100687816888344,875206.5172468689,9977.888902064733,116.45068359375,3.453046230717368,1043.6159375000002,-0.01610780649576249,-0.011644771420070144,0.3319344701833655,0.3234081556903916,0.1452510242560343,,-0.016238947378871323,-0.024598832130212855,-0.050376962286472704,-0.05987659117630462,0.2609824749244012
2026-05-11 00:00:00+05:30,9395.0,9401.5,9190.0,9239.5,126412,0.0,0.0,8673.833251953127,7414.76724609375,7376.7167578125,,8736.273601182906,7935.687752838157,7727.220853828235,,9099.876746186757,8001.396458333333,9587.97293393109,8585.137107224251,9816.55627207429,9279.266712653574,9785.68833272034,9519.544320831397,9409.642868807472,9709.927444383988,9077.572593546274,8745.776323685604,7905.726483633607,7593.5398904595095,9407.310237836266,9292.5,8699.3349609375,8620.532269555177,73.27265711506865,627.8440409417963,-7.613169927598847,635.4572108693951,86.96520018610806,89.75442396095994,-2.7892237748518767,51.258169958912006,74.52638294606417,-19.107205722731713,1.5406056795781877,31.029158520837154,140.1845703125,8555.769219895348,1606.8319872154152,43.41184864901864,1.9808773912941142,3.517832818435755,1.0547599268214913,0.8776348875502431,43.57903502598373,329.9846726779324,118.4846726779324,-3389.5159009668855,-3086.4847720712723,1509.9998372395833,0,1,0,1509.9998372395833,0,0,0,1,0,241.66357428794,211.5,6923.269074608608,8673.833251953127,10424.397429297645,40.364257105134826,0.6615669837666133,8259.699498088947,8736.273601182906,9212.847704276865,6879.899353951667,8251.115572462568,9622.33179097347,0.8543480453740321,0.3912780972602906,8027.7237292241025,8673.833251953127,9277.90542482362,5313413.0,88.2407561612597,0.360352175323665,2358982.5744375647,122510.55777095817,58307983.33434136,9277.0,35362561.556958646,985.0920026656256,-7.25675662773694,-14.911563030181812,7.654806402444872,0.43524397860620834,0.6462679350664533,875.2820886722591,766118.7347504724,9169.40771484375,9169.40771484375,-0.6401526163090979,-1.2389512220185923,0.8806632599122436,766118.7347504724,9951.963734654018,109.4008056640625,3.423870552372381,1047.682868923611,-0.011342357284254478,-0.023206522137507957,0.31029158520837163,0.30740769862064576,0.14460171299837143,,-0.011407172388752322,-0.024598832130212855,-0.050376962286472704,-0.05987659117630462,0.2609824749244012
2026-05-12 00:00:00+05:30,9201.0,9235.0,8985.0,9010.5,165795,0.0,0.0,8776.110131835936,7469.492236328126,7389.147041015624,,8762.390401070248,7977.837252726857,7752.632322069259,,9131.940246000744,8063.97421338848,9556.604997264296,8642.3145833046,9711.408493940115,9323.662063685535,9662.966064453125,9620.210800905399,9373.938331163712,9604.488576912894,9154.111049589803,8765.024833702138,7943.552439812959,7644.591699880413,9330.27642052567,9125.0,9022.57470703125,8826.628035597656,64.49821471807401,572.6300884155135,-50.26169796310535,622.8917863786188,76.21003825370497,84.46691563200366,-8.256877378298697,19.678747919923666,50.004397006349976,-38.445953461945074,-3.149006744167738,29.368968265613535,-292.966796875,8259.352597950232,1447.9197759318295,39.810925736103165,0.8046489503927581,1.9808773912941142,1.0571991530003322,0.92771006799151,36.718641457397304,172.2011480096553,-77.7988519903447,-3531.2919860126713,-3283.063759912077,1245.19287109375,0,1,0,1245.19287109375,0,0,0,1,0,242.58046183880143,254.5,7217.423121919982,8776.110131835936,10334.79714175189,35.52113605005276,0.5751882407028923,8282.728117318571,8762.390401070248,9242.052684821925,7062.177591402625,8342.254691188047,9622.33179097347,1.6171895756099413,0.4048379364194205,8121.27411594444,8776.110131835936,9401.267297233286,5147618.0,85.5268784923075,0.33867308728595197,2227009.754437565,36769.10322327912,44554406.429435454,9076.833333333334,34951640.457332045,985.0920026656256,-10.72812488206781,-14.706345027610146,3.978220145542336,0.6688529431223869,0.30075296281156855,779.3435049579771,607376.2987201844,9169.40771484375,9169.40771484375,-0.7257226898014896,-1.21850933287058,0.8327984899954571,607376.2987201844,9843.600474330357,102.2768798828125,3.3919084729365228,1030.8866710069447,-0.024784890957302852,-0.045159172529069536,0.29368968265613526,0.26241344446938397,0.12709184713966337,,-0.02509720765915437,-0.024598832130212855,-0.050376962286472704,-0.05987659117630462,0.2609824749244012
2026-05-13 00:00:00+05:30,9000.0,9090.0,8910.0,8928.5,115580,0.0,0.0,8855.913378906249,7519.505234375,7400.976059570312,,8778.210362873082,8015.118144776784,7775.916830543136,,9146.453566778275,8121.19020412071,9511.09877248931,8689.356437105329,9595.673481625592,9353.362587388763,9508.218716708097,9695.311802849896,9273.681072421943,9489.90791259381,9221.674115812997,8799.21326465376,7967.787417895239,7693.8760616895115,9219.66576198669,8969.5,9099.13134765625,9065.533589682884,61.65124723494819,516.3042841465976,-85.27000178561696,601.5742859322146,60.047114073163115,74.40745083765871,-14.3603367644956,2.456142404783216,24.46435342787296,-62.30549859583385,-5.199312707293915,21.76718823490475,-489.6806640625,8030.742096436522,1279.4910374639994,34.946571407132886,-0.08622748026667837,0.8046489503927581,1.0464692696043443,0.9669411726520608,28.5039270857095,46.386698293990776,-133.61330170600922,-3584.65765361203,-3438.8425164612254,938.9320475260416,0,1,0,938.9320475260416,0,0,0,1,0,238.11042885031563,180.0,7452.773781571425,8855.913378906249,10259.052976241073,31.68819606291404,0.5258657874211605,8309.944487097755,8778.210362873082,9246.476238648409,7378.611902307581,8500.471846640525,9622.33179097347,2.277617816344224,0.3849550680699814,8224.513010548444,8855.913378906249,9476.351967354802,5032038.0,75.8802413851804,0.31205397364599424,2135187.865548676,-30865.647667534184,36835554.082373254,8976.166666666666,34846456.94920264,984.1819532787991,-15.023230424042374,-15.201160455667768,0.17793003162539378,0.5448946417593525,0.10346314968464272,701.5697986674119,492200.18240223284,9169.40771484375,9169.40771484375,-0.8655429065196862,-0.9207790551116963,0.7642475364902939,492200.18240223284,9727.533942522321,79.8032470703125,3.3617082111528105,1011.0994628906247,-0.009100493868264836,-0.05262878667303306,0.21767188234904755,0.2725030139673832,0.10834373554000343,,-0.009142156321146453,-0.024598832130212855,-0.050376962286472704,-0.05987659117630462,0.2609824749244012
2026-05-14 00:00:00+05:30,8930.0,8960.0,8646.5,8904.5,169127,0.0,0.0,8923.166796875,7564.284423828125,7413.916362304687,,8790.23794736136,8049.995864589459,7798.265012116539,,9151.080864025298,8175.503724341299,9464.20956107496,8731.303405666318,9487.423863524458,9376.062122383097,9345.260654571664,9747.449946658353,9168.16353714,9381.66826392416,9283.275667031116,8832.036771837396,8003.010842360855,7742.073484110757,9102.436896304765,8916.5,9201.5,9134.415895486734,60.80527109384259,464.3760410966297,-109.75859586846786,574.1346369650976,41.89584360217821,59.38433197634876,-17.48848837417055,0.0,7.378296774902294,-73.56101713568644,-5.828375871917119,17.793247208513577,-551.1083984375,7730.826736510902,1070.408990580443,42.03267510815601,-0.7904455943533031,-0.08622748026667837,1.0251688992173325,0.994756946855365,20.913450185809236,-63.73997289086583,-377.23997289086583,-3485.217264432977,-3517.772074108211,611.2534993489583,0,1,0,611.2534993489583,0,0,0,1,0,243.49539821815023,313.5,7659.684659194803,8923.166796875,10186.648934555198,28.31914199166789,0.4926129557679091,8306.854535945587,8790.23794736136,9273.621358777133,7501.1026233089615,8561.717207141217,9622.33179097347,2.8250581706477877,0.3793344068322622,8276.447819795148,8923.166796875,9557.689764140538,4862911.0,69.8078533165762,0.305426941342018,2244432.578467336,-20968.760042607784,30993468.070605647,8837.0,34800995.24790903,984.1819532787991,-17.036267541872967,-13.771358058798688,-3.264909483074278,0.8766159215929782,-0.02954817692836354,631.7410688400987,399096.7780592303,9169.40771484375,9169.40771484375,-1.0362350660062332,-0.3864194436014779,0.679696944982431,399096.7780592303,9606.908998325893,67.25341796875,3.335640342418221,973.4328993055559,-0.0026880215041720223,-0.06253618992472498,0.17793247208513585,0.3541695642110565,0.12009818509046721,,-0.0026916407211190147,-0.024598832130212855,-0.050376962286472704,-0.05987659117630462,0.2609824749244012
2026-05-15 00:00:00+05:30,8904.0,9200.0,8904.0,9015.0,309380,0.0,0.0,8985.421704101562,7609.8056640625,7429.0893603515615,,8811.643857136469,8087.839164017323,7822.358774252845,,9159.826883370537,8232.39453125,9440.794949816729,8778.788010776763,9421.24646633611,9407.525287199674,9204.496446221421,9782.827266201553,9144.92830098438,9304.460739532575,9349.755684531121,8860.041234338541,8048.765736615134,7791.532051192789,9021.271740280523,8959.75,9201.5,9134.415895486734,63.30212366820341,427.21430034697914,-117.53626929449479,544.7505696414739,33.965380008743296,45.30277922802821,-11.337399219284912,3.3361714092250754,1.9307712713360972,-62.237344242249826,-4.659757255919235,16.02463155509362,-440.6083984375,7725.966346710001,914.37011348326,40.71768585746306,-0.9631624715957828,-0.7904455943533031,0.9975904492105725,1.0113432110008356,14.08594481786863,177.5085946649724,-118.4914053350276,-3247.59044328051,-3486.438710897199,245.99251302083331,0,1,0,245.99251302083331,0,0,0,1,0,247.24572691685378,296.0,7844.439797720825,8985.421704101562,10126.403610482299,25.396290657341435,0.5129617725456587,8317.916008712675,8811.643857136469,9305.371705560263,7618.732748136882,8620.532269555177,9622.33179097347,3.135559593244209,0.3728858620630524,8346.459047537035,8985.421704101562,9627.817658630549,5172291.0,65.5444071192011,0.275222798175367,2167087.578467336,-39623.555101264734,31449614.06051913,9039.666666666666,35184918.99432938,984.1819532787991,-14.342547166312867,-8.86211014659087,-5.480437019721997,1.3819645981568742,0.0518470901826346,570.4909531903688,325459.92767205555,9169.40771484375,9169.40771484375,-1.2890318678802937,0.5920641463412603,0.5935166373810655,325459.92767205555,9508.637241908482,62.2549072265625,3.316485442856677,934.0476768663192,0.01240945589308784,-0.03536461398534052,0.16024631555093616,0.39678694034714646,0.112836711595099,,0.012333089721357354,-0.024598832130212855,-0.050376962286472704,-0.05987659117630462,0.2609824749244012
2026-05-18 00:00:00+05:30,9015.0,9464.5,8949.5,9408.5,332444,0.0,0.0,9062.976928710938,7664.8301171875,7448.6834326171875,,8868.487299313947,8139.629785036252,7853.767511396353,,9200.120054408482,8302.931564031862,9489.14902132809,8853.242214862526,9463.781439004855,9479.097942607576,9135.221208316423,9814.921260443181,9147.050216520787,9311.688157940187,9447.884387006618,8912.086632153492,8091.0854414036285,7845.854991023592,9034.340495900928,9211.75,9201.5,9134.415895486734,70.50733062522791,424.6207507528434,-96.10385511090453,520.7246058637479,47.42962236059351,41.096948657171666,6.332673703421847,16.299585409546395,6.545252272923824,-21.912771540283206,-0.5339960336678805,19.740695127860857,-50.5107421875,7718.785575593365,815.4451075157067,48.74504479737858,-0.7690357708094291,-0.9631624715957828,0.9712433989328417,1.017944613070644,9.566351571815684,386.86450971283193,-128.13549028716807,-2880.7463950072806,-3321.836577341048,-2.7472330729166616,0,1,0,-2.7472330729166616,0,0,0,1,0,266.37103213707854,515.0,8040.081707094137,9062.976928710938,10085.872150327737,22.573051430294015,0.6688946550864345,8323.6859126448,8868.487299313947,9413.288685983094,7618.732748136882,8620.532269555177,9622.33179097347,3.145768880514508,0.3933399358952645,8383.657131000877,9062.976928710938,9731.183640539743,5504735.0,62.94825316110207,0.29434050618419977,2427233.077496462,39120.64707503049,45644914.05187354,9274.166666666666,36636019.537867926,984.1819532787991,-11.407706719880139,-4.741815760126514,-6.665890959753625,1.4953010401851698,0.6755786203457368,511.44761080840044,261578.65860162102,9271.4833984375,9271.4833984375,-1.6380023006808737,2.217890698568619,0.5330306402623307,261578.65860162102,9474.40630580357,77.555224609375,3.308851381720149,899.0862695312496,0.04364947310038825,0.018291033064559814,0.19740695127860852,0.4446994406952274,0.15593210882864184,,0.04272367934728156,-0.024598832130212855,-0.050376962286472704,-0.05987659117630462,0.2609824749244012
2026-05-19 00:00:00+05:30,9465.0,9999.0,9465.0,9646.0,446973,0.0,0.0,9159.77119140625,7724.915664062501,7469.0873437499995,,8942.536127950714,8198.703126799537,7889.25726364593,,9255.646061197918,8380.624500612745,9571.083769015824,8941.087495581662,9555.2670260552,9570.04348907861,9146.519968990968,9850.842049698636,9158.758735500694,9364.622619088741,9546.38166364974,8977.573405695539,8151.240266390633,7902.134659850827,9147.349974750914,9527.25,9275.25,9322.75,73.84513970765954,436.69565348390097,-67.22316190387761,503.9188153877786,63.25002302011684,48.215008463151214,15.035014556965628,33.722815477747034,17.78619076550617,-26.099815157116446,2.218463146158321,25.108384474913894,209.3486328125,7881.361007842424,851.7852732045412,49.46381545236047,-0.24100006675611071,-0.7690357708094291,0.9488838697887081,1.0162182353007145,6.766156959723305,840.1695797538559,306.16957975385594,-2552.3320518545775,-3049.037165477189,-86.49039713541666,0,1,0,-86.49039713541666,0,0,0,1,0,289.52310127014437,590.5,8327.236476578812,9159.77119140625,9992.305906233687,18.1780679327127,0.79201713750431,8337.14439715482,8942.536127950714,9547.927858746609,7618.732748136882,8808.86637406844,9999.0,3.145768880514508,0.3826969173384421,8448.682281272024,9159.77119140625,9861.050758539695,5951708.0,62.8062655820556,0.28688220875828,2283264.2460357877,21969.497311934363,54289367.4016059,9703.333333333334,37764319.34655156,984.1819532787991,-5.894614179956637,0.6170214238375911,-6.511635603794228,1.8433046882152515,1.1680685500172412,416.2673574137184,173278.51284820036,9324.4833984375,9324.4833984375,-1.6597576395669305,3.2565091389858227,0.46225086664141585,173278.51284820036,9447.39580078125,96.7942626953125,3.3096033051866653,859.3991210937505,0.02524313121113897,0.07052882747905231,0.25108384474913903,0.44957573419275176,0.21455978389144548,,0.024929785644218088,-0.024598832130212855,-0.050376962286472704,-0.05987659117630462,0.2609824749244012
2026-05-20 00:00:00+05:30,9640.0,9915.0,9597.5,9703.5,306099,0.0,0.0,9249.937695312497,7786.977529296875,7489.7065625,,9015.008877669694,8257.71476888583,7925.182862385614,,9307.429757254466,8458.216043198528,9649.265421712442,9027.683485210388,9640.120233156405,9658.477146209007,9217.648002105314,9890.37026269868,9176.21972516777,9416.420464889812,9636.624279168378,9056.304091759903,8194.382526877509,7958.724417053591,9318.666476281902,9674.75,9304.0,9322.75,74.59479066799362,445.76635330471254,-46.52196966645283,492.28832297116537,76.71299482237018,62.46421340102684,14.248781421343338,48.811520820409925,32.94464056923445,-21.84842883548983,2.9603692503581094,22.82647203741415,279.0,7447.526828023172,909.6945275021826,48.928806014672105,0.3338914848383797,-0.24100006675611071,0.9295827463823958,1.0075971084227433,4.964819471483672,678.3596397890196,360.85963978901964,-2283.8519695944774,-2732.93321776645,-97.53173828125,0,1,0,-97.53173828125,0,0,0,1,0,291.5214511794198,317.5,8627.761982329617,9249.937695312497,9872.113408295378,13.452538459760097,0.8644969541747307,8406.797311711503,9015.008877669694,9623.220443627884,8030.92428022184,9014.96214011092,9999.0,3.145768880514508,0.37987504481705187,8547.899926863647,9249.937695312497,9959.198063451424,6257807.0,62.29370426054812,0.2424312524835201,2181552.6098153153,-19406.90250784019,49048128.129947916,9738.666666666666,37946785.57607675,984.7780552899955,-5.331194187021232,0.9443531334183968,-6.275547320439629,1.2341586888926162,1.4579878166989233,311.08785649144,96775.65445643876,9377.0,9377.0,-0.7769910056191766,-0.08417512572228748,0.3606749797291172,96775.65445643876,9422.413881138393,90.16650390625,3.314305189017017,821.9577343749999,0.005961020111963533,0.08680069440555527,0.22826472037414147,0.48655798676122863,0.22524929610384925,,0.00594332352323265,-0.024598832130212855,-0.050376962286472704,-0.05987659117630462,0.2609824749244012
2026-05-21 00:00:00+05:30,9808.0,9819.5,9652.0,9730.5,136752,0.0,0.0,9309.130224609375,7850.9695703125,7511.018666992188,,9083.150889320199,8315.471052458934,7960.9317165958,,9353.197595796131,8534.432610677082,9718.654344471237,9110.73624843904,9711.508283923276,9741.097363969515,9323.51318543273,9932.24200927156,9190.92754889386,9482.99946823364,9717.191881731627,9284.270862792842,8218.95816654837,8015.363200450759,9489.741891935837,9717.0,9317.5,9322.75,74.95775220766212,449.9469146651227,-33.8731266448342,483.8200413099569,77.39987677141096,72.45429820463266,4.945578566778295,54.75795490097077,45.76409706637591,-19.852125693160815,2.442490919618887,13.851633881104494,232.0,7120.315304690863,1007.9815033604627,51.15934748569515,0.8614833982650603,0.3338914848383797,0.9121602671485096,0.9936731089007252,4.045378357146267,512.3082626763025,344.80826267630255,-2131.878255205282,-2447.4987821851123,-20.087727864583336,0,1,0,-20.087727864583336,0,0,0,1,0,282.66277609517556,167.5,8746.245166449355,9309.130224609375,9872.015282769395,12.09318259770374,0.8742946888375531,8500.959472500883,9083.150889320199,9665.342306139515,8508.735388392295,9253.867694196148,9999.0,3.145768880514508,0.28147189712868786,8672.155046157617,9309.130224609375,9970.02735309215,6394559.0,59.74523027719072,0.060833452870086596,2172980.0963824796,-37296.96557111945,42568724.682812504,9734.0,37984836.83593144,985.056305405933,-9.459718444705715,-2.5473368994128682,-6.912381545292846,0.5928145425792842,1.4971787553502134,281.4425290800098,79209.89717495219,9413.34033203125,9413.34033203125,-0.5576011351707096,-0.3721911964730557,0.27823460151575236,79209.89717495219,9441.332338169643,59.192529296875,3.3195203740573054,774.5426312934028,0.0027825011593753946,0.09276208658543439,0.13851633881104486,0.5047003992411587,0.23815770082160026,,0.002778637169069885,-0.024598832130212855,-0.050376962286472704,-0.05987659117630462,0.2609824749244012
2026-05-22 00:00:00+05:30,9770.0,9770.0,9454.5,9525.0,200614,0.0,0.0,9350.39208984375,7910.958544921875,7530.616020507813,,9125.231757003989,8362.903560205643,7991.90336577212,,9373.75662202381,8600.080862821691,9738.284239568833,9172.554295158858,9711.505971495075,9792.016767132887,9418.607514880952,9967.783799674016,9197.282176719893,9514.189995068533,9775.05119978872,9350.584994787456,8247.302179663386,8069.435809619297,9589.254591042996,9627.75,9317.5,9322.75,67.10008475456262,431.70152069205506,-41.69481649432146,473.3963371863765,74.41774491682071,76.17687217020061,-1.7591272533799014,46.047009889743435,49.87216187037471,-35.04621072088725,1.920710502380825,9.485744997758896,179.5,6600.158896118492,1033.5279887408014,50.220659208319276,1.1769285352949095,0.8614833982650603,0.8923578391328624,0.9756284324908777,2.8450426438756353,431.69279657968764,116.19279657968764,-2084.1786785470536,-2244.6618633335247,63.15673828125,0,1,0,63.15673828125,1,0,0,0,0,285.0082920883773,315.5,8859.1620140378,9350.39208984375,9841.6221656497,10.507154589581681,0.6777251829194036,8538.391903691274,9125.231757003989,9712.071610316703,8646.5,9322.75,9999.0,3.196004823848321,0.29462098143780174,8713.411391841097,9350.39208984375,10026.725967088385,6193945.0,51.79599085466638,-0.004210849976286682,2062022.4323571231,-76529.70578042697,30598024.442410722,9583.166666666666,37561156.89142705,985.056305405933,-11.009521971521844,-3.2777123409831965,-7.731809630538647,0.8687687729302573,0.7109007316776145,245.6150379029751,60326.7468440799,9421.34033203125,9421.34033203125,-0.4717050475729587,-0.6151288987545869,0.12972388487211203,60326.7468440799,9420.485686383929,41.261865234375,3.324683556693919,716.0717230902784,-0.021119161399722475,0.056572379367720416,0.09485744997758894,0.4750289244709305,0.1981509588395418,,-0.02134536132631802,-0.024598832130212855,-0.050376962286472704,-0.05987659117630462,0.2609824749244012
2026-05-25 00:00:00+05:30,9530.0,9837.5,9500.0,9703.0,184137,0.0,0.0,9380.576318359375,7972.33962890625,7552.041982421874,,9180.25730395599,8415.456361766206,8025.786467439999,,9407.338327752977,8670.35699831495,9784.708854471231,9243.847994887288,9752.699101978666,9857.023781886364,9517.227914679721,10000.401746280393,9227.692372990263,9598.124281252482,9850.378025440388,9403.124329985561,8276.43398608915,8125.251554939901,9637.651860291724,9614.0,9317.5,9322.75,70.03062466651416,426.68645110412945,-37.36790886579769,464.05435996992713,74.40542205791743,75.40768124871636,-1.0022591907989238,40.390407849149824,47.06512421328801,-21.885397412199627,5.016505222144056,6.634395466090931,463.5,6534.562346386544,1041.608446209766,49.127285070687385,1.4429849841110296,1.1769285352949095,0.8729417191725819,0.9551553842877942,3.172372101760343,447.0938256397312,109.59382563973122,-2009.4239589750039,-2120.898299345692,164.43684895833331,0,1,0,164.43684895833331,1,0,0,0,0,288.7576997963503,337.5,8880.201872033555,9380.576318359375,9880.950764685196,10.66830926680919,0.8221824016075725,8585.021246196868,9180.25730395599,9775.493361715113,8646.5,9322.75,9999.0,3.1962729572375514,0.25945237323614145,8762.749708967945,9380.576318359375,10043.781394091035,6378082.0,58.53279255551021,-0.07102810956620433,2099395.423468234,-73730.81089611538,30909218.950637765,9680.166666666666,37905265.93079713,986.9250718101325,-12.706035141178939,-3.979380408512233,-8.726654732666706,0.7779666323179549,1.2887296064302904,250.1872231629103,62593.64663396788,9430.57568359375,9430.57568359375,-0.6277035702512479,-0.3573187288445339,0.1201826119091433,62593.64663396788,9460.862346540178,30.184228515625,3.3348275081070775,651.6450846354167,0.018687664041994845,0.0313014827018121,0.06634395466090925,0.4965108451366198,0.22458486857758686,,0.018515195030397842,-0.024598832130212855,-0.050376962286472704,-0.05987659117630462,0.2609824749244012
2026-05-26 00:00:00+05:30,9711.5,9917.0,9594.0,9882.0,259841,0.0,0.0,9409.502978515624,8037.922890625001,7576.093994140624,,9247.089941674467,8472.96787699106,8062.543171055048,,9455.092964099704,8745.245640318628,9854.442302457355,9324.129725401861,9828.105640444335,9935.13666877737,9632.004777504397,10032.52414259559,9340.735462157969,9715.969587799866,9929.336929467236,9440.245350340481,8324.611304188938,8182.6036656561455,9676.291838062032,9792.5,9393.25,9322.75,72.66728035329969,432.1739441494392,-25.504332656390375,457.67827680582957,78.1392483056069,75.65413842678169,2.485109878825213,37.898076089954294,41.445164609615844,-8.650646950092423,9.672049275844847,6.218469047681529,871.5,6703.777921568973,961.7176682410791,53.92990572990918,1.8038576859122932,1.4429849841110296,0.8558310295459615,0.9339733576146406,4.79053326459164,456.36613626262624,133.36613626262624,-1864.2219102873787,-2030.5509067561293,261.70491536458326,0,1,0,261.70491536458326,0,0,0,1,0,291.2035783823253,323.0,8863.122720935944,9409.502978515624,9955.883236095304,11.613371265776951,0.932388446443337,8647.019222749546,9247.089941674467,9847.160660599387,8646.5,9322.75,9999.0,3.194785253848335,0.25600930194954696,8778.20975196928,9409.502978515624,10080.568823930511,6637923.0,66.46171146992795,-0.10094185360360415,2302924.132446562,-1123.8727779635228,33138121.81483237,9797.666666666666,38384618.07961708,986.9250718101325,-11.634821119261773,-2.3265331092760526,-9.30828800998572,1.055857765323674,1.7295537857733483,273.19012878983983,74632.84646820929,9446.1298828125,9446.1298828125,-0.47354648516921183,-0.3264440043401773,0.20668767886581513,74632.84646820929,9546.272935267856,28.92666015625,3.3507814156271456,585.3804470486109,0.018447902710502007,0.024466099937798136,0.062184690476815296,0.5750088426429794,0.2538679181925172,,0.018279804380395958,-0.024598832130212855,-0.050376962286472704,-0.05987659117630462,0.2609824749244012
2026-05-27 00:00:00+05:30,9950.0,10380.5,9911.0,10299.5,450281,0.0,0.0,9453.568945312501,8113.751845703125,7604.9480419921865,,9347.319471038803,8544.596587697293,8106.839345885641,,9539.854585193454,8833.93493872549,9987.512609743435,9431.199281750913,9993.397286041803,10052.296177082251,9793.48876712155,10072.63233105637,9595.651714247222,9904.40105562845,10012.592366975874,9521.059783515619,8392.132415322843,8242.842013487418,9778.948110543291,10090.75,9602.0,9513.5,77.61421515837944,464.85304617468864,5.739815495087214,459.11323067960143,88.26422512029711,80.26963182794049,7.994593292356626,62.10970854370119,46.79939749426843,-4.6712802768166135,15.35532284258274,9.357638883488416,1371.0,7476.025199996049,948.209539859392,54.23091829113035,2.2031217925046698,1.8038576859122932,0.8456716131920672,0.9140292147229445,8.419104934956671,800.0281167965368,330.5281167965368,-1675.828306012101,-1917.8831205139866,406.6396484375,0,1,0,406.6396484375,0,0,0,1,0,306.0104656407306,498.5,8777.479992845801,9453.568945312501,10129.657897779201,14.3033590039439,1.1256063285763895,8709.445963440066,9347.319471038803,9985.19297863754,8646.5,9513.5,10380.5,3.194785253848335,0.2887333035320008,8785.048232829216,9453.568945312501,10147.668544054106,7088204.0,68.16685723559794,-0.03774627032904311,2597836.6084849006,122516.92362602148,55260149.76985632,10197.0,40286989.23424165,986.9250718101325,-5.072627380832397,3.3885285033226573,-8.461155884155055,1.610649838606291,2.502425314305557,338.0444762333501,114274.06791188002,9455.6083984375,9455.6083984375,0.38015506719348563,0.9167858540362612,0.35480284107031,114274.06791188002,9712.425864955358,44.065966796875,3.372593919499412,544.9681553819445,0.042248532685691176,0.06142113670325133,0.09357638883488417,0.6023242364901209,0.3000267482838572,,0.04138042994442843,-0.024598832130212855,-0.050376962286472704,-0.05987659117630462,0.2609824749244012
2026-05-28 00:00:00+05:30,10299.5,10299.5,10299.5,10299.5,0,0.0,0.0,9495.763525390626,8192.856943359375,7633.213940429687,,9438.00333093987,8613.416329356221,8150.25836873939,,9620.419447544644,8919.650552619485,10099.272996345026,9531.371218570239,10123.666465724978,10158.234070219161,9972.976147101595,10116.905382795245,9793.088540158953,10064.362859854313,10086.578442964565,9526.245424280169,8404.990910819213,8303.108708682441,9929.35077312067,10299.5,9602.0,9513.5,77.61421515837942,485.1588606255282,20.836503956741353,464.3223566687868,94.00226416542479,86.80191253044293,7.200351634981857,82.67476716574014,60.89418393313186,-4.6712802768166135,15.666236172721657,8.924773171676078,1395.0,7994.869379451738,962.9277942139797,57.38976962457284,2.6150714841020384,2.2031217925046698,0.8394902195056675,0.8964625225335107,12.155840480305493,616.309814397031,616.309814397031,-1518.2023160325905,-1767.954451267759,580.7247721354165,0,1,0,580.7247721354165,0,0,0,1,0,284.1525752378213,2.220446049250313e-16,8721.004502959579,9495.763525390626,10270.522547821674,16.317993184211623,1.0187009452870905,8860.879681207678,9438.00333093987,10015.126980672061,8646.5,9513.5,10380.5,3.1656473627482065,0.28916848432483927,8853.431902934319,9495.763525390626,10164.04223633405,7088204.0,72.32500330669873,-0.04703074952874243,2597836.6084849006,161959.3472798313,47365842.659876846,,40286989.23424165,986.9250718101325,-13.250985637253004,-3.8318638024783596,-9.419121834774645,0.0,2.0748037811483604,387.3795112155243,150062.88570957852,9457.3095703125,9457.3095703125,0.4970083629655306,0.32212612086147624,0.475623645312141,150062.88570957852,9869.731291852679,42.194580078125,3.3910505583943413,509.2886848958335,0.0,0.05847592621139719,0.08924773171676081,0.5451860142097733,0.30813280936187915,,0.0,-0.024598832130212855,-0.050376962286472704,-0.05987659117630462,0.2609824749244012
2026-05-29 00:00:00+05:30,10345.5,10584.5,9900.0,9964.0,682054,0.0,0.0,9521.183105468752,8267.4296484375,7658.119975585938,,9488.09825180274,8666.380394871663,8186.174044605937,,9665.01339750744,8989.10714307598,10131.713829854763,9599.224096474478,10137.811365974268,10215.809028589149,10104.094047830424,10153.886915172468,9813.534653135051,10107.709254153902,10115.680644037033,9583.247794582576,8489.11504760905,8360.314657432136,10044.992216315026,10131.75,9602.0,9615.5,66.41196907928797,468.77556584341437,3.5625673397020137,465.21299850371236,86.21329852890588,89.49326260487592,-3.2799640759700424,77.37573229836899,74.0534026692701,-32.01754385964912,10.52689961175818,5.37661438735671,949.0,8090.499867448118,993.1588782177769,49.22135991188405,2.6971466297209132,2.6150714841020384,0.8303915727419175,0.8808123196234079,14.312566138345156,861.1941266260274,176.69412662602736,-1463.5258100979654,-1619.301494079121,704.3333333333333,0,1,0,704.3333333333333,0,0,0,1,0,312.7488198636912,684.5,8719.093113222965,9521.183105468752,10323.273097714538,16.848536224139714,0.7760394088021202,8835.557806806948,9488.09825180274,10140.63869679853,8646.5,9615.5,10584.5,3.201275336190664,0.31810683420406144,8809.488774623173,9521.183105468752,10291.224108022903,6406150.0,60.878735469345976,-0.14677199768750673,2043325.2118450175,-13064.137181739323,7909419.85132302,10149.5,38065239.46968997,986.9250718101325,0.4361859275054628,7.884246209824086,-7.4480602823186235,2.2741235564876576,1.1041576352084799,401.04499612289356,160837.0889152117,9478.75537109375,9478.75537109375,0.3294689594765709,-0.1799430429993657,0.5571487055133688,160837.0889152117,9952.673981584821,25.419580078125,3.39820499421133,464.9489854600693,-0.032574396815379436,0.046089238845144376,0.05376614387356704,0.4785712551928816,0.2692039169775313,,-0.03311675296805274,-0.024598832130212855,-0.050376962286472704,-0.05987659117630462,0.2609824749244012
2026-06-01 00:00:00+05:30,10069.0,10291.0,10063.0,10191.0,362417,0.0,0.0,9557.782568359375,8348.719970703125,7684.868266601563,,9555.041275440575,8726.169398994343,8225.873568475126,,9728.805482700895,9064.541274509804,10197.927629350448,9679.875331946288,10202.784673520435,10292.324567431118,10204.900803275501,10190.326017889127,9851.520545613696,10167.546468044007,10153.439567922835,9633.411221831075,8551.676027269285,8419.540187389513,10119.20259736602,10077.5,9602.0,9615.5,69.60820085490644,468.7057415458239,2.794194433689256,465.91154711213466,81.00224609967826,87.0726029313363,-6.070356831658046,61.908651511529385,73.98638365854617,-20.304437564499487,8.316947441143647,7.738539238017816,782.5,8298.688124528562,999.7581835875717,51.747610596642026,2.458465674819414,2.6971466297209132,0.8215788136742619,0.8666673133884695,17.17363306151836,500.88067996516475,272.88067996516475,-1503.5300275482093,-1523.8024309702369,901.9999999999999,0,1,0,901.9999999999999,0,0,0,1,0,313.76676130199894,327.0,8702.593633228984,9557.782568359375,10412.971503489765,17.895132663123277,0.8702207814136876,8902.361825206288,9555.041275440575,10207.720725674862,8646.5,9615.5,10584.5,2.905518966818612,0.32566075821461793,8845.552235786416,9557.782568359375,10322.799138616427,6768567.0,67.00537947846423,-0.11616363507611398,2087832.5627222105,-69315.57489311695,18532168.301134016,10181.666666666666,38890898.43195412,989.2032733356243,1.7970932522421337,7.396122827648606,-5.5990295754064725,1.1964242326605854,1.4808831256547519,427.594467565195,182837.0286923626,9511.75,9511.75,0.21075302950165398,-0.6543163014124517,0.6472863040331471,182837.0286923626,10070.851311383927,36.599462890625,3.39998587546332,425.5878982204861,0.02278201525491763,0.05029372359064199,0.07738539238017816,0.5308059847570474,0.2797362137293724,,0.022526380446622498,-0.024598832130212855,-0.050376962286472704,-0.05987659117630462,0.2609824749244012
2026-06-02 00:00:00+05:30,10290.0,10475.5,10176.5,10344.5,528415,0.0,0.0,9603.175000000001,8427.39322265625,7713.681376953125,,9630.227820636712,8789.63334413182,8267.826567119184,,9803.730952380953,9142.807158011641,10279.912824589768,9766.914207394206,10290.458452687399,10377.996249040641,10288.934077254125,10230.117200481907,9896.108773334628,10245.446804420768,10197.258382354783,9710.01410579363,8652.25773353712,8479.880716292611,10164.007151759008,10267.75,9624.5,9615.5,71.57780326790193,475.55467417254476,7.714501648328053,467.8401725242167,78.4313725490196,81.88230572586791,-3.4509331768483094,49.93801677623394,63.07413352871077,-12.383900928792569,7.241343562098279,9.620453246468458,698.5,8602.800613340929,1022.1665965395623,54.28481594365825,2.556974536925466,2.458465674819414,0.8142358344559231,0.8538509898410837,19.509230251308523,606.183439970142,307.183439970142,-1589.744364405261,-1507.0097259550332,1089.5,0,1,0,1089.5,0,0,0,1,0,312.7119926375704,299.0,8681.283850186088,9603.175000000001,10525.066149813914,19.19971571514448,0.9020675326743498,8982.755937091404,9630.227820636712,10277.69970418202,8646.5,9615.5,10584.5,2.4227669455966097,0.32716084337014645,8875.396738234831,9603.175000000001,10377.449480769255,7296982.0,72.8196777883881,-0.07673188027352958,2153221.709879401,-65220.47305292729,27472101.758114874,10332.166666666666,39686813.47954513,989.2032733356243,6.758215975109374,9.885796440412676,-3.1275804653033026,1.6987504058689453,1.6082701306973983,460.94557490695684,212470.82302630495,9585.5,9585.5,0.13066958240371576,-0.9338647939623782,0.7288678999358733,212470.82302630495,10204.842857142856,45.392431640625,3.3989767037179357,383.1324131944445,0.015062309881267888,0.046802266747622,0.09620453246468452,0.5575025539896052,0.2946656602120594,,0.014949999655104436,-0.024598832130212855,-0.050376962286472704,-0.05987659117630462,0.2609824749244012
2026-06-03 00:00:00+05:30,10300.0,10300.5,9933.5,9997.5,235347,0.0,0.0,9631.825,8503.5205859375,7739.84109375,,9665.206123433216,8837.00066396979,8302.07752618613,,9841.285714285716,9204.379972809436,10284.663400968533,9821.466565379935,10266.855788202722,10415.487877339065,10324.243992280506,10261.132922017665,9898.391261119192,10247.261394475934,10210.67537134332,9735.238971087749,8688.671127354322,8535.989147021055,10164.113217858321,10171.0,9679.75,9744.25,61.82378575480869,447.82030886103166,-16.015890930548096,463.83619979157976,77.46052705782459,78.96471523550747,-1.5041881776828774,38.81953532191845,50.22206786989392,-34.93008033323416,3.029834595764415,6.079898137832246,294.0,8396.074583139012,938.7564767521944,48.50403270207467,2.1835738035458525,2.556974536925466,0.8022812799135304,0.8416422134816415,19.65750224977743,412.8715199744056,45.8715199744056,-1682.0319417203698,-1555.351089287546,1098.25,0,1,0,1098.25,0,0,0,1,0,319.73256459202963,411.0,8697.779285182798,9631.825,10565.870714817203,19.39498931546623,0.6957479137258092,9001.112514511271,9665.206123433216,10329.29973235516,8646.5,9615.5,10584.5,1.9698025582295224,0.35459510334416366,8881.828011089854,9631.825,10438.203011089852,7061635.0,71.36203719235031,-0.0855397204182658,1999957.5872635974,-106381.9274003394,11881028.792669892,10077.166666666666,38897356.19306439,985.8488337783717,3.5588783150322274,5.349167024268424,-1.7902887092361968,0.7742039266307834,0.7829916549032375,467.02285740860106,218110.3493420945,9674.5,9674.5,-0.04064670001849315,-1.0503772513557652,0.7866940825522183,218110.3493420945,10260.207142857142,28.65,3.390416434983912,354.1704427083333,-0.03354439557252642,-0.029321811738433956,0.060798981378322514,0.5146793821077995,0.28132522158451456,,-0.03411991576282447,-0.024598832130212855,-0.050376962286472704,-0.05987659117630462,0.2609824749244012
2026-06-04 00:00:00+05:30,9875.0,10209.0,9775.0,10098.0,277226,0.0,0.0,9661.8,8577.54576171875,7764.677514648438,,9706.424587868149,8886.451618323916,8337.640347449771,,9885.683333333334,9266.908577282475,10304.178830603138,9879.822715038608,10268.431101852822,10459.105045546847,10339.025122725581,10286.721509917968,9904.008529702858,10287.617452144892,10231.448556842113,9766.947804856356,8740.323003585847,8592.957014554284,10155.048282142905,10047.75,9876.5,9767.0,63.380259151849984,429.00483394333605,-27.865092678594976,456.86992662193103,74.31022235200535,76.73404065294984,-2.4238183009444896,24.648388001538855,37.80198003323041,-29.755351681957187,3.7767843379065824,6.311522872032426,367.5,8367.424486654594,808.3408676290383,48.83637119548154,1.6098134339862937,2.1835738035458525,0.7877951758057611,0.8300241397786302,19.644544780849866,291.3184456923482,-142.68155430765182,-1732.7689549356962,-1629.9752657891945,996.9166666666665,0,1,0,996.9166666666665,0,0,0,1,0,327.89452426402755,434.0,8707.511044533012,9661.8,10616.088955466987,19.75385446742817,0.7285471279433091,9022.911322653055,9706.424587868149,10389.937853083242,8646.5,9615.5,10584.5,1.560426677817915,0.35507660723391776,8871.270815458627,9661.8,10501.770815458629,7338861.0,65.00412541690676,-0.07761117052867898,2135376.73933733,-70461.70784624387,14163912.250859909,10027.333333333334,39176037.9935145,985.8488337783717,1.962776410683265,3.0024520959355696,-1.0396756852523046,0.8716888677031203,0.9141885117732369,477.14447773349343,227666.8526315682,9703.25,9703.25,-0.19199587282470845,-1.162478115901124,0.8622626492424359,227666.8526315682,10333.45,29.975,3.3829940517510293,350.9572135416668,0.010052513128282037,-0.019564056507597405,0.06311522872032427,0.5461886066077575,0.2884265912476822,,0.010002322697887549,-0.024598832130212855,-0.050376962286472704,-0.05987659117630462,0.2609824749244012
2026-06-05 00:00:00+05:30,10175.0,10198.0,9908.5,9936.5,197221,0.0,0.0,9691.35,8650.965742187498,7790.2175097656245,,9728.336531880706,8927.629986232781,8369.300934628984,,9911.845238095239,9320.200900352327,10288.986891318962,9921.608883616202,10223.073528038298,10478.758225335248,10316.748484848484,10302.627769263805,9905.091138298372,10276.415790035855,10238.607015703697,9788.27385818562,8772.311248807302,8646.630566910599,10113.00768919228,10017.25,9934.75,10019.5,59.20306930299997,396.49123013097596,-48.3029571927641,444.79418732374006,59.323145080481936,70.36463149677063,-11.041486416288691,3.2856894035010082,22.25120424231944,-57.34513274336284,4.320209973753281,6.323899202824889,411.5,8336.641843879632,704.9204294264437,39.92889391744314,1.1516661875951757,1.6098134339862937,0.7687982727114795,0.8184526457273966,17.93298095085052,277.6300963077265,-11.86990369227351,-1786.382926487093,-1700.9548473674142,820.9166666666666,0,1,0,820.9166666666666,0,0,0,1,0,325.15205824516846,289.5,8741.710672343686,9691.35,10640.989327656314,19.597668594289008,0.6290753198927764,9054.776910971812,9728.336531880706,10401.8961527896,8646.5,9615.5,10584.5,1.8659997440220375,0.3549929210407325,8900.60037548446,9691.35,10533.72537548446,7141640.0,59.4693148392012,-0.08201020756755728,1976305.57007999,-99975.0166245182,7590326.000737066,10014.333333333334,38860617.20226871,984.2495071790452,-1.3908340236162628,-0.2809266706911666,-1.1099073529250962,0.6207893824842088,0.5163012795711055,474.81966382815705,225453.71315788405,9717.0,9717.0,-0.373948279968643,-1.038644481930735,0.891154809858378,225453.71315788405,10352.835714285715,29.55,3.3761828599055,341.025681423611,-0.015993265993266004,-0.0027599357687675408,0.06323899202824879,0.522706602029926,0.2987507838793184,,-0.016122538450521834,-0.024598832130212855,-0.050376962286472704,-0.05987659117630462,0.2609824749244012
2026-06-08 00:00:00+05:30,9800.0,10000.0,9689.0,9756.0,160714,0.0,0.0,9717.175,8717.655117187502,7813.918481445313,,9730.971147892067,8960.115084811889,8396.760322062073,,9918.002380952383,9363.535577129289,10240.609935203625,9946.32559073667,10134.8207079303,10474.162190006471,10246.458419913419,10306.316957117733,9904.144126441053,10214.85238146101,10232.204726178554,9799.900650168274,8805.765584507324,8695.523783384488,10033.582729539881,9846.25,9934.75,10019.5,54.85185117404204,352.1003299346121,-74.15508591130242,426.2554158459145,46.52697716796117,60.05344820014948,-13.526471032188311,3.2856894035010082,10.40658893618029,-73.31858407079646,0.5462228176852519,5.590129336003031,53.0,8035.162124081648,578.3678397405292,38.60837203525721,0.4688710674166795,1.1516661875951757,0.7438720046117897,0.8060127540680442,15.341658402019664,103.11151112090738,-207.88848887909262,-1843.6014433752775,-1760.6561913235373,652.5833333333334,0,1,0,652.5833333333334,0,0,0,1,0,324.14119694194216,311.0,8791.484004893635,9717.175,10642.865995106364,19.052677246347102,0.5209708208274941,9062.321967069734,9730.971147892067,10399.6203287144,8646.5,9615.5,10584.5,2.4070171977401382,0.35955940742853276,8915.851013404139,9717.175,10573.851013404139,6980926.0,52.71774513488346,-0.08588924672425659,1884838.116703784,-132063.28568764846,2361868.4292032,9815.0,38568674.5967235,982.4329721818127,-5.175475876118011,-3.252454818554331,-1.9230210575636792,0.5096343256225749,0.08388328330997678,462.845497553182,214225.95460525257,9743.25,9743.25,-0.535349582804039,-0.7133068608944572,0.8736854287925365,214225.95460525257,10319.657142857142,25.825,3.363284002080932,331.6102907986111,-0.01816534997232422,-0.04268472181336469,0.055901293360030246,0.47061798407383426,0.2536536449611191,,-0.01833236563252824,-0.024598832130212855,-0.050376962286472704,-0.05987659117630462,0.2609824749244012
2026-06-09 00:00:00+05:30,9841.0,9862.0,9434.0,9639.5,252133,0.0,0.0,9748.625,8782.140878906252,7836.585693359376,,9722.259609997584,8986.75763050554,8421.369028555893,,9910.604761904762,9399.686356847425,10175.479502327318,9959.890954609524,10028.719772667897,10454.463728237002,10136.825454545455,10297.626054583341,9899.24114225232,10097.199773702818,10217.392776132338,9816.0305477054,8842.706558968588,8740.171368634637,9927.60202946077,9697.75,9934.75,10009.25,52.18589403383854,304.0151479581491,-97.79221431021233,401.80736226836143,29.066027467857374,44.972049905433494,-15.90602243757612,0.0,2.1904596023340055,-82.13820078226858,-2.4539566889293667,6.980744686754342,-242.5,7697.984019062352,387.8155876669043,44.135059288294556,-0.190872237123072,0.4688710674166795,0.7131454039765783,0.7912876197107677,11.919185132771261,1.881295246490481,-426.1187047535095,-1883.1674586655147,-1812.6508588876586,457.24999999999994,0,1,0,457.24999999999994,0,0,0,1,0,331.55968287466055,428.0,8883.24951867171,9748.625,10614.00048132829,17.753795665097186,0.4369493345059298,9035.767494015474,9722.259609997584,10408.751725979693,8646.5,9615.5,10584.5,3.0185073377220255,0.3489778687438171,8921.107320416459,9748.625,10623.607320416459,6728793.0,45.88329355991244,-0.06281463453253322,1874823.4881991113,-136371.0243115388,-2171754.846397257,9645.166666666666,38267593.267285205,982.4329721818127,-5.650639266036952,-2.9820945667786183,-2.668544699258334,0.8014888384796529,-0.2522026619762809,432.68774066414477,187218.68092104222,9743.25,9743.25,-0.6435790838397664,-0.16551862007223042,0.792603995214006,187218.68092104222,10234.564285714285,31.45,3.3468882410530845,322.19801432291666,-0.01194136941369417,-0.06815215815167486,0.06980744686754337,0.4599027850392787,0.2410087088193691,,-0.012013240296287413,-0.024598832130212855,-0.050376962286472704,-0.05987659117630462,0.2609824749244012
2026-06-10 00:00:00+05:30,9701.5,9757.0,9440.0,9470.0,147749,0.0,0.0,9775.7,8836.470478515626,7856.469096679688,,9698.234885235908,9005.708311662187,8442.133998287458,,9884.069047619048,9426.661224341298,10086.55432255939,9958.887061814556,9895.052250719018,10414.892783071758,9986.995043290044,10273.797262178306,9848.645971916561,9958.466461921596,10186.965608440874,9825.155535612821,8978.47889408647,8777.995828665056,9798.643978360473,9554.75,9907.25,10009.25,48.49297992112929,249.35564472350416,-121.96137403588585,371.31701875939,15.890763154149983,30.494589263322844,-14.60382610917286,0.0,1.0952298011670027,-96.87092568448502,-8.053789018884412,6.064848518788151,-829.5,7417.178788044369,247.145762358914,38.86308172473006,-0.7869177380620493,-0.190872237123072,0.6762674582455164,0.7731517573485287,7.72941495738585,-47.38746121729491,-364.3874612172949,-1895.6314734516893,-1855.9253673367275,196.83333333333331,0,1,0,196.83333333333331,0,0,0,1,0,330.51970552647055,317.0,8987.962306548578,9775.7,10563.437693451424,16.11624115820705,0.30596332856652103,9016.74201839495,9698.234885235908,10379.727752076866,8646.5,9615.5,10584.5,3.770426274125375,0.35436097113366344,8934.250782415731,9775.7,10671.00078241573,6581044.0,45.7894667279159,-0.06741503643948203,1755039.598609206,-163848.97095341468,-5439140.654054792,9555.666666666666,38007792.90938283,980.6745822238273,-9.081180797816364,-5.130108878846423,-3.9510719189699404,0.5196435379470724,-0.776146685733915,393.868846725712,155132.6684210424,9743.25,9743.25,-0.5755125854666866,0.19102342019703406,0.6328142790882083,155132.6684210424,10100.807142857142,27.075,3.323603836163879,320.470703125,-0.017583899579853735,-0.05276319079769942,0.06064848518788146,0.455120463374286,0.22262991486154715,,-0.0177403328593996,-0.024598832130212855,-0.050376962286472704,-0.05987659117630462,0.2609824749244012
2026-06-11 00:00:00+05:30,9349.5,9439.0,9050.0,9265.5,385982,0.0,0.0,9793.75,8890.909765625,7875.911547851563,,9657.022039022964,9015.896221008768,8458.438275549093,,9835.478571428572,9443.485911458332,9971.070859551546,9941.483795821485,9730.609855548204,10353.097771310895,9805.995757575756,10232.616372867808,9766.004869550145,9825.945846500492,10147.692447325548,9814.856435497311,9027.280902593162,8806.047344818753,9649.167733095765,9367.75,9805.0,9817.25,44.40975976784384,187.37619752002502,-147.152656991492,334.528854511517,11.678178654668539,18.878323092225298,-7.200144437556759,0.0,0.0,-85.95633756924079,-10.039322297198893,4.054129934302881,-1034.0,6958.043551718122,79.73696388146527,39.613333981913954,-1.3249429942930784,-0.7869177380620493,0.6328119129350718,0.7511984618144347,3.0016616549712265,-288.40353818625226,-677.4035381862523,-1860.151788604726,-1876.8918493690685,-4.083333333333329,0,1,0,-4.083333333333329,1,0,0,0,0,336.91115513172264,420.0,9076.691791983265,9793.75,10510.808208016735,14.643179742524266,0.13165472893682334,8960.43325473829,9657.022039022964,10353.61082330764,8904.0,9744.25,10584.5,4.654983153113543,0.36475817831404866,8947.1360046901,9793.75,10702.761004690099,6195062.0,43.953462634648965,-0.07645760380606458,1796713.7477094631,-146934.6315974258,-15938308.98918982,9251.5,37174283.73303647,980.6745822238273,-4.6548067403764275,-0.5629878571251892,-4.091818883251238,1.1952652900449576,-1.4733810842527078,358.52910400836726,128543.11842104263,9743.25,9743.25,-0.26046267157322983,-0.28453100987158064,0.35028987097858255,128543.11842104263,9918.935714285713,18.05,3.3009603146268516,326.8076497395833,-0.0215945089757128,-0.08244206773618534,0.04054129934302875,0.46045744274577083,0.21746755888943592,,-0.02183108237606043,-0.024598832130212855,-0.050376962286472704,-0.05987659117630462,0.2609824749244012
2026-06-12 00:00:00+05:30,9350.0,9409.0,9226.5,9327.5,149536,0.0,0.0,9809.375,8943.633720703125,7895.9739990234375,,9625.638987687444,9028.11597704764,8475.647418607528,,9791.07380952381,9460.607097120097,9881.384207433546,9929.146549826619,9611.073374532089,10301.024818440888,9630.927164502164,10181.20943327286,9729.87976560963,9696.236718262351,10118.979018018663,9845.50675929413,9052.915307490073,8835.637679749236,9514.873583681063,9296.5,9805.0,9817.25,45.897157340761424,141.6273292264741,-154.32122022803435,295.94854945450845,11.752267739145815,13.107069849321444,-1.3548021101756298,1.4931706758661325,0.49772355862204415,-81.91593352883675,-6.387996788438378,3.466444814198558,-636.5,6920.93441046825,-76.93277051832774,42.36695810940389,-1.6958485120763327,-1.3249429942930784,0.586236630222503,0.7250493303197948,-1.1280623929196028,-261.27446130250246,-443.77446130250246,-1856.252102179891,-1875.1643474930393,-241.41666666666669,0,1,0,-241.41666666666669,1,0,0,0,0,325.8817869080282,182.5,9152.688911810968,9809.375,10466.061088189032,13.388948596399498,0.1331009529005821,8960.630087620357,9625.638987687444,10290.64788775453,8949.5,9767.0,10584.5,5.344817011784736,0.36317808549519304,8974.305770089879,9809.375,10701.555770089879,6344598.0,43.41855168612787,-0.06221911092380634,1812691.5668875454,-121573.58379536564,-12336945.990734132,9321.0,37274345.596940205,981.3437312174057,-8.10244693432049,-3.2085024408554013,-4.893944493465089,0.5545065523558074,-1.467596188397671,328.34304409451596,107809.15460525326,9743.25,9743.25,0.11491208103968954,-0.9501035084181043,0.011941315836023453,107809.15460525326,9754.471428571427,15.625,3.288865832286966,331.0779296875,0.006691489935783279,-0.061289186333215895,0.03466444814198555,0.4959028669242438,0.24404814236657213,,0.006669201291249385,-0.024598832130212855,-0.050376962286472704,-0.05987659117630462,0.2609824749244012
2026-06-15 00:00:00+05:30,9500.0,9517.0,9350.5,9373.0,111550,0.0,0.0,9807.599999999999,8995.138662109373,7912.325791015624,,9601.57813171721,9041.640840692831,8493.416776654904,,9749.514285714287,9477.444990425858,9811.197317990614,9920.331358041542,9524.897296033047,10256.162190316369,9479.587705627704,10123.961563338526,9677.213987201247,9572.928459380222,10103.940625155185,9862.414787213465,9077.61933183534,8865.94700729642,9419.490552283645,9350.25,9805.0,9817.25,47.017536586155096,107.79984176883045,-150.5189661485424,258.31880791737285,17.725643532095145,13.718696641969832,4.006946890125313,4.111069175369469,1.868079950411867,-78.95079830563702,-8.026690216858013,-0.3773183823138651,-818.0,6961.628509045537,-164.8517794598556,36.49508078812011,-1.7276184305565194,-1.6958485120763327,0.5388919915892298,0.6944555700012733,-4.2523561840636415,-110.80668111643172,-277.3066811164317,-1904.1026504850431,-1872.0903175843275,-434.66666666666663,0,1,0,-434.66666666666663,1,0,0,0,0,316.14023070031186,189.5,9146.176765802104,9807.599999999999,10469.023234197894,13.487973290058628,0.171466031483581,8963.808174513655,9601.57813171721,10239.348088920764,9050.0,9817.25,10584.5,5.9048319299877985,0.32979326328161424,9027.912357017585,9807.599999999999,10668.037357017585,6456148.0,41.26100434475353,-0.1271118996113944,1731290.2155361942,-126046.8956885559,-9849450.134914972,9413.5,37328760.231086545,981.8315360954545,-12.200751712346703,-5.845445775105291,-6.355305937241412,0.45607437507998166,-1.3141358740656774,330.71161709894716,109370.17368420064,9743.25,9743.25,0.10015794567004577,-0.958038776216419,-0.23254143797201018,109370.17368420064,9633.342857142858,-1.775,3.276479559416574,333.94495442708336,0.004878048780487809,-0.03925789257892576,-0.003773183823138626,0.5299150660167711,0.2582740321644139,,0.004866189651172906,-0.024598832130212855,-0.050376962286472704,-0.05987659117630462,0.2609824749244012
2026-06-16 00:00:00+05:30,9425.0,9580.5,9357.0,9500.5,257188,0.0,0.0,9800.324999999999,9048.717255859376,7929.651215820311,,9591.951642982236,9059.635317528408,8513.35901870134,,9720.266666666668,9497.263082107842,9772.89741694558,9921.156194293702,9487.921452608201,10227.320868663883,9373.798246753246,10067.489445455163,9648.943762625613,9518.697177534486,10102.707659462825,9863.105657512142,9098.22129212005,8900.322943637493,9387.239329681059,9436.75,9805.0,9817.25,50.133803754063365,90.2392764755914,-134.46362515342517,224.70290162901657,22.830455088519606,17.43612211992019,5.394332968599418,9.857330150386169,5.153856667207257,-70.64190289996742,-8.158925032626033,-1.5083972631142442,-844.0,7110.005258642108,-202.060446074629,39.27443858061851,-1.5891289112659706,-1.7276184305565194,0.4935483519165951,0.6601519113349472,-7.327244245109593,-29.1200123855142,-252.6200123855142,-2010.2727826882049,-1898.5223461037997,-516.1666666666666,0,1,0,-516.1666666666666,0,0,0,1,0,309.52307136457534,223.5,9128.302030859366,9800.324999999999,10472.347969140632,13.714299661299664,0.27692354743215997,8972.3502531314,9591.951642982236,10211.553032833071,9050.0,9817.25,10584.5,6.294593027736808,0.3206214772428471,9052.361088118414,9800.324999999999,10614.861088118414,6713336.0,37.84885957816948,-0.09061107343478264,1804361.526498163,-93168.11563982023,-3757890.115641405,9479.333333333334,37678610.545820355,981.8315360954545,-10.666965684969409,-3.449327798182397,-7.217637886787012,1.182666052313802,-0.8923058102713605,336.0114845703164,112903.71776314797,9743.25,9743.25,0.1295344283152925,-1.0605388582269175,-0.3642746760451915,112903.71776314797,9560.15,-7.275,3.266747220843869,331.81666666666666,0.013602901952416424,-0.014419835053685381,-0.015083972631142473,0.4819436843814966,0.24914390701712152,,0.013511213036100714,-0.024598832130212855,-0.050376962286472704,-0.05987659117630462,0.2609824749244012
2026-06-17 00:00:00+05:30,9545.0,9609.0,9380.0,9444.5,151082,0.0,0.0,9787.375,9097.7733203125,7948.025546874999,,9577.908629364882,9074.728050174353,8531.79745397458,,9686.378571428573,9512.783974034926,9728.91588872554,9916.964655294956,9443.993264922627,10192.594846148855,9306.10015151515,10011.359504153073,9625.785030434925,9449.392684435965,10098.072064974087,9860.300983540921,9121.67294865623,8930.979217559905,9396.102622686702,9472.5,9805.0,9817.25,48.776808151130304,70.98539453387093,-122.97400567611652,193.95940020998745,25.371999565547952,21.976032728720902,3.39596683682705,13.722229496845014,9.23020960753355,-74.29130009775172,-5.531382845711428,-2.669140001030556,-553.0,7208.122364505785,-224.24735398837947,40.06268428843591,-1.4008557636586314,-1.5891289112659706,0.44977679185913555,0.6225943131186554,-10.11746007034672,22.96856081241458,-206.03143918758542,-2160.402829736211,-1974.2342997104329,-659.6666666666666,0,1,0,-659.6666666666666,0,0,0,1,0,303.7714234099628,229.0,9097.744597461638,9787.375,10477.005402538362,14.092244397264057,0.25140669644351477,8973.697848071268,9577.908629364882,10182.119410658495,9050.0,9817.25,10584.5,6.71034070518549,0.3200952958901145,9050.095629307658,9787.375,10590.470629307658,6562254.0,36.441312686553886,-0.08638306242774188,1738386.85400908,-92239.81817188044,-4429704.670549776,9477.833333333334,37589556.36972436,981.2420934345419,-12.902058269114027,-4.5475363058616125,-8.354521963252415,0.7227486281209023,-0.99437321422594,344.81520126918105,118897.52302630582,9743.25,9743.25,0.18214651604449958,-1.2004967398989312,-0.46985750629067335,118897.52302630582,9484.385714285714,-12.95,3.263980835337736,331.15,-0.005894426609125869,-0.0026927138331573897,-0.026691400010305566,0.5254884325314735,0.23593580350917365,,-0.005911867310712319,-0.024598832130212855,-0.050376962286472704,-0.05987659117630462,0.2609824749244012
2026-06-18 00:00:00+05:30,9480.0,9482.5,9306.5,9399.5,116249,0.0,0.0,9770.825,9146.162705078124,7967.422680664062,,9560.917331330133,9087.464205069478,8548.979682608746,,9649.438095238096,9524.616392846201,9682.16986776786,9908.908621555178,9397.461792158761,10153.752976628333,9262.055519480518,9954.889153942526,9585.01482365614,9393.49814306111,10085.755513406477,9853.291402334678,9146.814128686663,8958.255057320936,9415.388467726549,9422.0,9805.0,9762.75,47.66042100308117,51.50175033983032,-113.96611989612572,165.46787023595604,26.528170028469866,24.910208227512474,1.6179618009573922,15.09267025731376,12.89074330151498,-75.48228691687127,-6.917211328976035,-3.401675145162119,-698.5,7253.15099789197,-192.45004815198263,41.269854490796114,-1.2875359267024429,-1.4008557636586314,0.40741881112908995,0.5824410396095011,-11.335531803047889,-76.88409073221555,-252.88409073221555,-2210.996133299415,-2076.0750014388814,-778.3333333333333,0,1,0,-778.3333333333333,0,0,0,1,0,294.644893166394,176.0,9059.88979124143,9770.825,10481.760208758571,14.552204317620474,0.23884750999433152,8980.726624445435,9560.917331330133,10141.10803821483,9050.0,9817.25,10584.5,7.087433599294966,0.3199253203686955,9031.991402930713,9770.825,10574.491402930713,6446005.0,42.943686954554195,-0.08375935382086637,1744991.9108272619,-81373.0131135853,-4544204.717614094,9396.166666666666,37534167.466129676,980.7656256490583,-15.954287785822272,-6.079812658055886,-9.874475127766386,0.6025124857209792,-1.0446099600226741,355.46760437928504,126357.21776314788,9729.5,9729.5,0.24583275478317967,-1.3274266605858014,-0.5596654110795871,126357.21776314788,9406.664285714287,-16.55,3.26049963920523,334.45,-0.004764677854836141,0.014462252441854284,-0.0340167514516212,0.4694200828272086,0.2368919406464356,,-0.004776065117858199,-0.024598832130212855,-0.050376962286472704,-0.05987659117630462,0.2609824749244012
2026-06-19 00:00:00+05:30,9200.0,9695.0,9127.5,9638.5,254329,0.0,0.0,9776.5,9198.602978515626,7987.037065429688,,9568.306156917739,9109.0734519295,8570.554342359068,,9636.835714285715,9543.923737745097,9684.695960654944,9919.06618730088,9422.703324565287,10143.306207378975,9264.611904761903,9905.340457803914,9587.3406061882,9405.64117705529,10077.23568935132,9855.46672438646,9172.671419658085,8994.51216637507,9453.766802312104,9519.0,9805.0,9762.75,53.71904293300074,54.71539947168094,-88.6019766114201,143.31737608310104,30.503391023185998,27.46785353906794,3.035537484118059,20.7682637429578,16.527721165705522,-58.71623991581901,-2.999043928948825,1.1916010498687664,-298.0,7378.346844904413,-171.1587266862789,53.91732641109621,-1.0804416078324732,-1.2875359267024429,0.36996688492376695,0.5408960263108319,-11.744947352530883,124.31363651524407,-443.18636348475593,-2029.3443486825906,-2130.4025095736743,-735.4166666666666,0,1,0,-735.4166666666666,0,0,0,1,0,314.1345436545087,567.5,9072.044555217173,9776.5,10480.955444782827,14.411199197725706,0.4020520027050516,8935.276469736345,9568.306156917739,10201.335844099132,9050.0,9817.25,10584.5,7.312969302163488,0.3246110944902492,8991.634642234443,9776.5,10597.134642234443,6700334.0,40.622717762101466,-0.021951063952338264,1948679.1892413588,-4720.366720380494,4788486.09918792,9487.0,38180846.87460885,980.7656256490583,-13.263325696924609,-2.7110804553265773,-10.552245241598031,1.2802792029446588,-0.3917919891797936,352.22772239141347,124064.36842104263,9729.5,9729.5,0.2157474458574836,-1.2799322452717712,-0.709955220003982,124064.36842104263,9357.507142857143,5.675,3.2661256063794513,325.82444444444445,0.025426884408745076,0.03334226748860902,0.011916010498687735,0.5383446648647814,0.27404663919995165,,0.025108998483629862,-0.024598832130212855,-0.050376962286472704,-0.05987659117630462,0.2609824749244012
2026-06-22 00:00:00+05:30,9700.0,9849.5,9668.0,9731.5,253004,0.0,0.0,9777.925000000001,9252.20330078125,8007.007880859375,,9583.848427687477,9133.482336167559,8593.54336528265,,9632.550000000001,9564.821660156249,9703.21554271757,9935.16232363545,9468.868344091921,10142.621859646348,9310.95108225108,9864.04786533243,9588.200895967619,9445.437255430978,10067.030368200289,9854.83807148189,9201.367868768593,9032.929178897735,9511.329222990109,9685.0,9681.75,9675.25,55.86017739652875,64.02848184596041,-63.43111538971252,127.45959723567293,40.09989129567394,32.377150782443266,7.722740513230676,35.529884820837694,23.796939607036414,-45.501799280287884,-0.25112751127511274,0.2937235906420695,-24.5,7616.287903980519,-114.19543669394261,53.812562476812545,-0.4854580325625396,-1.0804416078324732,0.3379100830800619,0.4992032128778856,-11.472001616411369,255.84025987020868,74.34025987020868,-1749.6928633475059,-2065.1294428412875,-634.5,0,1,0,-634.5,0,0,0,1,0,306.7677905363295,211.0,9073.98045411292,9777.925000000001,10481.869545887082,14.39864891348791,0.4670251014293333,8970.91680595193,9583.848427687477,10196.780049423023,9050.0,9817.25,10584.5,7.377020564501652,0.319587105189843,9015.214382068145,9777.925000000001,10581.714382068145,6953338.0,34.36608804581144,-0.04332441803011617,1872708.2911697335,2894.099846811965,7465755.513589646,9749.666666666666,38424965.48227602,981.7305060765107,-11.05523279650923,-0.40239004392895694,-10.652842752580273,1.2170663680331266,-0.13189959428266668,351.97227294354116,123884.48092104265,9743.75,9743.75,0.20313238745286397,-1.2776829606877933,-0.8161540777450587,123884.48092104265,9341.800000000001,1.425,3.277138194338499,314.57888888888897,0.00964880427452397,0.038248159607382926,0.0029372359064205877,0.5154485154923134,0.2871666972256708,,0.009602551844983587,-0.024598832130212855,-0.050376962286472704,-0.05987659117630462,0.2609824749244012
2026-06-23 00:00:00+05:30,9720.0,9925.0,9614.0,9862.5,262646,0.0,0.0,9776.95,9310.154052734375,8027.802622070312,,9610.386672669621,9162.071264160988,8618.671219435468,,9640.604761904762,9588.754864047181,9742.396284109265,9959.780614310099,9541.80631543756,10155.28955619076,9400.94032467532,9832.820226649403,9596.988875517924,9522.538469199455,10065.244863564983,9853.874310403022,9221.41197465632,9074.624928734791,9599.221622234152,9797.0,9681.75,9629.5,58.75477574676133,81.04552949707977,-37.13125419087454,118.17678368795431,55.29516611208286,41.96614947698093,13.32901663510193,56.747376446919574,37.681841670238356,-29.896462467644525,2.313397997821464,-0.1973284760170006,223.0,7668.0784655623365,-63.2632352941182,57.47340392477916,0.1418233814265792,-0.4854580325625396,0.3119342552165172,0.45872174587466347,-9.583473074401027,292.93450846017913,-18.06549153982087,-1523.3564106944561,-1882.0711613423439,-492.4166666666666,0,1,0,-492.4166666666666,0,0,0,1,0,307.070091212306,311.0,9073.55859888832,9776.95,10480.341401111682,14.388769526522712,0.5608125148137942,8996.591395861271,9610.386672669621,10224.181949477972,9050.0,9817.25,10584.5,7.348822496485348,0.31635201391481205,9017.374678289621,9776.95,10580.874678289623,7215984.0,43.12104661461335,-0.05217355042412996,2029789.1786295406,55726.29128452833,11314451.297362555,9800.5,38778524.81023163,981.7305060765107,-8.867492364139434,1.4282803107526725,-10.295772674892106,1.2570914390601704,0.24325005925517695,351.6957005558409,123689.8657894637,9743.75,9743.75,0.21215076803272087,-1.2680302854116434,-0.8760688886585601,123689.8657894637,9367.914285714285,-0.975,3.2920253150714975,300.45,0.013461439654729457,0.03810325772327783,-0.001973284760170002,0.5373615294579519,0.31908056197805656,,0.013371639471499937,-0.024598832130212855,-0.050376962286472704,-0.05987659117630462,0.2609824749244012
2026-06-24 00:00:00+05:30,9903.0,10510.0,9874.5,10468.5,743926,0.0,0.0,9785.4,9372.875351562501,8054.594174804688,,9692.111751462991,9213.303763605656,8655.301492317933,,9706.466666666667,9634.1801953125,9885.490756911908,10028.953775960463,9759.529284598279,10234.032807337551,9579.62924242424,9827.126147924913,9764.242363138672,9727.201472132841,10109.999966954592,9900.282343733721,9297.70208225362,9130.842583131613,9770.989891178297,10165.5,9867.0,9780.0,68.91132099122377,141.79625880212188,18.89558009133404,122.90067871078784,73.91975749954764,56.438271635768146,17.481485863779497,78.65885531959216,56.97870552911647,-2.842465753424661,10.543822597676874,1.6408563522501092,998.5,8180.988180939079,55.301470588234224,65.63983809446377,0.7268566371587656,0.1418233814265792,0.2983160932111151,0.4215555436831127,-5.436354155761184,758.4438643944395,122.94386439443952,-1413.514855043527,-1664.8262919683402,-296.4166666666666,0,1,0,-296.4166666666666,0,0,0,1,0,331.3865132685699,647.5,9052.150232831546,9785.4,10518.649767168454,14.986607949975559,0.9658030800595314,9013.439834350673,9692.111751462991,10370.78366857531,9050.0,9817.25,10584.5,7.321174939254552,0.3526421206940493,8999.844572567668,9785.4,10604.84457256767,7959910.0,59.70046762425007,0.014237801851726037,2676554.111753065,278062.276386122,74100837.68345362,10284.333333333334,43349568.21707574,981.7305060765107,7.2292441071805555,14.020013425658131,-6.790769318477575,2.770166509526001,1.8632123202381263,366.6248835842269,134413.80526314792,9743.75,9743.75,0.33358074076850486,-1.041973025571247,-0.6936089084705184,134413.80526314792,9548.6,8.45,3.3180326931008466,301.08444444444444,0.061444866920152164,0.10842289163004915,0.016408563522501085,0.5500805461041041,0.41197269479909426,,0.0596310619711864,-0.024598832130212855,-0.050376962286472704,-0.05987659117630462,0.2609824749244012
2026-06-25 00:00:00+05:30,10504.0,11035.0,10411.0,10974.5,1072182,0.0,0.0,9819.15,9441.17671875,8088.146987304687,,9814.243965609374,9282.370282679945,8701.22621524233,,9819.714285714286,9696.989005055146,10099.706497624169,10132.392048170645,10069.055022900016,10362.452605839979,9855.645606060605,9856.52095924698,10204.327825010554,10002.848950977332,10200.745066289708,10074.765840068476,9419.618156989674,9193.946546968955,10043.801555072454,10721.5,10120.0,10042.5,74.54729369005074,228.14174462456685,84.19285273102321,143.94889189354365,88.07107094562177,72.42866485241743,15.642406093204343,91.87249755272062,75.75957643974411,-3.0478589420654956,18.44476822621553,6.553716199815525,1709.0,8864.829873462395,283.28088235293944,70.31715407666371,1.2621834270588381,0.7268566371587656,0.2998405099475354,0.38973375254144965,0.9203519124195788,1108.7375980523775,484.7375980523775,-1391.1927793406908,-1502.4380290273602,50.50000000000006,0,1,0,50.50000000000006,0,0,0,1,0,352.2874766065292,624.0,8938.870014636514,9819.15,10699.429985363486,17.929861247938693,1.1562400708922924,9081.350326317277,9814.243965609374,10547.13760490147,9050.0,10042.5,11035.0,7.244891370924531,0.3891177712914479,8944.835183870475,9819.15,10705.835183870477,9032092.0,73.27357808358352,0.1428570761374805,3540829.0252146036,618736.0812667068,141018445.44296026,10806.833333333334,48532011.66169532,981.7305060765107,23.28222613175471,24.05839636018583,-0.776170228431118,3.1799523799920038,2.62496028356917,440.1399926817429,193723.21315788472,9743.75,9743.75,0.9966274007256022,0.950898261597484,-0.35068404326866043,193723.21315788472,9820.842857142858,33.75,3.3518222364979184,325.31999999999994,0.04833548263839127,0.1675621043672535,0.06553716199815529,0.6771514050163265,0.4685711149385934,,0.04720365169369448,-0.024598832130212855,-0.050376962286472704,-0.05987659117630462,0.2609824749244012
2026-06-26 00:00:00+05:30,10974.5,10974.5,10974.5,10974.5,0,0.0,0.0,9869.675,9505.268681640624,8122.453212890625,,9924.744540313244,9348.728310810144,8746.24153771278,,9929.747619047619,9757.119329810048,10282.996874963466,10229.171641936104,10321.122028787953,10479.438780013068,10172.68922077922,9913.950543771294,10482.406278234517,10247.910955646157,10280.951142121485,10087.529754873205,9436.062041518868,9256.592916329715,10357.718232881361,10974.5,10120.0,10042.5,74.54729369005074,293.1914358572576,119.39403517097116,173.79740068628644,97.02060545414811,86.33714463310584,10.683460821042274,99.99999999999999,90.17711762410426,-3.0478589420654956,17.657464486732778,10.141509433962264,1647.0,9273.418828721526,546.5558823529409,73.8394525015871,1.7567064956146656,1.2621834270588381,0.3116536832258099,0.36448505161218075,7.4027788037601105,898.4893697591815,898.4893697591815,-1400.1434892743773,-1422.152528122878,458.75,0,1,0,458.75,0,0,0,1,0,327.12408542034854,2.220446049250313e-16,8849.506011160682,9869.675,10889.843988839317,20.67279801694215,1.0414911706231138,9261.650295239442,9924.744540313244,10587.838785387046,9050.0,10042.5,11035.0,7.083549550258701,0.36517279837596023,9064.722892259746,9869.675,10654.597892259746,9032092.0,76.05789081762694,0.2530039070410403,3540829.0252146036,701853.9031481547,120872953.2368231,,48532011.66169532,981.7305060765107,12.660988188095835,10.749726733221562,1.9112614548742728,0.0,2.165964682492457,510.08449441965837,260186.1914473585,9743.75,9743.75,0.9871884387387986,0.286709776916813,-0.11469449992523015,260186.1914473585,10049.892857142857,50.525,3.379967675927796,347.9111111111112,0.0,0.13861077968563573,0.10141509433962259,0.6401142253597492,0.468475548292524,,0.0,-0.024598832130212855,-0.050376962286472704,-0.05987659117630462,0.2609824749244012
2026-06-29 00:00:00+05:30,10974.5,11055.0,10770.0,10874.5,468469,0.0,0.0,9903.85,9565.610771484375,8156.007338867188,,10015.197441235792,9408.562494699943,8788.385269639259,,10025.445238095239,9810.814675628064,10421.16884484925,10311.96638167587,10498.837427371474,10574.479264076253,10474.791731601732,9989.053433668238,10596.528560120045,10438.443245584618,10343.149136548094,10142.496501131625,9498.038780469667,9317.265572734344,10628.378515284852,10924.5,10120.0,10052.5,71.57332327066158,332.83787273919734,127.23237764232869,205.60549509686865,94.96726278342766,93.3529797277325,1.6142830556951537,96.71066824615247,96.19438859962435,-9.002493765586038,16.019417475728154,6.7068982435482285,1501.5,9363.919293055567,724.2911764705877,72.09354229635395,2.1219384985870238,1.7567064956146656,0.32871668474123705,0.34617042192602987,12.80130295091578,864.9194597935839,579.9194597935839,-1433.4630999071885,-1404.9417486968086,786.75,0,1,0,786.75,0,0,0,1,0,324.1152221760379,285.0,8796.306245369506,9903.85,11011.393754630495,22.365923446548457,0.9381993920970796,9360.969314740447,10015.197441235792,10669.425567731138,9050.0,10052.5,11055.0,6.849695321576294,0.36211252352501494,9094.489657778113,9903.85,10698.614657778113,8563623.0,71.45450296996383,0.22042869014400215,3415903.9585479368,632302.863328612,96912974.20299123,10899.833333333334,48105141.18923643,981.7305060765107,13.967016294405019,9.644603871624597,4.322412422780422,1.3089108219302474,1.7527975683883186,553.7718773152473,306663.2921052532,9743.75,9743.75,0.9034535441751875,-0.3170827840873631,0.15109195233976666,306663.2921052532,10268.635714285714,34.175,3.4010294002453185,374.2733333333335,-0.009112032438835516,0.11745362996454811,0.0670689824354822,0.599719806306628,0.44681382940090497,,-0.009153800930595224,-0.024598832130212855,-0.050376962286472704,-0.05987659117630462,0.2609824749244012
2026-06-30 00:00:00+05:30,10874.5,10950.0,10710.0,10775.5,264308,0.0,0.0,9925.4,9626.9184765625,8187.677084960938,,10087.607208737145,9462.167887064652,8827.734076181056,,10108.459523809524,9858.26131204044,10520.428268317211,10381.647390744869,10614.992388854727,10649.310850668968,10719.396212121212,10072.297020715287,10636.73549872122,10597.305793624178,10378.770739036405,10153.009933098307,9538.567070254929,9375.489766632008,10786.81545717152,10825.0,10120.0,10052.5,68.65330163963998,352.2094358491031,117.28315260178755,234.92628324731555,91.33649922213776,94.44145581990449,-3.10495659776673,90.1916742837569,95.63411417663644,-13.940149625935161,13.420346297563286,4.166465271400261,1275.0,9368.927124037948,882.567647058826,68.08374136957077,2.2712961173431547,2.1219384985870238,0.347275061039265,0.33478134072382204,17.345947233106344,676.2881083944994,436.28810839449943,-1478.311800655428,-1422.7862930598749,1089.1666666666667,0,1,0,1089.1666666666667,0,0,0,1,0,318.10699202060664,240.0,8766.18830778482,9925.4,11084.61169221518,23.358488166022124,0.8666715948902798,9449.97223714612,10087.607208737145,10725.24218032817,9050.0,10052.5,11055.0,6.48447823867226,0.3618840225255137,9126.897693057908,9925.4,10716.272693057908,8299315.0,69.19053138533145,0.19834645068926596,3295864.0752146035,508173.5784028643,79330193.31684963,10811.833333333334,47864518.705444075,980.8201193920654,10.382534630967651,4.848097766549783,5.534436864417868,0.7370151372136763,1.466686379561119,579.6058461075901,335942.93684209534,9743.75,9743.75,0.8371594310046535,-0.6740884997568984,0.407727139275584,335942.93684209534,10474.57857142857,21.55,3.413803315180848,400.08666666666676,-0.009103866844452635,0.09257287705956907,0.04166465271400255,0.5796216276265203,0.4438198001898772,,-0.009145560280788846,-0.024598832130212855,-0.050376962286472704,-0.05987659117630462,0.2609824749244012
2026-07-01 00:00:00+05:30,10665.0,11130.0,10550.0,10863.0,310310,0.0,0.0,9968.675,9686.175078125,8223.225771484374,,10161.45414123837,9517.102479728783,8868.036371702223,,10197.754761904764,9906.735097273284,10619.868038835728,10453.30425856943,10728.581477528172,10726.537611885935,10910.018246753247,10161.446195700937,10696.173713107219,10761.990956136162,10419.858161034977,10197.03399797183,9602.403801018427,9434.443140533152,10846.870920594363,10819.25,10151.0,10128.75,69.82506203128061,370.3528606691234,108.34126193744629,262.0115987316771,87.90800775838181,91.40392325464907,-3.4959154962672585,84.69753910618003,90.53329387869645,-13.33333333333333,15.019323415744614,8.657164291072768,1418.5,9531.939463642053,952.2132352941189,67.16733749662858,2.336306682324196,2.2712961173431547,0.3668999252233851,0.33027924228985484,21.618899008680465,772.1040929095707,192.10409290957068,-1512.2017226017228,-1455.9825021668887,1349.8333333333333,0,1,0,1349.8333333333333,0,0,0,1,0,336.8136354477062,580.0,8735.847130724196,9968.675,11201.502869275802,24.734036755653147,0.8627128418687322,9474.07011932268,10161.45414123837,10848.83816315406,9050.0,10090.0,11130.0,5.86095986429704,0.3360364387737919,9137.30869675925,9968.675,10779.933696759254,8609625.0,76.91235591628222,0.226278552373324,3320474.8683180516,419026.52524771355,71876183.55729969,10847.666666666666,48116498.891978346,980.8201193920654,8.449122957347623,2.331748874343803,6.11737408300382,0.8285045507543474,1.4508513674749282,616.4139346379018,379966.1388157795,9743.75,9743.75,0.6672517689771158,-1.1849594463116537,0.5684219745095268,379966.1388157795,10655.914285714287,43.275,3.4255227776979886,429.1,0.008120272841167564,0.03768448201748109,0.08657164291072772,0.5537001025560802,0.4716464570226171,,0.008087480826124415,-0.024598832130212855,-0.050376962286472704,-0.05987659117630462,0.2609824749244012
2026-07-02 00:00:00+05:30,10971.0,11275.0,10952.0,10986.0,356692,0.0,0.0,10013.074999999999,9734.96208984375,8260.655800781251,,10239.982318263286,9574.706304053143,8909.976245529902,,10294.642857142859,9957.708623621324,10725.787052445345,10529.53913846658,10848.929015791333,10809.957884262178,11064.83818181818,10255.84021624936,10782.544803049808,10911.658484123194,10482.138233151252,10249.250153839132,9815.645881309829,9494.719410166097,10868.916479702826,10924.5,10179.5,10201.25,71.44116573928626,390.15921503615755,102.51809304358437,287.6411219925732,86.42300276988294,88.55583658346751,-2.1328338135845684,84.2259369016177,86.37171676385154,-13.457508731082656,16.878557370072876,8.793820558526441,1586.5,9894.465311994105,969.6808823529427,62.16271189166354,2.583780397347841,2.336306682324196,0.3876535262916203,0.3322444246640608,25.466624756486958,827.3749367796318,504.37493677963175,-1532.7676725919803,-1491.2096365022448,1478.6666666666665,0,1,0,1478.6666666666665,0,0,0,1,0,342.18409005858433,412.0,8699.329479701177,10013.074999999999,11326.820520298821,26.240600820403767,0.8702867050609243,9539.587250815757,10239.982318263286,10940.377385710815,9050.0,10162.5,11275.0,5.238983169241348,0.3363561629720374,9206.785542315418,10013.074999999999,10821.66054231542,8966317.0,78.14179417585973,0.15274014231172878,3038875.9209496304,254864.29068086203,67875745.33482832,11071.0,48520375.50064998,980.8201193920654,7.89327339240121,1.4207194475179117,6.472553944883298,0.8948921012397306,1.4811468202436977,656.872760149411,431481.82302630553,9743.75,9743.75,0.5425179039563137,-1.5169086812446888,0.703528167710708,431481.82302630553,10857.778571428571,44.4,3.4360175941257607,461.5200000000001,0.011322838994752837,0.0010478837304661592,0.08793820558526444,0.5739185649799095,0.44280057880475465,,0.011259215468814834,-0.024598832130212855,-0.050376962286472704,-0.05987659117630462,0.2609824749244012
2026-07-03 00:00:00+05:30,11000.0,11279.0,10936.0,11248.0,307902,0.0,0.0,10078.65,9785.9268359375,8302.51888671875,,10335.984002238212,9640.32566467851,8956.273745618419,,10412.254761904764,10017.04344362745,10862.380285332627,10620.760126578538,11010.520129756844,10914.779700908482,11210.110151515148,10358.587561671151,10921.95905515033,11088.119580873366,10553.62300832179,10310.518155059675,9888.310510738234,9558.303827820157,10925.6177563092,11117.0,10323.75,10203.25,74.56594478571387,422.13104008114533,107.59193447085772,314.5391056102876,90.58943423943126,88.30681492256534,2.282619316865919,90.74493086401327,86.556135623937,-1.44085521729026,16.698656429942417,13.198812459115382,1609.5,10098.484548631151,940.3838235294133,60.87646978681187,2.8972491950370047,2.583780397347841,0.4112056388634766,0.3403883753066624,29.494868903716277,717.0356600968262,374.0356600968262,-1531.2757664992207,-1516.587726257009,1556.7499999999998,0,1,0,1556.7499999999998,0,0,0,1,0,342.242369340114,343.0,8654.69486691027,10078.65,11502.60513308973,28.25686243871412,0.9105993134287589,9636.959893595209,10335.984002238212,11035.008110881216,9050.0,10164.5,11279.0,4.59858384893156,0.3340263279164898,9252.923303311403,10078.65,10881.173303311403,9274219.0,79.17656090940285,0.21819238088188894,3291122.1658475897,244797.70076369494,69703542.28699571,11154.333333333334,49254676.64756423,983.2049728419107,6.2510852275432605,-0.17717497387203096,6.428260201415291,0.7622395090011261,1.6423972537150362,711.9775665448648,506912.05526314734,9743.75,9743.75,0.42335795553718136,-1.6827832929216366,0.7805113026438104,506912.05526314734,11079.464285714286,65.575,3.44279230859394,493.68777777777774,0.02384853449845248,0.024921408720214977,0.13198812459115383,0.6030815815764268,0.5236030147041266,,0.023568600147880335,-0.024598832130212855,-0.050376962286472704,-0.05987659117630462,0.2609824749244012
2026-07-06 00:00:00+05:30,11260.0,11360.0,11043.0,11071.0,121818,0.0,0.0,10144.399999999998,9825.360527343748,8342.558505859373,,10405.985525834572,9696.43054057347,8998.149513031914,,10506.764285714287,10067.438469669118,10945.58354141194,10692.321276886301,11091.559253851758,10989.660817835216,11315.551991341988,10460.842585275095,10952.161728512725,11201.584382694951,10602.402498191525,10340.876855315344,9944.510125824876,9618.338147586439,10993.981960314843,11159.5,10323.75,10243.75,69.06785925738686,428.2499224943822,90.96865350727563,337.28126898710656,90.71883575741059,89.24375758890827,1.4750781685023213,89.42747154926514,88.13277977163203,-12.945128779395299,13.764578944664235,13.478884788847889,1339.5,10171.430341517182,954.9632352941189,50.1572525159388,3.2608325514921717,2.8972491950370047,0.4332272983521568,0.35386538009951124,31.115579668783127,725.3162800829923,408.3162800829923,-1527.4096979601038,-1527.9497164573713,1584.583333333333,0,1,0,1584.583333333333,0,0,0,1,0,340.43934295867734,317.0,8662.898393343336,10144.399999999998,11625.90160665666,29.20826478957183,0.8127232518130983,9713.154189443285,10405.985525834572,11098.81686222586,9050.0,10205.0,11360.0,4.070502147664726,0.33172658484771306,9319.980611002942,10144.399999999998,10949.730611002942,9152401.0,78.72081685759667,0.2181349508560441,3190824.0649012174,186512.1817906727,56665638.245996326,11158.0,49062982.24855997,981.6313597551398,0.3157989598941971,-4.889968993216876,5.205767953111073,0.31169425316119503,1.2508930072523927,740.7508033283314,548711.7526315682,9797.0,9797.0,0.224658216647386,-1.8882798622829458,0.7797814087374526,548711.7526315682,11231.492857142857,65.75,3.442336233682067,519.0344444444444,-0.015736130867709863,0.018069796312474073,0.1347888478884789,0.5700241506403898,0.49893658930729323,,-0.015861258190979385,-0.024598832130212855,-0.050376962286472704,-0.05987659117630462,0.2609824749244012
2026-07-07 00:00:00+05:30,11159.0,11230.0,11045.0,11097.0,153695,0.0,0.0,10217.275,9861.23119140625,8382.153315429687,,10471.796428136042,9751.354833100002,9039.71090881346,,10597.488095238095,10117.306684283089,11019.547353835942,10760.96142943586,11158.997059963784,11059.818579389294,11378.7966017316,10563.012321818902,10980.039435713246,11251.481108152575,10664.916125713426,10390.642801611992,9984.315033612516,9677.948083396235,11057.34434572814,11084.0,10323.75,10243.75,69.42449865562904,430.2376517640769,74.36510622157624,355.87254554250063,91.27783362857775,90.86203454180654,0.4157990867712158,86.8186526251788,88.9970183461524,-11.780515117581192,12.517110266159696,15.120078842263602,1234.5,10165.961948803419,975.8382352941189,49.49752932566463,2.9926991350719563,3.2608325514921717,0.4531602739548335,0.3710702890710355,32.044933150980214,529.2710972139939,344.2710972139939,-1522.4722029476254,-1528.7684674097093,1559.4999999999998,0,1,0,1559.4999999999998,0,0,0,1,0,329.33653274734326,185.0,8697.452937180955,10217.275,11737.097062819044,29.75004710784519,0.7894171039892133,9809.710933305829,10471.796428136042,11133.881922966255,9050.0,10205.0,11360.0,3.3602002020481097,0.3250485350942277,9424.034921939841,10217.275,10993.034921939843,9306096.0,78.27965618742073,0.2120543907365039,3123530.5784147307,124300.88907503849,49141414.210853994,11124.0,49099077.18126704,981.6313597551398,-3.901419821078273,-7.285750219351478,3.384330398273204,0.40453483297721526,1.1576684159568538,759.9110314095221,577464.7756578837,10165.5,10165.5,0.019744811060081784,-1.9694990262340712,0.7631514065039599,577464.7756578837,11357.914285714287,72.875,3.438093595478116,546.2422222222223,0.0023484780056002297,0.02983620249640384,0.15120078842263607,0.5932605747111852,0.5051312792763127,,0.0023457246410968887,-0.024598832130212855,-0.050376962286472704,-0.05987659117630462,0.2609824749244012
2026-07-08 00:00:00+05:30,11101.0,11192.0,10932.0,11002.0,156666,0.0,0.0,10293.875,9892.907578125001,8422.008452148437,,10522.2920064088,9800.399741605885,9078.568118539926,,10672.22380952381,10162.042715992646,11063.562652860252,10817.535501159713,11183.86832479875,11111.906664794984,11387.749350649348,10662.051444963201,10981.788765686426,11230.34005023328,10713.5860815678,10429.947863717276,10015.60526544933,9734.575085254733,11079.822608434617,11049.5,10443.25,10243.75,66.41150907157255,419.31364875014333,50.752882566114124,368.5607661840292,86.41284061216871,89.46983666605234,-3.056996053883637,73.78004738181335,83.3420571854191,-16.035834266517355,5.096241104265176,16.17740232312566,533.5,10079.86916930446,981.230882352942,48.81501486670324,2.306556296764167,2.9926991350719563,0.46918840827341324,0.3898867222183553,31.8643221557724,448.23236904056466,188.23236904056466,-1519.4206934812757,-1525.0767102993257,1529.9166666666665,0,1,0,1529.9166666666665,0,0,0,1,0,324.38392326539014,260.0,8778.21270338892,10293.875,11809.53729661108,29.447847319130663,0.7336024989152663,9873.738463467178,10522.2920064088,11170.84554935042,9050.0,10205.0,11360.0,2.381520176602897,0.31733257687866073,9504.117010473929,10293.875,11058.86701047393,9149430.0,77.28546359676297,0.21978399703844695,3051223.193799346,64543.8388523804,39995030.75216057,11042.0,48964957.41916917,981.6313597551398,-7.349911432419186,-8.587393464553912,1.237482032134726,0.48774580158042763,0.9344099956610651,757.8311483055404,574308.049342094,10622.0,10622.0,-0.19722771155062865,-1.923224935740487,0.7313710712247105,574308.049342094,11428.92142857143,76.6,3.4219519490009986,571.2199999999999,-0.00856087230783098,0.0127957286200866,0.16177402323125656,0.5004565212078425,0.4705293328301061,,-0.008597727065160325,-0.024598832130212855,-0.050376962286472704,-0.05987659117630462,0.2609824749244012
2026-07-09 00:00:00+05:30,11003.0,11245.0,10780.0,11134.0,268180,0.0,0.0,10387.300000000001,9926.47541015625,8467.59228515625,,10580.549910560343,9852.697790954673,9119.269739954978,,10752.235714285714,10210.713007046568,11122.980503963054,10880.19301911601,11232.877968672834,11172.973430486521,11369.924523809525,10760.85696381858,10985.292004376239,11236.355283544395,10777.0336862122,10540.380080512383,10052.617471505111,9792.984747540864,11084.57527378378,11068.0,10489.75,10487.0,68.45976762044484,416.50636834036413,38.35648172506791,378.1498866152962,86.41325963638104,88.03464462570916,-1.6213849893281207,69.71054650886728,76.7697488386198,-12.943871706758303,1.4533691739942594,20.166207975824296,159.5,10051.184173887696,919.8470588235305,52.71642361353681,1.6291457087818249,2.306556296764167,0.48288550770609895,0.40891248049394296,30.16317745829465,445.4848877490549,-19.515112250945094,-1546.3681531544269,-1526.260607328722,1493.5,0,1,0,1493.5,0,0,0,1,0,334.42792874643374,465.0,8908.641774659076,10387.300000000001,11865.958225340926,28.47050196568743,0.7524924242814247,9905.191943136972,10580.549910560343,11255.907877983715,9127.5,10243.75,11360.0,1.5549717841878412,0.2979865417726597,9583.180297795918,10387.300000000001,11156.93029779592,9417610.0,77.53222229338853,0.24130100210688626,3191368.871218701,78821.95758996252,39338563.50185192,11053.0,49286714.91780578,981.6313597551398,-6.8019703255766935,-6.431561886169136,-0.37040843940755797,1.113685819172439,1.0099696971256988,739.3291126704627,546607.5368420937,10819.25,10819.25,-0.3927984353762535,-1.791863700145894,0.7192145467307943,546607.5368420937,11482.107142857143,93.425,3.4021128902276705,602.3988888888889,0.011997818578440178,0.013471691243400752,0.2016620797582429,0.47286205224278754,0.5207775413117175,,0.01192641530804958,-0.024598832130212855,-0.050376962286472704,-0.05987659117630462,0.2609824749244012
2026-07-10 00:00:00+05:30,11340.0,11685.0,11249.0,11651.0,462353,0.0,0.0,10503.475000000002,9970.3832421875,8519.561303710938,,10682.497538126025,9923.219446211351,9169.403012431118,,10872.588095238096,10278.341422334559,11265.506404716476,10978.17684400513,11401.651119957092,11285.860892419729,11399.604112554112,10872.38689543185,11051.852282944043,11349.79763749255,10885.620600478389,10654.432127915588,10105.302109793958,9859.22603160092,11151.575194702056,11392.5,10756.75,10649.5,74.91261004194843,450.80258604392475,58.12215954290281,392.68042650102194,89.79285835012814,87.53965286622596,2.2532054839021782,76.08029939136345,73.19029776068136,-1.6417189763399342,6.164289944872204,24.910211739480033,676.5,10491.24809055787,938.8573529411769,59.15944104324682,1.550637703646566,1.6291457087818249,0.5000263731978372,0.4279468903224541,29.27327949243882,763.8441894991902,327.8441894991902,-1566.9432497520895,-1536.8321909951867,1443.0,0,1,0,1443.0,0,0,0,1,0,349.89736240740274,551.0,9010.377038148818,10503.475000000002,11996.572961851187,28.43055201923524,0.8842765275016732,9966.506996171545,10682.497538126025,11398.488080080504,9127.5,10406.25,11685.0,1.215329113831138,0.3241936175505188,9659.605455931447,10503.475000000002,11296.730455931449,9879963.0,78.73210005312501,0.29034156367289365,3581611.77030127,201665.5688188849,67866840.28730163,11528.333333333334,51433620.800687045,981.6313597551398,-0.8219007432963992,-0.36119384311107294,-0.46070690018532623,1.6107654944810694,1.5371061100066918,746.5489809255927,557335.3809210409,10868.75,10868.75,-0.4537021814952353,-1.4101955850599897,0.7571924185674117,557335.3809210409,11610.814285714287,116.175,3.392911987473039,645.7400000000001,0.04643434524878742,0.03582859174964437,0.24910211739480026,0.499504140042591,0.5913938507115879,,0.045388523476487974,-0.024598832130212855,-0.050376962286472704,-0.05987659117630462,0.2609824749244012
2026-07-13 00:00:00+05:30,11625.0,11958.0,11549.0,11746.0,475460,0.0,0.0,10622.125,10016.12302734375,8571.89703125,,10783.783486875927,9994.701036556004,9220.424734957234,,10990.92380952381,10347.973452052696,11402.907367421962,11076.96594672822,11558.761408123284,11398.82058356859,11474.94634199134,10994.875089466675,11157.299968404772,11479.959767255164,11001.968812224335,10756.955912908297,10176.297318522667,9926.122493251933,11285.700445289209,11698.5,11107.25,10916.25,75.88877495435996,480.11383824991753,69.94672939911646,410.16710885080107,91.74640777726019,89.31750858792311,2.4288991893370735,89.11890463472892,78.30325017831989,-10.175185985121193,8.014161570646927,25.317401045556384,871.5,10662.53515063334,990.4926470588252,60.453965367859055,1.7481147934507426,1.550637703646566,0.5194582855550411,0.44707835971309584,28.518507264730648,919.0093052850189,510.00930528501885,-1580.1599297502232,-1554.3672381740885,1270.9999999999998,0,1,0,1270.9999999999998,0,0,0,1,0,354.1189793783026,409.0,9130.131601009398,10622.125,12114.118398990602,28.092183042293364,0.8766353794729755,10058.077758440922,10783.783486875927,11509.489215310932,9127.5,10542.75,11958.0,1.0433273614783958,0.3235659975505439,9745.845146770516,10622.125,11443.595146770516,10355423.0,79.86365629539262,0.283883804799522,3564174.361988311,228038.27360214945,64624248.81768711,11751.0,51821301.686447926,981.6313597551398,3.8236624764212017,3.427495501285222,0.39616697513597937,1.6524037111487377,1.5065415178919013,745.9966994953014,556511.075657883,10924.5,10924.5,-0.5158596060019416,-1.032712319042431,0.7871689349831152,556511.075657883,11728.521428571428,118.65,3.3883847132625387,692.3166666666664,0.00815380654021114,0.0609701020684672,0.25317401045556376,0.4948973853131249,0.517998452330928,,0.008120743862523669,-0.024598832130212855,-0.050376962286472704,-0.05987659117630462,0.2609824749244012
2026-07-14 00:00:00+05:30,11740.0,11886.0,11607.0,11646.0,243706,0.0,0.0,10729.4,10060.310000000001,8621.813422851561,,10865.899345268695,10059.457858651846,9268.455928324418,,11088.435714285715,10411.890196078431,11500.354347165707,11161.498346517234,11655.236160451119,11489.731297735732,11565.689199134198,11120.950368840144,11231.319523101867,11570.344551326101,11112.55827056848,10840.738729705228,10214.428483017718,9990.95321538066,11441.678902371415,11696.0,11260.75,11184.5,72.68279777284206,489.6299037873796,63.57023594926278,426.0596678381168,89.3383426038827,90.29253624375701,-0.9541936398743189,88.72397299260261,84.64105900623166,-20.168067226890752,8.078511437984316,22.583021946213357,870.5,10531.995748592439,1065.211764705884,52.7782719061678,2.050159469475127,1.7481147934507426,0.5379380553484969,0.46608259639366384,26.40774500560156,760.2936902442998,481.2936902442998,-1611.925075851219,-1575.4165980017117,1104.3333333333333,0,1,0,1104.3333333333333,0,0,0,1,0,348.7533379941381,279.0,9268.770770055462,10729.4,12190.029229944537,27.22667120145651,0.8137688816602708,10156.165590970359,10865.899345268695,11575.633099567032,9127.5,10542.75,11958.0,1.0678500030511695,0.33094402226605907,9852.862709507088,10729.4,11564.487709507088,10111717.0,72.49352693970198,0.24588628761288495,3388601.222203365,162232.17439080682,51910698.986588955,11713.0,51613821.693258755,980.7800061028327,1.5026017114439614,0.8851477890463855,0.6174539223975759,0.8530787438453477,1.2550755266410831,730.314614972269,533359.4368420936,10974.5,10974.5,-0.6701568932704554,-0.6251775760799718,0.794535378730985,533359.4368420936,11806.507142857143,107.275,3.3848962999919405,735.7000000000003,-0.00851353652307163,0.04947283049472828,0.22583021946213355,0.5104833564118259,0.49923579920694094,,-0.00854998368539948,-0.024598832130212855,-0.050376962286472704,-0.05987659117630462,0.2609824749244012
2026-07-15 00:00:00+05:30,11650.0,11800.0,11553.0,11625.0,247577,0.0,0.0,10838.425,10104.320000000002,8672.788471679685,8240.351228027343,10938.194645719295,10120.85166811648,9315.120167367499,8240.351228027344,11173.730952380953,10473.250588235294,11577.635395462372,11238.661091041404,11722.277474581328,11569.17270726932,11648.011515151513,11247.23765946523,11282.602632932947,11636.40697500933,11225.18343642854,10902.687399609635,10253.105460943812,10054.631639331452,11564.017454466346,11635.5,11260.75,11254.0,71.99495539391386,489.83046905134506,51.016640970582614,438.81382808076245,82.00205953538995,87.69560330551093,-5.693543770120982,75.02867447998675,84.29051736910608,-23.650568181818176,7.014636840651754,23.087511249933822,762.0,10317.35799788448,1147.6117647058836,53.013118765910974,2.1667728182666037,2.050159469475127,0.5541306353534559,0.48458005295609,23.662258262962816,602.9660202093983,355.96602020939827,-1672.9281888997077,-1604.0069083091134,986.3333333333333,0,1,0,986.3333333333333,0,0,0,1,0,341.4852424231283,247.0,9458.323429557882,10838.425,12218.526570442116,25.466828814004195,0.7849699677350633,10249.006963258895,10938.194645719295,11627.382328179696,9127.5,10542.75,11958.0,1.1027703730343326,0.32860805759465267,9959.697791307844,10838.425,11675.822791307844,9864140.0,60.253469556166735,0.23655942817069225,3285360.6108673327,87713.83252553781,43752153.84564768,11659.333333333334,51569178.75147617,980.7800061028327,-0.28640968596898614,-0.7230908866932497,0.43668120072426353,0.8860868223857205,1.139879870940254,690.0507852210582,476170.0861841989,10980.25,10980.25,-0.8203132730872871,-0.11268200279110356,0.7983946227699218,476170.0861841989,11844.342857142858,109.025,3.3808722198172743,761.8288888888892,-0.001803194229778482,0.056626067987638695,0.23087511249933823,0.4714873369762864,0.5281842740672174,,-0.001804821941508213,-0.024598832130212855,-0.050376962286472704,-0.05987659117630462,0.2609824749244012
2026-07-16 00:00:00+05:30,11670.0,11825.0,11635.0,11681.0,254721,0.0,0.0,10952.499999999998,10147.97,8724.931113281247,8256.112980957032,11008.93801279365,10182.033955641324,9361.969272964183,8274.586539191252,11253.97619047619,10535.081176470589,11651.485547057038,11314.790697053846,11785.16309034971,11646.702222564832,11713.04344155844,11371.867955617643,11330.598656700879,11681.892025008441,11335.352713431344,10958.542404668266,10295.51600080911,10118.404433143463,11630.89899071924,11653.0,11260.75,11254.0,72.73592679891792,488.87272993848273,40.047121486176195,448.82560845230654,78.83602304558187,83.39214172828483,-4.556118682702959,63.93951228758608,75.89738658672513,-19.67329545454546,6.326233387948298,24.27256768977073,695.0,10184.016539796261,1247.3544117647052,52.73978743172215,2.3582401351477325,2.1667728182666037,0.5680603987222588,0.5020083596070658,21.26840241372945,558.8280173223393,368.8280173223393,-1765.114975407263,-1652.4969057765566,925.4999999999999,0,1,0,925.4999999999999,0,0,0,1,0,331.3791536786191,200.0,9702.119257985809,10952.499999999998,12202.880742014187,22.832791454265045,0.7913112684487166,10347.292014377095,11008.93801279365,11670.584011210203,9127.5,10542.75,11958.0,1.1126437057727423,0.32447847363262083,10074.711807831225,10952.499999999998,11794.336807831225,10118861.0,62.82493672537522,0.21099103099902536,3153978.200341017,7451.57727450598,39539614.1534123,11713.666666666666,51691883.06115359,980.7800061028327,-1.5320485786677294,-1.5749838235135942,0.04293524484586492,0.9461872947217725,1.1652450737948665,625.1903710070945,390862.99999998853,10994.0,10994.0,-0.862209286603404,0.2590269649790266,0.8128613945509443,390862.99999998853,11856.928571428572,114.075,3.3773482101061747,786.3777777777774,0.00481720430107524,0.04912879468295306,0.2427256768977073,0.3667344282053149,0.5658624828450305,,0.0048056387001390475,-0.024598832130212855,-0.050376962286472704,-0.05987659117630462,0.2609824749244012
2026-07-17 00:00:00+05:30,11709.0,11850.0,11337.0,11771.0,299599,0.0,0.0,11059.124999999998,10196.48,8778.066108398436,8274.210629882811,11081.51534490854,10244.346349537744,9409.672851717369,8309.376722880892,11331.928571428572,10598.729411764705,11728.533081155554,11392.55002856006,11853.5238983103,11726.286591166298,11771.14777056277,11493.693303931248,11371.593951716515,11757.045165483829,11446.476136434037,11044.682240145861,10339.923901901975,10182.855965260256,11666.94700686075,11726.0,11273.25,11254.0,73.92977504056184,489.7306525145759,32.72403524981547,457.00661726476045,81.13162878787878,80.65657045628353,0.4750583315952497,68.32536675638224,69.09785117465168,-13.28125,4.649715504978663,22.12481195206723,523.0,9876.226699171033,1230.9926470588234,59.13933443879263,2.1763113687550253,2.3582401351477325,0.5801966558962368,0.5183382882230747,19.49912446735669,511.7097291334321,-1.2902708665678801,-1776.9550957100703,-1710.827750029205,864.9166666666665,0,1,0,864.9166666666665,0,0,0,1,0,344.3520712730035,513.0,9921.966450900785,11059.124999999998,12196.283549099211,20.565072717764075,0.8130060450074905,10385.1689653888,11081.51534490854,11777.861724428278,9614.0,10786.0,11958.0,1.0856654599262385,0.32020126224516693,10190.06077555281,11059.124999999998,11896.060775552809,10418460.0,65.10496094294555,0.21011139243139357,3361303.0443955977,39906.59802785888,37743084.98863912,11652.666666666666,51922718.69166467,980.7800061028327,-1.2922456093848795,-1.0681446833845956,-0.224100926000284,1.1163342679621056,1.2520241800299619,568.5792745496067,323282.391447357,11036.5,11036.5,-0.8827952688690422,0.789270205154186,0.832723953942089,323282.391447357,11877.535714285716,106.625,3.3728182374262006,803.6688888888889,0.007704819792826001,0.010299545103424679,0.22124811952067236,0.3530254114106246,0.5332689420377847,,0.007675289256784542,-0.024598832130212855,-0.050376962286472704,-0.05987659117630462,0.2609824749244012
2026-07-20 00:00:00+05:30,11800.0,11979.0,11544.0,11620.0,395465,0.0,0.0,11153.55,10244.09,8829.428623046873,8291.847651367187,11132.799597774392,10298.293551516655,9453.441706138807,8342.318248026355,11385.345238095239,10654.553725490196,11764.596635543177,11453.301260713912,11863.912457202885,11780.487320444847,11809.253181818181,11604.26105470644,11397.37822555471,11793.802768771084,11536.398640887604,11126.212227712498,10384.537576943183,10243.393698015805,11677.3297107103,11695.5,11317.0,11264.5,68.50941927516534,472.77625393442577,12.61570933573222,460.16054459869355,80.64099709481096,80.20288297609054,0.4381141187204207,56.066078188502,62.77698574415677,-25.12246326102169,4.958901634901996,19.40605250989056,549.0,9761.628562537393,1190.372058823532,52.97546018123314,2.30755221268179,2.1763113687550253,0.5881116474525605,0.5333328852783777,17.39948872469078,600.4654821143704,165.4654821143704,-1702.3196040631722,-1743.2313225329242,773.4999999999999,0,1,0,773.4999999999999,0,0,0,1,0,350.82692332493184,435.0,10178.488711777854,11153.55,12128.611288222144,17.48432182080405,0.7391900927840604,10419.914778208915,11132.799597774392,11845.68441733987,9614.0,10796.5,11979.0,1.0302200550573506,0.33037695807522693,10259.146417865413,11153.55,12028.521417865415,10022995.0,72.61823645826999,0.1793436514967913,3104023.5156599656,-32305.888809639495,23820470.704547815,11714.333333333334,51415410.77390068,980.7800061028327,1.430109325449275,1.323368201159647,0.10674112428962779,1.3371950299957192,0.9567603711362422,487.53064411107226,237686.128947357,11084.0,11084.0,-0.7844450167308562,1.0619665780777083,0.8482785157682549,237686.128947357,11848.935714285715,94.425,3.3703165237565473,801.5599999999996,-0.01282813694673346,-0.010727056019070313,0.1940605250989056,0.27701914388949467,0.5023753970069234,,-0.012911128006578374,-0.024598832130212855,-0.050376962286472704,-0.05987659117630462,0.2609824749244012
2026-07-21 00:00:00+05:30,11615.0,11731.0,11577.0,11632.0,184454,0.0,0.0,11242.025,10296.519999999999,8883.006118164061,8309.786391601561,11180.342493224449,10350.595765182668,9496.581474334078,8375.051399787288,11430.911904761906,10708.98156862745,11794.983385184352,11510.560200874828,11869.318330001764,11829.677779797692,11831.161060606059,11701.534507718652,11421.160535555422,11838.392981269077,11625.932027519462,11188.857473307855,10416.153299539139,10303.0434966059,11676.752670229356,11626.0,11378.5,11379.5,68.70578309791127,455.06239460314646,-4.078519996437706,459.14091459958416,77.55183425077425,79.774820044488,-2.2229857937137467,41.89130193674852,55.42758229387758,-28.94078398665555,4.821122825989006,17.94169835234474,535.0,9529.616377929004,1126.666176470586,46.2717676544252,2.2460942397173542,2.30755221268179,0.5921350034949757,0.5469936180807735,15.850169516777353,316.25612752660163,162.25612752660163,-1648.693944822644,-1728.7263866293986,708.9166666666666,0,1,0,708.9166666666666,0,0,0,1,0,336.767857373151,154.0,10457.760780626562,11242.025,12026.289219373437,13.952365688093332,0.7486247557688902,10506.018132665207,11180.342493224449,11854.66685378369,9874.5,10926.75,11979.0,1.0427010902225997,0.33104879253693126,10372.603153239344,11242.025,12102.728153239346,10207449.0,67.11065400280894,0.15050250500417944,3051322.372802823,-75679.00716955774,20733753.1753267,11646.666666666664,51434459.37975266,980.8832763265848,-2.02727998459679,-1.7072168871091342,-0.32006309748765577,0.617278538348246,0.9944990230755598,392.13210968671905,153767.59144735706,11115.5,11115.5,-0.07977950752557517,-1.207584185031172,0.8925841625476219,153767.59144735706,11808.685714285715,88.475,3.368835560514518,786.5411111111113,0.00103270223752161,-0.001202129486518988,0.17941698352344737,0.25028661400792496,0.4945344112918004,,0.0010321693673984768,-0.024598832130212855,-0.050376962286472704,-0.05987659117630462,0.2609824749244012
2026-07-22 00:00:00+05:30,11632.0,11642.0,10737.0,10851.0,407161,0.0,0.0,11261.15,10334.97,8927.2376171875,8322.283652343747,11148.976541488786,10370.219460665701,9523.401643159146,8399.687704267017,11393.67142857143,10730.725882352941,11676.701487405957,11503.549233755592,11665.318676773524,11784.562231789103,11753.581406926403,11763.290349062701,11414.132430073994,11717.403173529165,11652.46410487164,11250.607230001377,10439.773767940109,10334.856240504823,11567.672222736688,11241.5,11311.0,11358.0,47.81015495308279,373.6961242484049,-68.35583228094345,442.05195652934833,51.70516557122514,69.96599897227011,-18.260833401044977,15.448141142016421,37.801840422422316,-90.82125603864735,-1.372477731321578,3.653818598653102,-151.0,8743.008924688875,994.0455882352944,38.262280055602055,1.330444667449958,2.2460942397173542,0.5835385264528092,0.558177286830408,11.818343623542184,307.7909664513718,-597.2090335486282,-1650.7662857348857,-1688.2914132027645,560.3333333333334,0,1,0,560.3333333333334,1,0,0,0,0,377.35586756078305,905.0,10540.21076612011,11261.15,11982.08923387989,12.804007297298941,0.2155446806572802,10366.4925962209,11148.976541488786,11931.460486756672,10411.0,11195.0,11979.0,2.3346486014926855,0.3790850717855074,10390.456733461284,11261.15,12187.956733461286,9800288.0,57.62948560326218,0.010880159224184094,2746738.9507033755,-183455.55287847947,-27655745.99257711,11076.666666666664,48700684.09605252,980.8832763265848,1.1916632912446048,1.2093811109858086,-0.017717819741203678,1.2571834910315203,-1.1378212773708787,360.46961693994507,129938.34473683075,11115.5,11115.5,0.22348074916304994,-1.7875129066502258,0.6929186152658892,129938.34473683075,11658.714285714286,19.125,3.3571588113652298,737.7777777777778,-0.06714236588720768,-0.06658064516129036,0.036538185986531024,0.1521333458174987,0.39305684636050664,,-0.06950267915309294,-0.024598832130212855,-0.050376962286472704,-0.05987659117630462,0.2609824749244012
2026-07-23 00:00:00+05:30,11299.0,11395.0,9937.0,10843.0,3404237,0.0,0.0,11254.575,10373.740000000002,8969.012211914063,8333.601718749998,11119.835918489853,10388.75987397293,9549.532303690648,8423.999269398688,11353.84761904762,10750.64862745098,11570.936020177782,11495.458680511336,11491.310046731503,11739.86494605289,11605.384437229435,11794.101937082525,11399.472002240109,11557.17429985972,11667.955708602165,11126.32365671981,10530.407404280588,10364.811872677328,11384.1980471973,10847.0,11307.0,10958.0,47.65029071280638,305.05079990496415,-109.60092529950737,414.6517252044715,41.53540879339397,56.93080287179778,-15.395394078403811,8.069394889179197,21.802945989314708,-55.63173359451519,-2.61361595114065,-1.1982322657068658,-291.0,8415.668730184756,763.2235294117672,46.229363662829655,0.46976857326786436,1.330444667449958,0.5655389277379186,0.5654564595570837,8.07827224842229,130.96368552974673,-1327.0363144702533,-1839.4205978183877,-1690.1101104994364,392.91666666666663,0,1,0,392.91666666666663,1,0,0,0,0,454.5447341635843,1458.0,10520.352154508211,11254.575,11988.79784549179,13.047544585056112,0.21972065257359033,10134.159968009384,11119.835918489853,12105.511868970321,9937.0,10958.0,11979.0,3.1448620081171876,0.33899500679701466,10291.506263729823,11254.575,12297.506263729823,6396051.0,29.04415518465765,0.003695081884328266,3573282.090621071,52122.81865790812,-27595481.707923237,10725.0,48449703.578127906,980.8832763265848,46.76321743511194,37.424748203882515,9.338469231229427,5.34020326812119,-1.1211173897056388,367.1114227458947,134770.796710515,11115.5,11115.5,0.21269755999988374,-1.7999595668713169,0.5258771734521039,134770.796710515,11552.392857142857,-6.575,3.343841463834788,673.1733333333333,-0.0007372592387798749,-0.07174043318209056,-0.011982322657068667,0.14672684644932632,0.42311178557512874,,-0.0007375311480257412,-0.024598832130212855,-0.050376962286472704,-0.05987659117630462,0.2609824749244012
2026-07-24 00:00:00+05:30,10688.0,10930.0,10549.0,10652.0,452845,0.0,0.0,11238.45,10406.480000000003,9008.14283203125,8343.335356445312,11075.280116728914,10399.08301617007,9571.363347181923,8446.168430897209,11296.459523809524,10761.560784313726,11443.105911900953,11472.300182602263,11295.719944316135,11674.953254098962,11397.309155844154,11792.749825468647,11238.394368419735,11366.776747492127,11664.21234748051,11103.06640459794,10559.266484358652,10383.200931846466,11148.049404469464,10747.5,11211.5,10958.0,43.8779927222664,232.5560210044914,-145.67656335998413,378.23258436447554,29.52056728192656,40.920380548848556,-11.399813266921996,0.0,7.839178677065205,-64.98530852105779,-8.574371298600978,-2.938630461524443,-999.0,8476.293877848148,566.1000000000022,45.8787953444642,-0.20678890499474856,0.46976857326786436,0.5386650734735765,0.5675905471035877,4.269833057911696,-246.60255526021865,-627.6025552602187,-2124.359222665707,-1792.237822432483,183.66666666666669,0,1,0,183.66666666666669,1,0,0,0,0,449.2915388661854,381.0,10465.199928105943,11238.45,12011.700071894058,13.760795695030138,0.12078891336957419,10110.906637722777,11075.280116728914,12039.653595735052,9937.0,10958.0,11979.0,4.0209971133307185,0.34440255906996586,10232.807091282319,11238.45,12334.057091282319,5943206.0,26.156718194378826,-0.019007564681599337,3365282.4187050606,77575.63698061742,-36009469.32107706,10710.333333333334,47652014.79273641,979.1217712080752,38.783671798187534,23.556162053566485,15.227509744621049,0.7114359665212149,-1.5168443465217027,386.6250359470288,149478.9184210413,11115.5,11115.5,0.12203467693233394,-1.7082214058885343,0.3398850943103327,149478.9184210413,11412.478571428572,-16.125,3.3214206871572602,613.3000000000003,-0.01761505118509643,-0.09506414068473368,-0.029386304615244385,0.12652719435379733,0.4120059720925644,,-0.017772042538359144,-0.024598832130212855,-0.050376962286472704,-0.05987659117630462,0.2609824749244012
2026-07-27 00:00:00+05:30,10760.0,11189.0,10665.0,11089.0,460067,0.0,0.0,11249.175000000003,10440.090000000002,9052.46005859375,8354.110009765625,11076.586772278542,10426.1385841634,9601.415558128816,8472.465262430569,11282.22619047619,10788.326274509804,11410.563751502908,11483.263368219294,11246.589423544941,11662.507951883992,11216.642272727271,11777.193793363498,11226.789667035955,11287.274200111924,11689.753039736177,11113.969453408266,10593.524290215833,10421.954218846877,10988.088447923368,10870.5,11211.5,10958.0,53.03842281630415,207.96830510236214,-136.21142340969072,344.17972851205286,45.26607900750898,38.77401836094317,6.492060646565811,9.5389005987839,5.869431829321032,-43.584720861900095,-5.593393495658097,1.972504482964734,-657.0,8724.335939483846,361.5823529411773,50.12272828840274,-0.589132321153032,-0.20678890499474856,0.5107153939798881,0.56456580695152,1.6647205782381098,24.912095491241416,-499.0879045087586,-2324.04668189539,-1983.728768099744,24.833333333333343,0,1,0,24.833333333333343,1,0,0,0,0,455.55642894717215,537.0,10491.383939017347,11249.175000000003,12006.966060982659,13.472829091602819,0.3943145358614431,10101.77267222537,11076.586772278542,12051.400872331715,9937.0,10958.0,11979.0,4.293890410788198,0.373200843817397,10204.541337059592,11249.175000000003,12365.541337059592,6403273.0,31.04123114534851,0.025343220376988045,3649751.3271020073,171448.6574225165,-2143933.8466374874,10981.0,49539447.002650045,979.1217712080752,32.08650449405583,13.487195799547823,18.599308694508007,0.7245341294068883,-0.422741856554228,378.8955304913275,143561.82302630448,11115.5,11115.5,0.08351698764506776,-1.632207212997909,0.25044987526851364,143561.82302630448,11348.328571428572,10.725,3.307491810977037,554.15,0.04102515959444242,-0.04569707401032708,0.01972504482964732,0.17232132431594493,0.47478003734116503,,0.040205958019393064,-0.024598832130212855,-0.050376962286472704,-0.05987659117630462,0.2609824749244012
2026-07-28 00:00:00+05:30,11181.0,11475.0,11170.0,11334.0,469607,0.0,0.0,11277.100000000002,10473.85,9099.38283203125,8366.794140625,11101.102317775823,10461.74099262758,9635.724160938147,8500.938244893947,11290.304761904763,10823.38156862745,11425.452697285886,11511.616138382158,11268.38519129669,11676.866183927368,11110.12266233766,11757.575768153416,11229.49422007806,11264.009990577455,11709.743116609268,11134.408124238338,10635.659986447745,10468.52917065564,10962.879919043686,11211.5,11211.5,10958.0,57.25126568207988,205.87857549126602,-110.64092241662945,316.51949790789547,53.281096963761016,42.689247751065516,10.5918492126955,23.464701039867393,11.001200546217097,-31.58667972575906,-2.6790314270994333,5.183054150619461,-312.0,8948.77272607539,244.57647058823568,48.91313758845019,-0.535667905293473,-0.589132321153032,0.48504325587339636,0.5568894314537356,0.42471566813240236,286.6389389924916,-18.361061007508397,-2378.079120879121,-2185.7185879699505,-133.66666666666663,0,1,0,-133.66666666666663,1,0,0,0,0,450.5881125938027,386.0,10552.363271031652,11277.100000000002,12001.836728968352,12.853246472379418,0.5392556343052973,10145.603846299144,11101.102317775823,12056.600789252503,9937.0,10958.0,11979.0,4.368102523111409,0.3782370931313827,10221.186206167204,11277.100000000002,12398.436206167204,6872880.0,35.75943063874312,0.041272156871486484,3685164.3139872532,205532.78366473364,14598587.417167868,11326.333333333334,50576995.158480145,979.1217712080752,26.526424747602313,6.341692842475446,20.184731905126867,0.7141515630272701,0.1570225372211891,362.3683644841752,131310.83157893602,11191.0,11191.0,-0.030571204537627884,-1.507777384608836,0.16976587581289737,131310.83157893602,11316.714285714286,27.925,3.301272740916966,511.35999999999996,0.02209396699431876,-0.025618982118294387,0.051830541506194594,0.20106164347766775,0.48964476269809376,,0.021853431776348763,-0.024598832130212855,-0.050376962286472704,-0.05987659117630462,0.2609824749244012
2026-07-29 00:00:00+05:30,11401.0,11695.0,11368.0,11427.0,337103,0.0,0.0,11305.300000000003,10508.320000000002,9147.648764648438,8379.359311523438,11132.140192273364,10499.59428703434,9671.194969632441,8530.053287233311,11304.580952380953,10860.76,11453.68194589929,11544.66670993445,11309.032112299608,11698.821980754965,11072.675909090907,11738.654778065073,11232.447432724854,11255.342372427222,11716.400249291257,11153.738740614006,10665.77164369508,10516.753325468375,11056.992539341003,11380.5,11211.5,10958.0,58.7634893913943,209.31393177326754,-85.76445290770232,295.07838468096986,65.93209271955598,54.82642289694199,11.10566982261399,38.965203923761216,23.989601854137504,-27.032321253672876,-1.7032258064516128,5.191935929301298,-198.0,9026.17176128093,245.71176470588216,48.36975229789257,-0.23486808286822028,-0.535667905293473,0.462246427350399,0.545132323523529,-0.24723394556365455,472.54766199356345,145.54766199356345,-2375.233025249135,-2317.3073089106438,-250.8333333333333,0,1,0,-250.8333333333333,1,0,0,0,0,444.18896169424534,361.0,10604.92533335067,11305.300000000003,12005.674666649336,12.390200466141247,0.5868820688376857,10198.87967046113,11132.140192273364,12065.400714085597,9937.0,10958.0,11979.0,4.42910746061634,0.378253676538308,10286.298184379295,11305.300000000003,12400.298184379295,7209983.0,36.40972497411306,0.015776225550119653,3469707.0448741033,132236.90571284434,16991729.071858175,11496.666666666666,50853601.643392794,979.9423111763124,20.16556827926193,-0.015330900691949978,20.18089917995388,0.5057612914966995,0.34752827535074265,350.1873333246668,122631.1684210413,11291.0,11291.0,-0.20162723393631624,-1.3220988432737484,0.09779015533035261,122631.1684210413,11303.142857142857,28.2,3.2985411594875376,463.3866666666666,0.008205399682371661,0.053082665192148104,0.051919359293012945,0.21247811554989648,0.5636007970306514,,0.008171918417149216,-0.024598832130212855,-0.050376962286472704,-0.05987659117630462,0.2609824749244012
2026-07-30 00:00:00+05:30,11424.0,11497.0,11082.0,11136.0,221089,0.0,0.0,11312.800000000001,10536.430000000002,9193.699785156252,8390.940957031251,11132.507793009234,10524.551373817307,9700.201009837738,8555.98310527079,11288.457142857143,10885.374901960784,11423.759113622287,11552.618941944183,11265.479824782355,11684.390910303337,11052.97383116883,11713.789627235508,11228.304301021843,11183.500241719868,11699.972788534737,11159.735200867037,10678.359662608367,10551.937349467511,11161.207022154142,11281.5,11211.5,10958.0,52.50475988368776,186.40643106232164,-86.93756289491859,273.34399395724023,66.69931439764936,61.97083469365545,4.728479703993912,38.40949227974174,33.613132414456786,-41.28305582761998,-4.665696430100162,1.3653741125068268,-545.0,8696.357054663822,312.41911764705765,44.916080746267006,-0.049614422837578886,-0.23486808286822028,0.43840733429170164,0.5293779544563584,-2.3867814347816667,286.8979959944827,-128.1020040055173,-2466.0981094317763,-2382.7948472639464,-299.16666666666663,0,1,0,-299.16666666666663,1,0,0,0,0,442.10403585894215,415.0,10623.7003280405,11312.800000000001,12001.899671959502,12.182654549881557,0.37171667090098987,10209.08160660769,11132.507793009234,12055.933979410778,9937.0,10958.0,11979.0,4.657864006931001,0.38961160636823633,10283.891571083162,11312.800000000001,12420.891571083162,6988894.0,31.484460099588485,0.02866655888215077,3306154.459331935,38191.23244975973,5373353.633021295,11238.333333333334,50290576.361166485,977.3957110187907,13.11617389134927,-5.651780230883688,18.767954122232958,0.3333857588793821,-0.5131333163960404,344.54983597975036,118714.58947367287,11291.0,11291.0,-0.24465339299254182,-1.2000501628593072,-0.01436740208514924,118714.58947367287,11239.771428571428,7.5,3.292118410388489,410.5777777777777,-0.025466001575216612,0.02702204187033108,0.013653741125068342,0.17239564141706576,0.537485089652195,,-0.025795872572512868,-0.024598832130212855,-0.050376962286472704,-0.05987659117630462,0.2609824749244012
2026-07-31 00:00:00+05:30,11100.0,11270.0,10882.0,11186.0,294348,0.0,0.0,11309.7,10569.649999999998,9240.30427246094,8402.849189453125,11137.602288913116,10550.490535628393,9729.62277201917,8582.152427606406,11276.380952380954,10910.848235294117,11405.724694333201,11563.163668313886,11241.593462112958,11674.977376411352,11043.247445887444,11688.25085003232,11226.248359548325,11142.404980603691,11692.032679180433,11157.646521844808,10698.929109485576,10587.79928224361,11223.775766266444,11161.0,11211.5,10958.0,53.42270054804349,170.32327317126692,-82.41657662877867,252.7398498000456,64.2833823049298,65.6382631407117,-1.3548808357818984,35.070648850263176,37.48178168458871,-38.83447600391773,-4.9698411349927785,-0.5512091038406828,-585.0,8588.863512233182,331.4176470588227,51.50356434711308,-0.03555137854794818,-0.049614422837578886,0.4146251007573376,0.5101016714902226,-4.1843491181421495,63.341139423841014,-324.658860576159,-2603.6508601429846,-2444.065375063988,-330.0,0,1,0,-330.0,1,0,0,0,0,438.23946186901776,388.0,10618.817391341103,11309.7,12000.582608658899,12.217523164343842,0.410476831773114,10228.21669169267,11137.602288913116,12046.987886133562,9937.0,10958.0,11979.0,4.843545634626654,0.3805229097294345,10276.84157398741,11309.7,12425.09157398741,7283242.0,25.760490191884113,0.01954110561684857,3473052.8098473987,49350.092874349095,6708217.399732539,11112.666666666666,50422736.921511315,977.3957110187907,8.1988424257237,-8.455289357207405,16.654131782931106,0.44420660705036963,-0.3580926729075443,345.44130432944866,119329.69473683074,11260.0,11260.0,-0.2153561522478667,-1.2330938585301467,-0.05352848003173809,119329.69473683074,11209.742857142857,-3.1,3.286931878148193,363.9444444444444,0.004489942528735691,0.05013143071723625,-0.0055120910384067745,0.19693970360066348,0.5840397656147578,,0.004479892807332455,-0.024598832130212855,-0.050376962286472704,-0.05987659117630462,0.2609824749244012
2026-08-03 00:00:00+05:30,11186.0,11484.0,11160.0,11332.0,164111,0.0,0.0,11322.75,10602.229999999998,9287.284814453127,8416.669697265626,11156.116356635677,10581.13796560375,9761.353014157403,8609.514094993408,11278.504761904764,10940.74431372549,11415.454118050453,11583.543996395549,11259.00642051305,11681.108382748194,11058.025194805192,11666.232313079077,11228.364387378992,11131.890220546196,11699.737279996887,11161.834563992043,10714.46369350806,10628.308940908752,11247.616697812999,11259.0,11211.5,10958.0,56.09129561620611,167.42822612646705,-68.24929893886284,235.6775250653299,62.73261508325171,64.57177059527696,-1.8391555120252505,33.11709942665745,35.53241351888745,-31.68462291870715,-2.478485370051635,2.357510613314064,-288.0,8729.81173456433,355.91029411764794,49.30095197135129,0.1467368810590432,-0.03555137854794818,0.392755516554133,0.4879483951634622,-5.069371972818171,259.43526236329126,-64.56473763670874,-2651.3351680185397,-2527.6776887361993,-329.8333333333333,0,1,0,-329.8333333333333,1,0,0,0,0,430.0795003069451,324.0,10641.052775960536,11322.75,12004.447224039464,12.041195364014296,0.50678453694236,10271.62462581718,11156.116356635677,12040.608087454175,9937.0,10958.0,11979.0,4.9398053951236305,0.3786178125135702,10282.006615458906,11322.75,12432.006615458906,7447353.0,28.282337789516454,0.03126017686800968,3483183.118489374,52651.98917282326,9172787.199770749,11325.333333333334,50636935.079923615,978.7009139510275,1.8272976485418537,-11.861467307511404,13.688764956053257,0.25662304210994114,0.02713814776943993,340.8486120197325,116177.77631577814,11333.0,11333.0,-0.33176597671453656,-1.0729508294343566,-0.1361411669370838,116177.77631577814,11190.014285714286,13.05,3.288013318347036,328.4022222222222,0.013052029322367265,0.02191360808007925,0.023575106133140622,0.22647329400941607,0.6035006267405334,,0.012967585568873908,-0.024598832130212855,-0.050376962286472704,-0.05987659117630462,0.2609824749244012
2026-08-04 00:00:00+05:30,11425.0,11685.0,11425.0,11600.0,257150,0.0,0.0,11347.9,10636.59,9337.256445312501,8432.75400390625,11198.390989337042,10621.093339501642,9797.761865362207,8639.270173650191,11304.909523809525,10979.872549019607,11471.278393537359,11622.577826360364,11341.989677333293,11715.43075339093,11124.279220779217,11654.153596207712,11230.301285978658,11247.805437637035,11724.727974898971,11174.804138876694,10738.477543119307,10677.222007716537,11292.458388554638,11466.0,11211.5,10958.0,60.55843159548052,184.63093028080948,-40.83727582761634,225.46820610842582,70.30688867123735,65.7742953531396,4.532593318097739,42.635795758365276,36.941181345095295,-18.56023506366308,-0.2751031636863824,4.532756600883122,-32.0,8984.900844482398,341.80735294117767,53.419510548006826,0.54465679579555,0.1467368810590432,0.37540187465412433,0.4648221005191639,-4.537020762976308,406.8016534542494,146.8016534542494,-2572.8164046870534,-2591.481095073646,-350.8333333333333,0,1,0,-350.8333333333333,1,0,0,0,0,424.5738217135919,353.0,10664.159236567759,11347.9,12031.64076343224,12.050525003432192,0.6843534958589489,10330.898470977449,11198.390989337042,12065.883507696635,9937.0,10958.0,11979.0,4.947385327950818,0.38675816786301714,10293.6454819351,11347.9,12462.3954819351,7704503.0,31.796006072074313,0.04744826500506233,3572196.5800278354,77538.68549599871,17707560.456946354,11570.0,51245090.74529601,978.7009139510275,-1.916531605022061,-12.484237248860257,10.567705643838195,0.3975900000587533,0.7374139834357966,341.87038171612,116875.3578947256,11380.5,11380.5,-0.5264556259780587,-0.938034663410869,-0.19315210079775186,116875.3578947256,11218.928571428572,25.15,3.2942492431867,305.8077777777777,0.023649841157783236,0.023469207693665117,0.045327566008831255,0.28738693746185007,0.6252145780861054,,0.023374516144048813,-0.024598832130212855,-0.050376962286472704,-0.05987659117630462,0.2609824749244012
2026-08-05 00:00:00+05:30,11650.0,11810.0,11528.0,11759.0,238725,0.0,0.0,11385.750000000002,10665.78,9389.765922851562,8449.444243164062,11251.782323685895,10665.717130109422,9836.598264067905,8670.312261474568,11344.061904761906,11023.88862745098,11546.986896658953,11670.80155355763,11450.203115649658,11763.471951937681,11249.548787878786,11652.676279896572,11296.596768340694,11383.72872929065,11756.385701373521,11192.264342640217,10762.619622640867,10729.746472602448,11390.66743664662,11679.5,11211.5,10958.0,62.965727002978554,208.68853689426032,-13.423735371332413,222.11227226559274,79.66046359777995,70.89998911742299,8.760474480356962,53.22088779922936,42.99126099475069,-10.773751224289907,8.367892360151139,6.880567169605526,908.0,9093.813119755909,302.41029411764794,52.70697699547458,1.0043336262968243,0.54465679579555,0.36307010507254933,0.4423255646674562,-3.3864711018898443,463.1157029607839,181.1157029607839,-2446.7938003176514,-2583.12463431197,-274.8333333333333,0,1,0,-274.8333333333333,1,0,0,0,0,414.3899773054782,282.0,10698.829220073603,11385.750000000002,12072.6707799264,12.066324658918358,0.7716834392751889,10413.193854693882,11251.782323685895,12090.370792677908,9937.0,10958.0,11979.0,4.945249276952736,0.3865572061711031,10321.280680394802,11385.750000000002,12495.5306803948,7943228.0,31.640603264348474,0.07059698163935683,3724574.2396023036,129154.43608408282,20600376.820239734,11699.0,51572308.63322704,980.0716036061999,-5.392941257270848,-12.768517520887237,7.375576263616388,0.3789717621786102,1.0867337571007547,343.46038996319953,117965.03947367311,11513.5,11513.5,-0.7280680191378235,-0.6156845395554756,-0.29253269306387547,117965.03947367311,11260.685714285715,37.85,3.314259412491676,302.5933333333334,0.01370689655172419,0.02905399492430205,0.06880567169605523,0.3170185361482891,0.675910056699609,,0.013613806728959807,-0.024598832130212855,-0.050376962286472704,-0.05987659117630462,0.2609824749244012
2026-08-06 00:00:00+05:30,11800.0,11898.0,11642.0,11735.0,225914,0.0,0.0,11415.800000000003,10694.490000000002,9443.673471679687,8466.091069335936,11297.803054763428,10707.649791673759,9874.190377650719,8700.80666683303,11377.32380952381,11065.818823529411,11606.530710809202,11713.6073831564,11531.1996031523,11803.482574417376,11397.09225108225,11658.151223874163,11349.267714991012,11520.325993167731,11774.645085633385,11206.822198424297,10774.490906922905,10779.931369447093,11515.04100939168,11747.0,11205.5,10958.0,62.347154446137885,223.2443422250908,0.9056559675984488,222.33868625749236,86.23898139079333,78.73544455327021,7.503536837523114,64.47029014887947,53.4423245688247,-11.94906953966699,8.226505579636632,5.397880366445123,892.0,9099.87642681441,329.1352941176483,49.85316894784762,1.4711899506546564,1.0043336262968243,0.3539688740780811,0.4218037647346234,-1.2248687857575091,495.6706025378153,239.67060253781528,-2389.5686906104047,-2513.354044773059,-204.5,0,1,0,-204.5,1,0,0,0,0,403.07640749794405,256.0,10722.695132108647,11415.800000000003,12108.904867891359,12.142904884306937,0.7302681850807833,10490.318249484939,11297.803054763428,12105.287860041917,9937.0,10958.0,11979.0,4.945550107735583,0.38561478685034994,10384.577357801434,11415.800000000003,12506.577357801432,7717314.0,35.16195885999624,0.049646935579692526,3662800.8802273036,118873.49824315589,16882903.560205486,11758.333333333334,51526199.814449936,979.8675046181908,-8.538914779535547,-12.731592834521548,4.1926780549860005,0.7238608389280345,0.9210727403231338,346.5524339456776,120098.58947367324,11610.0,11610.0,-0.9162791000177768,-0.3336540162416616,-0.38607537473880954,120098.58947367324,11300.371428571429,30.05,3.3320518332271973,311.08666666666664,-0.002040989880091826,0.05378951149425282,0.05397880366445129,0.31787298556909427,0.7846234865536243,,-0.0020430755382918626,-0.024598832130212855,-0.050376962286472704,-0.05987659117630462,0.2609824749244012
2026-08-07 00:00:00+05:30,11650.0,11857.0,11572.0,11805.0,186998,0.0,0.0,11423.500000000002,10731.310000000001,9499.369824218751,8484.021264648436,11346.10752573834,10750.683133176748,9912.424231558625,8731.694162685437,11414.390476190478,11109.368235294118,11669.136593042771,11758.537166829608,11613.919248682456,11846.709912675266,11547.176060606058,11670.85058500323,11443.161940672602,11615.62827953271,11804.619788157566,11196.680607444176,10815.885531354172,10830.843928362476,11633.423299829745,11770.0,11228.5,10917.5,63.47424071970477,237.68841372673705,12.279781975395736,225.40863175134132,90.84490030288636,85.58144843048655,5.263451872399813,72.2779659106611,63.323047952923304,-4.742478327383992,10.824258355238452,1.3217749549394902,1153.0,9161.738184009339,399.3132352941175,55.4730326890706,1.7773065932136496,1.4711899506546564,0.3477612629533944,0.4036977501761241,1.179391124220551,397.1462307466991,112.14623074669908,-2375.9036877523554,-2436.907512382587,39.5,0,1,0,39.5,1,0,0,0,0,394.642378390948,285.0,10716.118616973428,11423.500000000002,12130.881383026575,12.384669900233263,0.7696565170882274,10561.240320962565,11346.10752573834,12130.974730514115,9937.0,10958.0,11979.0,4.9336520172216,0.35151492870071216,10415.34516065148,11423.500000000002,12499.59516065148,7904312.0,30.471377190454348,0.021685676267512385,3781561.013560637,141648.2935285503,16341040.194461847,11744.666666666664,51637745.27674223,980.4640107962905,-12.001477713225512,-12.95532461456921,0.9538469013436983,0.6549585445334544,1.0786260683529092,353.69069151328677,125097.10526314696,11610.0,11610.0,-0.8737700521839444,-0.4028245769961903,-0.2775474754435471,125097.10526314696,11396.17142857143,7.7,3.3507265341673014,318.53333333333336,0.005965061780996983,0.05533702842839272,0.013217749549394808,0.3094841930116472,0.829070419389691,,0.005947341234489371,-0.024598832130212855,-0.050376962286472704,-0.05987659117630462,0.2609824749244012
2026-08-10 00:00:00+05:30,11805.0,11912.0,11653.0,11890.0,122766,0.0,0.0,11430.7,10765.289999999999,9557.004985351563,8502.208935546876,11397.906809001355,10795.362225993345,9951.584147765385,8763.120091414934,11458.819047619048,11154.80705882353,11737.037221419521,11806.619543581648,11701.64655543452,11894.604356508587,11684.124285714282,11691.793721180778,11515.217981817179,11694.711300529596,11839.066070974917,11176.826024908762,10836.050662507962,10882.933849139976,11727.455215042177,11847.5,11271.0,10924.5,64.85014574075888,253.07692087216674,22.134631296660302,230.94228957550644,94.06484269410537,90.38290812926168,3.6819345648436865,84.43925019152542,73.72916875035531,-1.1139240506329084,7.223374515285418,1.2259492593223225,801.0,9258.01701038238,432.2073529411755,63.4534234573664,2.1507359365623255,1.7773065932136496,0.344281673171265,0.3880575743203317,3.8597042642382675,390.69676921145583,131.69676921145583,-2341.466835361258,-2386.5342320674044,287.1666666666667,0,1,0,287.1666666666667,1,0,0,0,0,384.9536370773089,259.0,10706.75987453166,11430.7,12154.64012546834,12.666593042741736,0.8172223667688426,10638.45552848994,11397.906809001355,12157.35808951277,9937.0,10958.0,11979.0,4.9235473665473,0.3512644019372352,10435.118202277617,11430.7,12481.86820227762,8027078.0,32.55575375796576,0.03600693572940688,3883471.013560637,170514.04673361592,15497335.880967299,11818.333333333334,51726140.95653892,981.184044680238,-16.450190688994613,-13.923230072270648,-2.526960616723964,0.4875902122915501,1.2688894670753719,361.9700627341695,131022.3263157786,11610.0,11610.0,-0.7976643671017601,-0.45117170015900526,-0.10227674420876154,131022.3263157786,11515.057142857144,7.2,3.360893654133449,322.2555555555556,0.007200338839474796,0.04924108718672793,0.01225949259322312,0.2637508635808046,0.8257401657932988,,0.007174540165214219,-0.024598832130212855,-0.050376962286472704,-0.05987659117630462,0.2609824749244012
2026-08-11 00:00:00+05:30,11900.0,11968.0,11675.0,11896.0,241198,0.0,0.0,11443.2,10796.32,9611.856611328123,8520.85021484375,11445.344255763132,10838.524491640665,9990.08743196805,8794.293025828716,11503.133333333335,11199.14862745098,11795.09612835451,11851.594287298418,11772.685894524797,11937.870115902791,11799.0832034632,11717.674262012495,11561.442513542177,11758.548319526777,11876.357597603352,11183.495163243426,10865.531160014905,10933.620069157165,11794.606783295087,11893.0,11274.0,10952.5,64.95051203487313,262.72800856876165,25.42857519460415,237.2994333741575,96.8661819744375,93.92530832380973,2.940873650627765,92.97622771492054,83.23114793903568,-3.5450516986706093,4.958531851067584,2.146659797355315,562.0,9329.60763911803,437.58823529411893,65.30040346509874,2.5507382796360463,2.1507359365623255,0.34247253930017596,0.3747493645369736,6.757123768765906,393.16865932410474,100.16865932410474,-2245.7648017667475,-2345.0124231007294,552.6666666666666,0,1,0,552.6666666666666,1,0,0,0,0,378.38552014321544,293.0,10695.368158502293,11443.2,12191.031841497708,13.070327207384429,0.8027418564400532,10702.412144824231,11445.344255763132,12188.276366702032,9937.0,10958.0,11979.0,4.458470605682457,0.34959947229520943,10437.1499706425,11443.2,12487.3999706425,8268276.0,36.90040419148876,0.06965791212093672,4006128.0169736063,205848.7153367591,13490171.897971973,11846.333333333334,51738312.42836399,981.184044680238,-17.129285046550034,-11.681859543860856,-5.447425502689178,1.0535414924945465,1.2109674257602139,373.9159207488535,139813.1157894629,11610.0,11610.0,-0.7335814179197905,-0.5500324027039107,0.057397713628770615,139813.1157894629,11623.0,12.5,3.3656222957702715,322.0,0.0005046257359124784,0.02551724137931033,0.021466597973553103,0.23325730872900685,0.7876998687494272,,0.0005044984551634333,-0.024598832130212855,-0.050376962286472704,-0.05987659117630462,0.2609824749244012
2026-08-12 00:00:00+05:30,11851.0,11899.0,11532.0,11679.0,244704,0.0,0.0,11445.9,10829.95,9666.73529296875,8538.248540039061,11467.59718378569,10871.484315497893,10023.531245196406,8822.996577810522,11525.590476190477,11233.763529411764,11804.172955769729,11876.49316562013,11771.975796040968,11951.64079837256,11870.24277056277,11739.113453996983,11565.243827766793,11802.68657480994,11889.990632991456,11184.843077873345,10888.589984430122,10974.516267665975,11814.893543654334,11787.5,11274.0,11258.5,58.45007441105658,249.98480937300155,10.14830079907523,239.83650857392632,91.65818966684009,94.19640477846099,-2.5382151116209,89.71735410879003,89.04427733841199,-20.366455250176184,2.2053032291940142,0.4645161290322581,252.0,9200.657801689886,417.6970588235308,62.961974739792524,2.4950394811816374,2.5507382796360463,0.33913772638334283,0.36371940810271153,8.219318446578,309.2874222778046,-57.71257772219542,-2047.238970201116,-2266.267655368247,679.5,0,1,0,679.5,1,0,0,0,0,377.57226870441434,367.0,10694.921158052646,11445.9,12196.878841947353,13.122233148067929,0.655197448303305,10725.515750079066,11467.59718378569,12209.678617492315,9937.0,10958.0,11979.0,3.959301135021978,0.3563098214532767,10424.413556180376,11445.9,12504.663556180376,8023572.0,64.79865703360667,0.07583767140524857,3957453.9243305544,186103.07616645936,3977180.4839759767,11703.333333333334,51291937.44517636,981.184044680238,-17.462426969545433,-9.612001173485003,-7.85042579606043,1.1138082196519532,0.6207897932132194,375.4894209736769,140992.30526314714,11610.0,11610.0,-0.7405217350850718,-0.5666734809310917,0.2007893915646175,140992.30526314714,11684.971428571429,2.7,3.364599775692089,313.12444444444446,-0.01824142568930731,-0.006803299600306123,0.0046451612903226636,0.20358633482763944,0.7892008787947018,,-0.01840985186142556,-0.024598832130212855,-0.050376962286472704,-0.05987659117630462,0.2609824749244012
2026-08-13 00:00:00+05:30,11650.0,11686.0,11350.0,11420.0,116582,0.0,0.0,11432.85,10856.39,9716.967880859376,8553.727216796875,11463.064118663244,10892.994734497977,10051.18409182618,8848.83740788206,11523.123809523811,11256.90274509804,11763.483710585635,11879.258346007657,11701.640212680026,11933.44888155381,11879.58294372294,11747.360396466278,11559.56681155769,11788.525948637565,11862.500804246692,11173.499069648604,10904.810473819556,11001.654461786757,11766.600580318762,11549.5,11492.5,11316.5,51.78794033435515,216.49102300170307,-18.676388457778614,235.16741145948168,78.01056701091139,88.84497955072965,-10.83441253981826,56.3840207754567,79.69253419972242,-42.05679201841903,2.550287356321839,-2.2343977399195274,284.0,8907.927821492718,351.3117647058825,57.83651988286708,1.7855323413238804,2.4950394811816374,0.3316328603532481,0.35449804805781265,8.844128683141877,120.53207623811795,-215.46792376188205,-1784.5012052245086,-2118.662597420249,670.6666666666667,0,1,0,670.6666666666667,1,0,0,0,0,374.60282093981334,336.0,10690.04641329554,11432.85,12175.65358670446,12.99419806442768,0.4913503379426243,10727.657107214394,11463.064118663244,12198.471130112093,9937.0,10958.0,11979.0,3.219402894682254,0.36468680443250306,10395.89976232171,11432.85,12512.64976232171,7906990.0,70.34887254683328,0.08430297891522964,3889447.757663888,139468.52746044658,-904522.1565920198,11485.333333333334,51033398.71754557,978.9663890590375,-21.15385725172443,-10.642745164531199,-10.51111208719323,0.5571432394613897,-0.03459864822950301,371.4017933522297,137939.2921052523,11513.5,11513.5,-0.6629205388437555,-0.570496780796943,0.36298991809219483,137939.2921052523,11703.671428571428,-13.05,3.3628495080330882,297.78666666666663,-0.022176556212004428,-0.026842778014486535,-0.022343977399195247,0.1736293099018551,0.7659604911704467,,-0.022426153068564186,-0.024598832130212855,-0.050376962286472704,-0.05987659117630462,0.2609824749244012
2026-08-14 00:00:00+05:30,11449.0,11850.0,11318.0,11828.0,258662,0.0,0.0,11435.7,10894.22,9772.592871093753,8571.695830078124,11497.819916885792,10929.66160765492,10086.368565255365,8878.480816758856,11560.757142857145,11295.005098039215,11801.073841302641,11912.477171354223,11747.684596406836,11961.229757610166,11886.390389610388,11755.51414781297,11583.717572512136,11839.523477338751,11864.363517805647,11172.380106910068,10929.51968922742,11045.833920409914,11722.198718272388,11624.0,11516.0,11425.0,59.599837152922085,220.32932686462664,-11.870467675884072,232.1997945405107,74.8951361161159,81.5212975979558,-6.626161481839887,42.83379415892482,62.97838968105718,-12.89134438305709,5.739317003397104,0.4842409311018605,642.0,9092.194167473193,305.46176470588216,61.83653522351586,1.0365678064824337,1.7855323413238804,0.3253648717720603,0.34701019863758237,10.22387606635494,247.02749391838552,-284.9725060816145,-1487.7948686770428,-1899.50667021584,720.3333333333334,0,1,0,720.3333333333334,1,0,0,0,0,385.84547658696954,532.0,10687.019448348625,11435.7,12184.380551651377,13.093742432057084,0.7619942505082423,10731.118335098738,11497.819916885792,12264.521498672846,9937.0,10958.0,11979.0,2.8266744715508136,0.38585204354937297,10393.136393222838,11435.7,12514.636393222838,8165652.0,68.8003091485271,0.08814893698279967,4126716.659919527,183206.45121110417,14300994.722921124,11665.333333333334,51957515.14486606,978.9663890590375,-20.034122485351524,-7.618408318526635,-12.41571416682489,1.257588206980713,1.0479770020329686,374.3402758256882,140130.64210525234,11513.5,11513.5,-0.6471309870504639,-0.5971603423108566,0.6400247208525186,140130.64210525234,11810.871428571429,2.85,3.364835742151994,303.8044444444445,0.03572679509632226,0.0019483269800932845,0.004842409311018647,0.24178477690288713,0.8316684638994398,,0.035103397762366643,-0.024598832130212855,-0.050376962286472704,-0.05987659117630462,0.2609824749244012
2026-08-17 00:00:00+05:30,11815.0,11920.0,11742.0,11789.0,128403,0.0,0.0,11444.150000000001,10934.880000000001,9826.267558593752,8589.191826171877,11525.551353372859,10963.361152452766,10120.084039210704,8907.441206641854,11594.404761904763,11330.094509803921,11825.014298952592,11940.01292336179,11773.279810813281,11980.931568064092,11885.728961038958,11763.016519069164,11595.918069534557,11852.711717592203,11867.015928872092,11160.75454662978,10946.740342687439,11086.745289077719,11697.969183644087,11808.5,11516.0,11425.0,58.62203535077658,217.7145583599122,-11.588188944478816,229.302747304391,76.18978633149077,76.36516315283934,-0.17537682134857846,37.089995704542574,45.43593687964136,-16.482504604051563,4.032827391457818,1.4543889845094664,457.0,9277.90946090946,285.7205882352955,61.52235546452338,0.9729029138430276,1.0365678064824337,0.319353198547101,0.34078256795902423,10.574248346519237,290.4521376443299,112.45213764432992,-1268.7456308202575,-1643.4294581374127,670.1666666666666,0,1,0,670.1666666666666,1,0,0,0,0,370.99937111647176,178.0,10683.000101214611,11444.150000000001,12205.299898785392,13.301990952327436,0.7265322511047397,10797.964207946476,11525.551353372859,12253.138498799242,9937.0,10952.5,11968.0,2.657704609744195,0.38300490237123197,10428.065870226537,11444.150000000001,12485.31587022654,8037249.0,65.4265616455565,0.11431609967988317,4066121.9857622236,165163.982676222,11542607.333932392,11817.0,51915177.327821754,978.6366629853142,-22.84101167527466,-8.340238006759817,-14.500773668514844,0.6353118249351096,0.906129004418959,380.5749493926951,144837.29210525242,11513.5,11513.5,-0.6497239943291683,-0.6683639035314037,0.8121495902986835,144837.29210525242,11894.914285714285,8.45,3.3625384482950658,300.08444444444444,-0.003297260737233687,-0.008494533221194311,0.014543889845094693,0.2149850561681954,0.8182383132346296,,-0.0033027086802403897,-0.024598832130212855,-0.050376962286472704,-0.05987659117630462,0.2609824749244012
2026-08-18 00:00:00+05:30,11751.0,11840.0,11614.0,11623.0,111496,0.0,0.0,11443.7,10974.550000000001,9878.345439453125,8606.082783203125,11534.832176861159,10989.229342552659,10149.844751305542,8934.461692147905,11611.438095238096,11357.079607843138,11814.171777446521,11952.434795286716,11749.157547468429,11978.829775675724,11862.60316017316,11765.794989226459,11596.067095708975,11817.882030202469,11857.368245386911,11156.513400068989,10970.25947873642,11118.454571459646,11692.698365327515,11706.0,11516.0,11425.0,54.52184105591785,199.94270772675918,-23.48803166210547,223.43073938886465,79.61939840392878,76.90144028384515,2.7179581200836367,44.01341660780753,41.31240215709164,-31.767955801104975,0.19827586206896552,-0.07737276478679504,23.0,9168.090374162417,240.73235294117694,56.37356103551492,0.9052456526965902,0.9729029138430276,0.31155901212633896,0.3350591131872231,9.705523129779197,211.3875465522833,-14.612453447716689,-1174.3509302774735,-1411.9888557494305,568.4999999999999,0,1,0,568.4999999999999,1,0,0,0,0,360.64227317958097,226.0,10683.00721326581,11443.7,12204.392786734192,13.294525140194011,0.6178530959717461,10833.491426237288,11534.832176861159,12236.17292748503,9937.0,10952.5,11968.0,2.613336588122951,0.38663124515717534,10422.831890710511,11443.7,12498.081890710511,7925753.0,58.6968060463027,0.10933305478385309,3963506.1981516043,110117.58742891671,7249615.429084908,11692.333333333334,51758180.66992032,977.2285706958918,-25.69496721284207,-8.95535483546178,-16.73961237738029,0.594503286681369,0.4714123838869841,380.3463933670959,144663.37894735765,11513.5,11513.5,-0.6479171026550263,-0.6660228316708035,0.893789634803633,144663.37894735765,11946.914285714285,-0.45,3.3530666733157255,289.78666666666675,-0.014080922894223469,-0.02294889038332215,-0.0007737276478679833,0.1761789111515888,0.8524921855939436,,-0.014180999648419535,-0.024598832130212855,-0.050376962286472704,-0.05987659117630462,0.2609824749244012
2026-08-19 00:00:00+05:30,11703.0,11854.0,11640.0,11774.0,233633,0.0,0.0,11489.850000000002,11020.63,9928.550239257813,8624.195432128907,11557.610064779145,11020.004662452555,10182.0062413787,8962.715804663847,11642.89523809524,11388.430588235293,11830.954459139317,11975.005796944,11766.707826383965,11992.48309979054,11840.311991341992,11769.74760396466,11596.960384380227,11817.41707494509,11857.745961254092,11189.398380809529,10993.918657236558,11155.689998188473,11710.343299159133,11698.5,11541.0,11425.0,57.43804978749192,195.7859277979187,-22.115849272756776,217.90177707067548,77.96193984039287,77.92370819193746,0.03823164845540816,38.538834551412236,39.880748954587446,-17.863720073664823,0.12756186750574028,8.506128467422357,15.0,9114.827535272732,228.39999999999782,55.610895075758364,0.898056015236611,0.9052456526965902,0.30396580348936997,0.3295032164551441,9.287515380203274,204.6178970448127,-9.382102955187293,-1100.977025707777,-1245.8275027633802,434.83333333333326,0,1,0,434.83333333333326,1,0,0,0,0,351.38211080961094,231.0,10769.643516450093,11489.850000000002,12210.056483549912,12.536394879827142,0.6972698153170032,10879.063671357548,11557.610064779145,12236.156458200741,9937.0,10952.5,11968.0,2.1968044560411677,0.2884527389936647,10533.617024411926,11489.850000000002,12436.117024411926,8159386.0,66.590708817976,0.1561539653217872,4022460.3196469313,96346.04735544836,11253753.65350135,11756.0,52061704.57080649,977.2285706958918,-23.86349529255098,-5.699106332136552,-18.164388960414428,1.2491365280192648,0.789079261268012,360.103241774955,129674.34473683168,11611.5,11611.5,-0.8872163468741967,-0.016256050609335704,0.8782881498050136,129674.34473683168,11948.985714285714,46.15,3.3449511614324563,276.83111111111117,0.012991482405575239,0.008134258070040312,0.08506128467422358,0.14316228943152587,0.8317166425976683,,0.012907816944498796,-0.024598832130212855,-0.050376962286472704,-0.05987659117630462,0.2609824749244012
2026-08-20 00:00:00+05:30,11825.0,11917.0,11680.0,11826.0,188774,0.0,0.0,11539.000000000002,11071.84,9981.374882812499,8642.461142578126,11583.171010990654,11051.612322748533,10214.560573232586,8991.206194667193,11674.909523809525,11420.013725490195,11853.609176269796,11999.530576563902,11792.851825084499,12009.517374335524,11821.610432900432,11777.331868131867,11599.353988831414,11820.234496378891,11858.657884342167,11451.681408508985,11042.093954253523,11193.602453767964,11732.902650078751,11800.0,11614.0,11564.0,58.426696988638454,194.4461608702186,-18.764492960365516,213.2106538305841,77.59802223316254,78.39312015916138,-0.7950979259988458,38.04415320143857,40.198801453552775,-17.57425742574258,0.7754580315296122,9.065756709397768,91.0,8788.833411896156,264.1764705882342,53.99842181312139,1.0554761371468417,0.898056015236611,0.29693140597513157,0.32385545456867043,8.599523483777563,242.38676889555427,5.386768895554269,-1058.845676567657,-1146.3745365597358,374.1666666666667,0,1,0,374.1666666666667,0,0,0,1,0,343.2119600374959,237.0,10872.49616023536,11539.000000000002,12205.503839764644,11.552194120194853,0.7153025855795103,10924.105226466352,11583.171010990654,12242.236795514957,10549.0,11258.5,11968.0,1.7568281085864177,0.2878902237781841,10733.139917336488,11539.000000000002,12330.389917336488,8348160.0,75.7808717454602,0.09950931108855594,4066268.631883218,95892.51236826228,11048395.703001156,11807.666666666664,52145076.81473379,977.6702217915263,-23.671454990818223,-4.405652824323035,-19.265802166495188,1.0297422671414607,0.8612103423180406,333.2519198823213,111056.84210525309,11651.0,11651.0,-1.127114638939781,0.9548686421627568,0.8478283860115178,111056.84210525309,11946.728571428572,49.15,3.339405629059439,267.4666666666664,0.004416510956344544,0.035551663747810824,0.09065756709397776,0.14821107820767998,0.7741996994072313,,0.004406786792568591,-0.024598832130212855,-0.050376962286472704,-0.05987659117630462,0.2609824749244012
2026-08-21 00:00:00+05:30,11850.0,11870.0,11650.0,11724.0,110088,0.0,0.0,11592.6,11119.77,10031.701860351563,8660.615434570313,11596.583295658213,11077.980466954474,10244.450462871544,9018.39817282971,11692.528571428573,11445.58862745098,11853.400369419513,12014.059555249458,11786.105587926197,12012.279829373196,11799.741948051946,11786.295940530059,11600.535521664384,11795.259782438045,11857.455614367964,11536.711812722247,11061.512752419678,11225.08354269566,11745.933514397937,11775.0,11658.0,11643.0,55.69389044127852,183.0438231249227,-24.133464564529106,207.17728768945182,75.67452032071034,77.07816079808858,-1.4036404773782323,41.012289955733955,39.19842590286159,-37.53846153846154,-0.6861499364675985,10.063837776943297,-81.0,8073.919345115335,282.9499999999989,53.90950964336842,1.1363854993713736,1.0554761371468417,0.289080123344454,0.31772194903235806,7.4077582047524375,188.3315161961891,-31.668483803810886,-1048.9884817459247,-1090.4974694290443,354.0,0,1,0,354.0,1,0,0,0,0,334.41110574910334,220.0,11069.43618344984,11592.6,12115.763816550161,9.025823655610662,0.6255820794970833,10958.380919183845,11596.583295658213,12234.78567213258,10665.0,11316.5,11968.0,1.497415577927788,0.2803272871904646,10803.81987209692,11592.6,12360.819872096921,8238072.0,71.20253680958187,0.1441980347862972,4030239.831883218,75525.76511275349,7865914.031143849,11748.0,52050125.216560274,976.8077154495679,-26.127427296668735,-5.4893001041388345,-20.6381271925299,0.626815600470533,0.5023283179883337,261.58190827508025,68425.09473683249,11701.5,11701.5,-0.7228855300259553,-0.8496965700793779,0.770129382039886,68425.09473683249,11892.385714285714,53.6,3.333152811677351,269.0888888888889,-0.008625063419584023,-0.008792695299289832,0.10063837776943307,0.17663588920112394,0.7397400036010984,,-0.00866247454999221,-0.024598832130212855,-0.050376962286472704,-0.05987659117630462,0.2609824749244012
2026-08-24 00:00:00+05:30,11720.0,11898.0,11457.0,11518.0,153394,0.0,0.0,11614.050000000001,11162.670000000002,10078.904331054688,8678.286560058594,11589.099172262193,11095.236134917044,10269.669265586957,9043.269832801554,11685.42380952381,11461.205490196078,11814.68612735459,12011.185214458616,11725.544551017343,11990.134685108535,11758.702294372293,11791.028012281837,11597.100956067223,11732.854088872517,11839.673041255495,11583.893968864586,11076.612714946072,11243.957621679398,11726.45757532998,11621.0,11658.0,11643.0,50.55130347583535,155.59134969912338,-41.268750392262746,196.86010009138613,58.55217060167555,70.60823771851614,-12.056067116840588,26.7037652953278,35.2534028175001,-69.23076923076923,-3.1286795626576955,3.868698710433763,-372.0,7143.707195822324,236.36764705882342,50.23033012131401,0.956908608355781,1.1363854993713736,0.2783888924671629,0.31060154382869,5.162593584191879,239.71272816816236,-201.28727183183764,-1060.1567132867133,-1062.800342603609,251.00000000000003,1,0,0,251.00000000000003,1,1,0,0,0,342.02459819559596,441.0,11145.496357618003,11614.050000000001,12082.603642381999,8.068738164240685,0.3975037313639167,10927.67797449967,11589.099172262193,12250.520370024717,10882.0,11425.0,11968.0,1.6771126603621955,0.2577855599338697,10851.2961781342,11614.050000000001,12387.5461781342,8084678.0,64.12557147107368,0.06261231109528713,3919281.3602278894,25022.96706219064,2228045.7409804426,11624.333333333334,51780599.76449613,976.8077154495679,-26.461975126028864,-4.65907834679917,-21.802896779229695,0.858420064758967,-0.409985074544334,234.2768211909984,54885.62894735904,11701.5,11701.5,-0.7333653524284466,-0.6381273256043505,0.5752881799815488,54885.62894735904,11828.171428571428,21.45,3.324133314802621,264.3577777777779,-0.017570794950528823,-0.022987530749003282,0.0386869871043376,0.13021293298008052,0.7301367218557229,,-0.01772699376416536,-0.024598832130212855,-0.050376962286472704,-0.05987659117630462,0.2609824749244012
2026-08-25 00:00:00+05:30,11518.0,11729.0,11355.0,11729.0,196029,0.0,0.0,11633.800000000001,11207.24,10127.97862792969,8697.673747558594,11602.423060618174,11120.089619822258,10298.566903892166,9069.99351605726,11696.37142857143,11483.41450980392,11818.5804904048,12023.997966055444,11729.397112727785,11992.204399971819,11728.951255411253,11797.505674423614,11599.001663330291,11737.248937551325,11869.764294539593,11620.061398101345,11107.888254589752,11273.218307717316,11704.63005195518,11623.5,11658.0,11643.0,55.122239887166884,149.14178961111247,-38.174648384218926,187.3164379953314,52.153846153846146,62.126845692077346,-9.9729995382312,20.4730105492022,29.39635526675465,-36.76923076923077,-1.4038332212508406,3.4850891124051526,-167.0,6598.6641550053755,185.25,49.36904172368818,0.447120359661335,0.956908608355781,0.2678942117203986,0.3026855977550295,3.5041015002000213,60.61090985842384,-313.38909014157616,-1060.1434961402495,-1056.213260462197,129.5,1,0,0,129.5,1,1,0,0,0,344.30855546733915,374.0,11181.94739245266,11633.800000000001,12085.652607547343,7.76792806387151,0.605344086113329,10932.756262642557,11602.423060618174,12272.08985859379,10882.0,11425.0,11968.0,1.7183515999373287,0.25429762051212745,10853.841324559406,11633.800000000001,12407.341324559407,8280707.0,55.79256042135961,0.10670509215833428,4115310.3602278894,64460.779944943264,7818627.635126093,11604.333333333334,52139708.2815998,976.8077154495679,-24.924516905372055,-2.497296100913889,-22.427220804458166,1.1254618160314394,0.42137634445331673,225.92630377367064,51042.6947368329,11726.5,11726.5,-0.9908173322708709,0.014410257739610625,0.5109887827674771,51042.6947368329,11821.514285714286,19.75,3.3196129544951996,266.3866666666669,0.01831915263066497,0.009119848576099043,0.034850891124051486,0.1338392382425444,0.7659575093763913,,0.0181533784548873,-0.024598832130212855,-0.050376962286472704,-0.05987659117630462,0.2609824749244012
2026-08-26 00:00:00+05:30,11749.0,12060.0,11616.0,11800.0,291135,0.0,0.0,11652.450000000003,11254.35,10176.061660156252,8716.929860839846,11621.239911987872,11146.75277198609,10328.298252329945,9097.157759678583,11712.2,11506.66,11833.835690176928,12040.83127044597,11749.923520833256,12000.840147328527,11719.616406926405,11808.102849601379,11601.358106738748,11779.41570540358,11904.557851616471,11649.537467263239,11134.229605443417,11304.563163593379,11695.84264181826,11764.5,11658.0,11689.0,56.57680343258254,148.05291159787157,-31.410821117967885,179.46373271583946,52.98652291105121,54.56417988885763,-1.57765697780642,24.530136094245695,23.9023039795919,-35.04043126684636,1.0360476068156521,3.264198827338759,121.0,6766.95962865603,179.17058823529442,49.44122035992789,0.5430141615978479,0.447120359661335,0.25828813394597194,0.2945361837097766,2.4288495650016184,372.8093513072199,-71.19064869278009,-1035.9496118458883,-1054.2564187409562,41.66666666666665,1,0,0,41.66666666666665,1,1,0,0,0,351.4293729339578,444.0,11205.775515910296,11652.450000000003,12099.124484089709,7.666619193211835,0.6651650197802264,10930.779475724219,11621.239911987872,12311.700348251525,10882.0,11471.0,12060.0,1.7309748270961782,0.2536901707049264,10854.910326479465,11652.450000000003,12437.660326479465,8571842.0,56.939331635268545,0.14949551990624982,4065476.4413089706,58878.11283687269,9654621.544393795,11825.333333333334,52315943.12685515,976.8077154495679,-19.921752406810384,2.0043747181182283,-21.926127124928612,1.628093340998414,0.6606600791209042,223.33724204485353,49879.52368420149,11732.0,11732.0,-1.2341842627398403,0.6028800675834604,0.49159108169788085,49879.52368420149,11831.7,18.65,3.319916719930791,270.6644444444445,0.006053371983971267,0.002208255478172161,0.03264198827338749,0.18029507376844212,0.7877686130404635,,0.006035123932250985,-0.024598832130212855,-0.050376962286472704,-0.05987659117630462,0.2609824749244012
2026-08-27 00:00:00+05:30,11840.0,11916.0,11720.0,11855.0,186762,0.0,0.0,11688.400000000001,11303.460000000001,10224.811352539064,8736.142595214844,11643.502777512836,11174.527173084674,10358.52997010559,9124.59897600019,11731.490476190478,11530.214901960784,11855.99393134933,12060.228978542806,11779.978737052737,12013.757939526327,11732.95623376623,11822.971715147598,11616.434333196732,11789.185638222287,11949.790877043277,11687.987226870422,11153.711903918107,11337.071022066306,11719.43960131392,11827.5,11658.0,11689.0,57.720011834040676,149.9000537630218,-23.65094316225415,173.55099692527594,66.8541018729698,57.33149031262238,9.522611560347428,41.12528049359031,28.70947571234607,-27.628032345013477,3.809106830122592,6.456537356321839,435.0,5911.171125254617,172.7470588235301,53.087710943125366,0.8107889808202784,0.5430141615978479,0.24987599402932492,0.28614853062725043,1.950748677697517,204.83658683476096,8.836586834760965,-1013.040302089215,-1044.230538558034,-38.833333333333336,1,0,0,-38.833333333333336,1,1,0,0,0,340.3272748672465,196.0,11305.56602471627,11688.400000000001,12071.233975283732,6.550665194273484,0.7175877936075629,10981.467144702865,11643.502777512836,12305.538410322808,10882.0,11471.0,12060.0,1.7334239461134666,0.23218109092102124,10908.110091923465,11688.400000000001,12436.110091923465,8758604.0,64.19960598835786,0.21003823096534255,4135988.62498244,73677.43356723245,9742805.609480396,11830.333333333334,52402993.211600915,977.2738171444831,-19.550298236454445,1.900663110779334,-21.45096134723378,1.0049742355691205,0.8703511744302512,191.41698764186552,36640.46315788609,11747.0,11747.0,-1.3762472437706512,1.3844318065509835,0.4386505036176073,36640.46315788609,11817.671428571428,35.95,3.32506495394833,274.917777777778,0.004661016949152552,0.0024522239134110446,0.06456537356321834,0.17399485046543872,0.8152174620058392,,0.004650188045749736,-0.024598832130212855,-0.050376962286472704,-0.05987659117630462,0.2609824749244012
2026-08-28 00:00:00+05:30,11876.0,12275.0,11876.0,12190.0,428317,0.0,0.0,11738.600000000002,11354.49,10276.546489257813,8756.291496582033,11695.550132035425,11214.349636885276,10394.796703370826,9155.100478726557,11779.261904761906,11564.981176470588,11934.89449674126,12103.578836761311,11890.414606973747,12062.319256656798,11793.567316017316,11849.496591251886,11644.59029606691,11865.548910772544,12002.38731323766,11776.79840488283,11201.274232551665,11382.650933900066,11806.408340355636,12022.5,11805.0,11796.5,63.94619048115614,176.3626289207532,2.249305596381788,174.1133233243714,76.14987123770467,65.33016534057523,10.819705897129438,61.55221474211845,42.402543776651484,-8.881922675026122,3.060534325329726,8.975505095655283,362.0,5176.1805380878295,226.37647058823677,55.41049301218508,1.1980975943716805,0.8107889808202784,0.24574740092280223,0.277970108668995,2.901187912087686,495.4313601440808,96.43136014408083,-1025.8004730763878,-1030.6539661811405,8.666666666666671,1,0,0,8.666666666666671,1,1,0,0,0,346.01818380530034,420.0,11370.113822297415,11738.600000000002,12107.08617770259,6.278196338619377,1.1125060142206096,11016.565511874021,11695.550132035425,12374.534752196829,11160.0,11717.5,12275.0,1.7334239461134666,0.24826941600841884,10956.689686497262,11738.600000000002,12487.439686497264,9186921.0,68.12749738350658,0.2224717835416577,4381814.6726014875,151251.1314205099,28849004.09384034,12113.666666666666,53613336.48448156,977.2738171444831,-10.639627818383971,8.649066823079846,-19.288694641463817,2.111984481499543,2.4500240568824365,184.24308885129372,33945.51578946572,11766.5,11766.5,-0.10945900980192341,1.6998988350156752,0.4940150619075156,33945.51578946572,11860.585714285713,50.2,3.3293366831675932,285.1600000000001,0.02825811893715735,0.03974752644148749,0.08975505095655278,0.2267901172445026,0.8680414108332712,,0.027866223975811386,-0.024598832130212855,-0.050376962286472704,-0.05987659117630462,0.2609824749244012
2026-08-31 00:00:00+05:30,12196.0,12540.0,12080.0,12540.0,487111,0.0,0.0,11799.0,11410.66,10331.431650390625,8778.630295410157,11775.973928984431,11266.335925634874,10437.275976571404,9188.781070978035,11855.585714285715,11611.471764705882,12065.287980005478,12170.641002941855,12070.254938786728,12145.484112137838,11916.785411255412,11894.162220426631,11742.503605865211,12017.115681175159,12070.764281345986,11877.70045720796,11259.228479090914,11438.771217226658,11965.319211111184,12365.0,11980.0,11929.0,69.07082580521411,223.00581311646056,39.11399183367132,183.89182128278924,87.83001499332013,76.94466270133154,10.885352291988596,80.93686487284795,61.20478670285223,0.0,6.370345237085418,10.660077656194847,751.0,6090.646633158646,336.302941176471,61.3227659777253,1.62469973794952,1.1980975943716805,0.24810585008341324,0.27091975733089213,4.311405137270862,651.7983086949262,191.79830869492616,-1068.4109944073114,-1030.3403594307342,201.16666666666666,1,0,0,201.16666666666666,1,1,0,0,0,354.15974210492175,460.0,11329.079514004905,11799.0,12268.920485995095,7.965429036275872,1.2884312581423982,11074.035463124113,11775.973928984431,12477.912394844749,11318.0,11929.0,12540.0,1.7334239461134666,0.26101838972199776,10989.485557343021,11799.0,12554.235557343023,9674032.0,70.84587573387816,0.31438124789712546,4868925.6726014875,324225.5867768042,49083267.79472029,12386.666666666666,55011932.46479329,977.2738171444831,-2.376433886021058,13.529808604354207,-15.906242490375265,2.0409060228202582,3.153725032569592,234.96024299754757,55206.3157894666,11781.5,11781.5,1.6939599395042904,4.868319537873342,0.6052920041087889,55206.3157894666,11968.757142857143,60.4,3.3391308378550493,307.6488888888887,0.028712059064807116,0.0887306824101406,0.10660077656194855,0.2853628536285362,0.8902777286065888,,0.02830759171159438,-0.024598832130212855,-0.050376962286472704,-0.05987659117630462,0.2609824749244012
2026-09-01 00:00:00+05:30,12350.0,12353.0,11992.0,12187.0,208347,0.0,0.0,11828.35,11457.15,10383.652026367188,8799.592954101565,11815.119269081151,11302.440399139388,10471.923977035336,9218.614095147408,11892.538095238097,11641.916470588234,12112.296813425797,12205.971144036708,12123.905317711135,12181.056831537295,12035.867619047618,11942.5696250808,11769.094537452138,12072.62847344419,12105.126466391243,11908.86611908407,11291.02909001632,11480.251014580512,12109.834949484635,12363.5,11980.0,11929.0,59.83347611018792,228.8486974507996,35.96550093440828,192.8831965163913,87.41033564951393,83.79674062684624,3.613595022667681,81.04872559898584,74.51260173798408,-28.887070376432078,4.852447732943302,5.060344827586207,564.0,6457.837041702499,447.8147058823524,59.00262037190618,1.7393280915683227,1.62469973794952,0.25103839102684766,0.2650389337239452,5.010660704114095,422.1128360242219,61.112836024221906,-1097.4149829441092,-1049.813036666787,297.16666666666663,1,0,0,297.16666666666663,1,1,0,0,0,368.00547481171304,548.0,11337.886298891308,11828.35,12318.813701108693,8.293019755226933,0.865623387815726,11075.651133302768,11815.119269081151,12554.587404859534,11318.0,11929.0,12540.0,1.8256760796518408,0.2772829431650183,11007.978352378224,11828.35,12597.978352378224,9465685.0,71.47293524706228,0.30132017871698996,4885662.689221986,370838.22500391956,31564730.824045967,12177.333333333334,54425437.321252614,974.4588251189648,-4.23857354799849,9.334135153901421,-13.572708701899911,0.8388945035211126,1.4624935512629051,245.23185055434607,60138.660526309126,11794.5,11794.5,1.3518123994855966,3.0494403742344702,0.6457386266926296,60138.660526309126,12020.914285714285,29.35,3.3453129485466064,321.25333333333316,-0.02814992025518337,0.039048512234632016,0.05060344827586216,0.26427719280045636,0.8457217948310274,,-0.028553725363409298,-0.024598832130212855,-0.050376962286472704,-0.05987659117630462,0.2609824749244012
2026-09-02 00:00:00+05:30,12141.0,12199.0,11951.0,12158.0,238698,0.0,0.0,11848.300000000001,11490.94,10431.90767578125,8820.104384765626,11847.774576787708,11335.991756035883,10505.31162105444,9247.861716091216,11923.933333333334,11669.400784313724,12146.194776262606,12236.325540112291,12157.822015733855,12209.316669667274,12134.723722943723,11991.737659987071,11783.973281830547,12112.378142639982,12147.278369670017,11930.716155338905,11338.889541920335,11518.736575450457,12204.71890568795,12172.5,12029.0,11929.0,59.13380086797839,228.50510315490465,28.49752531081066,200.007577844094,79.9509001636661,85.06375026883339,-5.112850105167283,65.48799641222509,75.82452896135295,-31.260229132569563,3.261423475454391,3.3931456756526917,384.0,6863.712800519786,485.06764705882415,65.976235402268,1.5891628739454662,1.7393280915683227,0.25367136678902114,0.26023226270326627,6.254519931229312,235.66814516361774,-12.331854836382263,-1096.1105913173653,-1075.593836516099,371.3333333333333,0,1,0,371.3333333333333,1,0,0,0,0,359.43365518230496,248.0,11337.668976554267,11848.300000000001,12358.931023445735,8.619481671560209,0.803252236722855,11131.493882512028,11847.774576787708,12564.055271063387,11318.0,11929.0,12540.0,1.6888752290402094,0.27455529489837144,11032.442278333405,11848.300000000001,12613.942278333405,9226987.0,68.59306193146912,0.3030187606569483,5045436.350512308,407031.5396888498,26066591.849182263,12102.666666666666,54368637.10791053,974.4588251189648,-4.7958624992020935,7.021476962158254,-11.817339461360348,0.9591445981865706,1.2130089468914202,255.31551172286697,65186.010526309416,11802.5,11802.5,1.0639104979104814,1.807882385530449,0.6876678531925198,65186.010526309416,12075.2,19.95,3.3480383856811624,304.64000000000004,-0.0023795848034791067,0.030338983050847368,0.03393145675652698,0.28384371700105593,0.8681472643827421,,-0.0023824205148345362,-0.024598832130212855,-0.050376962286472704,-0.05987659117630462,0.2609824749244012
2026-09-03 00:00:00+05:30,12190.0,12227.0,12013.0,12149.0,217661,0.0,0.0,11869.0,11514.43,10477.803359375,8841.100637207033,11876.462712331735,11367.87443226977,10537.859905786034,9276.7287636923,11952.57142857143,11695.20705882353,12172.417872586953,12263.533384332603,12180.707482338374,12233.09218000964,12205.434329004327,12038.79670545141,11795.477623418408,12156.342129055221,12185.110590467271,11951.799125117968,11373.773525376684,11555.115623177688,12227.907085594052,12153.5,12029.0,11947.5,58.90359136784481,224.91390986718216,19.925065618470512,204.98884424871164,68.95230663342701,78.77118081553567,-9.818874182108658,47.18796639247969,64.57489613456353,-32.995780590717295,2.7312700828682566,3.527907967618236,323.0,7465.047969753024,529.9823529411769,61.806660128436214,1.456802956887728,1.5891628739454662,0.25559753446042777,0.2565119750494856,6.48928490918839,237.14412442595858,23.14412442595858,-1103.2391959181164,-1093.1168898080628,474.0,0,1,0,474.0,1,0,0,0,0,349.0455369549975,214.0,11344.335094409898,11869.0,12393.664905590102,8.840928563317915,0.766836982059128,11187.637322272787,11876.462712331735,12565.288102390683,11318.0,11929.0,12540.0,1.8770704102726057,0.274360617635886,11055.102803007368,11869.0,12626.102803007368,9009326.0,68.28201049331928,0.3313509287185967,5104428.584157168,403605.28461160883,22062943.15644194,12129.666666666666,54352524.679879606,974.3847997858508,-5.84101046396013,4.781063197920174,-10.622073661880304,0.8645774330676509,1.0673479282365117,262.3324527950508,68818.31578946755,11815.5,11815.5,0.809986097883903,1.0133808862284877,0.708657695427017,68818.31578946755,12119.714285714286,20.7,3.3494319911309445,283.73333333333346,-0.0007402533311400283,0.024799662589624738,0.03527907967618238,0.311208245642437,0.9149638413381223,,-0.0007405274539257122,-0.024598832130212855,-0.050376962286472704,-0.05987659117630462,0.2609824749244012
2026-09-04 00:00:00+05:30,12199.0,12348.0,12028.0,12058.0,166477,0.0,0.0,11881.65,11536.099999999999,10520.684340820313,8860.886042480472,11893.751977823951,11394.938180023895,10567.961689829875,9304.403104352077,11970.57142857143,11716.523529411765,12177.16360111925,12281.475675926464,12173.31480983537,12243.464492324933,12241.392251082252,12079.088894634777,11804.185761100502,12198.404783430913,12208.596449664634,11962.221452082184,11380.710264900968,11585.408196775017,12193.430458765157,12103.5,12029.0,11947.5,56.50816821486733,212.27791615324531,5.831257523626931,206.44665862961838,65.02296159716036,71.30872279808449,-6.285761200924128,41.20273661498983,51.29289980656487,-40.675105485232066,2.8488570453770046,2.143159678102499,334.0,7917.5116273545345,539.9382352941193,59.190002919763984,1.443155013881677,1.456802956887728,0.2557096109247148,0.2539920548781025,6.430216656262094,348.409249507964,28.409249507963978,-1144.3173028311426,-1106.738643374369,528.1666666666666,0,1,0,528.1666666666666,1,0,0,0,0,346.9708557439262,320.0,11351.312957217446,11881.65,12411.987042782554,8.92699318331299,0.6662621934484656,11209.576624913474,11893.751977823951,12577.927330734428,11318.0,11929.0,12540.0,2.126239228091494,0.27577769174954925,11074.476202605843,11881.65,12654.226202605843,8842849.0,68.69661546744436,0.27425866253891673,4969166.021657168,322474.15722895414,16746893.134093095,12144.666666666666,54227827.93940714,973.6357669436416,-8.272677492036047,1.8795169358754062,-10.152194427911454,0.6467811297194835,0.6650487737938625,265.168521391277,70314.34473683612,11827.0,11827.0,0.6471256769280648,0.6688247512170684,0.7152137023710281,70314.34473683612,12148.414285714285,12.65,3.3503850436044336,250.12888888888895,-0.007490328422092407,-0.010828547990155868,0.02143159678102502,0.29273653176092207,0.9338082840388668,,-0.007518521805391306,-0.024598832130212855,-0.050376962286472704,-0.05987659117630462,0.2609824749244012
2026-09-07 00:00:00+05:30,12105.0,12110.0,11679.0,11847.0,185270,0.0,0.0,11879.500000000002,11555.550000000001,10560.580385742187,8879.424448242191,11889.299408507384,11412.666094532762,10593.289181120374,9329.702575950565,11967.27142857143,11728.715686274509,12141.69093353576,12281.470116300612,12110.142890608842,12227.911523573628,12234.616017316015,12105.610588235293,11805.573416002791,12176.175756437493,12204.102471246413,11959.380232979816,11400.758472051402,11602.49685259742,12118.015009965358,11952.5,12029.0,11947.5,51.29892669652981,183.1268906947098,-18.655814347926878,201.78270504263668,55.94936708860759,63.30821177306498,-7.358844684457395,27.10072751687613,38.497143508115215,-58.48101265822785,2.8563986803264454,-0.3616484440706476,329.0,7635.962364774461,449.764705882355,57.07509708642239,0.9074558566840221,1.443155013881677,0.25205909776793156,0.2522325977722728,6.124779074774439,132.20792814968263,-298.79207185031737,-1192.8100143434606,-1130.672267193224,446.49999999999994,0,1,0,446.49999999999994,1,0,0,0,0,352.9729374765029,431.0,11348.956882053895,11879.500000000002,12410.043117946108,8.932078251544366,0.4693710097250727,11188.188374921714,11889.299408507384,12590.410442093054,11318.0,11929.0,12540.0,2.5151846861723177,0.2824776228503601,11059.07240821903,11879.500000000002,12681.822408219028,8657579.0,67.13599888766576,0.2378601955258769,4928329.246715172,246974.79879732896,8769912.686365511,11878.666666666664,53903628.48676159,973.6357669436416,-9.592598658797364,0.4476766152912717,-10.040275274088636,0.7109889565881126,-0.1225159610997093,265.2715589730531,70368.99999999399,11827.0,11827.0,0.6732567040842836,0.688732957617869,0.6888500702684541,70368.99999999399,12142.814285714287,-2.15,3.3502423844128018,229.01333333333338,-0.017498756012605754,-0.05526315789473679,-0.003616484440706502,0.2639496425904193,0.9337356008855955,,-0.017653669094591783,-0.024598832130212855,-0.050376962286472704,-0.05987659117630462,0.2609824749244012
2026-09-08 00:00:00+05:30,11750.0,11815.0,11636.0,11780.0,101559,0.0,0.0,11873.7,11575.64,10601.27923828125,8898.614587402348,11878.88994103049,11427.071345727556,10616.788405256604,9354.08364484658,11957.79523809524,11737.517647058823,12097.826088338972,12275.644960926958,12039.013469658525,12204.749647878405,12187.219956709958,12117.120006464123,11805.392694985638,12136.539970110112,12188.294531197535,11958.691208440334,11413.51440095314,11614.428562831095,12023.948351685889,11813.5,12029.0,11947.5,49.73120392089158,152.85612270645652,-39.141265868944146,191.99738857540066,45.56962025316455,55.51398297964416,-9.94436272647961,12.067424203288203,26.790296111718057,-64.1350210970464,0.4348196777218859,-0.9751176866173503,51.0,7582.976130554104,344.6000000000022,55.78218654914652,0.24382220829461643,0.9074558566840221,0.2448648229080419,0.2507411187680584,5.589864335313572,-134.53606158598814,-313.53606158598814,-1202.2681216411065,-1163.2936586514047,269.16666666666663,0,1,0,269.16666666666663,1,0,0,0,0,342.83201337103844,211.0,11341.383078173225,11873.7,12406.016921826777,8.966319206764123,0.41198852022358573,11204.360910643456,11878.88994103049,12553.418971417523,11318.0,11929.0,12540.0,2.9790379467530905,0.28312873391749904,11068.295932428186,11873.7,12662.545932428186,8556020.0,62.64592396806928,0.2313709898529828,4990172.436659306,213313.8218032224,6545003.30259901,11743.666666666666,53846192.40167676,973.0702229240585,-13.566502918529835,-2.820982115552958,-10.745520802976877,0.4044021172785651,-0.35204591910565713,266.1584609133878,70840.32631578339,11813.0,11813.0,0.7361300757725803,0.7094222008022965,0.6592529168051056,70840.32631578339,12125.985714285714,-5.8,3.3452858694267116,213.5555555555556,-0.005655440195830197,-0.03339624189710344,-0.00975117686617355,0.23993474027682749,0.837513457398456,,-0.0056714927491814384,-0.024598832130212855,-0.050376962286472704,-0.05987659117630462,0.2609824749244012
2026-09-09 00:00:00+05:30,11762.0,11762.0,11550.0,11630.0,156426,0.0,0.0,11871.25,11590.98,10638.577539062499,8917.166523437503,11855.186137122824,11435.029332169614,10636.852001192115,9376.729578728704,11934.585714285715,11739.649411764705,12031.824924009277,12257.971459236898,11940.344466726083,12165.23002280841,12096.777532467531,12112.096522301226,11802.583536983935,12066.869496766292,12162.282980954495,11962.779185867157,11426.452417099023,11615.534863542149,11911.055069011189,11705.0,12029.0,11947.5,46.318368230442395,115.43194695832244,-61.252353293662566,176.684300251985,33.53023909985935,45.016408813877156,-11.486169714017805,1.3456488552955446,13.504600191819957,-76.79324894514767,-1.4406779661016949,-0.4195564688757599,-170.0,7530.083833132249,231.6823529411795,48.62674276906114,-0.386372889044315,0.24382220829461643,0.23356471718445349,0.24892875467418374,4.105754438392615,-141.8880527879901,-353.8880527879901,-1175.3109005350352,-1184.9640792225518,228.0,0,1,0,228.0,1,0,0,0,0,334.77258384453575,230.0,11334.725560962795,11871.25,12407.774439037205,9.039055517105687,0.27517333559592905,11201.088442963126,11855.186137122824,12509.283831282522,11318.0,11929.0,12540.0,3.5512564896010064,0.27910007830226774,11084.313893352426,11871.25,12639.813893352426,8399594.0,57.386009867476055,0.23874955359922018,4951803.795149872,167943.0523887016,2258017.116513438,11647.333333333334,53647008.19115044,973.0702229240585,-14.797974146420342,-3.241962674754772,-11.55601147166557,0.6581846212364746,-0.8993066576162851,268.26221951860185,71964.61842104653,11813.0,11813.0,0.7279060391669122,0.6390234092136735,0.5529752671615301,71964.61842104653,12061.257142857143,-2.45,3.3372601134790267,206.43333333333334,-0.012733446519524572,-0.04342819542687937,-0.0041955646887575915,0.23140452114987564,0.8784933527810932,,-0.012815211692867543,-0.024598832130212855,-0.050376962286472704,-0.05987659117630462,0.2609824749244012
2026-09-10 00:00:00+05:30,11680.0,11814.0,11627.0,11725.0,167438,0.0,0.0,11886.500000000002,11605.76,10670.361044921874,8936.497255859376,11842.78745739684,11446.40073090806,10658.399486317023,9400.095453567224,11920.657142857144,11744.905098039215,11991.385649589645,12247.996079231214,11883.24755494393,12138.381911712422,11993.326147186148,12098.261285283344,11801.630463098398,11990.02478278855,12141.99737385824,11968.345313211628,11439.700602889694,11623.06587368001,11815.59554719942,11677.5,12029.0,11947.5,48.718653481747474,92.37389533846545,-67.44832393081563,159.82221926928108,30.098452883263008,36.39943741209564,-6.300984528832629,3.5165215939376915,5.643198217507146,-68.77637130801688,-1.0965837199493884,2.670753064798599,-130.0,7414.84217592045,122.92941176470958,50.76209234941971,-0.8539555298817901,-0.386372889044315,0.2203936788069516,0.24611167443908924,3.0033165954613534,-64.33261667542138,-251.33261667542138,-1157.2800308008214,-1184.208014916094,165.83333333333334,0,1,0,165.83333333333334,1,0,0,0,0,324.21739928421175,187.0,11387.988742670554,11886.500000000002,12385.01125732945,8.387856094383514,0.3380177000764576,11215.365734109495,11842.78745739684,12470.209180684185,11318.0,11929.0,12540.0,3.9343635156071843,0.2676849240506855,11112.72298705751,11886.500000000002,12630.97298705751,8567032.0,61.518571316798074,0.25391266672398505,4959862.308518856,136678.80530119315,4207816.099868661,11722.0,53783780.41814958,973.0702229240585,-15.27398945436186,-2.974382386157032,-12.299607068204828,0.7102944719900361,-0.6479291996941703,249.25562866472384,62128.3684210467,11813.0,11813.0,1.0384137263674775,0.9545505087741071,0.423567506176397,62128.3684210467,11988.971428571429,15.25,3.3307767078653865,187.67555555555566,0.008168529664660307,-0.03489999176886982,0.026707530647986033,0.24740677695622115,0.8329645695142318,,0.008135347801769952,-0.024598832130212855,-0.050376962286472704,-0.05987659117630462,0.2609824749244012
2026-09-11 00:00:00+05:30,11599.0,11830.0,11595.0,11763.0,246099,0.0,0.0,11883.25,11616.060000000001,10700.993417968748,8955.563508300784,11835.188651930473,11458.81638851951,10680.272763815696,9423.606941591432,11908.89523809524,11751.071372549019,11962.759525635345,12240.905394221383,11845.895580419185,12116.84843349857,11894.31173160173,12079.389238310709,11799.233509011461,11894.403374903926,12122.15433958929,11964.958950940456,11448.601563909955,11632.593967252144,11756.747640046895,11744.0,12085.0,11947.5,49.6877248875025,76.28711534753893,-66.82808313739372,143.11519848493265,29.62025316455696,31.082981715893105,-1.462728551336145,8.452774664603924,4.43831503794572,-65.56962025316454,-3.5028712059064806,-0.5495434562056138,-427.0,7367.842410551661,4.7264705882353155,51.0759255701905,-1.198394101668654,-0.8539555298817901,0.20643378575631033,0.24148144506941113,2.307039549623287,-31.85652857893183,-266.85652857893183,-1155.5494653262472,-1170.4999082731777,71.99999999999997,0,1,0,71.99999999999997,1,0,0,0,0,317.84472790676807,235.0,11382.291392612358,11883.25,12384.208607387642,8.43134003555663,0.3799801039180962,11222.759473718113,11835.188651930473,12447.617830142834,11355.0,11947.5,12540.0,4.183341336850768,0.23641304872305993,11155.287123436692,11883.25,12599.287123436692,8813131.0,67.1359612317352,0.22338561051476044,5065632.517029494,145117.69735503476,4942665.514173138,11729.333333333334,53863539.582328685,973.0702229240585,-12.487007313173596,-0.14992019597501205,-12.337087117198584,1.1314449175802703,-0.48007958432761494,250.47930369382098,62739.8815789414,11794.5,11794.5,1.0602573939917288,0.938021206390769,0.3932146340931242,62739.8815789414,11960.185714285715,-3.25,3.3208819290182525,172.02666666666653,0.0032409381663112136,-0.02446508542046777,-0.005495434562056145,0.220418114851896,0.8774236958867483,,0.0032356976459611297,-0.024598832130212855,-0.050376962286472704,-0.05987659117630462,0.2609824749244012
2026-09-14 00:00:00+05:30,11763.0,11763.0,11763.0,11763.0,0,0.0,0.0,11881.95,11629.900000000001,10727.630263671872,8974.761000976565,11828.31354222281,11470.745157597177,10701.712907106474,9446.884484461169,11897.442857142858,11756.833725490196,11937.514471553615,12233.624980424578,11815.1600000196,12095.97711696836,11808.32064935065,12057.752091144148,11789.694326402692,11841.507815389266,12102.854169409318,11970.503795849228,11451.579159271012,11641.502445764365,11736.745903512903,11763.0,12085.0,12045.0,49.6877248875025,62.81414395467618,-64.24084362420518,127.05498757888137,29.056386651323358,29.591697566381107,-0.5353109150577495,13.389027735270156,8.452774664603924,-78.48484848484848,-6.196172248803828,-0.22054457545169226,-777.0,7447.440122508698,-34.52941176470631,48.52716853144103,-1.3426879680702162,-1.198394101668654,0.19211008393247297,0.2349338553922584,0.9248369489457312,-84.73416735337014,-84.73416735337014,-1173.5421983289075,-1162.4186818530131,9.333333333333332,0,1,0,9.333333333333332,1,0,0,0,0,295.14153305628463,2.220446049250313e-16,11379.82798714909,11881.95,12384.072012850911,8.45184524174753,0.381552693413464,11274.210952411626,11828.31354222281,12382.416132033994,11355.0,11947.5,12540.0,4.483514479195823,0.23614267242531906,11174.003220977052,11881.95,12573.503220977052,8813131.0,71.26051510453726,0.24529587383734708,5065632.517029494,135377.4534356948,4236570.440719833,,53863539.582328685,973.0702229240585,-20.0265882215771,-6.151600883502812,-13.874987338074288,0.0,-0.4737892263461442,251.06100642545516,63031.62894736244,11790.0,11790.0,1.0668331363625958,0.9261123557677599,0.35709572594966865,63031.62894736244,11928.428571428572,-1.3,3.3080387357970924,161.55555555555534,0.0,-0.0070904026335780745,-0.002205445754516977,0.20875507372964086,0.831806082077386,,0.0,-0.024598832130212855,-0.050376962286472704,-0.05987659117630462,0.2609824749244012
2026-09-15 00:00:00+05:30,11910.0,12099.0,11692.0,11803.0,231321,0.0,0.0,11890.949999999999,11644.02,10752.625595703124,8994.369936523439,11825.90272867778,11483.774759260032,10723.520572312285,9470.328419939167,11889.92380952381,11763.621960784314,11922.522357245864,12229.256363182041,11800.437610882149,12080.290519344417,11748.861948051948,12036.759496875675,11791.628466954018,11804.030880590288,12095.957927471698,11970.503351858211,11460.325073300166,11652.419473669084,11746.379380601611,11783.0,12085.0,12045.0,50.82224147643551,54.7334496274525,-57.857230361143095,112.5906799885956,27.167028939180838,28.614556251687052,-1.4475273125062138,16.470875029897535,12.770892476590538,-74.44444444444444,-3.1508984983999344,1.5486535317904155,-384.0,7402.372159411017,-11.235294117646845,49.527822562741584,-1.1633576764087223,-1.3426879680702162,0.1781556508266391,0.22654322028532706,-0.670849070565197,257.65642798282533,-149.34357201717467,-1205.525780829295,-1170.1648564900709,-58.66666666666667,0,1,0,-58.66666666666667,1,0,0,0,0,303.13142355226427,407.0,11402.09334250322,11890.949999999999,12379.806657496778,8.22233139483017,0.4100452058376863,11247.048004562901,11825.90272867778,12404.757452792659,11355.0,11947.5,12540.0,4.745801056226118,0.2304248071135531,11160.28171751725,11890.949999999999,12605.031717517251,9044452.0,70.70815614542748,0.2376853355725104,4960486.607938585,85630.2504456127,4953180.377759857,11864.666666666666,53942200.12810782,973.0702229240585,-16.383687600831685,-2.006960210205916,-14.376727390625769,1.3520040632420955,-0.3598191766492544,244.42832874838984,59745.20789473094,11801.5,11801.5,1.1008277315416914,1.1292137405075648,0.25747143258416516,59745.20789473094,11887.871428571429,9.0,3.3027498839045903,157.04444444444417,0.0034004930714952586,0.0019524617996604654,0.015486535317904115,0.19675538656527247,0.8398456914770298,,0.0033947244686275773,-0.024598832130212855,-0.050376962286472704,-0.05987659117630462,0.2609824749244012
2026-09-16 00:00:00+05:30,11840.0,11920.0,11399.0,11510.0,245645,0.0,0.0,11877.75,11654.18,10773.5437890625,9012.307290039062,11795.816754517993,11484.803200073366,10739.094422365508,9490.623659541763,11853.642857142859,11758.366274509803,11856.013870411214,12202.038341093597,11712.602540804883,12031.775536579271,11680.216709956709,12009.455218702866,11732.79391812491,11715.170796724547,12076.50859698261,11954.525730699568,11465.704969527436,11641.733736507194,11729.20759352329,11656.5,12025.0,11969.5,43.147183599110356,24.405458919483863,-70.5481768552894,94.95363577477326,18.933005190673903,25.052140260392697,-6.119135069718794,11.534621959231304,13.798174908132996,-90.27169149868537,-5.329823984207929,-2.242228639374894,-648.0,7272.11060978318,-21.417647058824514,44.687694734706916,-1.3248424654076056,-1.1633576764087223,0.1617463044937928,0.21611530584458982,-2.494852618714341,125.99122398527834,-395.00877601472166,-1249.4917052331793,-1193.8628548126385,-239.66666666666666,0,1,0,-239.66666666666666,1,0,0,0,0,318.69346472710254,521.0,11362.075735208362,11877.75,12393.424264791638,8.683029442304107,0.14342800765072883,11172.852956509292,11795.816754517993,12418.780552526694,11355.0,11947.5,12540.0,5.228104911200558,0.24306848611568116,11118.500824773726,11877.75,12640.000824773726,8798807.0,63.503396733106705,0.18947862955137132,4819511.838264881,12638.945194798522,-6036414.676205835,11609.666666666666,53332406.13505521,973.0702229240585,-12.776544568274796,1.28014625788078,-14.056690826155576,1.4299177598643922,-1.4262879693970834,257.83713239581925,66479.98684209923,11801.5,11801.5,0.9255106408896714,0.7849624329930351,0.1563419991747111,66479.98684209923,11805.42857142857,-13.2,3.2948365618498734,162.57777777777773,-0.024824197237990342,-0.010318142734307867,-0.02242228639374899,0.0994889430195347,0.7042964212311447,,-0.02513751371314069,-0.024598832130212855,-0.050376962286472704,-0.05987659117630462,0.2609824749244012
2026-09-17 00:00:00+05:30,11500.0,11666.0,11356.0,11620.0,132173,0.0,0.0,11867.45,11663.9,10795.187705078126,9031.040109863281,11779.072301706756,11490.105035364606,10756.53809717015,9511.81148382493,11829.095238095239,11757.02588235294,11818.386615923788,12184.307228291314,11669.739544763412,11998.59170127593,11622.452727272726,11980.644328808447,11718.545563631355,11664.392625607925,12050.449436316627,11949.717732261835,11472.769461997777,11640.169679788969,11697.655511491706,11565.0,12025.0,11948.0,46.41871232787446,9.141016525269151,-68.65009539960329,77.79111192487244,19.19372045138916,21.764584860414633,-2.5708644090254715,10.8049906571603,12.93682921542971,-77.7027027027027,-4.354267840974566,-1.7419245729748012,-529.0,7431.405890654998,-76.1117647058818,47.024846056826014,-1.6418195895689527,-1.3248424654076056,0.14502157424018947,0.2038166351018648,-4.0793496750680704,-103.15037944119103,-413.15037944119103,-1270.2439115215611,-1225.636846995903,-352.8333333333333,0,1,0,-352.8333333333333,1,0,0,0,0,318.07250296088097,310.0,11339.344159332295,11867.45,12395.555840667706,8.900072731171493,0.26571931141005783,11156.390770175074,11779.072301706756,12401.753833238437,11355.0,11947.5,12540.0,5.5836988831876715,0.24527716070060976,11095.180217086954,11867.45,12634.930217086954,8930980.0,54.90858982341341,0.203903823153964,4912459.30278101,11204.064011434093,-3097065.436747859,11547.333333333334,53458722.64244009,974.0259136277944,-14.446248101873838,-0.31164582057460954,-14.134602281299228,0.8096811581418372,-0.937122754359769,264.05292033385274,69723.94473683597,11790.0,11790.0,0.9378208277164339,0.6256537312408684,0.11590495819852084,69723.94473683597,11752.385714285714,-10.3,3.2901920890919008,165.1333333333331,0.009556907037358897,-0.008955223880596996,-0.017419245729748067,0.05881816939268303,0.7757983804537532,,0.009511528689973972,-0.024598832130212855,-0.050376962286472704,-0.05987659117630462,0.2609824749244012
2026-09-18 00:00:00+05:30,11648.0,11896.0,11515.0,11896.0,162844,0.0,0.0,11876.050000000001,11668.8,10819.59162109375,9051.267158203123,11790.208272972779,11506.02248495815,10779.101699206385,9535.534752642592,11831.814285714287,11766.127843137254,11835.853769362211,12188.29429835996,11707.091774563567,11998.399211684002,11608.293852813851,11958.455110967465,11722.05982738723,11691.117137454788,12048.588674108132,11953.548883742993,11471.881092529067,11656.92132248378,11691.950083214333,11758.0,11848.5,11854.5,53.62890954081396,19.094618449742484,-46.95719478010396,66.05181322984645,28.729364420333027,22.28536335413203,6.444001066200997,25.145417159572737,15.82834325865478,-45.83751253761284,-1.3435063858019571,1.4670760832480383,-162.0,7634.629066741018,-88.79117647058774,53.508858579933026,-1.370906069936043,-1.6418195895689527,0.13119431236157109,0.1903872145011581,-5.0487588412815665,108.72824619326457,-272.27175380673543,-1234.004494553211,-1246.5002514819976,-395.8333333333333,0,1,0,-395.8333333333333,1,0,0,0,0,322.5673241779609,381.0,11352.19526923264,11876.050000000001,12399.904730767363,8.822036464436602,0.5190415384535856,11154.258315872687,11790.208272972779,12426.158230072871,11355.0,11947.5,12540.0,5.620048598029806,0.25795042529401013,11072.744489449182,11876.050000000001,12652.744489449182,9093824.0,48.54895681986707,0.2486644249913729,5075303.30278101,61412.515889927745,3766078.7685018345,11769.0,53845512.17772408,974.0259136277944,-14.397803074134512,-0.21056063426822647,-14.187242439866285,0.9997943239551197,0.07616615381434255,261.92736538368047,68605.94473683606,11801.5,11801.5,0.8610336928838854,0.607441419445619,0.06609722948911909,68605.94473683606,11743.342857142858,8.6,3.2921592826042945,167.35555555555572,0.02375215146299481,0.011306639462722146,0.014670760832480312,0.08396737892386907,0.777830317998959,,0.023474457734088752,-0.024598832130212855,-0.050376962286472704,-0.05987659117630462,0.2609824749244012
2026-09-21 00:00:00+05:30,11787.0,11787.0,10900.0,10911.0,565241,0.0,0.0,11845.699999999999,11652.099999999999,10834.111513671876,9066.005358886718,11706.474151737277,11482.688269861752,10781.713546746852,9549.220974009333,11739.904761904763,11736.41019607843,11672.013014971784,12115.78517803754,11483.036637299507,11886.090479935638,11522.75411255411,11913.309314802846,11628.899392892326,11534.058362459094,11976.055784927421,11840.324311802246,11442.582398669732,11587.50809725337,11599.583917287795,11403.5,11534.5,11624.0,35.3476427651089,-51.90007654902911,-94.36151182310044,42.46143527407134,25.73981775599058,24.554300875904254,1.1855168800863254,25.145417159572737,20.365274992101924,-99.24033149171271,-7.9007343631299065,-5.2700121548880015,-936.0,7409.259278229497,-166.4705882352937,39.582087706942765,-1.4877997522439106,-1.370906069936043,0.10984688145327937,0.17538522100618448,-8.130591103781017,124.90992530851145,-762.0900746914886,-1214.5012242318933,-1245.4149569357696,-596.0,0,1,0,-596.0,1,0,0,0,0,370.6696581652494,996.0,11182.6588089322,11845.699999999999,12508.741191067798,11.19463081232514,-0.2048581691393144,10941.376571503859,11706.474151737277,12471.571731970695,10900.0,11720.0,12540.0,6.207503206536744,0.3995583222562148,11002.929701455954,11845.699999999999,12694.429701455954,8528583.0,42.96591929685808,0.13106371272662767,4524081.808981687,-99019.27599501237,-76309416.05556986,11199.333333333334,49165263.48068306,974.0259136277944,1.1152084846539396,12.24196073961618,-11.126752254962241,2.8138998161041764,-2.819432676557256,331.5205955338999,109905.90526315165,11801.5,11801.5,-0.6381406730108284,2.8076596128033806,-0.1197603654719243,109905.90526315165,11528.314285714285,-30.35,3.2833058560408785,189.1466666666667,-0.08280094149293882,-0.07243050242285132,-0.05270012154888004,0.003356476159823485,0.6050892276988935,,-0.08643075448489229,-0.024598832130212855,-0.050376962286472704,-0.05987659117630462,0.2609824749244012
2026-09-22 00:00:00+05:30,10962.0,11111.0,10835.0,10989.0,232724,0.0,0.0,11808.7,11638.96,10849.634999999998,9080.999890136718,11638.14328014325,11463.327945553447,10785.818228989488,9563.547133471928,11658.314285714287,11710.406274509804,11545.140986865586,12052.996428092792,11321.196551174893,11790.584015089284,11404.397748917747,11851.814736048265,11573.147795673825,11421.100423177275,11906.563401204778,11802.4203329945,11432.415135899846,11534.655114257237,11458.68133600631,10950.0,11530.0,11591.5,37.17401657551589,-100.7090247497872,-114.53636801908684,13.827343269299629,21.700203124835966,25.38979510038652,-3.689591975550556,23.523243508108123,24.60469260908453,-89.82154659616656,-6.7147707979626485,-6.309148264984227,-791.0,7660.043791859864,-330.4999999999982,38.788940324982846,-1.7785892409507371,-1.4877997522439106,0.08445928537197389,0.15881795080479785,-10.226785309710593,-454.93434973556214,-730.9343497355621,-1258.6480219414893,-1237.6505618388765,-758.8333333333333,0,1,0,-758.8333333333333,0,0,0,1,0,363.9075397248745,276.0,11043.517091009933,11808.7,12573.882908990068,12.959646853422772,-0.03562356814914228,10893.34070755111,11638.14328014325,12382.945852735389,10835.0,11687.5,12540.0,6.6619930331951025,0.393797321504793,10986.470864479516,11808.7,12653.470864479517,8761307.0,43.40538249416137,0.09368538110791365,4551064.30173531,-147063.37261769734,-62814860.61905988,10978.333333333334,49331632.0261876,974.7407885246874,0.8062174969588755,9.546375801536895,-8.740158304578019,1.0875405565932414,-2.1424942725965717,382.5914544950333,146376.22105262513,11801.5,11801.5,-0.7466800606019494,1.420511216578049,-0.12273896663934729,146376.22105262513,11357.542857142858,-37.0,3.278174922101488,211.23555555555552,0.007148748968930363,-0.06896551724137934,-0.06309148264984232,0.019813465732448687,0.6109194066157329,,0.007123317791825263,-0.024598832130212855,-0.050376962286472704,-0.05987659117630462,0.2609824749244012
2026-09-23 00:00:00+05:30,10989.0,11072.0,10801.0,10849.0,174209,0.0,0.0,11761.150000000001,11623.44,10863.88,9096.232546386718,11562.986777272465,11439.236653570959,10787.069353167914,9576.337709258276,11566.914285714287,11679.42745098039,11410.843104566726,11982.63434645892,11154.71784326879,11686.056367437553,11254.432164502163,11773.68088989442,11510.826451925137,11283.186097160391,11826.776601157533,11765.945252675041,11422.581885084935,11472.074863083324,11264.457615003685,10919.0,11453.5,11574.5,35.249270020916846,-148.9700636563648,-130.23792554053153,-18.73213811583326,4.680300495162848,17.37344045866313,-12.69313996350028,2.5844481171306155,17.084369594937158,-96.89722042663219,-6.7153912295786755,-8.059322033898304,-781.0,8082.35204688194,-450.5852941176472,36.73386355963182,-2.144634015387711,-1.7785892409507371,0.05548020912276019,0.1404942319509988,-12.291703160924136,-391.51515691619716,-662.5151569161972,-1359.2556404178736,-1256.593104552975,-860.6666666666665,0,1,0,-860.6666666666665,0,0,0,1,0,357.27128688738344,271.0,10883.728352575918,11761.150000000001,12638.571647424085,14.92067778106875,-0.01979000214883709,10837.498735403386,11562.986777272465,12288.474819141544,10801.0,11670.5,12540.0,7.132218275648252,0.3935835266293284,10962.52398481462,11761.150000000001,12586.273984814621,8587098.0,36.13844260926237,0.08228160102226373,4438567.715019443,-189142.7467713263,-57325489.10205133,10907.333333333334,49109689.53824511,973.4667872506861,-1.4479160046592332,5.833793839935029,-7.281709844594262,0.8073851065072248,-2.079160008595347,438.7108237120422,192467.1868420986,11791.5,11791.5,-0.7446272870347382,0.4880120255596538,0.033183312658337516,192467.1868420986,11178.442857142858,-47.55,3.2740515577718416,243.57333333333347,-0.012740012740012685,-0.0574283231972198,-0.08059322033898308,-0.001288778422167014,0.5516977273893873,,-0.01282186262447333,-0.024598832130212855,-0.050376962286472704,-0.05987659117630462,0.2609824749244012
2026-09-25 00:00:00+05:30,10782.0,10805.0,10332.0,10607.0,440536,0.0,0.0,11698.750000000002,11601.96,10874.964999999998,9110.08021484375,11471.94041753223,11406.599922058373,10783.503623402212,9586.59305543481,11456.99523809524,11639.56705882353,11251.911340557303,11897.331041811185,10958.758833615617,11561.782354445122,11068.983376623373,11676.59444516268,11386.931936530027,11108.692183145116,11735.138303072925,11655.841121815434,11394.924029160877,11387.522982561939,11049.835730277353,10728.0,11251.5,11221.0,32.15047096161104,-204.38859768680413,-148.5251676567767,-55.86343003002744,9.582683208373421,11.987728942790744,-2.405045734417323,2.5844481171306155,9.564046580789785,-84.53318335208098,-9.535181236673774,-10.52720371151413,-1118.0,8305.874545993802,-605.3794117647049,40.03580731441623,-2.541118927217533,-2.144634015387711,0.022347300376135415,0.12004017801986826,-14.468584578446052,-536.1558487853126,-1009.1558487853126,-1434.375738585497,-1314.114047922686,-884.5,0,1,0,-884.5,0,0,0,1,0,368.6804806811418,517.0,10682.849492024327,11698.750000000002,12714.650507975677,17.367676170115185,-0.03733116157972365,10717.070284412588,11471.94041753223,12226.810550651873,10332.0,11436.0,12540.0,7.628869883265306,0.39730025695755544,10866.319924011119,11698.750000000002,12559.319924011119,8146562.0,27.52577307316399,0.07817183549112239,4510282.877810141,-166343.78014883213,-64366092.373186864,10581.333333333334,48127020.97893089,973.4667872506861,5.579119662001681,10.288663605276756,-4.709543943275074,1.8123146694575265,-2.149324646318895,507.9502539878376,258013.46052630869,11771.5,11771.5,-0.7544613266916818,0.04456823166025459,0.37200806853367696,258013.46052630869,10973.485714285714,-62.4,3.265845806016583,278.35333333333307,-0.02230620333671307,-0.08717728055077456,-0.10527203711514133,-0.03449845257600581,0.5196208100074551,,-0.022558749316980462,-0.024598832130212855,-0.050376962286472704,-0.05987659117630462,0.2609824749244012
