Date,Open,High,Low,Close,Volume,Dividends,Stock Splits,SMA_20,SMA_50,SMA_100,SMA_200,EMA_20,EMA_50,EMA_100,EMA_200,WMA_20,WMA_50,DEMA_20,DEMA_50,TEMA_20,TEMA_50,HMA_20,HMA_50,KAMA_10,ZLMA_20,ZLMA_50,VWMA_20,VWMA_50,MCGD_14,ALMA_10,MIDPOINT_2,MIDPOINT_14,MIDPRICE_14,RSI_14,MACD_12_26_9,MACDh_12_26_9,MACDs_12_26_9,STOCHk_14_3_3,STOCHd_14_3_3,STOCHh_14_3_3,STOCHRSIk_14_14_3_3,STOCHRSId_14_14_3_3,WILLR_14,ROC_10,ROC_20,MOM_10,CCI_20,AO_5_34,UO_7_14_28,FISHERT_9_1,FISHERTs_9_1,TRIX_18_9,TRIXs_18_9,COPPOCK_10_14_11,BULLP_13,BEARP_13,RVGI_14_4,RVGIs_14_4,SQZ_20_2_20_1.5,SQZ_ON,SQZ_OFF,SQZ_NO,SQZPRO_20_2_20_2.0_1.5_1.0,SQZPRO_ON_WIDE,SQZPRO_ON_NORMAL,SQZPRO_ON_NARROW,SQZPRO_OFF,SQZPRO_NO,ATR_14,TR,BBL_20_2.0_2.0,BBM_20_2.0_2.0,BBU_20_2.0_2.0,BBB_20_2.0_2.0,BBP_20_2.0_2.0,KCLe_20_2,KCBe_20_2,KCUe_20_2,DCL_20_20,DCM_20_20,DCU_20_20,UI_14,HIST_VOL_20,ACCBL_20,ACCBM_20,ACCBU_20,OBV,MFI_14,CMF_20,AD,ADOSC_3_10,EFI_13,VWAP,PVT,NVI,PVO_12_26_9,PVOh_12_26_9,PVOs_12_26_9,RVOL_10,ZSCORE_20,STDEV_20,VARIANCE_20,MEDIAN_20,QUANTILE_20,SKEW_20,KURT_20,CORRELATION_20,COVARIANCE_20,LINREG_20,SLOPE_20,ENTROPY_10,MAD_30,RETURN_1D,RETURN_5D,RETURN_20D,RETURN_60D,RETURN_120D,RETURN_252D,LOG_RETURN,QOQ_RETURN,QOQ_VOLUME_GROWTH,QOQ_VOLATILITY,QOQ_HL_RANGE
2025-11-07 00:00:00+05:30,1252.89306640625,1315.5377197265625,1252.89306640625,1315.5377197265625,1256400,0.0,0.0,,,,,,,,,,,,,,,,,,,,,,,,,,,,,,,,,,,,,,,,,,,,,,,,,,,,,0,0,1,,0,0,0,0,1,,62.6446533203125,,,,,,,,,,,,,,,,,,,,1256400.0,,,1294.6561686197917,,1000.0,,,,,,,,,,,,,,,,,,,,,,,,,-0.0903133324064499,-0.3166057625575093,-0.29870186436711244,0.07041519148236808
2025-11-10 00:00:00+05:30,1321.5037882572592,1381.2647705078125,1317.5263502188627,1381.2647705078125,303811,0.0,0.0,,,,,,,,,,,,,,,,,,,,,,1319.400691981069,,1348.4012451171875,,,100.0,,,,,,,,,,,,,,,,,,,,,,,,,,0,0,1,,0,0,0,0,1,,65.72705078125,,,,,,,,,,,,,,,,,303811.0,,,1560211.0,,,1360.018630411496,1517904.1030501856,1004.9962117996063,,,,,,,,,,,,,,,,,,0.04996211799606276,,,,,,0.04875408541961389,-0.0903133324064499,-0.3166057625575093,-0.29870186436711244,0.07041519148236808
2025-11-11 00:00:00+05:30,1416.9624041706952,1450.27345016348,1357.300829258245,1447.886962890625,1043189,0.0,0.0,,,,,,,,,,,,,,,,,,,,,,1325.7291352097784,,1414.5758666992188,,,100.0,,,,,,,,,,,,,,,,,,,,,,,,,,0,0,1,,0,0,0,0,1,,92.97262090523509,,,,,,,,,,,,,,,,,1347000.0,,,2549845.3675191132,,,1418.4870807707832,6549491.075624804,1004.9962117996063,,,,,,,,,,,,,,,,,,0.04823274567288016,,,,,,0.04710564680722714,-0.0903133324064499,-0.3166057625575093,-0.29870186436711244,0.07041519148236808
2025-11-12 00:00:00+05:30,1441.8213782157802,1451.7649739276133,1375.497643370568,1425.1160888671875,523812,0.0,0.0,,,,,,,,,,,,,,,,,,,,,,1331.0455587725005,,1436.5015258789062,,,97.40666509788309,,,,,,,,,,,,,,,,,,,,,,,,,,0,0,1,,0,0,0,0,1,,76.26733055704517,,,,,,,,,,,,,,,,,823188.0,,,2707602.7100578584,,,1417.4595687217898,5725693.543795941,1003.4235148552276,,,,,,,,,,,,,,,,,,-0.015726969443786376,,,,,,-0.015851950340133408,-0.0903133324064499,-0.3166057625575093,-0.29870186436711244,0.07041519148236808
2025-11-13 00:00:00+05:30,1407.0187610530263,1429.889030667316,1353.9199368895809,1411.2945556640625,599071,0.0,0.0,,,,,,,,,,,,,,,,,,,,,,1335.580927433831,,1418.205322265625,,,95.78295665854418,,,,,,,,,,,,,,,,,,,,,,,,,,0,0,1,,0,0,0,0,1,,75.96909377773522,,,,,,,,,,,,,,,,,224117.0,,,3013412.0642821416,,,1398.3678410736532,5144682.650563302,1003.4235148552276,,,,,,,,,,,,,,,,,,-0.009698531446734049,,,,,,-0.009745868518217338,-0.0903133324064499,-0.3166057625575093,-0.29870186436711244,0.07041519148236808
2025-11-14 00:00:00+05:30,1380.1710580142824,1481.7945556640625,1374.2049007029816,1481.7945556640625,477485,0.0,0.0,,,,,,,,,,,,,,,,,,,,,,1342.473616275134,,1446.5445556640625,,,96.13670530735384,,,,,,,,,,,,,,,,,,,,,,,,,,0,0,1,,0,0,0,0,1,,107.5896549610809,,,,,,,,,,,,,,,,,701602.0,,,3490897.0642821407,,,1445.9313373437024,7529917.7076177485,1008.4189284432031,,,,,,,,,,,,,,,,,,0.04995413587975417,0.12637937585860848,,,,,0.04874648310090818,-0.0903133324064499,-0.3166057625575093,-0.29870186436711244,0.07041519148236808
2025-11-17 00:00:00+05:30,1526.3419586110867,1555.8743896484375,1488.7551178528358,1555.8743896484375,410686,0.0,0.0,,,,,,,,,,,,,,,,,,,,,,1350.922374096745,,1518.83447265625,,,96.47163651178886,,,,,,,,,,,,,,,,,,,,,,,,,,0,0,1,,0,0,0,0,1,,74.079833984375,,,,,,,,,,,,,,,,,1112288.0,,,3901583.064282142,,,1533.5012990499035,9583073.4965505,1013.4182607528819,,,,,,,,,,,,,,,,,,0.04999332309678817,0.12641285209672803,,,,,0.04878380519377392,-0.0903133324064499,-0.3166057625575093,-0.29870186436711244,0.07041519148236808
2025-11-18 00:00:00+05:30,1633.63330078125,1633.63330078125,1528.3306019770057,1633.63330078125,859551,0.0,0.0,,,,,,,,,,,,,,,,,,,,,,1360.3655444839778,,1594.7538452148438,,,96.78655852685303,,,,,,,,,,,,,,,,,,,,,,,,,,0,0,1,,0,0,0,0,1,,105.3026988042443,,,,,,,,,,,,,,,,,1971839.0,,,4761134.064282142,,,1598.5324011798355,13878905.490945797,1013.4182607528819,,,,,,,,,,,,,,,,,,0.049977627789337564,0.1282878723624894,,,,,0.04876885707513992,-0.0903133324064499,-0.3166057625575093,-0.29870186436711244,0.07041519148236808
2025-11-19 00:00:00+05:30,1685.439417677234,1685.439417677234,1561.2438870481426,1591.6712646484375,267228,0.0,0.0,,,,,,,,,,,,,,,,,,,,,,1369.181458145703,,1612.6522827148438,,,92.01375535597118,,,,,,,,,,,,,,,,0.0,,,,,,,,,,0,0,1,,0,0,0,0,1,,124.19553062909131,,,,,,,,,,,,,,,,,1704611.0,,,4624845.514682412,,,1612.784856457938,13192494.961340614,1010.8496282383056,,,,,,,,,,,,,,,,,,-0.025686325145762523,0.11687130408698376,,,,,-0.02602197908099525,-0.0903133324064499,-0.3166057625575093,-0.29870186436711244,0.07041519148236808
2025-11-20 00:00:00+05:30,1570.0937374428809,1671.2200556399723,1526.9385084768342,1666.844970703125,359370,0.0,0.0,,,,,,,,,,,,,,,,,1491.0918579101562,,,,,1378.8611329532198,1578.416802411298,1629.2581176757812,,,92.70754283099052,,,,,,,,,,,,,,,,0.27853245796944487,0.0,,,,,,,,,0,0,1,,0,0,0,0,1,,144.28154716313816,,,,,,,,,,,,,,,,,2063981.0,,,4962420.984409222,1384880.7767743655,,1621.6678449399772,14889778.52390088,1010.8496282383056,,,,0.5890729162346738,,,,,,,,,,,,,,0.04722941710661055,0.18107517953175778,,,,,0.04614802642088443,-0.0903133324064499,-0.3166057625575093,-0.29870186436711244,0.07041519148236808
2025-11-21 00:00:00+05:30,1638.7045989948158,1773.937502795359,1591.074750512238,1685.340087890625,1236557,0.0,0.0,,,,,,,,,,,,,,,,,1537.18492643191,,,,,1388.6696767976168,1615.205049875713,1676.092529296875,,,92.87162086550778,,,,,,,,,,28.110358419895917,,369.8023681640625,,,,0.7046160932357644,0.27853245796944487,,,,,,,,,0,0,1,,0,0,0,0,1,,182.86275228312093,,,,,,,,,,,,,,,,,3300538.0,,,5000748.687141166,1239049.2304930985,,1683.4507803994074,16261847.734055202,1010.8496282383056,,,,2.033556660680573,,,,,,,,,,,,,,0.01109588324803723,0.1373642057520883,,,,,0.011034775549254923,-0.0903133324064499,-0.3166057625575093,-0.29870186436711244,0.07041519148236808
2025-11-24 00:00:00+05:30,1690.4112251264664,1713.4803179990097,1567.1106416466537,1581.429443359375,390328,0.0,0.0,,,,,,,,,,,,,,,,,1540.599560177308,,,,,1396.8559245441652,1630.8747771216504,1633.384765625,,,81.74359951628395,,,,,,,,,,14.491405060448573,,200.1646728515625,,,,1.010457267944948,0.7046160932357644,,,,,,,,,0,0,1,,0,0,0,0,1,,146.369676352356,,,,,,,,,,,,,,,,,2910210.0,,,4686789.36368956,966853.8831440606,,1620.6734676683461,13855257.257152837,1004.6840688192981,,,,0.6329016841630432,,,,,,,,,,,,,,-0.06165559419007516,0.01642488229188732,,,,,-0.06363822699340423,-0.0903133324064499,-0.3166057625575093,-0.29870186436711244,0.07041519148236808
2025-11-25 00:00:00+05:30,1587.992236892236,1624.7835410656942,1489.7494626006664,1610.16650390625,552905,0.0,0.0,,,,,,,,,,,,,,,,,1544.9427328681058,,,,,1405.4858623292166,1633.0124563586078,1595.7979736328125,,,82.37265481063204,,,,,,,,,,11.208025569319515,,162.279541015625,,,,0.9678759232318135,1.010457267944948,,,,102.64087843047787,-32.393200034549864,,,,0,0,1,,0,0,0,0,1,,135.03407846502773,,,,,,,,,,,,,,,,,3463115.0,,,5119993.721858829,905443.1838147612,17848836.358011883,1574.899835857537,14859972.613148598,1004.6840688192981,,,,0.9739399009299464,,,,,,,,,,,,,,0.01817157298262373,-0.014364788513907878,,,,,0.01800844320284471,-0.0903133324064499,-0.3166057625575093,-0.29870186436711244,0.07041519148236808
2025-11-26 00:00:00+05:30,1625.6784125535671,1628.7609028063323,1562.138814596305,1586.997802734375,203120,0.0,0.0,,,,,,,,,,,,,,,,,1547.5558321413378,,,,,1413.4617272056619,1622.2333505690385,1598.5821533203125,1500.4389038085938,1513.4152846008046,79.97989810120784,,,,,,,,,-35.877880465722875,11.35919488466837,,161.8817138671875,,,,0.9002763795163233,0.9678759232318135,,,,97.35322015695056,30.73113194692337,,,,0,0,1,,0,0,0,0,1,104.27990072814568,66.62208821002719,,,,,,,,,,,,,,,,,3259995.0,,,5068455.811411069,781609.1822362375,14626713.080862865,1592.6325067123373,14567703.051546462,1003.2451678661564,,,,0.37921692600919926,,,,,,,,,,,,,,-0.014389009531416752,-0.0029361979561117746,,,,,-0.014493535221442895,-0.0903133324064499,-0.3166057625575093,-0.29870186436711244,0.07041519148236808
2025-11-27 00:00:00+05:30,1596.9414284446025,1596.9414284446025,1527.5350836867635,1564.1275634765625,252475,0.0,0.0,,,,,,,,,,,,,,,,,1548.4788198409635,,,,,1420.6385841106473,1605.3498858231846,1575.5626831054688,1533.3024291992188,1545.731926507111,77.58414445299462,,,,,,,,,-45.96950318466014,10.829277786066909,,152.8330078125,,,,0.5488186153417126,0.9002763795163233,,,,60.85947710562323,-8.546867652215724,,,,0,0,1,,0,0,0,0,1,101.78893244455234,69.40634475783895,,,,,,,,,,,,,,,,,3007520.0,69.71370607317931,,5082201.035719483,664267.918212588,11712302.118365854,1562.868025202643,14203861.107552122,1003.2451678661564,,,,0.5039717907541462,,,,,,,,,,,,,,-0.014411008772921674,-0.061623851667040874,,,,,-0.014515855880645532,-0.0903133324064499,-0.3166057625575093,-0.29870186436711244,0.07041519148236808
2025-11-28 00:00:00+05:30,1551.598679272238,1603.4047879908096,1531.01536358338,1539.964599609375,377998,0.0,0.0,,,,,,,,,,,,,,,,,1548.3214484568298,,,,,1426.8116167979526,1586.66749975428,1552.0460815429688,1548.3173217773438,1563.92871984247,75.02706940431317,,,,54.14903735387331,,,,,-55.70550428799703,3.92564837837751,,58.1700439453125,,,,0.059462767011609546,0.5488186153417126,,,,66.7681726132023,-5.621251794227419,,,,0,0,1,,0,0,0,0,1,99.68896758475788,72.38942440742971,,,,,,,,,,,,,,,,,2629522.0,65.11910450993811,,4797664.016989749,465342.1753150346,8734322.956332283,1558.1282503945215,13619922.033198869,1003.2451678661564,,,,0.7698191811442995,,,,,,,,,,,,,,-0.015448205396675463,-0.08625884432809183,,,,,-0.015568772227574652,-0.0903133324064499,-0.3166057625575093,-0.29870186436711244,0.07041519148236808
2025-12-01 00:00:00+05:30,1536.2855303111182,1600.9189021365053,1524.7509836155598,1546.2291259765625,227264,0.0,0.0,,,,,,,,,,,,,,,,,1548.3086329379912,,,,,1432.9962097371442,1570.27441691367,1543.0968627929688,1548.3173217773438,1563.92871984247,75.25478067511811,,,,48.036993252257545,,,0.3391650053659839,,-54.214012770570164,-0.6199256017096872,,-9.645263671875,,,,-0.4455931568817241,0.059462767011609546,,,,62.91192810190432,-13.255990419041154,-7778.28956302511,,,0,0,1,,0,0,0,0,1,98.00889265162843,76.16791852094548,,,,,,,,,,,,,,,,,2856786.0,58.031536297503955,,4698569.688429271,310129.61455906276,7689948.436900886,1557.299670576209,13712372.296060342,1003.6519646437431,,,,0.4807992559865076,,,,,,,,,,,,,,0.004067967775867487,-0.022258544338239816,,,,,0.004059715966115601,-0.0903133324064499,-0.3166057625575093,-0.29870186436711244,0.07041519148236808
2025-12-02 00:00:00+05:30,1513.4152500646646,1543.3454485392583,1497.008317327433,1508.24462890625,289566,0.0,0.0,,,,,,,,,,,,,,,,,1545.562868359349,,,,,1437.3760912525597,1552.981307096251,1527.2368774414062,1548.3173217773438,1563.92871984247,71.02581587410519,,,,42.274306843549155,48.15344581656,-5.879138973010846,0.3391650053659839,,-63.257562410785326,-7.675447838571579,,-125.388671875,,,,-0.9583798017445724,-0.4455931568817241,,,,9.59023809442192,-36.74689311740349,-7724.738066441562,,148.8059285481771,0,0,1,148.8059285481771,0,0,0,0,1,94.52402950859279,49.220808649129594,,,,,,,,,,,,,,,,,2567220.0,59.75274218270436,,4549437.66496347,170988.8672780404,5020095.9632490305,1516.1994649243136,13001027.599864986,1003.6519646437431,,,,0.6966061242620846,,,,,,,,,,,,,,-0.024565891582414956,-0.06329896613346409,,,,,-0.024872667671290063,-0.0903133324064499,-0.3166057625575093,-0.29870186436711244,0.07041519148236808
2025-12-03 00:00:00+05:30,1516.2988916665583,1517.59148624362,1456.736730753916,1504.3665771484375,279344,0.0,0.0,,,,,,,,,,,,,,,,,1543.6220587329228,,,,,1441.36406283352,1536.9357775314934,1506.3056030273438,1583.5673217773438,1574.0712017491703,70.5896687393603,,,,38.36353719384283,42.891612429883175,-4.528075236040344,0.3391650053659839,0.3391650053659839,-67.43781323711599,-5.4850954112866726,,-87.3046875,,,,-1.4515381309100017,-0.9583798017445724,-0.001926675404639866,,,-11.965348016016605,-72.82010350572068,-7688.773503932194,,91.11649576822914,0,0,1,91.11649576822914,0,0,0,0,1,92.11908136438645,60.854755489704075,,,,,,,,,,,,,,,,,2287876.0,62.31514590745839,,4707368.014491743,148773.7757604327,4148180.755608544,1492.8982647153243,12929201.685853943,1003.3948411185876,,,,0.6700621047094372,,,,,,,,,,,,3.3356514644354474,,-0.002571235251555226,-0.05206763704622974,,,,,-0.0025745465542246324,-0.0903133324064499,-0.3166057625575093,-0.29870186436711244,0.07041519148236808
2025-12-04 00:00:00+05:30,1484.5787859405066,1513.7135688723588,1466.68031430827,1492.3348388671875,145729,0.0,0.0,1526.5059875488282,,,,1526.5059875488282,,,,1550.7354579380583,,1526.5059875488282,,1526.5059875488282,,,,1533.7917949224393,1634.1666925603693,,1518.1841224252064,,1444.5323377407694,1521.7798194985196,1498.3507080078125,1588.8374633789062,1615.3371167746375,69.17048997711052,,,,26.842401210084653,35.82674841582555,-8.984347205740896,0.0,0.22611000357732258,-88.77742072184472,-10.469487858989304,,-174.5101318359375,261.891098568334,,,-1.8803028132909663,-1.4515381309100017,-0.006089143371612593,,,-10.525837474071068,-57.55909203815986,-7617.339452894183,-7703.7753594444675,33.27791341145832,0,1,0,33.27791341145832,0,0,0,1,0,88.8986651643652,47.03325456408879,1333.7440157640942,1526.5059875488282,1719.2679593335622,25.255318139204892,0.41136439318072243,1343.0068758905106,1526.5059875488282,1710.0050992071458,1252.89306640625,1513.4152846008046,1773.937502795359,,,1291.4066068096588,1526.5059875488282,1747.1961684258583,2142147.0,58.07850909085246,0.46943798227701933,4720616.2421616735,130376.24023816828,3305101.6208089977,1490.909574015939,12812649.429600561,1002.5950534561911,,,,0.36844111904929255,-0.3545424272771104,96.38098589236697,9289.29444158464,1543.0968627929688,1543.0968627929688,-0.4127266708470207,-0.19039296093094465,,9289.29444158464,1599.1943987165178,,3.305948606032593,,-0.007997876623965228,-0.04589953293182969,,,,,-0.008030031199520072,-0.0903133324064499,-0.3166057625575093,-0.29870186436711244,0.07041519148236808
2025-12-05 00:00:00+05:30,1492.3348941842514,1499.693057911496,1417.2607464995626,1476.2261962890625,426027,0.0,0.0,1534.540411376953,,,,1521.7174360002791,,,,1545.946906389509,,1517.3849369801633,,1513.4650569143441,,,,1518.4856327392292,1609.105383670691,,1543.8444465688722,,1446.6079418534437,1507.2712638014139,1484.280517578125,1580.7831420898438,1595.599124647461,67.22189332418083,,,,20.105555825077616,28.4371647430017,-8.331608917924083,0.0,0.11305500178866129,-83.46809856580643,-12.40781567495317,12.214661286633383,-209.1138916015625,70.41427382281654,,,-2.3110543143403213,-1.8803028132909663,-0.012946331192398297,,,-17.687318426738784,-100.11962983867215,-7665.699290137564,-7667.110545038647,-5.33636474609375,0,1,0,-5.33636474609375,1,0,0,0,0,88.43678275347722,82.43231141193337,1367.066295578778,1534.540411376953,1702.014527175128,21.82726692064101,0.32590081216441347,1339.9930375642903,1521.7174360002791,1703.441834436268,1317.5263502188627,1545.731926507111,1773.937502795359,,0.5176373535254195,1297.7263846103053,1534.540411376953,1758.4628607494099,1716120.0,51.36592883679963,0.39539037023464535,4904080.186845644,169372.48172049038,1852556.1504604467,1464.393333566707,12352785.028335208,1002.5950534561911,,,,1.3547219561708446,-0.6963967513423456,83.73705789908757,7011.894865595144,1543.0968627929688,1543.0968627929688,-0.027662842043927976,-0.6257559352398022,,7011.894865595144,1568.7598964146205,8.034423828125,3.2793173981115507,,-0.010794254853926044,-0.04138952501666615,0.12214661286633377,,,,-0.010852935480659893,-0.0903133324064499,-0.3166057625575093,-0.29870186436711244,0.07041519148236808
2025-12-08 00:00:00+05:30,1456.736740157646,1485.0759873211225,1408.5103020022564,1465.2882080078125,244120,0.0,0.0,1538.7415832519532,,,,1516.3432238105204,,,,1539.3514584495908,,1507.5609612873004,,1499.988426629703,,,,1508.1764777391477,1581.6105768553277,,1547.1410778056959,,1447.8754950234904,1493.7343347896522,1470.7572021484375,1575.3141479492188,1591.2239023988077,65.86508178847929,,,,14.43062873845598,20.45952859120608,-6.028899852750101,0.0,0.0,-84.46259449698091,-7.344066840240925,6.083079746478249,-116.1412353515625,-50.57152801122402,,,-2.737192211222789,-2.3110543143403213,-0.022342867358216,,,-24.862650684194705,-101.42833600306085,-7723.501525669628,-7663.058752610886,-58.07057698567708,0,1,0,-58.07057698567708,1,0,0,0,0,87.58884722243357,76.56568531886614,1383.7030813232034,1538.7415832519532,1693.780085180703,20.151337120700124,0.2631124709980194,1337.3419708791273,1516.3432238105204,1695.3444767419135,1353.9199368895809,1563.92871984247,1773.937502795359,,0.49361005049363654,1301.0449186282287,1538.7415832519532,1764.988211024813,1472000.0,41.13412776546087,0.3776864085391066,5022018.525547957,207453.82630304154,1206450.7433634188,1452.9581657770639,12171906.128751185,1001.8541108886668,,,,0.8141273709808882,-0.947550116007923,77.51925096437488,6009.234270077736,1543.0968627929688,1543.0968627929688,0.1946598418996678,-0.7068717626598255,,6009.234270077736,1540.571208844866,4.201171875,3.267297775017461,,-0.00740942567524272,-0.05234729873402788,0.06083079746478259,,,,-0.007437011819120873,-0.0903133324064499,-0.3166057625575093,-0.29870186436711244,0.07041519148236808
2025-12-09 00:00:00+05:30,1439.9319899429236,1518.3869799826246,1416.067361573845,1497.9031982421875,318389,0.0,0.0,1541.2423950195314,,,,1514.5870308992505,,,,1535.4620884486608,,1505.052237887093,,1497.5200360878473,,1478.3674929294339,,1506.3620210650433,1565.1532451310109,,1557.5502403952855,,1450.9949046512777,1486.375572696341,1481.595703125,1575.3141479492188,1591.2239023988077,67.9428548579248,,,,18.843960023225762,17.793381528919785,1.0505784943059773,2.564530838894554,0.8548436129648512,-75.53742686753536,-6.972155077857644,3.4544295676029773,-112.2633056640625,-104.20160152645212,,,-2.5685456253994983,-2.737192211222789,-0.030758063093772048,,,10.167690514897231,-92.15192789388243,-7638.765073127506,-7672.417692939345,-111.79915364583331,0,1,0,-111.79915364583331,1,0,0,0,0,88.64104516431544,102.31961840877966,1390.8299224188825,1541.2423950195314,1691.6548676201803,19.518340928941658,0.35593217095629043,1333.144065216794,1514.5870308992505,1696.029996581707,1353.9199368895809,1563.92871984247,1773.937502795359,,0.47137683959195187,1303.0974390832732,1541.2423950195314,1769.3774808557437,1790389.0,41.41201791632898,0.31549284275090356,5212928.340500559,264917.15145327337,2517565.512273276,1477.452513266219,12880589.517383017,1001.8541108886668,,,,1.1519005568676484,-0.5762713161748382,75.20623630032449,5655.977978460244,1543.0968627929688,1543.0968627929688,0.1960353083692643,-0.5309272103431445,,5655.977978460244,1523.9014753069196,2.500811767578125,3.2593297498833538,,0.02225841309316068,-0.006856600359029241,0.03454429567602979,,,,0.02201431020493901,-0.0903133324064499,-0.3166057625575093,-0.29870186436711244,0.07041519148236808
2025-12-10 00:00:00+05:30,1505.4604007380435,1553.8856636225444,1479.3086952900787,1537.2799072265625,232797,0.0,0.0,1546.8505859375002,,,,1516.7482572161375,,,,1535.0847086588542,,1510.0769349680356,,1505.8528449838159,,1472.204558898133,,1507.721376697722,1559.9417218782062,,1565.4829576593818,,1455.8865957778048,1489.7735230172289,1517.591552734375,1575.3141479492188,1591.2239023988077,70.29385366610875,,,,25.079359798894572,19.45131618685877,5.628043612035803,8.03082656946761,3.531785802787388,-64.7618992388,-3.132826990821869,7.870503970559553,-49.7178955078125,-205.42376291312576,,,-1.8415378291335993,-2.5685456253994983,-0.03517267861548046,,-8.213240742662629,41.51485733212621,-33.06211100033943,-7499.444801594001,-7648.279548220972,-123.56575520833333,1,0,0,-123.56575520833333,1,1,0,0,0,87.63646824775473,74.57696833246564,1406.651533600273,1546.8505859375002,1687.0496382747274,18.127032256610185,0.46586753422584865,1338.3804371543977,1516.7482572161375,1695.1160772778774,1353.9199368895809,1563.92871984247,1773.937502795359,,0.474080217606898,1308.4346535403777,1546.8505859375002,1774.292104756703,2023186.0,39.766716464752044,0.3232450843083376,5342053.379621653,305426.73769387323,3467453.256439315,1523.4914220463952,13492563.62440094,1004.4828995200406,,,,0.8332900813935882,-0.1365298630966056,70.09952616861352,4913.943569064132,1543.0968627929688,1543.0968627929688,0.24064681960071438,-0.2457370730250148,,4913.943569064132,1511.5529541015624,5.60819091796875,3.2615316642291794,,0.026287886313737907,0.021878530524463757,0.0787050397055955,,,,0.025948298339361943,-0.0903133324064499,-0.3166057625575093,-0.29870186436711244,0.07041519148236808
2025-12-11 00:00:00+05:30,1535.1917842150242,1547.4223342548214,1501.7813265081315,1541.4561767578125,122108,0.0,0.0,1553.3586669921876,,,,1519.1013924105828,,,,1534.570955403646,,1515.194461266798,,1513.8737813278383,,1475.1123415463928,,1508.3574182263376,1558.32324873802,,1577.1388145842004,,1460.7504083438387,1501.930976415161,1539.3680419921875,1537.7273559570312,1560.995310000633,70.54061946245973,,,,34.43125694938136,26.11819225716723,8.313064692214127,17.47202398777977,9.355793798713979,-56.406903045520565,-1.4494589346893583,9.222852916945074,-22.67138671875,-423.10776451332777,,,-1.151200942454485,-1.8415378291335993,-0.036224102643966916,,-10.158752694388543,30.896475040489577,-14.744532706200289,-7341.465821742967,-7556.897849475935,-126.43284098307292,1,0,0,-126.43284098307292,1,1,0,0,0,84.63679249767868,45.641007746689866,1428.398473129177,1553.3586669921876,1678.3188608551982,16.08903294755158,0.45237487288382644,1349.0274584982105,1519.1013924105828,1689.175326322955,1374.2049007029816,1574.0712017491703,1773.937502795359,,0.47141814544556965,1318.7215310906881,1553.3586669921876,1776.9969607992523,2145294.0,21.441584529758487,0.31523664422859377,5432237.651570421,322927.76971291937,3044953.636936824,1530.219945840255,13525736.237763323,1004.754565695577,,,,0.4584766057081666,-0.1905005084646941,62.480096931505315,3903.7625125703,1543.8426513671875,1543.8426513671875,0.5885138783189107,-0.31370012436990635,,3903.7625125703,1496.9955322265625,6.5080810546875,3.2690562003447914,,0.0027166617553626704,0.032915761671765464,0.09222852916945068,,,,0.0027129782994439427,-0.0903133324064499,-0.3166057625575093,-0.29870186436711244,0.07041519148236808
2025-12-12 00:00:00+05:30,1541.2573603282892,1550.2065966140665,1488.5563022009349,1511.8243408203125,214799,0.0,0.0,1554.86015625,,,,1518.4083398781763,,,,1530.6153052920388,,1514.246449885432,,1512.8208719344573,,1480.7709920881525,,1508.4378450292393,1550.6181351119287,,1581.3890757820654,,1463.9299900860965,1513.7943767256072,1526.6402587890625,1537.7273559570312,1518.6356024042943,66.33038858024743,-5.158559133225708,,,41.91289745965952,33.80783806931181,8.105059390347705,15.847075628481528,13.783308728576301,-53.09250533670089,-1.8273315371145877,2.0265822304086027,-28.1402587890625,-582.0678513099751,,,-0.44078429096026595,-1.151200942454485,-0.037051913550179005,,-10.710171001645818,34.35238288459436,-27.29791152853727,-7073.302910255642,-7398.981538342847,-115.41200764973959,1,0,0,-115.41200764973959,1,1,0,0,0,82.99489977735391,61.65029441313163,1432.8333459436049,1554.86015625,1676.8869665563952,15.696178182441633,0.3236624585956578,1352.7890102597194,1518.4083398781763,1684.0276694966333,1408.5103020022564,1591.2239023988077,1773.937502795359,,0.44789537584808947,1328.7528071950808,1554.86015625,1775.5433967666572,1930495.0,22.552424544745765,0.2548702224430521,5379577.420735459,283974.684844777,1700690.4420116972,1516.8624132117711,13112822.213770341,1004.754565695577,-35.94410766026686,0.0,-35.94410766026686,0.8591468567997911,-0.7053501656173684,61.013405153197624,3722.635608388242,1543.8426513671875,1543.8426513671875,0.6258535227707167,-0.19449006394186244,,3722.635608388242,1482.125603376116,1.5014892578125,3.276858719933193,,-0.019223274968364956,0.024114288596650546,0.020265822304086134,,,,-0.019410444677569545,-0.0903133324064499,-0.3166057625575093,-0.29870186436711244,0.07041519148236808
2025-12-15 00:00:00+05:30,1511.824277803737,1533.302419717983,1490.9427273406516,1512.2220458984375,78143,0.0,0.0,1552.6775390625,,,,1517.8191690229633,,,,1526.5545328776043,,1513.5205901605254,,1512.1071106561112,,1487.1676813616068,,1508.5523362859192,1547.3401663289474,,1582.105907604144,,1466.9594598970689,1520.2304876160365,1512.023193359375,1526.1430053710938,1518.6356024042943,66.3594099233455,-5.108424502046319,,,45.86288521034136,40.73567987312741,5.127205337213951,11.548177625973908,14.955759080745068,-52.91193598675448,-2.1993558074161172,-2.805647039402943,-34.007080078125,-540.7967701427556,,,0.10450721253982553,-0.44078429096026595,-0.03762079330451584,-0.024459174281642335,-10.771382276938635,17.9670871072301,-24.392605270101285,-6726.979963141971,-7175.993704788864,-104.82208251953126,1,0,0,-104.82208251953126,1,1,0,0,0,80.09238496306658,42.359692377331385,1429.1744771029307,1552.6775390625,1676.1806010220694,15.90839808684808,0.33621663899593723,1359.904596058201,1517.8191690229633,1675.7337419877256,1408.5103020022564,1591.2239023988077,1773.937502795359,9.212584580217998,0.4108243248708633,1331.2495122106363,1552.6775390625,1771.8502069276453,2008638.0,25.836192595290825,0.20887247447723578,5379944.423841663,242340.22521934845,1462174.3599985866,1512.1557309856908,13114877.867134346,1004.7808719976642,-39.40418284051673,-2.7680601441999,-36.63612269631683,0.33237885481292817,-0.6551334440162515,61.75153097978462,3813.2515783472995,1540.7103881835938,1540.7103881835938,0.702295436962246,-0.2227824986561653,,3813.2515783472995,1474.3085205078123,-2.1826171875,3.2842670121111803,,0.00026306302087264477,0.032030448094873876,-0.028056470394029476,,,,0.00026302842586314824,-0.0903133324064499,-0.3166057625575093,-0.29870186436711244,0.07041519148236808
2025-12-16 00:00:00+05:30,1496.511087045147,1521.370075202043,1465.7853534068677,1514.90673828125,297241,0.0,0.0,1546.7412109375,,,,1517.5417946666096,,,,1522.9573137555806,,1513.4016465162745,,1512.2661261803737,,1493.6905194171059,,1508.604883372141,1545.2550932894346,,1572.2425522646245,,1469.9708345031206,1520.308382153124,1513.5643920898438,1514.7078857421875,1505.957544996533,66.56889266197261,-4.796766073837716,,,49.529124395156515,45.76830235505246,3.7608220401040526,4.108877724671715,10.501376993042385,-45.408185491075095,0.44171278632904754,-7.267638486753519,6.662109375,-572.4939996561013,,67.43904321431124,0.33687408979969036,0.10450721253982553,-0.03773789697530949,-0.02843819890060563,-10.24740426127729,6.095970352647555,-49.4887514425277,-6462.252219027056,-6900.713964594208,-75.40559895833333,1,0,0,-75.40559895833333,1,1,0,0,0,78.34183759393149,55.584721795175255,1428.31310421613,1546.7412109375,1665.16931765887,15.313241269312181,0.3655957882905784,1364.0791387851245,1517.5417946666096,1671.0044505480946,1408.5103020022564,1591.2239023988077,1773.937502795359,9.118496165771889,0.36610771660795477,1332.846790076041,1546.7412109375,1761.0179905407824,2305879.0,19.124051835494022,0.129986115556361,5608059.640078537,275859.13097346574,1367292.4012215843,1500.6873889633869,13167647.938217754,1004.7808719976642,-36.45194748832242,0.14734016639553005,-36.59928765471795,1.2601915379550659,-0.537616846837686,59.21405336068509,3506.304115402061,1538.6222534179688,1538.6222534179688,0.9672376509868758,0.5390765815752135,,3506.304115402061,1475.389519391741,-5.936328125,3.2950884617916576,,0.0017753294829248034,0.01135156134189197,-0.07267638486753514,,,,0.0017737554482164632,-0.0903133324064499,-0.3166057625575093,-0.29870186436711244,0.07041519148236808
2025-12-17 00:00:00+05:30,1531.3137477728756,1550.2065797259177,1493.0309040785537,1506.3553466796875,150234,0.0,0.0,1542.4754150390625,,,,1516.4764186678551,,,,1519.111040969122,,1511.7666587234407,,1510.2239201296493,,1499.100747302827,,1508.593167436319,1542.885641975411,,1569.8841305440894,,1472.3275852854417,1516.5331078952568,1510.6310424804688,1505.7586669921875,1505.957544996533,65.17668552164717,-5.180087534780796,,,50.627996609814524,48.673335405104126,1.9546612047103977,3.169295245075406,6.275450198573676,-49.795888692726855,0.1321997950140424,-5.360146901162676,1.98876953125,-688.6191408867574,,62.81823233260406,0.7050296394722075,0.33687408979969036,-0.03813746561240894,-0.03199912359402744,-9.053696934631274,36.20658318648043,-20.96909246088353,-6468.973112452962,-6653.456731174442,-50.81174723307291,1,0,0,-50.81174723307291,1,1,0,0,0,76.82996888346239,57.17567564736396,1424.7172809317417,1542.4754150390625,1660.2335491463832,15.268721038816505,0.3466345079548545,1366.7386489374899,1516.4764186678551,1666.2141883982204,1408.5103020022564,1591.2239023988077,1773.937502795359,8.94019968862286,0.3567092810763331,1335.770461072911,1542.4754150390625,1747.1866977922205,2155645.0,24.192230682656945,0.14112688677380986,5527847.8754810495,238971.38268517982,988434.9487800524,1516.5309434947196,13082843.393264266,1004.2163889581826,-37.669349565274736,-0.8560495284454248,-36.81330003682931,0.673819859911275,-0.6134619681805816,58.87906705366041,3466.7445371094386,1526.0933227539062,1526.0933227539062,1.1809287828961006,1.0036709815587321,,3466.7445371094386,1472.3822928292411,-4.2657958984375,3.304275085766997,,-0.005644830394816669,-0.020116414975244523,-0.05360146901162677,,,,-0.005660822660724415,-0.0903133324064499,-0.3166057625575093,-0.29870186436711244,0.07041519148236808
2025-12-18 00:00:00+05:30,1499.4941692603566,1536.2854718217843,1481.6951094204992,1528.5294189453125,113748,0.0,0.0,1535.559637451172,,,,1517.6243234561844,,,,1517.7828508649554,,1514.4016926006786,,1514.351379239118,,1506.246459982075,,1509.3535259544476,1546.4996419398065,,1563.456448591783,,1475.7833569426173,1515.4142059539201,1517.4423828125,1505.7586669921875,1504.7146020693808,67.09820780891448,-3.652506418492294,,,55.724378671102485,51.9604998920245,3.7638787790779844,8.357338890953628,5.211837286900249,-37.62278980289061,2.4253658854201814,-8.298045360479257,36.194580078125,-924.3692172653732,,63.73131859229346,0.9373190566927919,0.7050296394722075,-0.036987590574666385,-0.034670374636501675,-6.963164642055871,20.209843510079054,-34.380518891206066,-6352.413555750628,-6490.307363642106,-40.07269287109374,1,0,0,-40.07269287109374,1,1,0,0,0,75.24142556330686,54.59036240128512,1433.3335814018494,1535.559637451172,1637.7856935004945,13.314501574032567,0.46561435128404305,1371.749129433228,1517.6243234561844,1663.4995174791406,1408.5103020022564,1591.2239023988077,1773.937502795359,8.643266767287873,0.31442691693587566,1341.925243719643,1535.559637451172,1730.9186842484892,2269393.0,26.332854173514534,0.10512989128440164,5609273.851453886,228064.53413267713,1207552.2949643754,1515.5033333958654,13250284.387690308,1005.688423582317,-39.61183579625175,-2.238828607537954,-37.3730071887138,0.5175996061168381,-0.13754259486382783,51.11302802466129,2612.5416338498103,1521.7180786132812,1521.7180786132812,1.4154005025822534,2.7232269586699895,,2612.5416338498103,1482.2292776925224,-6.915777587890625,3.3151878186520047,58.61506239149306,0.014720346241344107,-0.008386068969984728,-0.08298045360479256,,,,0.01461305358639346,-0.0903133324064499,-0.3166057625575093,-0.29870186436711244,0.07041519148236808
2025-12-19 00:00:00+05:30,1524.5519761545995,1605.7912222282448,1506.1563249303072,1592.76513671875,376172,0.0,0.0,1530.9308898925783,,,,1524.7805913859524,,,,1523.2309936523438,,1528.3395963579042,,1534.4298404937156,,1520.6947908422956,,1522.1211703806443,1563.046539415033,,1537.0623484932178,,1481.941838678917,1525.265989750867,1560.6472778320312,1529.0266723632812,1507.1507621152505,71.93024007464341,2.710157200623371,,,68.65950363529504,58.33729297207067,10.322210663224368,39.688774707276984,17.071802947768674,-6.602810598497422,7.894382359738846,-5.492953727086738,116.5389404296875,-1366.3111333158197,,66.98625160359286,1.3024751156349532,0.9373190566927919,-0.029804357928242542,-0.035499429144282404,-3.375098259925163,78.7599498583902,-20.87494743954744,-5976.264839051955,-6346.881732414365,-13.88787841796875,1,0,0,-13.88787841796875,1,1,0,0,0,76.98381640149478,99.63489729793764,1451.395302655391,1530.9308898925783,1610.4664771297655,10.39048695957373,0.8887206279232752,1373.8201973084324,1524.7805913859524,1675.7409854634725,1408.5103020022564,1560.995310000633,1713.4803179990097,8.357004760575922,0.35012107382199287,1345.3273883456602,1530.9308898925783,1713.5138651282107,2645565.0,37.00794165228077,0.16747017551563848,5887085.763348911,291264.20131573547,4486998.885150826,1568.237561292434,14831129.22631582,1005.688423582317,-33.35882767210009,3.211343613290964,-36.570171285391055,1.7514693276827713,1.554882511693102,39.76779361859358,1581.477409291052,1521.7180786132812,1521.7180786132812,0.4446799471220932,-0.5327042218471454,,1581.477409291052,1507.831201171875,-4.62874755859375,3.3319442219682696,54.27259060329861,0.042024521724783215,0.05353849234529395,-0.05492953727086736,,,,0.04116547637939867,-0.0903133324064499,-0.3166057625575093,-0.29870186436711244,0.07041519148236808
2025-12-22 00:00:00+05:30,1603.901897726808,1697.8688718961712,1583.0203479113936,1598.8306884765625,957064,0.0,0.0,1531.8009521484378,,,,1531.8329815850582,,,,1529.6976411365329,,1541.4337676922055,,1552.4103619850216,,1539.2869523587576,,1537.4895803432896,1576.0666955384527,,1544.1961258656363,,1488.104379147443,1543.541128021861,1595.7979125976562,1532.0594482421875,1553.1895869492137,72.34327749327342,8.148126760945615,,,73.84919935712878,66.0776938878421,7.77150546928668,73.0221080406103,40.35607387961364,-34.22680152722564,9.113734740984006,1.100349129722958,133.54248046875,-1278.8986551362502,,57.18336489481967,1.7154954562584255,1.3024751156349532,-0.018015771086321575,-0.03408361892123235,0.5661475881008315,160.5805400825011,45.732016097723545,-5751.493669731702,-6146.303928631638,16.390340169270832,1,0,0,16.390340169270832,1,1,0,0,0,79.68843837172926,114.84852398477756,1449.6032324266337,1531.8009521484378,1613.9986718702419,10.73216720573481,0.9077347677951713,1373.3738585654396,1531.8329815850582,1690.2921046046768,1408.5103020022564,1553.1895869492137,1697.8688718961712,7.8709930056812025,0.2666461334699498,1349.0239640683337,1531.8009521484378,1709.3301527589897,3602629.0,55.86560163620506,0.0864849161107052,5193525.503016797,69961.78221079241,4675302.0769205745,1626.5733027613758,15195597.351195687,1005.688423582317,-13.985838625784996,18.06746612768485,-32.053304753469845,3.3455646267777586,1.6309390711806842,41.098859860902074,1689.1162818660675,1521.7180786132812,1521.7180786132812,0.4875065360896049,-0.5848329136911834,,1689.1162818660675,1525.4910191127233,0.870062255859375,3.347739219687776,51.610575358072914,0.0038081896809394333,0.057272437479027216,0.011003491297229662,,,,0.003800956883377578,-0.0903133324064499,-0.3166057625575093,-0.29870186436711244,0.07041519148236808
2025-12-23 00:00:00+05:30,1598.9301585691096,1619.811709147437,1556.272109539883,1607.87939453125,355084,0.0,0.0,1531.6865966796877,,,,1539.0754971037431,,,,1536.9432070777532,,1554.3146747652104,,1569.3472810078572,,1559.6265755102643,,1549.9001310962844,1585.8202370905942,,1541.747546321542,,1494.3814625630182,1566.1197851465117,1603.3550415039062,1536.5838012695312,1553.1895869492137,72.98198926492447,13.037622178541142,,,76.02358218484744,72.84409505909042,3.1794871257570207,100.0,70.9036275826291,-31.09964131973465,7.3420095783306465,-0.14204179315937157,109.9761962890625,-1217.5949475467714,,60.46377964210955,1.5859957426616493,1.7154954562584255,-0.002576143353738569,-0.030461781669927697,4.24075039924165,72.43893980268422,8.899340195130208,-5860.748096654307,-5944.779778328708,46.98345947265625,1,0,0,46.98345947265625,1,1,0,0,0,78.53494988857388,63.53959960755401,1449.9428153226756,1531.6865966796877,1613.4303780366997,10.673695458876777,0.9660464477340113,1383.6049382559827,1539.0754971037431,1694.5460559515036,1408.5103020022564,1553.1895869492137,1697.8688718961712,7.329142574617095,0.2594212429635978,1359.0412039346156,1531.6865966796877,1701.4737729109033,3957713.0,54.52355108348582,0.052151376365005886,5415244.671341954,43615.82047943026,4466409.028892301,1594.6544044061902,15396559.889873512,1006.254381323803,-13.11450621623976,15.15103882978407,-28.26554504602383,1.2255305637142393,1.8641857909360462,40.871890678506,1670.5114476357453,1521.7180786132812,1521.7180786132812,0.4699526538760727,-0.6213055773192552,,1670.5114476357453,1547.456427873884,-0.11435546875,3.357765786114545,51.231173231336804,0.0056595774148602285,0.06137186791807592,-0.0014204179315937537,,,,0.005643622178227302,-0.0903133324064499,-0.3166057625575093,-0.29870186436711244,0.07041519148236808
2025-12-24 00:00:00+05:30,1605.890687311094,1634.7271145135842,1583.020417460843,1619.9111328125,339699,0.0,0.0,1533.332263183594,,,,1546.7741290760057,,,,1545.3455438523067,,1567.527385411285,,1586.1172431928428,,1579.8670050656538,,1559.8747187828267,1596.5388896407458,,1544.74183005568,,1500.8752710780102,1587.1753575039497,1613.895263671875,1542.5996704101562,1553.1895869492137,73.84686660069062,17.679643326688165,15.715287126197559,1.9643562004906068,69.2439960143472,73.03892585210781,-3.7949298377606056,99.99999999999999,91.00736934687009,-26.94156910999809,5.375158108650113,2.0739367138011024,82.6312255859375,-1111.669920321616,62.091002706817335,61.64788414069404,1.4937733176803238,1.5859957426616493,0.01592338158225015,-0.02466761675590358,7.425067264188958,76.99172181629592,25.285024763554702,-6200.77113378073,-5900.253250934117,76.93025716145833,1,0,0,76.93025716145833,1,1,0,0,0,76.61864611458583,51.70669705274122,1445.781024170012,1533.332263183594,1620.883502197176,11.419734797962583,0.9944468553750265,1396.2613954417955,1546.7741290760057,1697.286862710216,1408.5103020022564,1553.1895869492137,1697.8688718961712,6.659473324694735,0.2548967381236444,1361.520813047266,1533.332263183594,1700.2245342342324,4297412.0,60.142722739127386,0.08482473239663108,5560269.694671469,75017.17805967946,4412231.947965165,1612.5528882623091,15650756.160831627,1007.0026798791656,-12.624674272335039,12.512696618951036,-25.137370891286075,1.130712327563366,1.9777874215001083,43.77561950679098,1916.3048632033392,1521.7180786132812,1521.7180786132812,0.6178768367518495,-0.4405637587563892,,1916.3048632033392,1569.372105189732,1.64566650390625,3.362700566301985,50.515894639756944,0.007482985553625809,0.07538446116523079,0.020739367138010945,,,,0.007455126908136241,-0.0903133324064499,-0.3166057625575093,-0.29870186436711244,0.07041519148236808
2025-12-26 00:00:00+05:30,1603.7030864620676,1667.3420959029152,1597.140216508058,1622.39697265625,118989,0.0,0.0,1536.2457336425784,,,,1553.9763046550765,,,,1553.8278971354168,,1579.2693144823456,,1600.196105634603,,1598.2269007457385,,1568.6362877162173,1609.5322910551688,,1545.5090086609907,,1507.2326149833125,1602.6644850266348,1621.154052734375,1543.8425903320312,1553.1895869492137,74.03182414126604,21.31337768013168,15.479217183712858,5.834160496418821,71.95876892146235,72.40878237355233,-0.45001345208997634,99.99999999999999,99.99999999999999,-26.082482805880204,5.250930718554875,3.7253616994110743,80.9407958984375,-824.131502859799,76.50512396665431,56.95424890592988,1.6110388770069406,1.4937733176803238,0.036206315095577146,-0.016527813573041783,9.853951357735117,100.36933464006074,30.167455245203655,-6437.235001188843,-6051.96118863177,104.32484944661458,1,0,0,104.32484944661458,1,1,0,0,0,76.16030563460521,70.20187939485709,1440.8526983104985,1536.2457336425784,1631.6387689746584,12.418981318293973,0.9515593759741677,1404.426330529866,1553.9763046550765,1703.5262787802872,1408.5103020022564,1553.1895869492137,1697.8688718961712,5.775108531131545,0.24819566145837468,1364.9183060891182,1536.2457336425784,1703.8209109353393,4416401.0,67.54639428021117,0.07850588622781034,5526898.805845209,70425.43443781976,3824168.469279851,1628.9597616890744,15669015.656132113,1007.1561352010903,-17.214927476824634,6.337954731569152,-23.552882208393786,0.39647497828349115,1.806237503896669,47.69651766604005,2274.9577974668705,1521.7180786132812,1521.7180786132812,0.6388322880139504,-0.6983711708075977,,2274.9577974668705,1588.9922241210936,2.913470458984375,3.3661459844903816,48.85221923828124,0.0015345532192461153,0.061410367734829885,0.03725361699411067,,,,0.001533376995619514,-0.0903133324064499,-0.3166057625575093,-0.29870186436711244,0.07041519148236808
2025-12-29 00:00:00+05:30,1609.8681142759644,1631.644612735547,1580.1367394024178,1599.228515625,182415,0.0,0.0,1539.2089294433597,,,,1558.2860390331643,,,,1559.826257324219,,1585.0694742665826,,1605.3517178194268,,1611.9882590871039,,1573.865069023329,1616.8373095595873,,1547.6840255373265,,1512.4172653282767,1609.6213541878149,1610.812744140625,1560.1500854492188,1556.9681167350082,69.12508846573365,22.069237052215385,12.988061244637251,9.081175807578134,70.65748688140164,70.6200839390704,0.03740294233124075,81.52961089861297,93.84320363287098,-35.003487439916746,5.781371052490277,3.848394698855921,87.4041748046875,-690.069548610426,78.94453047325305,56.93948081405136,1.568179527720675,1.6110388770069406,0.055310739803182685,-0.006202087672186391,11.331148403656623,60.06388656381455,8.556013230685267,-6516.748124341091,-6275.584748489091,111.26881917317708,1,0,0,111.26881917317708,1,1,0,0,0,74.39941761307122,51.50787333312928,1439.7349567279737,1539.2089294433597,1638.6829021587457,12.925337270666672,0.8016848756677677,1413.1678960945205,1558.2860390331643,1703.4041819718082,1408.5103020022564,1553.1895869492137,1697.8688718961712,4.6173968820297295,0.24712693011621567,1369.3779506683188,1539.2089294433597,1703.0601677459647,4233986.0,68.24050954504357,0.12471296789605868,5479710.757931478,47130.30276197847,2674105.2466176627,1603.669955920988,15408519.97224064,1007.1561352010903,-19.50816993039127,3.2357698224020126,-22.74393975279328,0.6144424544822821,1.2067395026710706,49.73698635769303,2473.7678119453426,1521.7180786132812,1521.7180786132812,0.48327562422509746,-1.1224069145298639,,2473.7678119453426,1601.0609130859375,2.96319580078125,3.369121586153195,48.0744091796875,-0.014280387242906256,0.004057961062335469,0.03848394698855917,,,,-0.014383333220375508,-0.0903133324064499,-0.3166057625575093,-0.29870186436711244,0.07041519148236808
2025-12-30 00:00:00+05:30,1592.9640520641276,1618.3202214321896,1571.3864976644124,1601.21728515625,162489,0.0,0.0,1541.9583374023441,,,,1562.3747291401248,,,,1565.731815011161,,1590.306652067134,,1609.6963612900993,,1621.6251778474616,,1578.6000435239491,1623.5697402711744,,1549.3548156561178,,1517.4658594163343,1610.5408481223972,1600.222900390625,1564.3761596679688,1581.8271126515194,69.31310635392865,22.568581570703373,10.78992461050019,11.778656960203183,65.75628501589262,69.4575136062522,-3.701228590359591,63.76697615422131,81.76552901761141,-41.64517470652521,5.885064266798126,3.556274956660013,88.9952392578125,-574.2336252691473,64.2066857010559,55.15250951906408,1.3765560100035859,1.568179527720675,0.07305328905384822,0.006108044108831133,12.418884096201984,42.50570111981165,-4.428022647965463,-6658.193961472988,-6461.155224385598,106.49591064453125,0,1,0,106.49591064453125,1,0,0,0,0,72.43758233840737,46.93372376777711,1438.6996876427647,1541.9583374023441,1645.2169871619235,13.393182844814573,0.7869442312672135,1422.1376048112993,1562.3747291401248,1702.6118534689504,1408.5103020022564,1553.1895869492137,1697.8688718961712,3.5506442603654556,0.24700087442311286,1374.516594815039,1541.9583374023441,1700.8902632043928,4396475.0,62.64855925260188,0.15269839435465452,5523775.785169738,47336.593673856,2338254.9502956085,1596.9746680842838,15428726.788790368,1007.2804932594802,-21.874762308050645,0.6953419557941096,-22.570104263844755,0.5322037839794179,1.147776925068853,51.62932487978973,2665.5871875428743,1521.7180786132812,1521.7180786132812,0.3555398009090983,-1.424359238124346,,2665.5871875428743,1613.2787702287944,2.749407958984375,3.37079161080977,49.31029052734375,0.0012435805838997283,0.0014927138294809073,0.035562749566600216,,,,0.0012428079780308385,-0.0903133324064499,-0.3166057625575093,-0.29870186436711244,0.07041519148236808
2025-12-31 00:00:00+05:30,1601.217278409552,1648.847005132071,1579.639602718969,1633.7327880859375,254491,0.0,0.0,1548.2327453613284,,,,1569.1707347540116,,,,1574.4722388857888,,1600.591241529108,,1621.2906495457742,,1630.8595738953427,,1590.1185552945444,1636.6688344826996,,1555.5714364710075,,1523.6471588123743,1611.8525970747114,1617.4750366210938,1570.0440673828125,1581.8271126515194,72.28478845056962,25.296443389314845,10.81422914328933,14.482214246025515,65.23880751060602,67.21752646930008,-1.97871895869406,57.19062252219648,67.49573652501024,-27.63491532173994,7.843786472261822,8.320146266371198,118.8260498046875,-380.4859754489096,63.546611815180086,52.84576174964811,1.3133745445759417,1.3765560100035859,0.09165567737265956,0.02052950444050541,13.402961623637179,64.75844656632717,-4.448955846774879,-6878.096382308588,-6610.869259187598,109.06467692057291,0,1,0,109.06467692057291,1,0,0,0,0,72.20685520088556,69.20740241310205,1438.5492501616209,1548.2327453613284,1657.916240561036,14.168863890565685,0.8897580149544555,1429.107164663531,1569.1707347540116,1709.2343048444923,1408.5103020022564,1553.1895869492137,1697.8688718961712,2.6635051618835526,0.23396235674692714,1376.4388672546647,1548.2327453613284,1708.5301034443373,4650966.0,63.01471414402711,0.20816825851932572,5667110.114750928,88724.03630692419,3186347.508264679,1620.7397986456592,15945515.043125981,1007.2804932594802,-21.181698126034423,1.1107249102482655,-22.29242303628269,0.8453769202278114,1.5590320598178224,54.84174759985375,3007.6172798060643,1532.9046630859375,1532.9046630859375,0.20117304634851052,-1.543582722484704,,3007.6172798060643,1626.9512259347098,6.274407958984375,3.374591138419524,49.31360677083333,0.020306739897898662,0.016079187060062283,0.08320146266371209,,,,0.020103307477459715,-0.0903133324064499,-0.3166057625575093,-0.29870186436711244,0.07041519148236808
2026-01-01 00:00:00+05:30,1644.3723149511588,1647.6537499703172,1611.8568066999903,1635.721435546875,127844,0.0,0.0,1554.80048828125,,,,1575.5088967342842,,,,1582.804495093936,,1609.6715017986658,,1630.8804836945267,,1639.1830560329154,,1601.8807977199203,1646.7873694984842,,1560.2767706093994,,1529.6738391121864,1615.6963058863425,1634.7271118164062,1571.0383911132812,1581.8271126515194,72.46044258795808,27.30401705161421,10.257442244470955,17.046574807143255,67.98062060437007,66.32523771028957,1.6553828940805033,69.74587157210908,63.56782341617562,-26.778048158624625,8.588019364244737,8.731572503254077,129.3660888671875,-278.3295630842613,60.7273026801588,59.55014844747757,1.3786233731611317,1.3133745445759417,0.1103201848362767,0.03689703504172131,13.967604998362763,56.18906612155456,20.39212285122767,-7137.916737477747,-6787.874258230331,107.70570882161456,0,1,0,107.70570882161456,1,0,0,0,0,69.60614720584566,35.79694327032689,1440.5412690777005,1554.80048828125,1669.0597074847994,14.69760526379266,0.854111238592777,1441.9662488866443,1575.5088967342842,1709.0515445819242,1408.5103020022564,1553.1895869492137,1697.8688718961712,2.4069831512444693,0.23293500472854364,1386.6154567433307,1554.80048828125,1712.4422398781587,4778810.0,63.15068748581922,0.19211135865729595,5709724.781417594,111148.65347739961,2767474.5279405955,1631.7439974057277,15961076.746230071,1007.402217416297,-24.078247421326072,-1.4286595080347055,-22.649587913291366,0.4278588150247909,1.4164449543711075,57.12960960177477,3263.792293251196,1539.3680419921875,1539.3680419921875,0.029475471810397995,-1.5981919290018225,-0.038789886661746736,3263.792293251196,1638.812508719308,6.567742919921875,3.378180267756817,50.78194580078125,0.0012172415681681592,0.009759981528693507,0.0873157250325407,,,,0.0012165013302885058,-0.0903133324064499,-0.3166057625575093,-0.29870186436711244,0.07041519148236808
2026-01-02 00:00:00+05:30,1646.1622049284329,1721.9323527004249,1638.1079169970446,1702.8406982421875,532364,0.0,0.0,1565.3257812500003,,,,1587.6357349731322,,,,1596.9035627092635,,1629.5166598665303,,1655.6889804747527,,1653.0383546560042,,1631.3439219363459,1662.6091685715453,,1575.5861372062252,,1537.728291453003,1630.6591018288536,1669.2810668945312,1604.5980224609375,1593.8588530536463,77.61673639513846,33.91998868806627,13.498731104738411,20.421257583327858,79.37787961900253,70.86576924465953,8.512110374342996,87.50850631650074,71.4816668036021,-7.4533976626278475,11.403855047628069,14.105806142996189,174.311279296875,-102.16066825500297,62.870733506890474,61.3487014056285,1.6489864975985355,1.3786233731611317,0.13341550389531776,0.05503257524433912,16.313568936131446,114.55680965260126,30.732373949221028,-7324.043283096843,-7002.377247357083,113.25754801432291,0,1,0,113.25754801432291,1,0,0,0,0,70.79220220211026,86.21091715354987,1437.336995442912,1565.3257812500003,1693.3145670570887,16.352990200529646,1.0372147103553946,1450.3903074626865,1587.6357349731322,1724.881162483578,1408.5103020022564,1565.2213273513407,1721.9323527004249,1.7689272494891997,0.26067637306645386,1391.6426167129707,1565.3257812500003,1726.6671951326216,5311174.0,71.4216201853746,0.2282161125940205,5999588.860034997,202447.4170183679,7476675.190452988,1687.6269893132192,18145548.89344388,1007.402217416297,-14.806430521048236,6.274525913794507,-21.080956434842744,1.5627378646989634,2.148858841421577,63.994392903544195,4095.282323093188,1567.1106567382812,1567.1106567382812,0.24587915348583866,-0.7267722961799383,0.16362075151229521,4095.282323093188,1660.05912562779,10.52529296875,3.3850390491401736,51.986003146701385,0.041033431021139766,0.04958325671320263,0.1410580614299619,,,,0.04021390345064526,-0.0903133324064499,-0.3166057625575093,-0.29870186436711244,0.07041519148236808
2026-01-05 00:00:00+05:30,1712.684954204508,1786.466386028402,1711.3922382058431,1760.613037109375,512084,0.0,0.0,1579.545123291016,,,,1604.1097637480125,,,,1615.5023489815849,,1656.9071027812167,,1690.4635770770524,,1675.0797190956016,,1668.537448258588,1687.3507130639873,,1599.6762482552044,,1546.9926440448621,1658.7864630683903,1731.7268676757812,1633.4841918945312,1626.125869717635,80.9269648303059,43.32550929648005,18.32340137052175,25.0021079259583,85.90218014546906,77.75356012294722,8.14862002252184,94.08485994852559,83.7797459457118,-8.062013742340335,10.538145048579345,19.264448872076933,167.847900390625,63.88992962790462,84.81332664691581,61.59215256379057,2.008045054167532,1.6489864975985355,0.16316219994294556,0.07516346091425768,19.28661315257152,157.19977240035678,82.12562457779791,-7498.45972729155,-7216.746025124886,134.8848673502604,0,1,0,134.8848673502604,0,0,0,1,0,71.708879743832,83.62568778621448,1431.6013596949815,1579.545123291016,1727.4888868870503,18.732451693154598,1.1119484506044182,1464.0066268983303,1604.1097637480125,1744.2129005976947,1408.5103020022564,1597.4883440153292,1786.466386028402,1.242308686633099,0.2685495440406992,1407.0131870172052,1579.545123291016,1740.1982245395125,5823258.0,76.11097916076265,0.22053403004764108,6158979.244140954,272107.72277171724,10634905.931311825,1752.8238871145402,19882898.159702558,1010.7949210865127,-8.362395315038556,10.174848895843349,-18.537244210881905,1.4455347220046277,2.447793802417671,73.97188179801724,5471.839296739833,1595.7979125976562,1595.7979125976562,0.6883680237211391,0.43316116068069954,0.44003014972993076,5471.839296739833,1687.416800362723,14.219342041015626,3.389957034257005,54.66237467447916,0.03392703670215602,0.10091398440410115,0.19264448872076922,,,,0.033364209478635394,-0.0903133324064499,-0.3166057625575093,-0.29870186436711244,0.07041519148236808
2026-01-06 00:00:00+05:30,1764.988195983737,1814.7061733353912,1750.967750646926,1801.08349609375,543118,0.0,0.0,1596.3348876953128,,,,1622.869166828559,,,,1636.6012416294645,,1687.6109811219526,,1728.7785069107374,,1705.0854038255036,,1709.2805842612536,1716.5827973108694,,1623.4178165153814,,1556.8708619424215,1697.576395289646,1780.8482666015625,1653.7194213867188,1648.2006413779452,82.84131515570999,53.4291816089883,22.741658946424003,30.687522662564298,93.46461014792942,86.24822330413366,7.21638684379576,99.99999999999999,93.86445542167544,-4.090758151243524,12.650045378469876,22.916671699861734,202.2528076171875,162.15185113012512,116.47313505866282,65.4561751826783,2.4030477071157645,2.008045054167532,0.19955433540086442,0.09762240299810247,21.92761582900189,160.8942907836738,97.15586809520869,-7750.060478802566,-7422.163872842849,169.98577880859375,0,1,0,169.98577880859375,0,0,0,1,0,71.13956138273437,63.73842268846511,1428.154764458305,1596.3348876953128,1764.5150109323206,21.070782143941695,1.1087182137151108,1483.9685339286625,1622.869166828559,1761.7697997284554,1416.067361573845,1615.3867674546182,1814.7061733353912,0.9143278690318901,0.2656768142168653,1425.3301252335395,1596.3348876953128,1755.3083470982465,6366376.0,83.443587144154,0.24175222185654907,6469938.338851173,374809.58500845544,12255667.190078106,1788.9191400253558,21131340.280678988,1010.7949210865127,-2.8189063206385185,12.57467031219471,-15.393576632833229,1.7359905158159763,2.434872854860445,84.09006161850387,7071.138463003778,1599.0296020507812,1599.0296020507812,1.0097646156891311,0.7465425936639697,0.6461156869503559,7071.138463003778,1717.1339494977678,16.789764404296875,3.3978094603181717,62.472296549479175,0.022986572365055524,0.12482141729939955,0.22916671699861735,,,,0.022726361140487386,-0.0903133324064499,-0.3166057625575093,-0.29870186436711244,0.07041519148236808
2026-01-07 00:00:00+05:30,1789.8472359472337,1904.1985871327515,1765.4854263468408,1839.7640380859373,815631,0.0,0.0,1613.4279296875002,,,,1643.5258212340236,,,,1659.7849702380954,,1720.7911024377527,,1769.3686672607664,,1742.2029747478264,,1751.1379502365571,1749.2527159821557,,1656.7826036480692,,1567.2331651641882,1741.9985626597293,1820.4237670898438,1684.146728515625,1692.9468482766254,84.44798746510104,63.821911908945594,26.507511397105034,37.31440051184056,90.86552426640648,90.07743818660165,0.7880860798048275,99.99999999999999,98.02828664950852,-15.250655307196704,14.42176846990998,22.822625670666085,231.88464355468727,330.58572476861696,154.37227696336777,65.18887733013902,2.8107413253022457,2.4030477071157645,0.24216193302564193,0.122760019825146,25.199021585564655,223.8221109332883,85.10895014737753,-8070.0388909946105,-7648.520431046614,201.1920776367187,0,1,0,201.1920776367187,0,0,0,1,0,75.96624705438984,138.71316078591076,1419.8047781371138,1613.4279296875002,1807.0510812378866,24.001462722650235,1.0844758402755825,1491.4322656034678,1643.5258212340236,1795.6193768645794,1465.7853534068677,1684.9919702698096,1904.1985871327515,0.6008240041458837,0.2652433796714601,1439.3292348425057,1613.4279296875002,1778.4058423014956,7182007.0,85.7631055406854,0.20271179830876088,6527821.258195511,401167.6770777339,15011864.612299763,1836.4826838551764,22883010.828660484,1010.7949210865127,6.587236489739807,17.58465049805843,-10.997414008318623,2.2725071633078153,2.337903361102329,96.81157577519323,9372.481204075983,1600.222900390625,1600.222900390625,1.0579049166332155,0.5297317915529672,0.7690477488068483,9372.481204075983,1752.4990513392859,17.093041992187487,3.407354709364366,70.6357644314236,0.021476262525351508,0.12611073946883544,0.22822625670666086,,,,0.0212488971448918,-0.0903133324064499,-0.3166057625575093,-0.29870186436711244,0.07041519148236808
2026-01-08 00:00:00+05:30,1859.4524139044497,1874.8649873886843,1819.678030719328,1855.4749755859373,655438,0.0,0.0,1629.337683105469,,,,1663.711454981825,,,,1682.8370698474705,,1751.881330414162,,1805.6985219370579,,1781.912961526185,,1784.7627611589587,1781.5670266996287,,1679.6581072511942,,1577.712723729787,1783.8200072675127,1847.6195068359373,1724.1200561523438,1705.1774560315293,85.05990230024233,72.49034334727185,28.140754268345027,44.34958907892682,89.47259096532976,91.26757512655522,-1.7949841612254573,99.99999999999999,99.99999999999999,-12.24081364557048,14.54177565681951,20.698577198828865,235.56384277343727,506.8635903843515,190.57575172491465,65.18638127966128,3.2213866097995876,2.8107413253022457,0.2886469889917809,0.15080898359139086,28.020709425147867,169.47443984829624,114.28748317893997,-8534.442316795667,-7945.516797280262,223.64805094401032,0,1,0,223.64805094401032,0,0,0,1,0,74.48201202688745,55.18695666935628,1411.3067877068768,1629.337683105469,1847.3685785040614,26.763131750937216,1.0185900192425854,1515.591198617159,1663.711454981825,1811.831711346491,1465.7853534068677,1684.9919702698096,1904.1985871327515,0.5171012193345157,0.25872259654711366,1458.185775932953,1629.337683105469,1792.4148804761653,7837445.0,88.93433784045615,0.19982585779589543,6722681.204141451,437481.6359908981,14338390.446703369,1850.005997897983,23442731.816784505,1011.6488858980189,10.07411849067599,16.85722599919569,-6.783107508519701,1.6785172744856862,2.0743600769703407,109.01544769929619,11884.367837077983,1604.54833984375,1604.54833984375,0.9108223818831747,-0.10300475064864452,0.8326445703651454,11884.367837077983,1789.8358433314734,15.909753417968739,3.4154631167136547,80.18161946614582,0.00853964811506236,0.13434655514286353,0.2069857719882886,,,,0.008503391585873434,-0.0903133324064499,-0.3166057625575093,-0.29870186436711244,0.07041519148236808
2026-01-09 00:00:00+05:30,1855.4749331135436,1868.8987871312456,1806.4529584072948,1857.6624755859373,318941,0.0,0.0,1645.1479980468753,,,,1682.182980753645,,,,1704.5822881789436,,1778.6680580335967,,1834.8830806069157,,1819.7977780032468,,1808.2475560562873,1813.4269703993664,,1690.0223877101164,,1588.1166323504588,1816.6894452990368,1856.5687255859373,1728.24658203125,1730.2353483363172,85.14752845570833,78.63025010553565,27.42452882128707,51.20572128424858,86.37775312987287,88.9052894538697,-2.527536323996827,99.99999999999999,99.99999999999999,-13.375271657614174,14.50110588806768,20.51347963022927,235.26550292968727,653.6216760946843,217.54308324680187,65.29446743087809,3.3518858809962007,3.2213866097995876,0.3361070864280613,0.18200857766082182,29.480618935455052,141.75510701292183,79.30927828897097,-9095.570661006717,-8342.432259231638,244.69533284505192,0,1,0,244.69533284505192,0,0,0,1,0,73.62228464810626,62.445828723950854,1408.8552628145974,1645.1479980468753,1881.4407332791532,28.72601559407486,0.9496847466134716,1536.2749719048613,1682.182980753645,1828.0909896024289,1465.7853534068677,1684.9919702698096,1904.1985871327515,0.5171012193345157,0.2593059007181998,1471.7766573662732,1645.1479980468753,1810.2069671538013,8156386.0,83.1106749661301,0.21033050087833932,6926843.666845887,477527.0722257951,12389718.016817175,1844.338073708159,23480333.155885275,1011.7667802392945,6.688710383534063,10.77745431364301,-4.088743930108948,0.7769923857713441,1.7987389864538859,118.14636761613896,13958.56418088785,1613.895263671875,1613.895263671875,0.7128307502317069,-0.6821060809148806,0.8685423510040912,13958.56418088785,1823.4508684430803,15.810314941406238,3.4218738176388914,88.8930908203125,0.0011789434127555953,0.0909197069952401,0.2051347963022927,,,,0.0011782490046953079,-0.0903133324064499,-0.3166057625575093,-0.29870186436711244,0.07041519148236808
2026-01-12 00:00:00+05:30,1857.4635979007635,1859.352905279909,1800.9839281699133,1836.28369140625,380332,0.0,0.0,1661.3709655761722,,,,1696.8592389110358,,,,1722.7856875465031,,1797.4337804972029,,1851.9949829120199,,1850.5736729001787,,1817.5058308147331,1837.991077757165,,1702.9364144221677,,1598.0337751408479,1835.7166142488177,1846.9730834960938,1728.4454956054688,1730.2353483363172,80.19693014575303,80.83921706014894,23.706796620720283,57.13242043942866,84.9546720228999,86.93500537270083,-1.9803333498009295,89.7006982851282,96.56689942837605,-19.519898628115683,14.823095853102998,21.461445078327458,237.05517578125,728.0701031989197,228.20640602418098,66.63210957102957,3.212877066391261,3.3518858809962007,0.38059211685248506,0.21617955852733703,30.05688929088659,116.61779497759562,58.24881786759988,-9417.806884440046,-8791.311955173238,249.43509928385402,0,1,0,249.43509928385402,0,0,0,1,0,72.53276268109838,58.36897710999574,1419.1415477323958,1661.3709655761722,1903.6003834199487,29.160184313172948,0.8610476534747031,1553.7293305030894,1696.8592389110358,1839.9891473189823,1465.7853534068677,1684.9919702698096,1904.1985871327515,0.6016614912638861,0.24907775739303853,1487.6941716937074,1661.3709655761722,1825.3041521554517,7776054.0,74.0013400183161,0.22374417296697774,7006537.873092468,475854.9915616391,9458181.765182033,1832.2068416186908,23042630.621033557,1011.7667802392945,5.0252831048408835,7.291221627959866,-2.265938523118982,0.8839314184569246,1.4441906138988125,121.11470892188824,14668.772717233713,1621.154052734375,1621.154052734375,0.5202463700419111,-1.1026173819595118,0.8871802063209752,14668.772717233713,1845.615131487165,16.222967529296874,3.427264993743049,96.82276584201391,-0.011508433023035614,0.0429797193942818,0.21461445078327457,,,,-0.011575167538898359,-0.0903133324064499,-0.3166057625575093,-0.29870186436711244,0.07041519148236808
2026-01-13 00:00:00+05:30,1828.6271967140312,1890.178076605721,1808.4416494700224,1837.278076171875,359928,0.0,0.0,1677.623767089844,,,,1710.2324615073062,,,,1739.538745698475,,1813.3280576723685,,1864.973909238108,,1873.2385771251857,,1824.0276950635484,1857.3084383762741,,1711.311067657426,,1607.81420203255,1843.0732264657654,1836.7808837890625,1728.4454956054688,1737.792542398582,80.25443590351222,81.72796867757188,19.67643859051457,62.05153008705731,82.33241118085812,84.55494544454362,-2.222534263685503,79.52103244301813,89.7405769093821,-20.107596171695796,14.74258323364213,21.4952579983263,236.060791015625,789.1755489412328,232.91147560985632,61.652937464760036,3.351183731214425,3.212877066391261,0.4210180847517453,0.25277538156945767,30.560934685609293,133.9368283220415,52.200401186343015,-9388.390356624812,-9158.264627385666,242.87233479817692,0,1,0,242.87233479817692,0,0,0,1,0,73.1901672849984,81.73642713569848,1433.9149149932323,1677.623767089844,1921.3326191864558,29.054053343482476,0.827551313193048,1565.165129683793,1710.2324615073062,1855.2997933308193,1465.7853534068677,1684.9919702698096,1904.1985871327515,0.669330730679058,0.24893949118001385,1499.752743099145,1677.623767089844,1847.206907250481,8135982.0,80.33506368209565,0.20131966301690454,6900573.442425224,398195.45866293926,8158142.50157344,1845.299267415873,23062121.450342603,1011.8209322622242,3.268271730823672,4.427368203154123,-1.159096472330451,0.7998096072349251,1.3102052527721926,121.85442604830583,14848.501147562034,1628.0648803710938,1628.0648803710938,0.3466199548304783,-1.3850674669316902,0.897364201987219,14848.501147562034,1863.3687029157365,16.252801513671876,3.4310534055947026,104.19936550564235,0.0005415202292970989,0.020096003409405983,0.214952579983263,,,,0.0005413736601287891,-0.0903133324064499,-0.3166057625575093,-0.29870186436711244,0.07041519148236808
2026-01-14 00:00:00+05:30,1854.679343552764,1854.679343552764,1802.773824730445,1818.98193359375,369678,0.0,0.0,1692.827526855469,,,,1720.5895540869674,,,,1753.0014282226564,,1823.2372248560027,,1869.559158057171,,1885.878446309143,,1822.8354677558618,1871.1116758300218,,1724.1862680996273,,1617.0214410738972,1840.6932587896265,1828.1300048828125,1728.4454956054688,1737.792542398582,75.88786132483548,80.03338983966205,14.385487802083787,65.64790203757826,78.25582324518045,81.84763548297948,-3.591812237799033,60.25707693922332,76.4929358891232,-25.605035464647187,11.339011303363034,20.072205610326286,185.2491455078125,767.0553635410524,224.8273109302097,58.470028219933745,3.051679169176889,3.351183731214425,0.4552577415341208,0.291101776758107,30.174485545383867,89.4751402247889,37.56962140246992,-9221.428582701203,-9321.565620972939,234.0722249348957,0,1,0,234.0722249348957,0,0,0,1,0,71.66983525194988,51.90551882231898,1453.968953700156,1692.827526855469,1931.686100010782,28.220071964331474,0.76407761938746,1579.451393137633,1720.5895540869674,1861.7277150363018,1481.6951094204992,1692.9468482766254,1904.1985871327515,0.870454458856801,0.25730945462919125,1516.9403182209446,1692.827526855469,1863.4746816290667,7766304.0,73.4721745287135,0.151291278902594,6761768.051131039,286060.71082323603,6026453.373349221,1825.4783672923197,22693985.484224245,1011.8209322622242,2.0216318217117886,2.544582635233792,-0.5229508135220031,0.8009736189478693,1.0563104775498404,119.42928657765648,14263.354492447997,1634.7271118164062,1634.7271118164062,0.186279308518515,-1.562855420732973,0.89116240466104,14263.354492447997,1873.349230957031,15.203759765625,3.4286106320780223,109.70922878689234,-0.009958287107113661,-0.011296070616647502,0.20072205610326277,,,,-0.010008202505884672,-0.0903133324064499,-0.3166057625575093,-0.29870186436711244,0.07041519148236808
2026-01-15 00:00:00+05:30,1818.98193359375,1818.98193359375,1818.98193359375,1818.98193359375,0,0.0,0.0,1708.4588562011722,,,,1729.960256897137,,,,1765.0161336263022,,1831.310213944989,,1872.0464125221183,,1890.1785446840754,,1821.9300590867879,1877.2080085076684,,1728.5639781189188,,1626.0306769402143,1834.2365051832473,1818.98193359375,1728.4454956054688,1737.792542398582,75.88786132483548,77.79366693429483,9.716611917373257,68.07705501692158,76.22744429966994,78.93855957523617,-2.711115275566229,51.292423150300294,63.69017751084724,-25.605035464647187,11.203649598539682,20.753840559809134,183.260498046875,744.9365116376507,211.61811120497964,57.18598884834274,2.433988918010222,3.051679169176889,0.48334353412322617,0.3299826690056524,29.135140851476944,46.09519737066421,46.09519737066421,-9288.129069027002,-9320.928972019845,229.19984944661448,0,1,0,229.19984944661448,0,0,0,1,0,66.55056130538203,2.220446049250313e-16,1480.3037720222815,1708.4588562011722,1936.613940380063,26.70887664057686,0.7422104197027652,1602.2638255620247,1729.960256897137,1857.6566882322493,1481.6951094204992,1692.9468482766254,1904.1985871327515,1.0331400209342443,0.25374888032976534,1538.8480168611884,1708.4588562011722,1871.0884613574694,7766304.0,72.91781393975792,0.16506169354487982,6761768.051131039,214181.8857230628,5165531.462870762,,22693985.484224245,1011.8209322622242,-6.767924150620302,-4.995978669678639,-1.771945480941663,0.0,0.968841678811061,114.07754208944542,13013.68560916919,1669.2810668945312,1669.2810668945312,0.08849314560050518,-1.787807164348167,0.8872144198988176,13013.68560916919,1878.1306884765625,15.631329345703126,3.425554712907702,114.70930989583327,0.0,-0.0196677629568478,0.20753840559809134,,,,0.0,-0.0903133324064499,-0.3166057625575093,-0.29870186436711244,0.07041519148236808
2026-01-16 00:00:00+05:30,1836.8804076320716,1898.232342057326,1815.700501098312,1890.2774658203125,338743,0.0,0.0,1726.5462585449222,1603.0607299804683,,,1745.228562508868,1603.0607299804688,,,1782.332191685268,1663.597609719669,1850.7403239627765,1603.0607299804688,1891.3623266618495,1603.0607299804688,1895.4060629206406,,1838.177921905277,1890.8017119384858,1835.8592576246995,1738.6325194769017,1601.5859034816062,1636.365294112914,1836.4474389105603,1854.6296997070312,1745.7473754882812,1737.792542398582,80.64668265673978,80.83975364549315,10.210158902857245,70.6295947426359,81.53568392653196,78.67298382379411,2.862700102737847,51.99727568159877,54.51559192370746,-4.1828772911097545,11.007299025188479,23.666410498308018,187.436767578125,770.1446541578177,206.9539755022563,62.885431938770644,2.351520696682556,2.433988918010222,0.5107467453345116,0.3686031740491597,29.799274518429797,108.57550160606479,26.043660647050956,-9446.87807179205,-9309.063955312211,229.18324788411454,0,1,0,229.18324788411454,0,0,0,1,0,67.69208128064145,82.53184095901383,1501.1108442831926,1726.5462585449222,1951.9816728066519,26.11403119331646,0.8631443795367905,1613.9733454039542,1745.228562508868,1876.4837796137817,1506.1563249303072,1705.1774560315293,1904.1985871327515,0.9600595830434753,0.2735381766312617,1552.8387975894657,1726.5462585449222,1892.0646117251788,8105047.0,76.9184658603374,0.18517454756928478,7035211.195709352,252310.4682094492,7877721.607178147,1868.0701029919835,24021698.642172314,1011.8209322622242,-6.556650156557436,-3.827763740492618,-2.728886416064818,0.7888948327310439,1.4525775181471619,112.71770713086481,12705.28150083941,1731.7268676757812,1731.7268676757812,0.03531943661339712,-1.9227543310415829,0.9030863442805908,12705.28150083941,1893.9040579659597,18.08740234375,3.42224368412674,121.61148980034717,0.039195294307131645,0.01755700546413208,0.23666410498308021,,,,0.03844665817609788,-0.0903133324064499,-0.3166057625575093,-0.29870186436711244,0.07041519148236808
2026-01-19 00:00:00+05:30,1899.027971687608,1943.4757962965496,1809.7344329801588,1827.43408203125,277213,0.0,0.0,1738.279705810547,1613.2986572265625,,,1753.0576596062376,1611.8596849628523,,,1791.9405558268231,1672.3965647020527,1855.6041506764418,1620.3135828871032,1889.674527533204,1628.43595540256,1893.785182434346,,1837.6926733276232,1887.2762791794635,1847.890114900753,1749.0893637983227,1623.8258597557517,1645.1396626445821,1839.079967322461,1858.8557739257812,1762.005126953125,1761.5576995077593,67.92177539872401,77.29189063952117,5.329836717508215,71.96205392201296,79.43938085842623,79.06750302820937,0.37187783021686016,37.927897852060255,47.07253222798643,-31.893944668964348,3.795328304031175,14.733430554359112,66.821044921875,729.0792792782097,207.01278062134747,52.21185026993668,2.527303362349186,2.351520696682556,0.5314029875751247,0.4054752465129664,28.076980437165794,148.42220704814713,14.68084373175634,-9434.09554327572,-9354.256401269171,219.50484212239584,0,1,0,219.50484212239584,0,0,0,1,0,72.40988714033783,133.7413633163908,1517.7884661268354,1738.279705810547,1958.7709454942587,25.368902248202712,0.7021721505774839,1608.8283939748603,1753.0576596062376,1897.286925237615,1556.272109539883,1749.8739529182162,1943.4757962965496,1.260738880313685,0.2913843314205638,1564.7646284728787,1738.279705810547,1912.5170591132055,7827834.0,74.92232345550586,0.12422296828477268,6831372.246799181,180113.3620088771,4263618.0989645,1860.214770435986,23100087.753542412,1008.4963735704245,-7.741139765001199,-4.009802679149105,-3.7313370858520942,0.6829551552073381,0.8086886023099361,110.24561984185581,12154.09669431499,1780.8482666015625,1780.8482666015625,-0.1691143669364919,-1.8833316112152023,0.8778819003494813,12154.09669431499,1899.2622558593748,11.733447265625,3.407483138941349,123.80173665364579,-0.03324558691799817,-0.004819304019534565,0.14733430554359117,,,,-0.03381078364142901,-0.0903133324064499,-0.3166057625575093,-0.29870186436711244,0.07041519148236808
2026-01-20 00:00:00+05:30,1826.9368867679807,1827.3345334906091,1767.6729592823058,1796.01220703125,253858,0.0,0.0,1748.1387817382813,1621.5936059570313,,,1757.1485688848102,1619.0813524949463,,,1797.4388892764139,1679.5618019492954,1853.6300263432272,1634.1421898941794,1878.9681940410615,1648.293881806562,1883.9410386968173,,1837.4510676604423,1874.417621731568,1856.8794310137137,1771.6627554474671,1630.0295312775406,1652.7264189433554,1837.4575085952492,1811.72314453125,1762.9994506835938,1777.66630149827,62.602900317875324,71.1248183056166,-0.6697884931170961,71.7946067987337,73.15180070027587,78.04228849507803,-4.890487794802155,23.858520022521738,37.927897852060255,-44.467775939098274,-0.28156879309031374,12.332858005282027,-5.0712890625,612.1913568374096,188.49488483656137,48.83425573083361,1.525324368899127,2.527303362349186,0.5435855596686245,0.4389667605844089,24.812051141368563,32.143998844656835,-27.51757536364653,-9458.780896545537,-9418.142865951346,198.9713338216146,0,1,0,198.9713338216146,0,0,0,1,0,71.506403969524,59.76112274894422,1536.4434580245245,1748.1387817382813,1959.834105452038,24.219510021195823,0.6130715229158784,1615.2723527899557,1757.1485688848102,1899.0247849796647,1556.272109539883,1749.8739529182162,1943.4757962965496,1.8346102265490078,0.3037450038874251,1579.2129356780024,1748.1387817382813,1913.1686288742105,7573976.0,70.43214947173367,0.23558625399279284,6818679.346799184,130165.59019874595,2515002.0357195716,1797.0065666013882,22663590.78644614,1006.776920304834,-9.199299343023727,-4.374369805737306,-4.824929537286421,0.6734059073225312,0.4522860916635137,105.8476618568784,11203.72752056807,1798.5478515625,1798.5478515625,-0.35929548161609226,-1.7079189595064836,0.83460718073752,11203.72752056807,1896.0391043526788,9.859075927734375,3.3875291871025763,122.92802463107634,-0.01719453265590498,-0.022460328502153515,0.12332858005282032,,,,-0.017344075322406876,-0.0903133324064499,-0.3166057625575093,-0.29870186436711244,0.07041519148236808
2026-01-21 00:00:00+05:30,1789.8472300885796,1831.61033212398,1761.2096258544489,1803.86767578125,259711,0.0,0.0,1757.9381958007812,1628.7132202148437,,,1761.5980076368521,1626.3278749767621,,,1802.7464029947919,1686.7098046874999,1852.9164375415533,1647.7604364311035,1871.1701357671843,1667.479012556732,1869.469774249188,,1836.6159708992977,1862.7835983263294,1866.4676888125018,1781.440964392269,1642.9919844733693,1660.3338874965104,1829.9115584401252,1799.93994140625,1796.55908203125,1790.791856646797,63.375069148130514,66.10917431688131,-4.548345985481916,70.65752030236322,59.306756145198165,70.63264590130008,-11.325889756101915,1.1416893129105459,20.976035729164177,-45.71801095634288,-1.95113947014821,12.189240182851965,-35.89636230468727,506.47678823601314,172.9360970269529,48.990643833176534,0.6027383955277513,1.525324368899127,0.5492403126172052,0.4679215743205672,21.63678901247268,35.18020588727086,-35.2205003822603,-9613.954485599466,-9474.430906172338,170.36692301432294,0,1,0,170.36692301432294,0,0,0,1,0,71.42742556238166,70.40070626953116,1555.6443675508876,1757.9381958007812,1960.2320240506747,23.014896511506088,0.6135217034988635,1619.8241537854065,1761.5980076368521,1903.3718614882978,1571.3864976644124,1757.4311469804811,1943.4757962965496,2.2041792277939667,0.303788509856628,1588.7845347784,1757.9381958007812,1924.4555046401017,7833687.0,71.18365021441372,0.21438563039396905,6873702.82580069,115406.64594064839,2447166.2655498115,1798.8958779198929,22777184.203937635,1006.776920304834,-10.171704048435076,-4.277419608918924,-5.894284439516152,0.8081013316771639,0.45408681399545364,101.1469141249468,10230.698236999364,1802.4755859375,1802.4755859375,-0.5700452434563852,-1.4079991324420773,0.7950701914748802,10230.698236999364,1892.3628173828124,9.7994140625,3.367348614359998,121.8784223090278,0.004373839286418324,-0.008309185227936222,0.12189240182851968,,,,0.004364301851392444,-0.0903133324064499,-0.3166057625575093,-0.29870186436711244,0.07041519148236808
2026-01-22 00:00:00+05:30,1812.9162809930535,1834.3945443546152,1776.622157458378,1811.822509765625,220886,0.0,0.0,1767.5337646484372,1636.4473486328125,,,1766.381293553878,1633.602174380247,,,1807.878242420015,1693.8905611404718,1853.3304650116313,1661.183275988747,1865.8925771923448,1686.03599555168,1853.5722793063867,,1835.79703726653,1853.564450290042,1875.4342735879306,1790.6541556955142,1651.4802929080947,1667.9647056504884,1819.7284458933455,1807.8450927734375,1825.4452514648438,1827.4340172511963,64.181605885375,62.06073146045014,-6.87743107353046,68.9381625339806,51.02917925265701,61.162578699377015,-10.133399446720006,3.475882567060812,9.492030634164365,-56.726675346587804,-2.3526302642010752,11.847031177563874,-43.65246582031227,391.94141900507134,160.96751550961426,50.74314957025008,-0.0770867518593415,0.6027383955277513,0.5499612789530817,0.49168315126779166,17.93859639435139,35.76550618520355,-22.006880711033546,-9792.546320820793,-9562.018771397752,135.53118896484372,0,1,0,135.53118896484372,0,0,0,1,0,70.45206565765704,57.772386896237094,1574.8279256376322,1767.5337646484372,1960.2396036592422,21.80505321765485,0.6149128260579185,1627.1054473270963,1766.381293553878,1905.65713978066,1571.3864976644124,1757.4311469804811,1943.4757962965496,2.467559401554419,0.30375473937741815,1597.8673937692847,1767.5337646484372,1935.054786091861,8054573.0,69.69692791547843,0.20372304983649495,6921985.729405224,114240.12480553892,2348587.0075387894,1807.6130705262058,22874592.20581403,1007.2179079721211,-11.877869363252541,-4.786867938989111,-7.09100142426343,0.7947569343249535,0.45965130423167394,96.35291950540254,9283.885097214581,1807.8450927734375,1807.8450927734375,-0.8104117507568718,-0.9313026813505612,0.7569559295786833,9283.885097214581,1888.5671979631697,9.59556884765625,3.349473220760962,121.04669596354161,0.004409876672871738,-0.003935951037171703,0.11847031177563871,,,,0.004400181658831115,-0.0903133324064499,-0.3166057625575093,-0.29870186436711244,0.07041519148236808
2026-01-23 00:00:00+05:30,1811.8225068926056,1818.484788688708,1733.964227166639,1783.7816162109375,254619,0.0,0.0,1775.6029968261716,1643.89708984375,,,1768.0384671402649,1639.4915642559606,,,1809.4256568545388,1699.6683755553001,1848.2061126563915,1671.6494874466755,1853.4361668727083,1699.9249289390725,1836.648679611404,,1832.7405290207719,1841.9182684543832,1879.3308940630363,1793.3332548430435,1661.6308994007632,1674.2891828598463,1808.968798538405,1797.8020629882812,1837.029541015625,1838.7200117315942,59.23012189963674,55.94474932115804,-10.394730570258048,66.33947989141609,40.44439464549894,50.26011001445137,-9.815715368952432,3.475882567060812,2.697818149010723,-76.22212976057251,-3.9770873528409156,9.947296886930356,-73.88085937499977,182.45394288332045,135.47361496422855,52.668970438736935,-0.6892048296710409,-0.0770867518593415,0.5444459826555059,0.5098891363570162,13.469773161574576,21.976810799078294,-62.54375072299081,-9743.727947278567,-9669.251742777436,89.90667724609378,0,1,0,89.90667724609378,0,0,0,1,0,71.45695821940076,84.5205615220691,1595.3745622573097,1775.6029968261716,1955.8314313950336,20.300532820795418,0.5226895922508857,1625.9278326451633,1768.0384671402649,1910.1491016353664,1571.3864976644124,1757.4311469804811,1943.4757962965496,2.8906799399799596,0.312748757308357,1603.3268516680462,1775.6029968261716,1944.093914522425,7799954.0,63.33023325384514,0.2112411268114835,6967517.451375007,117864.81180378422,993111.1098902515,1778.743544022095,22480527.983876277,1007.2179079721211,-12.295170865362424,-4.163335552879195,-8.13183531248323,0.9378342580833365,0.0907583690035431,90.11421728443102,8120.572156785645,1807.8450927734375,1807.8450927734375,-1.0453104451552384,-0.22021931726077118,0.6908424698238954,8120.572156785645,1877.0709769112723,8.069232177734374,3.331827251019145,118.36524251302077,-0.015476622794754258,-0.056338739436413654,0.09947296886930346,,,,-0.015597635928145987,-0.0903133324064499,-0.3166057625575093,-0.29870186436711244,0.07041519148236808
2026-01-27 00:00:00+05:30,1785.86974698395,1811.1265037621952,1705.8238034248143,1783.7816162109375,438586,0.0,0.0,1784.8306518554684,1649.9368310546874,,,1769.5378146708051,1645.1499976659597,,,1810.2045729864212,1705.154043255974,1843.4269988558847,1681.483359890175,1842.4784400377955,1712.6616568660372,1820.7975486907294,1873.8965190899453,1830.7279718532016,1831.2865434825371,1882.8368411172432,1797.7451547823816,1669.6195513659438,1680.3594977827674,1800.617073894431,1783.7816162109375,1837.029541015625,1824.649799860682,59.23012189963674,50.51547842204127,-12.65920117549986,63.17467959754113,33.28484798657479,41.58614062824358,-8.301292641668788,2.334193254150266,3.0953194627572964,-67.19665093311532,-2.8591483680337935,11.540133181893125,-52.5020751953125,-124.3327229682177,102.68050484549917,55.17193222654321,-1.2385073617377444,-0.6892048296710409,0.5340269753425941,0.5224456797559994,9.182008725208627,16.43657754095011,-88.86612279643077,-9439.84532649328,-9687.724724715243,35.20033772786466,0,1,0,35.20033772786466,0,0,0,1,0,73.87451122782791,105.30270033738088,1624.865648559062,1784.8306518554684,1944.7956551518748,17.924950261259855,0.4967210464072972,1620.903869110974,1769.5378146708051,1918.1717602306362,1571.3864976644124,1757.4311469804811,1943.4757962965496,3.25932686771448,0.30515836904645127,1604.4644100117764,1784.8306518554684,1958.6801796172183,7799954.0,53.95344672796734,0.24005380033488066,7178320.406626276,175706.32299176417,851238.0941916442,1766.910641132649,22480527.983876277,1007.2179079721211,-7.735601902495555,0.31698672799013927,-8.052588630485694,1.581503392083288,-0.013115814370811165,79.98250164820324,6397.200569904834,1807.8450927734375,1807.8450927734375,-1.254215483291586,0.7058216500293553,0.6062339590287256,6397.200569904834,1860.952415248326,9.227655029296875,3.3195160154981673,113.99735568576385,0.0,-0.023887299820845698,0.11540133181893131,,,,0.0,-0.0903133324064499,-0.3166057625575093,-0.29870186436711244,0.07041519148236808
2026-01-28 00:00:00+05:30,1766.280862347516,1788.8527748785984,1761.6072997786334,1778.9091796875,257576,0.0,0.0,1793.7152465820309,1654.3975268554686,,,1770.430325624776,1650.3954557844515,,,1809.6406232561385,1710.2117824180452,1838.0899545601076,1690.3437341529348,1831.5954704034932,1723.7725075428637,1806.007421235584,1877.2021146689217,1828.3185214280259,1822.481770368129,1885.4682969496553,1801.5217224922362,1673.9464474907297,1685.9637917355928,1793.227108029498,1781.3453979492188,1834.5933227539062,1824.649799860682,58.323364565442674,45.29741678784876,-14.301810247753899,59.59922703560266,29.111442748316268,34.28022846013,-5.1687857118137295,0.0,1.9366919404036926,-69.24689106136337,-3.176922276566406,11.097300546184803,-58.368896484375,-555.9934242704835,89.16685519421367,52.587102001515674,-1.5151866844566824,-1.2385073617377444,0.5194761933241088,0.5295810632882203,5.222018373467949,-3.5827589806831384,-30.828234080648144,-9037.582265253539,-9532.879188936337,-9.877319335937385,0,1,0,-9.877319335937385,1,0,0,0,0,70.54386579012342,27.245475099965006,1658.933328568561,1793.7152465820309,1928.4971645955009,15.028240214861338,0.4450739865081487,1630.762379623031,1770.430325624776,1910.0982716265212,1579.639602718969,1761.5576995077593,1943.4757962965496,3.6197508703752357,0.3062125295812551,1615.896123743127,1793.7152465820309,1965.1898311816162,7542378.0,47.96046251398678,0.24042661451067207,7247884.89531696,205529.6127891764,550343.6935984184,1776.4564181149108,22410170.56464091,1006.9447558957035,-8.673397509322674,-0.49664710306958426,-8.17675040625309,0.9643898804509392,-0.2197040539674051,67.39095900673497,4541.541355847433,1807.8450927734375,1807.8450927734375,-1.3561503365823493,1.6424856082394355,0.48227477613537106,4541.541355847433,1841.4913766043526,8.8845947265625,3.3097292167591847,108.29503499348954,-0.0027315207641770423,-0.009522779008290128,0.11097300546184807,,,,-0.0027352581744469052,-0.0903133324064499,-0.3166057625575093,-0.29870186436711244,0.07041519148236808
2026-01-29 00:00:00+05:30,1761.0108069500918,1769.8606314420645,1731.1800197064426,1740.4276123046875,311622,0.0,0.0,1799.0499877929685,1656.5334130859374,,,1767.5729243561964,1653.9261285891669,,,1804.56561046782,1713.5855112591912,1826.2035112927815,1695.7000228536126,1812.1584161998362,1729.571887069469,1788.9059982656502,1877.6542917120648,1822.752511849601,1807.1857247155097,1884.5065634142522,1804.7953724415086,1677.2512095952654,1689.3894905830614,1782.194131320946,1759.6683959960938,1815.3525390625,1824.649799860682,51.60407038254573,37.623227319834314,-17.580799772614682,55.204027092448996,26.03905479399576,29.47844850962894,-3.43939371563318,0.0,0.7780644180500886,-85.43929362353403,-4.318587218393273,6.530738992130557,-78.5543212890625,-1001.1016675143087,73.1088319783405,56.00029194031772,-1.8805327356634378,-1.5151866844566824,0.4991177224997978,0.5313337508856172,0.9927325539548064,-15.145199337989425,-53.82581107361125,-8671.460997333646,-9228.34068801764,-41.381917317708215,0,1,0,-41.381917317708215,1,0,0,0,0,68.9142439466187,47.729159981057364,1683.9159410421719,1799.0499877929685,1914.1840345437652,12.799427201246402,0.24541685477638525,1632.115418929654,1767.5729243561964,1903.0304297827388,1611.8568066999903,1777.66630149827,1943.4757962965496,4.194213853741018,0.31534024515489245,1626.420202892184,1799.0499877929685,1968.0822126613032,7230756.0,35.78130011120697,0.19619832625457487,7085265.363031109,147302.9608163312,-1241377.2613394693,1747.1560878177318,21736066.280515883,1006.9447558957035,-7.95465330773285,0.17767767881619267,-8.132330986549043,1.1926681348155668,-1.0183325808944585,57.56702337539835,3313.96218030366,1807.8450927734375,1807.8450927734375,-1.2767147390046605,2.450268097641348,0.2538344272140243,3313.96218030366,1815.5968558175223,5.3347412109375,3.3005217607503514,100.48865071614586,-0.021632114681409687,-0.03516891195973493,0.06530738992130547,,,,-0.021869518820623875,-0.0903133324064499,-0.3166057625575093,-0.29870186436711244,0.07041519148236808
2026-01-30 00:00:00+05:30,1740.1292306972773,1763.8944484671565,1719.943683068476,1733.6658935546875,273317,0.0,0.0,1803.9472106933592,1659.3733056640624,,,1764.3436833274814,1657.053178195658,,,1798.3385538736982,1716.6103144148283,1814.468710577459,1700.1933007383227,1794.0657372054825,1734.0495072522385,1770.8581146742254,1875.5606331485417,1816.6155451403179,1785.268448198705,1882.954730121659,1805.0902323930586,1679.535702309592,1692.241177393376,1768.8019927648875,1737.0467529296875,1811.9716796875,1824.649799860682,50.50306893754856,30.642534619027174,-19.649193978737458,50.29172859776463,19.009767690801652,24.720088411037892,-5.71032072023624,0.0,0.0,-88.28451224269764,-4.690318164430813,5.987844621909383,-85.3160400390625,-1441.685334874307,53.99929155688869,54.09129485799249,-2.2806092096997563,-1.8805327356634378,0.4742496956579467,0.5272785231437767,-2.5378760446335833,-13.777105566416594,-57.727870965097054,-8531.331731435323,-8898.210597183828,-65.8597208658853,1,0,0,-65.8597208658853,1,1,0,0,0,67.13113833605168,43.95076539868046,1712.0840522987546,1803.9472106933592,1895.8103690879639,10.184683659262555,0.11746733746746751,1633.4153183418134,1764.3436833274814,1895.2720483131493,1638.1079169970446,1790.791856646797,1943.4757962965496,4.742837230538224,0.3162786756471316,1631.0252977978587,1803.9472106933592,1974.725763099066,6957439.0,36.341376311324716,0.1726273012346611,6982617.218030045,77431.01516197994,-1328050.893090081,1739.16800836344,21629880.153007455,1006.556246847571,-8.291014204840542,-0.12694657463319814,-8.164067630207343,0.9470013661888529,-1.5301306501301304,45.9315791973023,2109.709967558053,1807.8450927734375,1807.8450927734375,-0.40962215943513536,0.10833279431606085,-0.12305717596828537,2109.709967558053,1787.121240234375,4.897222900390625,3.2933855372384313,91.39622884114578,-0.0038850904813249043,-0.043137015789172284,0.05987844621909377,,,,-0.003892657049575273,-0.0903133324064499,-0.3166057625575093,-0.29870186436711244,0.07041519148236808
2026-02-02 00:00:00+05:30,1727.3019475038886,1730.9811506625792,1702.5423704687228,1720.3414306640625,207457,0.0,0.0,1804.8222473144529,1660.4432348632813,,,1760.152992597632,1659.535070449321,,,1790.3760986328127,1719.0012212775734,1801.7126304015576,1703.367986626185,1775.5031592804844,1736.5621240233938,1751.9482527035136,1870.9466210984847,1785.0941532960478,1768.885622589007,1881.3272640660302,1810.3184361989597,1680.3200178915156,1694.1203758141673,1753.522045700788,1727.003662109375,1805.3094482421875,1823.0090833826362,48.31547131402459,23.761208145706405,-21.224416361646583,44.98562450735299,11.2212456781814,18.756689387659605,-7.535443709478205,0.0,0.0,-92.61245709922412,-8.990004812997327,1.0277375000457,-169.93603515625,-1598.8121937272292,36.30143881512663,53.940405624767905,-2.6920654836600693,-2.2806092096997563,0.4455069889241825,0.5177345232936719,-5.502939068293454,-38.50038574677819,-66.93916594063467,-8609.428261705874,-8675.432664082891,-84.08964029947904,1,0,0,-84.08964029947904,1,1,0,0,0,64.55916581818833,31.123523085964734,1716.759380779584,1804.8222473144529,1892.8851138493217,9.758619350565406,0.020338026829163795,1635.765705594225,1760.152992597632,1884.540279601039,1702.5423704687228,1823.0090833826362,1943.4757962965496,5.307802990251852,0.28556349704249934,1639.6000203674205,1804.8222473144529,1969.4540717912466,6749982.0,38.14182536992932,0.1468709381085683,7034843.622576509,58425.34655344114,-1533222.6366344108,1717.9549839317883,21470434.60423262,1005.7876752940691,-10.250900631832838,-1.6694664013003955,-8.581434230532443,0.75306233200053,-1.9186478926833426,44.03143326743446,1938.767115584534,1807.8450927734375,1807.8450927734375,-0.22353080906505976,-0.27074309802385094,-0.5013254537307014,1938.767115584534,1761.483801269531,0.87503662109375,3.281271295148544,83.94183865017358,-0.007685715535018511,-0.03556499572051486,0.010277375000457,,,,-0.007715402856692984,-0.0903133324064499,-0.3166057625575093,-0.29870186436711244,0.07041519148236808
2026-02-03 00:00:00+05:30,1779.80416769661,1783.8810175406086,1683.9478836148387,1708.3096923828125,274160,0.0,0.0,1802.2070800781248,1660.902626953125,,,1755.2155354343158,1661.4478007212228,,,1781.1844267345612,1720.8783372587316,1788.3498893472483,1705.3995002504291,1757.0136824315694,1737.406031950978,1733.8235441767702,1863.9387342471168,1762.6740875759438,1754.7638659361849,1878.7419634991027,1809.9494087057349,1680.4137198650649,1695.1006421452005,1738.2466194529175,1714.3255615234375,1799.2935791015625,1813.7118399556941,46.36256902636914,17.139275710888796,-22.277079037171355,39.41635474806015,9.496667073920499,13.242560147634517,-3.7458930737140186,0.0,0.0,-90.61302943631674,-6.518669582654769,-2.970746190340362,-119.1243896484375,-1467.9251755247276,24.866007710547137,48.689116494592824,-2.487381292691536,-2.6920654836600693,0.4135925734219281,0.5032908581551501,-8.533347226391392,23.13831599218588,-76.794817933584,-8740.181134979186,-8615.52701976587,-93.204610188802,1,0,0,-93.204610188802,1,1,0,0,0,67.08587782587273,99.93313392576988,1705.896166672248,1802.2070800781248,1898.5179934840016,10.68810731802272,0.012529866165806855,1623.63977406442,1755.2155354343158,1886.7912968042117,1683.9478836148387,1813.7118399556941,1943.4757962965496,5.891182493956999,0.2586539532589699,1635.8687525787352,1802.2070800781248,1971.937550528364,6475822.0,36.371946480708814,0.10797159167565003,6894353.672327753,637.5573568493128,-1785422.455284852,1725.37953117942,21278692.354212273,1005.7876752940691,-9.932049304850812,-1.080492059454695,-8.851557245396117,0.9962962316919302,-1.9498805353367743,48.155456702938366,2318.9480102685716,1807.8450927734375,1807.8450927734375,-0.4152015884872286,-0.27608422712403785,-0.7095074315496401,2318.9480102685716,1739.139120047433,-2.615167236328125,3.276160407599378,79.57682210286454,-0.006993808360823861,-0.04231006931691583,-0.029707461903403565,0.29856382433328377,,,-0.007018379670224381,-0.0903133324064499,-0.3166057625575093,-0.29870186436711244,0.07041519148236808
2026-02-04 00:00:00+05:30,1708.3097309727823,1720.2420457409276,1679.5727152964762,1695.383056640625,190685,0.0,0.0,1796.9220581054688,1663.18169921875,,,1749.517204120631,1662.7785950710033,,,1771.010710216704,1722.2305109719669,1774.340272186617,1706.2853048763043,1738.4687311156702,1736.609139324452,1717.007677303165,1854.6630018170881,1744.289578866351,1738.7766822755957,1873.9690757224835,1807.3123936213753,1683.099866618105,1695.1208011713163,1724.1046140734234,1701.8463745117188,1792.8302612304688,1811.524255796513,44.29121785712044,10.724648009465227,-22.953365390875938,33.678013400341165,7.588492837592389,9.435468529898095,-1.8469756923057066,0.0,0.0,-94.00903495168197,-5.602921294001766,-5.86871400922676,-100.629150390625,-1128.4185351777194,3.7329567540273274,46.84861140731406,-2.6018323214036574,-2.487381292691536,0.3790823281360822,0.4843844154350253,-10.39391391895273,-31.16356367780986,-71.83289412226122,-8730.128200983481,-8660.11312096482,-113.73811848958329,0,1,0,-113.73811848958329,1,0,0,0,0,65.19898158434263,40.66933044445136,1689.4031563718872,1796.9220581054688,1904.4409598390503,11.967007834156242,0.02780860003367229,1622.7259285108298,1749.517204120631,1876.3084797304323,1679.5727152964762,1811.524255796513,1943.4757962965496,6.47992688617107,0.2428873387892913,1634.5406235734129,1796.9220581054688,1964.8421484620385,6285137.0,38.38878219902758,0.05914628227750816,6851927.564532867,-36560.07773620635,-1882492.8954583053,1698.3992725593428,21134402.618721697,1005.0309837058971,-11.935088665687486,-2.466825136233094,-9.468263529454392,0.7092302777001873,-1.8887655998653101,53.75945086679078,2890.0785574988918,1807.8450927734375,1807.8450927734375,-0.4284387775420991,-0.5999599476263062,-0.7929849505879748,2890.0785574988918,1719.1880144391741,-5.28502197265625,3.273895374346583,75.92928819444438,-0.007566915881719871,-0.04695356232944281,-0.05868714009226761,0.22741352189655073,,,-0.007595690237020568,-0.0903133324064499,-0.3166057625575093,-0.29870186436711244,0.07041519148236808
2026-02-05 00:00:00+05:30,1695.382985135035,1720.1425615110163,1671.8167130146078,1680.06982421875,143741,0.0,0.0,1788.9373474121094,1664.5797656250002,,,1742.9031679394996,1663.456682488562,,,1759.8819260370165,1722.8927903837316,1759.3780063115107,1705.9087425654268,1719.3696422861053,1734.0301161196594,1700.6000890479147,1843.1229956436077,1721.3170612052832,1720.6376781228603,1868.1043360035872,1799.577387830339,1685.7526285675283,1694.0066863753934,1710.6461394447113,1687.7264404296875,1785.1736450195312,1807.6462546555786,41.90287792918054,4.3551559361264935,-23.458285971371737,27.81344190749823,6.138658487075122,7.741272799529336,-1.6026143124542136,0.0,0.0,-96.96196015077592,-6.862912020909932,-8.680146505816623,-123.7978515625,-879.343388493797,-12.303442536512648,38.874196422317475,-2.8700891058446483,-2.6018323214036574,0.34234186429480395,0.46131559158410557,-11.7953721178946,-21.072221450580173,-69.3980699469887,-8577.000254386083,-8687.841198002881,-125.17327880859372,0,1,0,-125.17327880859372,1,0,0,0,0,63.99375779234734,48.325848496408526,1671.5487531387437,1788.9373474121094,1906.325941685475,13.12383515757899,0.03629428877972205,1618.9823283884587,1742.9031679394996,1866.8240074905405,1671.8167130146078,1807.6462546555786,1943.4757962965496,7.1072470588508105,0.22595485562400214,1638.4404374686671,1788.9373474121094,1946.1451342849173,6141396.0,36.96938145056867,0.039654709204286265,6757282.876113729,-78567.86770434584,-1928013.8163289381,1690.6763662481246,21004571.231476724,1004.1277522879651,-14.938522592372625,-4.376207250334586,-10.562315342038039,0.5587275994509939,-1.8548228448811128,58.69429713668281,3445.020516369212,1799.93994140625,1799.93994140625,-0.3569910980024567,-0.7491558285858942,-0.7944448335424154,3445.020516369212,1701.7710832868302,-7.9847106933593635,3.270076089045121,73.20209418402777,-0.0090323141793206,-0.03467986123594724,-0.08680146505816622,0.16035979829847014,,,-0.009073352831943963,-0.0903133324064499,-0.3166057625575093,-0.29870186436711244,0.07041519148236808
2026-02-06 00:00:00+05:30,1673.507180723365,1693.990963887829,1667.4416115342362,1680.3682861328125,65726,0.0,0.0,1780.1820129394532,1666.447175292969,,,1736.9474649102913,1664.119882631474,,,1749.5420154389883,1723.5119480507046,1746.464777839494,1705.5443483328283,1703.9718302253957,1731.575626367287,1685.8608207141167,1829.8691566332811,1703.2659168215405,1706.953609354463,1859.8608669063265,1791.019675343138,1687.075156156435,1693.0005010692958,1698.9699439493347,1680.2190551757812,1753.751953125,1805.458703915393,41.968560265380084,-0.6610093354370292,-22.77956099434821,22.11855165891118,4.570667541564045,6.099272955410518,-1.5286054138464724,0.08414696315300355,0.028048987717667846,-95.31700227284998,-7.255358785106233,-9.437297282752528,-131.4542236328125,-750.7855791519762,-29.594762768160308,37.06718206491199,-3.2115590764468696,-2.8700891058446483,0.3048212030957842,0.43469061607746984,-13.452472860560741,-38.53146238394129,-65.08081473753396,-8578.550119328105,-8655.498027507736,-128.47125244140625,0,1,0,-128.47125244140625,0,0,0,1,0,61.319157403864864,26.549352353592667,1657.6798047698628,1780.1820129394532,1902.6842211090436,13.76288573630891,0.09260437710453374,1619.7715905824748,1736.9474649102913,1854.1233392381077,1667.4416115342362,1805.458703915393,1943.4757962965496,7.4255657922107225,0.22146857521451516,1633.6309111192836,1780.1820129394532,1934.1762068565927,6207122.0,29.702135713452023,0.006326733436392823,6755559.839602293,-89158.57815364562,-1649780.8843157082,1680.6002871849594,21005738.844124775,1004.1455171397445,-19.994903593105498,-7.546070600853966,-12.448832992251532,0.2718771419435621,-1.629582491581864,61.251104084795244,3751.6977516064208,1789.8969116210938,1789.8969116210938,-0.23487538575235392,-0.9089234234136684,-0.7697382209385398,3751.6977516064208,1688.262020438058,-8.755334472656239,3.2664299733144033,70.91815728081595,0.00017764851779378255,-0.030742721316732058,-0.09437297282752533,0.1791097576257965,,,0.00017763274016439936,-0.0903133324064499,-0.3166057625575093,-0.29870186436711244,0.07041519148236808
2026-02-09 00:00:00+05:30,1689.118512578347,1751.9621087272972,1689.118512578347,1712.4859619140625,146994,0.0,0.0,1772.9231872558596,1669.4143432617186,,,1734.6177979582696,1666.016591622948,,,1743.0947724841892,1725.3173906632965,1741.1209062233381,1707.6388967199791,1699.9477684477943,1732.839421309717,1677.165124960895,1816.324524113582,1704.5964961759346,1700.690437760437,1852.194122585245,1784.4922718351133,1689.4258421529373,1694.3300456749357,1693.9747060528834,1696.4271240234375,1745.9461669921875,1750.9180779444257,48.69100654328824,-2.02142668718443,-19.31198267687649,17.29055598969206,11.567102192423935,7.4254760736877,4.141626118736235,10.240514698712012,3.441553887288338,-73.01973099910231,-3.9968824461998533,-7.815010292765036,-71.295654296875,-707.6295033462586,-33.67924501759535,40.8797772699069,-2.443497014770217,-3.2115590764468696,0.2697980127866373,0.4053318424601413,-13.571128812103945,22.30203450662816,-40.541561642321994,-8704.788235557664,-8624.336197328254,-126.43284098307291,0,1,0,-126.43284098307291,1,0,0,0,0,62.05306206033771,71.59382259448466,1652.5658425588506,1772.9231872558596,1893.2805319528686,13.577276845625645,0.2489258944107504,1614.964612119867,1734.6177979582696,1854.2709837966722,1667.4416115342362,1805.458703915393,1943.4757962965496,7.516427453373762,0.23645195152016968,1627.7330835899447,1772.9231872558596,1928.3778211835033,6354116.0,35.41615546827963,-0.041586026299073854,6717880.871145458,-97374.57892338373,-739654.2388721696,1717.855527739902,21286695.445885822,1004.1455171397445,-21.435042806706278,-7.188967851563795,-14.246074955142483,0.6363751285789986,-1.0042964223569981,60.17867234850453,3621.4726056286636,1783.7816162109375,1783.7816162109375,-0.05159157958605948,-0.9500561381476033,-0.7445521537824785,3621.4726056286636,1683.4379429408482,-7.258825683593739,3.2692620823212466,67.5147954644097,0.019113474139151654,-0.004566226569901133,-0.07815010292765034,0.21341498487413846,,,0.018933106371574318,-0.0903133324064499,-0.3166057625575093,-0.29870186436711244,0.07041519148236808
2026-02-10 00:00:00+05:30,1725.1144124328223,1776.7216974996109,1708.9063031694348,1744.7032470703125,150875,0.0,0.0,1768.3441650390625,1673.5091162109375,,,1735.5783169213212,1669.1023428169624,,,1740.4071591331847,1728.269896695006,1742.331122508668,1712.057141998555,1705.305152574761,1737.549650136607,1677.1276136152258,1803.6644599386855,1706.2704052668628,1701.6244260168835,1845.767803975897,1779.1327111543076,1693.8767143738394,1697.5302469123349,1699.2064307874803,1728.5946044921875,1745.9461669921875,1750.9180779444257,54.39764992834388,-0.4942046946109713,-14.227808547442425,13.733603852831454,25.98025398876724,14.039341240918407,11.940912747848834,28.93513679702208,13.086599486295697,-53.722504761746,-2.190759719994999,-4.987271017247013,-39.078369140625,-743.1223140144168,-34.9101994906689,42.91690444236969,-1.4260903375344125,-2.443497014770217,0.23954864161572775,0.37422878115921004,-12.299289197174284,44.91259858613557,-22.90279574404053,-8736.396184436224,-8646.678858098974,-121.17930094401041,0,1,0,-121.17930094401041,1,0,0,0,0,62.46465722246903,67.8153943301761,1651.2113639738297,1768.3441650390625,1885.4769661042953,13.247738011751276,0.39908497981029195,1614.4034546236853,1735.5783169213212,1856.753179218957,1667.4416115342362,1805.458703915393,1943.4757962965496,7.463283149028987,0.24778097628156814,1622.2234231768143,1768.3441650390625,1925.229765075418,6504991.0,41.34116737505786,-0.05844186285279552,6726287.225014742,-89208.68674137816,60408.209245171514,1743.4437492464529,21570539.109778766,1004.1455171397445,-22.362648991776105,-6.493259229306897,-15.869389762469208,0.7461107047785207,-0.4036600807588323,58.56640053261638,3430.0232713468477,1781.3453979492188,1781.3453979492188,0.12461500560951054,-0.7502764239869555,-0.7422482910777061,3430.0232713468477,1684.5331473214285,-4.579022216796875,3.275487512898912,62.18105251736108,0.018813167449408086,0.02130383902273425,-0.04987271017247019,0.1774258721637887,,,0.01863838850902833,-0.0903133324064499,-0.3166057625575093,-0.29870186436711244,0.07041519148236808
2026-02-11 00:00:00+05:30,1752.9565342175174,1779.903654656916,1739.93044794862,1757.43115234375,143326,0.0,0.0,1764.3518188476564,1677.733156738281,,,1737.659539342505,1672.566217700366,,,1739.367824590774,1731.5609569355086,1745.6522313502232,1717.1645516059505,1713.2743462665485,1743.236435924385,1684.9104978460666,1792.3684233915549,1707.2435166371408,1708.558737099353,1839.0748809416095,1773.8827145813991,1696.822491311112,1701.2546969687792,1713.1729063168812,1751.0671997070312,1745.9461669921875,1750.9180779444257,56.45803294025901,1.7233001896977385,-9.608242930506973,11.331543120204712,42.38630276191283,26.644552981034668,15.741749780878163,50.628347798676785,29.93466643147029,-46.098855953413185,-1.2073706510145186,-4.34593570040812,-21.47802734375,-920.6385345936517,-27.963416567947206,41.935518955507256,-0.5155517011866766,-1.4260903375344125,0.2142291827468279,0.34257449896443565,-10.844345479664343,44.43426239625842,4.461055687962471,-8591.635633112777,-8675.425765404776,-107.12567138671874,0,1,0,-107.12567138671874,1,0,0,0,0,60.85812504288524,39.97320670829595,1651.7567125359647,1764.3518188476564,1876.9469251593482,12.763339500534597,0.46926746316687923,1620.411195985921,1737.659539342505,1854.907882699089,1667.4416115342362,1805.458703915393,1943.4757962965496,7.4061939684534375,0.25003745154341234,1622.838950232837,1764.3518188476564,1915.4044870245905,6648317.0,38.99576957304538,-0.04195727894321735,6708460.586446551,-83430.32614394836,312384.1438131046,1759.0884183164287,21675097.850887544,1004.8750340529966,-23.275991884877545,-5.925281697926668,-17.350710186950877,0.7512226774631625,-0.12293014733248293,56.29755315584595,3169.4144913352998,1768.170166015625,1768.170166015625,0.26931354640799315,-0.38213910127871886,-0.7306958418327201,3169.4144913352998,1689.399836077009,-3.99234619140625,3.2832304622880306,56.626781684027755,0.007295169132521595,0.03659827521579251,-0.04345935700408121,0.1295456522944991,,,0.007268688097281153,-0.0903133324064499,-0.3166057625575093,-0.29870186436711244,0.07041519148236808
2026-02-12 00:00:00+05:30,1757.033378464803,1790.8416041964406,1740.1292655989844,1775.5284423828125,337524,0.0,0.0,1762.1791442871095,1683.0788330078124,,,1741.26610153682,1676.6039520016384,,,1740.4322649274554,1735.3960661764704,1751.7606648624694,1723.3327234160693,1724.7299857410824,1750.4290718383586,1699.4832647784344,1782.976783499345,1709.9793634039497,1718.9237136814086,1833.447705578397,1770.3379450602222,1702.4085180924121,1705.726411832341,1732.278235239557,1766.4797973632812,1731.9257202148438,1742.9632001114721,59.27549360224841,4.884681282346946,-5.1574894702862135,10.04217075263316,57.246286644961465,41.87094779854718,15.375338846414287,73.8053133964511,51.12293266404998,-28.439779349956396,2.016793449492807,-2.388890753031655,35.100830078125,-1090.9629535579836,-18.668482597158345,46.80536545351879,0.24033064910612711,-0.5155517011866766,0.1941914712614512,0.31145691847593615,-9.094819892351504,49.649490489760865,-1.0628481076953449,-8502.486019713351,-8643.889648394836,-76.018798828125,0,1,0,-76.018798828125,1,0,0,0,0,60.13342601106888,50.71233859745621,1652.3803498186771,1762.1791442871095,1871.9779387555418,12.461706271396316,0.5607898208734023,1625.5247740051573,1741.26610153682,1857.007429068483,1667.4416115342362,1805.458703915393,1943.4757962965496,7.323698285671509,0.2519996606120939,1619.8252113148703,1762.1791442871095,1912.0924530504083,6985841.0,41.1589567422806,0.017678672577540754,6842146.239766864,-30945.532011813484,1140367.7980033085,1768.833104059412,22022665.93143502,1004.8750340529966,-16.54109272506728,0.6476939695068786,-17.18878669457416,1.7453879786224569,0.24315928349360943,54.89939723421612,3013.943816680256,1766.4797973632812,1766.4797973632812,0.36527959531957294,-0.06021034269634417,-0.7474767249616268,3013.943816680256,1696.9385062081474,-2.172674560546875,3.2957962517077397,51.75530626085069,0.010297581225260366,0.05681824456816953,-0.023888907530316583,0.08685862459690563,,,0.01024492233333211,-0.0903133324064499,-0.3166057625575093,-0.29870186436711244,0.07041519148236808
2026-02-13 00:00:00+05:30,1755.0446100722534,1774.832389442342,1740.0298051066318,1759.1214599609375,182576,0.0,0.0,1759.186120605469,1688.1739306640623,,,1742.9666118629266,1679.8399327059249,,,1740.1410568963915,1738.378129978554,1754.000249928801,1727.845282780771,1730.031655488702,1755.1055460563107,1715.2137344743471,1774.9248777460955,1711.1930505995033,1726.4454065934472,1826.6685972943792,1769.9049197813983,1706.9585337478843,1709.097942672916,1747.9874862643144,1767.324951171875,1731.9257202148438,1739.2840576482158,55.75324645123339,5.997061816639416,-3.2360871487949954,9.233148965434411,63.08918329593271,54.240590900935665,8.848592394997048,81.68578853297015,68.70648324269933,-36.19381480883226,1.4683086574458828,-3.2908778546550255,25.45556640625,-1309.2894409913858,-7.007577774732226,47.3363184765605,0.7764865904028806,0.24033064910612711,0.17718828888368954,0.281643729582548,-7.171295288768455,31.078940556482394,-3.723643779227814,-8710.924757584404,-8605.927374612147,-54.75604248046874,0,1,0,-54.75604248046874,1,0,0,0,0,58.37379824429116,35.498637276180716,1652.6931643153719,1759.186120605469,1865.679076895566,12.107070996381525,0.4996964088199634,1631.4866227102448,1742.9666118629266,1854.4466010156084,1667.4416115342362,1805.458703915393,1943.4757962965496,7.176760440751586,0.25355875927047866,1612.431806410404,1759.186120605469,1913.3996942298695,6803265.0,42.15629836769891,0.02074637089439042,6859881.684632935,-1018.1535902069882,549526.5093376574,1757.994551503304,21853954.40020006,1003.9509721213356,-16.68340138354593,0.4043082488225842,-17.087709632368515,0.9906112864230434,-0.0012143647201462728,53.24647814504848,2835.1874348511255,1758.2763061523438,1758.2763061523438,0.5169331571085996,0.4162992691710985,-0.7507905532912467,2835.1874348511255,1702.0509294782366,-2.993023681640625,3.3061696572907966,47.19760199652776,-0.009240619316611132,0.0468666151807513,-0.03290877854655028,0.1052040072794087,,,-0.009283578691577771,-0.0903133324064499,-0.3166057625575093,-0.29870186436711244,0.07041519148236808
2026-02-16 00:00:00+05:30,1740.129224645949,1783.0855089530678,1734.1630673043055,1769.0650634765625,51963,0.0,0.0,1753.1255004882814,1693.7085351562496,,,1745.452178683273,1683.3389574420282,,,1741.0819085984006,1741.5503312653186,1757.6838402469962,1732.8235528486266,1737.0818951087697,1760.4360219026914,1731.2531071650517,1768.4194573591906,1714.6818790038296,1736.2906473531486,1821.773610559183,1760.7164493624869,1709.3645919665032,1712.8293936811601,1758.6570473494198,1764.09326171875,1729.489501953125,1729.1416078653383,57.405211605288024,7.593464375332815,-1.3117476720812782,8.905212047414093,72.5730963785163,64.3028554398035,8.270240938712803,89.65320047470792,81.71476746804305,-17.647116705662434,2.8322071388870973,-6.412413232210234,48.7236328125,-1762.6167434883498,-3.8829473401387986,50.96567637769987,1.1853922224832276,0.7764865904028806,0.1633455488365465,0.25383850462861673,-5.171491395208284,35.71611512567915,-13.206326523083135,-9063.608593652216,-8680.344296893416,-30.70914713541666,1,0,0,-30.70914713541666,1,1,0,0,0,57.69870134461053,48.92244164876229,1666.0120334526637,1753.1255004882814,1840.2389675238992,9.938075398635736,0.5914873643001943,1635.270771040606,1745.452178683273,1855.6335863259399,1667.4416115342362,1805.458703915393,1943.4757962965496,7.018588375759979,0.20721610702195978,1611.600518219127,1753.1255004882814,1904.1660562110294,6855228.0,50.1298608690152,-0.03447452788548891,6882061.0359129375,18374.49058865197,544836.9322154808,1762.1045465779787,21883326.986530393,1004.5162317547349,-21.728063279992192,-3.7122829180989427,-18.01578036189325,0.3079161160722222,0.3659494572007772,43.55673351780891,1897.1890347414178,1758.2763061523438,1758.2763061523438,-0.18225202656797532,-0.917750377486006,-0.6474058934631038,1897.1890347414178,1716.9947248186384,-6.0606201171875,3.3167394788748625,44.86881510416664,0.005652596333993731,0.033039162259328014,-0.06412413232210235,0.061325494914094,,,0.005636680360882744,-0.0903133324064499,-0.3166057625575093,-0.29870186436711244,0.07041519148236808
2026-02-17 00:00:00+05:30,1771.7499024853544,1788.8528382673826,1755.442381517733,1784.27880859375,79884,0.0,0.0,1750.9677368164064,1699.8695874023433,,,1749.1499529604612,1687.2973829773898,,,1744.0488903227308,1745.10210669424,1763.562299673667,1738.644599176528,1746.8954453981369,1766.963803146795,1747.7720941082841,1763.661463200627,1722.789719316122,1749.3272105144558,1818.2248235182592,1756.8030446399025,1716.8895901104963,1717.163266874572,1766.0139793859767,1776.6719360351562,1732.17431640625,1729.1416078653383,59.87367064181194,9.971304003311616,0.8528735647180188,9.118430438593597,80.28025243602812,71.9808440368257,8.29940839920242,89.65320047470792,86.99739649412865,-5.318311177420898,4.447034197000487,-2.3615228511844086,75.9691162109375,-2192.1898060003878,-3.230762203363156,53.391774253858024,1.6225125162393712,1.1853922224832276,0.15302745634122594,0.22872129665141047,-2.897835170169869,36.210670901942194,2.8002141522927104,-9197.826564744295,-8874.896547821812,-7.043375651041668,1,0,0,-7.043375651041668,1,1,0,0,0,55.963826730684744,33.410456749649484,1669.6596986382601,1750.9677368164064,1832.2757749945526,9.287211462385914,0.7048448869493008,1643.0981161885913,1749.1499529604612,1855.201789732331,1667.4416115342362,1750.9180779444257,1834.3945443546152,6.839678212853022,0.17686968460255778,1618.4739287330729,1750.9677368164064,1885.9567400832902,6935112.0,46.588640842509214,0.025606051163528487,6940072.136108759,43095.51412515994,640622.3440334701,1776.191342792955,21952026.25825492,1004.5162317547349,-24.901411383093368,-5.5085048169600945,-19.392906566133274,0.5349515902427787,0.8193795477972025,40.654019089073174,1652.7492680947262,1758.2763061523438,1758.2763061523438,-0.3778502787531676,-0.9887165127911853,-0.5931520386540123,1652.7492680947262,1730.2111973353794,-2.157763671875,3.3281539269078917,44.35948350694443,0.008599878789810944,0.02268326237707896,-0.023615228511844055,0.05870549298269934,,,0.008563110483810955,-0.0903133324064499,-0.3166057625575093,-0.29870186436711244,0.07041519148236808
2026-02-18 00:00:00+05:30,1779.903582650377,1789.847178084178,1744.1066390886936,1747.88525390625,52259,0.0,0.0,1748.5613891601565,1705.5215283203122,,,1749.0295054314888,1689.6733779157767,,,1743.7553205217635,1746.9850740081188,1761.960271360081,1741.2897964596732,1745.5402586866173,1768.7570888015607,1759.4199358575993,1759.2262276049241,1724.1407723172401,1755.6484936648649,1812.6783039378865,1754.226161278514,1721.456924715038,1719.2074318855919,1767.2217712832592,1766.08203125,1732.17431640625,1729.1416078653383,52.09604185131185,8.817461127046727,-0.24077544923749628,9.058236576284223,80.74130446994855,77.86488442816432,2.876420041784229,81.98501158671482,87.09713751204355,-34.810658707070985,3.096774918209769,-2.6796562371116783,52.502197265625,-2437.429999326023,-6.310955589597597,50.6150891869196,1.9416219114814512,1.6225125162393712,0.14289034405570167,0.20656001662484355,-1.2313972865866627,37.88456978433601,-7.8559692111484765,-8891.290702876044,-9020.847629542244,8.733805338541668,1,0,0,8.733805338541668,1,1,0,0,0,55.23359189245616,45.740538995484485,1670.0664368358186,1748.5613891601565,1827.0563414844944,8.978232369872861,0.495693129087379,1644.3653599720856,1749.0295054314888,1853.693650890892,1667.4416115342362,1750.9180779444257,1834.3945443546152,6.5260652831792,0.1811494985161717,1618.647906561564,1748.5613891601565,1882.6504591085766,6882853.0,51.8672459074407,0.01923290365608175,6896447.342704802,35410.27002291288,277406.18425525125,1760.6130236930405,21845434.689423084,1002.4765530614603,-28.842239262342904,-7.559466156967705,-21.2827731053752,0.3857128517316816,-0.017227483650483925,39.24747616216893,1540.3643851000181,1752.658203125,1752.658203125,-0.30374070706937967,-0.8513075087444876,-0.5179980610721062,1540.3643851000181,1734.1431832449778,-2.40634765625,3.3354630030492065,44.77268880208331,-0.020396786932745714,-0.0054317339400575815,-0.026796562371116828,0.10525655206803197,,,-0.020607673930681237,-0.0903133324064499,-0.3166057625575093,-0.29870186436711244,0.07041519148236808
2026-02-19 00:00:00+05:30,1750.0728255571655,1770.9543763166544,1727.898558816995,1750.9677734375,128194,0.0,0.0,1745.916394042969,1710.5828198242184,,,1749.2141023844422,1692.0770797009422,,,1743.9844999767486,1748.767279698989,1761.0803830867928,1743.9787639386684,1745.26107546325,1770.6429863651415,1767.2152699603457,1755.1261273210457,1726.65922111471,1761.9264714817527,1807.591061167038,1750.8237443009011,1726.9637103414689,1721.3158543566467,1765.0069931030125,1749.426513671875,1732.17431640625,1729.1416078653383,52.65700342676275,8.058868282015055,-0.7994946354153338,8.858362917430389,75.85278715088027,78.95811468561898,-3.1053275347387057,72.1876561126692,81.27528939136397,-32.31266866286725,4.219940635605326,-2.932582198460827,70.89794921875,-2787.4748751195375,-13.042489915530041,50.99830278389273,1.63763758583048,1.9416219114814512,0.13324063521107377,0.18749550908209794,0.4086459427165394,19.133887282861224,-23.921930216798046,-8202.873307072474,-8907.45273932756,20.2352294921875,1,0,0,20.2352294921875,1,1,0,0,0,54.36375086439924,43.05581749965927,1671.8268199785448,1745.916394042969,1820.005968107393,8.487184646093736,0.534089677652477,1646.3168626831423,1749.2141023844422,1852.111342085742,1667.4416115342362,1750.9180779444257,1834.3945443546152,6.1591727565007055,0.18029269069614393,1619.6318762563567,1745.916394042969,1876.7982066109012,7011047.0,55.34626926443713,0.008160251000699715,6905625.482907896,31967.50840725843,294228.2306172243,1749.940236190383,21868042.609931935,1002.4765530614603,-28.414615895478757,-5.705474232082846,-22.70914166339591,0.9571566487794935,0.13635871060990779,37.04478703221206,1372.3162462619466,1749.426513671875,1749.426513671875,-0.31736755634613073,-0.6655796549825992,-0.45914028836024484,1372.3162462619466,1740.120711844308,-2.6449951171875,3.342711537841114,43.64751627604166,0.0017635708776426728,-0.013832878347108557,-0.029325821984608313,0.08744516122380341,,,0.0017620176124498112,-0.0903133324064499,-0.3166057625575093,-0.29870186436711244,0.07041519148236808
2026-02-20 00:00:00+05:30,1750.967702000402,1758.8231664800735,1730.185563768437,1738.5382080078125,45771,0.0,0.0,1742.2521789550783,1714.6079858398434,,,1748.1973505390488,1693.8990847325845,,,1743.281815592448,1749.8635694316788,1758.0135909334388,1745.515962658056,1741.8460856620786,1770.8608918658344,1769.777109660359,1750.9840681174437,1727.402892732563,1762.1801841122108,1798.9325470112842,1747.0676192732747,1730.2923209979485,1722.4979967287193,1758.7790278346201,1744.7529907226562,1732.17431640625,1729.1416078653383,50.108931694641036,6.381157918644476,-1.9817639990287308,8.362921917673207,63.49714066091978,73.3637440939162,-9.866603432996413,54.07541680058549,69.4160281666565,-42.385250647302406,3.4617364749766755,-4.044783711584004,58.169921875,-3277.783221362354,-17.5244313536798,49.94260516294326,0.9177080773135906,1.63763758583048,0.12324221853450279,0.1712115319429719,1.762212338118754,8.90014616427743,-19.73745654735899,-7509.728111969847,-8482.647116101862,28.803283691406246,1,0,0,28.803283691406246,1,1,0,0,0,52.52616885348761,28.63760271163642,1674.9487798475311,1742.2521789550783,1809.5555780626255,7.7260226642864795,0.47240874163479407,1649.6450664832753,1748.1973505390488,1846.7496345948223,1667.4416115342362,1742.9632001114721,1818.484788688708,5.712437861936179,0.17994101674860935,1620.1546009751873,1742.2521789550783,1870.0372352835814,6965276.0,59.764356785058126,-0.009481626705768364,6886554.265241639,21584.854088204913,170922.24920301704,1742.5156460854414,21835551.227285564,1001.7666847464493,-32.10395131354674,-7.515847720120661,-24.588103593426077,0.34691662510630106,-0.11036503346082352,33.65169955377363,1132.4368828574486,1746.2942504882812,1746.2942504882812,-0.4988229896502597,-0.7480689698704414,-0.41927893964187757,1132.4368828574486,1745.3410888671876,-3.664215087890625,3.3465548708637947,42.203926595052074,-0.007098683150110641,-0.011700870247800865,-0.04044783711583999,0.09548873036392069,,,-0.007123998677087459,-0.0903133324064499,-0.3166057625575093,-0.29870186436711244,0.07041519148236808
2026-02-23 00:00:00+05:30,1746.8908687811231,1766.9768827105463,1733.964194906482,1758.4254150390625,129836,0.0,0.0,1740.9843688964847,1718.9473706054684,,,1749.1714519200025,1696.4295290583286,,,1744.822123790923,1751.581899988511,1758.9341420976943,1748.4534269075357,1744.2579490370701,1773.1954956809511,1770.1027044757002,1747.4482298931441,1728.9226351307282,1763.1294601975062,1794.6378097969937,1744.8878647126726,1732.2807849763453,1724.860851712922,1753.8337428329899,1748.4818115234375,1732.17431640625,1729.1416078653383,53.948658522266,6.580436594637604,-1.4259882584284824,8.006424853066086,66.34429402655117,68.56474061278374,-2.220446586232569,57.51176432399768,61.25827907908412,-26.269198610176826,2.6826177934710205,-1.42148573241471,45.939453125,-3477.094702469226,-19.200511414520406,51.18773554795144,0.33673748727018443,0.9177080773135906,0.11450814820841426,0.15731814378660372,3.259803221702323,15.839234577140815,-17.173453226923584,-6957.869238065441,-7879.060463171021,45.160502115885414,1,0,0,45.160502115885414,1,1,0,0,0,51.132348778528815,33.0126878040644,1676.061688836946,1740.9843688964847,1805.9070489560236,7.458157720357913,0.6343216740789432,1653.7169686687666,1749.1714519200025,1844.6259351712383,1667.4416115342362,1739.2840576482158,1811.1265037621952,5.114943088714574,0.17850062530102379,1625.1354236072666,1740.9843688964847,1862.1410894861592,7095112.0,56.69797356292785,-0.0050916836216164905,6949125.9235325055,35284.309133121744,515372.7010467825,1753.1221642186968,21984071.13902614,1001.7666847464493,-30.575629354856368,-4.790020609144232,-25.785608745712135,0.9970450189217084,0.5372866963157719,32.461340029769474,1053.738596528314,1746.2942504882812,1746.2942504882812,-0.5407004624308323,-0.6215704729319061,-0.45404516972642484,1053.738596528314,1752.4976335797992,-1.26781005859375,3.3477269902388094,39.60533447265625,0.011439039383574379,-0.00601427763012341,-0.014214857324147068,0.12422123111917882,,,0.011374108269783106,-0.0903133324064499,-0.3166057625575093,-0.29870186436711244,0.07041519148236808
2026-02-24 00:00:00+05:30,1753.155328589664,1758.0277147451218,1716.2646129242537,1745.6976318359375,121434,0.0,0.0,1739.0801696777346,1723.624836425781,,,1748.8406119119961,1698.3616115201958,,,1745.2710059756325,1752.6309298406861,1757.3741906369496,1750.2016710347573,1742.9836770296215,1773.7968336131835,1767.8430628392603,1744.2991596546594,1729.0009622873738,1760.3518079242317,1790.7454665359596,1739.7405708075785,1735.952773176483,1726.2793954920896,1750.3211670231922,1752.0615234375,1732.17431640625,1729.1416078653383,51.23112401895648,5.646254144016666,-1.8881365672395365,7.5343907112562025,64.92070085665826,64.92071184804307,-1.0991384812086835e-05,54.86695536350399,55.484712162695715,-36.583448172546,0.05699449274796505,-2.135013839636772,0.994384765625,-3708.071464883824,-24.85695362149204,53.370726242316984,-0.2689431470309013,0.33673748727018443,0.10595430348276924,0.14528760164615276,3.9197705316980906,7.6672117970688305,-34.09589002379926,-6474.69364697875,-7268.7936090203,51.27581787109374,1,0,0,51.27581787109374,1,1,0,0,0,50.49152401683453,42.1608021148088,1677.2840289183396,1739.0801696777346,1800.8763104371296,7.106761590047496,0.5535426814432326,1654.4464028532952,1748.8406119119961,1843.234820970697,1667.4416115342362,1729.1416078653383,1790.8416041964406,4.347815142063583,0.17997074267819285,1631.74633383752,1739.0801696777346,1852.8671000872848,6973678.0,58.75169795906141,-0.054467031061183474,6998855.89664216,53504.14044701215,220950.08297034484,1739.9966531684377,21896175.137736034,1001.0428676829407,-29.535133826658654,-2.999620064757213,-26.53551376190144,0.954094504335829,0.2141707257729304,30.898070379697504,954.6907531887404,1745.200439453125,1745.200439453125,-0.5764848546259572,-0.4574677856626168,-0.5097406972954438,954.6907531887404,1757.6526785714286,-1.90419921875,3.3435916264315897,37.88111816406251,-0.00723817063508625,-0.021622840876656224,-0.02135013839636768,0.1335959490748997,,,-0.0072644932876370395,-0.0903133324064499,-0.3166057625575093,-0.29870186436711244,0.07041519148236808
2026-02-25 00:00:00+05:30,1753.4536425868885,1784.8753798726357,1737.4444782192616,1762.303466796875,94694,0.0,0.0,1738.2498840332034,1728.6264648437498,,,1750.1227885676988,1700.869135256536,,,1747.4827485584078,1754.1477388748467,1759.0037101025782,1753.0854407328927,1746.297984143024,1776.1167940362427,1765.6750734324269,1742.0557357683533,1729.2290744893219,1759.2781587134418,1788.0001250173927,1737.2015458251094,1737.448574516846,1728.6485114786008,1750.8829677522913,1754.0005493164062,1732.3235473632812,1729.1416078653383,54.454649425918525,6.174682031223028,-1.087766944026539,7.262448975249567,71.34027411495862,67.53508966605601,3.805184448902608,62.890787693883446,58.42316912712837,-23.12653087240126,0.277240701385495,-0.9334772724902188,4.872314453125,-3831.20858831669,-23.853229597417794,52.252546847094244,-0.28851348641499175,-0.2689431470309013,0.09879212654919645,0.13468767445590224,4.579890745198796,32.808739231893924,-14.622162421480198,-5997.531735871152,-6728.730936321564,51.14324951171875,1,0,0,51.14324951171875,1,1,0,0,0,50.27290813373022,47.43090165337412,1678.287951694898,1738.2498840332034,1798.2118163715088,6.899115356093415,0.7005737792768351,1655.6840467234697,1750.1227885676988,1844.5615304119278,1667.4416115342362,1729.1416078653383,1790.8416041964406,3.1903993628888725,0.18365618624256264,1628.5626120730976,1738.2498840332034,1854.7297349612145,7068372.0,65.73141920796736,-0.07805235408890877,7003421.956321041,57546.53220533766,414024.77623044065,1761.5411082962576,21986252.18814351,1001.9941111662393,-29.962752477692398,-2.7417909726327636,-27.220961505059634,0.7735584719005665,0.8022951171073417,29.980966169152627,898.8583324358742,1745.200439453125,1745.200439453125,-0.6486150504628603,-0.3568033568095387,-0.641694396699153,898.8583324358742,1765.948477608817,-0.83028564453125,3.33957454297154,35.23700737847221,0.009512434832986028,0.00824894703951684,-0.00933477272490224,0.1397427698070588,,,0.00946747650864684,-0.0903133324064499,-0.3166057625575093,-0.29870186436711244,0.07041519148236808
2026-02-26 00:00:00+05:30,1789.8472377232144,1818.186485653832,1745.299880142723,1754.05029296875,107912,0.0,0.0,1738.9310180664065,1733.4093359375,,,1750.4968366058943,1702.9546708530936,,,1748.9875494094124,1755.1447517424938,1758.870380505343,1755.127027962364,1746.9156677289284,1777.2129660383823,1763.0362367677892,1740.4302485799758,1729.7890231823164,1758.2972984527867,1784.4031819254117,1737.479133825246,1742.608495225965,1730.3600818516118,1752.5284633617234,1758.1768798828125,1748.3823852539062,1753.6524991160895,52.593979481988455,5.85995289637799,-1.1219968630972623,6.981949759475253,63.53274196080376,66.59790564414021,-3.0651636833364506,52.18153037804492,56.64642447847745,-49.69179507264143,-1.2096764490710257,0.7827203250368593,-21.4781494140625,-3572.3748890547167,-15.462582820664693,42.99503197422377,0.0874007568923266,-0.28851348641499175,0.09217392063201046,0.12524163353904902,4.747932301972223,65.83646610908909,-7.050139402020022,-5634.044261215813,-6256.060710830176,48.110453287760414,1,0,0,48.110453287760414,1,1,0,0,0,51.88817223211443,72.88660551110911,1678.556851637441,1738.9310180664065,1799.305184495372,6.943825350369353,0.6252131151171452,1651.1690976970947,1750.4968366058943,1849.8245755146938,1667.4416115342362,1742.8140485940341,1818.186485653832,2.3994986843077077,0.16642241890888648,1625.95435047687,1738.9310180664065,1860.6729718088584,6960460.0,70.17049648626676,-0.0559515951182692,6921420.740401616,27877.439022531733,227647.45189171704,1772.512219588435,21935715.120554384,1001.9941111662393,-29.354345813211147,-1.7067074465212073,-27.64763836668994,1.085062889445493,0.5008524604685812,30.187083214482715,911.259992998104,1746.7914428710938,1746.7914428710938,-0.7022814545557268,-0.36330973277632456,-0.6819576990517059,911.259992998104,1769.1006120954241,0.681134033203125,3.3333539167103323,33.334245876736105,-0.004683174029683879,0.0017604661707728564,0.007827203250368564,0.16297466561558616,,,-0.004694174447196823,-0.0903133324064499,-0.3166057625575093,-0.29870186436711244,0.07041519148236808
2026-02-27 00:00:00+05:30,1745.299800976283,1749.8739519261871,1716.264551211853,1728.79345703125,83193,0.0,0.0,1738.6873962402346,1737.8580981445311,,,1748.4298480749758,1703.9679565855704,,,1748.0220674060643,1754.963736883425,1754.1357791226937,1755.0678879433276,1740.9060559353238,1775.2573409609895,1757.6099395461308,1738.7792240394506,1729.7571951188208,1751.652017703563,1780.066010000947,1737.595865771261,1745.2302013353026,1730.2477739075157,1750.943428793515,1741.421875,1756.5361328125,1763.5463944116334,47.27081263722239,3.5317998196887856,-2.760119951829174,6.29191977151796,48.45999696802823,61.111004347930205,-12.651007379901976,34.878924906038755,49.98374765932237,-81.80168315087259,-1.7240425757958153,-0.2810481847483955,-30.3280029296875,-3503.253679739183,-14.672940202292466,45.46712577509197,-0.13570765067787288,0.0874007568923266,0.08434156028180873,0.1164634125885226,3.7321606363088113,0.8891555976574637,-32.72024511667678,-5473.820282354207,-5868.610987251148,36.227823893229164,1,0,0,36.227823893229164,1,1,0,0,0,50.8808557695989,37.785741756897096,1678.1845882276302,1738.6873962402346,1799.190204252839,6.959595858742251,0.4182357023253907,1651.3646096799862,1748.4298480749758,1845.4950864699654,1667.4416115342362,1742.8140485940341,1818.186485653832,2.0739295061253564,0.17412799338902848,1626.7816730973482,1738.6873962402346,1858.9149532582499,6877267.0,64.29746662196546,-0.030079620480342215,6900253.080912288,6470.605699094944,-105043.89154259072,1731.6439867230968,21815924.259336136,1000.5541960145049,-30.13581805952222,-1.990543754265822,-28.145274305256397,0.9293853475434011,-0.32705719069843703,30.25140400630222,915.1474443525179,1746.7914428710938,1746.7914428710938,-0.6728590576657932,-0.4166983681550841,-0.6806689796825255,915.1474443525179,1766.6914097377232,-0.243621826171875,3.326771076948955,32.01351399739583,-0.014399151517344722,-0.0056051405322458114,-0.002810481847484003,0.14918363867683038,,,-0.014503825323934828,-0.0903133324064499,-0.3166057625575093,-0.29870186436711244,0.07041519148236808
2026-03-02 00:00:00+05:30,1670.5240469704331,1798.498072730277,1666.0494289874766,1790.841552734375,193607,0.0,0.0,1742.2124023437502,1743.1043408203125,,,1752.4690580425377,1707.3747642776805,,,1752.9891299293156,1757.0415194163602,1761.2860903896958,1759.7439841491214,1752.131146776807,1780.3612064047277,1757.4267064742708,1738.9657765578813,1730.7331109819959,1756.0093776246522,1780.7654405600397,1742.6936948565788,1747.7704677969684,1734.0191908474324,1753.946922045005,1759.8175048828125,1759.8175048828125,1742.1179573206543,58.40805101234774,6.617205473019567,0.260228561201286,6.356976911818281,50.17754705753771,54.05676199545657,-3.87921493791886,41.09091055291439,42.717121945666015,-17.973880603872814,1.2309603364738544,4.098030821887432,21.7764892578125,-3754.515091145049,-15.43304291380673,57.57407398504665,-0.5512133434653133,-0.13570765067787288,0.07996242913317353,0.10834507623207232,3.855427714096989,43.53373977234082,-88.91490397045959,-5238.071501534355,-5575.222054090925,31.58748372395833,1,0,0,31.58748372395833,1,1,0,0,0,56.707126339113294,132.4486437428004,1678.1026778678342,1742.2124023437502,1806.3221268196662,7.359576179077929,0.8792650084535398,1639.4198149722517,1752.4690580425377,1865.5183011128236,1666.0494289874766,1742.1179573206543,1818.186485653832,1.8223440225721688,0.2120330591394894,1615.0388320481684,1742.2124023437502,1873.1745780963067,7070874.0,65.17983974654175,0.013446343456766353,7071476.222158322,51605.118308781646,1626097.4736484825,1751.796351484043,22510798.80411976,1000.5541960145049,-23.89694378572079,3.398664415628488,-27.29560820134928,1.8673802836463527,1.5170600338141618,32.05486223795794,1027.5141930944621,1749.426513671875,1749.426513671875,-0.6708348136052495,-0.29910103826384343,-0.7079246082889403,1027.5141930944621,1774.5425851004466,3.525006103515625,3.3260538543949076,28.697220865885416,0.03589098249462164,0.018434752715737135,0.04098030821887422,0.20002663349585825,,,0.03526190904800939,-0.0903133324064499,-0.3166057625575093,-0.29870186436711244,0.07041519148236808
2026-03-04 00:00:00+05:30,1750.0728697953532,1784.776043592084,1708.3097672206914,1779.704833984375,415039,0.0,0.0,1745.7821594238283,1746.8431347656249,,,1755.0629414655698,1710.2112375995116,,,1756.5598377046133,1758.4768328737744,1765.3871033528849,1763.2520016479496,1758.4676525251753,1783.7059144949608,1759.7516125065522,1740.386620075577,1731.0292925395604,1761.2965239520663,1780.755050274597,1751.3449229733392,1753.1842661738283,1736.9600578576496,1759.2647651033355,1785.273193359375,1759.8175048828125,1742.1179573206543,56.11700201991087,8.070737119099249,1.3710081658247741,6.699728953274475,58.31012250673467,52.3158888441002,5.994233662634471,52.854222300308166,42.941352586420436,-25.294068725050558,-0.25634864839200233,4.179285636550944,-4.573974609375,-3900.822844911473,-10.531137022070197,62.907757371737,-0.7483462833479104,-0.5512133434653133,0.07734214193171329,0.10106194266274028,3.4510760593146053,26.277353344656603,-50.18892302673612,-4866.289199776421,-5320.686171461559,21.958780924479164,1,0,0,21.958780924479164,1,1,0,0,0,58.551744851582605,82.53178551368364,1681.6700946355775,1745.7821594238283,1809.894224212079,7.3447955052318905,0.764557651298445,1637.059952875562,1755.0629414655698,1873.0659300555776,1666.0494289874766,1742.1179573206543,1818.186485653832,1.644638470484905,0.21161017039153615,1618.483023062027,1745.7821594238283,1870.752054721571,6655835.0,69.85239225021377,0.18745810348876815,7431464.816561185,179919.68820376694,733487.4612299494,1757.5968815990502,22252698.214136027,1000.5541960145049,-7.68966350393138,15.68475575793432,-23.3744192618657,3.0252001000044464,1.058230605193781,32.05603239412537,1027.5892128532148,1752.509033203125,1752.509033203125,-0.8808334132078449,0.12755428039111458,-0.7014397475603978,1027.5892128532148,1778.1151942661832,3.569757080078125,3.323419602312776,27.20612630208334,-0.006218706916307437,0.01948057987148233,0.041792856365509445,0.20557732850033217,,,-0.006238123613852062,-0.0903133324064499,-0.3166057625575093,-0.29870186436711244,0.07041519148236808
2026-03-05 00:00:00+05:30,1787.6596962832004,1808.740070765244,1752.1609865512603,1796.5093994140625,747305,0.0,0.0,1750.8384765625003,1750.7967089843746,,,1759.0102231749502,1713.595479239298,,,1761.391003417969,1760.4245295266544,1771.9224816671983,1767.8077396064155,1768.0036373704004,1788.5850935107069,1766.0029436965212,1743.2525015773663,1734.2003619392442,1768.9874288509766,1783.5721536569044,1764.3269907442768,1767.0289858166423,1740.6770383348528,1769.1311587375167,1788.1071166992188,1762.6514282226562,1742.1179573206543,58.74652469134531,10.458104886127103,3.0067007462821014,7.4514041398450015,80.8278857792059,63.105185114492755,17.722700664713145,83.20636425081875,59.05049903468043,-14.248393333458885,2.7818843027106697,5.964807916260398,48.6241455078125,-4328.188268066044,-5.253133114804768,63.728650176845676,-0.3564921802120272,-0.7483462833479104,0.07709674287339485,0.09482373240299818,3.0854989668836352,44.81127920829704,-11.767805005686569,-4700.710581748613,-5063.875377787394,15.644612630208332,1,0,0,15.644612630208332,1,1,0,0,0,58.410840520325536,56.579084213983606,1687.516323625484,1750.8384765625003,1814.1606294995167,7.23335176655926,0.8606235790576239,1641.4686460289463,1759.0102231749502,1876.551800320954,1666.0494289874766,1742.1179573206543,1818.186485653832,1.6399831966962384,0.20993038101420158,1620.5627100934446,1750.8384765625003,1876.8091801953717,7403140.0,75.02949815145546,0.29333614912335204,7855680.746419054,351033.4728243323,2422722.933687473,1785.8034855768553,22958328.46970586,1000.5541960145049,14.28762778961595,30.129637641185322,-15.842009851569372,3.6154350418604877,1.4424943162304966,31.661076468508185,1002.4237631447227,1755.74072265625,1755.74072265625,-0.9749100327830313,0.8845057343810011,-0.6176135469640411,1002.4237631447227,1782.4960571289062,5.056317138671875,3.326492564078499,27.22159450954861,0.009442332856997249,0.01940978569335705,0.05964807916260395,0.22604508082172736,,,0.009398032678464199,-0.0903133324064499,-0.3166057625575093,-0.29870186436711244,0.07041519148236808
2026-03-06 00:00:00+05:30,1778.5114926698625,1782.0911628254676,1726.6059719591335,1763.7950439453125,271221,0.0,0.0,1755.0247375488282,1753.915021972656,,,1759.4659203911751,1715.564089619926,,,1762.624962216332,1760.9342681525734,1771.5607374607462,1769.5417889657995,1767.2755265716974,1789.278982127943,1770.8167083766655,1746.3536354301336,1734.4961263528724,1770.8983289492467,1783.9781160364744,1767.6985916142953,1771.3334024010417,1742.2434382799038,1775.7013349329459,1780.1522216796875,1762.6514282226562,1742.1179573206543,52.19013423638666,9.599676861235821,1.7186181771126554,7.881058684123166,74.90197717597917,71.34666182063991,3.5553153553392605,66.7605792981868,67.60705528310457,-35.75160641355304,0.7325817586368253,4.983436909563899,12.8272705078125,-5788.366964100539,-8.831074857134126,62.326442346508294,-0.20189272775675207,-0.3564921802120272,0.0762675091351861,0.08960432024751855,2.6102074410592544,18.181478070182493,-37.30371279615156,-4849.489973936131,-4870.260173086758,3.927734374999999,1,0,0,3.927734374999999,1,1,0,0,0,59.23173958708293,69.90342745492899,1701.01649965354,1755.0247375488282,1809.0329754441163,6.154698191971845,0.5811941542463236,1639.8038406009946,1759.4659203911751,1879.1280001813557,1666.0494289874766,1742.1179573206543,1818.186485653832,1.6702960302860081,0.21935354117300987,1622.6051302587007,1755.0247375488282,1880.6414359531088,7131919.0,72.40452924930175,0.3354855183827696,7948032.697531798,418507.14435731433,809073.9139335712,1757.4973929099713,22464436.24696081,998.7332005062476,13.40950653461264,23.401213108945612,-9.991706574332971,1.2272376801573928,0.32477661698529464,27.004118947644052,729.2224401385084,1757.9282836914062,1757.9282836914062,-1.0333789758523786,2.0093816502003325,-0.4525491637093352,729.2224401385084,1777.8254115513394,4.186260986328125,3.326399128386589,25.97489040798611,-0.018209955082572837,0.005555571020754213,0.0498343690956391,0.17750936510126492,,,-0.018377797033315893,-0.0903133324064499,-0.3166057625575093,-0.29870186436711244,0.07041519148236808
2026-03-09 00:00:00+05:30,1720.2420302743535,1759.917000798078,1677.5839810854136,1749.675048828125,187384,0.0,0.0,1758.4900756835937,1756.5103002929684,,,1758.5334564327895,1716.9017742947574,,,1762.1154680524555,1760.7679946959252,1768.6327282952907,1770.047927569552,1762.9501394464214,1788.212176735477,1771.7261369079324,1749.1112555235436,1734.6332893325953,1768.0436959652409,1783.7832356817964,1768.342163913065,1775.0428618861024,1742.7653062737947,1775.244271805463,1756.7350463867188,1762.6514282226562,1742.1179573206543,49.616258912544694,7.691339888098355,-0.15177503681984827,7.843114924918203,68.32243067708181,74.68409787742229,-6.361667200340477,49.56674621419157,66.5112299210657,-45.03270822174261,0.6405864863375182,4.124498377365511,11.1368408203125,-7533.196571346493,-7.62965255211634,65.21477359951375,-0.46165753011807775,-0.20189272775675207,0.07400981714953403,0.08510450568542074,1.7647833347609945,-1.959164539041467,-84.29218425170598,-5096.451914153287,-4843.857037549866,2.6681925455729165,1,0,0,2.6681925455729165,1,1,1,0,0,61.158834106569785,86.2110628598989,1717.2715606148502,1758.4900756835937,1799.7085907523372,4.687944008182162,0.3930695727300327,1633.8466103635978,1758.5334564327895,1883.2203025019812,1666.0494289874766,1742.1179573206543,1818.186485653832,1.8037357146880701,0.2223905578044062,1617.7101119726963,1758.4900756835937,1889.6923345068726,6944535.0,66.85545093102877,0.3631817603463158,8088796.813197774,452852.48820931744,315511.75979462365,1729.058676903872,22314426.688076876,997.932654254252,9.972113769148953,15.97105627478554,-5.998942505636586,0.7968277255089565,-0.42772170907986934,20.60925753437175,424.74149611805876,1757.9282836914062,1757.9282836914062,-0.1119082808224693,0.23597453058700132,-0.17505690933507814,424.74149611805876,1769.3662527901786,3.465338134765625,3.3266390745320407,24.161843804253476,-0.008005462519955486,0.012078708252825976,0.04124498377365504,0.1381629595255356,,,-0.008037678284961257,-0.0903133324064499,-0.3166057625575093,-0.29870186436711244,0.07041519148236808
2026-03-10 00:00:00+05:30,1774.9317460266368,1780.897903156138,1712.4859195184788,1772.346435546875,282496,0.0,0.0,1761.4830993652342,1759.509289550781,,,1759.8489782531788,1719.0760747360168,,,1763.435121372768,1761.389019607843,1770.176648728175,1772.2270988945786,1765.2419051809795,1789.6837044325182,1772.370558537735,1752.1582150156112,1735.0273346046279,1770.9914619931048,1785.8459785456844,1770.7963171917143,1776.388043065221,1744.74067362704,1771.6481062910696,1761.0107421875,1762.6514282226562,1742.1179573206543,53.57518585986477,7.917097155789861,0.05918578469732516,7.857911371092536,63.02830874153914,68.75090553153336,-5.7225967899942205,37.526825160908835,51.28471689109573,-30.130759140086884,0.7916753470890462,3.495530764287601,13.9210205078125,-9321.05246252706,-0.9250438887522705,71.50345671385891,-0.5065704979198828,-0.46165753011807775,0.0722343948704296,0.08135784917293856,1.467822634839972,17.525984931910443,-50.88599870574876,-5194.7190009570795,-4964.552226480754,11.004252115885416,1,0,0,11.004252115885416,1,1,1,0,0,61.67691621593332,68.4119836376592,1726.0413908522798,1761.4830993652342,1796.9248078781886,4.024075908048862,0.6532563840378924,1634.0062158786416,1759.8489782531788,1885.691740627716,1666.0494289874766,1742.1179573206543,1818.186485653832,1.8392057153677657,0.21726017049440646,1618.340847120744,1761.4830993652342,1891.7151665270974,7227031.0,69.1846574283686,0.41581271597381936,8300669.063810787,493148.3460520655,1185378.0887525347,1755.2434194071639,22680470.432416122,997.932654254252,10.16280101888978,12.929394819621093,-2.766593800731313,1.1280505214063097,0.6130255361515697,17.7208542564772,314.028675579306,1758.7734375,1758.7734375,0.3064455899530281,-0.3788141368359543,0.14555257101381336,314.028675579306,1767.3391653878348,2.993023681640625,3.327505057972087,23.831494140625,0.012957484153377274,-0.01032761226656842,0.03495530764287591,0.14978710538154938,,,0.012874254152185325,-0.0903133324064499,-0.3166057625575093,-0.29870186436711244,0.07041519148236808
2026-03-11 00:00:00+05:30,1788.2562172820294,1789.8471682663546,1706.7187351721177,1769.66162109375,292212,0.0,0.0,1762.7310180664062,1762.9179516601562,,,1760.7835156665665,1721.0598216520063,,,1764.2140282040552,1761.787150256587,1770.9731323274852,1774.0324448412812,1766.3834585244288,1790.6330727601828,1772.663063166895,1755.2369922753505,1735.635263495882,1771.565587078583,1788.1241827418094,1771.7095328414227,1778.7145155892626,1746.4225695838468,1767.9027909337938,1771.0040283203125,1762.6514282226562,1742.1179573206543,53.04363935665294,7.789575945831302,-0.05466834020898759,7.84424428604029,64.31367981351565,65.22147307737887,-0.9077932638632262,41.28394364148404,42.79250500552815,-31.895493197623537,1.3727457046848226,1.4305225868838922,23.9639892578125,-10060.462379103872,0.8706358052063479,74.38397515376126,-0.45682961982398473,-0.5065704979198828,0.07059357264975752,0.07822467651744534,1.3961850043557862,25.57672106076666,-57.55171203347027,-5161.786429314186,-5098.936372245174,13.639302571614582,1,0,0,13.639302571614582,1,1,1,0,0,63.20916742152644,83.12843309423693,1728.0270865768941,1762.7310180664062,1797.4349495559184,3.9375186723133657,0.5998532836177113,1631.0917910240355,1760.7835156665665,1890.4752403090974,1666.0494289874766,1742.1179573206543,1818.186485653832,1.801399315183417,0.2080241321746645,1616.7658572211083,1762.7310180664062,1893.9684363184767,6934819.0,73.24716863425586,0.4368683268102397,8450969.111646008,512624.08983966336,903961.9330769494,1755.4091748440742,22636205.102272894,997.932654254252,10.465271783514119,10.585492467396346,-0.12022068388222706,1.0923555819059214,0.3994131344708442,17.3519657447561,301.0907152071891,1760.7124633789062,1760.7124633789062,0.1452536486985529,-0.25523019881421166,0.29364082815818365,301.0907152071891,1767.1800484793525,1.247918701171875,3.329205287081952,23.423583170572904,-0.0015148361512610231,-0.005643190207075155,0.014305225868838978,0.17054711537025224,,,-0.001515984675574245,-0.0903133324064499,-0.3166057625575093,-0.29870186436711244,0.07041519148236808
2026-03-12 00:00:00+05:30,1762.00512240429,1786.8641111515287,1727.6997179331,1777.2188720703125,392366,0.0,0.0,1763.7204040527342,1766.4379833984374,,,1762.3487877050186,1723.2621373546851,,,1765.5938238234748,1762.3479706648284,1772.9841631949255,1776.2733531528365,1769.2349067898158,1792.2600552285448,1773.999600819509,1758.305683736836,1736.12665018815,1774.3105265160393,1791.506290082204,1772.7122183091865,1780.8427849225686,1748.4737516787118,1767.8361383719862,1773.4402465820312,1762.6514282226562,1742.1179573206543,54.41463865497769,8.20375369746057,0.28760752913622323,7.916146168324347,70.34855035409507,65.89684630304995,4.4517040510451125,55.83103360435232,44.880600802248395,-26.92809660000436,0.8463585049030983,1.1259456565438224,14.9154052734375,-9799.477574163668,-2.612261593072617,73.37000489218066,-0.28081747329271617,-0.45682961982398473,0.06952233063923785,0.07570783318491506,1.637683918032376,20.743888965265796,-38.42050425316302,-5169.103785400362,-5163.094426682696,13.340983072916666,1,0,0,13.340983072916666,1,1,1,0,0,62.920254978448035,59.16439321842881,1728.5278353596045,1763.7204040527342,1798.912972745864,3.990719686891764,0.6917800904969666,1633.739247653504,1762.3487877050186,1890.9583277565332,1666.0494289874766,1742.1179573206543,1818.186485653832,1.7545485200098685,0.2070381631406813,1614.2894039773346,1763.7204040527342,1896.2897797022365,7327185.0,79.14491574980657,0.47820019920151446,8715404.656469407,558127.8320293389,1198425.7050188025,1763.9275670516474,22803763.02980693,997.932654254252,13.454072801153035,10.85943478802821,2.5946380131248254,1.3198821960248728,0.7671203619878663,17.59628434656486,309.6292228051636,1763.0492553710938,1763.0492553710938,-0.014106239084385318,-0.42338276523115187,0.38216114011505037,309.6292228051636,1769.3406633649554,0.989385986328125,3.3298222748020327,23.37475206163196,0.004270449721281544,-0.010737782585519273,0.011259456565438253,0.17523671665190932,,,0.0042613572277038336,-0.0903133324064499,-0.3166057625575093,-0.29870186436711244,0.07041519148236808
2026-03-13 00:00:00+05:30,1777.2189037373823,1777.2189037373823,1711.2928158522998,1737.0467529296875,274199,0.0,0.0,1761.7963195800778,1768.5042626953123,,,1759.939070107368,1723.8027105144893,,,1763.0534760974704,1761.195373391544,1767.3813320098857,1775.2544293172307,1761.1001401119104,1789.115861649282,1771.6394105272166,1760.1804253607243,1736.1373930501754,1771.547623879095,1791.5933069310026,1770.1163887837254,1782.7554094910918,1747.6358470658704,1765.4260268204007,1757.1328125,1762.6514282226562,1742.1179573206543,46.62208079397745,5.23014837259052,-2.148798236587062,7.378946609177582,62.61436571149315,65.75886529303462,-3.144499581541467,37.51881270712447,44.877929984320275,-53.33331306789263,-0.9693872580063719,-2.167337257716999,-17.0035400390625,-9653.43739364212,-2.829259256339128,69.18537488619292,-0.2329207001655034,-0.28081747329271617,0.06612259286773448,0.07368350347224013,1.0493674943501763,15.252034302058746,-50.674053583023806,-5252.072682221788,-5184.762018767993,7.325113932291666,1,0,0,7.325113932291666,1,1,1,0,0,63.13495732892193,65.92608788508255,1725.1444233638365,1761.7963195800778,1798.4482157963191,4.160741603203854,0.1623699016229453,1631.0207076064582,1759.939070107368,1888.8574326082778,1666.0494289874766,1742.1179573206543,1818.186485653832,1.8416198221556317,0.21947783722987244,1611.3779602186082,1761.7963195800778,1897.1817732654163,7052986.0,74.16526441729967,0.4386768146417628,8655436.593545245,506923.3581738509,-546371.5237324883,1741.852824173123,22183965.71224815,995.6722619203676,12.129537305425224,7.627919433840319,4.501617871584905,0.8735172929657709,-1.3505203935082188,18.325948108120656,335.840374061531,1760.7124633789062,1760.7124633789062,0.14287371810940172,-0.5958310445735341,0.22153926480625172,335.840374061531,1765.5677891322546,-1.92408447265625,3.326981798029356,23.50247341579861,-0.022603923338844534,-0.015165192297963093,-0.021673372577169947,0.14663609913074138,,,-0.02286330821066088,-0.0903133324064499,-0.3166057625575093,-0.29870186436711244,0.07041519148236808
2026-03-16 00:00:00+05:30,1712.088320910666,1807.7456610214656,1680.4676386833207,1780.1024169921875,361023,0.0,0.0,1762.8453674316404,1771.3918823242186,,,1761.8593888583032,1726.0105421410658,,,1764.7969139462427,1761.6502029718135,1770.330295163808,1777.5657964751163,1765.5779902873896,1790.9831185399132,1770.867568840258,1762.2241762613248,1737.6690645976244,1771.3395912477527,1793.7943094854854,1771.4180136444984,1784.0740593787625,1749.790276084191,1765.247280798804,1758.5745849609375,1762.6514282226562,1742.1179573206543,54.19356487486842,6.275437648717116,-0.8828071683683731,7.158244817085489,64.90195124505028,65.95495577021283,-1.0530045251625495,41.5665984009749,44.97214823748389,-25.032736596952134,2.9679057236280384,1.1926951895473947,51.3089599609375,-9731.459708469767,3.1866154103577173,70.433666710839,-0.23762394767863115,-0.2329207001655034,0.06396515105842049,0.07190602813060092,1.3352517461802813,43.18799907801849,-84.09002326012637,-5326.751813833122,-5221.8151963986,13.70556640625,1,0,0,13.70556640625,1,1,1,0,0,67.71660482958072,127.27802233814486,1725.3250840533162,1762.8453674316404,1800.3656508099646,4.256786678117884,0.7299696058601288,1620.975532816881,1761.8593888583032,1902.7432448997254,1666.0494289874766,1742.1179573206543,1818.186485653832,1.8169142235027853,0.23495478457954944,1599.5822605399553,1762.8453674316404,1908.5049330873721,7414009.0,75.72528537348302,0.463766692481949,8859639.952481555,504865.92778780963,1752265.1234915724,1756.1052388989913,23078822.743621625,995.6722619203676,13.365844140552769,7.09138101517429,6.274463125378478,1.056595369070712,0.9198784234405141,18.760141689162108,351.94291619743814,1763.0492553710938,1763.0492553710938,0.0010851595355267309,-0.8196077709108583,0.28889235221565596,351.94291619743814,1768.7000069754465,1.0490478515625,3.330588111064519,23.776695963541655,0.024786704209246446,0.01739029666362435,0.01192695189547388,0.18172808356002723,,,0.024484497481530757,-0.0903133324064499,-0.3166057625575093,-0.29870186436711244,0.07041519148236808
2026-03-17 00:00:00+05:30,1779.903629102754,1804.7626183360328,1746.7914068913133,1759.3204345703125,634090,0.0,0.0,1762.358135986328,1772.5214770507812,,,1761.6175836880184,1727.3168124324088,,,1764.4612060546876,1761.1768128638173,1769.0629609055982,1778.1053360921007,1763.8353968426209,1790.259825859385,1768.6371013215296,1763.8210230762602,1738.183709163364,1768.2535382866572,1793.015615861361,1769.87561396734,1786.0952499924774,1750.4563712687768,1763.7221839473273,1769.71142578125,1762.6514282226562,1742.1179573206543,50.47211445411547,5.365059564749799,-1.4345482018685525,6.799607766618352,60.98039132791754,62.83223609482032,-1.8518447669027793,31.400801657959008,36.828737588686124,-38.6927763514026,-1.7601288129557848,-0.5508349640402642,-31.5211181640625,-9297.496370844,8.494757459155153,67.88297932078436,0.08311146806743405,-0.23762394767863115,0.06129902891531813,0.07012346001766812,1.5099294915630983,40.9531317316048,-17.01807971311473,-5488.26682280308,-5302.503266718877,14.285624186197916,1,0,0,14.285624186197916,1,1,1,0,0,67.02050530209064,57.97121144471953,1724.9249448293913,1762.358135986328,1799.7913271432649,4.248079932514602,0.459425027333628,1623.1091022324993,1761.6175836880184,1900.1260651435375,1666.0494289874766,1742.1179573206543,1818.186485653832,1.809226173880396,0.2380848440402286,1599.3353779758986,1762.358135986328,1910.5202429723045,6779919.0,81.3854327904948,0.33051389033219897,8499635.346351665,343580.42906239163,-380579.4989910403,1770.2914865992193,22338548.076945268,995.6722619203676,20.68951114805475,11.532038418141015,9.157472729913733,1.6438551486972224,-0.16229989066548803,18.71659557846841,350.3109500479432,1760.8119506835938,1760.8119506835938,0.08535025625100719,-0.7896024951974014,0.26140906658640123,350.3109500479432,1768.667346191406,-0.4872314453125,3.3259253863946063,22.860999891493066,-0.011674599294679955,-0.007349579470078749,-0.005508349640402588,0.1509889261956412,,,-0.011743282518435915,-0.0903133324064499,-0.3166057625575093,-0.29870186436711244,0.07041519148236808
2026-03-18 00:00:00+05:30,1751.067219789319,1843.542660698125,1750.072860209655,1798.59765625,595556,0.0,0.0,1763.0740783691404,1773.2811694335937,,,1765.139495360588,1730.112139640942,,,1767.912588936942,1762.1994081265318,1775.0622805469136,1781.5946630241383,1772.5740440807042,1793.939290181955,1770.1354193511565,1766.1110485169127,1738.940854742785,1771.3423358865887,1794.8488921082194,1772.8248960771584,1787.5897131326196,1753.5413964489283,1767.6793817073349,1778.9590454101562,1763.695556640625,1754.7960448428007,56.54558457706601,7.72388576327171,0.7394223973226861,6.984463365949024,70.31746407434693,65.39993554910491,4.9175285252420196,58.68316299645275,43.88352101846222,-25.322094828604456,1.0615705427583768,0.8025005726282859,18.892822265625,-8216.937124545968,17.565080290636615,64.8498576084679,0.5432893908796583,0.08311146806743405,0.06090195769001827,0.06832403944173739,1.7094365439499357,74.76343557290102,-18.70636491556911,-5807.346308636345,-5448.242710688422,22.356547037760414,1,0,0,22.356547037760414,1,1,1,0,0,68.90974067254632,93.46980048847013,1723.3952532528854,1763.0740783691404,1802.7529034853953,4.501095626447898,0.9476389834726598,1622.0185263316002,1765.139495360588,1908.2604643895756,1666.0494289874766,1754.7960448428007,1843.542660698125,1.779031230686074,0.2493103589914086,1593.272587609735,1763.0740783691404,1919.4722885408462,7375475.0,83.35402965816473,0.29250156921466947,8522444.49273215,253622.86897192895,3015472.5772459605,1797.4043923859265,23668140.149828855,997.9047842572824,24.197246089747292,12.031818687866846,12.165427401880446,1.4749327117487219,1.7905559338906416,19.839412558127467,393.6022906515859,1760.8119506835938,1760.8119506835938,0.22885912965565489,-0.716140433161405,0.3517172964308373,393.6022906515859,1777.5896100725447,0.7159423828125,3.3263436468744074,22.42348307291665,0.02232522336914733,0.01635116838798023,0.008025005726282952,0.12922967409701402,,,0.022079663634183927,-0.0903133324064499,-0.3166057625575093,-0.29870186436711244,0.07041519148236808
2026-03-19 00:00:00+05:30,1796.7082983975722,1809.634972570784,1760.1158183391535,1796.60888671875,332353,0.0,0.0,1765.5102600097655,1773.1916772460938,,,1768.1365802518417,1732.7198552126206,,,1771.1063802083336,1763.114220569087,1779.8259865125087,1784.688908326128,1779.1730963960567,1797.016882591192,1774.3955902813004,1768.826600021431,1739.1828732330046,1776.8738019442646,1795.7445955963162,1774.4432067111895,1787.2689604084444,1756.333113800944,1775.1039569916588,1797.603271484375,1763.695556640625,1754.7960448428007,56.1699895475303,9.325299195367052,1.872668663534422,7.45263053183263,69.84751924251434,67.04845821492626,2.799061027588081,64.11688209975654,51.40028225138943,-26.442571092449896,0.00553781153162617,2.7875761697520076,0.0994873046875,-6987.403873462226,22.073333241381988,64.89448892325167,0.8752910845020544,0.5432893908796583,0.06193380351602329,0.06673140548405262,2.058249225474451,36.88008150362748,-12.63907272800293,-6222.299958925953,-5690.046339272987,18.130533854166668,1,0,0,18.130533854166668,1,1,1,0,0,67.52469878390947,49.51915423163041,1723.825662614215,1765.5102600097655,1807.194857405316,4.722101971281661,0.8730229947273522,1629.2139598481613,1768.1365802518417,1907.059200655522,1666.0494289874766,1754.7960448428007,1843.542660698125,1.7207013158668467,0.23681301382934228,1593.7046747011334,1765.5102600097655,1920.8490294412816,7043122.0,77.4600617678737,0.3134506700588398,8679945.60851254,243879.4158675978,2490265.991922319,1788.7865592095627,23631390.768013377,997.7942109156381,20.960099307827576,7.035737524757703,13.924361783069873,0.917367302437274,1.4920919789094056,20.842298697775323,434.40141500728697,1763.0492553710938,1763.0492553710938,0.0721175968313987,-0.9121921072982769,0.41579391237867597,434.40141500728697,1782.2986206054688,2.436181640625,3.3253010454390437,21.211689453125018,-0.0011057334164420451,0.010910313272697758,0.02787576169752004,0.12370177759762635,,,-0.001106345190650533,-0.0903133324064499,-0.3166057625575093,-0.29870186436711244,0.07041519148236808
2026-03-20 00:00:00+05:30,1798.7963903057166,1848.017187055376,1781.096742113734,1835.48828125,437625,0.0,0.0,1769.7362854003907,1773.106162109375,,,1774.551027965952,1736.7499895670276,,,1777.7709536597845,1765.5572246476715,1790.930705371703,1790.5531304675728,1794.5835739214176,1804.1598175372392,1784.1693828420925,1772.9973795241503,1745.2621726937846,1790.6288221087989,1800.2979488097571,1779.3978149428833,1785.6145283588748,1761.0730481911678,1788.5579086135294,1816.048583984375,1786.2675170898438,1757.0333080214264,61.54732808855832,13.575186784881907,4.898045002439421,8.677141782442487,80.45003338568844,73.53833890084991,6.911694484838534,86.86544499542924,69.88849669721284,-6.885233921880307,4.064714749641308,4.827073867074626,71.6932373046875,-5149.101255068058,33.997145410596886,65.82873750685647,1.288581743221215,0.8752910845020544,0.06647272684261463,0.06589395100550603,3.2823909413453376,66.30038310495615,-0.6200618366858635,-6562.074950056,-6018.272384663946,24.2955322265625,1,0,0,24.2955322265625,1,1,1,0,0,67.48153779517608,66.92044494164202,1718.2696265678308,1769.7362854003907,1821.2029442329506,5.816308255319061,1.138782440332147,1636.1123818975475,1774.551027965952,1912.9896740343565,1666.0494289874766,1757.0333080214264,1848.017187055376,1.5066821622845334,0.24727758697589222,1594.0485384789652,1769.7362854003907,1927.1590500796092,7480747.0,80.49377303207426,0.34138559037638605,8953705.517422391,304828.02735372446,4565170.140467457,1821.5340701397035,24578430.224264372,997.7942109156381,20.376733736128,5.1618975624465,15.2148361736815,1.154895463652428,2.5551297613285904,25.73332941627993,662.2042428467779,1766.7283325195312,1766.7283325195312,0.6722610728107917,0.7655936913922613,0.5114961252772006,662.2042428467779,1793.8402901785714,4.226025390625,3.331138780790565,20.934584960937507,0.02164043316197639,0.05667177820877978,0.04827073867074616,0.14155843248747235,,,0.021409603224309334,-0.0903133324064499,-0.3166057625575093,-0.29870186436711244,0.07041519148236808
2026-03-23 00:00:00+05:30,1789.648401985767,1823.9538071382503,1729.390114960325,1813.3140869140625,377194,0.0,0.0,1773.475079345703,1772.2629443359376,,,1778.2427478657721,1739.75250318848,,,1781.9212204706103,1767.1340060125613,1796.4025835231937,1794.3304849841247,1801.3181792006378,1808.1480314600763,1794.8134724723518,1777.7028499490993,1748.6977931812212,1796.6910046014132,1802.5436414192397,1781.7140057318138,1782.8635823302552,1764.3927655437633,1801.0187967509337,1824.4011840820312,1786.2675170898438,1762.800584070395,57.23445760672931,14.981286211009547,5.043315542853648,9.937970668155899,82.10349792931363,77.46701685250547,4.636481076808167,83.28425836958733,78.08886182159104,-20.361701197728888,3.63719183905382,4.301077684794488,63.6390380859375,-4847.129032993372,38.748142929868436,65.93735044704063,1.114571186544819,1.288581743221215,0.07181847600250535,0.06584773779795888,3.5982614127090704,37.72310562159578,-56.84058655632953,-6788.317918415753,-6360.735674169334,28.538126627604168,1,0,0,28.538126627604168,1,1,1,0,0,70.239868401926,106.09816628967496,1720.7034486845018,1773.475079345703,1826.2467100069043,5.951211976507788,0.8774661410799445,1632.7795602248966,1778.2427478657721,1923.7059355066476,1666.0494289874766,1757.0333080214264,1848.017187055376,1.5408888168258414,0.2504599336099009,1587.644309992321,1773.475079345703,1937.2363439595372,7103553.0,74.36194214138122,0.3726999632462817,9246020.457863437,395059.2106153164,2718149.68349359,1788.8860030042129,24122749.13145709,996.5861294169736,18.420561389828354,2.5645801729174824,15.855981216910871,0.9479346407265536,1.5098645643197772,26.385815330600632,696.2112506605594,1771.0040283203125,1771.0040283203125,0.5080710655693135,0.22994244886205195,0.5475738405250998,696.2112506605594,1798.8135027204241,3.7387939453125,3.3356327243896584,20.099762912326394,-0.012080814986645705,0.018657168039798666,0.043010776847944854,0.11939108892089356,,,-0.012154381124977036,-0.0903133324064499,-0.3166057625575093,-0.29870186436711244,0.07041519148236808
2026-03-24 00:00:00+05:30,1813.314075819401,1813.314075819401,1769.9600231248346,1792.6314697265625,374426,0.0,0.0,1775.185382080078,1770.9623242187502,,,1779.6131023287046,1741.8261881507578,,,1783.7456386021206,1767.9327717141543,1797.2832743423583,1796.2562209181738,1801.287689039494,1809.389755720888,1802.0244945337865,1782.192970205059,1749.2889599408363,1798.4919868640761,1802.4824841423822,1782.7955455049387,1781.298049457369,1766.285691981901,1807.5689705306454,1802.9727783203125,1786.2675170898438,1762.800584070395,53.470750494847465,14.262308763975625,3.459470476655781,10.802838287319844,80.08534745283835,80.8796262559468,-0.7942788031084547,72.32999933823925,80.82656756775194,-32.49702252187575,1.1445298601245728,1.945266167956298,20.2850341796875,-4415.942776443521,40.22242680466343,66.5651950349456,0.9917247942354741,1.114571186544819,0.07610976713885442,0.06646064829674743,3.658828203359069,26.168978844188132,-17.18507385037833,-7091.250540039994,-6669.056039318241,30.37770589192708,1,0,0,30.37770589192708,1,1,1,0,0,68.31945378673329,43.354063789227894,1722.250494667894,1775.185382080078,1828.120269492262,5.96387148593545,0.6647881812861757,1639.7456346937738,1779.6131023287046,1919.4805699636354,1666.0494289874766,1757.0333080214264,1848.017187055376,1.6541240795195435,0.2523679436227382,1588.4312891602658,1775.185382080078,1940.6086643501073,6729127.0,74.21007805662308,0.3519323667067932,9263197.020378314,401522.7636029441,1223541.2111306668,1791.968522890266,23695679.72969526,995.4455318041961,16.627870500820666,0.6175114271278339,16.010359073692833,0.9197296811333898,0.6591527251447025,26.46744370609202,700.52557633515,1774.7826538085938,1774.7826538085938,0.3205952807484158,0.05915419924418734,0.5496390251346107,700.52557633515,1800.8661516462053,1.710302734375,3.3354816798307194,19.17744086371528,-0.011405976127775053,0.018934035268217464,0.019452661679562944,0.10492777041589152,,,-0.011471523168794715,-0.0903133324064499,-0.3166057625575093,-0.29870186436711244,0.07041519148236808
2026-03-25 00:00:00+05:30,1794.62020923879,1811.1265539049136,1770.2583996550086,1803.072265625,377277,0.0,0.0,1778.054113769531,1770.298095703125,,,1781.8473083569233,1744.2279951105322,,,1786.4015322730656,1769.1919851026348,1799.856031347189,1798.8311352405776,1803.7853812424844,1811.6159483013978,1807.3089010606907,1786.572501588676,1750.4452891308629,1801.3904318465152,1804.6698093659654,1784.5748724176879,1780.3136646892622,1768.7053421133505,1808.6334908365293,1797.8518676757812,1786.2675170898438,1762.800584070395,55.07673859216187,14.369357915445562,2.8532157025005738,11.516142212944988,73.59009587128189,78.59298041781128,-5.002884546529387,57.87889428855201,71.16438399879286,-26.37098866654969,1.8879679670399558,3.2866306708981448,33.41064453125,-4287.819414762186,36.32922017984106,65.32946220323723,0.8964792530339631,0.9917247942354741,0.0801164507951091,0.0676377727585109,3.4879288284569334,21.706147122588163,-19.162007127316883,-7390.188669533493,-6951.900089416831,38.39888509114583,1,0,0,38.39888509114583,1,1,1,0,0,66.35864667695985,40.86815424990505,1725.6316509674202,1778.054113769531,1830.476576571642,5.896610502025004,0.7386205313351044,1647.516141592004,1781.8473083569233,1916.1784751218427,1666.0494289874766,1757.0333080214264,1848.017187055376,1.7201489827482428,0.25097732319889865,1591.2169072298457,1778.054113769531,1943.1705455269464,7106404.0,72.37136449772628,0.3649316341311701,9491766.65763325,440391.577715097,1611474.2029941152,1794.8190730616407,23915416.592552837,995.4455318041961,15.09856305220399,-0.7294368171910737,15.827999869395065,0.9077649310930006,0.9544821253404177,26.211231401055436,687.0286515596746,1778.4618530273438,1778.4618530273438,0.117426459583489,0.016412314747640266,0.5427698487407279,687.0286515596746,1803.0963692801338,2.868731689453125,3.336612069094315,19.58889214409722,0.005824284619989406,0.002487832317278338,0.032866306708981385,0.12746380395820744,,,0.005807389045668806,-0.0903133324064499,-0.3166057625575093,-0.29870186436711244,0.07041519148236808
2026-03-27 00:00:00+05:30,1802.674403968427,1938.006710805807,1770.059363053258,1843.6419677734373,1460194,0.0,0.0,1782.1210388183592,1770.425373535156,,,1787.732514015639,1748.1265822737835,,,1792.647994559152,1772.0682153799019,1809.3508304123363,1804.3341241830294,1816.171779113899,1818.1590560881475,1814.9229603583262,1791.9541062401522,1754.4920005758913,1815.5663128722936,1809.8324114343345,1795.354660448702,1785.454427590548,1773.239344090789,1811.1468277200943,1823.3571166992188,1790.3443603515625,1807.7953459456103,60.746303497375216,17.52580448282083,4.807729815900673,12.718074666920158,68.2989237066866,73.9914556769356,-5.692531970249007,65.72208290564782,65.31032551081302,-36.23521769151478,3.7374741370908007,4.6154650722217205,66.42309570312477,-3186.27221903645,45.51211907279139,63.40055971652043,1.1181476106526147,0.8964792530339631,0.0863945079543349,0.06989020776813318,4.5146897153452406,140.84036673903688,-27.10698101351204,-7732.375479585105,-7247.2619695246385,38.64744059244788,1,0,0,38.64744059244788,1,1,1,0,0,73.61498246807335,167.94734775254892,1722.6914156797986,1782.1210388183592,1841.5506619569198,6.6695383584007955,1.0175948096763254,1634.2048207040361,1787.732514015639,1941.260207327242,1666.0494289874766,1802.0280698966417,1938.006710805807,1.6498647277624265,0.2602129526211537,1581.4928117558131,1782.1210388183592,1963.5755615777075,8566598.0,81.90772604372982,0.281535896053097,9311079.352494368,358765.4429699611,9844068.696699984,1850.5693472108342,27200899.753062822,995.4455318041961,31.880304019537707,12.841843320114112,19.038460699423595,2.7951983341299864,2.070379238705303,29.71481156928028,882.9700265978331,1779.9036254882812,1779.9036254882812,0.2589501985004851,-0.007505784778563972,0.6251352654784137,882.9700265978331,1813.7019060407365,4.0669250488281135,3.340598290371432,21.659813368055552,0.022500319550073478,0.026178809089933086,0.04615465072221725,0.15140024084459647,,,0.022250921453180195,-0.0903133324064499,-0.3166057625575093,-0.29870186436711244,0.07041519148236808
2026-03-30 00:00:00+05:30,1839.5651608599924,1852.7901913799683,1770.5565840627264,1824.152587890625,541860,0.0,0.0,1785.626153564453,1770.5287866210938,,,1791.2010924799233,1751.1079942587578,,,1796.650999232701,1774.1751649624694,1813.8987592589067,1807.975812706146,1821.0466489061985,1821.8929737594744,1822.3121480305986,1797.3546659708052,1759.5078381131898,1820.5793077215096,1813.7514136437112,1797.679137933191,1786.0594761212774,1776.4866822238307,1814.9223072326758,1833.8972778320312,1790.3443603515625,1809.2371747445638,57.02315321146179,18.244371295864084,4.42103730315514,13.823333992708944,64.3951027710471,68.76137411633853,-4.366271345291423,73.65584919775733,65.75227546398571,-44.20848532879417,5.014593580398776,3.996595491183213,87.1058349609375,-2773.427080071844,41.08372428808184,64.20840458289966,0.9413018192781486,1.1181476106526147,0.09269816884782678,0.07308276530028943,5.114135559020914,51.76866962407598,-30.464937693165894,-8218.51554825597,-7592.482397755526,46.76804606119787,1,0,0,46.76804606119787,1,1,1,0,0,74.23059852872825,82.23360731724188,1724.912159231135,1785.626153564453,1846.340147897771,6.800302987511819,0.8172780406660698,1636.6315399947127,1791.2010924799233,1945.770644965134,1666.0494289874766,1802.0280698966417,1938.006710805807,1.5219812786248998,0.26315055598919623,1581.8584995889973,1785.626153564453,1966.277999862425,8024738.0,77.44277159257021,0.29593660943743266,9475537.160544509,345085.37741108984,6929128.113842751,1815.8331211111065,26628092.4744319,994.3884187516901,28.7574283234416,7.775174099214404,20.982254224227198,0.9867073299975707,1.2691121626642783,30.356997166658996,921.5472769765423,1785.4719848632812,1785.4719848632812,0.05764307473052754,-0.22726514282187116,0.6457924891967667,921.5472769765423,1818.7006905691965,3.50511474609375,3.3457760024311662,23.388671874999993,-0.010571130525060424,-0.006175846217691516,0.03996595491183208,0.11655504571698105,,,-0.010627401844320337,-0.0903133324064499,-0.3166057625575093,-0.29870186436711244,0.07041519148236808
2026-04-01 00:00:00+05:30,1838.4714261973247,1856.36989838867,1749.9734248067869,1783.18505859375,433193,0.0,0.0,1788.3457336425781,1769.8128491210934,,,1790.4376606812402,1752.3659183503262,,,1796.418513997396,1774.6714893535539,1810.282920901512,1808.212220005402,1814.1693103626083,1820.6021527267706,1824.2041094310146,1801.4627852421017,1759.6298598384935,1819.2907719972884,1813.523699467426,1797.618125746948,1785.9742189224705,1776.9579889835445,1815.135217223451,1803.6688232421875,1790.3443603515625,1809.2371747445638,50.07543947227833,15.331372914356734,1.20643113731823,14.124941777038504,53.14683508432679,61.94695385402016,-8.80011876969337,62.486186988990156,67.28803969746511,-60.115791726710654,0.17317214853127347,3.146217458267301,3.0826416015625,-3010.3515313811204,43.9533305464488,58.93240622732246,0.6119737674835672,0.9413018192781486,0.0959912400376961,0.0769374554249981,4.900586649668982,57.89644279879781,-48.50003078308532,-8891.404491462124,-8030.5625361129605,38.465169270833286,1,0,0,38.465169270833286,1,1,1,0,0,76.52816103252502,106.39647358188313,1733.79015214232,1788.3457336425781,1842.9013151428362,6.101234283052972,0.45270259332856977,1630.323022988548,1790.4376606812402,1950.5522983739324,1666.0494289874766,1802.0280698966417,1938.006710805807,1.7190984078363465,0.2714466202203934,1576.5465438063793,1788.3457336425781,1979.1628122966943,7591545.0,71.67503577783062,0.268637717926069,9312786.3432735,256333.23805885948,3403988.823479334,1796.5094605964023,25655210.76286286,992.1425798033022,24.456835768312,2.779665235267842,21.67717053304416,0.7785964475873185,-0.18918962668572128,27.27779075012899,744.0778682078227,1787.0133056640625,1787.0133056640625,0.27481496594302063,-0.0376046117203705,0.48095645657885655,744.0778682078227,1812.564074707031,2.719580078125,3.3426034193608416,23.05920817057291,-0.022458389483879793,-0.01661544932438419,0.031462174582673086,0.09015203924228898,,,-0.02271441972568444,-0.0903133324064499,-0.3166057625575093,-0.29870186436711244,0.07041519148236808
2026-04-02 00:00:00+05:30,1760.1158661120871,1778.0143385300253,1720.2420712795931,1753.2547607421875,172533,0.0,0.0,1786.466394042969,1767.072395019531,1685.0665624999995,,1786.896432115616,1752.4007749147129,1685.0665625,,1793.0765165783112,1774.0221525543811,1801.6476988507734,1806.0905151647846,1800.5551047338045,1815.9225778020757,1818.335672697257,1803.483976694118,1759.5907446146987,1808.6832570674871,1811.456569670603,1796.9102603614567,1783.1362173480868,1775.1714685143418,1806.387449175748,1768.2199096679688,1790.3443603515625,1809.2371747445638,45.69502177194591,10.486790616876306,-2.9105209281297597,13.397311545006065,41.31275933473284,52.951565730035576,-11.638806395302737,30.941823659242495,55.69461994866332,-71.73744494029665,-0.3447736812996462,-2.0988340333513875,-6.065673828125,-3043.621105899275,35.26584973386116,56.82539162480832,0.06551750021472491,0.6119737674835672,0.09493266631632746,0.08071864527236577,3.64013413572625,-13.999303510177697,-71.77157076060985,-9562.93274897322,-8585.858051332418,38.36572265624996,1,0,0,38.36572265624996,1,1,1,0,0,75.55779148121302,62.94298731415688,1729.7269370292743,1786.466394042969,1843.2058510566635,6.352143785396043,0.2073321190510738,1630.041667095722,1786.896432115616,1943.7511971355102,1677.5839810854136,1807.7953459456103,1938.006710805807,2.1242941116458773,0.2476491615892255,1586.3128747814999,1786.466394042969,1970.2600491487226,7419012.0,68.70428169005116,0.2529098556335021,9337433.707560042,204564.86622785963,2179995.5516646244,1750.5037235172686,25365618.60559703,990.4641057880945,16.687792423837905,-3.991502487365004,20.67929491120291,0.3381534005551711,-1.1706715237957044,28.36972850684732,804.8414955522254,1781.6437377929688,1781.6437377929688,0.35473483822194873,-0.29733326849373565,0.3858842573804951,804.8414955522254,1806.2967616489955,-1.879339599609375,3.3382002433362494,23.58621826171874,-0.016784740152077093,-0.021965869532783122,-0.020988340333513822,0.029605859521704803,,,-0.016927200256854725,-0.0903133324064499,-0.3166057625575093,-0.29870186436711244,0.07041519148236808
2026-04-06 00:00:00+05:30,1740.1292018259394,1751.2659801649131,1706.4203890113552,1713.281494140625,223889,0.0,0.0,1783.1452270507814,1764.7893432617184,1689.0440002441403,,1779.8854856418075,1750.866685472592,1685.625274017636,,1786.1065261114213,1771.9127054610906,1786.8886325449323,1800.9770166410156,1778.8898913529786,1806.9844680964372,1802.3347161098989,1802.676522021895,1756.5008755074375,1791.6614327336788,1805.684136408398,1795.5893074890835,1781.1953879426344,1770.0765339828693,1785.6151385332746,1733.2681274414062,1778.4617309570312,1809.2371747445638,40.58837619012325,3.3829195082767,-8.011513629383492,11.394433137660192,26.962691616688428,40.47409534524935,-13.511403728560925,7.712566074878914,33.71352557437052,-87.2586884829274,-4.743482335413224,-3.7322672038285405,-85.316162109375,-2758.3433013776485,23.809928551808298,51.146036851656696,-0.5007769615835043,0.06551750021472491,0.08804182990300724,0.08361953709314178,1.7831376196502893,-29.50021217535027,-74.34580332890823,-10037.859443683694,-9194.174912135059,22.42283121744788,1,0,0,22.42283121744788,1,1,1,0,0,73.50611864190012,46.834371730832345,1717.640391888173,1783.1452270507814,1848.6500622133897,7.347111628249089,-0.03327157252382692,1629.0484369607923,1779.8854856418075,1930.7225343228226,1677.5839810854136,1807.7953459456103,1938.006710805807,2.828681565532968,0.2592447389478705,1589.2712479131783,1783.1452270507814,1965.3132509759423,7195123.0,64.64633644090183,0.199647372896124,9182052.042474067,115350.46920347214,590056.946261503,1723.6559544389645,24855163.714126,990.4641057880945,10.898705206933636,-7.824471763415419,18.723176970349055,0.47328383374089744,-2.1330862900953105,32.7524175813041,1072.7208574201181,1781.6437377929688,1781.6437377929688,-0.0821588863693502,-0.03953257562153753,0.18937117272504495,1072.7208574201181,1792.0291242327007,-3.3211669921875,3.326431797244762,25.26779134114582,-0.02279946274587097,-0.04979876469524125,-0.03732267203828543,-0.02688355815339205,,,-0.023063389809377128,-0.0903133324064499,-0.3166057625575093,-0.29870186436711244,0.07041519148236808
2026-04-07 00:00:00+05:30,1712.287203501506,1735.1574739315492,1686.7322107476064,1691.90283203125,164922,0.0,0.0,1777.9148986816408,1762.7071557617185,1692.1503808593745,,1771.5061852979447,1748.5543774945004,1685.7495820971135,,1777.4167742047994,1769.054410903033,1770.2610940896582,1794.4779684028583,1755.5614461485184,1796.2272791591806,1778.9866582380018,1798.9402528728215,1751.211845635337,1768.4858089316617,1798.784969141157,1793.4163607564738,1779.9022256746912,1763.3869493575232,1757.7252773758262,1702.5921630859375,1767.7723999023438,1809.2371747445638,38.13382143812809,-3.9267636027216213,-12.25695739230545,8.330193789583829,15.148014875251965,27.80782194222441,-12.659807066972446,0.0,12.884796578040469,-95.55982195102006,-5.8279826767822955,-5.822767607947405,-104.7060546875,-2345.398794506219,-3.2035752909430357,48.71229568139678,-1.0379282112813235,-0.5007769615835043,0.07568649931584126,0.08464328959016695,-0.3367369242034329,-32.91395265028382,-81.3392158342267,-10401.606000780226,-9749.099146259363,2.2870279947916305,1,0,0,2.2870279947916305,1,1,0,0,0,71.71462896633174,48.42526318394289,1701.1635665965837,1777.9148986816408,1854.666230766698,8.63385892564034,-0.060329471253155416,1625.810710170561,1771.5061852979447,1917.2016604253286,1677.5839810854136,1807.7953459456103,1938.006710805807,3.472383174287064,0.2582641284981631,1586.7938223995454,1777.9148986816408,1960.7973702047993,7030201.0,65.73433511575419,0.14618453247035773,9052349.229620326,27098.187312444672,2075.709309524973,1704.5975055701354,24649370.811765205,989.2162861984655,4.798253399192198,-11.139938856925486,15.938192256117684,0.3614243171273646,-2.2413178850126245,38.375666042528515,1472.6917442076763,1778.66064453125,1778.66064453125,-0.3822817526057342,0.2141964538187276,0.12409403849610072,1472.6917442076763,1776.420525251116,-5.230328369140625,3.3136278146721696,27.023384602864574,-0.012478195896289956,-0.08230401476781435,-0.0582276760794741,-0.06061943507854839,,,-0.01255670234559922,-0.0903133324064499,-0.3166057625575093,-0.29870186436711244,0.07041519148236808
2026-04-08 00:00:00+05:30,1740.129184638051,1746.095341842524,1696.1785417844756,1727.998046875,334981,0.0,0.0,1776.1250488281253,1761.1897631835934,1694.9514916992182,,1767.3625530671882,1747.748246881971,1686.586185360042,,1772.6627883184526,1767.6932693780636,1762.4870413842445,1791.0963950093355,1745.9026937699523,1790.3026603189653,1757.025869785325,1793.8683034372852,1749.2014927171529,1756.5044944463546,1795.9778188500823,1791.733893973995,1778.2593501364483,1760.6456494053502,1735.5562176305496,1709.950439453125,1767.7723999023438,1812.3694607767065,44.262569668171025,-6.729583504398761,-12.047821835186072,5.318238330787311,11.201367179119025,17.770691223686473,-6.569324044567448,8.72537423454867,5.479313436475861,-83.57738802869548,-5.856220138970174,-2.0295440330890515,-107.490234375,-2120.6902290967137,-20.243389311895726,47.79364598285474,-1.4332589637473454,-1.0379282112813235,0.06211357761927161,0.08356496754758543,-1.915563732220151,-16.251316209761626,-66.16811626781009,-10852.861887021232,-10215.787587487048,-21.362162272135418,1,0,0,-21.362162272135418,1,1,0,0,0,70.46304902668477,54.19250981127402,1696.3762409683748,1776.1250488281253,1855.8738566878758,8.980089314360857,0.19825880007031974,1625.2204546545506,1767.3625530671882,1909.5046514798257,1677.5839810854136,1807.7953459456103,1938.006710805807,3.8481482448954436,0.2650264979522467,1585.8139327309132,1776.1250488281253,1958.4253828340952,7365182.0,65.56716823630437,0.1450225791478057,9144436.055375729,17831.863159883767,1729095.0599187668,1723.4239768339999,25364022.441555187,989.2162861984655,3.212963332322372,-10.18018313903625,13.393146471358623,0.7509995025186813,-1.2069647997187198,39.8744039298753,1589.9680887628547,1778.66064453125,1778.66064453125,-0.303175672253418,-0.2266519957141525,0.06699827039512579,1589.9680887628547,1765.738267299107,-1.789849853515625,3.302594677108728,27.78904215494791,0.0213340944647602,-0.05271189573390578,-0.02029544033089048,-0.060750177140769024,,,0.02110970844307779,-0.0903133324064499,-0.3166057625575093,-0.29870186436711244,0.07041519148236808
2026-04-09 00:00:00+05:30,1733.168706497805,1741.322406306126,1700.2554294631589,1709.3040771484375,90973,0.0,0.0,1774.1065002441408,1759.1393945312498,1697.7933715820307,,1761.8331744082595,1746.2406323826167,1687.0360446033765,,1766.2988862537204,1765.6585365923713,1752.4192260037084,1786.4403607703127,1733.308135414085,1782.652800631648,1736.7935017639422,1787.296404107391,1745.8548278577891,1744.07327445816,1789.381300525079,1791.7807785490625,1777.2983297763437,1756.5175357487767,1720.9754016371535,1718.6510620117188,1767.7723999023438,1812.3694607767065,41.944987469599255,-10.340091456784421,-12.526663830057386,2.186572373272965,9.948580497307752,12.099320850559579,-2.1507403532518268,14.151253818176576,7.625542684241748,-91.01704852836122,-5.735907006746499,-2.3073411092377785,-104.010009765625,-2058.9123795036967,-35.607133047334855,46.426811808283894,-1.7348219221238848,-1.4332589637473454,0.04678493972194442,0.08030665339015099,-3.7603814806391735,-13.446740188467402,-54.51371703143445,-11276.651980045113,-10637.24119988862,-44.994791666666664,1,0,0,-44.994791666666664,1,1,0,0,0,68.36332958499065,41.06697684296705,1689.6349632440567,1774.1065002441408,1858.5780372442248,9.522713206727962,0.11642450583301923,1625.4061373981651,1761.8331744082595,1898.260211418354,1680.4676386833207,1809.2371747445638,1938.006710805807,4.277215849983491,0.26621201466188416,1590.925913774297,1774.1065002441408,1953.220853160055,7274209.0,60.97708304541331,0.12323210993557955,9093552.815526351,-3770.1060509551316,1239131.9787968616,1716.960637639241,25265605.28703293,988.1344580239273,-3.5100895977559454,-13.522588855291655,10.01249925753571,0.2179386562561688,-1.534301976667925,42.235768500041964,1783.8601407891367,1778.66064453125,1778.66064453125,-0.3128963764908887,-0.5588490990982391,0.004000859653376588,1783.8601407891367,1750.6836582728795,-2.018548583984375,3.2936004368131813,28.76351318359374,-0.010818281745381353,-0.041432032580833944,-0.023073411092377816,-0.07877815673118449,,,-0.010877224849553476,-0.0903133324064499,-0.3166057625575093,-0.29870186436711244,0.07041519148236808
2026-04-10 00:00:00+05:30,1713.281522548151,1768.8662462501843,1713.281522548151,1739.4332275390625,237425,0.0,0.0,1772.4608398437501,1758.2524267578121,1701.0747583007808,,1759.6998461350029,1745.9736753299283,1688.073612582301,,1762.9966698056178,1764.8857457299325,1749.252310093177,1784.3404556321905,1731.026172649793,1778.9403594953117,1723.1522704285458,1780.6780785125422,1745.656202904596,1737.5705044576805,1785.8432738807132,1790.925050364442,1776.5502698027422,1755.2485747522476,1718.2794496955812,1724.36865234375,1767.7723999023438,1812.3694607767065,46.78148845191902,-10.647536215022228,-10.267286870636154,-0.3802493443860737,15.459682444589221,12.203210040338664,3.256472404250557,26.462761506029373,16.44646318625154,-79.02651610917563,-2.967606174827141,-1.8570414535043656,-53.1982421875,-1948.38679282863,-36.30406404571613,44.43400973575917,-1.7472630462614385,-1.7348219221238848,0.03261135893057876,0.07502830984964762,-4.9266899218911595,16.287945320666722,-39.296778381366494,-11428.525003360252,-11014.859789712194,-61.99833170572916,1,0,0,-61.99833170572916,1,1,0,0,0,67.73467526475895,59.562169101746804,1686.5743581867123,1772.4608398437501,1858.347321500788,9.691213450403687,0.30772519919622743,1624.9206852017276,1759.6998461350029,1894.4790070682782,1680.4676386833207,1809.2371747445638,1938.006710805807,4.536147656727137,0.26990405427349967,1592.2031752946073,1772.4608398437501,1951.2912996964587,7511634.0,58.41109141437525,0.09605821054252518,9079536.98782885,-16724.119899962097,2084029.3434679015,1740.5269987791326,25684103.881117363,988.1344580239273,-5.707539785747134,-12.576031234626274,6.868491448879141,0.5880863865896736,-0.7690992032150897,42.94324082851895,1844.1219328561772,1778.66064453125,1778.66064453125,-0.20065869857606616,-0.7698404368568211,0.004965473988156717,1844.1219328561772,1744.0683297293529,-1.645660400390625,3.2908124279397875,29.39658610026041,0.017626559717150103,-0.00788335700698406,-0.0185704145350436,-0.06364409552364103,,,0.01747301361408539,-0.0903133324064499,-0.3166057625575093,-0.29870186436711244,0.07041519148236808
2026-04-13 00:00:00+05:30,1715.2702123306706,1756.5361333809446,1696.3773810064488,1747.88525390625,115430,0.0,0.0,1771.3720214843752,1757.5344995117184,1703.7356652832025,,1758.5746468751217,1746.0486391956665,1689.2580015194087,,1760.65613781157,1764.479189931832,1748.1040768402438,1782.9828639845296,1731.5929217310875,1776.4181594577917,1715.6764038667222,1774.6807330931172,1745.7290986053104,1729.4331745130503,1782.4478948421927,1791.0820627928308,1776.0841061650028,1754.7137043929288,1723.4597322051914,1743.6592407226562,1767.7723999023438,1812.3694607767065,48.08801381264962,-10.092836572213173,-7.770069782261679,-2.3227667899514937,18.097860615824754,14.502041185907242,3.595819429917512,31.908968548818073,24.174327957674674,-75.66285351498887,-3.060721013287867,-1.2305384785392468,-55.18701171875,-1831.483379015172,-35.58958036599347,50.45056434447656,-1.7441020876384568,-1.7472630462614385,0.020220901373790845,0.06767568689625383,-5.50931444475355,4.628267740465162,-55.5304846340307,-11154.290415478059,-11236.251044885003,-75.60447184244791,1,0,0,-75.60447184244791,1,1,0,0,0,67.19353791545444,60.15875237449586,1684.7868276432082,1771.3720214843752,1857.9572153255422,9.776059776377215,0.3643719177830241,1625.1727865308258,1758.5746468751217,1891.9765072194177,1680.4676386833207,1809.2371747445638,1938.006710805807,4.743696211073029,0.2706671446473711,1593.8902557901533,1771.3720214843752,1947.2359600120699,7627064.0,60.81073860184899,0.08961724848546881,9161769.124563742,5661.656113816425,1925684.780624552,1733.5995894312146,25740192.11653326,988.6203649408111,-10.651601421476098,-14.016074296284192,3.3644728748080936,0.30574243788737615,-0.5425123288679039,43.29259692058347,1874.2489481281132,1778.66064453125,1778.66064453125,-0.12266888553434735,-0.8711096926161062,0.00876218333497141,1874.2489481281132,1739.2243704659597,-1.088818359375,3.2887822760777854,29.323665364583327,0.004859069168837937,0.020197358043012148,-0.012305384785392448,-0.04813985873408444,,,0.0048473019951895185,-0.0903133324064499,-0.3166057625575093,-0.29870186436711244,0.07041519148236808
2026-04-15 00:00:00+05:30,1755.0446536393924,1757.828909008078,1725.512222751262,1733.86474609375,370605,0.0,0.0,1769.204315185547,1756.6336108398436,1705.5155688476555,,1756.2213229911815,1745.5708394661797,1690.1413033921679,,1757.0840163457963,1763.550964307598,1744.618752302727,1780.5976007977372,1728.6558970888257,1772.457674695421,1710.8778197660897,1769.0709687677277,1744.5171502890278,1721.2563868734146,1779.3689361519964,1789.088879322987,1774.9157196695364,1753.1515623127762,1729.9663073833426,1740.875,1767.7723999023438,1812.3694607767065,46.06760907991802,-10.661669822038675,-6.671122425669745,-3.99054739636893,21.35600644699395,18.304516502469305,3.0514899445246435,38.17838129828089,32.18337045104278,-81.24261103485362,-5.954367691698026,-2.439436507111729,-109.77722167968727,-1694.4675924185347,-29.216320902470216,47.85599331277359,-1.5348140335258866,-1.7441020876384568,0.00853862706773345,0.058324626698465686,-6.716685305529764,8.498631874273997,-23.81805438254196,-10810.849275969787,-11208.855348948588,-74.26210530598956,1,0,0,-74.26210530598956,1,1,0,0,0,64.7023342255517,32.316686256815956,1681.0783753423427,1769.204315185547,1857.3302550287515,9.962211722727126,0.29949394494586923,1629.3688424402822,1756.2213229911815,1883.073803542081,1680.4676386833207,1809.2371747445638,1938.006710805807,5.003510531968086,0.2712514108360573,1596.3960358030838,1769.204315185547,1943.0298132845976,7256459.0,60.17757508359689,0.03379772880550664,8982736.174293308,-42660.2520678509,908291.1979851071,1739.06862595103,25442914.575788572,988.6203649408111,-7.865318060541407,-8.9838327482796,1.1185146877381935,1.3798625443115693,-0.8020242202165234,44.06296992160217,1941.5453183120173,1769.71142578125,1769.71142578125,0.011572835090868058,-1.0320864242811203,0.04273276792340397,1941.5453183120173,1732.8434186662946,-2.167706298828125,3.282920644029873,30.323102213541667,-0.008021412035582043,0.024801609919951284,-0.024394365071117252,-0.05628616126177011,,,-0.008053756643505884,-0.0903133324064499,-0.3166057625575093,-0.29870186436711244,0.07041519148236808
2026-04-16 00:00:00+05:30,1745.0016492144853,1745.101060896014,1672.512811639371,1690.610107421875,254999,0.0,0.0,1766.8824829101563,1755.6372607421877,1706.0853369140616,,1749.9726357941047,1743.4155166409128,1690.1505866402808,,1749.5988537016372,1760.961807310815,1733.8214977071952,1774.9978791273488,1715.263543915063,1763.8678414327521,1704.3685423113666,1762.7412985508959,1737.9600556817109,1709.5210315759466,1773.571925558413,1787.714818948334,1774.1455038516322,1747.9856866127568,1729.2504965215371,1712.2374267578125,1767.1260375976562,1805.259761222589,40.42471233304094,-14.436348873965699,-8.356641182077414,-6.079707691888284,16.636999782020016,18.69695561494624,-2.0599558329262244,29.243903590168884,33.11041781242261,-93.18353610409746,-7.3207954945903415,-2.673310055097416,-133.54248046875,-1542.0787447034731,-30.632397633497476,45.863538849523515,-1.672427159000585,-1.5348140335258866,-0.005142459872842231,0.04708754893062809,-8.630276502685167,4.159379435342544,-68.4288698213004,-11010.507987221721,-11061.552062246277,-81.76953125,1,0,0,-81.76953125,1,1,0,0,0,65.26561387062965,72.58824925664294,1672.9345873516556,1766.8824829101563,1860.830378468657,10.634311728957,0.0940708675012999,1621.3750106753591,1749.9726357941047,1878.5702609128502,1672.512811639371,1805.259761222589,1938.006710805807,5.463716745475697,0.2739103843238506,1593.8204054398184,1766.8824829101563,1942.119723264222,7001460.0,61.74987617351582,0.025277132326268215,8854887.019468019,-99229.37721677311,-797163.202682687,1702.74132665242,24806769.822771426,986.1256698517435,-8.614095235699512,-7.786087938750164,-0.8280072969493477,1.0629608787177725,-1.6237165299948007,46.973947779250345,2206.5517699677384,1769.71142578125,1769.71142578125,-0.0806922044951847,-1.0877182524749336,0.06614930761048354,2206.5517699677384,1715.031595284598,-2.321832275390625,3.2766865007758743,32.57875325520832,-0.02494695089067589,-0.021636563490762817,-0.02673310055097411,-0.07057344759782835,,,-0.02526340012152796,-0.0903133324064499,-0.3166057625575093,-0.29870186436711244,0.07041519148236808
2026-04-17 00:00:00+05:30,1690.610041378415,1705.326611123328,1648.6481173425527,1665.8505859375,345216,0.0,0.0,1761.169891357422,1754.280954589844,1706.8271301269524,,1741.9610119982376,1740.3737546525435,1689.6693985075526,,1739.9767682756699,1757.4407612400428,1720.0994655328682,1767.795115915392,1698.1423759499512,1753.1037255822346,1694.7405101006575,1755.1277670512313,1730.133750464421,1697.037734390886,1765.171251470951,1782.72148254887,1772.269398820667,1740.8734194362046,1718.3953746270254,1678.2303466796875,1754.7462768554688,1793.3274140741798,37.58657488099278,-19.204320228229108,-10.499690029072658,-8.70463019915645,10.506295831349082,16.166434020121013,-5.660138188771931,15.07232231283151,27.498202400427093,-94.05496536700167,-6.580050235996367,-6.418272901833205,-117.33447265625,-1232.1804528557313,-37.23143852338035,46.51587281890254,-1.967770480373272,-1.672427159000585,-0.021464092813150426,0.03415457569401944,-10.268705025484614,-24.88777097689035,-81.56626475766552,-11659.196971973937,-11076.033652305834,-99.63482666015621,0,1,0,-99.63482666015621,1,0,0,0,0,64.65224814992575,56.67849378077517,1657.242298006971,1761.169891357422,1865.0974847078733,11.802108798299857,0.04141483340955133,1614.8148761706534,1741.9610119982376,1869.1071478258218,1648.6481173425527,1793.3274140741798,1938.006710805807,6.0087787135431565,0.2598683169489068,1598.9207502694628,1761.169891357422,1929.5701859545245,6656244.0,55.02010052338953,-0.017831211610022053,8719223.779336441,-156516.01598167233,-1904337.4549780171,1673.275104801127,24301190.036443017,986.1256698517435,-6.747129218601306,-4.735297537321566,-2.0118316812797397,1.4938123465743651,-1.8343406663617967,51.963796675225524,2700.236164904179,1756.28759765625,1756.28759765625,-0.12237976030612496,-1.0364084945306167,0.2388915956598849,2700.236164904179,1697.590522112165,-5.712591552734375,3.273268752347906,34.816722005208334,-0.014645317318096707,-0.025421744317973616,-0.06418272901833211,-0.08418519438162286,,,-0.01475361868369321,-0.0903133324064499,-0.3166057625575093,-0.29870186436711244,0.07041519148236808
2026-04-20 00:00:00+05:30,1665.8505996629458,1674.3026558227004,1610.9618797728824,1637.5113525390625,331032,0.0,0.0,1755.0794372558596,1752.624353027344,1706.5337939453118,,1732.013425383078,1736.339934961819,1688.6365659141172,,1728.1997645786832,1752.8615611596201,1703.2337335483135,1758.8103180409184,1677.1085209724122,1739.9382384854598,1681.2051217796686,1745.5797511604178,1720.2042400542305,1684.1523512048493,1754.9826174518696,1778.3326525827079,1769.8787031555755,1731.4422695176656,1697.9264806588615,1651.6809692382812,1740.57666015625,1774.4842952893446,34.59290406644742,-24.981737255766802,-13.021685645288281,-11.960051610478521,6.959830130079691,11.367708581149595,-4.407878451069903,3.3770299797407892,15.897751960913727,-91.8820081386618,-6.601630909254085,-6.923643904642081,-115.743408203125,-939.8488639865457,-54.13994137198188,43.84920749170186,-2.3325571850873814,-1.967770480373272,-0.041026507892172326,0.01981364927233282,-11.852442018111272,-42.66843634020984,-106.00921239002787,-12408.364319332484,-11426.437252282263,-116.19089762369788,0,1,0,-116.19089762369788,1,0,0,0,0,64.55857157134663,63.34077604981803,1637.3369633721659,1755.0794372558596,1872.8219111395533,13.41733842746047,0.0007405533498000013,1604.9115356248221,1732.013425383078,1859.1153151413337,1610.9618797728824,1774.4842952893446,1938.006710805807,6.694150842334372,0.2628904173859552,1591.6198150632222,1755.0794372558596,1923.611641899558,6325212.0,48.30006109886994,0.02193204704979046,8665697.854153767,-182753.70658164844,-2972459.6914599524,1640.9252960448816,23738042.7056113,984.4244828642869,-5.580018524163226,-2.8545494743067885,-2.725469049856437,1.3404970779178706,-1.997037786600798,58.87123694184692,3465.822539063081,1750.5700073242188,1750.5700073242188,-0.2799759259822937,-0.8451931103570937,0.4250283856283184,3465.822539063081,1674.4404192243305,-6.0904541015625,3.271016904212696,38.46536187065971,-0.01701186987456549,-0.05859487641511729,-0.06923643904642085,-0.13371905334096468,,,-0.01715823406002781,-0.0903133324064499,-0.3166057625575093,-0.29870186436711244,0.07041519148236808
2026-04-21 00:00:00+05:30,1636.7158018639552,1709.6024046552016,1622.9935916674265,1686.0360107421875,298876,0.0,0.0,1749.451354980469,1752.1788793945314,1706.5407531738274,,1727.6346239887075,1734.3672320512453,1688.5850697720987,,1721.6242001488097,1750.2502536190257,1697.6340824956808,1754.0610816249268,1672.8924071409613,1733.2614337821237,1671.9812737006644,1735.9847217052013,1719.6748900243485,1683.7730024665898,1748.703030469995,1772.8819062873722,1769.3018405670316,1727.8352178566738,1681.4195849185364,1661.773681640625,1730.8319702148438,1733.6658890807762,42.96899505154725,-25.35259852033164,-10.714037527882494,-14.638560992449145,14.884860767058315,10.78366224282903,4.101198524229286,12.447611751058965,10.298988014543754,-69.40844419316157,-1.5902514263777607,-6.2583004662920985,-27.2454833984375,-847.9308843048786,-63.38163638773426,49.38204918415516,-2.157059044000485,-2.3325571850873814,-0.059068349161151,0.0048408883304447885,-12.261541580864858,-2.9493901618911877,-89.55820314966627,-12326.448220238559,-11912.013131678854,-116.3732299804687,0,1,0,-116.3732299804687,1,0,0,0,0,66.13358881537724,86.60881298777508,1629.723346209225,1749.451354980469,1869.179363751713,13.687492187810014,0.23516913507078888,1596.1407593526142,1727.6346239887075,1859.1284886248009,1610.9618797728824,1774.4842952893446,1938.006710805807,6.993320825999046,0.2731306170330414,1585.9339181802811,1749.451354980469,1916.2104981414436,6624088.0,31.501513124719875,0.03841649333766586,8801924.597013153,-133528.46122804843,-475986.05766321835,1672.8773356882718,24623707.145288594,987.3878002255916,-5.427855161135752,-2.1619088890234517,-3.2659462721123003,1.1746151146471608,-1.0593234597168444,59.86400438562203,3583.6990210817735,1743.6592407226562,1743.6592407226562,-0.06410555128434775,-1.0145398932941834,0.5435169012242097,3583.6990210817735,1665.969890485491,-5.628082275390625,3.2779298688360416,40.43684895833333,0.029633173613046626,-0.03538518505481936,-0.062583004662921,-0.0773751965553221,,,0.02920259668462134,-0.0903133324064499,-0.3166057625575093,-0.29870186436711244,0.07041519148236808
2026-04-22 00:00:00+05:30,1670.6234302809537,1837.5764204642032,1667.540939999171,1828.1300048828125,928322,0.0,0.0,1751.0274108886722,1754.833818359375,1709.0077587890619,,1737.205612645289,1738.0442035348362,1691.3483358138951,,1729.117404901414,1753.22872912837,1718.7217315075527,1760.4985218055488,1706.7562417461643,1743.166761449807,1682.2125010568852,1730.5458109645601,1727.7295801961177,1707.057665364117,1755.3897060137574,1778.3961289598717,1773.908165936194,1733.5517323010613,1691.0421352901494,1757.0830078125,1732.8206787109375,1733.6658890807762,59.37513388693226,-14.019107402772079,0.4955628717416545,-14.514670274513733,42.40074153760815,21.415144144915384,20.985597392692764,45.78094508439229,20.535195605064015,-11.50732305535217,8.051713743395776,1.7544785844642752,136.2271728515625,-775.7850996070158,-60.34564579184325,59.62903781169446,-1.2580903520992293,-2.157059044000485,-0.06601789274831571,-0.009395941710398247,-9.048670966528272,108.51345278057897,-61.52202768445318,-11143.523192448634,-12045.390873927443,-92.9892171223958,0,1,0,-92.9892171223958,1,0,0,0,0,73.5551525046383,170.03548046503215,1627.9039388377978,1751.0274108886722,1874.1508829395466,14.062997676134314,0.8131108663110217,1585.8472626478651,1737.205612645289,1888.5639626427128,1610.9618797728824,1774.4842952893446,1938.006710805807,6.9876115807556625,0.4049528613137787,1570.009702232999,1751.0274108886722,1930.4153637525114,7552410.0,50.851294474473875,0.1203350869005407,9627099.708124265,161303.8073363267,18436152.068947706,1777.7491217820623,32447323.010441285,987.3878002255916,9.01772405778763,9.826936263919944,-0.8092122061323144,2.8064134535359577,1.2524434652440861,61.561736025437234,3789.8473424656167,1743.6592407226562,1743.6592407226562,-0.04851056724831341,-1.113129767297875,0.3764820905618069,3789.8473424656167,1685.2973929268974,1.576055908203125,3.2998761737256888,41.420601128472214,0.08427696279041852,0.05436713503832058,0.017544785844642696,0.017882839395981787,,,0.08091337111187022,-0.0903133324064499,-0.3166057625575093,-0.29870186436711244,0.07041519148236808
2026-04-23 00:00:00+05:30,1804.3648406187567,1868.401620818868,1804.3648406187567,1843.741455078125,335859,0.0,0.0,1751.4400695800787,1758.1072509765625,1711.3435083007807,,1747.3518833531782,1742.1891937914359,1694.36602134388,,1737.9473138718379,1756.7153031173407,1739.808331059507,1767.7453921804222,1738.880804515262,1754.0735464620707,1706.7182661629545,1729.190157957038,1735.034165140416,1732.8787289492307,1761.3501290392596,1778.0050803429065,1776.3534227299488,1739.7029372563652,1724.2516464866003,1835.9357299804688,1740.6264038085938,1739.6817502958752,60.71235600983281,-3.7344718118640685,8.624158770119733,-12.358630581983801,69.8350759075856,42.37355940408402,27.461516503501585,79.11427841772561,45.780945084392286,-9.579005028729426,6.698121471401041,0.44964459388999434,115.743408203125,-663.7775073475043,-37.86903334720091,58.85126384028138,-0.4148580741021837,-1.2580903520992293,-0.06368633966873372,-0.021670528309362485,-5.126039334600771,122.95601207888649,58.919231878775236,-9688.200038247018,-11506.084530492315,-61.45143636067704,0,1,0,-61.45143636067704,1,0,0,0,0,72.87526876860066,64.03678020011125,1627.075622866139,1751.4400695800787,1875.8045162940184,14.201393341852352,0.8710923336086392,1598.2111323650115,1747.3518833531782,1896.492634341345,1610.9618797728824,1774.4842952893446,1938.006710805807,6.932433060994509,0.3988152996458518,1571.4497248812904,1751.4400695800787,1931.1344702154202,7888269.0,60.452359029192415,0.09660945623607071,9704284.284468412,291811.7544643171,16551451.209261958,1838.8359721719164,32734132.265644312,988.2417575565044,6.95859105322009,6.214242607481923,0.7443484457381665,1.0150670784652875,1.4843693344345572,62.182223356969864,3866.628901616088,1743.6592407226562,1743.6592407226562,-0.02190011281443319,-1.0970352928710172,0.22475431404479831,3866.628901616088,1710.9618024553572,0.41265869140625,3.3171102831721697,43.963944498697906,0.00853957330912758,0.09057756545048123,0.004496445938899862,0.02210460325456287,,,0.008503317413343188,-0.0903133324064499,-0.3166057625575093,-0.29870186436711244,0.07041519148236808
2026-04-24 00:00:00+05:30,1847.520023593708,1864.4241357579133,1798.7964061792347,1852.4918212890625,282029,0.0,0.0,1753.3989562988286,1761.5497216796875,1713.9984484863276,,1757.3652107756434,1746.514787026637,1697.4972253031906,,1747.5712902250746,1760.41665881587,1759.5997692255046,1775.2247436851699,1767.6074406439072,1765.1191302539653,1739.6953638065222,1731.5567390221938,1745.7062169934961,1755.0379371482622,1768.5780929203795,1779.0070394981544,1778.166375666785,1745.969270021884,1769.9355462647632,1848.1166381835938,1745.0015869140625,1739.6817502958752,61.47776014766695,5.063884110225445,13.938011753767398,-8.874127643541954,90.91122092489552,67.71567945669642,23.195541468199096,99.99999999999999,74.96507450070595,-6.180009141231835,8.376961481277181,2.1605597539736494,143.187744140625,-524.6821748734706,-9.866114356241951,61.92036435819167,0.28367421241085145,-0.4148580741021837,-0.054108697692190066,-0.0313060901563368,-1.4611097513986024,103.6862109394915,38.05848136081295,-8727.009170359472,-10452.817308664888,-15.942911783854136,0,1,0,-15.942911783854136,1,0,0,0,0,72.35758739789193,65.62772957867855,1623.8066669817667,1753.3989562988286,1882.9912456158904,14.781837168491581,0.8823254667096446,1609.9278209142205,1757.3652107756434,1904.8026006370662,1610.9618797728824,1774.4842952893446,1938.006710805807,6.807479465018508,0.3963609032466264,1577.67955131435,1753.3989562988286,1930.130305998668,8170298.0,58.707185065444875,0.08310312996828799,9883757.28446841,375778.07333810255,14539509.183953749,1838.57078774207,32867982.758906662,988.716355889521,4.117704268233629,2.69868465799637,1.419019610237259,0.8058448028211954,1.5293018668385798,64.79614465853086,4198.5403626092575,1743.6592407226562,1743.6592407226562,0.05073501898493177,-1.1157514575711933,0.0834845139790559,4198.5403626092575,1735.915958077567,1.95888671875,3.3346075517920584,46.463541124131936,0.004745983330166403,0.11203960122661627,0.021605597539736454,0.02244663111548295,,,0.00473475665833313,-0.0903133324064499,-0.3166057625575093,-0.29870186436711244,0.07041519148236808
2026-04-27 00:00:00+05:30,1859.25357494493,1885.305747159933,1819.8768388165424,1832.7041015625,211139,0.0,0.0,1755.4025878906255,1763.9540844726562,1716.6842138671866,,1764.5403432315345,1749.8947601456905,1700.1745891895137,,1755.1241612025672,1763.2070266544117,1773.0538730986436,1780.7262613045482,1785.9798832832798,1773.0552931160557,1771.7302150022824,1736.4527614308945,1750.0461681040772,1770.5127002025943,1772.430346016639,1779.8373426973412,1779.542075388545,1751.0724687271556,1807.8033662930018,1842.5979614257812,1745.0015869140625,1748.1338134664077,58.6930762882499,10.320967272020198,15.356075932449722,-5.035108660429524,88.35578922100574,83.03402868449561,5.321760536510126,96.54739474767939,91.88722438846833,-19.173618167021512,5.362141676193944,2.2354082538810918,93.2708740234375,-375.2808515958782,29.006620458851557,61.44060010438901,0.8914390060369135,0.28367421241085145,-0.04086911698314433,-0.038093869973774036,2.0341497588517203,114.28693994949981,48.85803160610931,-8379.708650654875,-9392.275043386082,31.139994303385418,0,1,0,31.139994303385418,1,0,0,0,0,71.86268175114184,65.4289083433905,1622.0711117206577,1755.4025878906255,1888.7340640605933,15.190985485578574,0.7898847139940625,1618.6819603391252,1764.5403432315345,1910.3987261239438,1610.9618797728824,1774.4842952893446,1938.006710805807,6.546151873437714,0.396061986372409,1578.0309917428929,1755.4025878906255,1936.0004603394173,7959159.0,63.87124105305009,0.06553381773016738,9755405.404030442,335127.0533436518,11865585.10691083,1845.9622291796586,32642450.893808365,987.6481881654231,0.18665851352846233,-0.9858888773670375,1.1725473908954998,0.6078554037749168,1.1595388559762496,66.66573808498391,4444.320634415675,1743.6592407226562,1743.6592407226562,0.03289796563349312,-1.2527084706992981,-0.001576580413365039,4444.320634415675,1754.5673078264508,2.003631591796875,3.345217144571221,48.341335177951386,-0.010681677240978682,0.11920085239151423,0.022354082538810882,0.02742627511515816,,,-0.01073913589146606,-0.0903133324064499,-0.3166057625575093,-0.29870186436711244,0.07041519148236808
2026-04-28 00:00:00+05:30,1909.17030716288,2061.5061393692067,1869.3959257636532,1997.469482421875,11253215,0.0,0.0,1765.122448730469,1769.0094091796875,1721.2592626953115,,1786.7240707734716,1759.6035727839724,1706.0616167782732,,1778.1781511579243,1772.3644932406555,1814.4977798578466,1798.554070353773,1843.618617888139,1798.98452884201,1816.6489017793729,1747.890099740204,1781.9788560002667,1817.2328448261567,1789.1322962953984,1912.558076650618,1872.3160177669313,1761.4669608012969,1849.3018744036947,1915.0867919921875,1817.4904174804688,1836.2340095710447,70.62461252905489,27.46582386594605,26.000746021100458,1.4650778448455917,86.81106494444188,88.69269169678104,-1.8816267523391588,96.54739474767939,97.69826316511958,-14.213177858421023,14.279211290205883,10.78144345642691,249.584228515625,125.75388685527378,83.39603604845797,65.92130606652299,1.4311115894478792,0.8914390060369135,-0.014448831852298394,-0.0406480320759998,8.53849351565522,258.13723569999615,66.0270220944426,-11373.748548745587,-9212.564038170216,110.27443440755206,0,1,0,110.27443440755206,0,0,0,1,0,83.07263575511075,228.80203780670672,1594.1336455195205,1765.122448730469,1936.1112519414173,19.374157677721325,1.1794217788774164,1611.1756219076333,1786.7240707734716,1962.2725196393098,1610.9618797728824,1836.2340095710447,2061.5061393692067,6.165514417378113,0.4980825253182905,1568.7559033236369,1765.122448730469,1964.535886759073,19212374.0,91.75204912722484,0.21834922199618273,13506486.55091669,1481556.814323943,275047680.8584138,1976.1238491849117,133812097.08964849,987.6481881654231,75.22697875177656,59.24354508870485,15.983433663071711,7.701724802981147,2.7176871155096665,85.49440160547417,7309.292705878103,1743.6592407226562,1743.6592407226562,0.9521606336227704,1.3002118306053825,-0.06416065902688897,7309.292705878103,1804.2895560128347,9.71986083984375,3.368074777015974,55.42869086371527,0.08990288215042552,0.18471341637750394,0.10781443456426909,0.11979485844508675,,,0.08608859332694184,-0.0903133324064499,-0.3166057625575093,-0.29870186436711244,0.07041519148236808
2026-04-29 00:00:00+05:30,2008.606298008493,2043.4088823799275,1972.3121743068543,2001.8446044921875,1374793,0.0,0.0,1773.0325805664065,1773.8976782226564,1725.8154174804677,,1807.2117406514444,1769.1032210862554,1711.9187056438952,,1800.723118373326,1781.4952852136948,1850.8767978078545,1815.6533612378653,1891.6021090432937,1823.3685563835957,1868.835484090697,1764.368702432821,1814.920776236726,1864.4562978486656,1803.9977328224172,1924.763848481507,1879.3335596049053,1771.759975605144,1891.583596259487,1999.6570434570312,1819.677978515625,1836.2340095710447,70.86526673158649,40.93441556348057,31.575470174907984,9.358945388572588,84.45703366109441,86.54129594218068,-2.084262281086268,96.54739474767939,96.54739474767939,-13.24210299127424,15.455637990343442,8.5809847836026,267.9798583984375,385.0641512102941,127.00017152517808,65.06070836929705,1.9236660281298739,1.4311115894478792,0.02090893909492131,-0.03775343219069274,13.892254282083632,211.6863071645771,140.58959909150394,-17131.582637843436,-10894.251034500638,170.201171875,0,1,0,170.201171875,0,0,0,1,0,82.21721234925091,71.09670807307316,1574.3541989086536,1773.0325805664065,1971.7109622241594,22.411137148340927,1.075835231836992,1634.8399615684339,1807.2117406514444,1979.583519734455,1610.9618797728824,1836.2340095710447,2061.5061393692067,5.933227802302877,0.49400473679516116,1587.918807223431,1773.0325805664065,1959.4861307389983,20587167.0,92.32040593157545,0.21652833364472276,13273827.396271534,1741835.9114902448,236614424.62098488,2005.8552203929896,134113222.45097907,987.8672214026673,64.25920083670954,38.620613738910265,25.638587097799277,0.8804039325079984,2.303340927347968,99.33919082887641,9868.274834535923,1743.6592407226562,1743.6592407226562,1.1033998690235305,0.9305803587912542,-0.05546988870220962,9868.274834535923,1856.1041939871652,7.910131835937511,3.3888103179507048,62.455721028645826,0.0021903323724414836,0.09502311058042645,0.08580984783602608,0.1253214201996813,,,0.0021879370914938633,-0.0903133324064499,-0.3166057625575093,-0.29870186436711244,0.07041519148236808
2026-04-30 00:00:00+05:30,1991.9010561451487,2008.606345591894,1917.423620931352,1987.3270263671875,823260,0.0,0.0,1781.1913024902346,1778.133649902344,1730.606241455077,,1824.3655773862772,1777.6610173717822,1717.3723357572278,,1821.1321132114956,1789.8650635723038,1879.3921956688303,1830.6078582623645,1926.5184135197856,1844.1663464653143,1920.9454283558237,1783.754890220624,1848.8213309886073,1906.775075843733,1818.0111537242956,1930.4693181301138,1883.7274956948577,1781.4873702600673,1932.6594617811666,1994.5858154296875,1819.677978515625,1836.2340095710447,68.84968468011654,49.862144529486386,32.402559312731036,17.45958521675535,85.36012828841996,85.54274229798541,-0.18261400956545515,98.14773388205826,97.08084112580568,-16.464334285044878,17.550878090856564,8.945218703729752,296.7169189453125,529.4059541075881,145.14227225962645,66.32806636716404,2.086409690809802,1.9236660281298739,0.0605657183812891,-0.028639008724643904,18.61533663381802,154.65456306913825,63.47183840859611,-22302.542326324812,-14615.485558359622,197.62892659505206,0,1,0,197.62892659505206,0,0,0,1,0,82.85760608577172,91.18272466054214,1561.3948505578487,1781.1913024902346,2000.9877544226206,24.679713136381764,0.9689241388217781,1651.0420201853549,1824.3655773862772,1997.6891345871995,1610.9618797728824,1836.2340095710447,2061.5061393692067,5.607882280280123,0.49282071329872207,1594.3923876382014,1781.1913024902346,1968.196990489594,19763907.0,88.23089874068403,0.22802411884621215,13712838.90161095,1829650.4837126154,201104972.33696026,1971.1189976301448,133516186.03065117,987.1420113592692,53.16864029330641,22.024042556405703,31.144597736900707,0.5086957335760625,1.8756965552871125,109.89822596619297,12077.62007051641,1743.6592407226562,1743.6592407226562,0.9946826236890183,0.07552469286533511,0.02238587074690349,12077.62007051641,1901.013734654018,8.158721923828125,3.408318500011809,67.72250976562499,-0.007252100433980835,0.07787728094608481,0.08945218703729751,0.14186135195565752,,,-0.00727852474635199,-0.0903133324064499,-0.3166057625575093,-0.29870186436711244,0.07041519148236808
2026-05-04 00:00:00+05:30,1980.963090607314,2018.549930978243,1872.2796622265705,1883.814208984375,369661,0.0,0.0,1786.222760009766,1780.6275048828127,1734.4007177734363,,1830.0273518241913,1781.8238876310998,1720.6682144349932,,1830.9057233537949,1794.0093992225795,1884.9358976188998,1836.694002265317,1927.4670767569526,1851.5686362924278,1956.7779004223314,1801.7640122752075,1852.034547412678,1928.045741518586,1824.167459391664,1932.983251723935,1884.529826777453,1787.3331202762395,1951.6098832161338,1935.5706176757812,1819.677978515625,1836.2340095710447,56.50829884012133,48.03114168280513,24.45724517283982,23.57389650996531,76.95138922696185,82.25618372549206,-5.304794498530214,84.95406351654563,93.21639738209443,-39.43939504279535,13.084224052675793,5.643225301023039,217.963623046875,611.2382777272699,162.0583866433019,53.9335314908422,2.019528810325138,2.086409690809802,0.09510340082956592,-0.013513463311117432,20.47474998690994,160.33208753239887,14.061818780726298,-24715.610056534028,-19159.60142226935,200.8771769205729,0,1,0,200.8771769205729,0,0,0,1,0,87.38708199047893,146.27026875167257,1561.6783295601156,1786.222760009766,2010.7671904594165,25.14181718840295,0.7173098855740532,1645.3497964992287,1830.0273518241913,2014.704907149154,1610.9618797728824,1836.2340095710447,2061.5061393692067,5.625780898980169,0.5261648242649064,1596.7563053357674,1786.222760009766,1980.5293569796077,19394246.0,86.20594787849693,0.22078177741648106,13401479.183551926,1600173.7635382023,166909311.7764591,1924.881267396396,131590752.97011985,981.9333659773346,41.67437450996874,8.42382141845443,33.25055309151431,0.2280705564459835,0.8692395422962129,112.2722152248252,12605.050311489473,1743.6592407226562,1743.6592407226562,0.8280817440270573,-0.37013513916014396,0.092364514309412,12605.050311489473,1920.2716500418528,5.03145751953125,3.416909039630508,70.35424641927084,-0.052086453819345846,0.01690824614465325,0.05643225301023036,0.08660741149024109,,,-0.05349197689769258,-0.0903133324064499,-0.3166057625575093,-0.29870186436711244,0.07041519148236808
2026-05-05 00:00:00+05:30,1892.2662809110216,1916.9264470499645,1859.452414768056,1900.8177490234373,186209,0.0,0.0,1793.6009094238286,1783.2625585937503,1738.4855468749988,,1836.7692944145958,1786.4903135680543,1724.235531951596,,1841.8195318312873,1798.7227421300552,1892.5483077154124,1843.6920878423173,1931.8164642029865,1860.2236248950753,1976.843396381857,1818.7238807422757,1858.3113924895183,1945.9080030220243,1831.0065093144171,1934.333265882168,1884.846444989339,1793.6699071970017,1948.5736956908022,1892.3159790039062,1819.677978515625,1836.2340095710447,57.845019826748945,47.40563960737836,19.06539447793044,28.340245129447922,69.47695851958676,77.26282534498952,-7.785866825402763,72.98880406631491,85.36353382163959,-35.66539511339951,16.07966846007522,8.416517187655229,263.3063964843748,643.2750304245726,165.06311778069812,54.168923102493984,1.591759871406935,2.019528810325138,0.12587751813148973,0.0070360774991759835,22.257450707495064,52.622902807321225,-4.8511294745871965,-24924.567958904285,-22682.07589374423,209.14695231119788,0,1,0,209.14695231119788,0,0,0,1,0,85.2504355827239,57.47403228190842,1563.9777230491384,1793.6009094238286,2023.2240957985189,25.604713419603893,0.733462572513597,1658.7326429716472,1836.7692944145958,2014.8059458575444,1610.9618797728824,1836.2340095710447,2061.5061393692067,5.616203159203092,0.5213328829747115,1603.7387092237284,1793.6009094238286,1987.4372021254374,19580455.0,85.81477851914343,0.22370425036249944,13483307.668326939,1386862.917391792,143517440.4065555,1892.3988702804859,131758827.5165392,982.8359783452618,30.52359029170652,-2.1815702398462378,32.70516053155276,0.11592155391122021,0.9338502900543879,114.81159318734514,13181.701930216435,1743.6592407226562,1743.6592407226562,0.6193550963572833,-0.8008386436459909,0.20994409837854264,13181.701930216435,1938.2567766462055,7.378149414062489,3.4264735980191827,72.5749796549479,0.009026123679271691,0.037165654511749135,0.08416517187655237,0.10490726732641087,,,0.00898563169961644,-0.0903133324064499,-0.3166057625575093,-0.29870186436711244,0.07041519148236808
2026-05-06 00:00:00+05:30,1904.1985362164328,1947.4531765952397,1895.2493002759895,1923.4891357421875,300491,0.0,0.0,1804.1112915039066,1786.0467651367194,1742.9581762695302,,1845.0283269219856,1791.8628163984124,1728.1811478682414,,1854.1898390997026,1804.2218235868565,1902.9675112246484,1851.9832002832445,1940.4502837150762,1870.6705960970296,1986.081268918256,1835.0669720846947,1865.9878059449816,1952.8546947915042,1837.764540467222,1936.8176235020976,1885.529773046788,1800.6815878096531,1934.0927206317551,1912.1534423828125,1819.677978515625,1836.2340095710447,59.6267875931214,48.18388233943847,15.874909767992435,32.308972571446034,64.75393821208895,70.39409531954584,-5.640157107456886,64.51320776347728,74.15202511544594,-30.63339520753827,14.083514437836588,12.269299722227013,237.453125,717.1973124267636,151.41759060473214,52.77326294133321,1.1695610579316678,1.591759871406935,0.1543123575658445,0.03151721642297156,24.31752981812208,74.69454785266157,22.490671533411387,-24994.208418793933,-24429.51779599923,234.63570149739576,0,1,0,234.63570149739576,0,0,0,1,0,82.88996706390435,52.203876319250185,1570.7546785206098,1804.1112915039066,2037.4679044872034,25.86942547083898,0.7557841466588858,1674.003951555651,1845.0283269219856,2016.0527022883202,1610.9618797728824,1836.2340095710447,2061.5061393692067,5.486675492482731,0.5119044619905219,1612.4570823209847,1804.1112915039066,1997.9951465141166,19880946.0,85.78642376935912,0.2324555841822032,13507919.591610977,1181352.008886654,123988170.01511958,1922.0638708711385,132117228.40321042,982.8359783452618,21.30897533136573,-9.116948160149626,30.425923491515356,0.18704725272577405,1.0231365866355426,116.67830649164846,13613.827205759055,1788.0076293945312,1788.0076293945312,0.3887318246633871,-1.1171459432999684,0.3496320851176705,13613.827205759055,1954.3469342912947,10.510382080078125,3.4301561352910377,76.73802897135414,0.011927175411949875,-0.037037034773611865,0.12269299722227012,0.12596044166865017,0.4621314971812356,,0.011856607220567335,-0.0903133324064499,-0.3166057625575093,-0.29870186436711244,0.07041519148236808
2026-05-07 00:00:00+05:30,1938.9017477835268,1939.0011594640655,1893.260619292093,1904.795166015625,252982,0.0,0.0,1814.7559082031253,1789.1849633789068,1747.3532458496084,,1850.7204068356655,1796.2915359912442,1731.6784551582887,,1863.77877952939,1808.8786236213234,1908.2915506504517,1858.309302077627,1941.8715462718073,1878.0868338962828,1985.0664176643668,1849.967206227969,1867.2871365194935,1954.0922359497538,1843.55564649363,1938.5446317695205,1885.946586734077,1806.6208693345918,1919.5752585098278,1914.1421508789062,1819.677978515625,1836.2340095710447,57.469788603861936,46.753255757145325,11.555426548559431,35.197829208585894,66.30620576289874,66.84570083152482,-0.5394950686260813,65.39679119826016,67.63293434268411,-34.78259239036595,4.193638358762506,12.583011858239079,76.6651611328125,708.2654901330397,128.0165148827507,53.42134285734304,0.8145727742654786,1.1695610579316678,0.17873211566199476,0.05845260034860806,25.13485414029707,61.66588253962345,15.925342367650956,-25035.87124411414,-24931.505676007433,231.15543619791663,0,1,0,231.15543619791663,0,0,0,1,0,80.23643657162351,45.7405401719725,1583.53805065865,1814.7559082031253,2045.9737657476005,25.48197876081471,0.6947065394704224,1687.2715833762252,1850.7204068356655,2014.1692302951058,1610.9618797728824,1836.2340095710447,2061.5061393692067,5.182766759235464,0.5106726396586252,1623.0380397980884,1814.7559082031253,2007.9049232382283,19627964.0,85.65957871091257,0.23159137371136881,13382528.244814526,949986.4806187134,105599968.89162177,1912.352314923928,131871360.73692176,981.8641002421214,12.838439850141992,-14.069986913098692,26.908426763240683,0.16438463334875064,0.7788261578816897,115.60892877223758,13365.424411864302,1830.4170532226562,1830.4170532226562,0.18388992728025455,-1.2024109264899079,0.4225081047552576,13365.424411864302,1961.8245221819195,10.64461669921875,3.417458957274272,79.91334635416666,-0.009718781031403778,-0.048480006019838484,0.1258301185823909,0.12351905285047904,0.3790224775770834,,-0.009766316626542239,-0.0903133324064499,-0.3166057625575093,-0.29870186436711244,0.07041519148236808
2026-05-08 00:00:00+05:30,1907.181659516151,2019.5442911769048,1907.181659516151,2006.2198486328125,1071460,0.0,0.0,1828.666998291016,1794.290004882813,1752.4364123535145,,1865.5298774830128,1804.5240188399332,1737.1149183954078,,1882.0134405226936,1817.389795592065,1931.0171000916098,1872.0193560520609,1968.5611674196175,1896.2840628025633,1989.5897683253434,1866.1424624777796,1877.4355912657504,1973.697534999926,1858.6810971672867,1945.9049574905614,1890.8362847277745,1815.9961500444815,1924.540120279048,1955.5075073242188,1821.8656005859375,1836.2340095710447,64.89070366012561,53.19045171190896,14.394098002658453,38.79635370925051,74.10433712397841,68.38816036632204,5.7161767576563705,71.87158662163466,67.2605285277907,-12.271001030160555,8.812428288531528,16.100816911278518,162.4783935546875,795.0036785668444,121.63739784402173,54.32535080127848,0.7082147910024572,0.8145727742654786,0.20595162296550562,0.08734819153279647,26.435396764900574,123.79693257983831,11.434300919084535,-24609.096040026736,-24932.30388745786,240.78417968749994,0,1,0,240.78417968749994,0,0,0,1,0,82.70162861374182,114.74912516127984,1586.2214713611672,1828.666998291016,2071.112525220865,26.516093652526866,0.866170604568776,1695.790632417561,1865.5298774830128,2035.2691225484646,1610.9618797728824,1836.2340095710447,2061.5061393692067,4.496491868092298,0.5339541440928893,1627.592751475915,1828.666998291016,2028.0710928167305,20699424.0,87.93618749191286,0.26013387839225244,14199871.604837684,1029038.3353693131,106038900.5409632,1977.6485997752895,137576566.85965297,981.8641002421214,12.064113335109276,-11.87545074250513,23.939564077614406,0.6644614693772911,1.4646824182751053,121.2227634649244,14694.95838207301,1838.2227783203125,1838.2227783203125,0.027071527774087164,-1.2995763656087076,0.5378918559415405,14694.95838207301,1988.706324986049,13.911090087890624,3.4126136920468735,85.60439860026041,0.05324702856598673,0.009506649894537533,0.16100816911278515,0.1941288509039949,0.38561911257734316,,0.051877800668154506,-0.0903133324064499,-0.3166057625575093,-0.29870186436711244,0.07041519148236808
2026-05-11 00:00:00+05:30,1988.7191352186048,1996.1768319756748,1931.54346008107,1953.817138671875,283992,0.0,0.0,1840.8926513671877,1798.5955834960946,1756.6017846679674,,1873.9381880724284,1810.3786509902056,1741.4060514701894,,1893.9325015113468,1823.6457616230084,1940.7960514420588,1880.8521509658449,1976.0045968559532,1907.0266726557797,1991.4793384845943,1881.9911523542712,1879.966765880047,1983.3387388838614,1870.2771136156896,1947.1161101935302,1891.6612186449279,1823.343172371576,1936.488247640277,1980.0184936523438,1846.1279296875,1842.2498655183167,59.148260938962096,53.44740670280953,11.720842394847217,41.72656430796231,76.12953809138745,72.18002699275486,3.949511098632584,68.19876593200357,68.48904791729946,-24.557792305311168,5.469676908603296,14.304831117664488,101.3253173828125,757.3527420332487,119.7946108640765,53.01350016492976,0.6451360608062688,0.7082147910024572,0.2305694516975043,0.11750803249731298,26.52363822233223,92.13379051077845,27.500418616173647,-23983.224463765408,-24711.227908473513,221.82507324218741,0,1,0,221.82507324218741,0,0,0,1,0,82.12839718074187,74.67638855174255,1599.1316000918823,1840.8926513671877,2082.653702642493,26.26563271853523,0.7335456573939501,1706.1405113843068,1873.9381880724284,2041.73586476055,1610.9618797728824,1836.2340095710447,2061.5061393692067,3.4317267331270505,0.5438332638217217,1636.8578686279463,1840.8926513671877,2043.2278087316713,20415432.0,87.90218329481374,0.2556714885422884,14111615.842788406,939747.4120816682,88764493.26265039,1960.51247690954,136834776.25194025,979.2520879047572,4.926216682699997,-15.210677915931527,20.136894598631525,0.17609502255877987,0.9341826295757999,120.88052563765272,14612.10147843522,1848.1166381835938,1848.1166381835938,-0.18983345214018188,-1.249306930321441,0.5701798321361379,14612.10147843522,2000.0122017996653,12.225653076171875,3.402448554433186,90.28783365885414,-0.026120123373641557,0.03716020898113981,0.14304831117664496,0.1627315004667076,0.3709880576991784,,-0.02646731289776995,-0.0903133324064499,-0.3166057625575093,-0.29870186436711244,0.07041519148236808
2026-05-12 00:00:00+05:30,1958.888272901592,1959.8826324309837,1874.4671245798831,1898.9283447265625,286209,0.0,0.0,1848.8674072265628,1801.4056420898446,1760.176506347655,,1876.3182029918698,1813.8511879994746,1744.5253048019986,,1899.459710402716,1827.580379710478,1938.9619976343633,1884.8973803967392,1967.0046193985725,1910.5956841509833,1984.6980529679468,1896.0788792438173,1880.3198710662448,1965.914783469327,1878.680959956741,1948.9212400563783,1892.3010262767934,1827.9324879677522,1942.569233294318,1926.3727416992188,1917.1749267578125,1864.523539684189,53.779820246899654,48.66104421055206,5.547583922071794,43.11346028848027,73.96805401219112,74.73397640918566,-0.7659223969945401,47.17551952939999,62.41529069434607,-41.26704462795493,3.6134716514030827,9.169372796974365,66.2242431640625,674.6943392747585,122.05149102890391,47.94400410135193,0.3420931059882426,0.6451360608062688,0.2486405800276703,0.14674018937286507,24.540031833511964,56.57026192870626,-28.84524592239427,-23696.503295091366,-24319.50259113163,206.0313110351562,0,1,0,206.0313110351562,0,0,0,1,0,82.36319080005322,85.41550785110053,1610.7024398570368,1848.8674072265628,2087.0323745960886,25.763336671805025,0.6050971896767829,1708.231636873836,1876.3182029918698,2044.4047691099038,1610.9618797728824,1836.2340095710447,2061.5061393692067,3.1184548299512262,0.556079859782308,1642.0356166985207,1848.8674072265628,2055.8632528395124,20129223.0,86.36191164309463,0.24953514839948363,13989335.420469297,778880.317082312,73839613.24994406,1911.092700579143,136030726.24565497,979.2520879047572,-1.278205115060657,-17.132079770953748,15.85387465589309,0.17664744796285362,0.4203887587071308,119.08248368476302,14180.637920531852,1868.1530151367188,1868.1530151367188,-0.3792035554496525,-1.0533153741799712,0.5405168101760004,14180.637920531852,2000.6443167550224,7.974755859375,3.3893560679407964,92.08077311197913,-0.028093107005205065,-0.0009939955042220783,0.09169372796974362,0.1088723568887604,0.34552233416152567,,-0.02849526820977202,-0.0903133324064499,-0.3166057625575093,-0.29870186436711244,0.07041519148236808
2026-05-13 00:00:00+05:30,1899.2267429845192,1958.888316062567,1899.2267429845192,1908.275390625,332693,0.0,0.0,1856.8869140625,1804.6571972656257,1764.141016845702,,1879.3617446712155,1817.554097906358,1747.7678807588895,,1905.1176135835194,1831.7713502412682,1938.7931442004985,1889.3718628652452,1961.2585873609257,1914.8037048157837,1971.900287023767,1908.994316793161,1881.42892026517,1951.513963782516,1888.3267242415257,1949.4079928766075,1893.0589767150718,1832.7641426809212,1939.037352905634,1903.6018676757812,1919.4619750976562,1930.1512727742206,54.536555362980884,45.10213658360976,1.5909410361035867,43.511195547506176,58.61604894193617,69.57121368183824,-10.955164739902074,20.809023924481252,45.3944364619616,-58.32701624092539,-4.465354418768376,9.176239479125025,-89.194091796875,644.07463072868,119.35209824447293,49.633943626283,0.2105988720281148,0.3420931059882426,0.2617675666115149,0.173502259096931,21.334537013849193,54.86694268561473,-4.794630392432964,-24542.79573330454,-24085.22454850747,180.29396565755206,0,1,0,180.29396565755206,0,0,0,1,0,80.76296083833545,59.9599713360044,1622.263909000949,1856.8869140625,2091.509919124051,25.27057552990585,0.6095128684184627,1715.8624760242317,1879.3617446712155,2042.8610133181994,1610.9618797728824,1836.2340095710447,2061.5061393692067,3.3804158995312723,0.5560805958579171,1652.2152506664636,1856.8869140625,2065.918591983343,20461916.0,85.95800345309242,0.2310249936548649,13757559.026389705,568516.7149134018,63735339.46296475,1922.1301498906953,136194486.860937,979.2520879047572,-6.1588072266025415,-17.610145505996506,11.451338279393966,0.6298916078951106,0.4380514736738523,117.31150253077547,13761.988626028138,1891.3712768554688,1891.3712768554688,-0.5799854665228333,-0.7772892446414892,0.5194721079315822,13761.988626028138,2001.579012625558,8.0195068359375,3.3642943747031016,94.06573784722221,0.0049222741470971165,-0.007909452065252842,0.09176239479125026,0.0937535617185079,0.28781374133866433,,0.004910199363094958,-0.0903133324064499,-0.3166057625575093,-0.29870186436711244,0.07041519148236808
2026-05-14 00:00:00+05:30,1937.5095687551611,1937.5095687551611,1882.819793912188,1899.9227294921875,358820,0.0,0.0,1865.189813232422,1807.409582519532,1768.0180236816395,,1881.3199337017843,1820.7842403214888,1750.7808480605388,,1909.2162626720612,1835.5072534658393,1936.8628947797454,1892.8890925043688,1953.6706609451262,1917.5994362210752,1954.7514050768561,1920.2859582130254,1882.29876915999,1938.2762941477229,1895.5236139618335,1952.5328004663068,1893.541512779532,1836.918043065531,1926.7772202217625,1904.0990600585938,1919.4619750976562,1930.1512727742206,53.69060338001738,41.13352502958605,-1.9021364143360984,43.03566144392215,46.29983235113369,59.62797843508699,-13.3281460839533,1.4763737015583591,23.1536390518132,-61.5064420777186,-5.091397942242113,9.577332013500593,-101.921875,554.2037505219805,115.34686496650033,46.60529243124713,-0.0070160870034678136,0.2105988720281148,0.27008153079961517,0.19678179381007835,16.691747063142035,34.07371593317521,-20.616058909797857,-26752.410637080742,-24535.705526272992,148.55731201171875,0,1,0,148.55731201171875,0,0,0,1,0,78.90059041009528,54.689774842973065,1637.2393805779411,1865.189813232422,2093.140245886903,24.44259892878537,0.5761852387277817,1722.9749240034707,1881.3199337017843,2039.6649434000979,1610.9618797728824,1836.2340095710447,2061.5061393692067,3.665025597606932,0.5551438061312561,1657.8916295027432,1865.189813232422,2077.1882429661623,20103096.0,83.98470617853906,0.23340716409364945,13623163.989280328,388013.4826810118,54202133.558587536,1906.7506973865122,136037428.71920338,979.2520879047572,-10.013271357249675,-17.171687709314913,7.158416352065237,0.8411597699551571,0.3047409549111265,113.9752163272405,12990.349936841269,1899.425537109375,1899.425537109375,-0.7990146849896806,-0.2921417202332575,0.48796311213898175,12990.349936841269,1997.2691615513393,8.302899169921876,3.3418542351816702,95.6993614366319,-0.004377073232641138,-0.0025579845068745,0.09577332013500595,0.08107946473943373,0.22112860918129162,,-0.0043866806628834465,-0.0903133324064499,-0.3166057625575093,-0.29870186436711244,0.07041519148236808
2026-05-15 00:00:00+05:30,1899.922692314489,1934.0292725109668,1872.5778054280872,1878.2457275390625,191120,0.0,0.0,1874.5715942382812,1809.893491210938,1771.6514135742177,,1881.0271521624775,1823.03763197708,1753.3049050799154,,1910.4596830822175,1838.285141505821,1931.0154098403075,1894.4798662532583,1941.1967523422002,1917.5845439922823,1936.0504882284056,1929.2256259994986,1882.0940772164452,1932.0287657616302,1901.4712125488081,1955.186646975456,1893.9347265923561,1839.6186570923915,1911.3714238683824,1889.084228515625,1919.4619750976562,1940.6914890928747,51.45968259369946,35.82623633396656,-5.767540087964477,41.59377642193104,34.7743067704517,46.56339602117385,-11.78908925072215,1.4763737015583591,7.9205904425326565,-75.84362137000092,-5.488844934974011,11.09869267274911,-109.081298828125,381.04289320199473,99.61051951697527,42.27607912052194,-0.28373087903541044,-0.0070160870034678136,0.2729611837869017,0.21654376969422678,12.098723644380335,34.19200901511272,-27.2594580677669,-29695.88523513343,-25997.133545165892,84.13938395182292,0,1,0,84.13938395182292,0,0,0,1,0,77.6542244581513,61.45146708287962,1661.9445792093038,1874.5715942382812,2087.1986092672587,22.685398165907547,0.5086398553360695,1726.057578229169,1881.0271521624775,2035.996726095786,1610.9618797728824,1836.2340095710447,2061.5061393692067,4.042132897706516,0.5474187833971534,1668.9535873165798,1874.5715942382812,2085.466005236558,19911976.0,84.37048175208716,0.23274585268541603,13467299.560067227,229304.07086532004,45867127.534034856,1894.9509351593722,135819372.0293722,978.1111466645353,-15.311197762187463,-17.97569129140216,2.664493529214697,0.5259743887460415,0.034559421344277697,106.31350751448875,11302.561880033254,1899.425537109375,1899.425537109375,-1.0204089629239068,0.6054733429845495,0.4309376575665234,11302.561880033254,1982.2358607700894,9.381781005859375,3.3228473948396973,97.25431722005209,-0.011409412402218488,-0.06378868257183334,0.110986926727491,0.057851669792684524,0.14973521085841712,,-0.011474999095547842,-0.0903133324064499,-0.3166057625575093,-0.29870186436711244,0.07041519148236808
2026-05-18 00:00:00+05:30,1857.463671714436,1904.198571377486,1851.596925991015,1894.05615234375,206217,0.0,0.0,1885.9818725585938,1813.198745117188,1775.5284216308585,,1882.2680093225986,1825.8226719914592,1756.0920584910805,,1912.3153552827382,1841.5856380208334,1928.6181608426496,1897.1390727804257,1934.538231820657,1919.2167858851083,1921.0337622228844,1936.44902817407,1882.1777851580482,1927.7683647999572,1907.2440699840877,1959.6218339609193,1894.3791453891436,1843.0789265527653,1900.4990694117998,1886.1509399414062,1942.2327880859375,1956.551532680111,52.99383905747528,32.521058436245994,-7.258174388548042,39.779232824794036,27.62578681068941,36.23330864409159,-8.607521833402185,2.6352491339173567,1.8626655123446916,-79.77257612021226,0.543681182068202,13.699041698738034,10.241943359375,59.01903236617295,79.88096065955938,46.550378104080885,-0.7086373021417393,-0.28373087903541044,0.2725789416409219,0.23284392786194147,8.779359117870648,5.187180903360968,-47.414464483109896,-31861.36749699482,-28216.79249578795,12.8106689453125,0,1,0,12.8106689453125,0,0,0,1,0,75.86475452445985,52.601645386470864,1697.3803849313954,1885.9818725585938,2074.583360185792,20.000349989720156,0.5214056630378133,1732.0380814045632,1882.2680093225986,2032.497937240634,1610.9618797728824,1836.2340095710447,2061.5061393692067,4.299998135055772,0.5423353895642055,1679.486603177803,1885.9818725585938,2094.979808999205,20118193.0,83.22894614936985,0.24772208432482581,13593992.841350326,183843.16727031022,39780449.082308196,1883.283883237417,135992958.3883956,978.1111466645353,-19.702724408157923,-17.893774349898095,-1.808950058259827,0.5942522505232418,0.08562265215125328,94.30074381359915,8892.63028379806,1899.425537109375,1899.425537109375,-1.2329443431370535,2.039000905666065,0.3663856885038519,8892.63028379806,1964.982320731027,11.4102783203125,3.3177109729150853,97.46093017578126,0.008417655141110147,-0.030586785807779404,0.13699041698738035,0.07670572808872955,0.18997948534435727,,0.008382424251657656,-0.0903133324064499,-0.3166057625575093,-0.29870186436711244,0.07041519148236808
2026-05-19 00:00:00+05:30,1897.2380396372316,1936.515242239784,1875.6604857475293,1925.2789306640625,299250,0.0,0.0,1900.3702514648437,1815.8874926757815,1779.4959167480458,,1886.364287545595,1829.7229174296003,1759.4422935836149,,1916.0579322451638,1845.9809394148283,1932.0062954083521,1901.9898912556448,1936.7218486985212,1924.11510735263,1912.2981924345997,1942.854240505397,1882.6832143005115,1927.70173249386,1914.9079341973343,1964.526080893579,1895.321761116769,1848.0100389873348,1898.3504594051276,1909.6675415039062,1942.2327880859375,1947.5029041854714,55.95445274516723,32.051627203626595,-6.182084496933953,38.23371170056055,27.599156239049584,29.999749940063566,-2.4005937010139817,10.355999545293844,4.822540793589853,-61.58633379263807,1.2868767483464623,17.573470723045588,24.461181640625227,-454.38252090443825,74.26957578033057,42.31036697772033,-0.8481629682279739,-0.7086373021417393,0.2715770088252967,0.24587333355743615,5.830918472138866,33.75134602423918,-27.103410468015454,-29702.167064975343,-29928.180527718763,-18.47853597005208,0,1,0,-18.47853597005208,1,0,0,0,0,74.79261180787377,60.85475649225464,1751.9567991747626,1900.3702514648437,2048.7837037549248,15.61942491740028,0.5839165143552271,1738.8505896212287,1886.364287545595,2033.8779854699615,1622.9935916674265,1842.2498655183167,2061.5061393692067,4.433129795182057,0.536020696071393,1692.945156764181,1900.3702514648437,2107.816857696192,20417443.0,53.86686863149173,0.2604541167397505,13782734.9227306,208586.80830513872,35432301.55802896,1912.4848862171248,136486260.36367187,978.1111466645353,-22.086444658323256,-16.221995680050743,-5.864448978272513,0.8351394299116385,0.3356660574209083,74.20672614504053,5506.638205165043,1900.3702392578125,1900.3702392578125,-0.9810607791701125,2.561743796925446,0.29454827745630585,5506.638205165043,1947.4332938058037,14.38837890625,3.316367293590136,97.13389458550348,0.016484610702632407,0.013876556222185643,0.1757347072304558,0.08830306494239903,0.15504378901651683,,0.016350214475972222,-0.0903133324064499,-0.3166057625575093,-0.29870186436711244,0.07041519148236808
2026-05-20 00:00:00+05:30,1925.477825420742,1927.9637242551053,1889.4819374700949,1914.6392822265625,519303,0.0,0.0,1911.8004150390627,1818.5861816406252,1782.7146582031241,,1889.0571441818777,1833.05297095105,1762.5155012795146,,1917.4168875558037,1849.8535586128983,1932.7886882524372,1905.685408990799,1935.3266263696491,1927.2941018383247,1907.029617132542,1948.446268060409,1882.8925685133504,1927.3952244884924,1921.986596321336,1967.4116481530937,1897.182486121025,1852.1405738256706,1901.6434461056942,1919.9591064453125,1942.2327880859375,1935.57060858396,54.69036222345554,30.46983160808577,-6.211104073979826,36.680935682065595,32.05935418604,29.094765745259664,2.9645884407803322,16.548599204380878,9.846615961197358,-62.46302752902967,-0.460093761445148,13.558623305070725,-8.849853515625,-1306.1508545797374,68.59411269716952,44.89100380340726,-0.8473705449702662,-0.8481629682279739,0.26914364344925445,0.2559190588671317,2.920774926740844,23.50334432370073,-14.978442461309669,-23508.73247649,-29388.614472593956,-22.53883870442708,1,0,0,-22.53883870442708,1,1,0,0,0,72.19898144909781,38.4817867850104,1802.9522913899402,1911.8004150390627,2020.6485386881852,11.386975627045093,0.5130404966678663,1748.26250571983,1889.0571441818777,2029.8517826439254,1667.540939999171,1864.523539684189,2061.5061393692067,4.597939355761253,0.5320475304773038,1710.8959858826731,1911.8004150390627,2113.735930263993,19898140.0,36.83806245608947,0.25874497705054156,13942417.265955715,250554.78809054755,29581229.713662103,1910.6949813172541,136199278.50018504,978.1111466645353,-20.677150046367473,-11.850160854475968,-8.826989191891505,1.365851438935773,0.05216198667146536,54.424061824561285,2961.978505483669,1902.8064575195312,1902.8064575195312,0.3752351259564096,-0.5847652687380027,0.14043749915486384,2961.978505483669,1928.6498325892858,11.43016357421875,3.314197827916143,94.35543131510416,-0.005526289343347313,0.0033348916161823894,0.13558623305070716,0.07306059625039985,0.13605514755358894,,-0.005541615771900349,-0.0903133324064499,-0.3166057625575093,-0.29870186436711244,0.07041519148236808
2026-05-21 00:00:00+05:30,1924.0857357910147,1942.9785673052415,1901.2154660632664,1913.2471923828125,174923,0.0,0.0,1916.0562744140627,1820.9209375000003,1785.8588232421866,,1891.3609582962524,1836.1978423797466,1765.5002872419561,,1917.5546758742562,1853.565755112592,1933.01199665405,1909.0034926533513,1933.4258640676003,1929.9312053785998,1904.1925346235794,1953.357837073456,1883.0921455450368,1917.1932541689039,1930.374740675156,1973.6806632952894,1899.7323054569538,1855.9738636850777,1907.3990480178543,1913.9432373046875,1942.2327880859375,1935.57060858396,54.51682256892864,28.77224861426498,-6.326949654240494,35.099198268505475,37.552908850240215,32.40380642510993,5.1491024251302875,21.500611332059346,16.135070027244687,-63.2919121276116,0.4437236359050151,4.65597015926973,8.4520263671875,-1924.3628460240943,67.73282597425873,44.76568200400645,-0.6881270615870589,-0.8473705449702662,0.26535070771949165,0.2625189571731301,0.47827019600937704,37.262928452207234,-4.50017278976793,-16412.872276111313,-25782.6731426728,-29.76452636718746,1,0,0,-29.76452636718746,1,1,0,0,0,70.02499000573192,41.763101241975164,1814.5759673249668,1916.0562744140627,2017.5365815031587,10.59262282055145,0.4861594721585541,1756.0204565940235,1891.3609582962524,2026.7014599984814,1798.7964061792347,1930.1512727742206,2061.5061393692067,4.757886090477503,0.4534267661027171,1734.627468330329,1916.0562744140627,2105.3993179058843,19723217.0,45.52489021294388,0.22189319509706357,13868283.029261379,221357.63286451437,25320552.82146205,1919.1470752504404,136186560.2542993,978.0384389823796,-24.646370454083662,-12.655505009753725,-11.990865444329938,0.4697196848431533,-0.055362111365783714,50.74015354454792,2574.563181724299,1906.5352783203125,1906.5352783203125,0.44498769464464155,-0.40527538284661146,0.030686766085459345,2574.563181724299,1920.551478794643,4.255859375,3.3144006345997905,90.13537272135417,-0.0007270768215572598,0.0070131604216274734,0.04655970159269729,0.09460686169587196,0.20982140582798858,,-0.0007273412701001897,-0.0903133324064499,-0.3166057625575093,-0.29870186436711244,0.07041519148236808
2026-05-22 00:00:00+05:30,1924.085701146458,1959.8826444236013,1907.1815890433625,1948.447509765625,158257,0.0,0.0,1921.2915771484377,1824.6139868164064,1789.2645043945306,,1896.797772721907,1840.5997901203693,1769.1230045196526,,1920.6395554315477,1858.5667971622242,1939.4010680974113,1914.779639192862,1940.637085439977,1936.206965951346,1905.9192248905065,1958.5297143073349,1885.944285605724,1919.6584567108534,1942.165709024905,1975.7744466284878,1901.1941596880947,1861.4116548866648,1916.1847708379985,1930.8473510742188,1942.2327880859375,1935.57060858396,58.134334143062205,29.922347101333116,-4.141480933737888,34.063828035071005,43.97076154519074,37.86100819382365,6.10975335136709,30.345123075986727,22.798111204142316,-42.332775707786496,-2.8796614143040142,5.678998777139459,-57.7723388671875,-2235.1050545527405,69.94441049364514,52.724116530708606,-0.1859165452985337,-0.6881270615870589,0.2626465357263852,0.26608307762078354,0.39452203334805475,48.06245258305398,-4.638602797184831,-12063.61361045599,-20268.165030105658,-36.80790201822912,1,0,0,-36.80790201822912,1,1,0,0,0,68.78756610391098,52.70105538023881,1824.8405624852944,1921.2915771484377,2017.742591811581,10.040226669425671,0.6407757746874403,1764.308546347464,1896.797772721907,2029.28699909635,1798.7964061792347,1930.1512727742206,2061.5061393692067,4.554851337535,0.45650322105564334,1740.8620484088294,1921.2915771484377,2108.799966779417,19881474.0,51.03141997678417,0.22462890854934162,13957862.463223644,217792.4680905398,22499144.793832008,1938.503914410863,136477724.75464356,979.8782596559944,-28.32242838414603,-13.065250351852871,-15.257178032293158,0.5630350820269362,0.5631030987497616,48.225507331571606,2325.699557387467,1910.7612915039062,1910.7612915039062,0.369827429027429,-0.3448589615619948,-0.029080759813213952,2325.699557387467,1919.3355119977678,5.235302734375,3.3104111640155582,87.71444010416671,0.01839820673614745,0.0373762501877446,0.05678998777139466,0.11278319299985329,0.2100906987188642,,0.018231007395553625,-0.0903133324064499,-0.3166057625575093,-0.29870186436711244,0.07041519148236808
2026-05-25 00:00:00+05:30,1957.8939216600004,1964.854438395206,1914.1421021815645,1931.941162109375,334116,0.0,0.0,1925.2640441894532,1828.2593090820315,1792.3848046874994,,1900.1447621873801,1844.1818047081736,1772.3471264521222,,1921.6538016183038,1862.7757059972425,1941.7188294244552,1918.8941835190471,1941.9059244186742,1939.9928691728978,1909.7471426457655,1963.2157257502233,1886.7068887924815,1923.9723160233614,1953.3110134427397,1976.8342611045712,1902.4560306497012,1865.7531263065744,1923.3727967704576,1940.1943359375,1942.2327880859375,1935.57060858396,55.88952887242486,29.165680324021196,-3.918518168839853,33.08419849286105,47.40475009742995,42.97614016428697,4.42860993314298,35.146590204069966,28.997441537372012,-52.16106187231204,-1.1196532228891387,4.288782271925358,-21.8759765625,-2600.469941657834,76.66539524436712,52.30011269726022,0.37319237709770126,-0.1859165452985337,0.2594193764231312,0.26728072166472366,-0.6606130242765351,50.159822230540385,-0.5525139831011074,-11503.956784144404,-15327.610172294833,-12.41294352213538,1,0,0,-12.41294352213538,1,1,0,0,0,67.49647825460602,50.71233621364149,1834.3590168766136,1925.2640441894532,2016.1690715022928,9.443382853089236,0.5367257901861864,1770.6140647602856,1900.1447621873801,2029.6754596144747,1819.8768388165424,1940.6914890928747,2061.5061393692067,4.461680037057052,0.458161207289663,1748.069597569278,1925.2640441894532,2112.2786675986063,19547358.0,49.39843963755713,0.20931655799626206,13858283.112522816,164850.33745178208,18497119.129925203,1936.9792342287153,136194677.106407,979.8782596559944,-28.212347974760224,-10.364135953973651,-17.848212020786573,1.1678669848873156,0.14690316074474558,45.45251365641982,2065.93099768703,1913.9432373046875,1913.9432373046875,0.3531837185702956,-0.08555604763014374,-0.13844044324944,2065.93099768703,1914.4333164760044,3.972467041015625,3.3110229127412043,83.31428873697914,-0.008471538275226842,0.02000205206099359,0.04288782271925351,0.11124458076948596,0.21735591491095163,,-0.008507625710865531,-0.0903133324064499,-0.3166057625575093,-0.29870186436711244,0.07041519148236808
2026-05-26 00:00:00+05:30,1934.0293048918436,1961.3741922360723,1924.1851211715648,1938.20556640625,333323,0.0,0.0,1930.5391174316408,1831.576491699219,1795.5428906249997,,1903.7696006844155,1847.8690110492746,1775.6314519957684,,1922.886327543713,1867.0873239315256,1944.6638487295631,1923.1941026658776,1944.2180506459222,1944.0540737348858,1916.1806839319534,1967.3556619401443,1889.1034698709207,1928.178356610422,1962.607645153625,1977.7529107785438,1904.0418327085881,1870.1968019071767,1929.7485786197697,1935.0733642578125,1942.2327880859375,1935.57060858396,56.5748603332,28.740202361786487,-3.4751969048596507,32.21539926664614,52.35836041373604,47.911290685452244,4.447069728283793,40.254262842640216,35.24865870756564,-48.43108117869333,2.068388825137225,5.7566011203774305,39.2772216796875,-3011.852918688345,77.7115046065262,55.752655712596415,0.9140517075775537,0.37319237709770126,0.2560043248992727,0.2666403614744745,-0.8491544569563861,43.3208688940374,6.131797829529887,-11481.632248652517,-12504.94088566077,-5.783915201822878,1,0,0,-5.783915201822878,1,1,0,0,0,65.33166345531328,37.189071064507516,1850.6756800162918,1930.5391174316408,2010.4025548469897,8.27369274149679,0.5479972389288608,1779.4915275714238,1903.7696006844155,2028.0476737974072,1851.596925991015,1956.551532680111,2061.5061393692067,4.43093690859467,0.455645782879661,1756.0290501406546,1930.5391174316408,2113.1781608502624,19880681.0,49.777337212011545,0.21040404800714338,13776288.62023707,102116.64214939252,16152969.258999784,1941.2549599379622,136302758.55704325,980.2025140597898,-27.937478002289396,-8.071412785202256,-19.86606521708714,1.1462189763351172,0.1919889557154428,39.9317187076745,1594.5421589488415,1919.064208984375,1919.064208984375,0.8081273158492043,-0.4980172462912677,-0.34471708305303134,1594.5421589488415,1907.580747767857,5.2750732421875,3.3178413748923283,79.40292154947916,0.003242544037953543,0.006714162574733562,0.05756601120377436,0.10223928170601071,0.23916080226745073,,0.0032372983286047424,-0.0903133324064499,-0.3166057625575093,-0.29870186436711244,0.07041519148236808
2026-05-27 00:00:00+05:30,1946.061005476062,1983.7472558152745,1933.0349199523275,1974.6986083984373,396997,0.0,0.0,1929.4005737304688,1835.6772314453126,1799.2975915527343,,1910.524744276227,1852.8427207492418,1779.57337588493,,1927.0919933500745,1872.699955958946,1953.6360986144282,1929.9925494651623,1955.2387108038968,1951.7876612347302,1927.6066909803249,1971.5962622988272,1895.930265481616,1939.730369057495,1968.8295889481521,1950.7253708519295,1906.2277049441054,1876.2021988964752,1938.6984139060448,1956.4520874023438,1942.2327880859375,1935.57060858396,60.43161706407369,30.990452865260977,-0.9799571211081286,31.970409986369106,57.56854409315978,52.44388486810858,5.124659225051197,45.95569812357121,40.452183723427126,-26.702224669515275,3.480798321864974,-1.1399860785772151,66.42321777343727,-3132.37381068759,80.36732525946604,57.00119585920002,1.421823305546675,0.9140517075775537,0.25457281135643495,0.2649171704252323,0.63697845585826,57.60174889375344,6.889413030806509,-11675.628361416964,-11618.403339577797,8.037679036458332,1,0,0,8.037679036458332,1,1,0,0,0,64.28742577014425,50.71233586294693,1852.9796310655036,1929.4005737304688,2005.821516395434,7.921729028742474,0.7963718654097104,1788.4231855810542,1910.524744276227,2032.6263029713998,1851.596925991015,1947.5029041854714,2043.4088823799275,4.2580202467741275,0.34047265607835026,1772.4775701912943,1929.4005737304688,2094.277211465251,20277678.0,56.37980079740732,0.06362020536220614,14031612.56111195,148408.96233593114,15915063.392253011,1963.8269280553463,137050234.90541816,980.2025140597898,-26.309758961611013,-5.1549549956190965,-21.154803965991917,1.3356442059181934,1.1854874616388424,38.21047133248257,1460.040119450472,1919.064208984375,1919.064208984375,0.7976637352665417,-0.352934939042785,-0.1310113659760824,1460.040119450472,1922.4748325892856,-1.1385437011718864,3.3257494385523563,75.75252007378471,0.018828261885477593,0.03136848111777524,-0.011399860785772153,0.131180206919145,0.28230130023724964,,0.018653204104993815,-0.0903133324064499,-0.3166057625575093,-0.29870186436711244,0.07041519148236808
2026-05-29 00:00:00+05:30,1973.8036834088664,1973.8036834088664,1902.2097966554968,1915.9320068359373,494359,0.0,0.0,1925.1049438476564,1838.4514941406253,1802.4447387695313,,1911.0397216628662,1855.3168103997004,1782.273546794851,,1925.8092726934526,1875.847202052696,1950.5111646520074,1931.8182221634763,1948.6678939838057,1952.1356348311967,1934.7626146298362,1973.8277686080814,1896.1538087530616,1941.0530278265728,1969.5861759930776,1938.8616572060039,1908.021171459169,1878.811875078232,1941.5067174129554,1945.3153076171873,1926.47216796875,1923.886878983345,52.36603190198793,27.712368059689652,-3.406433541343567,31.11880160103322,56.454878287562266,55.46059426481936,0.9942840227429031,38.32898134429232,41.512980770167914,-55.502059289104565,0.8426278129757805,-4.291671664396941,16.009277343749773,-4262.227260351906,77.17074645203184,47.40045590191211,1.5089772996889257,1.421823305546675,0.2505463997269253,0.26242663886301265,0.000485388749541471,49.11724792814289,-22.4766388252267,-12023.634486284003,-11640.352081761228,5.73411051432288,1,0,0,5.73411051432288,1,1,0,0,0,64.87323905391541,72.48881174294047,1856.5791465555812,1925.1049438476564,1993.6307411397315,7.119175244037807,0.43306946161734083,1786.759490130483,1911.0397216628662,2035.3199531952494,1851.596925991015,1935.57060858396,2019.5442911769048,4.331667087477751,0.3560549552445643,1768.9291007559934,1925.1049438476564,2090.853036700024,19783319.0,38.99763536095912,0.06142569963269798,13726758.514962582,56855.99115235917,9491225.995954592,1930.6484956334334,135579033.26187226,980.2025140597898,-22.95158542638015,-1.4374251683105825,-21.514160258069566,1.590670765943823,-0.26772215353063705,34.26289864603752,1173.9462236286397,1915.28564453125,1915.28564453125,0.9702534579937532,0.41855830157404467,0.02474090286616437,1173.9462236286397,1927.2179303850446,-4.295629882812511,3.327641652586815,69.80182834201386,-0.02975978273978841,0.001403276306278567,-0.042916716643969455,0.08717484981079582,0.23909967458792947,,-0.030211591484069013,-0.0903133324064499,-0.3166057625575093,-0.29870186436711244,0.07041519148236808
2026-06-01 00:00:00+05:30,1894.2549694625452,1941.6858721136975,1891.172479090433,1923.68798828125,115924,0.0,0.0,1921.9229919433594,1842.1843188476564,1805.3442907714843,,1912.2443184836648,1857.998033061722,1785.0738327648787,,1925.674324544271,1879.1898096660539,1949.046449740277,1934.075466137488,1944.963637091997,1953.1887654513278,1938.924983317057,1974.5329479201912,1897.1359483247554,1942.2212941496373,1970.5782536119152,1932.6125302964274,1909.6053039282917,1881.7285085284595,1940.2794306876715,1919.8099975585938,1926.47216796875,1917.6720909031446,53.25281618416964,25.446968306692042,-4.537466635472942,29.984434942164985,57.44934319892915,57.1575885265504,0.29175467237875097,32.29605772515387,38.8602457310058,-45.44768644459267,2.4193991273829436,-3.2022428740512314,45.4422607421875,-5125.994334222135,67.99603299876526,48.500200542199615,1.004227676502673,1.5089772996889257,0.24499201938557036,0.25936142527908473,0.09748869163750618,17.142071947184377,-33.37132107608022,-12189.3765394499,-11844.922413917393,6.2313028971353415,1,0,0,6.2313028971353415,1,1,1,0,0,63.84753576601178,50.5133930232646,1859.9673166151504,1921.9229919433594,1983.8786672715685,6.447258874359201,0.5142440246881382,1790.1787008070773,1912.2443184836648,2034.3099361602522,1851.596925991015,1935.57060858396,2019.5442911769048,4.330433203271935,0.35617762817912424,1771.5382751754444,1921.9229919433594,2083.2948782101557,19899243.0,40.611468403045485,0.0070858352185202735,13760075.247443184,24834.55498905666,8263780.052684855,1918.8487798284602,135625961.0437486,980.607329127216,-27.226451571070896,-4.569833050401062,-22.656618520669834,0.38225075008185855,0.056976098752553134,30.977837664104527,959.6264263436129,1915.28564453125,1915.28564453125,1.1825718461207968,1.7211188221023552,0.22443034606991394,959.6264263436129,1933.1769897460938,-3.181951904296875,3.330934513318717,61.5296411132812,0.004048150674261786,-0.012707307412840319,-0.03202242874051231,0.09671199052416357,0.275448260456443,,0.004039978958455267,-0.0903133324064499,-0.3166057625575093,-0.29870186436711244,0.07041519148236808
2026-06-02 00:00:00+05:30,1919.21334230418,1925.378444340439,1889.48196749637,1897.536376953125,425408,0.0,0.0,1922.6091003417969,1844.5329980468748,1807.9624401855467,,1910.843562147423,1859.548556351581,1787.3008138379132,,1923.3517897832962,1881.3604786113663,1942.8733775515677,1934.1322791342404,1934.8615946223201,1951.0609038796504,1937.052210371009,1973.1473609500517,1897.138118136902,1935.3234397774993,1970.2563084641442,1933.076251723954,1910.956361538577,1882.8204835238882,1931.8913594528312,1910.6121826171875,1926.47216796875,1917.6720909031446,49.880862834614035,21.295920094473786,-6.950811878152962,28.246731972626748,44.60442611127313,52.83621586592151,-8.231789754648382,10.029360288919005,26.884799786121732,-65.23697593248333,0.18374453181171463,0.7284246983224563,3.480224609375,-4897.68853650947,56.689587138909246,48.362373473120236,0.33449253327627004,1.004227676502673,0.23657931207679006,0.2554727923070284,0.3391620539480597,4.692847490123995,-31.20362935394496,-12404.742531049233,-12084.398823989,1.6738484700520078,1,0,0,1.6738484700520078,1,1,0,0,0,61.85103155730158,35.89647684406896,1862.1443827343446,1922.6091003417969,1983.0738179492491,6.289860751902504,0.29266649725011146,1793.5658172316403,1910.843562147423,2028.1213070632057,1851.596925991015,1935.57060858396,2019.5442911769048,4.219051436980156,0.3034202720714668,1782.9196644226306,1922.6091003417969,2067.0828194804412,19473835.0,39.330803414715284,0.01846060453179192,13525572.345626673,-65137.36992746033,5493939.377747733,1904.1322629299782,135047639.36478364,980.607329127216,-24.478979974256482,-1.4578891628693178,-23.021090811387165,1.3081989999569477,-0.8293340109995544,30.23235880372612,913.9955188372363,1915.28564453125,1915.28564453125,1.2830007581977034,1.9595563029895722,0.07278426072145712,913.9955188372363,1924.8371686662945,0.6861083984375,3.3301575587515946,51.212169596354144,-0.013594518179369963,-0.01780840215583246,0.007284246983224607,0.09760733373647001,0.26135238962165075,,-0.01368776974615726,-0.0903133324064499,-0.3166057625575093,-0.29870186436711244,0.07041519148236808
2026-06-03 00:00:00+05:30,1904.1985658257563,1929.0575549357527,1875.36213845816,1917.9207763671875,217562,0.0,0.0,1923.4642517089844,1847.7050048828125,1810.1132409667969,,1911.5175825493054,1861.8376630188598,1789.887347749384,,1922.9052827380954,1884.238430702359,1941.1067673261873,1935.6958717060552,1931.64982172744,1951.2635662520818,1933.0394657283632,1970.561142062331,1897.2872028998336,1933.9785665137197,1965.0843775562366,1933.4774667552722,1914.1702803308287,1885.1490878861018,1922.9961550533433,1907.7285766601562,1926.47216796875,1917.6720909031446,52.410367472208726,19.42709173223966,-7.05571219230967,26.48280392454933,46.50117379544989,49.51831436855072,-3.017140573100832,14.653554716564582,18.992990910212484,-49.811816236574316,-0.38218640321052305,0.8997720771776814,-7.358154296875,-5092.6446688608485,43.406416622734696,49.52913581202676,-0.30655574247612777,0.33449253327627004,0.2274052833507012,0.2508351967405225,0.6866044586460175,8.766932440169967,-44.92848403742278,-12427.084386685405,-12273.159502327946,3.7620239257811736,1,0,0,3.7620239257811736,1,1,0,0,0,61.26848762303667,53.695416477592744,1863.8189729526885,1923.4642517089844,1983.1095304652804,6.2018598685472375,0.45352963841072025,1795.1814482964367,1911.5175825493054,2027.8537168021742,1851.596925991015,1935.57060858396,2019.5442911769048,4.0851505264303,0.30412007040391503,1784.0813259259087,1923.4642517089844,2067.2998270326398,19691397.0,37.65298370680205,0.025110163672788403,13652886.79833573,-55513.34335611388,5342643.853115523,1907.4468232537001,135281356.6604933,981.6815851816266,-26.260165271808617,-2.5912595683371613,-23.668905703471456,0.6862782208662495,-0.18588144635711898,29.822639378147993,889.3898194790632,1916.9263916015625,1916.9263916015625,1.263588429395336,2.0616667001783755,-0.01181779942788727,889.3898194790632,1921.7873447963168,0.8551513671875114,3.328625171641404,41.52534179687499,0.01074256054410605,-0.010465757807451626,0.008997720771776851,0.07096061817349475,0.28518126523338205,,0.010685269179334326,-0.0903133324064499,-0.3166057625575093,-0.29870186436711244,0.07041519148236808
2026-06-04 00:00:00+05:30,1917.125258709994,1963.86015868892,1902.9058682487985,1954.3143310546875,257138,0.0,0.0,1925.0055114746094,1850.8193383789062,1812.05025390625,,1915.593463359342,1865.464199020265,1793.1433276168157,,1925.8433855329242,1888.4191885914522,1946.0523322236968,1939.9103262700967,1938.2829051420676,1955.4323859235178,1933.0106267332926,1968.1005896853555,1898.7820717424165,1939.8264620578,1962.7980904998033,1934.7232621590756,1916.8043049919024,1889.426341625501,1921.438207650369,1936.1175537109375,1926.47216796875,1917.6720909031446,56.61989834870926,20.64470815590539,-4.670476614915152,25.315184770820544,54.22630088219674,48.44396692963991,5.782333952556826,29.282393625188874,17.98843621022415,-22.272305184352128,2.072194443957417,1.602566645150608,39.675048828125,-4724.59620509802,32.76620034006464,55.39239724913524,-0.4187809553433879,-0.30655574247612777,0.21999706703024202,0.24579590333060589,1.4499885580014449,38.70900639917909,-22.24528404094235,-11864.170599997406,-12286.200162486097,25.140767415364508,1,0,0,25.140767415364508,1,1,0,0,0,61.24604496711415,60.95429044012144,1863.7852470049859,1925.0055114746094,1986.225775944233,6.360528747029619,0.7393718798341734,1798.726619903866,1915.593463359342,2032.4603068148178,1851.596925991015,1935.57060858396,2019.5442911769048,3.8417921883415085,0.30853959427674943,1783.6142790317242,1925.0055114746094,2069.0203836686733,19948535.0,44.82229564657997,0.047923068642157854,13829485.922122493,9661.056296693161,5916289.854846789,1940.360119330802,135769289.5292826,981.6815851816266,-26.765113024098913,-2.476965856501966,-24.288147167596946,0.8842413377959544,0.9574875193366919,30.61013223481182,936.9801954326658,1916.9263916015625,1916.9263916015625,1.0604311902699475,1.2969780246295357,0.03129305445775253,936.9801954326658,1927.5191336495536,1.541259765625,3.3311961775983594,35.17116075303821,0.01897552554617743,-0.010322728368296286,0.01602566645150616,0.0981114922744799,0.32385831925178055,,0.01879773584241079,-0.0903133324064499,-0.3166057625575093,-0.29870186436711244,0.07041519148236808
2026-06-05 00:00:00+05:30,1958.888297146324,2033.2664394180945,1939.001106312351,1966.24658203125,505028,0.0,0.0,1928.0780822753907,1854.2120922851561,1813.701884765625,,1920.4175698995236,1869.4164493344213,1796.571114832943,,1929.7711065383187,1892.945747166054,1952.3402619321996,1944.7403807194294,1946.635191724921,1960.4971125947486,1936.9640746647556,1966.3341510942194,1901.1984145890008,1944.0378136996167,1962.1066413702154,1938.0974498583544,1918.9522607604586,1894.10493785832,1928.8510486817167,1960.2804565429688,1934.3773803710938,1942.4316827045548,57.93372477532938,22.315274284760562,-2.399928388847986,24.715202673608548,63.67493068489043,54.80080178751235,8.874128897378078,54.72405642192766,32.88666825456038,-36.89108652440227,2.7701276583309946,3.2261430054007665,52.9993896484375,-3939.6773095403614,34.234935242039455,52.63167118941733,-0.05192354061214896,-0.4187809553433879,0.21456011289866517,0.2404529674608592,2.6151403344885513,102.2445114509951,7.979178345251739,-11137.724575047545,-12020.829513243732,28.48846435546871,1,0,0,28.48846435546871,1,1,0,0,0,63.60456554844481,94.26533310574337,1864.988876052371,1928.0780822753907,1991.1672884984102,6.544258430505662,0.8024962750437384,1796.725600467285,1920.4175698995236,2044.1095393317623,1851.596925991015,1942.4316827045548,2033.2664394180945,3.4447100077767647,0.3064671126587171,1781.217929537204,1928.0780822753907,2078.7552324075955,20453563.0,53.15322238486077,0.03359127813920591,13616394.048756212,-32356.92685249448,5931979.996467448,1979.5047092538987,136077639.15095985,981.6815851816266,-21.640138459596947,2.118406966400002,-23.75854542599695,1.5596372207014457,1.2099851001749522,31.54460311150983,995.0619854626756,1920.8043823242188,1920.8043823242188,0.7892551463909572,0.4896359596885258,0.009038899008016977,995.0619854626756,1933.1571550641743,3.07257080078125,3.334617409313436,34.06410644531251,0.006105594574503881,0.026261148629384223,0.03226143005400761,0.0944816557444943,0.3418838500751564,,0.006087030954918938,-0.0903133324064499,-0.3166057625575093,-0.29870186436711244,0.07041519148236808
2026-06-08 00:00:00+05:30,1964.4567248217409,1997.9667148631029,1914.142155301598,1953.3199462890625,165603,0.0,0.0,1925.433087158203,1856.568725585937,1814.8374438476562,,1923.5511295556703,1872.7067825483286,1799.6750520894998,,1932.1750935872396,1896.8323296760109,1955.268690607462,1948.2381348100316,1949.9213657229336,1963.5762423560843,1942.0122625811684,1965.0185541054236,1901.508062788765,1946.9579010109628,1964.4877802809422,1926.461598068669,1920.3618216115958,1897.8445483136304,1939.8495980564708,1959.7832641601562,1936.1174926757812,1954.3142889381272,55.956545111115034,22.338632653748846,-1.901256015887764,24.23988866963661,63.40229869674509,60.434510087944076,2.9677886088010155,65.92760819899628,49.97801941537094,-50.62971220101029,0.25006763071711363,-2.6367948846583253,4.8724365234375,-4318.183074597972,33.95213211311352,49.51416930944469,0.1747794029601148,-0.05192354061214896,0.20962545515812447,0.23492030954252513,3.176414820884286,63.75935570715137,-20.065203854353513,-10593.95112838694,-11504.137644193706,32.101298014322914,1,0,0,32.101298014322914,1,1,1,0,0,65.04885083509195,83.82455956150488,1872.5234844285053,1925.433087158203,1978.3426898879009,5.495865120692243,0.763533061033614,1795.6727649147867,1923.5511295556703,2051.429494196554,1851.596925991015,1942.4316827045548,2033.2664394180945,3.1172268314640696,0.242897028325348,1784.2778481339317,1925.433087158203,2074.680632979511,20287960.0,53.55686165510723,-0.09812719108904448,13605589.588822186,-50042.34567867033,4778741.474284459,1955.142938817921,135968767.26894993,981.0241581905096,-24.585925674883352,-0.6619041991091237,-23.92402147577423,0.5102608014030685,1.0541322441344558,26.454801364848887,699.8565152536106,1920.8043823242188,1920.8043823242188,0.21621797920124122,-0.8095762992319376,0.43658517896086574,699.8565152536106,1945.6591064453125,-2.6449951171875,3.33274901370678,32.93319010416666,-0.006574269911169273,0.015403723570727168,-0.026367948846583222,0.10745290559373322,0.3040361677452279,,-0.006595975608646828,-0.0903133324064499,-0.3166057625575093,-0.29870186436711244,0.07041519148236808
2026-06-09 00:00:00+05:30,1963.8601147780576,1990.906646033934,1948.9447215012624,1982.45458984375,208336,0.0,0.0,1926.8649597167969,1859.9515356445308,1816.1072399902343,,1929.1609829164397,1877.0106181285412,1803.2944488767125,,1937.6057128906252,1901.769030235141,1962.9334054801855,1953.7150142903815,1959.954510047856,1969.578669601427,1949.8784872581841,1965.2316021469433,1904.3708386233952,1954.5527307509901,1968.3938057861626,1927.1131397817169,1922.15197097428,1902.9205695061228,1952.7114574374373,1967.8872680664062,1939.9954833984375,1954.3142889381272,59.32586245489167,24.426493167674835,0.14928359843057848,24.277209569244256,60.10010412483597,62.39244450215716,-2.292340377321189,74.47664664475607,65.04277042189334,-32.17888890007949,2.614646280387872,1.4657180861532195,50.513427734375,-4080.4418034203627,36.82495074266444,53.644209052814766,0.436125519730443,0.1747794029601148,0.20677030783176065,0.22944986320169047,3.6543398647191307,49.8068253511542,7.844900818482529,-10502.070106109331,-10971.59868549595,41.06709798177083,1,0,0,41.06709798177083,1,1,0,0,0,63.399784670633366,41.961924532671674,1869.3697590062852,1926.8649597167969,1984.3601604273085,5.967745733355603,0.9834284378521168,1805.4687626160837,1929.1609829164397,2052.853203216796,1851.596925991015,1942.4316827045548,2033.2664394180945,2.9247986767214833,0.2301048605347564,1787.3533893481308,1926.8649597167969,2072.0883123532267,20496296.0,52.66055442900292,-0.06380932833666068,13729998.667068768,-13143.278876496479,4963177.706473733,1974.1019857929823,136279509.76206484,981.0241581905096,-26.00373758546117,-1.663772887749552,-24.33996469771162,0.6678125114194478,1.9337137514084641,28.74760035525587,826.4245261855075,1920.8043823242188,1920.8043823242188,0.40240669063157863,-0.6515705147006612,0.660291120443447,826.4245261855075,1959.0872192382812,1.43187255859375,3.3345693950193165,32.898716362847225,0.014915448751771532,0.044751823428533344,0.014657180861532115,0.13304158459111193,0.2895859631837223,,0.014805307301576904,-0.0903133324064499,-0.3166057625575093,-0.29870186436711244,0.07041519148236808
2026-06-10 00:00:00+05:30,1982.4545524733803,1998.6626614146787,1951.529995272126,1972.3121337890625,278152,0.0,0.0,1930.534149169922,1863.5451489257805,1817.2537365722656,,1933.2706163328799,1880.7479324681694,1806.641333726462,,1941.9340151832218,1906.175328201593,1967.54485745781,1958.0350660872275,1965.3036926696311,1973.8365022763433,1957.3626558906585,1966.3031615398186,1905.8317723686077,1956.016819172771,1970.4620930822323,1930.5687835448653,1924.2556201331863,1907.215525303129,1962.100815047581,1977.3833618164062,1939.9954833984375,1954.3142889381272,57.67183609770888,24.97483191162837,0.5580978739072897,24.41673403772108,59.52978118878636,61.0107280034558,-1.4809468146694442,73.6492534179311,71.35116942056115,-38.602055332551124,1.759698144199,3.8644843691069846,34.1065673828125,-3686.5960629264737,42.31994324306811,51.99069261049277,0.7253370526900191,0.436125519730443,0.20459822102527614,0.22389713094267283,4.0793147553907145,53.10393885957251,5.971272717019701,-10516.712586833019,-10641.07993847885,45.4422607421875,1,0,0,45.4422607421875,1,1,0,0,0,62.23784763291332,47.13266614255281,1871.2084679522686,1930.534149169922,1989.8598303875756,6.146038001261147,0.8521070787696962,1812.380956795881,1933.2706163328799,2054.1602758698787,1851.596925991015,1942.4316827045548,2033.2664394180945,2.6617169067741706,0.20424191733896754,1794.900779519211,1930.534149169922,2070.06499209717,20218144.0,62.56381055051592,-0.04892373613771201,13697136.987598464,-7309.351481931284,3851131.6860455666,1974.1682634919555,136137204.13494095,981.0241581905096,-25.35691382639527,-0.8135593029469206,-24.54335452344835,0.9076565985980779,1.4084283150787842,29.66284060882675,879.8841129846614,1924.4834594726562,1924.4834594726562,0.21093568395752216,-0.9058466729975374,0.6663139963789725,879.8841129846614,1964.7337472098216,3.669189453125,3.3348680450918287,31.556993543836818,-0.005116110152862063,0.028359543361796247,0.0386448436910698,0.11282540153076015,0.2795122972211128,,-0.005129242253741502,-0.0903133324064499,-0.3166057625575093,-0.29870186436711244,0.07041519148236808
2026-06-11 00:00:00+05:30,1972.312172830335,1985.7360267921244,1901.2154648104868,1939.199951171875,216944,0.0,0.0,1932.0803771972658,1866.2677026367182,1818.2828991699218,,1933.8353148889746,1883.0401684957658,1809.266256844193,,1942.7593296595983,1909.142183191636,1965.3562603146638,1959.4987785484336,1960.8374627308078,1973.8845181271306,1960.5765061045722,1967.0234757279188,1906.594232435395,1956.6312073951558,1970.585333993836,1932.1548659656432,1925.913923511621,1909.353089914978,1964.0480919548477,1955.7560424804688,1939.9954833984375,1954.3142889381272,52.52334356182934,22.478400896413405,-1.5506665130461457,24.02906740945955,56.549073880340885,58.72631973132106,-2.177245850980178,62.80263059325014,70.30951021864577,-59.5718341263467,-1.7976746970695017,1.6205501941072855,-35.49865722656227,-3687.6594316440624,38.723281898685855,52.39161965880898,0.680963622193332,0.7253370526900191,0.20066984513373853,0.21835529154342984,3.7392602362846232,41.085700148908245,-43.43486183272944,-10322.989199345577,-10492.417618936202,40.03955078125,1,0,0,40.03955078125,1,1,0,0,0,63.829470086393634,84.52056198163768,1873.5912859663565,1932.0803771972658,1990.569468428175,6.054519462151497,0.5608624089105937,1808.3598015970924,1933.8353148889746,2059.310828180857,1851.596925991015,1942.4316827045548,2033.2664394180945,2.4270923790292325,0.21442723165408725,1792.6058439121698,1932.0803771972658,2073.9848037160264,20001200.0,57.689875618786424,-0.014064369205067885,13675187.110116847,-11242.310248130932,2274757.252938611,1942.0504809248287,135772987.47660184,979.3453071582659,-26.13646051952317,-1.274484796859852,-24.861975722663317,0.7521146116388058,0.24344963564237507,29.244545615454594,855.2434482544046,1928.6100463867188,1928.6100463867188,0.07100984462445173,-0.8171903256035866,0.6950425231451769,855.2434482544046,1964.1172345842633,1.54622802734375,3.329456834425907,29.35570014105904,-0.016788510322438,-0.007733853066848151,0.016205501941072953,0.09580268230789835,0.2826886687904955,,-0.01693103479619042,-0.0903133324064499,-0.3166057625575093,-0.29870186436711244,0.07041519148236808
2026-06-12 00:00:00+05:30,1967.5999755859373,2027.0,1953.699951171875,2017.199951171875,396846,11.0,0.0,1937.9442382812501,1869.7388623046868,1820.0821179199218,,1941.7748040587746,1888.3013364438486,1813.383755741771,,1950.8659557524184,1915.061094898897,1977.4771020261219,1966.8164172680993,1977.1717946069903,1982.613835055623,1969.6607371778607,1969.471113149737,1916.1425806413572,1971.3055604110934,1972.8439504533303,1939.8421990336283,1931.4075712970766,1915.5365088554822,1969.8784166799533,1978.199951171875,1957.3681640625,1954.3142889381272,61.28995014597317,26.488565760316988,1.9675986806859491,24.52096707963104,63.883761434110355,59.987538834412526,3.896222599697829,66.29607629117174,67.58265343411766,-10.174826238771084,5.285570885324709,6.172736388654786,101.26794433593773,-3260.2944618906686,35.03808877026677,55.73892249568617,0.9394798804874375,0.680963622193332,0.20021916308221588,0.21338052973194602,4.28980820250488,71.98544128126105,-1.3146075468639538,-10016.552433134815,-10366.337685266888,43.16225179036458,1,0,0,43.16225179036458,1,1,0,0,0,65.54165428223159,87.800048828125,1870.240307355516,1937.9442382812501,2005.6481692069842,6.987190816778119,1.085311013754594,1811.5255208274289,1941.7748040587746,2072.0240872901204,1851.596925991015,1942.4316827045548,2033.2664394180945,2.301838302124033,0.25326208068210065,1794.3455071230087,1937.9442382812501,2080.377035423153,20398046.0,60.11979460177891,0.058145139346758884,13965918.305572437,80676.16065139696,6371790.216804523,1999.2999674479167,137369212.1455069,979.3453071582659,-22.110149755775733,2.2014607735100675,-24.3116105292858,1.4239483361865215,2.341244055018378,33.85196546286702,1145.9555656991415,1935.0733642578125,1935.0733642578125,0.44212732749050127,0.17898842912981297,0.7165422812068416,1145.9555656991415,1976.7093906947543,5.863861083984375,3.3363510206417852,29.935791015625007,0.04022277329001778,0.025914028080845863,0.06172736388654787,0.13503180889701238,0.3339310563836022,,0.039434895301202956,-0.0903133324064499,-0.3166057625575093,-0.29870186436711244,0.07041519148236808
2026-06-15 00:00:00+05:30,2035.0,2091.0,2005.0,2009.5,399928,0.0,0.0,1944.506951904297,1873.4458105468743,1821.9872985839845,,1948.2248227198436,1893.0542252107566,1817.2672457270824,,1957.6807902018231,1920.541923828125,1986.3626330026964,1973.056784229713,1988.289961242273,1989.6638411538158,1980.9827802227064,1972.8844194708383,1922.3983303973048,1985.6063282811679,1976.4650842131264,1946.335142830028,1934.5625401220452,1921.0781806556029,1978.1998243356563,2013.3499755859375,1957.3681640625,1983.18106922908,60.10996665758731,28.71432770253864,3.3546884983260767,25.359639204212563,64.15283085415024,61.52855538953382,2.6242754646164173,71.56764404787432,66.88878364409874,-37.794847072431494,4.460807170471555,6.988131027611123,85.81201171875,-2629.4313711624254,47.062797958754345,47.60326405671566,1.3164470584898538,0.9394798804874375,0.20153121816135489,0.20948629707467545,5.247512712721386,128.2018068125094,42.2018068125094,-9859.054471410465,-10175.80838720071,42.134541829427114,1,0,0,42.134541829427114,1,1,0,0,0,67.00296469064362,86.0,1875.7310589480905,1944.506951904297,2013.2828448605035,7.073864445570922,0.9724987586645205,1813.999280748626,1948.2248227198436,2082.450364691061,1851.596925991015,1971.2984629955076,2091.0,2.0808004250356356,0.2488827949387517,1798.5931265881914,1944.506951904297,2090.7617881176157,19998118.0,68.37984775316514,0.023026304700423366,13607843.235804996,-2988.0016931071877,5021616.461223074,2035.166666666667,137216553.70079115,979.3453071582659,-18.631089276829425,4.544417001965101,-23.175506278794526,1.302296198727102,1.889995034658085,34.38794647810318,1182.530862980889,1938.7027587890625,1938.7027587890625,0.6103567668404877,-0.22668732541031694,0.7107551906391982,1182.530862980889,1984.0284667968751,6.562713623046875,3.3413769479272917,30.77343668619791,-0.003817148204570242,0.028761316761070743,0.06988131027611133,0.15684853997786496,0.3264842971653126,,-0.0038244521074222624,-0.0903133324064499,-0.3166057625575093,-0.29870186436711244,0.07041519148236808
2026-06-16 00:00:00+05:30,2009.5,2043.199951171875,1991.0,2001.800048828125,123995,0.0,0.0,1949.8941467285158,1877.818110351562,1823.8154797363284,,1953.3272252063466,1897.3187673133984,1820.9213606399742,,1963.13727562314,1925.5754233685661,1992.4493224738592,1978.2812762341496,1995.0836410100733,1995.1593808315804,1992.4196294082703,1976.8580088885387,1930.4408009756705,1995.1370895200148,1981.4927967118151,1949.26771848701,1937.2012697554921,1925.9687626450716,1988.544704527756,2005.6500244140625,1957.3681640625,1983.18106922908,58.88899526046618,29.516688359200316,3.3256393239902025,26.191049035210114,70.22156691913136,66.08605306913066,4.135513850000706,89.53775975189065,75.80049336364557,-41.365625931403336,5.494686328091176,5.6885270455709644,104.263671875,-2395.7043942045475,51.65916565778366,47.457152333415,1.3734270392658972,1.3164470584898538,0.20332958514557298,0.20681121949632786,5.755118689720024,74.83006432143657,22.630113149561566,-9874.711852029068,-9991.485810077533,49.9991048177084,1,0,0,49.9991048177084,1,1,0,0,0,65.94560658216015,52.199951171875,1880.8787177685933,1949.8941467285158,2018.9095756884383,7.078889802886465,0.8760456385031755,1821.9422203425067,1953.3272252063466,2084.7122300701863,1875.36213845816,1983.18106922908,2091.0,1.8842541450306955,0.2494034191616806,1805.5973220610733,1949.8941467285158,2097.6655600368485,19874123.0,63.82787122990699,-0.009771170805353177,13535156.791632337,-60070.118371423334,4167849.045968829,2012.0,137169041.6109401,978.9621296926339,-22.390111339765244,0.6283159512234242,-23.01842729098867,0.4477110212122481,1.5041825540127023,34.50771447996123,1190.7823586305258,1943.82373046875,1943.82373046875,0.5295856639682546,-0.6636451427124038,0.7406479889910603,1190.7823586305258,1989.6235334123883,5.38719482421875,3.347277701575206,31.604589029947913,-0.0038317746563200084,0.009758336500358178,0.05688527045570968,0.1245420655124645,0.3289029399606793,,-0.0038391347122280696,-0.0903133324064499,-0.3166057625575093,-0.29870186436711244,0.07041519148236808
2026-06-17 00:00:00+05:30,2017.5999755859373,2045.9000244140625,2004.0,2013.199951171875,239115,0.0,0.0,1954.2901977539063,1883.0170141601557,1825.044704589844,,1959.0293895840161,1901.8631274647112,1824.72885748219,,1969.166399855841,1930.8845151654411,1999.5846739296571,1984.0167859849294,2003.2647980569193,2001.3774419780273,2003.5995934213083,1981.5613501939235,1938.1460493567772,2002.4655163551622,1986.8509031826752,1953.0363532857543,1938.9788346043122,1931.1878319669408,1998.762241590657,2007.5,1957.3681640625,1983.18106922908,60.178648178934715,30.718339905554103,3.6218326962751917,27.09650720927891,61.58683232106655,65.32041003144938,-3.733577710382832,86.29092695182953,82.46544358386483,-36.079030032965484,4.967836835531846,4.566664035402236,95.2791748046875,-2085.996265002942,59.87993244107997,45.4012901480714,1.3733046892765186,1.3734270392658972,0.2058691911365429,0.20524145550813908,6.274500391528588,71.12584266056137,29.225818246498875,-9960.970802819533,-9907.509313805567,53.38319905598965,1,0,0,53.38319905598965,1,1,0,0,0,64.38520436814424,44.0999755859375,1880.8197231457605,1954.2901977539063,2027.7606723620522,7.518890970500343,0.9009076689116499,1831.757246976554,1959.0293895840161,2086.301532191478,1875.36213845816,1983.18106922908,2091.0,1.8376327751176025,0.24452339119176317,1813.8559764605047,1954.2901977539063,2101.1855314167324,20113238.0,62.47872170758563,-0.0640282065435762,13401046.32827526,-120632.48459240235,3961854.5606769654,2021.0333251953125,137305213.43541986,978.9621296926339,-22.46642252210093,0.441603815110188,-22.90802633721112,0.85670984581265,1.6036306756465974,36.73523730407299,1349.4776597865555,1950.8837280273438,1950.8837280273438,0.35495180669983817,-1.0057624269398064,0.8236131338200369,1349.4776597865555,1998.9188040597098,4.396051025390625,3.3512655879889364,33.29132541232639,0.005694825689720462,0.020730905966826807,0.04566664035402246,0.14430544408674972,0.3170828943292343,,0.005678671471190725,-0.0903133324064499,-0.3166057625575093,-0.29870186436711244,0.07041519148236808
2026-06-18 00:00:00+05:30,2013.5999755859373,2030.199951171875,1989.0,1998.4000244140625,236436,0.0,0.0,1958.4782348632814,1888.7193847656242,1826.754364013672,,1962.7789738535444,1905.6488881293917,1828.167890490742,,1973.3673357282369,1935.4093390969667,2002.8643311720307,1988.2181340129218,2005.7687952149852,2005.2972697867274,2010.4751693131084,1986.2366148713468,1940.251600774267,2005.1405592543729,1991.1656646004503,1958.436707812151,1941.2779001890146,1935.3746914600038,2003.7065843117512,2005.7999877929688,1957.3681640625,1983.18106922908,57.65017415411405,30.129117302723216,2.426088074755441,27.703029227967775,59.87099641195313,63.89313188405035,-4.022135472097219,79.10427992113546,84.97765554161853,-42.94235479977174,2.2558138503535003,4.374753143583964,44.085693359375,-2012.109600422307,73.05361818499068,42.18042934438025,1.218389063417846,1.3733046892765186,0.2076881338449521,0.20447790227994872,6.762487749192823,52.050649038293614,10.850697866418614,-9944.515472694886,-9912.489208967092,66.21636962890632,1,0,0,66.21636962890632,1,1,0,0,0,62.729114854125015,41.199951171875,1884.9752608522901,1958.4782348632814,2031.9812088742726,7.506131311806217,0.7715658113698326,1839.7803779378642,1962.7789738535444,2085.7775697692246,1875.36213845816,1983.18106922908,2091.0,1.6752113197750094,0.2453834531796364,1818.5635047378078,1958.4782348632814,2106.5726007907515,19876802.0,66.49706803195706,-0.11797679584527632,13272499.008195855,-175342.82856330462,2895984.5544502344,2005.8666585286458,137131398.83340412,978.2269852898537,-22.430356046752678,0.3821362323667543,-22.812492279119432,0.8534415638559723,1.0862632454793304,36.751487005495626,1350.6717971151138,1953.817138671875,1953.817138671875,0.14744743263858112,-1.1484237562711086,0.7979684556849382,1350.6717971151138,2003.1455374581474,4.188037109375,3.350295880643983,34.67891601562499,-0.007351444027801413,0.03052809134324308,0.04374753143583954,0.11108786196277043,0.2546733842573674,,-0.007378599060100632,-0.0903133324064499,-0.3166057625575093,-0.29870186436711244,0.07041519148236808
2026-06-19 00:00:00+05:30,1999.0,2173.800048828125,1999.0,2153.10009765625,2019590,0.0,0.0,1970.4708801269533,1897.9433300781243,1830.3252429199222,,1980.9047951680877,1915.352857130445,1834.602191622732,,1991.9027512323291,1945.777210190717,2033.5720520265431,2004.0075145685744,2047.5835238396644,2026.2636482762575,2030.87211339645,1995.2339992838333,1970.5659805138139,2038.2586249466647,2008.294637273901,2011.7454785821565,1956.9375633901825,1945.5274585051723,2023.5657320307603,2075.7500610351562,2025.3182373046875,2024.5810936431426,71.2486438894363,41.6648704816173,11.169473002919617,30.495397478697683,71.3475051372113,64.26844462341032,7.079060513800982,86.11902416252786,83.83807701183095,-6.936099755628855,9.503056093400511,12.536430536961502,186.853515625,-1303.9849152257952,88.63465615201449,53.10722199540479,1.3951189747254937,1.218389063417846,0.21819160878666644,0.2054296971275645,9.64753356062098,170.65777590559082,-4.1422729225341754,-10110.491599083954,-9966.02933369031,104.20312500000007,0,1,0,104.20312500000007,1,0,0,0,0,70.77703696554912,175.4000244140625,1859.382375240636,1970.4708801269533,2081.5593850132705,11.27532571089404,1.3219987194723297,1836.2108227845558,1980.9047951680877,2125.59876755162,1875.36213845816,2024.5810936431426,2173.800048828125,1.5263328010632298,0.35483430480165756,1810.8359089834964,1970.4708801269533,2132.104241932978,21896392.0,80.18734396164001,0.12567807122452393,14813766.32273353,308619.1606708877,47115232.606555834,2108.6333821614585,152765441.92299002,978.2269852898537,13.5228698400227,29.06828969531371,-15.545419855291007,4.713222690139546,3.2879948778893153,55.544252443158655,3085.163979469336,1960.2804565429688,1960.2804565429688,1.858527571762885,5.406321637484016,0.8631831819340928,3085.163979469336,2034.7664934430804,11.992645263671875,3.361051739085879,40.602823893229164,0.07741196524832206,0.06737068697896054,0.12536430536961496,0.198424494931994,0.3466717352716191,,0.0745618368721314,-0.0903133324064499,-0.3166057625575093,-0.29870186436711244,0.07041519148236808
2026-06-22 00:00:00+05:30,2174.89990234375,2175.0,2078.0,2085.5,514901,0.0,0.0,1977.3235046386721,1905.0933691406244,1833.1415661621097,,1990.8662432473175,1922.0252941057217,1839.5704650559453,,2002.8579055059527,1953.1323737170649,2047.530309619509,2013.614071091151,2063.823516534285,2037.816471277311,2052.420121383336,2005.636804973041,1978.1356417605289,2052.5716521094823,2018.82990042615,2017.836271047958,1961.6807956543087,1953.099683233377,2046.5175551340071,2119.300048828125,2035.5104370117188,2025.18106922908,61.89584877825576,44.835440019777934,11.472034032864201,33.36340598691373,73.41738530968274,68.21196228628239,5.205423023400357,72.81658089642788,79.34662832669707,-29.869389515551138,6.766943324469427,7.033932890030011,132.1800537109375,-824.1885984915566,99.00862075796795,48.37793852673566,1.716863757086292,1.3951189747254937,0.23010427922169896,0.2080223606153354,11.151080653895372,160.0923374949707,63.09233749497071,-10547.33793564205,-10103.053813669878,112.90167236328132,0,1,0,112.90167236328132,1,0,0,0,0,72.65010575372418,97.0,1855.5596123737507,1977.3235046386721,2099.0873969035933,12.316031441417769,0.9442059684079772,1841.4764587098362,1990.8662432473175,2140.256027784799,1875.36213845816,2025.18106922908,2175.0,1.3939734181852252,0.37574217148240147,1815.0963451831258,1977.3235046386721,2147.4394142875476,21381491.0,87.53107211163321,0.053381051576610605,14378489.188712912,340050.05356278084,35412005.39371918,2112.8333333333335,151148826.05263683,975.0873218004583,11.957803826174695,22.002578945172562,-10.044775118997867,1.1110789831262624,1.776823873631906,60.8819461324607,3706.611364875846,1969.2793579101562,1969.2793579101562,1.431641191217654,2.6767125236047087,0.8854733275679284,3706.611364875846,2053.9267072405137,6.85262451171875,3.3657853114796192,43.8616582573785,-0.031396634893954056,0.037820353321721845,0.07033932890030004,0.13620992370473628,0.29705001948108944,,-0.03190007482324943,-0.0903133324064499,-0.3166057625575093,-0.29870186436711244,0.07041519148236808
2026-06-23 00:00:00+05:30,2095.0,2141.699951171875,2069.10009765625,2113.5,347139,0.0,0.0,1986.4014465332034,1913.1772875976558,1836.1583410644535,,2002.5456486523349,1929.5341061015756,1844.9948122825604,,2015.8270955403648,1961.3051827703737,2064.380218355524,2024.7455151228082,2083.799765720748,2051.479369610577,2075.535308869597,2017.4915593000271,1986.972798445815,2071.82081535724,2029.9236717559459,2025.6798927713085,1964.1712588692378,1961.4550557177704,2073.087084866561,2099.5,2046.1500244140625,2038.1077324052435,64.0035996730815,49.04217752096065,12.543017227237527,36.49916029372312,80.24386371165865,75.00291805285089,5.24094565880776,70.55365581459253,76.49642029118276,-22.462919593844045,6.610260372550502,9.39774157989322,131.04541015625,-493.1782751396554,110.28008365579694,45.75023604585245,1.877612108111816,1.716863757086292,0.24405520869361652,0.21240647035626214,12.900525786437939,112.707669024707,40.107815509082,-10997.828937280306,-10376.333913237866,131.64367675781253,0,1,0,131.64367675781253,1,0,0,0,0,72.64651630814566,72.599853515625,1852.4242951211816,1986.4014465332034,2120.378597945225,13.489433532768246,0.9743292125831547,1853.554919115447,2002.5456486523349,2151.536378189223,1875.36213845816,2025.18106922908,2175.0,1.2626451298275188,0.374560297045638,1820.7143660016914,1986.4014465332034,2158.529314431609,21728630.0,81.80804288304836,0.07572376376062247,14455949.88012661,346641.0885081161,31741703.480330728,2108.1000162760415,151614896.15572962,976.4299254926185,8.046320797295891,14.472876733035008,-6.426555935739117,0.7272902880047668,1.8973168503326159,66.9885757060109,4487.469275119955,1973.50537109375,1973.50537109375,1.12953799919811,1.0120108182438976,0.9044490751207229,4487.469275119955,2074.6783935546873,9.07794189453125,3.369518430907185,50.10049641927085,0.013426036921601492,0.055799754444638694,0.09397741579893215,0.16554545914149954,0.3047012006952059,,0.01333670636984462,-0.0903133324064499,-0.3166057625575093,-0.29870186436711244,0.07041519148236808
2026-06-24 00:00:00+05:30,2110.0,2143.89990234375,2091.0,2134.800048828125,283407,0.0,0.0,1996.2311706542969,1921.0846240234368,1839.6685253906253,,2015.1413058119338,1937.5837509143814,1850.733529837918,,2029.9602957589289,1969.9962714460783,2082.4829396401706,2036.795351656889,2105.035588131369,2066.324141151852,2099.6577811316283,2030.883781246423,1999.8467333233673,2096.447418321729,2042.6702264098183,2033.3407485457424,1967.514247914269,1970.2791043942636,2096.1051860785337,2124.1500244140625,2046.1500244140625,2038.1077324052435,65.56410624002598,53.478318460928904,13.58332653376462,39.894991927164284,77.66154319198867,77.10759740444335,0.5539457875453166,60.434480954987336,67.93490588866925,-14.68306131463878,8.238448278817945,10.143118244490099,162.4879150390625,-236.78165299458942,123.01246225064028,51.57704638881921,2.0422026406973885,1.877612108111816,0.2599898469906492,0.21899758167369665,14.13247887120455,99.79222495644512,46.892322612695125,-11351.406463085286,-10758.705301335658,147.57902018229166,0,1,0,147.57902018229166,0,0,0,1,0,71.2360438821174,52.89990234375,1848.9550254438593,1996.2311706542969,2143.5073158647347,14.75541985071454,0.9704389769837873,1870.2639976892733,2015.1413058119338,2160.018613934594,1875.36213845816,2025.18106922908,2175.0,1.2529002960992421,0.3750340871523371,1827.5145122648987,1996.2311706542969,2169.2571685146268,22012037.0,81.96133653832939,0.11036414300364684,14641853.403899213,376975.71595811844,28069543.402888115,2123.2333170572915,151900516.35626107,977.4377347582029,3.725779189014706,8.12186809980306,-4.396088910788353,0.5931124891462468,1.8817559079351514,73.63807260521881,5422.565737011478,1978.5765991210938,1978.5765991210938,0.8976180782734343,0.01663777639148253,0.9216118991316856,5422.565737011478,2097.418545968192,9.82972412109375,3.3749401289580083,55.047482096354166,0.010078092655843474,0.060401401055800275,0.10143118244490101,0.1908750263955563,0.315830887759208,,0.010027647325403772,-0.0903133324064499,-0.3166057625575093,-0.29870186436711244,0.07041519148236808
2026-06-25 00:00:00+05:30,2134.800048828125,2155.0,2100.5,2131.0,258972,0.0,0.0,2004.0462402343749,1928.7469189453118,1843.1407092285158,,2026.1754671631782,1945.1687018589155,1856.2833609302365,,2042.7954223632814,1978.228246974571,2097.086900896995,2047.7771534797985,2120.721497065508,2079.4115922698693,2120.220760651295,2045.091555561903,2016.5529299984728,2110.576240274719,2054.6734648885385,2039.6448541097373,1969.7284995536381,1978.6683230756432,2111.5501156859846,2132.9000244140625,2046.1500244140625,2038.1077324052435,65.02252499141589,56.04135013460427,12.91708656595199,43.12426356865228,82.26099572899278,80.05546754421336,2.205528184779425,65.90050105356829,65.62954594104937,-16.071031904538824,9.890679334651313,7.915202397814502,191.800048828125,-29.325643135232895,140.4183756445732,54.41056800909819,2.3425734681592845,2.0422026406973885,0.2762476801538183,0.22744519468165247,15.059544718033132,98.47913366802413,43.97913366802413,-11434.5054239467,-11113.385693386655,157.41792805989581,0,1,0,157.41792805989581,0,0,0,1,0,70.04061217625187,54.5,1845.429702383993,2004.0462402343749,2162.662778084757,15.82962854508105,0.90019080445879,1884.7150455283902,2026.1754671631782,2167.6358887979663,1875.36213845816,2025.18106922908,2175.0,1.2774693745829044,0.3720475376686814,1835.5131382260142,2004.0462402343749,2178.2027105100055,21753065.0,81.27302204698955,0.08321161174748268,14672739.972706553,364942.3612665348,23919022.024601646,2128.8333333333335,151854418.06964836,977.2597298518318,-0.3300738190313813,3.2528120734055777,-3.582885892436959,0.5372496358651038,1.6007632178351618,79.30826892519102,6289.801519910419,1990.4273071289062,1990.4273071289062,0.6770677920142969,-0.704122841685202,0.9285302898005989,6289.801519910419,2120.2937866210937,7.815069580078136,3.381099574874527,59.81768229166666,-0.0017800490637102095,0.06635306943854569,0.07915202397814514,0.18187165352539547,0.3325175102741189,,-0.0017816352336311543,-0.0903133324064499,-0.3166057625575093,-0.29870186436711244,0.07041519148236808
2026-06-29 00:00:00+05:30,2115.10009765625,2161.0,2092.800048828125,2144.89990234375,248200,0.0,0.0,2015.4946350097657,1936.967622070312,1846.8006164550784,,2037.4825562279946,1953.0012979563598,1861.9985399681277,,2056.2100568498886,1986.7048345588234,2111.870743521996,2059.1113241955372,2136.4000599431984,2092.8694547251425,2138.6855563658346,2059.9107593888666,2027.8663878030131,2126.7403892664124,2065.9157719486693,2051.347128207092,1974.0273343023096,1987.267351447333,2123.1262392830877,2137.949951171875,2046.1500244140625,2038.1077324052435,66.12479173155484,58.51959963701847,12.31626885469295,46.20333078232552,86.08394142873377,82.00216011657173,4.081781312162036,69.67648331884966,65.3371551091351,-10.994082494621093,6.33055494065865,11.950731794806297,127.699951171875,89.92392805965983,143.70846243670462,57.78153629851046,2.677373563274897,2.3425734681592845,0.2926916017984116,0.237574126196881,16.43912162845913,91.85355709491341,23.653605923038413,-11337.424141142605,-11317.846142081147,169.37194824218747,0,1,0,169.37194824218747,0,0,0,1,0,69.90913639022496,68.199951171875,1850.7233102038797,2015.4946350097657,2180.2659598156515,16.350460273498822,0.8926813949163618,1896.5040888114006,2037.4825562279946,2178.4610236445883,1875.36213845816,2025.18106922908,2175.0,1.248426351674984,0.3496728659312429,1845.3591462651214,2015.4946350097657,2187.200234653739,22001265.0,84.30295594453264,0.144395980518732,14803753.840763127,368529.2777046561,20994869.701332662,2132.8999837239585,152016311.8172654,977.9120011959777,-3.922920309862595,-0.2720275339405087,-3.6508927759220864,0.5312860483042193,1.5707255796654445,82.38566240294301,6787.397369571697,2000.1000366210938,2000.1000366210938,0.5014477932412791,-1.0857553210300028,0.9308764763212545,6787.397369571697,2137.640900530134,11.448394775390636,3.3808670754548062,64.65903889973963,0.006522713441459382,-0.0038085527567558453,0.11950731794806302,0.16340370844027885,0.33954331009763394,,0.006501532600619083,-0.0903133324064499,-0.3166057625575093,-0.29870186436711244,0.07041519148236808
2026-06-30 00:00:00+05:30,2144.89990234375,2172.800048828125,2112.89990234375,2164.10009765625,461009,0.0,0.0,2027.5152404785156,1946.4374218749995,1851.0373413085943,,2049.5413696973524,1961.2796822583164,1867.980749031259,,2070.3629580543156,1995.6119904641544,2127.7553227689627,2071.182272778229,2153.4099209488404,2107.260391321498,2156.023618380724,2075.2932754955195,2043.283124150252,2145.7556042395518,2078.8704096449223,2059.9044554766697,1979.2435421953428,1996.2488844054549,2134.3089814696837,2154.5,2051.6500244140625,2038.1077324052435,67.64171070188729,61.32599759532559,12.098133450400049,49.22786414492554,89.6512294554106,85.99872220437905,3.652507251031551,73.37487431127303,69.65061956123033,-3.981197234608269,7.693460943331675,12.497458571220797,154.60009765625,203.2426958009935,141.7140508021987,61.01625839348385,3.0530627049640238,2.677373563274897,0.30951240597507645,0.24937221740015916,16.828917681917776,90.08879810144344,30.188651617068444,-11166.899626324173,-11343.694203264677,167.65875244140625,0,1,0,167.65875244140625,0,0,0,1,0,69.19420853980711,59.900146484375,1856.00444655703,2027.5152404785156,2199.026034400001,16.918323522047334,0.8981815198181065,1910.5798712757912,2049.5413696973524,2188.5028681189137,1875.36213845816,2025.18106922908,2175.0,1.248426351674984,0.3498039706214338,1855.5239912024485,2027.5152404785156,2199.7117679563435,22462274.0,85.02899883843124,0.17565658450280686,15130848.116836997,440569.4424796961,19260097.292688042,2149.933349609375,152428986.68526965,977.9120011959777,-2.714984512556516,0.7487266106924566,-3.463711123248973,0.9740798400258284,1.5927260792724252,85.75539696074286,7353.9881078945855,2005.6500244140625,2005.6500244140625,0.35023089298069787,-1.297654607867139,0.9323651970596283,7353.9881078945855,2156.0583932059153,12.02060546875,3.3824714882319746,68.9882958984375,0.008951557735407567,0.037688850470510626,0.12497458571220799,0.18635914123759045,0.32463528518129614,,0.008911730045911542,-0.0903133324064499,-0.3166057625575093,-0.29870186436711244,0.07041519148236808
2026-07-01 00:00:00+05:30,2164.199951171875,2220.0,2151.300048828125,2197.10009765625,527644,0.0,0.0,2042.493426513672,1957.0624121093747,1855.6716833496098,,2063.594581883914,1970.5275416856864,1874.4979638555162,,2086.5138968331476,2005.441899318321,2147.0743980698794,2085.00542496837,2175.0500535265664,2124.064584850643,2174.494582630504,2091.5056889781526,2066.0047768664695,2168.1598556587014,2093.659594713994,2077.797716430388,1986.4798126475207,2006.0258884758664,2148.7911471073367,2180.60009765625,2068.1500244140625,2060.6077324052435,70.11843004790556,65.45834929946523,12.984388123631746,52.47396117583348,92.61373849477889,89.44963645964108,3.1641020351378017,82.44621089392624,75.16585617468297,-7.18350478643398,9.756221603773849,15.786981706465864,195.300048828125,336.3580789501291,149.8677229813568,56.797494134860095,3.446468152988243,3.0530627049640238,0.3276369076244068,0.26290196367658847,17.86110004609533,120.94748542623711,52.24753425436211,-11064.804074260343,-11251.3261721901,175.77783203124997,0,1,0,175.77783203124997,0,0,0,1,0,69.15890444209766,68.699951171875,1866.5129421096735,2042.493426513672,2218.4739109176703,17.23192663629563,0.9392722058533706,1924.781806898335,2063.594581883914,2202.407356869493,1875.36213845816,2047.68106922908,2220.0,1.2409158814252876,0.3433119978090817,1865.4087403165186,2042.493426513672,2217.7973856523654,22989918.0,85.7194570857272,0.22529354234198243,15306730.700237555,485951.29165332764,18996119.393732607,2189.4667154947915,153233582.18521246,977.9120011959777,-0.5144032139806489,2.3594463274146595,-2.8738495413953085,1.0272616318041403,1.757088823413481,87.99024220199925,7742.282722766491,2011.3499755859375,2011.3499755859375,0.35819230228059074,-1.4052111144442914,0.9433110959635297,7742.282722766491,2174.5548374720984,14.97818603515625,3.3869098152716783,74.33042154947921,0.015248832545102342,0.039555286328956774,0.15786981706465864,0.23212119071304937,0.34319942864946795,,0.01513373766497054,-0.0903133324064499,-0.3166057625575093,-0.29870186436711244,0.07041519148236808
2026-07-02 00:00:00+05:30,2208.10009765625,2208.699951171875,2163.0,2181.300048828125,235936,0.0,0.0,2055.6623901367184,1967.9381860351557,1860.2812695312505,,2074.8046263547913,1978.7931302010763,1880.573252666855,,2099.73357514881,2014.235532130821,2160.4764050443155,2096.7231325168723,2187.7709165321567,2137.567302455184,2190.3832194327474,2107.871799103092,2079.06331350273,2186.8303525714146,2105.1984925392417,2085.2687777456413,1991.7328744301785,2014.9810692477834,2162.625679941194,2189.2000732421875,2097.7500610351562,2086.8499755859375,67.45621941846095,66.68957993836284,11.372495010023485,55.317084928339355,91.43427893879306,91.23308229632751,0.20119664246554692,82.27109272692343,79.36405931070756,-14.532461162578558,8.349895774555312,13.732541808104035,168.10009765625,367.4935797282651,155.99500886233454,62.37727268827198,3.846944031550191,3.446468152988243,0.34470651829860977,0.27812622861588376,18.78046492911475,97.89778884748875,52.197837675613755,-11136.35912436549,-11156.198444446189,179.86893717447916,0,1,0,179.86893717447916,0,0,0,1,0,67.48326492279605,45.699951171875,1879.5142031742453,2055.6623901367184,2231.8105770991915,17.13785179975568,0.8566248987796072,1940.5073630493862,2074.8046263547913,2209.1018896601963,1901.2154648104868,2060.6077324052435,2220.0,1.112102022922248,0.3468539228610396,1880.5621672907155,2055.6623901367184,2230.9519463001325,22753982.0,85.11042562509066,0.20277627850378785,15259750.714832585,445391.02626338415,15749845.148869023,2184.3333333333335,153063913.0688946,977.1928692435929,-4.268884318216859,-1.1160278214572403,-3.1528564967596187,0.4596244784476998,1.4264995951184296,88.07409348123652,7757.045942541588,2015.199951171875,2015.199951171875,0.24925214743398938,-1.625749477729875,0.9392119048389578,7757.045942541588,2187.875945172991,13.168963623046874,3.3883215984525425,79.52546413845486,-0.0071913195238485494,0.021781899445582953,0.13732541808104037,0.24414323444057695,0.2809771642643042,,-0.007217301701124058,-0.0903133324064499,-0.3166057625575093,-0.29870186436711244,0.07041519148236808
2026-07-03 00:00:00+05:30,2199.0,2199.0,2126.10009765625,2137.699951171875,642059,0.0,0.0,2064.831671142578,1976.9714648437493,1864.5751721191411,,2080.7946572897517,1985.024770239147,1885.6648704590336,,2107.546676199777,2020.8928562538297,2163.726770759524,2104.3173285791363,2185.9430602401753,2144.868888817622,2197.7087798147486,2122.7437304627,2083.457292739761,2180.6845861062798,2115.1698416752643,2093.372680303768,1997.687169808613,2021.9006573945037,2168.2656733990907,2159.5,2097.7500610351562,2104.5,60.61683234213084,63.416153646534895,6.479254974556433,56.93689867197846,80.88543576185512,88.31115106514235,-7.425715303287234,62.63058255577891,75.78262872554285,-35.627726765422075,6.970572710969401,9.38362970598591,139.2999267578125,311.9916084490476,155.53191958400498,55.9285232326912,2.994790497219012,3.846944031550191,0.35739937048469006,0.293593757693442,17.7663243046222,84.3552964116866,11.455394067936595,-11534.729350096464,-11183.992562278718,172.2722371419271,0,1,0,172.2722371419271,0,0,0,1,0,67.87016759572134,72.89990234375,1891.832680597361,2064.831671142578,2237.8306616877953,16.756716100687065,0.7106031942719662,1945.4019138527187,2080.7946572897517,2216.1874007267847,1901.2154648104868,2060.6077324052435,2220.0,1.3262214125406289,0.3559128526797467,1890.554104807507,2064.831671142578,2243.9302867928304,22111923.0,75.74182499090529,0.11944955492252395,14822020.941866925,249030.44209084287,9500747.970305704,2154.2666829427085,151780557.525208,977.1928692435929,0.4800586152252257,2.9063320895878757,-2.42627347436265,1.1591904250281242,0.8424127770878647,86.49949527260854,7482.162682416028,2051.3499755859375,2051.3499755859375,0.052323465359581295,-1.6803888670991876,0.9057445111732199,7482.162682416028,2192.976686314174,9.169281005859375,3.3865116159421853,82.58746202256945,-0.019988124824768416,0.0031440409065579544,0.09383629705985919,0.2477225479191536,0.21417932624287062,,-0.020190589865189557,-0.0903133324064499,-0.3166057625575093,-0.29870186436711244,0.07041519148236808
2026-07-06 00:00:00+05:30,2144.0,2185.800048828125,2129.300048828125,2172.699951171875,208480,0.0,0.0,2075.154339599609,1983.8628637695308,1869.3483410644535,,2089.5475424213823,1992.3845812561167,1891.3487334434465,,2117.8198457263766,2028.568483168658,2172.5006363940797,2114.0701910304497,2192.620071141126,2155.330700284737,2200.601628497235,2137.1270414072706,2084.4692470302703,2188.2289019384198,2127.1910994159402,2103.4492424116033,2004.0726121667376,2029.978799848078,2169.4252907563596,2155.199951171875,2097.7500610351562,2104.5,63.79064468079516,62.92083500027047,4.787149062633603,58.13368593763687,76.45453348603081,82.92474939555966,-6.4702159095288465,46.36103509479827,63.7542367925002,-20.476211613906926,0.9103085145442311,10.499871736704883,19.599853515625,305.5792049947154,154.1840859415645,57.35456494656597,2.2340221652237924,2.994790497219012,0.36820473639165296,0.30893825293454796,17.537611326185477,62.861738442160004,6.361738442160004,-12007.235369922595,-11402.36939885114,174.09800211588544,0,1,0,174.09800211588544,0,0,0,1,0,67.05801276745554,56.5,1902.2859763402723,2075.154339599609,2248.022702858946,16.660771679535987,0.782138413683966,1956.2874412164476,2089.5475424213823,2222.807643626317,1901.2154648104868,2060.6077324052435,2220.0,1.3551943929920158,0.3583356347365401,1903.6958640675289,2075.154339599609,2247.6307127764167,22320403.0,75.08767056072837,0.1644179622789624,14933824.539765155,181635.85316143744,9185898.260262031,2162.6000162760415,152121896.3551032,978.8301429863749,-3.944051946775053,-1.2142227779299222,-2.729829168845131,0.5592654222510273,1.1285536547358654,86.43418162966842,7470.867753990509,2099.5,2099.5,-0.14720596959732732,-1.6526784838494841,0.895528117385791,7470.867753990509,2203.150857979911,10.32266845703125,3.3752284151951955,86.39735812717014,0.01637273742781975,0.012961000556598323,0.1049987173670488,0.2841753734541561,0.20632938777358145,,0.01624014942391288,-0.0903133324064499,-0.3166057625575093,-0.29870186436711244,0.07041519148236808
2026-07-07 00:00:00+05:30,2160.0,2191.699951171875,2135.0,2159.699951171875,213273,0.0,0.0,2085.47333984375,1990.1820336914059,1874.1446423339846,,2096.2287242071434,1998.9459683116365,1896.6626189430194,,2125.871808733259,2035.464055223652,2177.32640227432,2122.163671148162,2193.8509907499865,2163.278132197328,2199.4637375446,2150.4166481109796,2089.6211483344846,2189.9118543579752,2138.746880826712,2108.022066713441,2006.9507360813504,2037.2110775639187,2166.0364399507357,2166.199951171875,2097.7500610351562,2104.5,61.798554885370855,60.778681246071756,2.1159962467479048,58.66268499932385,72.59738145968615,76.64578356919068,-4.048402109504536,32.49264979554602,47.16142248204106,-26.10391724161255,3.557897442909374,10.565601670883225,74.199951171875,201.67567729520624,149.88843220916192,56.74688063359479,1.7114124836522868,2.2340221652237924,0.37606561949998785,0.3236060763574781,15.831883337816947,63.50997781649403,6.810026644619029,-12197.115102851914,-11736.233944542588,172.21669514973956,0,1,0,172.21669514973956,0,0,0,1,0,66.31815122491408,56.699951171875,1918.6950798394287,2085.47333984375,2252.2515998480717,15.99428358233695,0.722530836231897,1964.8600705127978,2096.2287242071434,2227.597377901489,1901.2154648104868,2060.6077324052435,2220.0,1.4148840842408903,0.358086704144812,1917.3459100638,2085.47333984375,2254.49960667528,22107130.0,73.92555754495174,0.16137939152876607,14906365.903883772,128816.15053156391,7477548.651653171,2162.13330078125,151994287.89271498,978.8301429863749,-7.567874728363053,-3.870436447614338,-3.6974382807487154,0.6224915129918137,0.8901233449275876,83.3891300021608,6953.747002517274,2122.25,2122.25,-0.3352983872713609,-1.5359213763172983,0.8736447027292867,6953.747002517274,2206.668746512277,10.319000244140625,3.369478309620389,89.47280598958332,-0.005983338837462715,-0.0020332453610349965,0.10565601670883229,0.24982777328804673,0.17390051466534495,,-0.006001310733104398,-0.0903133324064499,-0.3166057625575093,-0.29870186436711244,0.07041519148236808
2026-07-08 00:00:00+05:30,2154.0,2201.0,2109.60009765625,2124.5,311546,0.0,0.0,2092.5756103515623,1995.6221972656244,1878.5859594726564,,2098.921226663606,2003.8696558288273,1901.1742502510783,,2129.588633510045,2040.7314264514398,2174.7313899945175,2126.9858936196524,2184.8982662349285,2166.3905368386686,2192.279277544558,2161.447062139234,2089.9218207089107,2182.70119691168,2146.289325642638,2111.8554205522773,2009.5995730102743,2042.482748229955,2158.5341295924263,2142.0999755859375,2097.7500610351562,2104.5,56.64075655464308,55.599747798204135,-2.450349760895776,58.05009755909991,70.69262660082973,73.24818051551556,-2.555553914685831,25.220610500539046,34.69143179696111,-41.341991341991346,0.5204636858291933,7.165128063157578,11.0,26.72674693216777,136.48866694978437,49.32986838368709,1.2155891925371227,1.7114124836522868,0.3790116707651725,0.33683072344353626,14.12284132825753,73.33716569538774,-18.06273664836226,-12005.927303308556,-11991.559599825674,129.9666544596354,0,1,0,129.9666544596354,0,0,0,1,0,68.1097048762595,91.39990234375,1932.2978478516513,2092.5756103515623,2252.853372851473,15.318706928155725,0.5995908264206506,1962.6543681127694,2098.921226663606,2235.1880852144423,1901.2154648104868,2060.6077324052435,2220.0,1.6670339807233154,0.36388818805337025,1920.583988950695,2092.5756103515623,2270.097180014945,21795584.0,69.4520560325665,0.11837917844784203,14696395.613628572,28688.802508002147,4842698.274589437,2145.0333658854165,151486513.46868712,978.8301429863749,-8.424668365680999,-3.7817840679458268,-4.642884297735172,0.9188721749958562,0.39836330568260114,80.13888124995546,6422.240287994462,2127.75,2127.75,-0.5430184737702121,-1.2108017976878347,0.8235398639032666,6422.240287994462,2203.614679827009,7.1022705078125,3.3592484327305794,89.80272813585071,-0.016298537744919184,-0.03304360039567422,0.07165128063157589,0.2429034882688732,0.14498984246829183,,-0.016432819979746834,-0.0903133324064499,-0.3166057625575093,-0.29870186436711244,0.07041519148236808
2026-07-09 00:00:00+05:30,2130.0,2150.10009765625,2100.0,2118.199951171875,187388,0.0,0.0,2099.870001220703,2001.3321142578122,1882.6430993652345,,2100.7572956643935,2008.3531968226723,1905.4717888831733,,2132.0290469215033,2045.5383971928613,2171.008648726407,2130.9490627138257,2175.177851272061,2168.308460648098,2181.056521741198,2170.0935123960944,2090.2652346859104,2175.3391688575916,2151.6146686091643,2116.8107140763527,2011.5071598416487,2047.1582938603829,2148.6907082797125,2121.3499755859375,2141.300048828125,2109.5,55.744007834474736,50.405995500358586,-6.115281646993068,56.521277147351654,62.16357363531076,68.48452723194221,-6.320953596631448,10.168744013113281,22.627334769732784,-46.0633705104638,-0.7775949633017125,7.396791556645927,-16.60009765625,-271.5362258919313,117.96611636394141,45.88203130255822,0.5086957860867831,1.2155891925371227,0.37753146217729405,0.3480844770017002,12.398986478183653,23.7891037991717,-26.3109938570783,-11713.588597879903,-12021.151463353906,105.43328857421875,0,1,0,105.43328857421875,0,0,0,1,0,66.82330436054454,50.10009765625,1949.6759472656274,2099.870001220703,2250.064055175779,14.305081159096932,0.561020890869137,1967.92535742197,2100.7572956643935,2233.589233906817,1901.2154648104868,2060.6077324052435,2220.0,1.9073817108647062,0.36329239432544164,1927.7135664687012,2099.870001220703,2277.9686154113756,21608196.0,69.83740743731913,0.11743326077451999,14645153.15464509,-31184.87704256177,3982233.72824742,2122.7666829427085,151430944.93257016,978.5336003256018,-11.836251846078294,-5.754694038674497,-6.081557807403797,0.5687891997194117,0.2440835634765465,75.09702697753785,5639.563460865048,2127.75,2127.75,-0.7422419149686053,-0.7154096674839282,0.7630982428736609,5639.563460865048,2196.3471383231026,7.294390869140625,3.3482167709077,89.24772406684028,-0.0029654266077312474,-0.02892774778515672,0.07396791556645921,0.21775295402899086,0.14025016869857376,,-0.0029698321970043286,-0.0903133324064499,-0.3166057625575093,-0.29870186436711244,0.07041519148236808
2026-07-10 00:00:00+05:30,2129.0,2173.10009765625,2120.0,2166.89990234375,139750,0.0,0.0,2111.254998779297,2004.7207226562498,1886.8650659179689,,2107.056591538618,2014.5707146862442,1910.6485832091253,,2138.41284702846,2052.031251627604,2176.316702480928,2138.332593195686,2179.1920000091695,2175.34720333442,2172.602658215808,2177.958354701819,2091.909815315018,2176.630667284845,2160.082847199246,2122.505280298274,2020.8979712555295,2053.9717482475817,2143.6542824157013,2142.5499267578125,2141.300048828125,2144.550048828125,60.89764592738008,49.647285440254564,-5.4991933656776695,55.14647880593223,59.13522795321007,63.99714272978352,-4.86191477657345,11.95094549745917,15.78010000370383,-35.18895428791463,1.684650508857344,11.74195322324931,35.89990234375,-753.7029154951474,108.16455659500434,45.84824067968646,0.09009527721434235,0.5086957860867831,0.3753608828462873,0.35726995267368644,10.129255395113388,40.99068830107535,-12.109409355174648,-11406.08349818216,-11840.371733901833,85.69993082682292,0,1,0,85.69993082682292,1,0,0,0,0,65.97165022653243,54.900146484375,1978.8779574957955,2111.254998779297,2243.6320400627983,12.540128156953118,0.7101758092828303,1976.4181433222584,2107.056591538618,2237.695039754977,1953.699951171875,2086.8499755859375,2220.0,1.9424368358959092,0.3608812712995354,1941.6767302596281,2111.254998779297,2284.0766631209563,21747946.0,57.688773353989234,0.13470890726970638,14752267.535007209,-18761.817921431735,4385602.935107722,2153.3333333333335,151752246.90278804,980.8327199693791,-15.838968974427438,-7.805928933618912,-8.033040040808526,0.4401179736622067,0.8407032371313236,66.18852064175067,4380.920264743455,2132.9000244140625,2132.9000244140625,-0.7661773395928706,-0.8858297358650448,0.7411737660887484,4380.920264743455,2192.728543526786,11.38499755859375,3.343243002362819,90.73251139322916,0.022991196437773587,0.01365951809835031,0.11741953223249313,0.23972663394297067,0.18004636891607406,,0.022730881299785868,-0.0903133324064499,-0.3166057625575093,-0.29870186436711244,0.07041519148236808
2026-07-13 00:00:00+05:30,2164.10009765625,2204.0,2141.0,2172.800048828125,268579,0.0,0.0,2119.035003662109,2008.1398315429688,1891.0187548828126,,2113.3178731852377,2020.7757866133768,1915.8397013401946,,2144.2742803664437,2058.622597751991,2181.6467521942695,2145.645993895576,2183.405668684951,2182.273915594851,2167.6053565351476,2185.3133260551444,2093.2814564553278,2177.094413257717,2169.188623833283,2129.53409411308,2024.6139909729925,2060.749578124244,2145.1570513835422,2169.8499755859375,2155.300048828125,2144.550048828125,61.48286007805249,48.957740406844096,-4.950990719270507,53.9087311261146,62.48956486889605,61.262788819138954,1.226776049757099,25.258963861299033,15.792884457290494,-31.278980594933394,1.3007668308385056,7.713667530373251,27.900146484375,-1104.3762615871547,104.12607967448139,48.08436446183578,0.12120672393662962,0.09009527721434235,0.3726415646841508,0.36428430364136133,8.846983613993556,66.07764214868939,3.0776421486893923,-10709.446385366344,-11492.45298013317,69.38328043619791,0,1,0,69.38328043619791,1,0,0,0,0,65.75938949606584,63.0,1991.7406024823217,2119.035003662109,2246.329404841896,12.014374558211399,0.711183856743549,1983.121181941865,2113.3178731852377,2243.5145644286104,1989.0,2104.5,2220.0,1.7766061845752055,0.337964659391547,1952.028110280389,2119.035003662109,2291.8530309346856,22016525.0,55.399354224411965,0.10027618471601239,14754825.846569398,-11160.0293365065,3985467.579039041,2172.6000162760415,151825376.9740439,980.8327199693791,-15.842822644029905,-6.247826082577102,-9.594996561452803,0.8404481822869988,0.8447354269741966,63.64720058989357,4050.9661429301486,2136.25,2136.25,-1.0296657990889735,-0.21878765725083077,0.7194317372058278,4050.9661429301486,2194.752833775112,7.7800048828125,3.3384734731332624,89.45715169270834,0.0027228514238213375,4.6070630321581874e-05,0.07713667530373258,0.25315429229601616,0.1826190477139631,,0.0027191511791723115,-0.0903133324064499,-0.3166057625575093,-0.29870186436711244,0.07041519148236808
2026-07-14 00:00:00+05:30,2180.0,2202.0,2142.699951171875,2152.89990234375,217480,0.0,0.0,2126.2049987792966,2011.4512890625,1894.7924694824221,,2117.087590247953,2025.9571244851563,1920.5339627462054,,2147.499508812314,2064.2994632735904,2182.3196533604864,2150.908609044861,2181.1091729456994,2186.1782315911805,2163.5032905400262,2191.610108719382,2093.773200604273,2170.5806317123393,2175.233980343498,2136.4420041798826,2027.9773236550259,2066.275113428454,2150.382015389717,2162.8499755859375,2157.6500244140625,2155.5,58.31289359728467,46.272099531123786,-6.109305275992654,52.38140480711644,60.505495179554536,60.71009600055355,-0.204600820999012,31.216039850550924,22.808649736436372,-52.01557957848837,-0.5175451599780418,7.136098648606619,-11.2001953125,-1450.895991383023,99.07750010690643,47.519977226152925,0.29942447349051426,0.12120672393662962,0.36798704281502115,0.368767651995874,7.113146140484824,61.937992935483635,2.637944107358635,-9877.670511875294,-10970.386479475368,46.44993082682292,0,1,0,46.44993082682292,1,0,0,0,0,65.29800801978435,59.300048828125,2009.145324881954,2126.2049987792966,2243.2646726766393,11.011137116557373,0.6140226291244579,1987.995336489068,2117.087590247953,2246.179844006838,1989.0,2104.5,2220.0,1.7899132702261729,0.3400877082581888,1961.4834741481554,2126.2049987792966,2294.633407009484,21799045.0,56.99374168111932,0.13068724064866824,14612161.4807787,-52428.86590912193,2797845.945258911,2165.8666178385415,151626192.338543,979.9168443233385,-17.04843117303837,-5.962747689268454,-11.085683483769916,0.7366871772462981,0.45609051649783217,58.52983694867131,3425.7418132380494,2141.2999267578125,2141.2999267578125,-1.3399120727072593,0.9129701103733893,0.668164510900313,3425.7418132380494,2190.0885288783484,7.1699951171875,3.3317874993729486,86.75826687282988,-0.009158756460405981,-0.0031486081316227654,0.07136098648606626,0.27344554069113647,0.18357409855648243,,-0.009200955729865878,-0.0903133324064499,-0.3166057625575093,-0.29870186436711244,0.07041519148236808
2026-07-15 00:00:00+05:30,2174.699951171875,2201.0,2153.199951171875,2170.0,1180757,0.0,0.0,2134.6149963378903,2017.1750048828128,1898.9012548828127,,2122.1268673671952,2031.6058647014247,1925.4738842759834,,2151.670461309524,2070.5170597809433,2185.705699005469,2157.084512035203,2183.1147215820456,2191.4775018528353,2161.698122304941,2197.2757830648784,2095.1087864154097,2169.449138327533,2182.7811915539855,2142.8845747307664,2040.0972583274,2072.3658326260843,2157.4997540806307,2161.449951171875,2157.6500244140625,2156.4000244140625,60.21129235947178,45.004757922655244,-5.901317507568962,50.906075430224206,59.1324162122523,60.70915875356762,-1.576742541315319,29.624431372386596,28.699811694745513,-39.30819118982133,-1.2334484753406978,8.402435161810544,-27.10009765625,-1995.634297189899,96.54571137370112,43.453657773782716,0.6818793422296259,0.29942447349051426,0.3626482713835699,0.37076118011642517,5.580235282530794,56.661136801842986,8.861087973717986,-9798.928055748776,-10396.540891402368,23.74995930989583,0,1,0,23.74995930989583,1,0,0,0,0,64.06958585096046,48.10009765625,2031.8982741484472,2134.6149963378903,2237.331718527333,9.623910856586509,0.6722455843014948,1996.167190603204,2122.1268673671952,2248.086544131186,1989.0,2104.5,2220.0,1.8057853682672003,0.3393058828416369,1970.0183930639541,2134.6149963378903,2302.0683503393448,22979802.0,64.66169434204595,0.08307773976964164,14261394.229344757,-176153.0730624348,5282590.81140775,2174.7333170572915,152564046.43878797,979.9168443233385,3.9268242479589706,12.01000618538311,-8.08318193742414,3.275106178548605,0.6889823372059771,51.358361094721495,2637.681254335803,2148.89990234375,2148.89990234375,-1.666791894281156,2.6486977396799336,0.6215425450642438,2637.681254335803,2185.7813912527904,8.40999755859375,3.325716984175928,82.45060058593751,0.007942820582431231,0.021416803953871577,0.0840243516181054,0.30263783458033067,0.1929750152673293,,0.007911442427551032,-0.0903133324064499,-0.3166057625575093,-0.29870186436711244,0.07041519148236808
2026-07-16 00:00:00+05:30,2200.0,2205.0,2162.10009765625,2186.5,296453,0.0,0.0,2143.279998779297,2022.888649902344,1903.0756042480473,,2128.2576419036527,2037.6801445170552,1930.6427182507164,,2156.611890229725,2077.157255667892,2191.3282379665047,2164.074133346879,2188.5241881104066,2197.9978242168836,2163.0961684718272,2202.8517306019467,2095.6576718870087,2175.7206536133035,2192.625068309834,2147.8782634935033,2043.877162267438,2078.944764756214,2164.589638236628,2178.25,2157.6500244140625,2156.4000244140625,62.009068729487964,44.81519104510653,-4.872707508094145,49.687898553200675,60.779913711503326,60.13927503443672,0.6406386770666046,30.844674392992573,30.56171520531003,-26.33648809718029,0.23838770712303453,8.608188606762472,5.199951171875,-2678.901636351847,101.62338899298584,44.323836840624,1.1272504975718065,0.6818793422296259,0.3574997229195187,0.37077233038696167,4.425796665588526,54.63811725872256,11.73821491497256,-10699.13016605977,-10126.962281112375,32.24995930989583,1,0,0,32.24995930989583,1,1,0,0,0,62.55746560044543,42.89990234375,2055.542664832374,2143.279998779297,2231.0173327262196,8.187202231802978,0.7463033652632376,2006.1227148612322,2128.2576419036527,2250.3925689460734,1989.0,2104.5,2220.0,1.7894782916888516,0.33949450059626846,1977.822203057118,2143.279998779297,2310.1221298149308,23276255.0,64.96764688340163,0.10241144980801069,14302164.572724491,-197781.22372592613,5226717.052635213,2184.5333658854165,152789460.01021653,980.677212986933,1.134068048936388,7.373799989088422,-6.239731940152034,0.8087070502337166,0.9852134610529495,43.8686669734614,1924.4599420284633,2153.0,2153.0,-2.0054011562506973,5.621474367200549,0.57723892872802,1924.4599420284633,2183.2756731305803,8.66500244140625,3.3238927604336674,78.4407649739583,0.007603686635944795,0.03224438221251891,0.08608188606762468,0.33525791843195263,0.15670849361320482,,0.007574924318470146,-0.0903133324064499,-0.3166057625575093,-0.29870186436711244,0.07041519148236808
2026-07-17 00:00:00+05:30,2200.5,2218.89990234375,2073.89990234375,2144.300048828125,1440419,0.0,0.0,2150.575,2027.3048681640628,1906.675816650391,,2129.785490182174,2041.8613172351365,1934.873556479972,,2156.7090378534226,2081.918486998315,2188.2317017291302,2167.315884212536,2181.510737297326,2199.006652484328,2162.657089632373,2207.0216952825676,2095.9775186359707,2170.0234624581676,2195.714287061777,2150.89615441292,2053.158211019533,2083.0693686949726,2165.988111461189,2165.4000244140625,2157.6500244140625,2146.949951171875,55.14622217990203,40.78957768807322,-7.118656692101965,47.90823438017519,60.84718754031229,60.253172488022635,0.5940150522896559,24.887598403740682,28.452234723039947,-51.813758092061505,0.3087476169249975,7.3008418050255415,6.60009765625,-4555.813609016428,95.46414903988807,47.89610577293057,0.9297535603888789,1.1272504975718065,0.34976344546002736,0.3687232980612255,2.9235027843700157,69.40399587577986,-75.59600412422014,-12207.916779437028,-10513.617289154901,17.999959309895832,1,0,0,17.999959309895832,1,1,1,0,0,68.44621805755648,145.0,2095.3029806728646,2150.575,2205.847019327135,5.140208486301129,0.44323573438908,1991.6634133342695,2129.785490182174,2267.907567030078,1999.0,2109.5,2220.0,1.8985225599755058,0.3475645214133404,1972.1347337074712,2150.575,2330.384672672315,21835836.0,48.93928719391539,0.09876514758085822,14260445.001674518,-201923.40126544237,-4203615.593032819,2145.699951171875,150009418.32409528,980.677212986933,18.113703588148507,19.482748422640434,-1.369044834491926,3.2266547195699045,-0.2270570624436799,27.636009663567638,763.7490301248039,2153.0,2153.0,-0.49694440013613905,0.1267989802997639,0.4350851753981786,763.7490301248039,2168.977113560268,7.295001220703125,3.3233759608027804,74.09437689887152,-0.019300229211925424,-0.010429578907258596,0.07300841805025549,0.2717996740082742,0.17339392425288946,,-0.019488910306664723,-0.0903133324064499,-0.3166057625575093,-0.29870186436711244,0.07041519148236808
2026-07-20 00:00:00+05:30,2144.5,2174.300048828125,2112.800048828125,2157.60009765625,275028,0.0,0.0,2150.8,2032.3609667968751,1910.7729650878907,,2132.4345004178003,2046.4000929379254,1939.283983037918,,2157.3780947730656,2087.028103841146,2187.711129649661,2171.295657473792,2178.7625397357992,2201.2065697420812,2162.4316984683605,2210.0858892947203,2096.672592315557,2168.640298808878,2200.0274599343547,2150.5804415244424,2056.5550860207686,2087.6946532000907,2164.990307926635,2150.9500732421875,2157.6500244140625,2146.949951171875,56.77012137231722,38.23174117311828,-7.741194565645529,45.97293573876381,59.713125640684495,60.44674229750004,-0.733616656815542,18.143624833692705,24.625299210141986,-42.7103768887047,-0.6949810767695139,0.20900096585841318,-15.099853515625,-5276.296251445712,82.99413312239358,50.231656829636385,0.5789898533192561,0.9297535603888789,0.340779428077731,0.3648026101254192,2.1017474850450317,23.646400761828772,-37.85359923817123,-13511.511289765655,-11520.755539418004,5.149983723958334,1,0,0,5.149983723958334,1,1,1,0,0,67.95005962487387,61.5,2095.448120934711,2150.8,2206.1518790652894,5.147096807261415,0.561426077769003,1995.7526213649346,2132.4345004178003,2269.1163794706663,2069.10009765625,2144.550048828125,2220.0,1.9583813114374031,0.22552632560204947,1988.510721505252,2150.8,2318.435648263065,22110864.0,47.400601324652406,-0.05178444355460948,14386108.638393268,-145277.37118787505,-3080543.9612993365,2148.2333984375,150180004.79734096,981.29746428224,12.321217620519397,10.952209964009057,1.3690076565103388,0.6070356434904924,0.2457043110760112,27.675939532644733,765.9576290146075,2155.25,2155.25,-0.5209845435193694,0.1263668884713562,0.47085501537910013,765.9576290146075,2170.5342843191966,0.225,3.3212688003294493,69.7294867621528,0.006202512953070061,-0.006995559108199045,0.00209000965858408,0.18022246333326675,0.20132819209658548,,0.006183356540726171,-0.0903133324064499,-0.3166057625575093,-0.29870186436711244,0.07041519148236808
2026-07-21 00:00:00+05:30,2162.60009765625,2194.800048828125,2131.300048828125,2182.60009765625,313785,0.0,0.0,2155.6550048828126,2035.888571777344,1915.0892883300783,,2137.2121763452715,2051.741269593546,1944.1021239214492,,2160.4066755022322,2092.919834463082,2191.547023870381,2176.8706876010533,2182.5985924041124,2205.8333056649076,2164.8092854553483,2212.702016467682,2098.0032840405306,2175.503146094937,2206.434231955924,2155.9863778302706,2061.5414461418336,2093.3692410819876,2165.0165408224248,2170.10009765625,2152.3499755859375,2146.39990234375,59.722005673837884,37.7863508417654,-6.549267917598726,44.335618759364124,60.147172319629654,60.23582850020881,-0.08865618057915725,16.005789987017884,19.679004408150423,-25.034348060344826,1.0603392601805242,4.655962486514025,22.900146484375,-5763.066166870409,73.61591709701543,50.419374513608545,0.466153572647003,0.5789898533192561,0.3322157924281699,0.3596030680879745,1.422978676151375,39.58262224897817,-23.91737775102183,-14111.009504147925,-12708.165968102176,6.300008138020834,1,0,0,6.300008138020834,1,1,1,0,0,67.63219822309718,63.5,2107.908018835232,2155.6550048828126,2203.4019909303934,4.429928345623788,0.7821653784239503,2001.4523810117262,2137.2121763452715,2272.9719716788168,2069.10009765625,2144.550048828125,2220.0,1.9589613927812828,0.19430669044400914,1994.3976993809924,2155.6550048828126,2315.9476261388054,22424649.0,45.45229263799146,0.024925512095773907,14579321.617024235,-47420.104665573686,-1519805.5382565742,2169.5667317708335,150543585.84317616,981.29746428224,8.040050845030665,5.336834550816261,2.7032162942144042,0.6775479709836684,1.1286615136958056,23.873493023790296,569.9436691569639,2158.6500244140625,2158.6500244140625,-0.16445595414196829,-0.9126860255412041,0.385826570526465,569.9436691569639,2169.9100167410716,4.8550048828125,3.322909280327685,64.41089355468758,0.011586947936810477,0.013795437159046298,0.046559624865140314,0.18378859012190873,0.20995576724383191,,0.01152033333503356,-0.0903133324064499,-0.3166057625575093,-0.29870186436711244,0.07041519148236808
2026-07-22 00:00:00+05:30,2183.300048828125,2198.0,2132.39990234375,2146.699951171875,193953,0.0,0.0,2157.3150024414067,2039.7462280273437,1919.170905761719,,2138.1157739478053,2055.465139459363,1948.113962084824,,2159.553813244048,2097.2653787530635,2188.093414777578,2179.265357220008,2176.0549802504106,2205.815111593196,2165.1045276143122,2213.8020165039798,2098.733263423264,2175.474270387979,2209.327005258511,2157.624454134793,2064.0663802337317,2096.8139085160997,2162.944542061441,2164.6500244140625,2152.3499755859375,2146.39990234375,54.01782462906787,34.14295526896876,-8.154130792316288,42.29708606128505,60.82073509241452,60.22701101757622,0.5937240748383061,16.005789987017884,16.718401602576158,-49.7930697737069,1.0449494550188279,1.5708517232966643,22.199951171875,-6808.448673351053,63.50090914141174,47.69014090549499,0.3784610855128505,0.466153572647003,0.3217595671584972,0.3534061908636637,0.5362139058166161,43.99935562189194,-21.600742034358063,-14179.25474967702,-13605.368852823534,-1.6833089192708321,1,0,0,-1.6833089192708321,1,1,1,0,0,67.48704818260809,65.60009765625,2113.6006992868083,2157.3150024414067,2201.029305596005,4.052658337343174,0.37858606333045147,2002.790226235312,2138.1157739478053,2273.441321660299,2073.89990234375,2146.949951171875,2220.0,2.0092931003642507,0.2006403272897456,1998.2368691695099,2157.3150024414067,2318.036856962479,22230696.0,45.79770029213276,0.0017684044174785189,14469927.557314077,-37883.868753720075,-2297396.3343747756,2159.0332845052085,150224565.37219933,979.6526303741445,2.344234681250576,-0.2871852903710628,2.631419971621639,0.4297087552441603,-0.48565574667819583,21.85715157729911,477.7350750730289,2158.6500244140625,2158.6500244140625,-0.05245280244027388,-0.8262966324131125,0.21440925294953173,477.7350750730289,2164.0314348493303,1.65999755859375,3.3244175475833755,58.959440104166724,-0.016448339080954777,-0.010737349690380205,0.015708517232966734,0.15881750542795214,0.18482905450245757,,-0.016585114907695334,-0.0903133324064499,-0.3166057625575093,-0.29870186436711244,0.07041519148236808
2026-07-23 00:00:00+05:30,2142.89990234375,2168.0,2096.5,2106.10009765625,252327,0.0,0.0,2155.880004882813,2043.8896630859376,1922.647652587891,,2135.0666619200383,2057.450824094535,1951.242400412971,,2154.6762032645092,2099.8674912875304,2177.5258070266145,2178.303946004242,2159.831441562,2200.981010074639,2159.638101769649,2212.392022727698,2098.7956160510835,2163.0767487290045,2209.5024235189003,2156.7947375676417,2067.173695739863,2097.4655864429124,2155.232760462057,2126.4000244140625,2146.300048828125,2146.39990234375,48.38899100029612,27.66061480733788,-11.709177003157741,39.36979181049562,49.12653780531609,56.69814840578675,-7.571610600470663,12.390426537771024,14.80066883726893,-77.79296875,-0.5712328295036956,-1.3443859150944615,-12.099853515625,-6852.410672293034,47.391870360164376,46.46307952304852,-0.04841755628879307,0.3784610855128505,0.30759079668285505,0.345876181289949,-0.20463760376559115,20.842290867871725,-50.657709132128275,-13782.376550445359,-13979.06939131015,-14.799967447916664,1,0,0,-14.799967447916664,1,1,1,0,0,67.77368759813609,71.5,2107.4263908142098,2155.880004882813,2204.333618951416,4.495019570556942,-0.013686214985758515,1999.0102139896871,2135.0666619200383,2271.1231098503895,2073.89990234375,2146.949951171875,2220.0,2.11682767731982,0.20927947005265482,1996.7056591633545,2155.880004882813,2321.155671370386,21978369.0,49.068120070588904,-0.04528041366720421,14285358.98644159,-89265.0567261409,-3432688.177755109,2123.5333658854165,149747347.34121904,979.6526303741445,-1.3919592784445156,-3.2187034000529238,1.8267441216084082,0.5511090784358564,-2.0547448599430327,24.226807034301615,586.9381790772861,2158.6500244140625,2158.6500244140625,-0.34636151401869647,-0.4833626212156139,-0.02213735636965834,586.9381790772861,2152.268600027902,-1.43499755859375,3.322867413075066,52.8000054253472,-0.01891268199520002,-0.03677105069460329,-0.013443859150944593,0.14917628866583654,0.18069391371460197,,-0.01909381419865104,-0.0903133324064499,-0.3166057625575093,-0.29870186436711244,0.07041519148236808
2026-07-24 00:00:00+05:30,2106.10009765625,2112.89990234375,2046.0,2085.39990234375,204392,0.0,0.0,2153.6000000000004,2047.4321533203124,1926.044675292969,,2130.3364943413444,2058.5468663788183,1953.8989846096201,,2147.963812546503,2101.495343807445,2164.4722359141906,2175.7137104083376,2140.9323496775933,2193.959759885206,2147.333686111252,2208.2018256431925,2097.8082101953755,2147.3551303604686,2201.980748362522,2155.7827198035616,2070.233328604525,2096.583632521869,2139.9427938586127,2095.75,2135.949951171875,2132.449951171875,45.770211680278315,20.61533972207326,-15.003561670737888,35.618901392811146,31.733885480984988,47.2270527929052,-15.49316731192021,0.0,9.465405508262968,-77.21230503333814,-3.7611335859053034,-2.1398450331417176,-81.5,-5721.863078235123,31.257286646182365,48.02596630691726,-0.5554023653107487,-0.04841755628879307,0.289700364112111,0.3366604923375001,-1.375686468832113,-25.435262961467288,-92.33516530521729,-13413.128204683919,-13907.900051512766,-25.04996744791666,1,0,0,-25.04996744791666,1,1,1,0,0,67.71127436567994,66.89990234375,2096.667376537371,2153.6000000000004,2210.5326234626295,5.28720500210152,-0.09895446150498581,1994.4949648150744,2130.3364943413444,2266.1780238676142,2046.0,2133.0,2220.0,2.4331037220408174,0.21180408598995104,1992.7784859435358,2153.6000000000004,2320.3284737365043,21773977.0,45.36571097691786,-0.04489689758317733,14321715.464622173,-90601.65813684464,-3546726.198120451,2081.4332682291665,149546456.87428346,978.669761832638,-5.480904118758027,-5.8461185922931485,0.36521447353512104,0.44019897600197105,-2.3958178460199404,28.466311731314622,810.3309035843805,2158.6500244140625,2158.6500244140625,-0.7944694966280509,0.36919531395029237,-0.25550974925698816,810.3309035843805,2136.691437639509,-2.2800048828125,3.3162263862675037,46.302229817708366,-0.009828685415064542,-0.027468239119130877,-0.021398450331417185,0.04402090780143575,0.1690892446652199,,-0.00987730578877819,-0.0903133324064499,-0.3166057625575093,-0.29870186436711244,0.07041519148236808
2026-07-27 00:00:00+05:30,2095.89990234375,2110.0,2032.199951171875,2044.800048828125,343746,0.0,0.0,2148.5950073242193,2050.3296997070315,1928.8696411132817,,2122.1901661972283,2058.0077754944773,1955.699005683254,,2137.601912434896,2101.392124023437,2145.704397394651,2170.0618912614136,2114.7964671266327,2182.680180271217,2126.8835149168863,2200.524265678026,2091.3854150819748,2127.2927555939955,2194.220722844629,2151.3034784582705,2073.0670333646453,2092.495646108695,2115.6515344545355,2065.0999755859375,2115.6500244140625,2125.5499267578125,41.07490842684487,11.621869905054155,-19.197625190205592,30.819495095259747,17.24785838209143,32.70276055613083,-15.454902174039404,0.0,4.130142179257008,-93.25115107038758,-5.8910160679090255,-4.666877620081247,-128.0,-4292.596381034649,13.383579629992255,44.30532368007567,-1.0631380730530107,-0.5554023653107487,0.2670991439959636,0.3254507258020493,-3.386245951818733,-14.973005808489688,-92.77305463661469,-13284.76431903824,-13642.504763162302,-28.4832763671875,1,0,0,-28.4832763671875,1,1,0,0,0,68.43190111299745,77.800048828125,2073.681687856163,2148.5950073242193,2223.5083267922755,6.9732377868038045,-0.19276704885807056,1984.4668682776269,2122.1901661972283,2259.91346411683,2032.199951171875,2126.0999755859375,2220.0,2.9517718574371608,0.2195964668297771,1988.8252546756762,2148.5950073242193,2318.7752668827075,21430231.0,44.4357667714686,-0.09027562925607392,14089312.149728036,-156858.44453146122,-5033770.633614963,2062.3333333333335,148877230.92721704,978.669761832638,-5.89229864034124,-5.0060104911010885,-0.8862881492401512,0.7285316446038226,-2.771068195432287,37.456659734028044,1403.001358430758,2158.6500244140625,2158.6500244140625,-1.332986314314313,1.8792560264673597,-0.37329324508267137,1403.001358430758,2115.61572265625,-5.00499267578125,3.3067675901643185,45.12578152126734,-0.01946861773130204,-0.052280331721646256,-0.046668776200812445,0.02145793146957775,0.14946849011557406,,-0.019660627464561115,-0.0903133324064499,-0.3166057625575093,-0.29870186436711244,0.07041519148236808
2026-07-28 00:00:00+05:30,2048.0,2055.0,1989.699951171875,2005.800048828125,173997,0.0,0.0,2140.6800048828127,2052.880786132813,1931.3871386718754,,2111.1053931144565,2055.9604136644243,1956.6911055475086,,2124.002392578125,2099.645863204657,2122.3510933134266,2161.6531772508415,2083.286675977096,2167.664744008389,2099.2672270275298,2189.2068903896443,2079.73162364303,2100.083931028496,2182.60814930783,2147.2105782867225,2074.44977088553,2085.1610414632387,2085.037210459952,2025.300048828125,2096.1500244140625,2104.2999267578125,37.13415636316838,1.332150021007692,-23.589876059401647,24.92202608040934,12.187006936653727,20.389583599910047,-8.20257666325632,0.0,0.0,-92.9755230863131,-6.832637846073802,-7.314821019580662,-147.099853515625,-2554.1733713045496,-16.298325954279335,42.30268115266765,-1.550417036196724,-1.0631380730530107,0.23936047952235473,0.31175208226191425,-5.507337669494104,-52.94829766843759,-118.24834649656259,-13351.170795533759,-13421.555398903905,-51.38326009114583,1,0,0,-51.38326009114583,1,1,0,0,0,68.2081973783637,65.300048828125,2042.7497688305666,2140.6800048828127,2238.6102409350588,9.149451186433357,-0.18865327753692343,1974.0604952199362,2111.1053931144565,2248.150291008977,1989.699951171875,2104.8499755859375,2220.0,3.5793259389250127,0.22310511880986994,1982.1469702541,2140.6800048828127,2313.4469580470695,21256234.0,45.63379799768273,-0.14812301774151326,14001115.045506611,-197766.34989685193,-5284072.400241397,2016.8333333333333,148545370.45978948,976.762484882877,-9.902924763657111,-7.213309291533568,-2.6896154721235432,0.37219748112081286,-2.7546131101476914,48.96511802612308,2397.582783312163,2155.25,2155.25,-1.505173693769727,2.1220180719686583,-0.37329106302051857,2397.582783312163,2090.6471679687497,-7.91500244140625,3.296648651728496,45.28200168185758,-0.01907276949760972,-0.08100432553722459,-0.07314821019580664,0.009295411482782567,0.1524754230783718,,-0.019257001064810382,-0.0903133324064499,-0.3166057625575093,-0.29870186436711244,0.07041519148236808
2026-07-29 00:00:00+05:30,2015.699951171875,2053.0,1970.5,2043.300048828125,256754,0.0,0.0,2132.9900024414064,2055.8656640624995,1934.532204589844,,2104.647741277663,2055.4639287688833,1958.4061341273227,,2114.728111049107,2099.2701480162377,2108.9797850339182,2156.534863197372,2067.380575424306,2157.8701012832803,2073.472783298245,2176.162125437201,2076.2397362803504,2081.0378516597107,2173.556851249802,2140.0052201175686,2076.027094088985,2081.918307549521,2060.083607548155,2024.550048828125,2096.1500244140625,2094.699951171875,42.81527535923519,-3.7533245322597395,-22.94028049013526,19.186955957875522,14.360308486793244,14.598391268512799,-0.23808278171955521,7.61291659699003,2.537638865663343,-70.69240038291959,-5.838707427275345,-7.000138454874712,-126.699951171875,-1683.6240394392255,-48.06636535502503,46.08048353316617,-2.0153499408461863,-1.550417036196724,0.21069393776078638,0.29544032835538847,-6.501639780605067,-45.712833548393064,-128.21283354839306,-13218.269082161734,-13317.21125266494,-80.449951171875,0,1,0,-80.449951171875,1,0,0,0,0,69.2290404227663,82.5,2029.706051372823,2132.9900024414064,2236.27395350999,9.684428989387234,0.06580885662611455,1964.9404527064303,2104.647741277663,2244.355029848896,1970.5,2094.699951171875,2218.89990234375,3.867068347661369,0.2272064833798648,1971.788155565051,2132.9900024414064,2306.5381555650515,21512988.0,49.533847449128096,-0.15079147120707784,14197493.25730822,-134038.66652792133,-3153737.0573497694,2022.2666829427083,149025392.13521147,976.762484882877,-11.281536448876583,-6.873536781402432,-4.407999667474151,0.6845214449829292,-1.7367645734955426,51.64197553429174,2666.8936370843867,2149.7999267578125,2149.7999267578125,-1.2511731507591952,0.7428889898624309,-0.2925380614048454,2666.8936370843867,2078.204328264509,-7.69000244140625,3.2893618329305876,43.52977945963539,0.018695781776408404,-0.04816690953353975,-0.07000138454874716,0.08466113010673904,0.1786008229293634,,0.018523163814506954,-0.0903133324064499,-0.3166057625575093,-0.29870186436711244,0.07041519148236808
2026-07-30 00:00:00+05:30,2035.0,2052.699951171875,2014.0999755859373,2028.699951171875,121471,0.0,0.0,2125.359997558594,2057.9340844726557,1936.910788574219,,2097.414618410445,2054.4143610199812,1959.798090900482,,2104.795725213914,2098.2048259420953,2094.7898325481456,2150.5133211631137,2050.858178008375,2147.019202069526,2049.985928040872,2161.6399148508935,2069.674264180224,2065.0437565983693,2163.8644218809377,2136.7927836158833,2078.1738129888327,2077.7021494913124,2042.5607173459016,2036.0,2096.1500244140625,2094.699951171875,41.252215562305295,-8.85957791799865,-22.43722710069934,13.577649182700688,19.920672591935453,15.489329338460806,4.4313432534746475,13.131273323226825,6.914729973405618,-76.57005875496094,-7.217015725045735,-6.995832496232346,-157.800048828125,-1232.9543533246672,-70.48120260799624,41.60659464851045,-2.115702696379392,-2.0153499408461863,0.1812053156657445,0.2767116472671348,-8.079150460162005,-36.01104203701561,-74.61101762295334,-12863.649912329834,-13214.548997793176,-96.81660970052081,0,1,0,-96.81660970052081,1,0,0,0,0,67.04125007727855,38.59997558593773,2014.811895309861,2125.359997558594,2235.908099807327,10.402764931655792,0.06281453765151883,1963.6604095915322,2097.414618410445,2231.168827229358,1970.5,2094.699951171875,2218.89990234375,4.305768392229209,0.22719684332402137,1965.0420161695076,2125.359997558594,2298.017022273023,21391517.0,49.30313599330155,-0.15077234246738663,14167912.14104408,-105195.09064031951,-2956558.6866429946,2031.8332926432292,148938596.83251378,976.047949704129,-15.71403453949739,-9.04482789761859,-6.6692066418788,0.3396961636210692,-1.7487418493939257,55.274051124366416,3055.220727699072,2145.5,2145.5,-0.9890133470995176,-0.2351487161780552,-0.19636372726623946,3055.220727699072,2063.6671805245537,-7.6300048828125,3.280755987839904,42.87533501519101,-0.007145351787478993,-0.03675045956766676,-0.06995832496232346,0.06727746635054221,0.17924262882443287,,-0.007171002073474566,-0.0903133324064499,-0.3166057625575093,-0.29870186436711244,0.07041519148236808
2026-07-31 00:00:00+05:30,2038.0,2095.10009765625,2033.0999755859373,2055.5,260962,0.0,0.0,2121.25,2060.7512988281246,1939.668740234375,,2093.4227499904027,2054.456935097629,1961.6931782093834,,2098.1423921130954,2098.10937164905,2087.43625325876,2146.8282130744565,2044.6470178886102,2139.889619707109,2033.6708655789193,2147.241614081217,2068.81377167154,2054.41100857412,2156.1089581858523,2133.6156601690705,2082.5442023978494,2076.046645551274,2037.2622119844425,2042.0999755859375,2096.1500244140625,2094.699951171875,45.20652119839362,-10.621344306086485,-19.359194791029736,8.737850484943253,28.985518641775585,21.088833240168093,7.896685401607492,23.948550742268978,14.89758022082861,-65.78098493679272,-4.14121376701245,-3.8452520489048734,-88.800048828125,-987.7474596774391,-75.72030496036268,43.162411835337466,-1.821280631171211,-2.115702696379392,0.1533531754993156,0.25588650809175534,-9.111107677591596,11.133532048629604,-50.86659002168312,-12667.851226413411,-13030.476668488385,-106.96663411458333,0,1,0,-106.96663411458333,1,0,0,0,0,66.99545696349973,66.400146484375,2006.5976678398579,2121.25,2235.902332160142,10.809883998599139,0.2132635736176616,1959.7593903000766,2093.4227499904027,2227.086109680729,1970.5,2094.699951171875,2218.89990234375,4.584348616122106,0.22575331575276802,1961.452230743166,2121.25,2291.702291778322,21652479.0,49.10705123780124,-0.105896165060251,14095516.065624464,-106867.37080705911,-1535079.682510402,2061.233357747396,149283339.50075534,976.047949704129,-15.714429224555591,-7.2361780661414326,-8.478251158414158,1.0889683130843364,-1.1469457055293535,57.32616608007106,3286.28931743989,2145.5,2145.5,-0.7535628299766067,-0.8336078020529247,-0.16920061702737355,3286.28931743989,2051.927176339286,-4.10999755859375,3.2791201374529098,40.464447157118045,0.013210454711473751,-0.01433773076815914,-0.03845252048904868,0.06863093833221745,0.20323616330532768,,0.013123957599326663,-0.0903133324064499,-0.3166057625575093,-0.29870186436711244,0.07041519148236808
2026-08-03 00:00:00+05:30,2066.39990234375,2088.0,2025.0,2047.800048828125,317656,0.0,0.0,2115.0050048828125,2063.4423559570305,1942.1816467285157,,2089.0777308320903,2054.195880734119,1963.398264756289,,2091.147158668155,2097.6014794921875,2079.730168836417,2142.6939387155417,2037.975134929301,2132.3061180336817,2022.7828592354906,2133.2241446671815,2067.0002999125754,2040.9432934718227,2147.300763747192,2128.5353761482606,2083.563780984877,2073.915386078468,2038.9696224137251,2051.6500244140625,2096.1500244140625,2094.699951171875,44.28423656558469,-12.49484576566556,-16.98615700048705,4.491311234821491,29.589383613479242,26.16519161573009,3.4241919977491513,25.917014905032506,20.998946323509436,-68.88080546780861,-5.088989796922895,-5.748603357605064,-109.800048828125,-797.1026450823547,-78.89030007755036,45.42581464680173,-1.5557944950844629,-1.821280631171211,0.12692549203834336,0.23307647471510792,-9.602272151721866,9.200079646593167,-53.79992035340683,-12792.744074510807,-12845.669239026505,-123.56660970052081,0,1,0,-123.56660970052081,1,0,0,0,0,66.71006718039261,63.0,1998.560036536436,2115.0050048828125,2231.4499732291893,11.011318467572949,0.21143039923038978,1956.1442149217953,2089.0777308320903,2222.011246742385,1970.5,2094.699951171875,2218.89990234375,4.858130054630807,0.21528691841625974,1955.609748622519,2115.0050048828125,2287.4848096576757,21334823.0,48.3634833367571,-0.1328664673922342,14007782.996118017,-125751.33746304363,-1665201.9692165055,2053.6000162760415,149164344.81870946,976.047949704129,-14.080059161635734,-4.4814464025772605,-9.598612759058474,1.3023796628431725,-1.1542784030784394,58.22248417318829,3389.857663297161,2134.4000244140625,2134.4000244140625,-0.5180779445002701,-1.2270057121125952,-0.024054219815506452,3389.857663297161,2043.4314662388392,-6.2449951171875,3.2764771283547476,43.06533203125,-0.003746023435599599,0.0014671361152007734,-0.057486033576050644,0.0750762524831643,0.20786865293192713,,-0.003753057353030572,-0.0903133324064499,-0.3166057625575093,-0.29870186436711244,0.07041519148236808
2026-08-04 00:00:00+05:30,2052.0,2080.0,2007.0,2052.300048828125,178183,0.0,0.0,2109.635009765625,2065.519406738281,1945.0666967773439,,2085.5750944507604,2054.1215343848644,1965.1586961240482,,2085.175258091518,2097.164526271446,2073.9487244906145,2139.0776494824377,2034.108581844892,2125.6941511545992,2016.4050055697878,2120.0443706458695,2065.122699731757,2033.0344223301609,2137.896812227694,2125.6180736525093,2084.4306693354947,2072.305353393375,2043.654624600158,2050.050048828125,2096.1500244140625,2094.699951171875,44.99057078896957,-13.461323025841011,-14.362107408530001,0.9007843826889905,32.756333014233675,30.4437450898295,2.312587924404177,30.92655379520896,26.93070648083681,-67.06921055269763,-5.96994607340326,-4.9729084952506355,-130.300048828125,-659.2697281257638,-75.43676650103407,46.240615041830935,-1.3777246668002514,-1.5557944950844629,0.10244008998208098,0.20870764391772834,-10.07907983015739,4.985775578776156,-68.01422442122384,-12457.99302140173,-12707.138922596665,-126.66662597656249,0,1,0,-126.66662597656249,1,0,0,0,0,67.15934809607886,73.0,1991.9692637850708,2109.635009765625,2227.300755746179,11.155080896541111,0.25636511518409383,1951.397151484303,2085.5750944507604,2219.753037417218,1970.5,2094.699951171875,2218.89990234375,5.116984815969168,0.21571680896978862,1947.6358293944988,2109.635009765625,2283.5859026366866,21513006.0,32.98798270855654,-0.12338422870377226,14050742.42352464,-108375.74805992655,-1312769.7593284333,2046.433349609375,149203500.17962757,976.2676977211571,-16.36583545490004,-5.413778156673253,-10.952057298226787,0.7735513954991684,-0.974539539263625,58.83287299027709,3461.306944290075,2121.3499755859375,2121.3499755859375,-0.29342142987134584,-1.4533680464140601,0.13061296830849523,3461.306944290075,2036.2557547433034,-5.3699951171875,3.2734590874982543,44.405551757812525,0.0021974801702808744,0.02318276940274644,-0.049729084952506386,0.02296866927456387,0.2215564015516236,,0.0021950692420634214,-0.0903133324064499,-0.3166057625575093,-0.29870186436711244,0.07041519148236808
2026-08-05 00:00:00+05:30,2041.0,2158.39990234375,2041.0,2136.60009765625,336432,0.0,0.0,2110.2400146484374,2069.6125854492184,1948.935947265625,,2090.434618565569,2057.3559878464876,1968.5535753623096,,2087.743361700149,2099.9520043466605,2084.312234229312,2142.088102736696,2053.2461874000337,2129.01423159503,2023.5246393694194,2110.3197389773213,2065.623969374288,2045.8025818850265,2136.093021414231,2126.1990103149897,2088.185618794637,2076.3695008574464,2058.2584963972513,2094.4500732421875,2094.2000732421875,2094.699951171875,56.19430370413387,-7.340338943953157,-6.5928986613137175,-0.7474402826394391,43.63933483120152,35.328350486304814,8.31098434489671,48.23671055374227,35.02675975132791,-33.131979485889175,-0.4704827756720975,0.5695503721463874,-10.099853515625,-662.0225631011854,-60.04530388327203,54.821826997349824,-0.7186120300640695,-1.3777246668002514,0.08469801605872629,0.18394177940393627,-9.296863054450778,74.58769603180781,-42.81220631194219,-11155.62268900878,-12387.491351207877,-103.31665039062499,0,1,0,-103.31665039062499,1,0,0,0,0,70.74795911376965,117.39990234375,1992.1288632932499,2110.2400146484374,2228.3511660036247,11.194096456830247,0.6115901534502101,1946.6736411494885,2090.434618565569,2234.1955959816496,1970.5,2094.699951171875,2218.89990234375,5.146278748155597,0.2571932650862044,1941.740231832017,2110.2400146484374,2284.1903050742044,21849438.0,33.416844498104744,-0.062384295967342435,14262231.357232295,-24123.278209857643,2926373.6387675926,2112.0,150585424.52560896,976.2676977211571,-13.761316774565366,-2.2474075810708634,-11.513909193494502,1.3754824360567803,0.44636061380083825,59.05557567759373,3487.5610186119998,2127.4000244140625,2127.4000244140625,-0.3196301239910947,-1.4664883864182592,0.1400882027483473,3487.5610186119998,2042.7500558035717,0.6050048828125,3.281437301337353,44.23688747829862,0.04107588891607783,0.04566145284518264,0.005695503721463879,0.09355172260830069,0.27150703526630227,,0.04025468699119944,-0.0903133324064499,-0.3166057625575093,-0.29870186436711244,0.07041519148236808
2026-08-06 00:00:00+05:30,2100.0,2140.0,2090.300048828125,2109.699951171875,121223,0.0,0.0,2109.8150146484377,2073.042473144531,1952.309482421875,,2092.269412147122,2059.4086922906204,1971.3485531011129,,2087.6919270833337,2101.5240579044116,2088.3901633690557,2142.790185376556,2062.3122912666436,2128.931358820654,2036.9803226672411,2102.868833614087,2065.850429914662,2054.2023359912146,2133.959959836099,2126.1263115589577,2091.102862372051,2078.603324784427,2075.428641785233,2123.1500244140625,2094.2000732421875,2084.25,52.518522835511234,-4.60692618972962,-3.087588725672145,-1.5193374640574753,53.66186722843809,43.3525116912911,10.309355537146992,61.358341873254346,46.84053540740186,-38.8132082760989,0.17092509133972583,-0.40128411839956146,3.599853515625,-680.8575842261553,-46.79970487706805,56.00350458805169,-0.03867919923145324,-0.7186120300640695,0.07071402902751878,0.15960996439453712,-8.283235332241084,52.48954442235299,2.789593250477992,-9451.61985947508,-11578.599225801152,-93.88334147135416,0,1,0,-93.88334147135416,1,0,0,0,0,69.2445299750629,49.699951171875,1991.7633061450254,2109.8150146484377,2227.8667231518502,11.190716502042111,0.4995126564535935,1952.7332990236441,2092.269412147122,2231.8055252705994,1970.5,2094.699951171875,2218.89990234375,5.183485882483331,0.2610961801711885,1941.2945813298293,2109.8150146484377,2283.644617950923,21728215.0,50.61039634438391,-0.05940631040434435,14235644.84303823,4077.3211406823248,2042475.0536185952,2113.3333333333335,150432802.77571517,975.0086812812589,-17.548776815112973,-4.8278940972947755,-12.720882717818197,0.523683091874257,-0.0019493741856240214,59.02585425170617,3484.051470143659,2123.1500244140625,2123.1500244140625,-0.29625544427653866,-1.4733013982856873,0.1609283707912591,3484.051470143659,2043.445751953125,-0.425,3.2904557640423326,44.609999457465285,-0.012590164398982862,0.03992704783830181,-0.004012841183995586,0.11099502887017199,0.23195167615496382,,-0.012670092095970137,-0.0903133324064499,-0.3166057625575093,-0.29870186436711244,0.07041519148236808
2026-08-07 00:00:00+05:30,2112.0,2124.89990234375,2089.10009765625,2109.699951171875,168834,0.0,0.0,2106.9550170898438,2075.7424999999994,1955.709865722656,,2093.9294634828125,2061.3808985212577,1974.0881847460785,,2087.680968656994,2102.9616060623466,2091.921618177806,2143.387393943063,2070.020527513154,2128.750974594405,2054.160058741714,2097.251001633338,2066.4447704625127,2065.6687662316344,2130.537998712012,2124.9025453066442,2093.8750552257166,2080.696419779858,2092.477742105435,2109.699951171875,2094.2000732421875,2084.25,52.518522835511234,-2.4128629071929026,-0.7148203545083418,-1.6980425526845608,63.080534653971,53.460578904536874,9.619955749434126,73.53345833610673,61.04283692103445,-38.8132082760989,1.1652464738688506,-2.6397135885237115,24.300048828125,-787.8200940495103,-38.82559383616717,52.438842131418774,0.511114171817495,-0.03867919923145324,0.059764407471751824,0.13657277144740249,-7.017370211344386,34.21951882407029,-1.5802858634297081,-8062.415927628418,-10289.14900766631,-79.35001627604167,0,1,0,-79.35001627604167,1,0,0,0,0,66.85562102595127,35.7998046875,1991.9953307477056,2106.9550170898438,2221.9147034319817,10.912400635958713,0.5119386811558533,1960.8634935734756,2093.9294634828125,2226.995433392149,1970.5,2094.699951171875,2218.89990234375,5.237796626957181,0.24668676914570192,1941.4443510807437,2106.9550170898438,2279.4693144596495,21728215.0,43.63360709127317,-0.07095143780824602,14261111.10242883,23346.16512285173,1750692.903101653,2107.8999837239585,150432802.77571517,975.0086812812589,-19.255822601899922,-5.227951907265378,-14.027870694634544,0.7407410657327955,0.04775472462341091,57.47984317106908,3303.9323709706964,2109.699951171875,2109.699951171875,-0.21209208680075342,-1.3847236614240748,0.22694369032319042,3303.9323709706964,2049.1328717912947,-2.85999755859375,3.3003893736499244,45.01200195312497,0.0,0.026368256468924933,-0.026397135885237066,0.10555319297017407,0.2092027424803966,,0.0,-0.0903133324064499,-0.3166057625575093,-0.29870186436711244,0.07041519148236808
2026-08-10 00:00:00+05:30,2109.699951171875,2114.800048828125,2071.0,2100.699951171875,109557,0.0,0.0,2103.3500122070313,2079.4378588867185,1958.9446765136715,,2094.5742718341517,2062.9228221546155,1976.5953484376782,,2087.085248093378,2103.9403296377145,2093.341047923691,2143.19483261938,2074.2266233459754,2127.4659245609632,2071.186000617221,2092.847511309587,2067.8012447269803,2078.0431554967763,2127.0541537104377,2122.608461479403,2098.9684646807145,2082.0715930259717,2103.010683970432,2105.199951171875,2076.25,2084.25,51.21852795371172,-1.384319162673819,0.2509787120085938,-1.6352978746824127,59.86811040521978,58.870170762542955,0.9979396426768261,70.03747346580246,68.30975789172118,-42.76925223214286,2.733758852157023,-3.3183033889904583,55.89990234375,-935.7627787283263,-30.557354377297088,53.59119438658003,0.8229152171143871,0.511114171817495,0.05074962174278497,0.11561600947189474,-5.991747904023877,22.68829850098882,-21.11175032713618,-7287.846472627076,-8911.923455973809,-61.16670735677083,0,1,0,-61.16670735677083,1,0,0,0,0,65.20879444039225,43.800048828125,1992.6409563426064,2103.3500122070313,2214.0590680714563,10.5269265906209,0.48803141705769026,1965.8383849965373,2094.5742718341517,2223.3101586717657,1970.5,2094.699951171875,2218.89990234375,5.268796759728004,0.24641042323810114,1939.818832023441,2103.3500122070313,2273.0438076093783,21618658.0,35.96837702020488,-0.06722864943869898,14300130.993897852,41521.91538998857,1359734.9169442742,2095.5,150386065.6556118,974.5820803328633,-22.492060503188778,-6.771351846843386,-15.720708656345392,0.535712975943599,-0.04787433176923888,55.35452793221248,3064.1237625980916,2107.9000244140625,2107.9000244140625,-0.11857395033529104,-1.252019874304794,0.2775269375005044,3064.1237625980916,2054.5557198660713,-3.6050048828125,3.3115549938764692,45.25778483072918,-0.004266009483955613,0.025832552535596687,-0.03318303388990462,0.10567651966211877,0.19532418005128327,,-0.004275134864300844,-0.0903133324064499,-0.3166057625575093,-0.29870186436711244,0.07041519148236808
2026-08-11 00:00:00+05:30,2120.0,2120.199951171875,2075.60009765625,2114.699951171875,144121,0.0,0.0,2101.440014648437,2083.258098144531,1962.7212084960936,,2096.491003199649,2064.9532978023512,1979.330093046276,,2088.1661946614586,2105.3231567861517,2097.1094147065874,2144.0282354398514,2081.490700704396,2127.766018510472,2086.979286232159,2089.762953743058,2073.7305919656974,2088.3342695938095,2126.1853595391954,2121.453378188066,2100.263121836761,2084.261646905276,2107.76682012636,2107.699951171875,2071.2000732421875,2069.25,53.160794670024444,0.5541047871652154,1.7515221294781027,-1.1974173423128873,63.81005766550169,62.252900908230814,1.5571567572708744,75.3626432960761,72.9778583659951,-26.987366495253163,5.4292501591758375,-1.7743486880318358,108.89990234375,-1118.7176139626608,-19.456761259190444,58.20317340275814,1.008193824486585,0.8229152171143871,0.04411925697329622,0.09710771160661806,-4.21105681018246,24.861315009775808,-19.738538505849192,-6872.822581087339,-7837.494540178901,-33.166707356770836,0,1,0,-33.166707356770836,1,0,0,0,0,63.73672723148031,44.599853515625,1993.0362672109484,2101.440014648437,2209.8437620859263,10.317091773435607,0.5611599545074952,1971.520466819784,2096.491003199649,2221.4615395795145,1970.5,2094.699951171875,2218.89990234375,5.253436545929428,0.2464205812301021,1937.9003293294486,2101.440014648437,2267.4502560872606,21762779.0,41.530991889577,-0.030411602565555123,14408706.339035003,79729.43073472753,1453729.0716665208,2103.5,150482114.3082942,974.5820803328633,-23.97269681015197,-6.60159052304526,-17.37110628710671,0.7151721944250502,0.24463981802998325,54.201873718744444,2937.8431146227194,2107.9000244140625,2107.9000244140625,-0.0529281447455991,-1.1209262245991023,0.262321316742913,2937.8431146227194,2061.6185546875,-1.90999755859375,3.3252756969080615,44.212006293402766,0.006664445339845004,0.030404863255439007,-0.01774348688031835,0.12589099507369705,0.19102566914325747,,0.006642336100185989,-0.0903133324064499,-0.3166057625575093,-0.29870186436711244,0.07041519148236808
2026-08-12 00:00:00+05:30,2114.699951171875,2119.800048828125,2060.0,2073.300048828125,108943,0.0,0.0,2096.605017089844,2086.773371582031,1965.6531848144527,,2094.2823408785516,2065.2806213719896,1981.190884249877,,2085.4861979166667,2104.9326450482536,2092.8435425228836,2141.5690684141423,2076.851039978543,2123.2673690276397,2096.3541434363156,2086.531595313531,2073.7217469128627,2091.150067392911,2122.3506453017512,2110.3168343171333,2105.1263394620933,2083.461985465131,2104.273342513548,2094.0,2071.2000732421875,2064.449951171875,47.178667986611316,-1.2360578868174343,-0.030912435603637434,-1.205145451213797,61.65112926505031,61.77643244525726,-0.12530318020694864,70.22597255327804,71.8753631050522,-45.28999347745304,1.4682131494689497,-4.456218948012673,30.0,-1359.7214128237838,-20.606454647288047,57.577029134973436,0.9959368613160597,1.008193824486585,0.03703787584561358,0.08108910718215906,-2.728546429138998,27.609782285164783,-32.19026654296022,-6629.223723953732,-7168.82962650183,-13.0833740234375,0,1,0,-13.0833740234375,1,0,0,0,0,63.45553591695493,59.800048828125,1992.537365778471,2096.605017089844,2200.6726684012165,9.927253866426595,0.3880297192833259,1969.8232748533164,2094.2823408785516,2218.741406903787,1970.5,2094.699951171875,2218.89990234375,5.221087388337568,0.25280840092818535,1932.0734126989628,2096.605017089844,2264.6233394567753,21653836.0,43.70851616729349,0.015454823070543702,14348223.072693313,68866.97220024839,601734.981280567,2084.36669921875,150268834.42626953,972.6243604057025,-26.36689095142562,-7.196627731455127,-19.170263219970494,0.583399647206624,-0.44788112286669834,52.0338256556864,2707.519012366368,2103.4000244140625,2103.4000244140625,0.10782955398203335,-0.9252394563677637,0.28201962582520845,2707.519012366368,2063.2485595703124,-4.83499755859375,3.3304487965785183,43.35377604166667,-0.019577199271607282,-0.029626530906537996,-0.04456218948012669,0.09463494324736588,0.17859971356052018,,-0.01977137104170095,-0.0903133324064499,-0.3166057625575093,-0.29870186436711244,0.07041519148236808
2026-08-13 00:00:00+05:30,2085.300048828125,2090.39990234375,2048.199951171875,2069.60009765625,69526,0.0,0.0,2090.760021972656,2089.806958007812,1968.7559814453123,,2091.931651047856,2065.4500125988234,1982.9415617430723,,2082.9143008277533,2104.259183325674,2088.503066498289,2138.909504269026,2072.2333766875013,2118.607502638356,2100.0542968221553,2082.917905939419,2073.5921326561747,2090.440555766205,2116.4663177592806,2105.602654542004,2107.379324198402,2082.445055786382,2096.4879378109968,2071.4500732421875,2071.2000732421875,2064.449951171875,46.67317763476586,-2.919673660635908,-1.371622567537689,-1.5480510930982192,60.15451299846003,61.87189997633734,-1.717386977877311,62.276837922374355,69.28848459057616,-47.25910103191371,2.0160766731792497,-5.346439622398811,40.900146484375,-1653.9851282471086,-28.057354377297543,56.597097669892044,0.7142353597875919,0.9959368613160597,0.029604002247141104,0.06733919904302857,-1.668186635454425,1.4368027846053337,-40.763148387269666,-6321.149964948909,-6768.848174609688,1.0499674479166679,1,0,0,1.0499674479166679,1,1,0,0,0,61.937279863734936,42.199951171875,1995.1646690821253,2090.760021972656,2186.3553748631866,9.14455527041648,0.3893255598907779,1971.2877434684765,2091.931651047856,2212.5755586272358,1970.5,2094.699951171875,2218.89990234375,5.141498592769369,0.2501385148663129,1926.4492879850304,2090.760021972656,2258.824226949874,21584310.0,45.90328194937318,0.008726560759692421,14349212.158287263,58477.314379647374,479023.8689296602,2069.3999837239585,150256427.01783288,972.4459033042344,-29.860014690285627,-8.551801176252106,-21.308213514033522,0.38297115240022095,-0.44269776043688847,47.79767644526533,2284.617873566272,2093.0499267578125,2093.0499267578125,0.14929192656758503,-0.797674546385892,0.2642844847826942,2284.617873566272,2067.222858537946,-5.8449951171875,3.334856250678258,42.885323350694456,-0.0017845710146807692,-0.019007372822543167,-0.05346439622398813,0.0749611729986619,0.16988353926852007,,-0.0017861652585105421,-0.0903133324064499,-0.3166057625575093,-0.29870186436711244,0.07041519148236808
2026-08-14 00:00:00+05:30,2060.0,2075.0,2051.0,2057.699951171875,67688,0.0,0.0,2086.4300170898437,2091.8746704101554,1971.3470043945308,,2088.6714891549054,2065.1460886212963,1984.4219258901774,,2079.76572265625,2103.0000850183824,2082.619766183104,2135.432810522102,2065.526254924655,2112.878618392626,2097.983386568672,2078.4851385888637,2073.511954902053,2088.2652507899593,2109.648025043843,2090.9250994053527,2109.522978974122,2080.590980880987,2085.355488152364,2063.6500244140625,2071.2000732421875,2064.449951171875,45.00304822100418,-5.1547726484427585,-2.885377244275631,-2.2693954041671276,51.28618909149496,57.697277118335094,-6.411088026840133,48.010165332201474,60.170991935951285,-53.59233821614837,0.10702754424106056,-4.038618462167996,2.199951171875,-1834.5783649282916,-34.977941894530886,51.24832817927585,0.34942191578032156,0.7142353597875919,0.02145019785879665,0.05561972191196782,-0.5734678306724555,-9.496935503820623,-33.49693550382062,-6019.222189314115,-6465.465358034456,15.5999755859375,0,1,0,15.5999755859375,1,0,0,0,0,59.22747415918244,24.0,1993.2305201884192,2086.4300170898437,2179.629513991268,8.933872321432501,0.34586791306204173,1974.9460489640383,2088.6714891549054,2202.3969293457726,1970.5,2084.25,2198.0,4.940558529380084,0.24258586841805016,1936.9284795232627,2086.4300170898437,2239.053418488106,21516622.0,51.091648296880635,0.014649795986600043,14319316.349530753,39398.57754145563,295520.8711919409,2061.2333170572915,150217506.5946967,971.8709059171618,-32.90145635787638,-9.274594275074282,-23.626862082802095,0.41727002773457417,-0.6165283477518327,46.59974845071226,2171.5365556696597,2079.3499755859375,2079.3499755859375,0.36219783396235233,-0.5172066193404142,0.25000116387676075,2171.5365556696597,2066.4371337890625,-4.3300048828125,3.3349165602618163,43.87666015625,-0.005749973870725844,-0.024648054796188257,-0.04038618462167998,0.07471938462421246,0.15323902366672026,,-0.005766568613951013,-0.0903133324064499,-0.3166057625575093,-0.29870186436711244,0.07041519148236808
2026-08-17 00:00:00+05:30,2042.5,2079.800048828125,2035.0,2066.10009765625,136718,0.0,0.0,2081.8550170898434,2093.8717407226554,1974.041916503906,,2086.5218328217,2065.1835007403142,1986.0393154300996,,2077.829539853051,2101.9893174594054,2079.1015372600273,2132.7498255828905,2062.3977471115472,2108.466396755486,2093.011736061789,2073.8684546166724,2073.407864924628,2087.4685741894277,2104.5363492761926,2085.324580057699,2113.5672670258123,2079.5265726255334,2075.315128934921,2061.9000244140625,2082.6500244140625,2064.449951171875,46.45946181126899,-6.177077575766361,-3.126145737279387,-3.0509318384869744,50.00892194338983,53.81654134444827,-3.8076194010584388,42.06033122805001,50.782444827541944,-49.12179492176841,0.8936443203328076,-4.240822944872606,18.300048828125,-2111.2094752608873,-39.56470803653474,55.26734795448434,-0.17391460552630883,0.34942191578032156,0.013476513375465515,0.04573488006678832,0.5424519088401961,-2.068766983185469,-46.86881581131047,-5711.650534386008,-6170.269761144298,27.999999999999996,1,0,0,27.999999999999996,1,1,0,0,0,58.19694377839263,44.800048828125,1994.5699941820449,2081.8550170898434,2169.140039997642,8.385312348005039,0.4097501558186235,1975.0940443007964,2086.5218328217,2197.9496213426037,1970.5,2084.25,2198.0,4.506470074719105,0.24174915008146225,1934.6690244577564,2081.8550170898434,2232.6189756296317,21653340.0,51.80369180771539,-0.003528520468798159,14372417.033330841,44907.622994819656,417368.064886061,2060.300048828125,150273318.97037357,971.8709059171618,-32.299294380889094,-6.937945838469599,-25.361348542419496,0.948623566757446,-0.36099937672550636,43.64251145389921,1904.6688060037238,2071.4500732421875,2071.4500732421875,0.5321832762790965,0.06646253224431983,0.18969918297710806,1904.6688060037238,2069.7785853794644,-4.575,3.33529025940671,43.45331814236112,0.0040822990152626915,-0.01647063089439471,-0.04240822944872602,0.07989187486174765,0.1820570561132886,,0.004073989040827632,-0.0903133324064499,-0.3166057625575093,-0.29870186436711244,0.07041519148236808
2026-08-18 00:00:00+05:30,2052.0,2079.800048828125,2038.0,2060.5,176263,0.0,0.0,2075.750012207031,2096.0153417968745,1976.2920336914055,,2084.043563029157,2064.999834044616,1987.5137844314836,,2075.795728701637,2100.6806217447916,2075.087718184867,2129.740035009263,2058.5854586995883,2103.6936020178646,2086.2250270985523,2069.144879055438,2073.3065879172814,2077.652510204125,2098.515315971244,2076.0000752036776,2114.6128636552635,2078.116634841671,2067.9983394060673,2063.300048828125,2082.6500244140625,2082.699951171875,45.59263130812981,-7.3543661201711075,-3.4427474253473065,-3.911618694823801,44.207581888565535,48.50089764115011,-4.293315752584576,35.060767950785916,41.71042150367913,-64.66312119638658,0.3995493337612704,-5.594249619404179,8.199951171875,-2646.6733727722285,-43.6367668600642,54.056887935924884,-0.6874663619638879,-0.17391460552630883,0.00554991671124494,0.036940646805957066,1.049201423406452,0.9839209898586887,-40.81612783826631,-5501.0494249182075,-5880.657472877893,29.73335774739583,1,0,0,29.73335774739583,1,1,0,0,0,57.025736996230656,41.800048828125,2002.1225700714813,2075.750012207031,2149.3774543425807,7.094056770089158,0.39643798721843837,1975.2660307810777,2084.043563029157,2192.8210952772365,1970.5,2084.25,2198.0,4.260355100314108,0.23627867099817765,1932.1232411217586,2075.750012207031,2224.6482045006646,21477077.0,42.69567499154011,-0.0516762257372703,14385910.629850965,47372.229300796986,216731.19659039605,2059.433349609375,150225543.4528997,971.8709059171618,-29.784676737617282,-3.5386625561582292,-26.246014181459053,1.2246396698406523,-0.4142480511262469,36.81372106777482,1355.2500588559276,2067.85009765625,2067.85009765625,0.23484835793108225,-0.4960545497274934,0.04420341745099019,1355.2500588559276,2075.887161690848,-6.1050048828125,3.333488702050709,43.40710394965278,-0.0027104677370678454,-0.02563009052033116,-0.05594249619404179,0.057508600910605834,0.17677779754611156,,-0.0027141477058733095,-0.0903133324064499,-0.3166057625575093,-0.29870186436711244,0.07041519148236808
2026-08-19 00:00:00+05:30,2072.89990234375,2088.0,2050.0,2057.39990234375,137295,0.0,0.0,2071.2850097656246,2097.514248046874,1978.7328918457024,,2081.506071535309,2064.7017975073272,1988.8976679544987,,2074.0480991908485,2099.1662907858454,2071.107338657945,2126.616818231652,2054.8712528080077,2098.8774251266655,2077.8010307596046,2064.459736467792,2070.0981421813804,2070.7427333766486,2091.8401978816855,2071.5872223969996,2115.8154530066668,2076.576360651063,2063.641691046779,2058.949951171875,2092.2000732421875,2082.699951171875,45.091080298661495,-8.440233982295013,-3.6228922299769692,-4.817341752318043,39.83478023996107,44.68376135730548,-4.848981117344408,23.557414760154515,33.55950464633015,-66.71074316196177,-3.70683289771347,-4.1598756630788785,-79.2001953125,-3482.900097124022,-44.380007755054976,49.81202250057994,-0.9418543043310167,-0.6874663619638879,-0.0022780765905894285,0.028830412848389483,1.3786071778413906,12.243332946664395,-25.756667053335605,-5487.183197886727,-5655.300884301545,26.449991861979164,1,0,0,26.449991861979164,1,1,0,0,0,55.66675578221418,38.0,2005.3442726161823,2071.2850097656246,2137.225746915067,6.367133140880864,0.3947152547718223,1975.8502090251416,2081.506071535309,2187.161934045476,1970.5,2069.25,2168.0,3.925776104222919,0.23067294830808568,1930.6987759798326,2071.2850097656246,2216.3237149446763,21339782.0,43.12967349711206,-0.045533325210528254,14302087.713655448,17402.9831545949,124965.6102610761,2065.13330078125,150204886.91770363,971.7204522575526,-29.240139446581907,-2.395300212098281,-26.844839234483626,1.1070677521110044,-0.4211389809127139,32.97036857472116,1087.0452039529603,2063.300048828125,2063.300048828125,0.18840293974546926,-0.3767790202757951,-0.10816519203776705,1087.0452039529603,2079.5742780412943,-4.46500244140625,3.3244321840954254,44.213330078125,-0.0015045365960931756,-0.007669004056292783,-0.041598756630788825,0.06493921383060841,0.18340793021818058,,-0.00150566954779846,-0.0903133324064499,-0.3166057625575093,-0.29870186436711244,0.07041519148236808
2026-08-20 00:00:00+05:30,2068.0,2135.39990234375,2053.300048828125,2128.10009765625,278225,0.0,0.0,2072.385009765625,2100.6300073242182,1982.0875781249993,,2085.9435978325414,2067.1880053563045,1991.654151710969,,2079.4590599423364,2100.365735868566,2080.5501252124227,2129.0636955541827,2070.3889020571296,2102.374333633786,2077.0911400415985,2062.060520230741,2071.086609356235,2077.9577344017894,2092.626862532771,2073.476982876555,2118.4636697049623,2079.912949819607,2069.914840159824,2092.75,2092.2000732421875,2082.699951171875,56.7706973456119,-3.5548985333061864,1.0099545752094858,-4.564853108515672,49.53768056581319,44.52668089811326,5.010999667699927,45.274240861171734,34.63080785737072,-20.013093944212056,0.8721688823168561,1.0445847291153185,18.400146484375,-3690.5752569211686,-37.36411348230695,54.622593614147284,-0.5579251615852346,-0.9418543043310167,-0.005852076440382437,0.0215396924137079,1.865408835626268,52.165602347140975,-29.934251168484025,-5531.69969737696,-5536.635912895473,34.33333333333333,1,0,0,34.33333333333333,1,1,0,0,0,57.554834191743524,82.099853515625,2003.3380802751556,2072.385009765625,2141.4319392560947,6.663523347746891,0.9034581139362262,1974.712131082271,2085.9435978325414,2197.1750645828115,1970.5,2064.449951171875,2158.39990234375,3.5859499675693014,0.2542450567458359,1927.5198321626262,2072.385009765625,2215.7947345063767,21618007.0,43.68628125492201,0.06613108964016053,14530836.665350607,76344.5049837362,2917193.6431981097,2105.6000162760415,151160975.31930277,971.7204522575526,-22.269027305167285,3.6606495434530757,-25.92967684862036,1.9913467938761926,1.6138324557449089,34.52346474523476,1191.8696180154675,2063.300048828125,2063.300048828125,0.25852941431360565,-0.502490095025482,-0.3373424945979011,1191.8696180154675,2093.607160295759,1.1,3.3239952920295486,44.5433349609375,0.03436385664836461,0.028266330324514977,0.010445847291153276,0.0979744019629949,0.21023051615127808,,0.033786606496489804,-0.0903133324064499,-0.3166057625575093,-0.29870186436711244,0.07041519148236808
2026-08-21 00:00:00+05:30,2143.699951171875,2218.0,2143.5,2180.800048828125,411545,0.0,0.0,2077.1550170898436,2105.4620092773434,1985.8648559570308,,2094.9775455464064,2071.6433796101014,1995.3996150202195,,2089.7843017578125,2103.5096590647977,2098.271308726463,2135.3732258479854,2096.9377011194515,2111.5119496099633,2087.639762781977,2063.373371874516,2078.428053166923,2095.3808212667977,2096.9944365510937,2084.1250670147547,2122.3617674075176,2085.875401069984,2089.862887219198,2154.4500732421875,2116.550048828125,2112.5,63.075538594706984,4.5171398581974245,7.265594373370478,-2.748454515173053,65.21528476052104,51.52924852209843,13.686036238422616,68.92482279540165,45.918826138909296,-17.630308612263036,3.370152121241508,4.574669173867141,71.10009765625,-2466.3840852497838,-14.496464987362288,59.031115800678116,-9.363056586336738e-05,-0.5579251615852346,-0.0033249764143650218,0.015531403729580125,3.458325152643961,120.82773588460304,46.327735884603044,-5444.773401520345,-5497.264769494321,31.066650390624996,1,0,0,31.066650390624996,1,1,0,0,0,59.865196202601126,89.89990234375,1992.8312093623063,2077.1550170898436,2161.478824817381,8.119163667011959,1.1145656519281828,1977.2157608973523,2094.9775455464064,2212.7393301954603,1970.5,2094.25,2218.0,3.159870256853223,0.2646279556528969,1931.65446300521,2077.1550170898436,2221.8293897630224,22029552.0,59.05753556614333,0.05350005437079696,14531389.61420888,93692.47446113452,5598794.752031136,2180.7666829427085,152180119.17578375,971.7204522575526,-11.56067268264335,11.49520333278161,-23.05587601542496,2.5096028309371228,2.458262607712733,42.161903863768636,1777.6261374176684,2063.300048828125,2063.300048828125,0.7556910484719664,0.4554769679460238,-0.49113301560280803,1777.6261374176684,2115.04287109375,4.77000732421875,3.3277657762392785,45.006673177083336,0.024763849797251103,0.059824124302546355,0.04574669173867152,0.10437108708799081,0.24924271480771476,,0.024462195604710385,-0.0903133324064499,-0.3166057625575093,-0.29870186436711244,0.07041519148236808
2026-08-24 00:00:00+05:30,2180.0,2193.0,2120.5,2184.10009765625,599705,0.0,0.0,2084.12001953125,2108.8000122070307,1989.2694372558587,,2103.4654076521056,2076.05344698446,1999.136258240735,,2099.969547526042,2106.5935056678923,2114.1249733868367,2141.521207121713,2119.5826735775795,2120.2654276198696,2105.8792289595167,2067.8923774951686,2087.8318031673407,2110.4398139214477,2100.469168359139,2101.723059553478,2127.060701942366,2091.7119476654757,2118.475902673281,2182.4500732421875,2120.75,2126.5,63.43516730291488,11.053160842294801,11.041292285974283,0.011868556320518309,81.27735354788717,65.34343962474045,15.933913923146719,99.99999999999999,71.39968788552446,-18.52453679986339,3.9701122684298746,6.812404416165672,83.400146484375,-1897.5332672631043,5.567647058823695,63.48372754255296,0.4043792807857767,-9.363056586336738e-05,0.0036827534821926022,0.011038458897235278,4.84984264009488,83.4094739501952,10.909473950195206,-5396.839175142558,-5472.828095137315,41.066691080729164,0,1,0,41.066691080729164,1,0,0,0,0,60.76768218812962,72.5,1988.7591230800383,2084.12001953125,2179.4809159824617,9.151190483997157,1.024219474887967,1983.1095072553424,2103.4654076521056,2223.8213080488686,1970.5,2094.25,2218.0,2.7007411907605796,0.2517501239062744,1936.575199732715,2084.12001953125,2225.4251142834964,22629257.0,49.97724070292785,0.2142575246914108,14983858.312552093,236239.18649644405,5081689.184951074,2165.86669921875,152270868.2466825,971.7204522575526,2.004191165925525,20.04805374508039,-18.043862579154865,2.815478099124472,2.09687789955187,47.68044822560585,2273.42514299468,2067.85009765625,2067.85009765625,0.7100825596566286,0.0272090114210515,-0.4929561552402902,2273.42514299468,2131.668603515625,6.96500244140625,3.3323855203327764,45.383341471354164,0.0015132285190007089,0.05711243135502353,0.06812404416165663,0.1399674361425689,0.23934392617749523,,0.0015120847424434998,-0.0903133324064499,-0.3166057625575093,-0.29870186436711244,0.07041519148236808
2026-08-25 00:00:00+05:30,2190.0,2198.300048828125,2150.0,2181.199951171875,395332,0.0,0.0,2092.8900146484375,2112.2340112304682,1992.8399108886713,,2110.8686975111314,2080.1768393055354,2002.741479882936,,2109.2152553013393,2109.432718960631,2127.211281143578,2147.038926961576,2137.2909784617073,2127.956355448444,2127.345050656537,2074.9234508730246,2094.1967083879335,2127.4550557875596,2104.9880225870897,2112.666038694628,2131.143897356478,2097.117777544922,2146.8094565285905,2182.6500244140625,2120.75,2126.5,62.85577909816988,15.816662340001585,12.643835026944853,3.172827313056732,81.24527942945056,75.91263924595293,5.332640183497631,98.95221270694152,89.2923451674477,-20.10931629952186,3.144654160659936,8.744635460858932,66.5,-1673.7345922169739,28.06323601217855,63.85618298513418,0.8231335463539501,0.4043792807857767,0.013516744578656592,0.00842499986757339,5.273014662261822,78.47960490373862,30.17955607561362,-5692.778780647777,-5484.617271891757,46.74999999999999,0,1,0,46.74999999999999,1,0,0,0,0,59.87713694812929,48.300048828125,1995.6141543376698,2092.8900146484375,2190.165874959205,9.29584064426893,0.9539149602034527,1992.7752545182266,2110.8686975111314,2228.962140504036,1970.5,2094.25,2218.0,2.6415875680005905,0.23812367287906908,1946.2384286098531,2092.8900146484375,2230.838343160634,22233925.0,51.181551784401094,0.2497819094876038,15099264.475180924,309797.6034840215,4191944.9142493587,2176.5,152218374.28309578,971.5876677534226,5.378761721871691,18.738099440821244,-13.359337718949554,1.6601938485830912,1.8156598408138087,48.63793015538391,2365.6482498000037,2071.4500732421875,2071.4500732421875,0.7702580054266321,-0.5401280165259847,-0.3767093138452504,2365.6482498000037,2141.865736607143,8.7699951171875,3.335891512985733,46.32667643229167,-0.00132784504129968,0.0585779913476705,0.0874463546085893,0.13386368499431311,0.24352189895317622,,-0.0013287274087111528,-0.0903133324064499,-0.3166057625575093,-0.29870186436711244,0.07041519148236808
2026-08-26 00:00:00+05:30,2185.0,2252.199951171875,2150.199951171875,2221.39990234375,856449,0.0,0.0,2101.7950073242187,2116.626008300781,1997.2220593261713,,2121.395478923762,2085.7149986403674,2007.0713496346352,,2121.4542922247024,2113.713734298407,2145.705856821689,2155.276020259049,2162.03453968305,2139.5348782987735,2152.658130865716,2085.0307499167784,2126.624078687676,2150.8593082869584,2114.07475531039,2134.870234453946,2136.4809412719846,2104.1690083013505,2171.873935144502,2201.2999267578125,2139.39990234375,2143.5999755859375,67.31246480832704,22.57533725544863,15.52200795391352,7.053329301535112,82.39521413688394,81.63928237140722,0.755931765476717,98.95221270694152,99.301475137961,-14.18050448996292,7.143194425685482,8.71628489500448,148.099853515625,-1373.4089089653721,52.263523236443234,64.95988681684014,1.278271226816653,0.8231335463539501,0.027292514139265478,0.00816816785558721,6.427381397377458,117.86815604472213,15.868156044722127,-6400.874826877733,-5670.814023329791,66.0333251953125,0,1,0,66.0333251953125,1,0,0,0,0,62.88591288040577,102.0,1991.8505568714284,2101.7950073242187,2211.739457777009,10.461957523893824,1.0439332978015519,1995.1204590730385,2121.395478923762,2247.670498774485,2007.0,2129.5999755859375,2252.199951171875,2.4861874059901274,0.23791724561628103,1953.340589393471,2101.7950073242187,2242.815503944252,23090374.0,61.33407937815466,0.24839062857613842,15438484.631675065,419659.95081943646,8511553.923813904,2207.9332682291665,153796826.91247088,971.5876677534226,18.477474183099005,25.46944952163885,-6.991975338539843,2.7373554772423203,2.175733191206212,54.97222522639515,3021.9455463415156,2087.0,2087.0,0.7785933018841226,-0.43199876572208606,-0.22809605478296,3021.9455463415156,2160.77286202567,8.90499267578125,3.345523338439874,48.04000651041667,0.01843019992288064,0.07971226197355907,0.08716284895004489,0.17067579274061284,0.2849423355398526,,0.01826242210543417,-0.0903133324064499,-0.3166057625575093,-0.29870186436711244,0.07041519148236808
2026-08-27 00:00:00+05:30,2228.0,2241.199951171875,2201.5,2228.699951171875,322634,0.0,0.0,2111.795007324219,2120.936008300781,2001.9765112304683,1843.5215368652346,2131.6149524712014,2091.3222516808187,2011.4600348135905,1843.5215368652343,2133.540477353051,2118.108790881587,2162.8562466360568,2163.542750863123,2183.900645847366,2150.9740929133977,2178.947890223383,2097.6195068404086,2155.226597734042,2174.558417133141,2124.1894707884144,2143.1763437913155,2139.85168882074,2111.23649997126,2191.4106703241027,2225.0499267578125,2143.0499267578125,2143.5999755859375,68.06186741111145,28.195666656911726,16.913869884301292,11.281796772610436,84.96355186652372,82.86801514428606,2.0955367222376537,98.95221270694152,98.95221270694151,-10.81952361094407,7.687468400093334,9.858530330444891,159.099853515625,-1070.240934022389,75.46352539062491,65.80933264190546,1.7344130230793118,1.278271226816653,0.04383286809837017,0.010655131215539824,7.934920591235786,93.38699089547617,53.687039723601174,-7192.451229531684,-6129.432936620877,83.433349609375,0,1,0,83.433349609375,0,0,0,1,0,61.22977275836786,39.699951171875,1993.7593811950912,2111.795007324219,2229.8306334533468,11.178701125795968,0.9952104194362691,2009.804229525904,2131.6149524712014,2253.425675416499,2007.0,2129.5999755859375,2252.199951171875,2.3204031451436538,0.23416745267070233,1962.5994318042624,2111.795007324219,2252.3493402515282,23413008.0,67.36260689031289,0.26745399008009046,15557948.356601423,464463.91894963384,7632081.0709281005,2223.7999674479165,153902852.1243712,971.9162915559366,15.720018731065947,18.169595255684634,-2.449576524618686,0.954015164463043,1.9808416777450726,59.01781306456393,3483.1022589238128,2105.199951171875,2105.199951171875,0.7512342810912965,-0.6924896690654433,0.014714290986338469,3483.1022589238128,2177.0314174107143,10.0,3.355062682245836,49.44667154947917,0.0032862380251403867,0.047272143648890985,0.09858530330444881,0.1620396309556369,0.24449868151034848,,0.003280850145637563,-0.0903133324064499,-0.3166057625575093,-0.29870186436711244,0.07041519148236808
2026-08-28 00:00:00+05:30,2211.300048828125,2299.89990234375,2211.300048828125,2278.39990234375,394664,0.0,0.0,2122.9400024414067,2126.5360058593747,2007.6276953124993,1848.3358477783206,2145.594471506682,2098.6586301381885,2016.7459727844846,1847.8486847804436,2149.407610212054,2124.2838455499386,2186.5085405927007,2175.0956302233653,2214.3002695696996,2167.0710087469784,2209.393315630495,2113.2192393428227,2200.9674638178385,2204.6671114091514,2139.3977172617856,2157.479132135065,2144.8219268057755,2120.0397065882753,2212.896721696278,2253.5499267578125,2167.89990234375,2167.449951171875,72.65786984571527,36.24240896912579,19.968489757212282,16.27391921191351,88.96123287210888,85.43999962517218,3.5212332469367027,99.99999999999999,99.301475137961,-8.116273282766373,10.725565262621734,10.84407211596935,220.699951171875,-497.9708103686107,87.98940357881474,68.81868620614503,2.180846257424208,1.7344130230793118,0.06454550654397817,0.016329463789819008,10.197265834619412,133.43166462915815,44.83181111353315,-7714.787238430133,-6765.70302198279,104.98331705729166,0,1,0,104.98331705729166,0,0,0,1,0,63.18477852674337,88.599853515625,1986.6100715337225,2122.9400024414067,2259.269933349091,12.843502948825982,1.0701605614676535,2018.5086072198656,2145.594471506682,2272.6803357934987,2007.0,2153.449951171875,2299.89990234375,2.2486201521413007,0.24048872147295147,1968.930356202545,2122.9400024414067,2265.330197511139,23807672.0,72.38353908396391,0.312428614206659,15761070.820959864,505198.6973942537,9343895.42212364,2263.199951171875,154782951.82190937,971.9162915559366,14.93283751077058,13.905931228311413,1.0269062824591677,1.064119951575025,2.280642245870615,68.16496545384209,4646.462515323485,2109.699951171875,2109.699951171875,0.8242557342004977,-0.28223980348774325,0.30603448143327033,4646.462515323485,2202.3428257533483,11.1449951171875,3.3679393129730153,54.318668619791666,0.02229997409285267,0.04475415046329956,0.10844072115969361,0.16583083188780723,0.2802122345439184,,0.022054965438810727,-0.0903133324064499,-0.3166057625575093,-0.29870186436711244,0.07041519148236808
2026-08-31 00:00:00+05:30,2298.39990234375,2324.0,2259.10009765625,2300.39990234375,711123,0.0,0.0,2135.569995117188,2129.482001953125,2013.7126660156243,1852.9315234375003,2160.337845872117,2106.5700525776224,2022.3628822807077,1852.3516819701283,2166.308553059896,2131.1020375689336,2210.6945804234324,2187.6106938267585,2244.3828420616996,2184.3238696050134,2242.371988171333,2131.298047662762,2238.2595879794376,2236.632129816613,2157.2644638734555,2181.3197154844215,2150.5409017169713,2129.3331205005043,2237.463859514624,2289.39990234375,2178.89990234375,2179.5,74.41312168366488,43.8888035559703,22.091907475245428,21.79689608072487,90.96602644993389,88.29693706285549,2.669089387078401,99.99999999999999,99.65073756898049,-8.166123756487886,11.340196196364632,12.33518153592085,234.2998046875,-57.395362138987366,111.44352883731653,66.32814801468851,2.616087010788967,2.180846257424208,0.08873124644686037,0.025571833760442943,12.528586269875362,138.39866733838562,73.49876499463562,-8080.037195571991,-7382.564826395559,136.08329264322916,0,1,0,136.08329264322916,0,0,0,1,0,63.307287370815274,64.89990234375,1982.7450474874272,2135.569995117188,2288.3949427469483,14.312333286118719,1.039276832032311,2032.9935110709498,2160.337845872117,2287.6821806732846,2007.0,2165.5,2324.0,2.23187095879503,0.23859945738679292,1980.440774745242,2135.569995117188,2277.315591639773,24518795.0,75.97532262902824,0.34015916661305806,15955010.539027803,537643.8627437372,10244011.21896312,2294.5,155469605.02900907,971.9162915559366,20.34229075127384,15.452307575051737,4.889983176222103,1.6602474531516482,2.1571073281292423,76.41247381488034,5838.866154509774,2112.199951171875,2112.199951171875,0.8170057262314689,-0.3361001028910998,0.5669176916723653,5838.866154509774,2227.7856689453124,12.62999267578125,3.379991397275329,60.068664279513904,0.009655899290273329,0.05324838582824154,0.12335181535920858,0.16994476855863105,0.2804830874216595,,0.00960957903185327,-0.0903133324064499,-0.3166057625575093,-0.29870186436711244,0.07041519148236808
2026-09-01 00:00:00+05:30,2295.10009765625,2299.89990234375,2210.0,2226.10009765625,1213854,0.0,0.0,2144.259997558594,2132.2940039062496,2018.6936865234368,1856.8225891113286,2166.600917470606,2111.257505325804,2026.3972825851738,1856.070571678448,2174.930467587426,2134.890982498468,2217.8283611299526,2193.6237132840106,2249.0960013289846,2191.739367830657,2265.5727108275833,2148.702779005758,2236.593097100206,2251.695764402531,2167.132529858198,2192.761203420768,2157.8540472337454,2135.119338893612,2252.263631056044,2263.25,2178.89990234375,2179.5,60.32760324667627,43.452361293600916,17.324372170300833,26.127989123300082,83.28073474196138,87.73599802133471,-4.455263279373327,84.035494442778,94.67849814759265,-33.8753987348616,8.036888990839602,8.468549661018905,165.60009765625,15.210834600953149,125.31380902458659,61.57776787920054,2.455741817131485,2.616087010788967,0.11038699223124837,0.038090174740647145,13.556713229514509,108.51303182575884,18.613129482008844,-8815.117747733984,-7932.869640878319,151.74995930989581,0,1,0,151.74995930989581,0,0,0,1,0,65.24247415459632,90.39990234375,1991.6063134112792,2144.259997558594,2296.913681705909,14.238355826357147,0.7680580575398303,2034.1655855374067,2166.600917470606,2299.036249403805,2035.0,2179.5,2324.0,2.258194354506551,0.27523181915798417,1988.949601056089,2144.259997558594,2290.0493935365575,23304941.0,61.04432883532173,0.16644504267822494,15175932.716330033,254151.77200616896,-4103578.2579088435,2245.3333333333335,151549020.82852933,971.9162915559366,31.047698415709565,20.92617219158997,10.121526224119595,2.2813262452108,1.0722322301593215,76.32684207365737,5825.786820937033,2121.4000244140625,2121.4000244140625,0.612036091231288,-0.7323698109196669,0.6595862140798188,5825.786820937033,2236.2714076450893,8.69000244140625,3.384979962118396,61.90533094618052,-0.032298647122963264,0.020585066701588772,0.08468549661018909,0.13964949873440746,0.26210814873186106,,-0.03283175906269805,-0.0903133324064499,-0.3166057625575093,-0.29870186436711244,0.07041519148236808
2026-09-02 00:00:00+05:30,2204.0,2219.60009765625,2165.89990234375,2186.5,588816,0.0,0.0,2146.754992675781,2133.7540039062496,2023.4656457519525,1860.6295086669925,2168.496068187691,2114.2081913914585,2029.5676334250713,1859.3584266866228,2178.953324962798,2137.016707835478,2216.559367861605,2196.179324865365,2241.9863406262903,2193.9892939448737,2274.905369540127,2163.9168639602776,2232.6980877852784,2251.048539444552,2174.0802757001557,2194.9298542373676,2159.7123116794573,2138.456386038923,2250.640209321122,2206.300048828125,2178.89990234375,2179.5,54.415534442960706,39.45625359644737,10.662611578517826,28.793642017929542,70.1268742791234,81.45787849033955,-11.331004211216154,61.37025893416529,81.80191779231443,-47.57785467128027,6.274915125114067,2.33548160923927,129.10009765625,9.258377675208067,123.35323199103914,56.99271093170978,1.6439764047907388,2.455741817131485,0.12720839839155396,0.05287467194419563,13.727439368521784,28.911351497971737,-24.788843814528263,-10019.617614459046,-8587.452456583522,159.89994303385416,0,1,0,159.89994303385416,0,0,0,1,0,64.88231138016087,60.2001953125,1993.0012638721523,2146.754992675781,2300.50872147941,14.324292183150849,0.6292489217447873,2037.206921140987,2168.496068187691,2299.785215234395,2035.0,2179.5,2324.0,2.4795485814543086,0.2501242965158637,2001.3021151559346,2146.754992675781,2286.476980878591,22716125.0,55.99651674027313,0.11075062300597613,15038871.76232105,71462.72479192913,-6848377.235573651,2190.6666666666665,150501575.96627393,970.1373914203164,28.6837162543193,14.849752024159764,13.833964230159536,1.0200634161459803,0.5169956869791491,76.8768644018144,5910.0522802549585,2121.4000244140625,2121.4000244140625,0.5005300541315371,-0.8942046201204936,0.6416252421752199,5910.0522802549585,2243.3499895368304,2.4949951171875,3.3850655270203807,63.585777452256906,-0.01778900135620265,-0.015710769729902263,0.02335481609239265,0.1029256413748838,0.24966061638956671,,-0.017949127472068598,-0.0903133324064499,-0.3166057625575093,-0.29870186436711244,0.07041519148236808
2026-09-03 00:00:00+05:30,2186.5,2262.0,2186.5,2232.89990234375,342240,0.0,0.0,2152.914990234375,2135.7160009765626,2028.4003124999992,1864.7375354003912,2174.629766678744,2118.8627682915485,2033.5940149878174,1863.0752572901765,2187.157602074033,2140.904782284007,2223.6651459708573,2202.0913919842114,2247.550002888705,2201.195421506075,2277.1321360825045,2178.212504379907,2232.710802045316,2254.281988626916,2183.343786640836,2198.154654211051,2161.555335575883,2144.1314228459196,2240.785134452421,2209.699951171875,2178.89990234375,2179.5,59.43215074182168,39.577172783119295,8.6268246121518,30.950348170967494,62.34140715109573,71.91633872406017,-9.574931572964438,44.33987242373502,63.24854193355944,-31.522525140570934,4.924571208042312,5.839690668023247,104.7998046875,125.02710512816338,121.64352811925528,57.55434946200966,1.0926400558120766,1.6439764047907388,0.14246048127564137,0.06907305613197412,14.674723079381083,65.2810886723687,-10.218911327631304,-11172.464937049179,-9486.995476167871,168.51660156249997,0,1,0,168.51660156249997,0,0,0,1,0,65.64071771014939,75.5,1995.5819868459848,2152.914990234375,2310.2479936227655,14.615811966756981,0.754189872394176,2041.46339554125,2174.629766678744,2307.796137816238,2035.0,2179.5,2324.0,2.406056582359034,0.25396621080455045,2003.6018562240768,2152.914990234375,2295.226734153764,23058365.0,58.852014545536086,0.12188327779935533,15117291.433264758,15181.398523470387,-3601480.119330988,2227.13330078125,151227846.37917697,972.2594999199162,22.994189774699922,7.328180435632309,15.666009339067614,0.5863926877736508,1.0167594895767034,78.66650169419523,6188.418488802822,2154.4500732421875,2154.4500732421875,0.28846683656303584,-1.1886478187905642,0.6785210079303224,6188.418488802822,2255.642825753348,6.15999755859375,3.3820168567527076,67.86133138020833,0.021221084995998174,0.0018844847955719057,0.05839690668023256,0.13212298605802575,0.25985521654222565,,0.020999053445833433,-0.0903133324064499,-0.3166057625575093,-0.29870186436711244,0.07041519148236808
2026-09-04 00:00:00+05:30,2221.0,2258.300048828125,2201.60009765625,2225.0,98603,0.0,0.0,2158.6799926757812,2137.5960009765627,2033.171459960937,1868.4535626220706,2179.4269317569588,2123.025012672272,2037.3842325128112,1866.67649851117,2194.0228410993304,2144.406115579044,2228.132567139636,2206.9887878800355,2249.4443360520086,2206.8342755430012,2273.729629709483,2191.043321399586,2232.525151096242,2255.3884565999474,2191.9263813283274,2200.60899655458,2162.376191647745,2149.112661061632,2229.188520353337,2228.949951171875,2178.89990234375,2181.0,58.2566341957476,38.59069648561899,6.112278651721198,32.478417833897794,62.09474519092139,64.85434220704684,-2.759597016125454,41.93766279017856,49.21593138269295,-34.61538461538461,2.026776879229542,5.465234464459237,44.199951171875,158.79214087326955,113.97237046185637,54.49175499976651,0.7084579756339948,1.0926400558120766,0.15549181299496784,0.08594072941117137,14.49629505864975,57.54098197586973,0.8410308039947267,-11743.447548101965,-10490.4550664754,177.44995117187497,0,1,0,177.44995117187497,0,0,0,1,0,65.00209152884408,56.699951171875,1999.574628542448,2158.6799926757812,2317.7853568091145,14.740986591172787,0.7084153720569765,2048.143081456964,2179.4269317569588,2310.7107820569536,2035.0,2179.5,2324.0,2.4039128294889167,0.2548016992657567,2007.178512274073,2158.6799926757812,2304.028426824854,22959762.0,60.62861950074287,0.11711970004379238,15100074.766872229,-14700.937758836895,-3198262.1123981015,2228.300048828125,151192961.0683763,971.9057042869163,14.14152854141318,-1.219584638123548,15.361113179536728,0.17851801963276376,0.833661488227906,79.55268206666663,6328.629224000144,2181.0,2181.0,0.08981237594611886,-1.3246853975973563,0.693525724010703,6328.629224000144,2264.708537946429,5.76500244140625,3.3739434036514533,70.67688422309025,-0.0035379563299984262,-0.023437458142803846,0.05465234464459234,0.1473803919267911,0.2573025111008653,,-0.003544229698468101,-0.0903133324064499,-0.3166057625575093,-0.29870186436711244,0.07041519148236808
2026-09-07 00:00:00+05:30,2221.199951171875,2290.800048828125,2209.89990234375,2261.0,500739,0.0,0.0,2166.694995117188,2139.9180029296876,2038.4428124999995,1871.9791906738285,2187.195795399153,2128.435796489046,2041.8122675125574,1870.600115441407,2203.767603701637,2149.245488089767,2238.2917707073707,2214.305470845954,2259.7365358464344,2215.9881758222955,2272.1824670568685,2203.417750014519,2233.7385181907894,2263.522893955012,2202.8194624986622,2206.0608409705706,2165.4436670465593,2155.6362620646705,2228.0041401304525,2243.0,2178.89990234375,2187.0,61.95003952102318,40.24983105041974,6.21713057321756,34.032700477202184,70.2897965047058,64.9086496155743,5.3811468891315,50.43485090286441,45.570795372259326,-22.99270072992701,3.520896428981026,7.630792238496586,76.89990234375,187.01783096512827,103.16471090877758,54.80037425078121,0.5181489085896033,0.7084579756339948,0.16832211061372782,0.10314132563729039,14.486249795816418,81.43513438333457,0.5349878989595709,-11815.151222291966,-11277.765634508882,165.4166259765625,0,1,0,165.4166259765625,0,0,0,1,0,66.13766688281058,80.900146484375,2003.7827819733102,2166.694995117188,2329.6072082610654,15.037853829081865,0.7894350370144619,2053.0056172259438,2187.195795399153,2321.3859735723627,2035.0,2179.5,2324.0,2.2543713426984193,0.2576622034601633,2010.513083554877,2166.694995117188,2316.6380225197204,23460501.0,65.00408748031131,0.12334165174065011,15231913.405164516,16359.57665129751,-166138.3820555159,2253.8999837239585,152003145.51781452,971.9057042869163,13.7372047914905,-1.2991267104369832,15.036331501927483,0.9231141051246816,1.157740148057847,81.45610657193883,6635.097297859056,2182.6500244140625,2182.6500244140625,-0.10844261420706527,-1.3903676808169028,0.7259814090256699,6635.097297859056,2277.9128208705356,8.01500244140625,3.3687094173107086,73.2911013454861,0.016179775280898978,-0.017127414369826566,0.07630792238496586,0.12086062598132208,0.27221246382901776,,0.016050277677629357,-0.0903133324064499,-0.3166057625575093,-0.29870186436711244,0.07041519148236808
2026-09-08 00:00:00+05:30,2285.0,2309.89990234375,2236.60009765625,2298.5,481431,0.0,0.0,2175.8849975585945,2142.6060009765624,2044.5217114257805,1875.3035241699222,2197.796195837329,2135.104980940456,2046.8951929083482,1874.8578257355225,2216.320461309524,2155.4643899356615,2253.6167262745416,2224.0148648935456,2277.293730326595,2228.552567129891,2276.160063360305,2216.231171653006,2238.124070257298,2274.19691335513,2212.9206562180775,2213.368445157525,2169.132324635337,2163.5306390854357,2240.0230642767433,2279.75,2214.25,2188.6500244140625,65.38568756347411,44.08248826158342,8.039830227504993,36.04265803407843,77.6572969302574,70.0139462086282,7.643350721629204,52.417698575182854,48.2634040894086,-9.42002386391615,5.377776061525409,8.691542680855077,117.300048828125,232.41101638146029,103.64677806181135,56.252656228125794,0.5869448178532239,0.5181489085896033,0.18245868604842563,0.12038201140497486,15.058455342917203,87.80140424821548,14.501599560715476,-11694.3381950518,-11664.00011214814,146.566650390625,0,1,0,146.566650390625,0,0,0,1,0,66.64924815457411,73.2998046875,2004.791424835396,2175.8849975585945,2346.978570281793,15.726343342150022,0.8583273190506593,2062.4241670734727,2197.796195837329,2333.168224601185,2035.0,2179.5,2324.0,2.0251432595228356,0.26148263666192134,2015.7638561585673,2175.8849975585945,2329.0637829163798,23941932.0,66.78650147789881,0.14634058540186068,15563595.946525311,133114.27055648714,2436690.3153809863,2281.6666666666665,152801626.8313926,973.5642624470224,12.914307820013317,-1.6976189455313353,14.611926765544652,0.8736527894750309,1.433309276202637,85.54678636159932,7318.252656797115,2185.300048828125,2185.300048828125,-0.2261374088235279,-1.3507965400117614,0.7631303329392681,7318.252656797115,2297.191388811384,9.19000244140625,3.3664420899616214,75.62865180121528,0.016585581601061383,0.03252320163858591,0.0869154268085508,0.14381686986812636,0.32322287590899346,,0.016449542968312744,-0.0903133324064499,-0.3166057625575093,-0.29870186436711244,0.07041519148236808
2026-09-09 00:00:00+05:30,2319.0,2326.39990234375,2278.10009765625,2310.5,220456,0.0,0.0,2187.744995117188,2144.8739990234376,2050.9682055664052,1878.89766784668,2208.5298914718687,2141.9832169820065,2052.11509007848,1879.1925737381541,2229.140937732515,2162.0484683287377,2268.745619822502,2234.0149401141125,2294.1442787436445,2241.3741073563224,2283.665824064444,2229.673659831571,2241.813473956145,2285.4448310192247,2224.621808869452,2217.9506397350738,2170.08481343983,2171.601634083186,2259.830544934439,2304.5,2245.6500244140625,2223.449951171875,66.43025658172743,47.54018279156526,9.19801980598946,38.3421629855758,86.6217079773941,78.18960047078576,8.432107506608332,57.47803334141239,53.44352760648655,-7.722151473974526,4.0109886365909375,11.440695778980261,89.10009765625,241.35611035100828,120.54677806181144,55.74804202546421,0.9006339625797096,0.5869448178532239,0.19750286899620217,0.1374564559491784,14.983154976100918,91.67261826186314,43.372813574363136,-11661.346269430942,-11737.29544203674,139.56660970052081,0,1,0,139.56660970052081,0,0,0,1,0,65.33857362121168,48.2998046875,2013.7328135631876,2187.744995117188,2361.757176671188,15.907903520965812,0.8527195733843446,2076.8504740783796,2208.5298914718687,2340.209308865358,2035.0,2180.699951171875,2326.39990234375,2.0223502194276413,0.24570965872192602,2027.7839950532311,2187.744995117188,2338.2088607758874,24162388.0,66.62446824190086,0.16126888491730257,15638907.306965271,192738.96269800887,2466516.27032656,2305.0,152916722.41546917,974.086342064164,7.474122372860178,-5.710243514147582,13.18436588700776,0.45225825510405043,1.4108782935373765,87.00609077700015,7570.059832295591,2203.949951171875,2203.949951171875,-0.3598436614745807,-1.1307697527465657,0.797271280469362,7570.059832295591,2311.9328229631697,11.85999755859375,3.3622765091206874,78.42309787326388,0.005220796171416131,0.056711639606677355,0.11440695778980259,0.1542111817574343,0.29795902637108784,,0.00520721506403838,-0.0903133324064499,-0.3166057625575093,-0.29870186436711244,0.07041519148236808
2026-09-10 00:00:00+05:30,2290.699951171875,2316.0,2258.0,2295.60009765625,335744,0.0,0.0,2199.0449951171877,2147.1600000000003,2057.5490930175774,1882.0414434814454,2216.8222920608573,2148.007408380997,2056.93657537705,1883.3359321851003,2239.412852260045,2167.959295726103,2278.8058372919436,2242.2179929304816,2303.3850296838636,2251.381981250479,2291.1437111171704,2243.3282243485587,2243.6126493505876,2288.0501131096557,2234.6954729977333,2222.3504769432207,2172.364252589246,2178.6945362436827,2278.412180764637,2303.050048828125,2245.8499755859375,2223.449951171875,63.85361631877657,48.51883805923944,8.141340058930915,40.37749800030853,89.29973153371311,84.52624548045486,4.773486053258253,54.04478174430386,54.64683788696637,-14.958630060969968,3.001756537446782,10.919984022804073,66.900146484375,148.8496403758354,126.9923648609838,60.85967807665351,1.145508205617577,0.9006339625797096,0.2116389578689093,0.15380017276305966,13.760499006198037,72.57659969320412,14.576599693204116,-11716.921077571953,-11707.240204804899,138.566650390625,0,1,0,138.566650390625,0,0,0,1,0,64.81438979112514,58.0,2028.0098536611124,2199.0449951171877,2370.0801365732627,15.55540171627645,0.7822668538086937,2086.6361525143675,2216.8222920608573,2347.008431607347,2035.0,2180.699951171875,2326.39990234375,2.0296810650312063,0.2480814411428068,2036.7245088300324,2199.0449951171877,2351.09938675972,23826644.0,61.48483753815743,0.1679977881859246,15738473.899637684,231289.43781548738,1399506.4013513373,2289.86669921875,152700208.5521279,974.086342064164,5.1358038799102825,-6.438849605677982,11.574653485588264,0.6869203526424656,1.1290674152347728,85.51757072803763,7313.254903224919,2223.199951171875,2223.199951171875,-0.5506004917978026,-0.8237726440461978,0.808657216028764,7313.254903224919,2320.148566545759,11.3,3.357126188270369,79.0466552734375,-0.006448778335316985,0.028080163936899716,0.10919984022804075,0.14027426650789998,0.3048220509170154,,-0.006469661535493241,-0.0903133324064499,-0.3166057625575093,-0.29870186436711244,0.07041519148236808
2026-09-11 00:00:00+05:30,2267.89990234375,2287.39990234375,2249.300048828125,2255.60009765625,290691,0.0,0.0,2208.9400024414067,2149.5180029296876,2063.244733886718,1884.8927435302737,2220.5154164032756,2152.2267295290458,2060.8705065112913,1887.0400532345645,2244.7990525018604,2172.2118485753676,2279.937165065018,2246.7966389247154,2299.857666047348,2255.9464888294788,2292.721035737537,2255.780094199564,2243.7474507524903,2280.6929873819504,2241.5897777484347,2224.8008936782044,2175.1007361445268,2183.476063870862,2285.9350147132654,2275.60009765625,2245.8499755859375,2238.199951171875,57.415240814076476,45.54178633950596,4.131430671357947,41.410355668148014,79.06108418170422,84.99417456427048,-5.933090382566263,40.75910107116387,50.76063871896004,-40.135965919942876,-1.0006937177291064,9.617541487118636,-22.7998046875,-63.72505340716816,128.87087474149894,58.64232525529794,1.1608801419610084,1.145508205617577,0.2222103047526236,0.16863117924147777,11.870466855766683,42.23697384417483,4.137120328549827,-11939.664712853495,-11731.75626698518,115.53336588541664,0,1,0,115.53336588541664,0,0,0,1,0,63.49193686519656,46.300048828125,2049.8546708620447,2208.9400024414067,2368.0253340207687,14.403771166580773,0.6466511549229987,2093.9088998939515,2220.5154164032756,2347.1219329125997,2035.0,2180.699951171875,2326.39990234375,2.126706833418357,0.2583266991136532,2045.2475624684316,2208.9400024414067,2363.147403777025,23535953.0,64.08460287940696,0.14419756290483532,15543918.045834266,164129.63889741525,-461514.513127425,2264.1000162760415,152193690.01643556,972.3438782944143,2.307660058987594,-7.413594741280537,9.721254800268131,0.6076701764346697,0.586604619691995,79.54266578968102,6327.035680928892,2225.550048828125,2225.550048828125,-0.7519954243643303,-0.27862737692449513,0.7860973230406544,6327.035680928892,2316.5171526227678,9.89500732421875,3.3466205424986866,78.19243598090279,-0.01742463769749747,0.013752852879213462,0.09617541487118642,0.12870299744797054,0.2540882002254361,,-0.017578233546780373,-0.0903133324064499,-0.3166057625575093,-0.29870186436711244,0.07041519148236808
2026-09-15 00:00:00+05:30,2299.0,2299.0,2214.0,2224.39990234375,257641,0.0,0.0,2216.8549926757814,2150.552001953125,2067.2074328613276,1888.1075958251956,2220.8853674452253,2155.0570500315835,2064.1087123693596,1890.3968676535615,2246.2714239211314,2175.1483936504287,2274.9826195580895,2248.6376630710374,2288.188528331213,2256.4781949117987,2286.7907118548765,2265.923737630945,2242.979775561629,2275.1698178247407,2245.217623856952,2227.3078965193577,2175.87621187989,2186.189943607213,2278.7508337006566,2240.0,2248.5,2238.2999267578125,52.932009085798555,40.20143922544685,-0.9671331541609334,41.16857237960778,62.33887506916879,76.89989692819537,-14.561021859026582,20.732148162379445,38.512010325949056,-57.88877881158074,-3.3037733970762133,7.661768414176675,-76.0,-399.5069101450513,123.21411420036839,51.553066594797365,1.0140967686480584,1.1608801419610084,0.22791990137180917,0.18169039136820675,9.350718341257194,56.80321809411407,-28.196781905885928,-12282.563480360664,-11876.18022177375,86.88334147135416,0,1,0,86.88334147135416,0,0,0,1,0,65.0282270891111,85.0,2072.635491377165,2216.8549926757814,2361.0744939743977,13.011180413252099,0.5261577304041092,2090.1461382225034,2220.8853674452253,2351.624596667947,2038.0,2182.199951171875,2326.39990234375,2.348088842776679,0.2665773016740332,2050.288884184773,2216.8549926757814,2378.2387132863355,23278312.0,59.513229928382025,0.11341630690753926,15349322.722063586,59817.60551322438,-1543933.7998960516,2245.7999674479165,151837312.59258014,970.9606457194149,-0.7147526612806117,-8.348805969238994,7.634053307958382,0.5949843137119057,0.10463092161643692,72.10975064930811,5199.816138705392,2225.550048828125,2225.550048828125,-0.9216401044573168,0.5766145934364536,0.7223211800204761,5199.816138705392,2305.104286411831,7.914990234375,3.3343592090833676,75.25665690104167,-0.013832325749994157,-0.016187570834254705,0.07661768414176673,0.033114951211563826,0.23811026361240994,,-0.013928883816927648,-0.0903133324064499,-0.3166057625575093,-0.29870186436711244,0.07041519148236808
2026-09-16 00:00:00+05:30,2202.39990234375,2237.199951171875,2180.199951171875,2201.10009765625,405982,0.0,0.0,2223.8849975585945,2151.3800048828125,2070.7810192871093,1891.0622637939457,2219.0010560367514,2156.8626597423545,2066.82141306811,1893.488442081449,2244.7709577287947,2177.1306719132963,2266.241335721676,2248.508246306296,2271.985611462557,2254.1821632258484,2274.755677812584,2273.218229268195,2242.4099936463535,2269.5060442521462,2248.4992914109685,2229.4295528697166,2176.671375016843,2187.2263891579305,2259.6792068720038,2212.75,2248.5,2246.14990234375,49.804407494140584,33.70059664847258,-5.974380584908161,39.674977233380744,41.30228037765412,60.90074654284237,-19.59846616518825,5.000113822081504,22.16378768520827,-78.06841413551402,-1.1230402454193886,6.823591247573405,-25.0,-945.2141596206716,104.51145881204093,50.375319072382396,0.45059822682981787,1.0140967686480584,0.22843585950460543,0.1929378870474347,6.3319928906566245,0.8741241587940749,-56.125875841205925,-12636.034182429989,-12132.90194107171,51.85005696614583,0,1,0,51.85005696614583,1,0,0,0,0,64.45478229703174,57.0,2099.3991748656695,2223.8849975585945,2348.3708202515195,11.195347136168186,0.40848395660866116,2089.8560391209553,2219.0010560367514,2348.1460729525475,2050.0,2188.199951171875,2326.39990234375,2.6673768616728726,0.27048312102386973,2055.9100051858386,2223.8849975585945,2387.65982208037,22872330.0,50.15446875636587,0.09670202075899548,15241062.942064272,-22739.756826745346,-2674700.5865738476,2206.1666666666665,151412060.76188758,970.9606457194149,0.024372374913489696,-6.087744746435914,6.112117121349404,1.152590761319951,-0.3660641735653549,62.242911346462584,3874.1800128836003,2225.550048828125,2225.550048828125,-0.8852282723445368,1.387700777805165,0.6081874956591096,3874.1800128836003,2286.5428780691964,7.0300048828125,3.3279804936432003,71.09466145833336,-0.010474647415219751,-0.04237541977104631,0.06823591247573413,0.05543039925976978,0.1991904934186024,,-0.010529892656041389,-0.0903133324064499,-0.3166057625575093,-0.29870186436711244,0.07041519148236808
2026-09-17 00:00:00+05:30,2166.0,2270.699951171875,2166.0,2253.800048828125,312441,0.0,0.0,2233.705004882813,2153.966005859375,2074.7941015624997,1894.3962750244143,2222.3152458264058,2160.664125981012,2070.5239603108826,1897.0736321983313,2247.6200102306548,2181.147144224877,2268.0550039224536,2252.368157105078,2271.894591012362,2257.875720095356,2265.659295543324,2279.402634136362,2242.8599126365716,2270.0007253055132,2255.9306917477934,2232.892855382071,2179.014966310444,2191.4442068899843,2244.1330768864223,2227.4500732421875,2248.5,2246.14990234375,56.119849751781004,32.427276242634434,-5.798160792597052,38.22543703523149,39.603084486871836,47.74807997789824,-8.144995491026407,8.5544795351787,11.428913839879883,-45.233553592289724,3.077980737622913,9.546036541590178,67.300048828125,-1676.796925101607,82.2917476878456,54.44095011610655,-0.08389096908238741,0.45059822682981787,0.22783902630831854,0.2024243920510655,5.065167639952918,31.87780675664453,-72.82214441523047,-12722.23086468854,-12416.515150520558,24.466756184895836,1,0,0,24.466756184895836,1,1,0,0,0,67.32943721666341,104.699951171875,2136.525417756603,2233.705004882813,2330.8845920090225,8.701201538589748,0.6033912807183172,2085.5269064889,2222.3152458264058,2359.1035851639117,2053.300048828125,2189.8499755859375,2326.39990234375,2.746826301619278,0.27916433586145545,2055.252191313494,2233.705004882813,2403.6769960009938,23184771.0,50.080079063595775,0.12757952393690025,15452640.048068456,12874.015656121075,59631.70352124423,2230.1666666666665,152160124.21714,973.354900811584,-1.3895133338891454,-6.0013043641908395,4.611791030301694,0.962551078753703,0.4135651228732683,48.58979356310492,2360.9680385051524,2227.4000244140625,2227.4000244140625,-0.1781212069985604,-0.37953677759793586,0.5346633268541963,2360.9680385051524,2275.450020926339,9.82000732421875,3.329950067209864,71.40111111111109,0.023942550921691508,-0.024540121693085948,0.09546036541590186,0.06638280048645617,0.24291763081358453,,0.023660422427969806,-0.0903133324064499,-0.3166057625575093,-0.29870186436711244,0.07041519148236808
2026-09-18 00:00:00+05:30,2260.0,2324.5,2246.800048828125,2300.199951171875,529289,0.0,0.0,2242.3099975585938,2157.6060058593753,2079.469060058593,1898.0766369628907,2229.7328368116887,2166.136119125752,2075.0719997338724,1901.084839352297,2253.9528622581847,2186.8818087469363,2277.827581218607,2259.501318913428,2283.4321952478836,2266.388923835791,2264.4490198652256,2285.8227801394,2245.1249036155577,2280.0387421662977,2267.1765450585417,2239.8815512204606,2183.3166935820127,2197.844258592713,2243.1023727154816,2277.0,2248.5,2246.14990234375,60.796689250065754,34.761535641634055,-2.7711211148779427,37.532656756512,53.458025051921084,44.78779663881568,8.670228413105406,23.443895903797802,12.332829753686001,-16.323957116433018,3.014019963791655,8.087018731175498,67.300048828125,-1994.4373241531048,75.50557645909976,52.937275817918575,-0.029857576079147567,-0.08389096908238741,0.22871409732405645,0.21056020142096424,4.657550673035349,76.90959747667739,-0.7903536951976093,-12472.545047621958,-12578.606437036613,15.75008138020833,1,0,0,15.75008138020833,1,1,0,0,0,68.07018821346423,77.699951171875,2154.4744380357915,2242.3099975585938,2330.145557081396,7.834381474322172,0.8295359756788078,2091.171967664064,2229.7328368116887,2368.2937059593132,2120.5,2223.449951171875,2326.39990234375,2.7494089974926785,0.26420152752656245,2065.3383324851716,2242.3099975585938,2412.6631615867345,23714060.0,51.20399640347552,0.12083122678263426,15650867.101433797,89345.16541025415,3559535.4475355083,2290.5,153249793.104333,973.354900811584,2.0841563534485315,-2.02210774148253,4.106264094931062,1.5417604981274489,1.3181439027152289,43.917779761401185,1928.7713791709398,2230.7999267578125,2230.7999267578125,0.11292069430197825,-1.2680011081424074,0.5014240675039099,1928.7713791709398,2277.2385916573658,8.60499267578125,3.3321397868603024,72.14221245659722,0.02058740852715646,0.002003769524283161,0.08087018731175499,0.07747793636904987,0.2831415659141219,,0.020378352247658854,-0.0903133324064499,-0.3166057625575093,-0.29870186436711244,0.07041519148236808
2026-09-21 00:00:00+05:30,2300.10009765625,2304.800048828125,2216.0,2220.39990234375,206541,0.0,0.0,2244.289990234375,2158.6760058593754,2081.6983642578125,1901.4788134765627,2228.8439859099803,2168.2641106244973,2077.949779983573,1904.2621036606697,2251.8661865234376,2189.3443144914213,2271.5540800337417,2260.0124708800786,2271.753094851659,2265.076539588376,2260.173870918307,2290.0971696926217,2244.996991182937,2270.4921766921266,2271.393139645707,2242.1200880927113,2183.8813742617344,2199.3909014892724,2245.5082190489748,2260.2999267578125,2248.5,2246.14990234375,50.77376395249705,29.828412635853056,-6.163395296527156,35.99180793238021,57.46629186137072,50.17580046672121,7.290491394649507,25.387368491272454,19.128581310082986,-66.04361370716512,-0.20674596207865167,1.8158406377927396,-4.60009765625,-2418.73980702453,67.9185266831355,45.639619263281595,0.027942413207361027,-0.029857576079147567,0.22599228642827818,0.21696799873369205,2.594369047967958,61.09400347331257,-27.70604535481243,-12209.788358591386,-12539.229060940394,2.333374023437501,1,0,0,2.333374023437501,1,1,0,0,0,69.55089254308287,88.800048828125,2160.605334955011,2244.289990234375,2327.9746455137392,7.457561691537439,0.3572612397644883,2086.5650949996298,2228.8439859099803,2371.122876820331,2120.5,2223.449951171875,2326.39990234375,2.9403148972781663,0.28669989466140416,2067.580498026294,2244.289990234375,2418.480339334888,23507519.0,43.2557358286892,0.10297500365086394,15464793.662926683,53301.34483829327,696461.5428861836,2247.066650390625,152533247.48939148,969.8856350728612,-2.004511473767289,-4.88862045495868,2.8841089811913916,0.5832917955749226,-0.5709550409420452,41.84232763968213,1750.7803823065071,2230.7999267578125,2230.7999267578125,0.150093675987839,-1.1681966691397059,0.35147460103966893,1750.7803823065071,2267.0185791015624,1.97999267578125,3.3287741735085197,70.02243001302085,-0.034692657387228265,-0.015605689744860318,0.018158406377927427,0.0419520893213281,0.23145363870043867,,-0.0353087385960791,-0.0903133324064499,-0.3166057625575093,-0.29870186436711244,0.07041519148236808
2026-09-22 00:00:00+05:30,2220.39990234375,2231.89990234375,2176.300048828125,2206.699951171875,265963,0.0,0.0,2245.4199829101567,2159.35400390625,2083.7469177246094,1904.7811676025392,2226.735030220637,2169.7713984891006,2080.4992883239356,1907.2714354767018,2248.2861828031996,2191.2276064644607,2263.4693935660625,2259.369962369278,2258.242841030446,2262.169949512646,2251.4171022410205,2292.1889042431126,2244.0465391675084,2255.673864849424,2274.5894832809245,2245.026456106213,2184.3945989573444,2199.9060938719285,2244.7904343641862,2213.5499267578125,2248.5,2246.14990234375,49.27195427955599,24.53063169583629,-9.16894098923514,33.69957268507143,47.6843401155244,52.86955234293873,-5.185212227414333,16.832888956093758,21.888051117054673,-74.57940882982865,-2.4015943754146396,1.0347444029638029,-54.300048828125,-2800.980221233332,52.714993106618294,46.011496543562494,-0.2969708511552164,0.027942413207361027,0.21978538528433234,0.2211154097599039,1.2533091801931346,-6.5195581277857855,-62.119411643410785,-11746.964184546367,-12305.643643610265,-7.733317057291664,1,0,0,-7.733317057291664,1,1,0,0,0,68.55438975540731,55.599853515625,2164.5959668557407,2245.4199829101567,2326.2439989645727,7.1990110241795175,0.2604670392014865,2087.416061584486,2226.735030220637,2366.0539988567875,2150.0,2238.199951171875,2326.39990234375,3.0564589589964646,0.28778296958722,2072.0087864355232,2245.4199829101567,2418.6835911230232,23241556.0,51.76945347707223,0.05793502255202706,15489667.732300567,41625.04532888159,76441.30625595874,2204.9666341145835,152369147.31492835,969.8856350728612,-4.054095623293401,-5.550563683587834,1.4964680602944331,0.8044422277196727,-0.9581318431940541,40.412008027207996,1633.1303927911238,2230.7999267578125,2230.7999267578125,0.2195216693693096,-1.1524584211878097,0.15876240734410818,1633.1303927911238,2254.0185825892854,1.12999267578125,3.3223292314375894,66.68531575520838,-0.006170037729426148,-0.007957180340291026,0.010347444029638053,0.02881255612935396,0.19692434309081297,,-0.006189151072808223,-0.0903133324064499,-0.3166057625575093,-0.29870186436711244,0.07041519148236808
2026-09-23 00:00:00+05:30,2200.0,2250.300048828125,2199.89990234375,2226.5,387676,0.0,0.0,2247.684985351563,2160.8260058593746,2086.1386474609376,1908.3724444580077,2226.7126463901,2171.996049528744,2083.390391525442,1910.4478391037994,2246.484279668899,2193.860782781863,2259.9282469035707,2260.2183540595524,2252.015818713863,2261.5862493910417,2241.107532985406,2293.045576203964,2243.3834391929217,2244.895401530431,2279.3349975701526,2247.0957493591095,2185.6968565931397,2201.7165160819427,2238.647279851132,2216.5999755859375,2255.800048828125,2246.199951171875,51.50454198251308,21.679888339424906,-9.615747476517221,31.295635815942127,32.365068305251135,45.83856676071541,-13.473498455464274,6.28070763485761,16.16698836074127,-62.2817725472528,-3.1324777028496844,2.0768407226392527,-72.0,-3254.53801482333,52.30676197725279,48.389470228001535,-0.5307558352104493,-0.2969708511552164,0.21210497442836207,0.22273786591903277,0.5500147013565144,13.58336842395147,-36.81677806042353,-10942.7456494995,-11888.132630566159,-6.766642252604164,1,0,0,-6.766642252604164,1,1,0,0,0,67.25765809319073,50.400146484375,2172.067351626012,2247.684985351563,2323.3026190771134,6.728490355041738,0.35992033664758455,2091.0621230556067,2226.7126463901,2362.3631697245933,2150.199951171875,2238.2999267578125,2326.39990234375,2.9214617007643677,0.2892127135698486,2074.2972010713675,2247.684985351563,2421.4970301729295,23629232.0,62.15082367004804,0.04722483226333419,15511205.600842848,39917.24049040675,1162093.0810039914,2225.566650390625,152716997.2219996,969.8856350728612,-2.8989472324163454,-3.516332234168623,0.6173850017522775,1.20680209088215,-0.5603186534096624,37.80881686277527,1429.5066325628793,2230.7999267578125,2230.7999267578125,0.3473634343545307,-1.153231923416529,-0.028514424635297388,1429.5066325628793,2244.0828683035716,2.26500244140625,3.3160390787547125,63.952202690972264,0.008972696454545126,0.011539639824102554,0.020768407226392505,0.028834110959714776,0.22056675235410705,,0.008932680999937135,-0.0903133324064499,-0.3166057625575093,-0.29870186436711244,0.07041519148236808
2026-09-24 00:00:00+05:30,1781.199951171875,2200.800048828125,1781.199951171875,2104.300048828125,879880,0.0,0.0,2241.829992675782,2159.5120068359374,2088.343505859375,1911.3721118164062,2215.05430376515,2169.3413044032295,2083.804444145297,1912.3767168124994,2232.8285714285716,2191.644078584559,2234.5584894738117,2251.5532732436095,2214.9940600978207,2247.092889369335,2218.06232560327,2289.261581462588,2226.9092080414534,2213.28631567039,2271.5375466850487,2235.246782502916,2182.6622675331614,2193.377414187284,2215.1228806177014,2165.4000244140625,2207.4000244140625,2053.7999267578125,39.84827726640149,9.451191447165002,-17.475555495021702,26.926746942186703,40.80049924952659,40.283302556767374,0.5171966927592138,4.337235047382958,9.150277212778107,-40.737320874338764,-8.924473108499242,-5.2714440741658235,-206.199951171875,-1998.3468724188558,10.488238166361498,60.5370345833225,-0.9193441712699034,-0.5307558352104493,0.1967782637710691,0.22108667768593943,-2.4890145252009854,-16.999969922327182,-436.6000675785772,-9277.371055298663,-11144.429846996964,-19.999999999999996,1,0,0,-19.999999999999996,1,1,0,0,0,94.26068600282889,445.300048828125,2143.0550313619283,2241.829992675782,2340.6049539896353,8.811993918946428,-0.19617817115949493,2007.5038209714417,2215.05430376515,2422.6047865588585,1781.199951171875,2053.7999267578125,2326.39990234375,3.689032046548535,0.3461462238031763,2028.2723684714204,2241.829992675782,2454.8722219870456,22749352.0,49.956474942171724,0.06264169411608335,15986374.446225531,186779.84017911926,-14364104.935869345,2028.7666829427083,147887835.1722754,969.8856350728612,7.93180029608134,5.8515322354632495,2.0802680606180903,2.272506565340375,-2.7847126846379764,49.38748065692681,2439.12324563832,2230.7999267578125,2230.7999267578125,-0.8692888333978013,1.7816893170751653,-0.24949362630469588,2439.12324563832,2214.825728934152,-5.85499267578125,3.3007087862218385,62.666640625000035,-0.054884325700370495,-0.06633241492639652,-0.05271444074165821,-0.04223751522614705,0.18007945315984863,,-0.05644795231320437,-0.0903133324064499,-0.3166057625575093,-0.29870186436711244,0.07041519148236808
2026-09-25 00:00:00+05:30,2104.0,2164.5,2049.0,2142.699951171875,307942,0.0,0.0,2237.529992675781,2158.6360058593755,2090.7623278808596,1914.62393737793,2208.1634130419807,2168.2965454529804,2084.9706918091897,1914.6684902887123,2223.3876150948663,2190.9847822840075,2219.5754418383785,2246.2807275042824,2194.552816149005,2237.933269415963,2194.0737953932453,2282.567848258369,2221.1527683308154,2195.811409862496,2264.9909704823262,2232.224830580283,2181.8942654848224,2189.402801090479,2189.0323799431094,2123.5,2207.4000244140625,2053.7999267578125,44.12741630579543,2.8258377561814996,-19.280727348804163,22.106565104985663,54.42895176335499,42.531506439377566,11.897445323977422,9.70319994742934,6.7737142098899685,-33.69405128834345,-6.66057414096132,-3.858751823222334,-152.900146484375,-1356.685027206256,-25.284413775274516,63.62993467313739,-0.9513284330603538,-0.9193441712699034,0.17833852962156893,0.21621203600471114,-4.4157429533375545,-42.571437667798364,-158.07143766779836,-7695.078467741571,-9980.379343647377,-38.20003255208333,1,0,0,-38.20003255208333,1,1,0,0,0,95.77777985976968,115.5,2129.311978020374,2237.529992675781,2345.748007331188,9.672988966372953,0.061856490317861626,1998.3796428952921,2208.1634130419807,2417.947183188669,1781.199951171875,2053.7999267578125,2326.39990234375,4.075414716139846,0.3534540087734793,2013.3484950597438,2237.529992675781,2458.8983607824002,23057294.0,51.776790804820195,0.07101960908509929,16178071.413563533,290874.49873394705,-10622812.412525289,2118.7333170572915,148449777.02719882,971.7104652516722,4.9027756937587785,2.2580061065125507,2.644769587246228,0.8010882283926883,-1.7525740387285549,54.109007327703424,2927.7846739894626,2229.699951171875,2229.699951171875,-0.7542798520088179,0.6190433618279767,-0.3599738930703245,2927.7846739894626,2195.1028599330357,-4.3,3.291799335065167,59.74264648437496,0.018248301788109877,-0.06847230820944894,-0.038587518232223394,-0.01769591380928426,0.22212698299751232,,0.018083799769997733,-0.0903133324064499,-0.3166057625575093,-0.29870186436711244,0.07041519148236808
2026-09-28 00:00:00+05:30,2142.0,2170.0,2054.89990234375,2149.0,328989,0.0,0.0,2231.0599975585938,2158.730004882813,2093.0174365234375,1917.9878063964845,2202.528802276078,2167.539818180315,2086.238598902077,1917.0001471017601,2214.9561872209824,2190.6068997012867,2207.7559900179544,2241.7387453205733,2179.5206629639547,2230.081824987852,2172.742710013781,2273.5632005941648,2217.8950488279806,2184.172237271425,2259.0658305553234,2226.9624861821626,2184.5373683764005,2186.293659822231,2166.062608279236,2145.8499755859375,2207.4000244140625,2053.7999267578125,44.82097122902077,-1.894601699253144,-19.200933443391044,17.3063317441379,64.3433749533728,53.19094198875146,11.15243296462134,11.601635444153501,8.5473568129886,-32.53850297719936,-4.726019375820035,-5.67942011455665,-106.60009765625,-985.8213177762523,-55.449426269530704,64.20691195189592,-0.856189858332812,-0.9513284330603538,0.1583962419581697,0.20848718495875118,-6.055515292962251,-28.775518000969896,-143.8756156572199,-6694.95240675954,-8597.099517056586,-77.4666748046875,1,0,0,-77.4666748046875,1,1,0,0,0,97.15794541666114,115.10009765625,2117.7760950868073,2231.0599975585938,2344.34390003038,10.155164145809687,0.13781262929642205,1990.8006106850264,2202.528802276078,2414.2569938671295,1781.199951171875,2053.7999267578125,2326.39990234375,4.459742932345786,0.34256720330057167,2003.0180237600985,2231.0599975585938,2455.1929505179105,23386283.0,49.96998329585333,0.07222924283131803,16387012.400735024,373496.7641760409,-8809175.38731939,2124.63330078125,148546507.63863057,971.7104652516722,2.8212780400746333,0.14120676226272444,2.680071277811909,0.8473978606738609,-1.4487494828143104,56.64195123589326,3208.31063980931,2226.300048828125,2226.300048828125,-0.5203035425537462,-0.06617777785134621,-0.3549487079962186,3208.31063980931,2182.748566545759,-6.4699951171875,3.2874573471376616,56.10598090277775,0.0029402384709438234,-0.032156325654844276,-0.05679420114556655,0.005286078068126532,0.25431810671481614,,0.002935924423960054,-0.0903133324064499,-0.3166057625575093,-0.29870186436711244,0.07041519148236808
2026-09-29 00:00:00+05:30,2142.0,2174.39990234375,2057.199951171875,2127.5,1703600,0.0,0.0,2222.4150024414066,2158.1280029296877,2095.2444848632813,1921.2988653564455,2195.3832020593086,2165.9696292320673,2087.05565634956,1919.0946730012452,2205.09333031064,2189.3821936274508,2193.6474955344056,2235.750181612627,2161.8014857679864,2220.3052902493214,2152.9128614126757,2262.307238529652,2214.2029971722964,2171.7653482306937,2251.8005057817077,2204.0120369359106,2179.500882498934,2181.610293097995,2149.2292131446893,2138.25,2207.4000244140625,2053.7999267578125,42.86542336814194,-7.286460512494159,-19.674233805305647,12.38777329281149,65.76181181138597,61.511379509371245,4.2504323020147226,15.385083453485777,12.229972948356206,-36.48201030029926,-4.356226694743644,-7.516080233162585,-96.89990234375,-715.4158210316705,-73.63590375114791,63.391332212403526,-0.7307875120872771,-0.856189858332812,0.13667334302804868,0.19829134979468932,-7.7311255449921035,-14.193398799938677,-131.39334997181368,-6383.582518152912,-7406.835887075633,-111.13334147135416,1,0,0,-111.13334147135416,1,1,0,0,0,98.58951725631928,117.199951171875,2105.0941791059013,2222.4150024414066,2339.735825776912,10.557958185723548,0.09548953142795559,1981.4957999203812,2195.3832020593086,2409.270604198236,1781.199951171875,2053.7999267578125,2326.39990234375,4.936566447580472,0.3401279528684772,1987.92571006281,2222.4150024414066,2453.175649027654,21682683.0,33.13075068847352,0.07994422117795212,16727153.238271035,481569.16069325805,-12783207.474845191,2119.699951171875,146842114.8978209,971.7104652516722,23.316234844735227,16.508930853538654,6.807303991196573,3.1972656209678765,-1.6180418742881773,58.66041166775268,3441.043897030215,2225.550048828125,2225.550048828125,-0.3917880508660486,-0.42424624513717457,-0.2914606811678874,3441.043897030215,2170.449986049107,-8.6449951171875,3.284042365161285,53.78642903645832,-0.010004653327128854,-0.035890675182104204,-0.07516080233162581,-0.020803586407545982,0.25745992011006,,-0.010055036194981215,-0.0903133324064499,-0.3166057625575093,-0.29870186436711244,0.07041519148236808
2026-09-30 00:00:00+05:30,2098.0,2127.5,2012.0,2043.9000244140625,230032,0.0,0.0,2213.304998779297,2155.354001464844,2095.6212866210935,1924.0288494873048,2180.9562327597614,2161.182585905871,2086.2010893805405,1920.3365172939102,2188.0919038318452,2184.902665058211,2166.3328593947826,2223.6273298992783,2125.8595329412874,2201.739990923348,2127.527765278341,2247.3460645288765,2202.696774271979,2139.5972198277705,2236.68676620142,2196.6754608389447,2177.68756995821,2168.842718896326,2129.43419346654,2085.7000122070312,2172.0499877929688,2052.8499755859375,36.24368641263182,-18.096758654937275,-24.387625558199012,6.290866903261737,59.777385176749235,63.29419064716933,-3.5168054704200955,10.019118553439395,12.335279150359558,-51.647331192253645,-7.141886614315063,-8.184720598773474,-157.2000732421875,-380.0450603053014,-104.11325109145127,62.830277757716374,-0.731331474175563,-0.7307875120872771,0.10972662602763972,0.1851677497635028,-10.363354219604075,-40.422833039456236,-155.92283303945624,-6614.419282866989,-6744.427933405577,-142.0500284830729,1,0,0,-142.0500284830729,1,1,0,0,0,99.7974088808679,115.5,2071.4570385413153,2213.304998779297,2355.1529590172786,12.817750858215652,-0.09713574337276264,1965.43905939597,2180.9562327597614,2396.473406123553,1781.199951171875,2053.7999267578125,2326.39990234375,5.765235002888672,0.34916730102282717,1975.6087618955755,2213.304998779297,2447.258725274482,21452651.0,29.56773916348587,0.16695154670850954,16624186.630756155,449239.47863254324,-13704273.490436506,2061.133341471354,145938205.63417885,967.7809716871158,16.13801352580313,7.464567627685247,8.673445898117885,0.446460093087566,-2.3885429734910466,70.92398011899093,5030.21095591902,2224.699951171875,2224.699951171875,-0.7235410223492832,0.22232823504862897,-0.270938441214357,5030.21095591902,2137.665713936942,-9.110003662109374,3.276279653643093,54.41353922526044,-0.03929493564556408,-0.08201211569096678,-0.08184720598773476,-0.05361852543219181,0.18281385104014203,,-0.040087822054955174,-0.0903133324064499,-0.3166057625575093,-0.29870186436711244,0.07041519148236808
2026-10-01 00:00:00+05:30,2020.0,2045.4000244140625,1978.0,2023.300048828125,303300,0.0,0.0,2205.1450012207038,2152.8860034179684,2096.316115722656,1926.4589501953124,2165.9413580996056,2155.7754275890966,2084.9555242210868,1921.3610300454943,2169.9961943126864,2179.7240786803,2139.125800362579,2210.5762451999794,2091.4760524728017,2182.2030686791113,2096.131295424952,2229.092447393508,2177.9534586110058,2102.149879509352,2220.263761506634,2191.121486754047,2175.4006765255426,2155.1170546993844,2103.6747909967075,2033.6000366210938,2161.75,2052.8499755859375,34.81645437113506,-28.003437489576754,-27.435443514270794,-0.5679939753059617,52.14389616350049,59.227697717211896,-7.083801553711403,3.783448009332276,9.729216672085816,-55.438970016945596,-10.227171665909301,-7.4639813021667045,-230.5,-14.140363769363148,-98.27913351619918,63.30131788704093,-0.9339221695634627,-0.731331474175563,0.07866756745003034,0.16849591311083323,-12.785431083829408,-101.8624108809181,-169.2624352949806,-6954.940350230897,-6607.649393171706,-175.81667073567706,0,1,0,-175.81667073567706,1,0,0,0,0,97.48330999038181,67.4000244140625,2039.949315023856,2205.1450012207038,2370.3406874175516,14.982750440937027,-0.05039255739369475,1958.111529929687,2165.9413580996056,2373.771186269524,1781.199951171875,2053.7999267578125,2326.39990234375,6.599949021971362,0.34619477491017236,1964.8909368543461,2205.1450012207038,2439.9658575086432,21149351.0,29.905464777245534,0.20141600969443996,16728586.922529452,428392.0216598883,-12639087.648261983,2015.5666910807292,145632516.87638327,967.7809716871158,11.120459006801248,1.95761048694669,9.162848519854558,0.589709310057606,-2.2015702295747794,82.59784309842392,6822.403684511856,2224.699951171875,2224.699951171875,-0.8374986114237597,0.03833613531602983,-0.2653930549998103,6822.403684511856,2099.698580496652,-8.15999755859375,3.264737112677442,55.70175591362847,-0.010078758911822527,-0.03849260947606237,-0.074639813021667,-0.04763471460196522,0.18369813532739832,,-0.01012989347451144,-0.0903133324064499,-0.3166057625575093,-0.29870186436711244,0.07041519148236808
2026-10-05 00:00:00+05:30,2024.0,2046.0,1986.5,2002.5999755859373,185520,0.0,0.0,2193.630004882813,2150.8160009765625,2097.35283203125,1928.7646691894531,2150.3850359554467,2149.7685471183845,2083.3247212778165,1922.1693777623148,2150.7061918712798,2173.830508961397,2112.0485732058028,2196.648996527568,2058.513220579827,2161.778728068631,2061.1516786993116,2208.0205237860623,2136.7770455805507,2071.9260861111397,2200.9122433623793,2185.1363066616655,2174.581164899638,2140.5054783208516,2071.7516311233794,2012.9500122070312,2151.3999633789062,2052.8499755859375,33.39342756572872,-37.0972408523935,-29.22339750167003,-7.873843350723469,44.55488864633104,52.15872332886025,-7.603834682529211,0.0,4.60085552092389,-59.249032851807634,-12.938004604091939,-10.313938681983899,-297.5999755859377,261.75355490786956,-115.00413351619909,62.19714102434285,-1.1651932869343224,-0.9339221695634627,0.04443694646834029,0.14832309755972903,-15.242332620412222,-80.59636962226023,-140.09636962226023,-7112.195707636815,-6772.41624866425,-182.78336588541669,0,1,0,-182.78336588541669,1,0,0,0,0,94.77021641964026,59.5,2005.997710464894,2193.630004882813,2381.262299300732,17.107013853773637,-0.009054237943146526,1951.0151914207586,2150.3850359554467,2349.754880490135,1781.199951171875,2053.7999267578125,2326.39990234375,7.423787386398655,0.33397216513080524,1956.4505910883327,2193.630004882813,2427.5255117426295,20963831.0,30.536534066982526,0.1853849755532305,16643465.829107706,353834.8030223474,-11382114.782494653,2011.6999918619792,145442714.20277017,966.7578869867434,4.882765456593195,-3.4240664506090903,8.306831907202286,0.38654485530925153,-2.0362169517725857,93.8161472089595,8801.46947713316,2222.39990234375,2222.39990234375,-0.7502579602342859,-0.40015526427415793,-0.1361187677237298,8801.46947713316,2064.8585658482143,-11.514996337890636,3.2505900826425416,60.68264648437505,-0.010230847003723897,-0.06538478498089051,-0.10313938681983903,-0.05457462857648687,0.15129453886493893,,-0.010283541835543076,-0.0903133324064499,-0.3166057625575093,-0.29870186436711244,0.07041519148236808
2026-10-06 00:00:00+05:30,1999.0,2046.9000244140625,1975.0,2018.5,171616,0.0,0.0,2183.305004882813,2149.4780029296876,2098.4550781249995,1931.2980474853516,2137.824556340642,2144.620760956879,2082.041063430731,1923.1278914164213,2134.0271437872025,2168.6416461780022,2091.7749418204266,2184.716849175237,2036.359628318788,2144.6957344136995,2030.2739524464794,2185.7960529186507,2117.8803222066513,2048.9140825603763,2182.7039239229234,2181.21983662338,2174.098965601198,2129.484969259265,2044.0413360279833,2010.5499877929688,2151.3999633789062,2052.8499755859375,35.571717507409716,-42.530876971400176,-27.725626896541364,-14.805250074858812,42.99650947391061,46.56509809458071,-3.5685886206700985,2.6496723477337563,2.144373452355344,-56.322468709514915,-9.092952225886604,-9.280898876404494,-201.89990234375,438.87276367923505,-133.93794447954906,59.805147843863274,-1.4078676285436527,-1.1651932869343224,0.009786927965715897,0.12498993563543831,-17.024528997670085,-64.25400669073224,-136.15403110479474,-6959.620049111864,-6951.385241285712,-196.03336588541669,0,1,0,-196.03336588541669,0,0,0,1,0,93.1366312763847,71.9000244140625,1980.8036730706203,2183.305004882813,2385.806336695006,18.54998100213322,0.09307673829113536,1943.7470733018172,2137.824556340642,2331.902039379467,1781.199951171875,2053.7999267578125,2326.39990234375,8.051943864443375,0.33729333888101715,1943.657031255259,2183.305004882813,2418.531970220103,21135447.0,33.67681080122829,0.19016770490913168,16679507.50546699,302635.12851018645,-9366284.300732018,2013.4666748046875,145578971.99879083,967.5518560573468,-0.7485940062814792,-7.244340730787012,6.4957467245055325,0.3601959316766145,-1.6276930468354578,101.25066590609644,10251.69734642796,2213.5499267578125,2213.5499267578125,-0.5600282556725065,-0.9475140205010762,0.018589379952663805,10251.69734642796,2035.4714215959823,-10.325,3.246278212811121,67.40176649305553,0.00793969070603362,-0.060725919032108,-0.09280898876404498,-0.06848489041106076,0.15482409127771302,,0.00790833721047604,-0.0903133324064499,-0.3166057625575093,-0.29870186436711244,0.07041519148236808
2026-10-07 00:00:00+05:30,2018.0,2022.699951171875,1970.199951171875,1981.5,377333,0.0,0.0,2169.3300048828123,2148.2120019531253,2099.270850830078,1933.6444372558592,2122.9365033558192,2138.223868370335,2080.0501512835876,1923.708708417253,2114.807619512649,2162.054273514093,2067.802423232213,2170.6015269185477,2009.4454802324249,2124.7341214841863,2002.5068686005561,2161.98139300086,2094.299021849004,2019.160360411769,2165.22141327276,2167.126830010056,2172.5114858535935,2115.3852138074176,2021.7989122174922,2000.0,2140.8499755859375,2052.8499755859375,32.87719408937019,-49.2548838797793,-27.55970704393639,-21.69517683584291,40.431932194849324,42.661110105030325,-2.2291779101810008,2.6496723477337563,1.766448231822504,-63.13270185412947,-10.205281921191046,-12.361786819991154,-225.199951171875,532.9591393309315,-155.97117273667254,55.22115143490025,-1.689325054434207,-1.4078676285436527,-0.026100065278400475,0.09852270900135357,-18.34970659496524,-69.9320754893779,-122.4320754893779,-6774.110378773267,-6978.780373750254,-222.23335774739581,0,1,0,-222.23335774739581,0,0,0,1,0,90.23401475664295,52.5,1951.4140457988124,2169.3300048828123,2387.2459639668123,20.090623242522458,0.06903109420634589,1937.3425901302155,2122.9365033558192,2308.5304165814227,1781.199951171875,2053.7999267578125,2326.39990234375,8.771804110550237,0.3311110006474053,1934.4356589929735,2169.3300048828123,2402.210561336724,20758114.0,34.04683143493823,0.15065810076692446,16464608.079732243,185800.43270232156,-10022718.11491316,1991.4666341145833,144887303.8788998,967.5518560573468,-1.4127896543047203,-6.326829103048203,4.914039448743482,0.7738754458675015,-1.7238756231746155,108.95797954200003,11871.841305874897,2203.9000244140625,2203.9000244140625,-0.4121484730005983,-1.1722779677750492,0.2756683289546625,11871.841305874897,2005.7628487723214,-13.975,3.241235616783552,75.95599283854172,-0.018330443398563268,-0.0686251468860164,-0.1236178681999115,-0.08804309854986447,0.14282270544121234,,-0.018500527662505782,-0.0903133324064499,-0.3166057625575093,-0.29870186436711244,0.07041519148236808
2026-10-08 00:00:00+05:30,1981.5999755859373,2009.5,1950.0,1956.4000244140625,388357,0.0,0.0,2152.2250061035156,2147.2240014648437,2100.0523937988282,1935.8519036865232,2107.075886313747,2131.0935215485206,2077.6016339198345,1924.0339951435897,2094.5285737537206,2154.532235179228,2042.8425888781335,2155.3507426189817,1981.8108247865089,2103.480070017147,1976.7200662456032,2136.8126917708564,2062.5061011826992,1999.0974689439815,2148.0088107455194,2149.1908092170765,2169.459631385317,2099.862921694237,2003.3426365336582,1968.9500122070312,2128.2999877929688,2052.8499755859375,31.153198959076295,-55.963948497133515,-27.41501732903248,-28.548931168101035,37.59740571962162,40.34194912946052,-2.744543409838897,2.6496723477337563,2.6496723477337563,-67.75261227749077,-12.1311464444616,-14.883618689838482,-270.0999755859375,576.0947830507007,-171.34617273667254,47.83131659886537,-2.0527719515605156,-1.689325054434207,-0.06310573172942924,0.0696467095012982,-20.019947285307666,-63.67031205451167,-123.17031205451167,-6757.668617311032,-6889.554196786352,-238.2166544596354,0,1,0,-238.2166544596354,0,0,0,1,0,88.03872798831131,59.5,1923.5594704909438,2152.2250061035156,2380.8905417160877,21.2492220807859,0.07180914656671405,1927.8242505382009,2107.075886313747,2286.3275220892933,1781.199951171875,2053.7999267578125,2326.39990234375,9.616206753721428,0.320196551644191,1921.4568703511202,2152.2250061035156,2385.7818215229954,20369757.0,28.587865794909856,0.07370523864608838,16159797.10599685,24128.16252854094,-9983437.129729556,1971.9666748046875,144395365.89158577,967.5518560573468,-1.7087698472407233,-5.298247436787364,3.5894775895466413,0.7963734338630295,-1.7127634137331436,114.33276780628591,13071.98179424609,2175.050048828125,2175.050048828125,-0.31618281781833624,-1.254378469947664,0.5492267530967722,13071.98179424609,1979.1357090541296,-17.104998779296874,3.233980204010303,85.65110134548604,-0.012667159013846852,-0.042810313104763575,-0.14883618689838485,-0.0912721848868906,0.15721538385778877,,-0.012748071486212587,-0.0903133324064499,-0.3166057625575093,-0.29870186436711244,0.07041519148236808
2026-10-09 00:00:00+05:30,1961.0,1980.0,1921.0,1971.199951171875,207851,0.0,0.0,2135.2600036621093,2145.781999511719,2100.8238317871087,1938.1761267089844,2094.13532106214,2124.8231854553187,2075.4946699050233,1924.503308138896,2077.2880923316593,2147.6293312461703,2024.3113500594168,2142.1047023942538,1964.0339064634195,2085.5660267092603,1956.5205037963337,2111.6523660827384,2051.523365316566,1980.1072291561618,2130.8123867947147,2140.206947025365,2168.968381705862,2088.0279670008003,1988.8830789633203,1963.7999877929688,2091.4500122070312,2043.0,33.371756039384,-59.401951421821195,-24.68241620297613,-34.71953521884507,35.133973756689784,37.72110389038691,-2.587130133697123,3.633760317034602,2.977701670834038,-63.712764598310414,-6.325148247293575,-14.685135201390391,-133.10009765625,572.4653285513905,-179.3552935431985,48.44074093768942,-2.449249096350959,-2.0527719515605156,-0.09894939854520057,0.038836939704990484,-21.46239518589491,-78.60311764270637,-137.60311764270637,-6891.496495575285,-6819.112422809291,-242.18330891927084,0,1,0,-242.18330891927084,0,0,0,1,0,85.96453313200335,59.0,1905.6926647262167,2135.2600036621093,2364.827342598002,21.502518526284366,0.14267553640100225,1920.7171744080745,2094.13532106214,2267.5534677162054,1781.199951171875,2052.8499755859375,2324.5,10.092006463868568,0.3215800825343882,1902.5704144406898,2135.2600036621093,2369.5704144406905,20577608.0,20.66114683818596,0.08255391455054524,16305644.751794321,2202.1063449587673,-8117777.60026275,1957.399983723958,144552602.62937713,968.3083438192116,-5.6115461496845995,-7.360818991384993,1.749272841700393,0.4943489656419014,-1.4292978543959909,114.78366946794632,13175.290776526752,2145.8499755859375,2145.8499755859375,-0.19874242126625544,-1.4300591611144895,0.7191365884137237,13175.290776526752,1961.3442696707589,-16.96500244140625,3.238139542786419,93.68488308376739,0.007564877618648103,-0.0257500600004561,-0.14685135201390387,-0.09161292572724655,0.1832993713914215,,0.007536407424161758,-0.0903133324064499,-0.3166057625575093,-0.29870186436711244,0.07041519148236808
