Date,Open,High,Low,Close,Volume,Dividends,Stock Splits,SMA_20,SMA_50,SMA_100,SMA_200,EMA_20,EMA_50,EMA_100,EMA_200,WMA_20,WMA_50,DEMA_20,DEMA_50,TEMA_20,TEMA_50,HMA_20,HMA_50,KAMA_10,ZLMA_20,ZLMA_50,VWMA_20,VWMA_50,MCGD_14,ALMA_10,MIDPOINT_2,MIDPOINT_14,MIDPRICE_14,RSI_14,MACD_12_26_9,MACDh_12_26_9,MACDs_12_26_9,STOCHk_14_3_3,STOCHd_14_3_3,STOCHh_14_3_3,STOCHRSIk_14_14_3_3,STOCHRSId_14_14_3_3,WILLR_14,ROC_10,ROC_20,MOM_10,CCI_20,AO_5_34,UO_7_14_28,FISHERT_9_1,FISHERTs_9_1,TRIX_18_9,TRIXs_18_9,COPPOCK_10_14_11,BULLP_13,BEARP_13,RVGI_14_4,RVGIs_14_4,SQZ_20_2_20_1.5,SQZ_ON,SQZ_OFF,SQZ_NO,SQZPRO_20_2_20_2.0_1.5_1.0,SQZPRO_ON_WIDE,SQZPRO_ON_NORMAL,SQZPRO_ON_NARROW,SQZPRO_OFF,SQZPRO_NO,ATR_14,TR,BBL_20_2.0_2.0,BBM_20_2.0_2.0,BBU_20_2.0_2.0,BBB_20_2.0_2.0,BBP_20_2.0_2.0,KCLe_20_2,KCBe_20_2,KCUe_20_2,DCL_20_20,DCM_20_20,DCU_20_20,UI_14,HIST_VOL_20,ACCBL_20,ACCBM_20,ACCBU_20,OBV,MFI_14,CMF_20,AD,ADOSC_3_10,EFI_13,VWAP,PVT,NVI,PVO_12_26_9,PVOh_12_26_9,PVOs_12_26_9,RVOL_10,ZSCORE_20,STDEV_20,VARIANCE_20,MEDIAN_20,QUANTILE_20,SKEW_20,KURT_20,CORRELATION_20,COVARIANCE_20,LINREG_20,SLOPE_20,ENTROPY_10,MAD_30,RETURN_1D,RETURN_5D,RETURN_20D,RETURN_60D,RETURN_120D,RETURN_252D,LOG_RETURN,QOQ_RETURN,QOQ_VOLUME_GROWTH,QOQ_VOLATILITY,QOQ_HL_RANGE
2025-09-25 00:00:00+05:30,7544.203934462538,7564.109485740803,7346.641338025755,7372.5185546875,464674,0.0,0.0,,,,,,,,,,,,,,,,,,,,,,,,,,,,,,,,,,,,,,,,,,,,,,,,,,,,,0,0,1,,0,0,0,0,1,,217.46814771504796,,,,,,,,,,,,,,,,,,,,-354087.9679633879,,,7427.756459484687,,1000.0,,,,,,,,,,,,,,,,,,,,,,,,,-0.15826724224475452,-0.15356975666179573,-0.06896097462828565,-0.15054291889565308
2025-09-26 00:00:00+05:30,7389.935871617873,7470.553353853704,7237.658405172414,7287.919921875,244407,0.0,0.0,,,,,,,,,,,,,,,,,,,,,,7366.190292888525,,7330.21923828125,,,0.0,,,,,,,,,,,,,,,,,,,,,,,,,,0,0,1,,0,0,0,0,1,,232.89494868128986,,,,,,,,,,,,,,,,,-244407.0,,,-493003.05770697864,,,7332.043893633706,-280453.659037025,998.8525138026447,,,,,,,,,,,,,,,,,,-0.011474861973553296,,,,,,-0.011541206217883132,-0.15826724224475452,-0.15356975666179573,-0.06896097462828565,-0.15054291889565308
2025-09-29 00:00:00+05:30,7290.408418282732,7334.698271472299,7225.217735498088,7243.63037109375,248137,0.0,0.0,,,,,,,,,,,,,,,,,,,,,,7356.828327067349,,7265.775146484375,,,0.0,,,,,,,,,,,,,,,,,,,,,,,,,,0,0,1,,0,0,0,0,1,,109.4805359742113,,,,,,,,,,,,,,,,,-492544.0,,,-657675.7940706172,,,7267.848792688045,-431249.44686148304,998.8525138026447,,,,,,,,,,,,,,,,,,-0.006077118197788223,,,,,,-0.006095659035322093,-0.15826724224475452,-0.15356975666179573,-0.06896097462828565,-0.15054291889565308
2025-09-30 00:00:00+05:30,7250.597007598583,7282.445889443904,7170.974802985284,7251.59228515625,183924,0.0,0.0,,,,,,,,,,,,,,,,,,,,,,7348.865533740752,,7247.611328125,,,0.7438856250597339,,,,,,,,,,,,,,,,,,,,,,,,,,0,0,1,,0,0,0,0,1,,111.47108645861954,,,,,,,,,,,,,,,,,-308620.0,,,-575566.8654991898,,,7235.0043258618125,-411033.2430105108,998.962429875865,,,,,,,,,,,,,,,,,,0.0010991607322030639,,,,,,0.001098557097332794,-0.15826724224475452,-0.15356975666179573,-0.06896097462828565,-0.15054291889565308
2025-10-01 00:00:00+05:30,7299.365925315221,7338.181751751994,7240.64454685959,7316.28564453125,112742,0.0,0.0,,,,,,,,,,,,,,,,,,,,,,7346.496669570257,,7283.93896484375,,,6.809892267500015,,,,,,,,,,,,,,,,,,,,,,,,,,0,0,1,,0,0,0,0,1,,97.53720489240368,,,,,,,,,,,,,,,,,-195878.0,,,-513443.72264204756,,,7298.370647714278,-310453.1436909985,999.8545561404294,,,,,,,,,,,,,,,,,,0.008921262645643413,,,,,,0.008881703287574304,-0.15826724224475452,-0.15356975666179573,-0.06896097462828565,-0.15054291889565308
2025-10-03 00:00:00+05:30,7355.101569500922,7379.983509857826,7274.98172155169,7358.08740234375,140544,0.0,0.0,,,,,,,,,,,,,,,,,,,,,,7347.31937475208,,7337.1865234375,,,10.61132773935442,,,,,,,,,,,,,,,,,,,,,,,,,,0,0,1,,0,0,0,0,1,,105.0017883061364,,,,,,,,,,,,,,,,,-55334.0,,,-431515.2297510515,,,7337.6842112510885,-230153.02235290647,999.8545561404294,,,,,,,,,,,,,,,,,,0.005713521839288305,-0.0019574250287338613,,,,,0.00569726157955072,-0.15826724224475452,-0.15356975666179573,-0.06896097462828565,-0.15054291889565308
2025-10-06 00:00:00+05:30,7372.518878701589,7607.902032911907,7365.551935448007,7579.53662109375,213779,0.0,0.0,,,,,,,,,,,,,,,,,,,,,,7361.965120338926,,7468.81201171875,,,27.48690199356584,,,,,,,,,,,,,,,,,,,,,,,,,,0,0,1,,0,0,0,0,1,,249.81463056815664,,,,,,,,,,,,,,,,,158445.0,,,-267778.95254366007,,,7517.663529817887,413236.8960663393,999.8545561404294,,,,,,,,,,,,,,,,,,0.030096029938359026,0.04001370793653347,,,,,0.029652030845486184,-0.15826724224475452,-0.15356975666179573,-0.06896097462828565,-0.15054291889565308
2025-10-07 00:00:00+05:30,7588.991547986883,7602.427795317745,7519.322117382414,7559.630859375,110181,0.0,0.0,,,,,,,,,,,,,,,,,,,,,,7374.664310605536,,7569.583740234375,,,26.99358511565163,,,,,,,,,,,,,,,,,,,,,,,,,,0,0,1,,0,0,0,0,1,,83.10567793533119,,,,,,,,,,,,,,,,,48264.0,,,-271077.7848789889,,,7560.460257358386,384300.60560987727,999.5919310920411,,,,,,,,,,,,,,,,,,-0.0026262504838822087,0.043624601490196646,,,,,-0.002629705129519705,-0.15826724224475452,-0.15356975666179573,-0.06896097462828565,-0.15054291889565308
2025-10-08 00:00:00+05:30,7564.109835225026,7638.755655967378,7487.971098067827,7552.16650390625,150765,0.0,0.0,,,,,,,,,,,,,,,,,,,,,,7386.192430590243,,7555.898681640625,,,26.799352269812122,,,,,,,,,,,,,,,,0.0,,,,,,,,,,0,0,1,,0,0,0,0,1,,150.78455789955024,,,,,,,,,,,,,,,,,-102501.0,,,-293468.62646314595,,,7559.6310859804835,369414.11745747644,999.5919310920411,,,,,,,,,,,,,,,,,,-0.0009873968197128269,0.04144940958212229,,,,,-0.0009878846170787632,-0.15826724224475452,-0.15356975666179573,-0.06896097462828565,-0.15054291889565308
2025-10-09 00:00:00+05:30,7552.16644203127,7604.916154923687,7510.862421558906,7594.96337890625,96611,0.0,0.0,,,,,,,,,,,,,,,,,7411.633154296876,,,,,7399.531384250648,7523.854709565086,7573.56494140625,,,29.91323702470883,,,,,,,,,,,,,,,,0.33083201745453544,0.0,,,,,,,,,0,0,1,,0,0,0,0,1,,94.05373336478078,,,,,,,,,,,,,,,,,-5890.0,,,-217304.39894991802,144929.28748651035,,7570.247318462948,424161.9687990274,1000.1586145063682,,,,0.4914679483396786,,,,,,,,,,,,,,0.005666834143270627,0.03809005660998288,,,,,0.005650838041717911,-0.15826724224475452,-0.15356975666179573,-0.06896097462828565,-0.15054291889565308
2025-10-10 00:00:00+05:30,7608.897012135652,7757.691008645042,7608.897012135652,7693.49560546875,236521,0.0,0.0,,,,,,,,,,,,,,,,,7450.139305729502,,,,,7417.498917835011,7569.706329698295,7644.2294921875,,,36.60016521305454,,,,,,,,,,4.353696072791441,,320.97705078125,,,,0.7751071984858448,0.33083201745453544,,,,,,,,,0,0,1,,0,0,0,0,1,,162.72762973879162,,,,,,,,,,,,,,,,,230631.0,,,-184871.7534649695,143298.4349284144,,7686.694542083148,731009.2779449103,1000.1586145063682,,,,1.361184983290276,,,,,,,,,,,,,,0.012973364274034171,0.04558361226018648,,,,,0.012889931015657292,-0.15826724224475452,-0.15356975666179573,-0.06896097462828565,-0.15054291889565308
2025-10-13 00:00:00+05:30,7663.637580000488,7711.410905174517,7572.072040083599,7649.2060546875,129001,0.0,0.0,,,,,,,,,,,,,,,,,7487.163303121763,,,,,7432.133350849235,7604.100561295615,7671.350830078125,,,34.984419575392906,,,,,,,,,,4.957328520145842,,361.2861328125,,,,1.136223121841566,0.7751071984858448,,,,,,,,,0,0,1,,0,0,0,0,1,,139.33886509091826,,,,,,,,,,,,,,,,,101630.0,,,-171050.217750684,134001.8988884283,,7644.229666648539,656746.5938111754,999.5829392470001,,,,0.7952200862406416,,,,,,,,,,,,,,-0.005756752593680248,0.009191780062103083,,,,,-0.005773386563043068,-0.15826724224475452,-0.15356975666179573,-0.06896097462828565,-0.15054291889565308
2025-10-14 00:00:00+05:30,7663.637314083448,7688.021614628259,7534.748868346591,7572.07177734375,163491,0.0,0.0,,,,,,,,,,,,,,,,,7499.451833131795,,,,,7441.4102756404545,7620.762668541938,7610.638916015625,,,32.30927088043768,,,,,,,,,,4.534209911657973,,328.44140625,,,,1.3170660343844482,1.136223121841566,,,,224.09046228450916,70.81771600284083,,,,0,0,1,,0,0,0,0,1,,153.27274628166833,,,,,,,,,,,,,,,,,-61861.0,,,-254918.97749094543,91331.26523758462,3008723.597127279,7598.280753439533,491882.9459103708,999.5829392470001,,,,1.0633152939171766,,,,,,,,,,,,,,-0.0100839586216247,0.001645704426601835,,,,,-0.010135146138301776,-0.15826724224475452,-0.15356975666179573,-0.06896097462828565,-0.15054291889565308
2025-10-15 00:00:00+05:30,7572.071977316869,7687.026540063991,7557.640452123508,7622.33349609375,115511,0.0,0.0,,,,,,,,,,,,,,,,,7518.970242962923,,,,,7453.149394157964,7625.574683706725,7597.20263671875,7468.56298828125,7464.332905815163,35.756551991284205,,,,,,,,,-23.070355181187352,5.112549028664973,,370.7412109375,,,,1.4201952719057453,1.3170660343844482,,,,200.46648147024007,71.0803935297572,,,,0,0,1,,0,0,0,0,1,145.45268863195633,129.38608794048287,,,,,,,,,,,,,,,,,53650.0,,,-254918.97749094543,65572.25463154993,3408303.282470703,7622.33349609375,568556.5639801653,1000.2467168791719,,,,0.7862458870663637,,,,,,,,,,,,,,0.006637776321717803,0.009290975265336954,,,,,0.006615843288682755,-0.15826724224475452,-0.15356975666179573,-0.06896097462828565,-0.15054291889565308
2025-10-16 00:00:00+05:30,7663.63724169677,7668.613629516054,7434.723402009724,7542.21337890625,186760,0.0,0.0,,,,,,,,,,,,,,,,,7520.583817527617,,,,,7459.215893181916,7611.5091070036315,7582.2734375,7468.56298828125,7464.332905815163,32.88185094204028,,,,,,,,,-36.72604023208954,3.088011394742025,,225.927734375,,,,1.03977040495749,1.4201952719057453,,,,174.10309659194536,-59.78713091438476,,,,0,0,1,,0,0,0,0,1,151.7696556944116,233.89022750633012,,,,,,,,,,,,,,,,,-133110.0,44.31999800909129,,-270018.7221717967,44268.899291396694,783798.0869838172,7548.516803477342,372248.79164764046,1000.2467168791719,,,,1.2102407780378495,,,,,,,,,,,,,,-0.010511232187434438,-0.006945392277532769,,,,,-0.010566865380835802,-0.15826724224475452,-0.15356975666179573,-0.06896097462828565,-0.15054291889565308
2025-10-17 00:00:00+05:30,7557.1427867742495,7583.517643069458,7205.312156572129,7404.36767578125,1113487,0.0,0.0,,,,,,,,,,,,,,,,,7519.415765548761,,,,,7455.180784044699,7573.685829701831,7473.29052734375,7468.56298828125,7464.332905815163,28.618763329736492,,,,59.99437386359248,,,,,-60.22048299594566,0.6289715099437183,,46.2802734375,,,,0.4025617376043717,1.03977040495749,,,,101.88466116575728,-276.32082533157154,,,,0,0,1,,0,0,0,0,1,167.9436436089057,378.2054864973288,,,,,,,,,,,,,,,,,-1246597.0,32.354594486514394,,-211414.14322442745,50176.35638173361,-21255229.98766342,7397.732491807612,-1662822.224306637,1000.2467168791719,,,,4.4254358022134985,,,,,,,,,,,,,,-0.01827655837880715,-0.03758082730065904,,,,,-0.018445637969185674,-0.15826724224475452,-0.15356975666179573,-0.06896097462828565,-0.15054291889565308
2025-10-20 00:00:00+05:30,7494.440359119453,7663.637551822017,7475.530084640931,7637.2626953125,526263,0.0,0.0,,,,,,,,,,,,,,,,,7520.8017236402675,,,,,7466.989986514756,7553.170634845828,7520.815185546875,7472.5439453125,7464.332905815163,42.243307173147166,,,,60.84255219778173,,,89.34456890542555,,-20.52582017861958,0.7616042655971752,,57.72607421875,,,,0.1932398198350747,0.4025617376043717,,,,159.77175371705835,-28.33571346402732,-2360.5716691650596,,,0,0,1,,0,0,0,0,1,174.4669459254672,259.2698760407666,,,,,,,,,,,,,,,,,-720334.0,44.96224725928697,,167272.45995017982,168522.74834863434,-709621.180343762,7592.143443925149,-7528.524285963038,1003.3920903901743,,,,1.860512884330043,,,,,,,,,,,,,,0.03145373511002436,-0.001561385494077694,,,,,0.03096920047289777,-0.15826724224475452,-0.15356975666179573,-0.06896097462828565,-0.15054291889565308
2025-10-21 00:00:00+05:30,7657.665641436555,7661.149112939678,7536.739416399573,7569.0859375,65121,0.0,0.0,,,,,,,,,,,,,,,,,7521.047170919108,,,,,7473.896979489242,7544.080740193713,7603.17431640625,7504.890625,7481.5015826085855,39.84568874711463,,,,61.703181833118066,60.846702631497415,0.856479201620651,90.4754810547486,,-34.14415132608052,0.12507327805926372,,9.455078125,,,,0.22929226234906855,0.1932398198350747,,,,147.9661520639993,23.55645552389433,-2418.1426830388386,,252.88346354166666,0,0,1,252.88346354166666,0,0,0,0,1,170.89142811222706,124.40969654010496,,,,,,,,,,,,,,,,,-785455.0,46.45301142217182,,136014.37995017885,191671.17884885392,-1242495.1039386266,7588.991488946417,-65661.11475234543,1002.4994046134451,,,,0.23395104994339924,,,,,,,,,,,,,,-0.008926857767292073,-0.0003943227073842648,,,,,-0.00896694088458604,-0.15826724224475452,-0.15356975666179573,-0.06896097462828565,-0.15054291889565308
2025-10-23 00:00:00+05:30,7623.826409180272,7653.187098354007,7464.58199332272,7482.99462890625,250081,0.0,0.0,,,,,,,,,,,,,,,,,7520.587727031792,,,,,7474.543657146409,7540.293618521956,7526.040283203125,7525.79150390625,7481.5015826085855,36.99059042978024,,,,65.20010746242193,62.58194716444057,2.6181602979813547,92.20924582191338,90.6764319273625,-49.72970610803409,-0.9159209475085307,,-69.171875,,,,0.24959456919300932,0.22929226234906855,-9.7305090274169e-05,,,144.31675633110262,-44.28834870018363,-2499.438774565165,,203.5342610677083,0,0,1,203.5342610677083,0,0,0,0,1,172.15669074930273,188.60510503128626,,,,,,,,,,,,,,,,,-1035536.0,41.44816199308056,,-65238.1398387395,119681.44604348301,-4140681.5954379076,7533.587906860994,-350104.979205874,1002.4994046134451,,,,0.8674792661559909,,,,,,,,,,,,3.333833141297359,,-0.011374069379662122,-0.018280342530132998,,,,,-0.011439248815055564,-0.15826724224475452,-0.15356975666179573,-0.06896097462828565,-0.15054291889565308
2025-10-24 00:00:00+05:30,7514.345778515157,7569.086045775864,7431.240100037538,7477.5205078125,202587,0.0,0.0,7488.344165039063,,,,7488.344165039062,,,,7532.59255952381,,7488.344165039062,,7488.344165039062,,,,7519.684698327939,7698.291193181818,,7467.673546912362,,7474.755950937831,7532.811461796015,7480.257568359375,7548.931640625,7481.5015826085855,36.80997906480691,,,,55.13514266966426,60.679477321734744,-5.544334652070482,80.48226668488125,87.72233118718108,-50.72071455689257,-1.5463257060584135,,-117.44287109375,3103.304606019852,,,0.16688555222569063,0.24959456919300932,-0.0003464399015440378,,,64.6942514973025,-73.1516942410235,-2581.1087401553887,-2462.8072207547425,134.11360677083331,0,1,0,134.11360677083331,1,0,0,0,0,169.70592324851867,137.845945738326,7206.749347670879,7488.344165039063,7769.938982407248,7.520883419938688,0.48078150491595995,7152.4877672189095,7488.344165039062,7824.200562859215,7170.974802985284,7464.332905815163,7757.691008645042,,,7087.668924176607,7488.344165039063,7904.169774928654,-1238123.0,36.843530901482445,-0.026599995483840465,-131791.9918242948,58174.74371465613,-3707582.1918067113,7492.615551208633,-364925.05893352214,1002.4262504637334,,,,0.6778153139212326,-0.07687398033616015,140.79740868409246,19823.910292155353,7547.18994140625,7547.18994140625,-0.48314768021678456,-1.088605804146412,,19823.910292155353,7621.089348493304,,3.32704440450622,,-0.000731541497117183,-0.008577438457877729,,,,,-0.0007318092041653573,-0.15826724224475452,-0.15356975666179573,-0.06896097462828565,-0.15054291889565308
2025-10-27 00:00:00+05:30,7479.013221107303,7665.627763519655,7448.159616761794,7630.29541015625,276608,0.0,0.0,7501.233007812501,,,,7501.863331240699,,,,7546.111725725447,,7514.0949578040845,,7525.161667551909,,,,7520.909180707225,7690.014390557359,,7486.387103236831,,7484.987354397188,7535.054570915956,7553.907958984375,7548.931640625,7481.5015826085855,44.896395739144836,,,,58.82883178819522,59.72136064009379,-0.8925288518985752,82.73778211893972,85.14309820857811,-23.063083970487675,-0.8214756796322279,3.496455838756128,-63.2001953125,3144.2686681926016,,,0.2537544071154625,0.16688555222569063,0.0016830523127175923,,,143.2497384014232,-74.21840835643798,-2718.4589764374555,-2549.616114819567,97.37125651041666,0,1,0,97.37125651041666,1,0,0,0,0,173.11751064204313,217.46814675786118,7218.365572181494,7501.233007812501,7784.100443443507,7.541891721971614,0.728132308789528,7156.570752878111,7501.863331240699,7847.155909603287,7170.974802985284,7464.332905815163,7757.691008645042,,0.21609297561776233,7092.740577390873,7501.233007812501,7909.241427903623,-961515.0,37.978369290073665,0.08581147558048892,54934.23243199964,87137.18741489734,2859038.1480942466,7581.3609301459,200218.96365188068,1002.4262504637334,,,,0.9132262100887778,0.9125292351581131,141.43371781550312,20003.496535115362,7555.898681640625,7555.898681640625,-0.6900648741084147,-0.849362277743389,,20003.496535115362,7635.86916155134,12.8888427734375,3.3225918684197406,,0.020431224786897184,0.03051276547408377,0.034964558387561295,,,,0.020225307353295956,-0.15826724224475452,-0.15356975666179573,-0.06896097462828565,-0.15054291889565308
2025-10-28 00:00:00+05:30,7630.793248910307,7682.547683362288,7442.68578522907,7474.53466796875,761477,0.0,0.0,7510.563745117187,,,,7499.260601405275,,,,7543.569026692709,,7507.9724603496215,,7514.800646085189,,,,7519.646362375814,7660.203263703682,,7493.859561181526,,7484.236548754219,7529.62098101716,7552.4150390625,7548.931640625,7481.5015826085855,39.36529237678393,,,,58.31831496290691,57.42742980692213,0.8908851559847832,78.08516269756471,80.43507050046189,-51.26125658389904,-2.2835230933765978,2.5606036851971705,-174.67138671875,2629.4066077416282,,,0.4038403840672876,0.2537544071154625,0.002854175731292763,,,167.004423551125,-72.85747458209335,-2935.5134940679054,-2672.3479503031263,51.837239583333336,0,1,0,51.837239583333336,1,0,0,0,0,177.88496689141277,239.86189813321835,7245.57694913534,7510.563745117187,7775.550541099034,7.056375658994212,0.4320172218111102,7141.165049908987,7499.260601405275,7857.356152901563,7170.974802985284,7464.332905815163,7757.691008645042,,0.22567833254690825,7102.306859900868,7510.563745117187,7920.549447776601,-1722992.0,29.60026138750782,-0.0021428137330837134,-504324.80906177626,-86882.16131165059,-14493427.684306491,7533.256045520036,-1354219.1845859755,1002.4262504637334,,,,2.0797506736519997,-0.27193111275555903,132.49339799092343,17554.50051118123,7555.898681640625,7555.898681640625,-0.8309815362077082,-0.2834580632527202,,17554.50051118123,7609.57958984375,9.3307373046875,3.3167053043068426,,-0.020413461578456804,-0.021307114058499943,0.025606036851971714,,,,-0.020624695912037378,-0.15826724224475452,-0.15356975666179573,-0.06896097462828565,-0.15054291889565308
2025-10-29 00:00:00+05:30,7484.487407892186,7721.3634721313265,7479.013381197584,7698.9697265625,211944,0.0,0.0,7533.330712890625,,,,7518.280518086916,,,,7561.512453497025,,7543.371172224714,,7564.3679644938275,,7544.351022706133,,7522.608377327399,7671.1939964015455,,7513.976767734624,,7497.9337138265455,7550.9395120128975,7586.752197265625,7551.668701171875,7481.5015826085855,49.096473220518426,,,,71.68168069875816,62.94294248328676,8.7387382154714,89.81214183459684,83.54502888370043,-10.630617349338822,1.675868282158113,6.286065579572031,126.89794921875,1934.4207472650432,,,0.7659506150566489,0.4038403840672876,0.006866048027709404,,,179.61643135568647,-62.73365957805618,-3130.925372866199,-2836.6631756720512,-0.74658203125,1,0,0,-0.74658203125,1,1,0,0,0,182.80952669649588,246.8288041625765,7287.347315523052,7533.330712890625,7779.3141102581985,6.5305349450983154,0.8366873850928243,7147.274294511689,7518.280518086916,7889.286741662144,7170.974802985284,7464.332905815163,7757.691008645042,,0.24496066104890152,7102.013760333874,7533.330712890625,7953.47373694949,-1511048.0,34.122063950267204,0.06215017220362453,-331549.10474966234,-95199.42884487033,-5627557.435320744,7633.11552663047,-717822.8579699595,1005.4289130850674,,,,0.5713024204015322,1.3467495403712961,122.99169868378667,15126.95794512337,7564.3583984375,7564.3583984375,-0.8552328422357808,0.1386801198584286,,15126.95794512337,7617.875934709821,22.7669677734375,3.318805871694608,,0.03002662621334018,0.01715977201672514,0.06286065579572031,,,,0.029584652599984287,-0.15826724224475452,-0.15356975666179573,-0.06896097462828565,-0.15054291889565308
2025-10-30 00:00:00+05:30,7698.472102615619,7831.34165991351,7661.646832053657,7807.95263671875,345825,0.0,0.0,7561.14873046875,,,,7545.868338908996,,,,7587.666922433036,,7593.5298162536465,,7632.948135017616,,7578.060055063751,,7529.353661255949,7709.527129556755,,7541.692560199634,,7516.764908506847,7599.82740868972,7753.461181640625,7606.16015625,7518.32690824282,53.037822029331515,,,,78.12401215412362,69.37466927192956,8.749342882194057,89.81214183459684,85.90314878891947,-3.7360896043913017,2.4352009882554344,7.6722508613915,185.619140625,1194.3947305409447,,,1.1979845630283674,0.7659506150566489,0.01447704083976653,,2.2801325688142757,251.56524828885358,81.87042042900066,-3224.4669900760705,-3012.633950063622,-9.455240885416664,1,0,0,-9.455240885416664,1,1,0,0,0,181.87276249387853,169.69482785985292,7323.628196928626,7561.14873046875,7798.669264008874,6.282657358213327,1.0195422529823253,7177.873217034294,7545.868338908996,7913.8634607836975,7205.312156572129,7518.32690824282,7831.34165991351,,0.24789344738177904,7120.824883163536,7561.14873046875,7986.840795129461,-1165223.0,37.843385468557926,0.09141899941166112,-81054.16340069077,-10244.517966071959,560524.327551527,7766.980376228639,-228289.63153379248,1005.4289130850674,,,,0.8776943433414895,2.0781690119292997,118.76026677006219,14104.000963296337,7570.578857421875,7570.578857421875,-0.2418890616592299,0.29274017143408926,,14104.000963296337,7640.703306361607,27.818017578125,3.3227801118557183,,0.014155518728726113,0.043426198190389176,0.07672250861391494,,,,0.014056264936124467,-0.15826724224475452,-0.15356975666179573,-0.06896097462828565,-0.15054291889565308
2025-10-31 00:00:00+05:30,7827.858346402336,7865.678895310573,7648.2107390882065,7667.61865234375,324713,0.0,0.0,7578.715380859375,,,,7557.463606855163,,,,7597.80691499256,,7611.076852594474,,7652.12597907133,,7612.771778464048,,7531.412875387334,7730.607367590041,,7553.4875221289985,,7526.716897955984,7647.152444246626,7737.78564453125,7606.16015625,7535.495525941351,47.89526926345949,,,,85.21361035935395,78.3397677374119,6.873842621942046,92.98013786535061,90.86814051151477,-29.992461968208005,1.662711821283501,4.802067946528483,125.4052734375,460.833256813341,,,1.645565986044418,1.1979845630283674,0.02222634066118001,,1.778698195027058,273.3535921546172,55.8854359322504,-3248.236518977262,-3149.089123154951,22.5595703125,1,0,0,22.5595703125,1,1,0,0,0,184.41529061734198,217.46815622236682,7366.865291065008,7578.715380859375,7790.565470653742,5.59065960781191,0.7098258999339333,7183.093133497601,7557.463606855163,7931.834080212724,7205.312156572129,7535.495525941351,7865.678895310573,,0.25871327195740024,7129.449681085894,7578.715380859375,8025.448330884311,-1489936.0,31.951193543785415,0.029465669860158566,-347809.2366272341,-59435.53063627533,-6029303.300435744,7727.169428914176,-811903.1751670334,1003.6315919318237,,,,0.7962348207721919,0.8393035997357348,105.9250448971832,11220.115136470276,7575.80419921875,7575.80419921875,-0.117254359546534,0.39509144858166734,,11220.115136470276,7635.989983258928,17.566650390625,3.3255665729351116,,-0.017973211532437583,0.025422617608689357,0.04802067946528488,,,,-0.01813669150121385,-0.15826724224475452,-0.15356975666179573,-0.06896097462828565,-0.15054291889565308
2025-11-03 00:00:00+05:30,7667.618386546908,7738.28309389956,7548.682717129417,7590.484375,240686,0.0,0.0,7590.335229492188,,,,7560.608441916575,,,,7598.9277715773815,,7611.960991212469,,7647.055285052246,,7637.62655138156,,7532.814268152791,7712.807242551704,,7559.843809521903,,7531.120576014886,7671.38439236444,7629.051513671875,7606.16015625,7535.495525941351,45.295598671025665,73.52696001465483,,,74.86615506481068,79.40125919276275,-4.535104127952067,82.41158503461402,88.40128824485382,-41.672983232968605,2.513606932669135,3.1583883140913125,186.11669921875,-871.7175476671664,,,1.4574930501631256,1.645565986044418,0.028605932489544905,,1.3172145779696265,146.2207804801692,-43.37959628997396,-3306.4415898951115,-3230.4623301446622,30.936442057291668,1,0,0,30.936442057291668,1,1,1,0,0,184.78565391397066,189.60037677014316,7405.691290907031,7590.335229492188,7774.979168077345,4.865238042918701,0.5004038732843195,7185.777941874944,7560.608441916575,7935.438941958207,7205.312156572129,7535.495525941351,7865.678895310573,,0.26206022776086274,7134.834795540094,7590.335229492188,8051.983092454512,-1730622.0,31.200384659613263,-0.008887796759552313,-482365.9767847153,-116969.4049027139,-7820137.211338896,7625.816728676326,-1054027.1189691033,1002.6256175760154,17.09892516996553,0.0,17.09892516996553,0.750898900416653,0.0016154931372778375,92.32196929257874,8523.346014059853,7585.010498046875,7585.010498046875,0.19927619064344496,0.6677120909363858,,8523.346014059853,7616.112855747768,11.6198486328125,3.329559718530517,,-0.010059743558082701,-0.00521749591808196,0.031583883140913205,,,,-0.010110684702822982,-0.15826724224475452,-0.15356975666179573,-0.06896097462828565,-0.15054291889565308
2025-11-04 00:00:00+05:30,7581.029160660032,7631.290677348142,7512.852647924676,7524.29833984375,162179,0.0,0.0,7587.573315429689,,,,7557.150336957258,,,,7592.638543991816,,7600.483405642733,,7624.9796652312,,7640.361474693925,,7532.676506541856,7690.588528231303,,7558.084555724429,,7530.631503688811,7656.258470280263,7557.391357421875,7606.16015625,7535.495525941351,43.13222662033561,62.199834658397776,,,58.87965121216891,72.98647221211118,-14.106820999942272,68.88991256987347,81.42721182327936,-51.69560116231662,-1.4791209884411047,-0.72878177138524,-112.96435546875,-1198.171159779181,,,0.9638729250810838,1.4574930501631256,0.0327422974669922,0.012112349170820578,1.11199013791921,48.90893158241306,-69.52909784105304,-3455.45896268337,-3298.213695084031,14.929117838541668,1,0,0,14.929117838541668,1,1,0,0,0,180.04653787893463,118.4380294234661,7400.611303114514,7587.573315429689,7774.535327744863,4.928110860819713,0.330781197735314,7195.458355124646,7557.150336957258,7918.842318789871,7205.312156572129,7535.495525941351,7865.678895310573,2.241202172727291,0.24215088068040297,7154.291413663081,7587.573315429689,8040.4616935673885,-1892801.0,31.214895746271317,-0.06092274368755983,-613199.4557763111,-171501.2417906089,-8236401.180519836,7556.147221705523,-1195440.8215117091,1001.7536569489145,11.567288935974313,-4.425308987192976,15.992597923167288,0.570807409912851,-0.6768752090587458,93.48100615758699,8738.698512234818,7581.278076171875,7581.278076171875,0.2699442423722217,0.5131155112805939,,8738.698512234818,7602.769001116071,-2.7619140625,3.3265221402835414,,-0.008719606271009539,0.00665776186553213,-0.007287817713852451,,,,-0.008757844481469327,-0.15826724224475452,-0.15356975666179573,-0.06896097462828565,-0.15054291889565308
2025-11-06 00:00:00+05:30,7549.180597942086,7633.779193963849,7536.739627938885,7555.64990234375,201409,0.0,0.0,7587.374267578126,,,,7557.007438422639,,,,7589.598218936013,,7596.084259035318,,7614.396650406639,,7632.0779868650225,,7532.796370094732,7684.656780378917,,7557.969865601592,,7532.394980506066,7619.443556568462,7539.97412109375,7606.16015625,7535.495525941351,44.484811527064245,55.11745556550795,,,53.22780437052333,62.32453688250097,-9.096732511977642,64.23445365374442,71.8453170860773,-46.948002493144756,-0.17751199110691826,-0.05266073311388024,-13.43603515625,-1282.7360032245033,,42.67891553482417,0.525379271163434,0.9638729250810838,0.03559362574145908,0.016078008152124273,0.5234347637250805,55.21628297268853,-41.823283052275656,-3610.1753080731905,-3397.0354887012354,60.21427408854166,1,0,0,60.21427408854166,1,1,0,0,0,175.00613189616067,109.48085412009914,7400.278568573182,7587.374267578126,7774.469966583069,4.9317640703300665,0.41521888155874265,7208.908815979781,7557.007438422639,7905.106060865497,7205.312156572129,7535.495525941351,7865.678895310573,2.3890811393717746,0.24250760387579284,7153.78529961973,7587.374267578126,8043.439051546446,-1691392.0,32.42197344309317,-0.08072028734927246,-736110.5891096416,-217326.78641529765,-6157702.890222359,7575.389574748828,-1111519.549834786,1001.7536569489145,8.00675412529379,-6.388675038298798,14.395429163592588,0.6764345632540489,-0.3391244737650299,93.54784950247164,8751.200146537081,7581.278076171875,7581.278076171875,0.2756930549020247,0.5048116488975312,,8751.200146537081,7594.046121651786,-0.1990478515625,3.326007471068934,,0.004166709118109013,-0.01861545496461392,-0.0005266073311388508,,,,0.004158052423958081,-0.15826724224475452,-0.15356975666179573,-0.06896097462828565,-0.15054291889565308
2025-11-07 00:00:00+05:30,7549.180235537759,7553.658984523906,7416.310682282085,7506.38330078125,127993,0.0,0.0,7585.085107421876,,,,7552.186091980602,,,,7581.884793526787,,7583.179140039754,,7592.4336046844255,,7615.32688201772,,7532.63386831489,7670.4271911761625,,7556.97169413852,,7530.511115604316,7577.4973472641,7531.0166015625,7606.16015625,7535.495525941351,42.76353742436421,45.0103646351472,,,48.98263426098614,53.69669661455946,-4.714062353573318,60.77805336437612,64.63413986266467,-54.408493561580194,0.3125576461681705,-0.606226082294654,23.388671875,-905.8874651063088,,47.949130402475404,-0.04783204506550898,0.525379271163434,0.036628567308394366,0.02018634228656187,0.1636752167920763,-14.59255358012524,-151.94085582194657,-3733.083826879788,-3528.4656597146695,37.48868815104166,1,0,0,37.48868815104166,1,1,0,0,0,172.45849533655385,139.3392200616654,7395.077934272128,7585.085107421876,7775.0922805716245,5.010020862226832,0.2928978013409002,7210.698915472937,7552.186091980602,7893.673268488267,7205.312156572129,7535.495525941351,7865.678895310573,2.5489348712702866,0.24359857409929972,7151.521617001924,7585.085107421876,8037.816305014208,-1819385.0,32.82440251973161,-0.07018844115243525,-696228.7122980483,-203626.93146577256,-6178856.78216046,7492.117655862414,-1194977.3624027427,1001.1016071292528,2.820812319612519,-9.259693475184056,12.080505794796576,0.44824563523207267,-0.8284087946363976,95.0035865748743,9025.681462089638,7581.278076171875,7581.278076171875,0.3102920291619281,0.33153948953277007,,9025.681462089638,7575.484165736607,-2.28916015625,3.3261828670890066,,-0.006520498196616709,-0.03862335620727242,-0.006062260822946586,,,,-0.006541849509724151,-0.15826724224475452,-0.15356975666179573,-0.06896097462828565,-0.15054291889565308
2025-11-10 00:00:00+05:30,7524.298453827386,7626.314405086288,7465.079438218559,7572.07177734375,112624,0.0,0.0,7583.940527343751,,,,7554.0799667770925,,,,7580.645428757442,,7583.834801741721,,7591.087600763283,,7601.483955817944,,7533.179568345745,7655.514901019505,,7556.629378063551,,7533.415093762158,7554.476600130647,7539.2275390625,7641.24365234375,7640.994788796329,45.776193459123846,41.81887141394964,,,44.435248469704106,48.88189570040452,-4.446647230700414,59.38373938515491,61.465415467758476,-65.33775853616272,1.2644735568757453,-0.30140502883894904,94.55126953125,-734.2267686463247,,44.38903382240427,-0.42897937759053223,-0.04783204506550898,0.03731001267881506,0.02414489343835048,0.7158475012363754,57.51711851944037,-103.71784834828941,-3728.24803720008,-3645.037544964901,11.528564453124998,1,0,0,11.528564453124998,1,1,0,0,0,171.65681473163787,161.23496686772978,7393.908112922697,7583.940527343751,7773.972941764804,5.011442632913466,0.46877177497281325,7214.403956247733,7554.0799667770925,7893.755977306452,7205.312156572129,7535.495525941351,7865.678895310573,2.4779372595609046,0.24483076352591907,7142.62808401372,7583.940527343751,8045.718080401742,-1706761.0,44.144438059992865,-0.07682596485839656,-659382.588841257,-167787.139571463,-4239291.672655395,7554.488540216199,-1096419.925512929,1001.9767086785656,-2.094409196261576,-11.339931992846523,9.245522796584947,0.4072526142143544,-0.12491290010874707,95.01620721052679,9028.079632673764,7572.07177734375,7572.07177734375,0.35010834942956687,0.3491444884368604,,9028.079632673764,7574.055231584822,-1.144580078125,3.3276056601609305,107.86156901041674,0.008751015493128733,-0.012461088550719035,-0.003014050288389525,,,,0.008712947286152944,-0.15826724224475452,-0.15356975666179573,-0.06896097462828565,-0.15054291889565308
2025-11-11 00:00:00+05:30,7584.015148926578,7653.684579428528,7513.3504408460285,7623.32861328125,105930,0.0,0.0,7580.432177734376,,,,7560.675075967964,,,,7584.396675037203,,7593.5631206800845,,7602.959985756847,,7595.368939224836,,7533.606769422057,7666.620392217052,,7552.129434612632,,7539.539810243008,7555.220874922845,7597.7001953125,7641.24365234375,7640.994788796329,48.07296388177377,42.930709832085086,,,42.10747054627846,45.175117758989565,-3.067647212711101,60.86083064365321,60.340874464394744,-53.931336263421684,-0.09130441877423114,-0.9120300548117991,-6.966796875,-1345.7337166278749,,42.53782960999272,-0.5780442010063002,-0.42897937759053223,0.038469941316043865,0.02810220072554505,0.909859193038166,77.09710333105158,-63.237035251448106,-3546.5201677722407,-3679.8932006675277,18.993082682291664,1,0,0,18.993082682291664,1,1,1,0,0,169.41948072098515,140.3341385824997,7396.42047967831,7580.432177734376,7764.443875790442,4.854913116868308,0.6165589905425585,7226.618849568544,7560.675075967964,7894.731302367385,7205.312156572129,7535.495525941351,7865.678895310573,2.549780778734062,0.24143830423874912,7138.682509892041,7580.432177734376,8039.65754179834,-1600831.0,37.221541633059346,-0.07368982069010092,-599280.4611816831,-118748.62594379357,-2858016.200724714,7596.787877851935,-1024713.8351519621,1002.6536282515002,-6.507287825265042,-12.60224849747999,6.094960672214949,0.4082427026568726,0.4662359621702347,92.0058490280329,8465.076255369182,7572.07177734375,7572.07177734375,0.4186386626521536,0.8076677892836697,,8465.076255369182,7592.325669642857,-3.508349609375,3.3263564781585737,103.7267361111112,0.006769195729346533,0.004327027981168907,-0.009120300548117966,,,,0.006746387594567907,-0.15826724224475452,-0.15356975666179573,-0.06896097462828565,-0.15054291889565308
2025-11-12 00:00:00+05:30,7651.69415435791,7708.922616100311,7598.446802997589,7643.73193359375,129351,0.0,0.0,7580.158471679688,,,,7568.585252884706,,,,7590.425223214286,,7605.497929596533,,7617.641188856195,,7596.512183652935,,7537.4381999201,7659.179796827332,,7552.009573050379,,7546.584541272814,7574.080103297172,7633.5302734375,7641.24365234375,7640.994788796329,48.99902531491311,44.940184744929866,,,43.78000492401533,43.440907979999295,0.33909694401603474,66.5897608455191,62.2781102914424,-49.390890428369595,2.263649486436597,-0.07156456571588121,169.197265625,-1244.2336526267527,,46.60089141780514,-0.4442397466318003,-0.5780442010063002,0.040207504407852035,0.03180680699000534,0.982329837835074,122.74307464622325,12.267261543501263,-3278.3490649771284,-3593.4948836335925,52.003173828125,1,0,0,52.003173828125,1,1,0,0,0,165.20921874825208,110.47581310272199,7396.561680346288,7580.158471679688,7763.755263013088,4.8441412410924585,0.6731333686508085,7245.300893170426,7568.585252884706,7891.869612598986,7205.312156572129,7535.495525941351,7865.678895310573,2.5749905811741827,0.24083282642170387,7142.840250803693,7580.158471679688,8036.599519712945,-1471480.0,40.29023618227124,-0.08028689872715798,-622586.9476681696,-95307.7864378296,-2072701.045515157,7650.367117563884,-990093.9201565068,1002.6536282515002,-9.312400050555734,-12.325888578216546,3.0134885276608125,0.6590616583463005,0.6925334746032336,91.79839566669995,8426.945446979995,7572.07177734375,7572.07177734375,0.4260050431453107,0.8468723074445168,,8426.945446979995,7610.958726283482,-0.2737060546875,3.3286331418944295,95.47146592881933,0.0026764319561081162,0.015873053985320906,-0.0007156456571587588,,,,0.0026728566899838287,-0.15826724224475452,-0.15356975666179573,-0.06896097462828565,-0.15054291889565308
2025-11-13 00:00:00+05:30,7626.314348335201,7779.089454693369,7601.43240918892,7684.5380859375,182942,0.0,0.0,7585.781787109375,,,,7579.628379842115,,,,7600.366138857888,,7623.016964114279,,7639.862876951422,,7604.881716086646,,7538.3298645182,7649.8411052396095,,7555.724479543979,,7555.749605764951,7604.886984312805,7664.135009765625,7641.24365234375,7640.994788796329,50.88556061813037,49.25761245911235,,,52.12255529681469,46.003343589036156,6.119211707778533,77.08482411460959,68.1784718679273,-40.31010741776466,-0.18744898522212478,1.4852778988474233,-14.431640625,-558.1183482201441,,50.123942428651546,-0.15702700880349957,-0.4442397466318003,0.042890132324879815,0.03496381715501792,1.7506636113112402,178.8586925987929,1.2016470943444801,-3061.090043570256,-3406.5127577115118,64.02945963541667,1,0,0,64.02945963541667,1,1,0,0,0,166.09834923083753,177.65704550444843,7396.428739401904,7585.781787109375,7775.134834816846,4.99231464920969,0.7607729318956948,7253.293569528347,7579.628379842115,7905.963190155882,7205.312156572129,7535.495525941351,7865.678895310573,2.504856154007424,0.2384747755578114,7143.7868807308605,7585.781787109375,8043.642224445807,-1288538.0,46.49679143030886,-0.06723748641557709,-634373.1269398769,-80804.15582294844,-710149.5930029473,7688.353316606595,-892430.1194512338,1002.6536282515002,-9.442684195587832,-9.964938178598915,0.5222539830110835,0.9460957814539533,1.043091727582781,94.67652385373536,8963.644169026922,7581.278076171875,7581.278076171875,0.26849625747820854,0.3362146863200363,,8963.644169026922,7629.534842354911,5.6233154296875,3.326697668856197,86.18440321180557,0.005338511697984716,0.017058517170543963,0.014852778988474258,,,,0.0053243123575550146,-0.15826724224475452,-0.15356975666179573,-0.06896097462828565,-0.15054291889565308
2025-11-14 00:00:00+05:30,7703.448474812058,7710.913056667496,7566.597807462361,7595.95849609375,127917,0.0,0.0,7584.463037109374,,,,7581.183629008937,,,,7601.335349237352,,7621.847097358496,,7634.623056471648,,7607.697709199979,,7542.432481112768,7637.8846513923845,,7555.274071869356,,7558.561337924855,7624.650955989766,7640.248291015625,7641.24365234375,7640.994788796329,46.835561800220944,45.01269409996257,-6.077826724898237,51.09052082486081,50.09228877343357,48.66494966475453,1.4273391086790426,72.16207681699933,71.94555392570933,-60.02213583356502,-2.7151053610141953,-0.34602264534235494,-211.994140625,-607.6303703598887,79.58411336718382,49.95423964147205,0.13251545705954945,-0.15702700880349957,0.04473929373589591,0.03746525638554191,1.510296353600317,111.29261828732251,-33.02263091781242,-2946.6609115296046,-3195.3432160661023,59.05305989583333,1,0,0,59.05305989583333,1,1,0,0,0,164.54241351471592,144.31524920513493,7395.815777776074,7584.463037109374,7773.110296442675,4.974571262600502,0.5304681314348317,7258.439705543122,7581.183629008937,7903.927552474752,7205.312156572129,7535.495525941351,7865.678895310573,2.4975909277325052,0.24126481165274458,7142.768342346083,7584.463037109374,8046.355976377193,-1416455.0,47.497206584189286,-0.0805039701469168,-710241.1407329818,-91664.84261258063,-2227390.4217229504,7624.489786741203,-1039879.9110630171,1001.5009293013077,-11.695214098618774,-9.773974465303885,-1.921239633314888,0.7455482869239234,0.12187252573932682,94.3236296666501,8896.947113491355,7581.278076171875,7581.278076171875,0.3147984799032822,0.41305600127408426,,8896.947113491355,7635.079973493304,-1.31875,3.320912987641299,75.07711588541666,-0.011526989501925766,0.011933202945175525,-0.003460226453423587,,,,-0.011593940236297317,-0.15826724224475452,-0.15356975666179573,-0.06896097462828565,-0.15054291889565308
2025-11-17 00:00:00+05:30,7593.968060826256,7672.097352146683,7544.701819802546,7646.7177734375,146747,0.0,0.0,7589.688256835938,,,,7587.424976097372,,,,7607.264371744793,,7629.862666255557,,7643.027115660975,,7613.676479534462,,7543.235684212322,7644.0814628669195,,7558.0979022568445,,7564.572830391195,7635.8982223265175,7621.338134765625,7641.24365234375,7640.994788796329,49.32455851082351,45.22311130924845,-4.693927612489887,49.91703892173834,50.31377305270848,50.842872374318915,-0.5290993216104383,71.40524311233312,73.550714681314,-48.72643759054488,-0.2725863120469777,1.3855931844029177,-20.90087890625,-670.8472744054461,87.62393522893763,52.84580336712974,0.2753820385280267,0.13251545705954945,0.04666930892718302,0.03947229821194615,0.9920454601080755,65.7487230440338,-61.64680930010309,-2882.2171864558068,-3029.3446936054424,72.15763346354166,1,0,0,72.15763346354166,1,1,0,0,0,161.88906485967456,127.39553234413688,7400.181109180418,7589.688256835938,7779.195404491457,4.993805838726847,0.6504679831528801,7271.152753467512,7587.424976097372,7903.697198727231,7205.312156572129,7535.495525941351,7865.678895310573,2.54840121901525,0.23916204099146238,7158.661186372328,7589.688256835938,8035.62514661289,-1269708.0,40.7636922392435,-0.06266955057719927,-621963.6485454808,-59686.39036571805,-845081.5511392031,7621.172315128908,-941817.6102198274,1001.5009293013077,-12.678758101217232,-8.606014774321874,-4.072743326895357,0.9542794863757968,0.6018719326115195,94.7535738277599,8978.239753132744,7593.221435546875,7593.221435546875,0.14828868267900946,0.2869515603398225,,8978.239753132744,7642.4166015625,5.2252197265625,3.3201693431418495,68.541455078125,0.006682405830660265,0.009858067684606064,0.013855931844029223,,,,0.006660177527563786,-0.15826724224475452,-0.15356975666179573,-0.06896097462828565,-0.15054291889565308
2025-11-18 00:00:00+05:30,7643.234413145977,7693.495932498001,7613.873723623507,7624.82177734375,255512,0.0,0.0,7600.710961914063,,,,7590.986576216074,,,,7610.610421316965,,7632.604981704688,,7643.7744164656915,,7620.104182097199,,7544.1705136612745,7651.820867817094,,7597.658423372071,,7568.741910799515,7636.0255078102255,7635.769775390625,7657.16796875,7640.994788796329,48.27463880602829,43.12591585822702,-5.432898450809063,48.55881430903608,45.88412368704346,48.76339517106183,-2.8792714840183677,60.37275223311582,67.98002405414942,-53.599055514759705,0.45237432352596074,2.9773521685528594,34.33740234375,-1636.2225477553666,92.84625326811238,50.7372512598955,0.5037127195129424,0.2753820385280267,0.048202111782691404,0.04119005535813495,1.1125293351677348,84.50828221805114,4.886073343557655,-2798.656005665553,-2919.5837075344384,41.13818359375,1,0,0,41.13818359375,1,1,0,0,0,156.01286086073307,79.62220887449348,7432.096046381307,7600.710961914063,7769.325877446819,4.436819565371131,0.5714966862614336,7289.669382622489,7590.986576216074,7892.30376980966,7416.310682282085,7640.994788796329,7865.678895310573,2.511714791172059,0.22880038116300647,7208.021796098593,7600.710961914063,8010.339936933444,-1525220.0,57.85000728401846,-0.12522217329525476,-807209.8485454797,-100120.23350420874,-1523597.0086773527,7644.063811155086,-1014982.2008281089,1001.5009293013077,-8.777546495839044,-3.763842535154949,-5.0137039606840945,1.6456997405648832,0.28598674504573496,84.30745776637774,7107.747435029567,7609.6435546875,7609.6435546875,0.3974481316715965,0.48338476018682286,,7107.747435029567,7630.409340122768,11.022705078125,3.3211641686067988,61.93946940104167,-0.002863450272718393,0.0001958677289470856,0.029773521685528603,,,,-0.002867557789437721,-0.15826724224475452,-0.15356975666179573,-0.06896097462828565,-0.15054291889565308
2025-11-19 00:00:00+05:30,7626.811908765589,7667.618288546274,7604.915802541806,7651.69384765625,138316,0.0,0.0,7601.43251953125,,,,7596.768221115139,,,,7615.465934244792,,7639.653980989704,,7650.906314027425,,7629.9215284894135,,7550.168060881661,7660.955813069633,,7594.599289398162,,7574.414259752466,7635.769482692507,7638.2578125,7657.16796875,7640.994788796329,49.690003223096156,43.134991517161325,-4.339058233499806,47.47404975066113,50.01847275361963,48.73878983112385,1.2796829224957804,64.6322470399582,65.47008079513571,-47.61908863383651,1.6931214321725778,0.18895712926841401,127.3955078125,-1428.4273660187446,78.88304275951668,48.92340770247851,0.6651191386330426,0.5037127195129424,0.04976252080255428,0.04276437703158997,0.975162469189502,52.52975292685187,-10.172733077615703,-2746.480475794799,-2842.4812952611874,15.095052083333336,1,0,0,15.095052083333336,1,1,0,0,0,149.34783408528554,62.70248600446757,7432.037301937766,7601.43251953125,7770.827737124735,4.456928800150173,0.6483552158054928,7312.204572434377,7596.768221115139,7881.3318697959,7416.310682282085,7640.994788796329,7865.678895310573,2.568032429095398,0.2009021041789036,7226.8235954275815,7601.43251953125,7997.790490968278,-1386904.0,51.34957434222405,-0.207421038106832,-739149.594577228,-85903.97638876492,-774963.5392457666,7641.409312914777,-966235.6545365236,1001.8533581330523,-10.466110314537968,-4.361925083083098,-6.10418523145487,0.9047706576849839,0.5934208632219715,84.69760879674226,7173.684935885992,7609.6435546875,7609.6435546875,0.37163718150221653,0.40051299295066656,,7173.684935885992,7643.532763671875,0.7215576171875,3.3238703360853834,63.316259765625,0.0035242883174460005,0.0010416265420700732,0.001889571292684078,,,,0.0035180925661823614,-0.15826724224475452,-0.15356975666179573,-0.06896097462828565,-0.15054291889565308
2025-11-20 00:00:00+05:30,7663.6371651202035,7703.448267276672,7594.465375123339,7612.38037109375,220950,0.0,0.0,7603.597241210938,,,,7598.255092541673,,,,7616.508586774554,,7638.401758956952,,7646.104213813631,,7636.993602712391,,7551.38080803672,7666.424539577882,,7595.834473477497,,7577.072427436363,7633.360459024303,7632.037109375,7595.460693359375,7640.994788796329,47.63634494727717,39.51441743279702,-6.3677058542912945,45.88212328708831,47.471385432041686,47.79132729090159,-0.3199418588599059,60.35010246370801,61.78503391226067,-56.36769955527872,0.7508350636045524,0.5719902502263009,56.73046875,-1369.7860628156395,58.20320664112842,41.80214925254129,0.7604521204837368,0.6651191386330426,0.0506259975903145,0.044319647062914434,0.5747329951933241,88.74661230377387,-20.23627984955874,-2786.760579867471,-2793.2084548739967,-8.957519531249998,1,0,0,-8.957519531249998,1,1,0,0,0,146.4646239472889,108.98289215333261,7434.837151474336,7603.597241210938,7772.35733094754,4.438953942008781,0.5260225326275925,7320.034097610825,7598.255092541673,7876.476087472521,7416.310682282085,7640.994788796329,7865.678895310573,2.5802655788933726,0.19906765992337425,7231.228372012114,7603.597241210938,7998.338566456118,-1607854.0,39.84959268241313,-0.22614232045558302,-887458.4986868148,-119467.97920470056,-1905156.268851282,7636.764671164587,-1079757.0893903899,1001.8533581330523,-8.252068014499706,-1.7183062264358684,-6.5337617880638375,1.4270656120784198,0.10409013051036968,84.38004486830117,7119.991971976518,7617.8544921875,7617.8544921875,0.29373652811155954,0.41596208743940416,,7119.991971976518,7642.331277901785,2.1647216796875,3.324654479217549,62.652734375,-0.005137878925271178,-0.009389987275331024,0.005719902502262952,,,,-0.005151123209693158,-0.15826724224475452,-0.15356975666179573,-0.06896097462828565,-0.15054291889565308
2025-11-21 00:00:00+05:30,7611.883166716527,7611.883166716527,7470.553745995588,7485.48291015625,169885,0.0,0.0,7603.721655273437,,,,7587.514884695443,,,,7605.259602864584,,7614.120728162678,,7608.838395127632,,7626.105490204781,,7550.868736260954,7640.945444662726,,7597.965127717344,,7570.20420746484,7613.866333738293,7548.931640625,7585.010498046875,7597.700068487727,41.65230650111412,26.104604187266887,-15.82201527985714,41.92661946712403,38.36018080288255,45.283346329514615,-6.9231655266320615,42.47018318446324,55.817510896043146,-80.9326694022371,-0.2784348971737791,0.03325247943367426,-20.900390625,-1387.9963817404232,31.289773056699232,39.03920523421265,0.320539532142631,0.7604521204837368,0.048939577545037416,0.045611820936939135,-0.1949401737527094,15.641332431720912,-125.68808828921829,-2926.8047929666786,-2798.657151659462,-24.467203776041664,1,0,0,-24.467203776041664,1,1,0,0,0,146.13333831520845,141.82662509816237,7435.332667637412,7603.721655273437,7772.1106429094625,4.429120245853343,0.14891188320235801,7308.776532120264,7587.514884695443,7866.253237270621,7416.310682282085,7640.994788796329,7865.678895310573,2.627984717964859,0.2041124375159296,7236.151661779515,7603.721655273437,7991.442935145932,-1777739.0,42.6266288790754,-0.21509250430256832,-1021452.3015037157,-164972.37405253353,-4712701.823496412,7522.639940956121,-1362953.33157015,1000.1863702166397,-8.543679257979743,-1.607933975932724,-6.935745282047019,1.0683422065761357,-1.4043524671905663,84.19449381801279,7088.712789271393,7617.8544921875,7617.8544921875,0.3011778627710805,0.4243931787085825,0.1450449001702952,7088.712789271393,7608.335498046875,0.1244140625,3.3236223583617273,64.97063368055557,-0.016669879164126322,-0.01454399546736762,0.0003325247943366527,,,,-0.01681038526828686,-0.15826724224475452,-0.15356975666179573,-0.06896097462828565,-0.15054291889565308
2025-11-24 00:00:00+05:30,7514.34590298699,7514.34590298699,7355.599125301371,7391.9267578125,305698,0.0,0.0,7599.441967773438,,,,7568.887444039924,,,,7585.0886602492565,,7576.10599896481,,7553.78586515669,,7592.385506903577,,7540.280489554111,7595.191107299014,,7589.482494768434,,7556.196465405336,7569.504500721532,7438.704833984375,7538.232421875,7567.34428999737,37.87475907184065,7.837683033720168,-27.27114914672309,35.10883218044326,23.759260097224512,36.530275444049586,-12.771015346825074,19.998332134177915,40.93953926078306,-91.42185075081063,-2.3790717366184833,-1.1446809127513833,-180.14501953125,-906.555745660794,-6.557108910545139,36.23108266999662,-0.22808677700736024,0.320539532142631,0.043977405487161114,0.04622376140039661,-1.0803493089633325,-52.70806323034412,-211.45484091596336,-3089.351029375582,-2877.16037513978,-71.99169921875,1,0,0,-71.99169921875,1,1,0,0,0,147.0342982702378,158.74677768561924,7414.05498846331,7599.441967773438,7784.828947083565,4.87896295797214,-0.05968118886546111,7286.458119769883,7568.887444039924,7851.3167683099655,7355.599125301371,7610.639010305972,7865.678895310573,2.7180628518607453,0.2089616551475626,7230.322328886984,7599.441967773438,7990.838810240223,-2083437.0,41.60675002157791,-0.23203222463165252,-1187238.3641996402,-221340.43061602907,-8125162.800022594,7420.623928700287,-1745025.2566877068,1000.1863702166397,-3.1785750806767665,3.0057361610962023,-6.184311241772969,1.7142764214511947,-2.2387247554618446,92.69348965506379,8592.083024433417,7617.8544921875,7617.8544921875,-0.17029408702908716,0.8230441577699608,-0.15197916500003597,8592.083024433417,7556.382045200892,-4.2796875,3.3192810165546964,72.34230577256943,-0.012498345593283444,-0.033320311168024364,-0.011446809127513835,,,,-0.012577106859689786,-0.15826724224475452,-0.15356975666179573,-0.06896097462828565,-0.15054291889565308
2025-11-25 00:00:00+05:30,7384.959842657783,7484.487603340503,7349.129848812004,7403.8701171875,130117,0.0,0.0,7588.1207031250015,,,,7553.1715081492175,,,,7566.462769717263,,7545.483401561094,,7511.802015318168,,7546.408760526581,,7526.473611341977,7554.126078106846,,7581.431887373455,,7544.3925851766135,7512.896042413218,7397.8984375,7538.232421875,7564.109651752686,38.63982052832356,-5.610579037106618,-32.5755289740399,26.964949936933284,13.458990270616692,25.19281039024125,-11.733820119624557,1.960067445399071,21.476194254680074,-87.26850903510217,-2.8787752335825147,-2.967451203361907,-219.45849609375,201.7376190921941,-51.87590995145456,38.863871990118604,-0.773289539327145,-0.22808677700736024,0.03696093697886926,0.04586303168606519,-1.7696861898529341,-59.25438444399788,-194.61213897249672,-3086.866902516633,-2984.3231878447705,-80.36857096354166,1,0,0,-80.36857096354166,1,1,0,0,0,146.20025943154215,135.35775452849884,7383.962575228653,7588.1207031250015,7792.27883102135,5.380993157166583,0.04875520304769399,7271.857785328038,7553.1715081492175,7834.485230970397,7349.129848812004,7607.404372061288,7865.678895310573,2.7199272419866776,0.1943198341800386,7233.392485611992,7588.1207031250015,7973.381368907891,-1953320.0,42.21541240227087,-0.2878205415808107,-1212113.673023169,-232193.10377985192,-6742420.386905527,7412.495856446669,-1724001.8599102101,1000.3479432376707,-5.9457341992582515,0.19086163401177458,-6.136595833270026,0.7198986408916503,-1.8049791878092225,102.07906394817437,10420.13529653547,7604.16943359375,7604.16943359375,-0.16909434249136926,0.20525032274722924,-0.14667578393807468,10420.13529653547,7523.146902901786,-11.3212646484375,3.3144968903354504,75.6057074652778,0.0016157302103103621,-0.028977944220648033,-0.029674512033619038,,,,0.0016144263225523917,-0.15826724224475452,-0.15356975666179573,-0.06896097462828565,-0.15054291889565308
2025-11-26 00:00:00+05:30,7394.41456904565,7532.75814870745,7380.97832210008,7503.3974609375,132131,0.0,0.0,7589.563842773438,,,,7548.431122700483,,,,7558.3938895089295,,7537.186296571897,,7503.494677053594,,7508.223381527325,,7525.500823357969,7532.043293138337,,7600.2740489065545,,7541.39984177772,7473.073234566529,7453.6337890625,7538.232421875,7564.109651752686,44.7462911028635,-8.14352527166102,-28.086780166875442,19.943254895214423,19.063066533167056,18.760438967002752,0.3026275661643041,19.564752820534935,13.841050800037305,-64.12044061458602,-1.8359418393453633,0.3861483590736176,-140.33447265625,620.8584254298567,-84.69665077520676,40.949535878057496,-1.0885105628010332,-0.773289539327145,0.030189097131350096,0.044451805553450775,-2.0742914665601475,-5.220335241764587,-157.0001618491351,-2934.9450108275933,-3035.6976112631164,-61.29248046874999,1,0,0,-61.29248046874999,1,1,0,0,0,146.59879994410133,151.77982660737052,7388.40030208942,7589.563842773438,7790.727383457457,5.301056683924222,0.2858300228188819,7264.998739841821,7548.431122700483,7831.863505559145,7349.129848812004,7607.404372061288,7865.678895310573,2.6550064912118208,0.18728358873032752,7238.889406289467,7589.563842773438,7956.857771703903,-1821189.0,40.41701025476895,-0.1661275274565911,-1131102.2074493975,-189747.994320684,-3900553.552057416,7472.377977248343,-1546383.300307131,1000.3479432376707,-8.110224385345907,-1.578902841660704,-6.531321543685203,0.7299188217974109,-0.8566799087244733,100.58177034200924,10116.692525132688,7604.16943359375,7604.16943359375,-0.1753182035641933,0.36285604065232757,-0.506744806133539,10116.692525132688,7496.05398297991,1.4431396484375,3.3124758317073932,75.740625,0.013442610712329328,-0.01938085732013095,0.0038614835907362366,,,,0.013353060454503785,-0.15826724224475452,-0.15356975666179573,-0.06896097462828565,-0.15054291889565308
2025-11-27 00:00:00+05:30,7524.298637748195,7524.298637748195,7389.93616207412,7443.68115234375,170964,0.0,0.0,7576.799414062501,,,,7538.454935047461,,,,7544.500299944197,,7519.254970197435,,7481.574569885286,,7475.243522959785,,7518.196152047511,7509.125246991232,,7587.495077004368,,7534.046133114956,7452.526941633374,7473.539306640625,7538.232421875,7564.109651752686,42.04276749053731,-14.798917733317467,-27.793738102825515,12.994820369508046,23.533930465435187,18.685329089739646,4.848601375695541,30.243081397160935,17.255967221031646,-78.00925895400626,-3.1343059387591787,-3.3158796993053428,-240.85693359375,1117.6002418604903,-119.93965335337543,41.866716243061994,-1.2748160068160825,-1.0885105628010332,0.02284357216861821,0.042018947601531034,-2.53253633611422,-0.20879882881126832,-134.5712745028859,-2762.665284079664,-2982.60669002395,-88.57958984375,1,0,0,-88.57958984375,1,1,0,0,0,145.7247767819566,134.36247567407463,7372.492803854099,7576.799414062501,7781.106024270902,5.392952856299964,0.17421939607591655,7256.4232599517045,7538.454935047461,7820.486610143217,7349.129848812004,7607.404372061288,7865.678895310573,2.5855790982717872,0.15352237067207294,7244.9689586712775,7576.799414062501,7935.940420270797,-1992153.0,39.693814748135104,-0.22341122758467263,-1165295.0074493987,-166013.79551278078,-4801808.613538054,7452.638650722022,-1682446.1842949702,1000.3479432376707,-8.131527689106774,-1.280164916337256,-6.851362772769518,0.9507311883806194,-1.3031224156963337,102.15330510420063,10435.297743711903,7593.221435546875,7593.221435546875,0.009285928254834243,0.21043188330363696,-0.3875350276796944,10435.297743711903,7479.902071707589,-12.7644287109375,3.308517361699159,80.21272786458333,-0.007958569288729733,-0.022161165171225017,-0.03315879699305346,,,,-0.007990407739480941,-0.15826724224475452,-0.15356975666179573,-0.06896097462828565,-0.15054291889565308
2025-11-28 00:00:00+05:30,7453.633907112827,7484.487512550201,7416.310997309551,7434.7236328125,223708,0.0,0.0,7558.137963867187,,,,7528.575763406036,,,,7530.969273158483,,7502.266068485199,,7461.741664805379,,7448.74081242813,,7513.206344756463,7481.849460819449,,7556.907014981198,,7526.564896488159,7448.0977477628385,7439.202392578125,7538.232421875,7564.109651752686,41.636393669111236,-20.559167884021008,-26.843190602823242,6.284022718802236,25.925900563940452,22.840965854180897,3.0849347097595547,37.92022342443853,29.242685880711463,-80.09259873958638,-2.122640129802784,-4.7801135748576655,-161.23486328125,1005.80114665578,-134.9420220706279,39.05196890177518,-1.4198242323681645,-1.2748160068160825,0.01514969835394453,0.03851676864894898,-3.121090318904212,-27.19366634616199,-95.37018158681258,-2718.163364419502,-2866.708476125108,-127.06363932291666,1,0,0,-127.06363932291666,1,1,0,0,0,140.1856152432919,68.17651524065059,7375.721795414757,7558.137963867187,7740.554132319617,4.827013460841746,0.16172315726807185,7260.418244940227,7528.575763406036,7796.733281871844,7349.129848812004,7607.404372061288,7865.678895310573,2.605414580284428,0.1418833370065836,7242.6993245232825,7558.137963867187,7908.291207968004,-2215861.0,33.32257230550778,-0.3288611762589221,-1268168.0293472125,-173944.51246678107,-4402102.922932171,7445.174047557418,-1709366.5848103245,1000.3479432376707,-5.81011405721276,0.8329989724454068,-6.643113029658167,1.181122982342394,-1.3531073709277124,91.20808422621486,8318.914628216306,7581.278076171875,7581.278076171875,-0.4678897517160971,-1.0141655512145502,0.1334345420961477,8318.914628216306,7476.631891741071,-18.6614501953125,3.3063913407099723,83.33346354166666,-0.0012033722761526366,-0.006781029086965096,-0.047801135748576695,,,,-0.0012040969099646373,-0.15826724224475452,-0.15356975666179573,-0.06896097462828565,-0.15054291889565308
2025-12-01 00:00:00+05:30,7442.68568951303,7494.440123299428,7347.636681309166,7366.04931640625,199441,0.0,0.0,7543.059497070312,,,,7513.097054167961,,,,7512.675116257441,,7475.288498024184,,7428.21982977883,,7419.245232197814,,7493.305586060466,7446.175879357478,,7535.6659881009045,,7514.066971587719,7438.45367490649,7400.386474609375,7525.293701171875,7563.3630680012675,38.55920737390336,-30.316184919013722,-29.280166110252765,-1.0360188087609563,15.388577411164942,21.616136146846863,-6.227558735681921,22.06907670108516,30.07746050756154,-95.73241007291254,-3.670443520306341,-3.933024705725548,-280.66845703125,1059.0617481654654,-130.0154442007797,36.16343366179919,-1.6972296663611675,-1.4198242323681645,0.006365160314314444,0.033868218485795985,-3.856154682878185,3.5634961873665816,-143.2399458028949,-2927.182466223826,-2803.964129008292,-173.67586263020831,1,0,0,-173.67586263020831,1,1,0,0,0,140.6583171537897,146.8034419902615,7349.247758763432,7543.059497070312,7736.8712353771925,5.138809746420686,0.04334504656321286,7242.515786605513,7513.097054167961,7783.678321730408,7347.636681309166,7563.3630680012675,7779.089454693369,2.759666688165783,0.1320365085909695,7234.577457713854,7543.059497070312,7882.503162600547,-2415302.0,27.937950824937246,-0.30700832972402586,-1417579.7615506023,-208915.8557884253,-5729870.267995991,7402.708707004948,-1893589.6308147614,999.4242462746369,-4.952644959208596,1.352374456359657,-6.305019415568253,1.024496563967531,-1.826619813747148,96.90586915344014,9390.74747638366,7563.86083984375,7563.86083984375,-0.40684160256721985,-1.0731183190435318,0.42741823105734633,9390.74747638366,7451.906354631697,-15.078466796875,3.3019232588714837,89.59707465277776,-0.009236969630338598,-0.0035007708076788546,-0.03933024705725552,,,,-0.00927989497217881,-0.15826724224475452,-0.15356975666179573,-0.06896097462828565,-0.15054291889565308
2025-12-02 00:00:00+05:30,7374.509046428655,7427.258756862654,7246.61588056509,7312.30419921875,185659,0.0,0.0,7529.15048828125,,,,7493.973925125179,,,,7490.698421223959,,7442.464305194484,,7387.482166689094,,7383.132761367863,,7466.629590676126,7401.103371874027,,7519.726762269043,,7497.9976979407065,7413.326780378243,7339.1767578125,7498.421142578125,7512.8526676292295,36.29823358836388,-41.90244767171225,-32.69314309036103,-9.209304581351216,12.170479295191388,17.828319090098926,-5.657839794907538,11.390748124459156,23.793349416660945,-87.66355330192692,-4.098686989033747,-3.6648540730478745,-312.517578125,1638.435911345884,-137.02489761692686,38.30265399529968,-2.058566036695685,-1.6972296663611675,-0.003767499504936378,0.027920438451630353,-4.928024126300071,-38.10752340750605,-218.75039970506987,-3300.8746635971697,-2892.371934827248,-193.66438802083331,0,1,0,-193.66438802083331,1,0,0,0,0,143.51435709263075,180.64287629756382,7311.239893393143,7529.15048828125,7747.061083169357,5.788451040453343,0.0024420699373379155,7214.754135178667,7493.973925125179,7773.193715071692,7246.61588056509,7512.8526676292295,7779.089454693369,2.9959576832090273,0.13012404649334905,7220.357089961656,7529.15048828125,7866.043419730206,-2600961.0,22.323663949668063,-0.28746342586547796,-1468214.0342778738,-220340.86885246402,-6336783.759984287,7328.7262788821645,-2029052.54021573,998.6946134025382,-4.797845741492481,1.205738939260618,-6.003584680753099,0.9891953034548495,-1.9902317202506465,108.95529744405358,11871.256841122191,7539.97412109375,7539.97412109375,-0.4186411823343106,-0.9438798472859101,0.5892192559186861,11871.256841122191,7413.794287109375,-13.9090087890625,3.2974917276649824,92.98103841145833,-0.007296328720986733,-0.012367304736503493,-0.03664854073047874,,,,-0.007323077116868275,-0.15826724224475452,-0.15356975666179573,-0.06896097462828565,-0.15054291889565308
2025-12-03 00:00:00+05:30,7335.19578814688,7335.19578814688,7172.467903294503,7192.87109375,278984,0.0,0.0,7512.579125976561,,,,7465.29746499421,,,,7458.671812220983,,7392.748154462227,,7323.966499556185,,7334.161980350377,,7406.2182259874735,7341.318461829477,,7493.804114437821,,7472.262699741993,7364.968644257979,7252.587646484375,7422.282470703125,7441.690479981,31.831456010646743,-60.02991040513098,-40.6564846590238,-19.37342574610717,6.797771957526548,11.45227622129429,-4.654504263767743,1.75353865178249,11.737787825775602,-96.2107207525809,-5.996355356621979,-4.404759502141597,-458.82275390625,2351.2638861852247,-167.11589920746064,36.424661219564946,-2.4539353143399705,-2.058566036695685,-0.016395681066772028,0.020473585267509628,-6.4249447734860246,-91.24260833468634,-253.97049318706286,-3668.710382345582,-3140.4980010678455,-252.219970703125,0,1,0,-252.219970703125,0,0,0,1,0,144.88675193261258,162.72788485237652,7247.756656405758,7512.579125976561,7777.401595547364,7.050107962393777,-0.103627087884028,7181.674248404055,7465.29746499421,7748.9206815843645,7172.467903294503,7475.778678993936,7779.089454693369,3.3712923793746508,0.13816896795229947,7198.998766912064,7512.579125976561,7855.757560537841,-2879945.0,14.640815733081844,-0.3000439581955179,-1677238.743757996,-271491.61186302174,-10191518.29371421,7233.511595063795,-2484721.8420980787,998.6946134025382,-0.838061734357425,4.13241835711654,-4.9704800914739655,1.3827949623724372,-2.414508351536109,132.41123478540172,17532.735097394776,7531.0166015625,7531.0166015625,-0.7717024958512356,0.04928344423351043,0.7355583827768323,17532.735097394776,7350.857184709821,-16.5713623046875,3.2907897777316206,103.23018012152777,-0.01633316971160892,-0.041384768540396855,-0.044047595021415975,,,,-0.01646802636873315,-0.15826724224475452,-0.15356975666179573,-0.06896097462828565,-0.15054291889565308
2025-12-04 00:00:00+05:30,7215.76252075785,7347.636801309632,7198.842801743659,7313.79736328125,179869,0.0,0.0,7500.486499023437,,,,7450.868883878689,,,,7439.740215773811,,7372.17460095952,,7304.383842932314,,7295.045816909327,,7397.898244616124,7322.346400360599,,7481.084322890158,,7459.930428323397,7323.385812647182,7253.334228515625,7422.282470703125,7437.958085285587,39.89621302378226,-63.901696909958446,-35.62261693108102,-28.279079978877427,14.247475908199483,11.07190905363914,3.175566854560344,15.053029262300939,9.39910534618086,-73.38329822089374,-3.9223343193188267,-3.200949517095515,-298.5830078125,2805.475789837177,-193.62395727944931,41.424745931009966,-2.5345709838747155,-2.4539353143399705,-0.028537762312219606,0.011864991950036628,-6.9840191069177076,-62.710019000461216,-211.50401856643384,-3868.516338953923,-3455.811482843875,-292.6116536458333,0,1,0,-292.6116536458333,0,0,0,1,0,145.59239162025682,154.76570755963166,7222.199849487829,7500.486499023437,7778.773148559046,7.420495979076591,0.1645740353449845,7164.778219809572,7450.868883878689,7736.959547947807,7172.467903294503,7475.778678993936,7779.089454693369,3.497423172470356,0.1522886652770738,7177.018609428584,7500.486499023437,7846.716011439613,-2700076.0,20.81903852162483,-0.23918727549765967,-1579183.0681727116,-236536.3270572028,-5628317.51256698,7286.75898877818,-2182326.7777236304,1000.3758095195702,-1.7053649146272651,2.612092141477361,-4.317457056104626,0.9100582051915145,-1.3417038586200618,139.14332476780422,19360.86482743864,7504.890380859375,7504.890380859375,-0.5468069605102904,-0.5932562246082312,0.7511055844366593,19360.86482743864,7318.247649274554,-12.092626953125,3.2890693391720056,109.74593098958333,0.01681196117032102,-0.017448865205840325,-0.03200949517095519,,,,0.016672204366719262,-0.15826724224475452,-0.15356975666179573,-0.06896097462828565,-0.15054291889565308
2025-12-05 00:00:00+05:30,7286.427258137617,7301.356422032176,7137.13561919203,7222.7294921875,191949,0.0,0.0,7486.303808593751,,,,7429.141322765243,,,,7413.287167503721,,7338.28346387859,,7265.943828359585,,7259.335108373071,,7383.969849930841,7296.745050475065,,7466.363356578803,,7440.649760493542,7286.287086165037,7268.263427734375,7422.282470703125,7420.2919432343515,36.40337731797332,-73.47159688663396,-36.154013526205226,-37.317583360428735,15.173408198620475,12.07288535478217,3.1005228438383057,23.586611255165842,13.464393056416423,-84.88575643066395,-3.5101732396215617,-3.778834589544979,-262.75341796875,3232.405277695985,-230.0774719326855,37.971790027886755,-2.787054405991749,-2.5345709838747155,-0.0413364292567997,0.0023856769784854257,-7.880024447774772,-82.18792283183302,-246.40872567197857,-3920.6469525599427,-3715.99584312602,-334.16446940104163,0,1,0,-334.16446940104163,0,0,0,1,0,147.8116310823256,176.6617440892196,7181.621872577178,7486.303808593751,7790.985744610323,8.139716041628429,0.06745988972593082,7136.647532590476,7429.141322765243,7721.63511294001,7137.13561919203,7458.112536942699,7779.089454693369,3.76461024948367,0.1562827801240884,7160.433371997449,7486.303808593751,7836.84889915806,-2892025.0,20.549765907650766,-0.24376864256622957,-1571039.777263621,-198142.08825127524,-7321470.2662822995,7220.407177803902,-2421332.398474543,1000.3758095195702,-1.8929767852889514,1.9395842166525397,-3.832561001941491,0.9604557372455618,-1.7301604410962745,152.34096800828658,23207.770533701798,7494.440185546875,7494.440185546875,-0.4598264906459422,-0.973664513202663,0.7983588832111838,23207.770533701798,7267.253885323661,-14.1826904296875,3.2887708139134637,118.57513888888892,-0.012451516848272837,-0.028514057965703277,-0.03778834589544977,,,,-0.012529686549563105,-0.15826724224475452,-0.15356975666179573,-0.06896097462828565,-0.15054291889565308
2025-12-08 00:00:00+05:30,7222.72960033919,7231.189460006117,6974.407837174711,6991.8251953125,217567,0.0,0.0,7457.291479492188,7498.819433593751,,,7387.492167769743,7498.81943359375,,,7366.19396623884,7483.033547411152,7267.604869495414,7498.81943359375,7175.889992198893,7498.81943359375,7205.006202228759,,7337.815161660146,7228.462690757202,7441.843580979567,7435.188352291035,7488.264269436204,7399.531968518864,7233.087905542887,7107.27734375,7321.759521484375,7338.928052225691,29.379950551569564,-98.55181460326912,-48.987384994272304,-49.56442960899682,14.70667507181104,14.709186392876997,-0.002511321065957972,23.586611255165842,20.742083924210874,-97.6109201330092,-5.412682993336401,-7.662983118667663,-400.1015625,3546.6131926787043,-285.14847410986295,32.98007302637687,-3.121369601359733,-2.787054405991749,-0.0577408548733116,-0.00813674433842356,-9.41191528874227,-96.39500635053446,-353.17662918194037,-3904.0991809688835,-3858.5226910570327,-402.75561523437494,0,1,0,-402.75561523437494,0,0,0,1,0,155.5952019215456,256.7816228314059,7084.177615152618,7457.291479492188,7830.405343831758,10.006685815235892,-0.12375902997277612,7073.944143738971,7387.492167769743,7701.040191800515,6974.407837174711,7376.74864593404,7779.089454693369,4.369384761837183,0.18490016733189016,7126.637025210668,7457.291479492188,7826.939216362197,-3109592.0,11.336249792484153,-0.29773074217135814,-1759091.874162846,-224257.19518485153,-13452282.39369956,7065.807497497777,-3116874.924503552,1000.3758095195702,-0.997552288713505,2.2680069705823893,-3.265559259295894,1.1388622945379188,-2.495036119891107,186.5569321697847,34803.488940601645,7464.58203125,7464.58203125,-0.8222483578731654,0.3319730749810854,0.8646535940127448,34803.488940601645,7183.998939732143,-29.0123291015625,3.285338654519587,135.8829958767361,-0.03196911875555619,-0.05080391197765244,-0.07662983118667666,,,,-0.032491290102392864,-0.15826724224475452,-0.15356975666179573,-0.06896097462828565,-0.15054291889565308
2025-12-09 00:00:00+05:30,6991.8249457420025,7180.430045701876,6899.264131513674,7160.02685546875,222653,0.0,0.0,7434.126391601563,7494.569599609375,,,7365.828804693458,7485.5334501378675,,,7337.883049665179,7469.7475639552695,7237.7591587095685,7472.76848564104,7147.375955132637,7460.504107987224,7159.127573749492,,7330.100768719675,7189.243029732706,7416.506788435026,7413.879281599902,7486.536771557691,7380.01802013124,7188.632685448781,7075.926025390625,7302.102783203125,7301.3561993951735,38.663412059918784,-103.66066397445684,-43.27698749236801,-60.38367648208883,16.64302392139521,15.507702397275573,1.135321524119636,25.48373711318431,24.218986541171997,-67.57425167214122,-3.2934567713807827,-6.077420787100041,-243.84326171875,3840.6459924140463,-328.98602808332635,42.299786081612766,-3.4939473798302627,-3.121369601359733,-0.07356797442752416,-0.019665307844965143,-9.778450886227164,-123.2176190993614,-404.3835332875633,-3687.71440963633,-3867.620502607984,-403.9168294270833,0,1,0,-403.9168294270833,0,0,0,1,0,164.56453851202104,281.1659141882019,7047.1456928225125,7434.126391601563,7821.107090380614,10.410926002448068,0.14584856945370261,7028.587085010721,7365.828804693458,7703.070524376194,6899.264131513674,7339.176793103521,7779.089454693369,4.618190872285361,0.20660994170099986,7082.2811641509625,7434.126391601563,7817.791299203916,-2886939.0,18.635102250345014,-0.2544307240494673,-1568753.1148708113,-153991.29777522618,-6180441.446203977,7079.907010894767,-2581240.7632851424,1000.3758095195702,-0.09282552466022974,2.5381869877085315,-2.6310125123687613,1.1116392276295917,-1.4166057221851909,193.4903493895252,37438.51530688054,7439.202392578125,7439.202392578125,-0.5849158326427569,-0.2948566532536505,0.86707518133973,37438.51530688054,7145.3963657924105,-23.165087890625,3.286119506402406,145.18883355034717,0.024056902948462744,-0.02082480974550671,-0.06077420787100041,,,,0.023772094359008636,-0.15826724224475452,-0.15356975666179573,-0.06896097462828565,-0.15054291889565308
2025-12-10 00:00:00+05:30,7184.90882724132,7234.175067295128,7076.423571365256,7105.28662109375,126487,0.0,0.0,7407.204125976563,7490.9169335937495,,,7341.015263398248,7470.621809783196,,,7306.564976283483,7454.481564797794,7202.69237966954,7444.030561984697,7111.640361330814,7418.963064203935,7114.888001492322,,7308.490364234549,7149.019130695663,7386.640770843211,7395.818952649459,7486.565735561702,7357.178680411326,7147.286725995054,7132.65673828125,7247.611328125,7255.5736491151,36.96054273784829,-110.84874797354132,-40.37205719316199,-70.47669078037933,21.241811773966752,17.530503589057666,3.711308184909086,33.394304940232985,27.48821776952771,-71.08939287294932,-5.305741058184711,-7.044272577555535,-398.11083984375,4015.9298027305567,-335.64415261614886,42.04784567175877,-2.810284033248569,-3.4939473798302627,-0.08926859296252143,-0.032122215081758436,-10.24632146359495,-41.13530554789668,-198.88680147776904,-3360.9719342840663,-3744.2076780090724,-404.4144694010417,0,1,0,-404.4144694010417,0,0,0,1,0,164.07789261329614,157.75149592987236,7006.931394076803,7407.204125976563,7807.476857876322,10.807660355842772,0.12286026398817716,7005.843898746273,7341.015263398248,7676.186628050223,6899.264131513674,7339.176793103521,7779.089454693369,4.8244673031348055,0.20601606780197843,7051.546597899121,7407.204125976563,7798.875653658863,-3013426.0,23.87905219085531,-0.2695650116192489,-1648954.6511484133,-136765.61967095966,-6286653.814659213,7138.6284199180445,-2677943.3059592973,999.6112839740663,-3.2232708795733003,-0.4738066937636307,-2.7494641858096696,0.6332959658655942,-1.508558944047292,200.13636594987966,40054.56497562415,7419.296875,7419.296875,-0.40389745227411744,-0.6831702318774298,0.8794384003283476,40054.56497562415,7105.286676897321,-26.922265625,3.283640903467312,159.64912760416664,-0.007645255455039246,-0.012176566424546897,-0.07044272577555533,,,,-0.007674630234766139,-0.15826724224475452,-0.15356975666179573,-0.06896097462828565,-0.15054291889565308
2025-12-11 00:00:00+05:30,7086.376292252546,7272.493197681088,7086.376292252546,7184.4111328125,295740,0.0,0.0,7382.197778320313,7489.732548828125,,,7326.100584294843,7459.397861666698,,,7285.346595982143,7442.461729473039,7187.4570750657895,7423.065614611112,7104.78658778282,7389.622156672787,7087.5080514407455,,7302.413849117418,7128.550511849648,7366.083837274605,7366.3975357045665,7483.9464176048805,7343.607593276543,7132.02692708539,7144.848876953125,7247.611328125,7216.011140110562,41.00521938709063,-108.90527726051914,-30.74286918411184,-78.1624080764073,35.44938206124148,24.444739252201146,11.004642809040334,58.61234302096554,39.163461691460945,-54.98820927118502,-3.48308873291295,-6.5082240146641865,-259.27001953125,4096.876351981495,-343.24487566718744,44.39961271780354,-2.1229624650207497,-2.810284033248569,-0.10308016112637874,-0.04525886613512769,-10.120758826079166,10.16843055670779,-175.94847487183415,-3032.9269212462414,-3505.7331316759864,-365.349853515625,0,1,0,-365.349853515625,0,0,0,1,0,165.65210781438515,186.11690542854194,6992.527748266506,7382.197778320313,7771.86780837412,10.55701951519563,0.24621265397225714,6987.399462861429,7326.100584294843,7664.801705728258,6899.264131513674,7305.088594090585,7710.913056667496,4.907864493529178,0.21030558518576886,7024.983839444823,7382.197778320313,7774.427860185589,-2717686.0,33.09533484019705,-0.25476827782469963,-1633139.6778863799,-112253.47625666182,-2045662.827464593,7181.093540915378,-2348607.0758593916,999.6112839740663,1.1041772854924654,3.082913177041708,-1.9787358915492426,1.3936477672371665,-1.0151493841109722,194.83501502690325,37960.683080533614,7397.8984375,7397.8984375,-0.2635778882691824,-0.8356635380873354,0.8635245068840827,37960.683080533614,7091.644231305803,-25.00634765625,3.2848073722234727,164.3446299913195,0.0111360056164167,-0.017690704847570737,-0.06508224014664188,,,,0.011074456822807843,-0.15826724224475452,-0.15356975666179573,-0.06896097462828565,-0.15054291889565308
2025-12-12 00:00:00+05:30,7195.856800224825,7263.535674694436,7159.529169075696,7242.13720703125,158727,0.0,0.0,7364.5067138671875,7489.543447265624,,,7318.104072174501,7450.87783599472,,,7272.007493954614,7432.752108226103,7185.429767144095,7407.784475923139,7116.033368163043,7369.156554810165,7083.175833840638,,7300.556532694584,7127.567139069323,7348.284574507709,7353.973611009234,7484.339501128397,7335.944887814554,7146.063615744397,7213.274169921875,7247.611328125,7216.011140110562,43.83642710884542,-101.53660024271721,-18.69935373304793,-82.83724650966928,42.682173326799884,33.124455720669374,9.55771760613051,73.02180473984326,55.009484233680595,-45.87587787546601,-2.5903642864582985,-4.658020304408639,-192.58642578125,4123.807291986683,-336.29845861783997,49.40232367289917,-1.4395353459625795,-2.1229624650207497,-0.11410873152450929,-0.05864485411721922,-9.26403215793451,4.094844726217161,-99.91166089252329,-2797.298664053537,-3212.1351307917466,-357.0558268229167,0,1,0,-357.0558268229167,0,0,0,1,0,161.24885051469624,104.00650561874045,6983.671945864815,7364.5067138671875,7745.34148186956,10.342437933698124,0.33934042120443275,6991.849437426414,7318.104072174501,7644.358706922589,6899.264131513674,7301.3561993951735,7703.448267276672,4.890545994261488,0.21163533500620058,7008.599958411498,7364.5067138671875,7747.966793255665,-2558959.0,40.787630558779455,-0.20993753633054013,-1539726.1802787243,-62298.4432341347,-444470.05460971827,7221.734016933794,-2221071.409913551,1000.4147746589897,-0.9200743705477822,0.8469292168011683,-1.7670035873489505,0.7716146608098097,-0.6426383151822695,190.41738400118612,36258.78012985517,7378.988037109375,7378.988037109375,-0.07772720372077348,-0.7763645907473755,0.8215194833571383,36258.78012985517,7087.009054129465,-17.691064453125,3.287803013616436,161.43511393229164,0.008034906849234247,0.0026870333251083345,-0.04658020304408639,,,,0.00800279886032708,-0.15826724224475452,-0.15356975666179573,-0.06896097462828565,-0.15054291889565308
2025-12-15 00:00:00+05:30,7216.260138580199,7320.266646335752,7189.387643753405,7304.83984375,121874,0.0,0.0,7347.412817382812,7489.31453125,,,7316.840812324549,7445.150855906692,,,7266.324934895834,7425.508829656863,7195.659206004225,7398.245038890598,7143.270143854298,7357.468989384385,7100.291433686754,,7300.599369739689,7143.739362803793,7334.091103908142,7341.506831455303,7484.0752215064895,7333.685013787786,7182.975154240829,7273.488525390625,7247.611328125,7216.011140110562,46.82174568958698,-89.60438825128949,-5.413713393296149,-84.19067485799334,54.385980030314215,44.17251180611852,10.213468224195694,89.91098825326301,73.84837867135727,-35.97797276240632,-0.8309674565973839,-4.470910785737192,-61.20947265625,4027.7552554501813,-297.0084491771204,50.84298473345488,-0.6837012837375022,-1.4395353459625795,-0.12170360874078634,-0.07174886625453587,-8.113420966889866,54.34024297013457,-76.53875961221183,-2622.052529541719,-2940.5792724042235,-308.7019856770833,0,1,0,-308.7019856770833,0,0,0,1,0,159.07957566238554,130.8790025823464,6989.939270397523,7347.412817382812,7704.886364368102,9.730596493491253,0.4404529733852389,6996.7287137272615,7316.840812324549,7636.9529109218365,6899.264131513674,7301.3561993951735,7703.448267276672,4.8440456928167075,0.21285760907073964,6990.497301228577,7347.412817382812,7730.735003632295,-2437085.0,45.459722150847696,-0.21002821397542715,-1446582.933130436,-6562.310792815173,710714.4028289468,7271.498044613053,-2115552.542637167,1001.2805775970764,-4.081148708244145,-1.8513160967161553,-2.2298326115279896,0.6156779282135115,-0.23818810645904417,178.73677349264477,31946.834198561006,7339.92333984375,7339.92333984375,-0.006533741907099606,-0.5068165973443164,0.7584979460568632,31946.834198561006,7104.149169921875,-17.093896484375,3.2936198412200324,159.61375651041672,0.008658029380867571,0.04476866049902872,-0.04470910785737192,,,,0.00862076358888711,-0.15826724224475452,-0.15356975666179573,-0.06896097462828565,-0.15054291889565308
2025-12-16 00:00:00+05:30,7288.417653355401,7367.542220259915,7230.193915444532,7326.73583984375,267325,0.0,0.0,7332.508520507812,7488.6875,,,7317.783195897806,7440.507129786577,,,7264.355698939733,7419.133194699754,7208.995327698078,7390.979137361591,7172.809082147731,7349.282803619627,7134.464129506561,7213.338292170834,7300.739216774338,7173.91662214986,7321.371442817382,7322.121821083045,7481.903103434825,7333.186758377026,7228.920020375006,7315.787841796875,7217.753173828125,7211.781384630935,47.86391424377559,-77.48796733598101,5.362166017609866,-82.85013335359088,62.17928226367286,53.082478540262315,9.096803723410545,98.02628350586379,86.98635883299002,-31.60830257110907,0.19736105380492627,-3.9094151470625436,14.431640625,3744.1524342284765,-237.44693960930636,52.24029447502617,0.028334917425039186,-0.6837012837375022,-0.1261232068126561,-0.0839408135596341,-6.987410905918378,92.92875454027853,-44.419550275104484,-2502.7280713380683,-2729.0595632958034,-223.27408854166666,0,1,0,-223.27408854166666,0,0,0,1,0,157.5273420304568,137.34830481538302,6999.731087442143,7332.508520507812,7665.2859535734815,9.076769079366112,0.49132651422471463,7001.996381963996,7317.783195897806,7633.570009831616,6899.264131513674,7301.3561993951735,7703.448267276672,4.821223337405772,0.21366062533781882,6965.628514583725,7332.508520507812,7720.297740972664,-2169760.0,48.015924446652726,-0.13481143797276762,-1338103.2229855096,51351.679415002465,1445376.2246764856,7308.157325182732,-2035422.830268869,1001.2805775970764,-0.576930744168917,1.3223214938872583,-1.8992522380561754,1.2969544070736352,-0.03469394310114152,166.38871653283482,27685.20498944406,7320.2666015625,7320.2666015625,0.020198012819956326,-0.11677587249562962,0.6782373331786642,27685.20498944406,7128.050055803571,-14.904296875,3.30055135053408,158.2734548611111,0.0029974642240082616,0.02328329037588306,-0.03909415147062545,,,,0.0029929807851851115,-0.15826724224475452,-0.15356975666179573,-0.06896097462828565,-0.15054291889565308
2025-12-17 00:00:00+05:30,7306.332967257465,7306.332967257465,6997.7969067957,7046.06787109375,1779522,0.0,0.0,7302.227221679687,7478.0181250000005,,,7291.9055459164665,7425.038923563329,,,7237.075637090775,7401.775562193628,7170.065315181216,7362.59159545032,7125.51609834162,7310.117716978371,7146.352719916801,7191.61153648674,7295.7332586333205,7136.242503745706,7285.537176677484,7225.902945495762,7419.572327158366,7309.125550788782,7235.8312357721015,7186.40185546875,7213.2744140625,7196.8521274065515,37.67237618734856,-89.50145880021682,-5.321060357300752,-84.18039844291607,52.35977545729697,56.308345917094684,-3.9485704597977147,81.6209368904203,89.8527362165157,-75.3343982945937,-2.040954449799742,-7.9149269249449405,-146.80322265625,3355.6124620304245,-224.91371343362061,50.266207344242204,0.20984794442622426,0.028334917425039186,-0.13235369597797142,-0.0954759173002732,-7.075316217835436,64.36887219866821,-244.16718826309625,-2725.2173280855777,-2628.6795323164483,-222.36165364583331,0,1,0,-222.36165364583331,1,0,0,0,0,169.77102710314202,328.9389330480499,6981.751021333369,7302.227221679687,7622.703422026006,8.777491869736728,0.10034575062185257,6943.538631776724,7291.9055459164665,7640.272460056209,6899.264131513674,7301.3561993951735,7703.448267276672,4.949187453682949,0.24953591940139258,6911.3289730039605,7302.227221679687,7727.456593007225,-3949282.0,30.929204193919965,-0.32650579454491774,-2560807.0487919603,-318666.6945670338,-70111795.39112552,7116.732581715638,-8852303.307518188,1001.2805775970764,39.15992319963616,32.84734035015387,6.3125828494822915,4.996253207375215,-1.5986169975125886,160.2381001731593,25676.248747103433,7313.05078125,7313.05078125,-0.13582431808122214,-0.38271211477589034,0.7086383319034814,25676.248747103433,7106.772467912946,-30.281298828125,3.3024525189259784,167.32273763020834,-0.038307368367737626,-0.008334463218442889,-0.07914926924944943,,,,-0.039060389108314976,-0.15826724224475452,-0.15356975666179573,-0.06896097462828565,-0.15054291889565308
2025-12-18 00:00:00+05:30,7046.067673002469,7111.258354912443,6989.336850576996,7065.4755859375,194054,0.0,0.0,7274.881982421875,7468.135019531251,,,7270.340787823232,7410.938400519179,,,7214.527862258185,7385.597423406863,7140.593416978411,7337.392425877985,7093.132903548213,7276.312941073936,7141.633830407872,7168.380901664302,7286.082368715327,7114.5262347877815,7256.104058995279,7204.91657502702,7413.029969991306,7289.194306833788,7208.079815961082,7055.771728515625,7178.937255859375,7196.8521274065515,38.6452266929134,-96.34558501628271,-9.732149258693312,-86.6134357575894,40.32791238296554,51.62232336797846,-11.294410985012917,64.99627834067905,81.54783291232104,-72.0735619854006,-3.3952509894578666,-7.184412213990175,-248.32177734375,3120.7508411842437,-230.26477001807234,45.864167841385964,-0.07077567359052915,0.20984794442622426,-0.1392503614005114,-0.10635524309401895,-6.811071531855737,-105.49309598616856,-227.41460032161558,-3230.5413022056773,-2718.0807717657813,-215.72639973958331,0,1,0,-215.72639973958331,1,0,0,0,0,166.35320404830668,121.92150433544703,6973.045552361953,7274.881982421875,7576.718412481798,8.298043343912452,0.15311278621536378,6931.92853134719,7270.340787823232,7608.753044299274,6899.264131513674,7255.5736491151,7611.883166716527,4.992887347229379,0.25067780275941365,6879.806465791223,7274.881982421875,7699.168738840016,-3755228.0,31.218314865064233,-0.29267461411697787,-2512491.563077673,-425695.03896268154,-59557803.95006629,7055.356930475646,-8798853.00353035,1001.5560179589748,30.909327935758185,19.677396069020713,11.231931866737472,0.5426720784541393,-1.3875488551385449,150.91821502996117,22776.307627829596,7308.572021484375,7308.572021484375,-0.28499040868546255,-0.9059148867766403,0.7220454485186754,22776.307627829596,7093.819621930804,-27.3452392578125,3.301643208196945,173.76220052083335,0.00275440361898438,-0.016554668806716855,-0.07184412213990177,,,,0.0027506172006256163,-0.15826724224475452,-0.15356975666179573,-0.06896097462828565,-0.15054291889565308
2025-12-19 00:00:00+05:30,7056.518232404809,7419.794558896735,7053.532399584327,7403.8701171875,630329,0.0,0.0,7270.801342773438,7465.169091796875,,,7283.057866810305,7410.661212937544,,,7226.812446521578,7383.077231158088,7177.173317034248,7339.733076684239,7155.82302394533,7283.5640438530245,7163.306439478489,7154.034064606312,7288.646378951649,7181.325168528231,7252.375368875367,7217.8460257474735,7411.024860991418,7296.889627561888,7199.014837548313,7234.6728515625,7197.84765625,7163.261444188164,52.55176948402936,-73.61540123950908,10.398427614464254,-84.01382885397334,49.387442674553725,47.35837683827208,2.029065836281646,64.99627834067905,70.5378311905928,-4.429711696344496,2.507924811470949,-1.0902809337526953,181.140625,2964.2500571295504,-209.9361662540714,58.04251283663841,0.019644672445286622,-0.07077567359052915,-0.14098103942092877,-0.11560415248819862,-5.029850429509485,176.31186995685403,-189.95028935555365,-3576.2656109664135,-2998.418490481165,-143.98339843749997,0,1,0,-143.98339843749997,1,0,0,0,0,180.6324151385996,366.2621593124077,6978.910230892136,7270.801342773438,7562.69245465474,8.029131814237154,0.7279424912194224,6907.111128224857,7283.057866810305,7659.004605395754,6899.264131513674,7216.011140110562,7532.75814870745,4.868467956933959,0.3028623977547426,6837.256555790412,7270.801342773438,7712.852013487073,-3124899.0,41.618370624741,-0.15226213802047922,-1936973.7804689768,-247660.51820698148,-20578133.88744522,7292.399025222855,-5779949.549772551,1001.5560179589748,31.965234870655017,16.586642403134036,15.378592467520981,1.5702176082473611,0.9117699648776886,145.94555594065125,21300.10529882576,7308.572021484375,7308.572021484375,-0.3572434978394692,-0.8532042082909337,0.5413458467189961,21300.10529882576,7138.834654017857,-4.0806396484375,3.310845310751662,170.57290147569444,0.047894091081923884,0.02233220740408326,-0.010902809337526964,,,,0.04678252266419853,-0.15826724224475452,-0.15356975666179573,-0.06896097462828565,-0.15054291889565308
2025-12-22 00:00:00+05:30,7414.81822810486,7611.883195777983,7414.81822810486,7567.095703125,390893,0.0,0.0,7279.559790039062,7464.61173828125,,,7310.109089316466,7416.795898827249,,,7255.030957031251,7387.074353170956,7238.783697977036,7354.54336808575,7250.734576148773,7308.912428112201,7222.692801402699,7151.70667577157,7321.31135489715,7256.833681123757,7262.4535751510875,7231.5067699477895,7414.1957345039855,7313.577511719733,7243.557990675348,7485.48291015625,7279.46044921875,7255.573663645829,57.54981278536185,-41.94708628275475,33.653394056974875,-75.60048033972963,72.40393756494741,54.039764207488886,18.364173357458526,83.37534145025873,71.12263271053894,-6.2849136234126135,8.227758728839161,2.3697332380541325,575.2705078125,3399.642099438028,-154.40403541667183,61.22161256596602,0.394582915488326,0.019644672445286622,-0.13622846676423217,-0.12256642941449952,-2.2911009583322017,322.170076240227,125.10510856710425,-3517.301211484275,-3309.3553943190054,-58.223632812499986,0,1,0,-58.223632812499986,1,0,0,0,0,182.58817681373415,208.01307859048302,6962.90398336884,7279.559790039062,7596.215596709284,8.699861414793673,0.9540196437726932,6930.34526324573,7310.109089316466,7689.872915387203,6899.264131513674,7255.573663645829,7611.883195777983,4.6931868188930945,0.3092741192045521,6836.47465624903,7279.559790039062,7721.649661442569,-2734006.0,47.89319218782519,-0.0879832188447864,-1723759.4168326154,-84472.68781289994,-8523580.622972017,7531.265709002614,-4918187.552952107,1003.7606161401151,28.065580667166113,10.149590559716106,17.915990107450007,0.9334526378329947,1.8160785750907738,158.32790333511085,25067.72497449221,7308.572021484375,7308.572021484375,-0.10732041683057147,-0.7345472638393818,0.29833285051078023,25067.72497449221,7205.973291015625,8.758447265625,3.3277096871780407,170.41809027777774,0.02204598181140227,0.035901657665963205,0.02369733238054139,,,,0.021806482757077028,-0.15826724224475452,-0.15356975666179573,-0.06896097462828565,-0.15054291889565308
2025-12-23 00:00:00+05:30,7569.085870117826,7644.229326159101,7544.203931031311,7608.89697265625,256703,0.0,0.0,7289.811132812501,7462.919765625,,,7338.56507820597,7424.329274271525,,,7286.396402994792,7392.73259765625,7299.77847598937,7371.755968201644,7340.031032113026,7337.214124088024,7309.7995253103,7160.609848708564,7348.22418535198,7338.326409037566,7274.361281915996,7243.467385365006,7413.0182124338635,7331.58265953094,7341.562123963875,7587.996337890625,7300.361083984375,7271.746728836388,58.74823123661412,-13.32312472972535,49.82188448800343,-63.14500921772878,94.84751843891999,72.21296622614037,22.634552212779624,99.99999999999999,82.79053993031259,-4.742819363482875,6.269112200950167,2.7691849292817325,448.8701171875,3766.771090816984,-95.98564579627691,61.4971165973234,0.8534169763816307,0.394582915488326,-0.12614032210191972,-0.12666328820776598,1.1826228019326037,308.91851331870294,208.8931181909129,-3278.9605351607133,-3449.4392470446273,29.277832031249986,0,1,0,29.277832031249986,1,0,0,0,0,176.69083526473815,100.02539512779003,6944.254405392238,7289.811132812501,7635.367860232763,9.480539924137707,0.9616982025293938,6975.916779355724,7338.56507820597,7701.213377056216,6899.264131513674,7271.746728836388,7644.229326159101,4.411087958409526,0.30965688429800364,6849.703954460817,7289.811132812501,7726.0458698041775,-2477303.0,53.348691979954374,-0.07009230856715785,-1648408.7849918194,13940.506371559342,-5772996.063621663,7599.110076615554,-4776382.668839844,1004.3130245035244,22.230628069587244,3.45171036970979,18.778917699877454,0.6080626219012737,1.846792810117573,172.7783637101313,29852.362966350414,7308.572021484375,7308.572021484375,0.1026219436413457,-0.6863671635065821,0.09978962491856389,29852.362966350414,7279.566943359376,10.2513427734375,3.3393916277934346,169.96910590277778,0.005524083634093291,0.038511164996296365,0.027691849292817317,0.03206209875436117,,,0.005508881842378253,-0.15826724224475452,-0.15356975666179573,-0.06896097462828565,-0.15054291889565308
2025-12-24 00:00:00+05:30,7608.399706884072,7641.7415068946175,7575.057906873526,7594.4658203125,94994,0.0,0.0,7294.364550781252,7461.824960937501,,,7362.936577454211,7431.001295684897,,,7315.41113513765,7397.8912664675245,7349.89434143522,7386.900061407075,7409.605842583031,7361.852633098124,7403.650605891503,7178.362498918437,7376.25830975288,7401.77346606375,7286.211869665614,7243.305432253191,7412.04681850433,7347.892013038295,7451.434448125881,7601.681396484375,7300.361083984375,7271.746728836388,58.13801285799957,8.10368341949561,56.99895410977951,-48.8952706902839,94.0974299065434,87.11629530347027,6.98113460307313,99.30739518466794,94.22757887830888,-6.679977293474315,6.884721550380586,1.2136949941556423,489.17919921875,3970.635997632034,-5.399288763975164,58.7342411214399,1.3256294332149214,0.8534169763816307,-0.11259726872521192,-0.12772074460763636,3.3615048488420824,269.4085501296322,202.72495010854072,-3179.0698637004507,-3391.3098279928063,147.71590169270831,0,1,0,147.71590169270831,0,0,0,1,0,168.83317560447767,66.68360002109148,6934.83984023002,7294.364550781252,7653.889261332483,9.857601934982132,0.9173583354967814,7022.1245737285435,7362.936577454211,7703.748581179879,6899.264131513674,7271.746728836388,7644.229326159101,4.250570890214018,0.3065429762824,6867.79230957421,7294.364550781252,7722.860168271001,-2572297.0,52.581137739886145,-0.09002194487108732,-1688107.7700664473,40301.635434950935,-5144121.323924595,7603.755078026883,-4794399.3786293,1004.1233629481687,13.850483262316413,-3.9427475500488356,17.79323081236525,0.22670727926683487,1.6694333419871255,179.76235527561587,32314.504374236738,7308.572021484375,7308.572021484375,0.19323901976967367,-0.6820295075186024,-0.10203388193684285,32314.504374236738,7357.504303850446,4.55341796875,3.3498570625512993,168.4363823784722,-0.0018966155535566909,0.07783035293607288,0.012136949941556452,0.042062193564639694,,,-0.0018984164062127089,-0.15826724224475452,-0.15356975666179573,-0.06896097462828565,-0.15054291889565308
2025-12-26 00:00:00+05:30,7574.062291285854,7636.267139276048,7495.933002210173,7520.81494140625,134764,0.0,0.0,7298.221240234376,7460.7998242187505,,,7377.972612116309,7434.523399438675,,,7336.977839006697,7400.204599034926,7379.7765251743585,7395.535607366554,7447.233446806367,7376.38334620853,7478.797160338035,7201.32830615329,7385.521603862558,7439.651486036845,7296.7975599789725,7243.81610259943,7411.20045356489,7359.14624848097,7523.894783191171,7557.640380859375,7300.361083984375,7271.746728836388,54.99822184316671,18.923435265601256,54.25496476470813,-35.33152949910687,90.67024671751963,93.20506502099434,-2.534818303474708,95.05109177843661,98.11949565436817,-16.566463190483883,4.682413107698322,1.0362317714026925,336.40380859375,4067.4529926563337,95.37546256099267,54.87315329636043,1.6579525593677482,1.3256294332149214,-0.09800572383449335,-0.1259315215309679,5.178603528222229,242.7224704194532,102.38833335357867,-3198.2448475171886,-3271.934476120631,261.177490234375,0,1,0,261.177490234375,0,0,0,1,0,166.79752999457747,140.33413706587453,6930.393353151076,7298.221240234376,7666.049127317676,10.079932492468195,0.8025786094373326,7042.888582637681,7377.972612116309,7713.056641594938,6899.264131513674,7271.746728836388,7644.229326159101,3.989757085187562,0.30725793519712113,6872.504082295143,7298.221240234376,7729.0648563398845,-2707061.0,53.12839534073065,-0.09913251830033347,-1775083.117584178,19747.974438428646,-5827173.569781349,7551.005027630824,-4925093.061104962,1004.1233629481687,7.481503988702659,-8.24938145893007,15.73088544763273,0.33446962599136054,1.2103144377493318,183.91394354164984,33824.338629041165,7308.572021484375,7308.572021484375,0.18840315351898568,-0.8199040422042018,-0.2431448533933183,33824.338629041165,7414.491036551339,3.856689453125,3.3548691769408694,163.3427734375,-0.009697966999767105,0.06444567671778767,0.010362317714026847,0.03826597384353381,,,-0.00974529854349347,-0.15826724224475452,-0.15356975666179573,-0.06896097462828565,-0.15054291889565308
2025-12-29 00:00:00+05:30,7511.857784070413,7575.555551302014,7426.761548159447,7458.11279296875,206255,0.0,0.0,7299.390698242189,7457.51541015625,,,7385.605010292733,7435.448473694757,,,7352.20560593378,7400.0992252604165,7394.142625219161,7398.878411479347,7461.267475052847,7382.800136307498,7526.5986518787195,7226.676755591509,7388.00758578731,7456.007129479764,7305.71917833764,7244.059381607434,7410.125286083913,7365.8474752936645,7542.529522064473,7489.4638671875,7327.482421875,7271.746728836388,52.40350446064473,22.182916349267543,46.011556678699534,-23.82864032943199,83.92343578052156,89.56370413486152,-5.640268354339966,85.34419274028059,93.23422656779505,-24.983252174477112,2.98220787266794,0.3145935385281034,215.9755859375,4063.506507999074,149.58442877437756,59.860721909874194,1.720354329076236,1.6579525593677482,-0.08397756336072648,-0.12173973871096126,6.755455908325829,172.78686471511082,23.992861572543916,-3253.6774106351445,-3214.544561371856,361.1199544270833,0,1,0,361.1199544270833,0,0,0,1,0,165.51156379086243,148.7940031425669,6929.59203701453,7299.390698242189,7669.189359469847,10.13231587443899,0.7146060970037528,7054.092030642057,7385.605010292733,7717.117989943409,6899.264131513674,7271.746728836388,7644.229326159101,3.299469417112832,0.30883941651158603,6865.081242744482,7299.390698242189,7741.796388764702,-2913316.0,53.11803105377659,-0.10209892539415522,-1894421.2948417019,-28426.850045581814,-6842239.006380666,7486.809964143403,-5097050.910443539,1004.1233629481687,3.914109713729811,-9.453420587122334,13.367530300852145,0.5059345605148069,0.8584243880150115,184.89933061382897,34187.76246144203,7308.572021484375,7308.572021484375,0.17860999006273218,-0.8643845138112434,-0.3675162729923582,34187.76246144203,7457.835421316964,1.1694580078125,3.355745831212144,159.05424045138892,-0.008337148158278684,0.007326259769918186,0.0031459353852809624,0.028479332495738863,,,-0.008372096560213713,-0.15826724224475452,-0.15356975666179573,-0.06896097462828565,-0.15054291889565308
2025-12-30 00:00:00+05:30,7439.700084135216,7560.626312927515,7434.723696119073,7461.59619140625,370086,0.0,0.0,7304.168041992188,7455.90306640625,,,7392.8422656368775,7436.473874389326,,,7367.653748139882,7400.259255897671,7407.114767310253,7402.323121163419,7473.035481359397,7389.1998007137145,7553.722351782331,7252.506419046736,7389.823483199484,7469.383264097763,7314.095769995968,7252.970178866156,7409.720000547245,7372.34232105459,7525.92210254245,7459.8544921875,7327.482421875,7316.783088368049,52.53747141950178,24.761722015538,38.872289875975994,-14.110567860437996,76.85426176770137,83.81598142191419,-6.961719654212814,76.53485671187397,85.64338041019705,-27.88749933193485,2.145924496761832,1.2971251059532063,156.75634765625,4176.264537858977,148.97406686763316,55.39347231571897,1.6821618306528408,1.720354329076236,-0.07063238901788838,-0.1155740922893204,7.46725110858722,149.45369708070484,23.55108027226288,-3406.9076347110413,-3248.3036691193593,372.1509602864583,0,1,0,372.1509602864583,0,0,0,1,0,162.6823532921181,125.90261680844196,6928.3242118436765,7304.168041992188,7680.011872140699,10.291215316727598,0.7094329303634651,7068.920499894181,7392.8422656368775,7716.764031379574,6899.264131513674,7271.746728836388,7644.229326159101,2.9380179282048524,0.3068206242422456,6871.486181492646,7304.168041992188,7742.976121217411,-2543230.0,47.0768857532349,-0.10927962094567575,-2106525.919347632,-113038.30876405654,-5680611.006306197,7485.64873348428,-5079765.612809585,1004.1233629481687,5.281440373608973,-6.468871941794539,11.750312315403512,0.8557050122256455,0.8377317214538598,187.92191507425576,35314.6461651758,7308.572021484375,7308.572021484375,0.12036731591481414,-1.01385563306076,-0.45862204962433306,35314.6461651758,7494.625160435268,4.77734375,3.354527950524351,153.29490234375,0.0004670616460484833,-0.01394187623068932,0.012971251059532118,0.019861245710603992,,,0.0004669526067086198,-0.15826724224475452,-0.15356975666179573,-0.06896097462828565,-0.15054291889565308
2025-12-31 00:00:00+05:30,7462.591430167386,7623.328762252213,7462.591430167386,7583.02001953125,235002,0.0,0.0,7317.703833007812,7459.476113281251,,,7410.954432674437,7442.220782041951,,,7394.211079334078,7405.244234451593,7440.254847222426,7414.93081276566,7513.494081105825,7408.9138659322425,7580.290542288113,7280.343050738324,7397.738178894827,7531.344112085476,7327.764272275538,7263.443709456125,7413.314364593744,7385.786791170834,7513.635968861618,7522.30810546875,7327.482421875,7316.783088368049,57.07310204130701,36.18620024249685,40.23741448234788,-4.051214239851027,79.2609272911615,80.01287494646147,-0.751947655299972,78.14179477975736,80.00694807730397,-9.346466620103545,3.4979312109738285,3.702195818678104,256.2841796875,4534.831853734972,141.9793666652331,50.233291297352004,1.7195111932178895,1.6821618306528408,-0.05619533756858752,-0.10711205246605553,8.589405088256495,187.60651730762493,26.86918522279757,-3619.3290828745558,-3356.457336847352,386.7483723958333,0,1,0,386.7483723958333,0,0,0,1,0,162.61451168882132,161.73257084596298,6921.669237843517,7317.703833007812,7713.738428172107,10.82401267397322,0.8349659218702491,7087.076154936576,7410.954432674437,7734.832710412298,6899.264131513674,7271.746728836388,7644.229326159101,2.5747685414617827,0.3100279997600943,6884.2243950793245,7317.703833007812,7750.737948750905,-2308228.0,48.309817530083436,-0.08202596113390787,-1989388.699533391,-100104.94386580517,-792689.082972276,7556.313403983616,-4697342.847960749,1005.7506800129122,2.796483401530193,-7.1630631310986566,9.959546532628849,0.5474581617396628,1.3398636874809957,198.01729758214753,39210.85014173677,7309.318603515625,7309.318603515625,0.037958224315102575,-1.2580311906902892,-0.5192376098278457,39210.85014173677,7547.225571986607,13.535791015625,3.355175239585186,152.04305447048608,0.016273170647434387,-0.0034008809973368193,0.037021958186781,0.030569440791890168,,,0.016142181765040828,-0.15826724224475452,-0.15356975666179573,-0.06896097462828565,-0.15054291889565308
2026-01-01 00:00:00+05:30,7579.039035072759,7658.661244239643,7484.487661687084,7636.76513671875,139174,0.0,0.0,7339.898535156251,7459.466162109376,,,7432.4602140119905,7449.849972421433,,,7424.597870163691,7412.196745174632,7478.4277245751,7430.960204461756,7559.771546864236,7433.249997984826,7613.389120966923,7310.683352128111,7449.011696498746,7595.792738315431,7347.453874189978,7274.973424200025,7406.429674938643,7401.470816859291,7525.057590377462,7609.892578125,7341.41650390625,7323.999047408319,58.9433125394761,49.01198369746362,42.45055834985172,6.5614253476119035,86.49821985010077,80.87113630298788,5.627083547112889,87.84869381791336,80.84178176984823,-3.2713744976593184,8.383360427853884,6.171305410359107,590.697265625,4798.353060843792,138.1050946745563,51.67789385750687,1.8044945782532507,1.7195111932178895,-0.040507146558788065,-0.09614058415030849,9.46683496104005,194.21858618446004,20.045003631901636,-3762.539457779926,-3511.4483839310437,377.70800781249994,0,1,0,377.70800781249994,0,0,0,1,0,163.4401596076597,174.1735825525584,6924.061785974186,7339.898535156251,7755.735284338315,11.330858245255355,0.8569508973730978,7106.251566048677,7432.4602140119905,7758.668861975304,6899.264131513674,7278.9626878766585,7658.661244239643,2.310521684886727,0.3027875220503017,6898.6986175969,7339.898535156251,7768.073595693525,-2169054.0,46.7946015551357,-0.03346787579904979,-1885207.0195333897,-52564.856055992655,389112.6345170669,7593.304680881825,-4598702.426068318,1006.4594361160092,-1.9184346470943403,-9.502384943778551,7.583950296684211,0.524738580844821,1.427803589492392,207.91837459103215,43230.05049257676,7320.2666015625,7320.2666015625,-0.10047712927175671,-1.3123158531813965,-0.49254586517150006,43230.05049257676,7593.996540178571,22.1947021484375,3.362615206480309,151.6117805989583,0.007087561030970635,0.005569755320132597,0.06171305410359107,0.007550397667547948,,,0.007062562320707226,-0.15826724224475452,-0.15356975666179573,-0.06896097462828565,-0.15054291889565308
2026-01-02 00:00:00+05:30,7640.2485750427795,7784.066189723127,7628.305243719844,7761.1748046875,192881,0.0,0.0,7362.267407226564,7463.307939453125,,,7463.7663655048955,7462.058789373044,,,7464.719419642858,7424.028456648284,7533.680631174623,7455.6398364437255,7628.943534532687,7469.821597602903,7658.804431691355,7346.60504871555,7522.313015825626,7645.57242916039,7376.480231145763,7288.912090987114,7410.972862159674,7422.721822216369,7572.269757589567,7698.969970703125,7403.621337890625,7386.701520150062,62.96554145849301,68.42655127139824,49.49210073902907,18.934450532369173,94.83391957914179,86.864355573468,7.969564005673789,97.35063466165202,87.78037441977423,-2.8804001448117567,9.846459877869487,6.116896861981685,695.69921875,5202.736361036117,164.13898020386205,54.64456388213082,2.0715628610502295,1.8044945782532507,-0.022399123891281292,-0.08296481575812543,11.223735931123835,277.2332250061836,121.4722790029009,-3721.9536760711767,-3648.7663986818634,349.6743977864583,0,1,0,349.6743977864583,0,0,0,1,0,162.89164435020422,155.7609460032827,6906.1612204438625,7362.267407226564,7818.373594009265,12.390372735850427,0.9372966307196624,7138.95645620413,7463.7663655048955,7788.576274805661,6899.264131513674,7341.6651606184005,7784.066189723127,2.1148382090671216,0.3024857218612202,6919.480261224246,7362.267407226564,7790.5969759302,-1976173.0,47.292209706170105,-0.02727428633205448,-1749019.4764024015,14994.385049335426,3761562.4249404096,7724.515412710157,-4284482.1935761245,1006.4594361160092,-4.267493583964434,-9.481155104518917,5.213661520554483,0.7275560422333381,1.749186522878648,228.05309339135076,52008.21340536415,7365.302978515625,7365.302978515625,-0.035479246912829734,-1.2215900429713467,-0.4687876864383615,52008.21340536415,7669.623444475446,22.3688720703125,3.370198854563208,156.15911458333332,0.0162908857011419,0.031959284353339834,0.06116896861981691,0.026660553810317067,,,0.016159613002843767,-0.15826724224475452,-0.15356975666179573,-0.06896097462828565,-0.15054291889565308
2026-01-05 00:00:00+05:30,7803.474018115599,7803.474018115599,7548.68295266855,7725.3447265625,1133200,0.0,0.0,7387.398168945314,7468.15494140625,,,7488.6785903675245,7472.383728086356,,,7499.298211960566,7434.304409083946,7574.4739865634665,7476.136537957251,7675.032874363528,7499.535021761371,7699.32693107836,7386.056118057799,7546.222052490573,7668.24112638321,7404.2512078349,7359.678395401316,7435.820522227909,7441.144596344595,7630.24218381997,7743.259765625,7403.621337890625,7396.405434346298,61.108743960549106,79.99936520372376,48.85193173708366,31.14743346664009,94.75054980524962,92.02756307816406,2.722986727085555,97.55296542492947,94.2507646348316,-9.596575941780083,4.341980670740321,6.958799092762039,321.474609375,5289.069762981616,197.13241147090957,57.563136234124734,2.098800708538224,2.0715628610502295,-0.003656066019630533,-0.06823454900872525,12.139650671995462,265.42508742071914,10.634021973669405,-3665.0051366589964,-3708.886747872626,402.755859375,0,1,0,402.755859375,0,0,0,1,0,169.4558887142646,254.79106544704973,6908.83029198139,7387.398168945314,7865.966045909238,12.956330930575755,0.8530811133429472,7146.271326629298,7488.6785903675245,7831.085854105751,6899.264131513674,7351.369074814636,7803.474018115599,1.9968927881472553,0.29838848238589954,6931.236682179151,7387.398168945314,7824.99596253683,-3109373.0,36.99519773967313,0.036306032083404396,-1310789.788902399,180705.84924703068,-2576181.425943934,7692.500565782216,-4807632.947850172,1006.4594361160092,17.167663438580206,9.563201534420578,7.604461904159628,3.592952587737543,1.4123244533717882,239.2839384819623,57256.803215439526,7430.991455078125,7430.991455078125,-0.1662589465374011,-1.2571770441102113,-0.35984175708784416,57256.803215439526,7723.098297991071,25.13076171875,3.3677749702966033,163.6214822048611,-0.0046165791940879775,0.03583103943475985,0.06958799092762047,0.022930932808046034,,,-0.004627268507210541,-0.15826724224475452,-0.15356975666179573,-0.06896097462828565,-0.15054291889565308
2026-01-06 00:00:00+05:30,7715.391947878584,7831.3417881685555,7700.462783892751,7758.6865234375,365681,0.0,0.0,7425.741235351564,7473.77826171875,,,7514.3936316122845,7483.611288688363,,,7534.659007626488,7445.69780445772,7615.284027391967,7498.004193652522,7719.923258834456,7530.707926318638,7733.319519518566,7429.17117080922,7561.569910852632,7691.120645224691,7435.655821161228,7390.560268704721,7443.778024504875,7460.334782805969,7684.205006396534,7742.015625,7403.621337890625,7410.339319372775,62.22507035583739,90.81445546889336,47.73361760180261,43.08083786709075,92.96472773858872,94.18306570766003,-1.2183379690713139,96.57711405069759,97.16023804575968,-8.628840697641982,2.5318937123179017,10.967970547077229,191.5908203125,5351.0486875326515,247.4773543026804,58.931089087148145,2.3319667426330204,2.098800708538224,0.015486432568168063,-0.05249824293427105,12.011364250310242,261.7732013675859,130.89419709178128,-3799.7780059258034,-3722.7058481943454,459.4866536458333,0,1,0,459.4866536458333,0,0,0,1,0,166.7003969686603,130.87900427580462,6957.856294259715,7425.741235351564,7893.626176443413,12.601703352236395,0.855798251712248,7179.667249320402,7514.3936316122845,7849.120013904167,6899.264131513674,7365.302959841115,7831.3417881685555,1.9522679793795634,0.2666433473842166,6979.775816062929,7425.741235351564,7842.059441781708,-2743692.0,38.22224487827541,0.05576280253043299,-1351112.0284461277,219239.2948142623,-466375.2760881046,7763.497031832937,-4649808.772300765,1006.891025877439,15.046206812409693,5.953395926600052,9.09281088580964,1.168780403612956,1.4231930068489935,233.94247054592438,54729.0795251307,7459.8544921875,7459.8544921875,-0.21288882524236014,-1.2235685512827177,-0.03256955997762905,54729.0795251307,7752.494552176339,38.34306640625,3.3630677691148083,175.03178602430555,0.004315897614297848,0.039815922010550286,0.10967970547077233,0.02155680499868695,,,0.00430661083911501,-0.15826724224475452,-0.15356975666179573,-0.06896097462828565,-0.15054291889565308
2026-01-07 00:00:00+05:30,7727.335113413321,7897.527579203336,7727.335113413321,7859.70703125,365640,0.0,0.0,7460.725244140626,7478.366494140625,,,7547.2806220539715,7498.360141337839,,,7575.98908342634,7460.832266007966,7668.317304825688,7526.35908492741,7781.218488171208,7570.852786756523,7771.572821462392,7477.5050976309985,7589.582896073459,7732.437559221149,7478.435709301964,7420.437985394633,7451.025908756358,7483.490470461157,7733.984490570523,7809.19677734375,7462.59130859375,7443.4322148901665,65.4600132609831,106.31151022614813,50.5845378872459,55.72697233890223,92.53673317301056,93.4173369056163,-0.880603732605735,96.57711405069759,96.9023978421082,-4.164383841546226,3.296273553119129,9.772032841564581,250.81005859375,5363.325570713339,296.1903013587307,65.56414567951828,2.6613201611655564,2.3319667426330204,0.035887442883786314,-0.03599994164438236,12.69815059007788,286.5106431953618,116.31817740534643,-3817.1708999391276,-3744.7818101966504,489.261962890625,0,1,0,489.261962890625,0,0,0,1,0,166.94983045589996,170.19246579001538,6972.312762319933,7460.725244140626,7949.137725961319,13.092895552058392,0.9084475744989753,7212.015330306075,7547.2806220539715,7882.545913801868,6989.336850576996,7443.4322148901665,7897.527579203336,1.36359195333911,0.2593084489819365,7031.9006134789015,7460.725244140626,7866.440877098134,-2378052.0,56.75752183141667,0.05640913639011558,-1147978.6951127942,279705.4654419846,4876983.831433411,7828.189907955552,-4173734.138211831,1008.1930569300835,13.218546665153129,3.3005886234747894,9.91795804167834,1.1293282189668703,1.6337902979959023,244.20624091034625,59636.68809956207,7491.20556640625,7491.20556640625,-0.2646143139908553,-0.9521722863612619,0.2877112739206157,59636.68809956207,7806.516761997768,34.9840087890625,3.3603105440477608,189.30183919270834,0.013020310526445034,0.03648770687748404,0.09772032841564582,0.02160414905067376,,,0.012936274943580846,-0.15826724224475452,-0.15356975666179573,-0.06896097462828565,-0.15054291889565308
2026-01-08 00:00:00+05:30,7834.327513616813,7910.466248901281,7686.528792182258,7713.89892578125,327505,0.0,0.0,7491.155859375001,7483.153779296875,,,7563.14903193276,7506.812642688562,,,7600.100862630209,7470.068831954656,7687.015544330837,7541.8346191998235,7791.724556067301,7591.331089842753,7795.648405920252,7524.717855467908,7592.754164221766,7749.060925976873,7503.359818281544,7438.188152638664,7456.103221818365,7498.068252089073,7758.214786420278,7786.802978515625,7631.78857421875,7481.9993242428045,57.77007754196858,105.61013434072083,39.90652960145488,65.70360473926596,88.08944257640107,91.19696782933345,-3.1075252529323762,79.39170364727781,90.84864391622432,-22.93844773160858,1.572633392454132,8.565626372913488,119.43310546875,5178.766959743794,337.17665901141845,60.99739165874202,2.839118333803465,2.6613201611655564,0.054207306623510476,-0.019087382704604156,12.48721739502407,284.75188578283723,60.814429063814714,-3603.9871455192165,-3750.481682318012,456.9153645833333,0,1,0,456.9153645833333,0,0,0,1,0,171.02037518898015,223.93745671902252,7020.470597377505,7491.155859375001,7961.841121372496,12.566425551230363,0.7366157222142158,7217.159014309612,7563.14903193276,7909.139049555909,6989.336850576996,7449.901549739138,7910.466248901281,0.9570107161988124,0.269064922138769,7055.934905982392,7491.155859375001,7907.021659798912,-2705557.0,54.945768638246456,0.03309610747674776,-1395426.9173350162,200280.3313151654,-2641568.6561346427,7770.297988954929,-4781299.832348758,1006.3379228278959,10.848765107192158,0.7446456524110552,10.104119454781102,0.9437673117421881,0.9464628888568635,235.34263099874758,55386.15396541266,7543.955322265625,7543.955322265625,-0.45492497281783734,-0.6664085003066492,0.47874642602003387,55386.15396541266,7817.990869140624,30.430615234375,3.3553527856316774,196.3185546875,-0.01855134102187528,0.010100322280651053,0.08565626372913493,0.00845746220342769,,,-0.018725575367214798,-0.15826724224475452,-0.15356975666179573,-0.06896097462828565,-0.15054291889565308
2026-01-09 00:00:00+05:30,7703.448273320592,7738.780626512179,7592.972464749715,7648.7080078125,309566,0.0,0.0,7514.370703125,7482.148544921875,,,7571.297505826069,7512.377166811069,,,7615.105829148066,7476.561154641544,7690.739636280179,7551.372039969005,7781.473348949582,7602.744569325682,7803.395164049816,7567.548715015453,7594.326190753713,7757.655430422528,7525.764787111189,7456.46005878234,7456.705655423118,7508.005286570262,7754.862848275678,7681.303466796875,7658.909912109375,7662.642238503071,54.677332952798125,98.6566739162754,26.362455341607557,72.29421857466784,73.36195090456481,84.66270888465881,-11.300757980094005,52.839317386485504,76.26937836148696,-52.81131571315076,1.7005213850181031,6.462559928947726,127.89306640625,4890.393789961005,325.4484104028734,56.50210752324274,2.1612417920483717,2.839118333803465,0.06936810508932911,-0.0020489750990424246,11.076022395977546,109.78145700886944,-36.02670475359446,-3389.53446794123,-3671.93809413062,408.22965494791663,0,1,0,408.22965494791663,0,0,0,1,0,169.21950280137185,145.8081617624639,7061.941308077499,7514.370703125,7966.8000981725,12.041710821089744,0.6484621757096446,7230.485935259894,7571.297505826069,7912.109076392244,6989.336850576996,7449.901549739138,7910.466248901281,1.1960968610533178,0.27129895802050047,7085.193014415131,7514.370703125,7926.202582315132,-3015123.0,45.196294537698755,0.021476126405801255,-1468328.1255261402,126385.08917382127,-5147186.235531703,7660.153699691465,-5042917.101463678,1005.492812999572,8.474688385775238,-1.3035448552046915,9.77823324097993,0.8492917676043007,0.5938487028385783,226.21469752375015,51173.08937576177,7575.057861328125,7575.057861328125,-0.6900257668394951,-0.1381269038758585,0.5425008955268078,51173.08937576177,7816.576081194196,23.21484375,3.3511926463934922,203.152783203125,-0.008451098283239089,-0.014490950108103973,0.06462559928947731,0.010120906499863302,,,-0.008487011293732551,-0.15826724224475452,-0.15356975666179573,-0.06896097462828565,-0.15054291889565308
2026-01-12 00:00:00+05:30,7663.637364415388,7673.59014021333,7540.720583310804,7592.97265625,265168,0.0,0.0,7531.9124755859375,7477.8489453125,,,7573.361805866444,7515.537774240047,,,7622.591729445685,7480.907198223039,7683.296195361455,7556.040098725512,7756.786360242206,7606.8463546770045,7791.894937770562,7604.091692835636,7594.285090682909,7754.483400962645,7551.974800055359,7465.484742140984,7450.35974966488,7513.807251158236,7722.618342085325,7620.84033203125,7658.909912109375,7668.613898530364,52.10882611216229,87.63838857115479,12.275335997189558,75.36305257396523,52.87077989349429,71.44072445815338,-18.569944564659096,19.505984053152183,50.579001695638496,-65.63789687475777,1.8082304066035473,4.844363468813194,134.85986328125,4573.046539186727,306.5995842763459,52.02350981574817,1.3354336155556625,2.1612417920483717,0.08083076509304288,0.014780264246616603,9.278589425939751,49.737615460493544,-83.13194144203317,-3448.4545982905247,-3542.1114541917577,335.57430013020837,0,1,0,335.57430013020837,0,0,0,1,0,166.62307809431147,132.8695569025267,7097.061838637744,7531.9124755859375,7966.763112534131,11.54688502708245,0.570208222635462,7239.6999930870425,7573.361805866444,7907.023618645846,6989.336850576996,7449.901549739138,7910.466248901281,1.5011001705489726,0.27309282650193495,7101.407317207816,7531.9124755859375,7949.632647928763,-3280291.0,37.70032335422875,0.0019007692805020997,-1524937.0244025413,66653.74145770539,-6523192.730902174,7602.427793258044,-5236142.306139152,1004.7641232456218,5.505241798435522,-3.4183931540355257,8.923634952471048,0.7159150766097276,0.28083289054184785,217.42531847409703,47273.769113562514,7587.996337890625,7587.996337890625,-0.9291312730553439,0.5865080094335302,0.5380577639878934,47273.769113562514,7803.950237165179,17.5417724609375,3.347460580155922,208.42775065104166,-0.007286897539502291,-0.017134778446501908,0.04844363468813184,-0.003851948994201937,,,-0.007313576661740409,-0.15826724224475452,-0.15356975666179573,-0.06896097462828565,-0.15054291889565308
2026-01-13 00:00:00+05:30,7603.92086159828,7627.309885190892,7367.044792873097,7519.322265625,436635,0.0,0.0,7542.6365966796875,7474.883017578125,,,7568.215182986307,7515.686185666908,,,7621.392661830358,7482.5336029411765,7663.023162304526,7554.742775072868,7715.828464179536,7602.167589243994,7757.693899781857,7632.3296000796645,7593.420071166579,7726.020649606084,7564.784324593629,7470.807012297513,7447.377657267089,7514.200026329978,7667.8626667112985,7556.1474609375,7658.909912109375,7638.755520887189,48.843622534388295,72.13185591675938,-2.584957325764691,74.71681324252407,36.52425709388119,54.25232929731342,-17.728072203432234,5.805095698309142,26.050132379315606,-71.97801613044791,0.7736424316989292,2.9361687109199326,57.72607421875,4176.107530120125,250.4908121426206,50.804418880189075,0.5033761321109225,1.3354336155556625,0.08803401863850535,0.030805748269626922,7.346573899224452,18.390254599174114,-241.87483771862026,-3729.7185675623637,-3501.613974257514,222.11271158854163,0,1,0,222.11271158854163,0,0,0,1,0,173.31179339598884,260.26509231779437,7120.9862024701615,7542.6365966796875,7964.2869908892135,11.180450994951524,0.47235348125501553,7216.756382411078,7568.215182986307,7919.673983561535,6989.336850576996,7449.901549739138,7910.466248901281,1.8955149157718365,0.27528682647929126,7097.685267239714,7542.6365966796875,7978.257120394524,-3716926.0,30.69932941541375,-0.0005004094704906862,-1450633.9364484288,59800.65069944784,-10185356.385137131,7504.558981229662,-5659669.951587426,1004.7641232456218,6.938849176447534,-1.5878286208188106,8.526677797266345,1.1580441814403153,-0.11058607497993785,210.82519710476302,44447.26373426218,7587.996337890625,7587.996337890625,-1.1158098206443086,1.289839231530354,0.4800302259360847,44447.26373426218,7778.904792131697,10.72412109375,3.3420739770622836,209.31133463541664,-0.009699809805633341,-0.03085113144981777,0.029361687109199286,-0.003035065720266017,,,-0.009747159397575787,-0.15826724224475452,-0.15356975666179573,-0.06896097462828565,-0.15054291889565308
2026-01-14 00:00:00+05:30,7293.39427655834,7502.402573239187,7269.009975278907,7288.91552734375,1655893,0.0,0.0,7540.745581054687,7468.851640625,,,7541.615215782254,7506.7932186738435,,,7597.22875046503,7475.240760186887,7603.327226742691,7535.7739539332915,7621.159480877326,7571.658248858901,7686.051145685368,7646.3930461679865,7573.27790188509,7651.2630561168135,7561.167073966183,7443.109781818177,7427.554740198867,7496.024683429606,7582.673261906215,7404.118896484375,7574.311279296875,7589.738112090094,40.329714958766296,40.7808229381244,-27.148792243519736,67.92961518164414,21.829089480139544,37.074708822505,-15.245619342365458,0.0,8.43702658382044,-96.89681855437568,-3.878461238793885,-0.5161959339973495,-294.1044921875,3962.960862177164,167.23879658996248,42.58366410769343,-0.2194613863436764,0.5033761321109225,0.08824485791583125,0.045111526544584626,4.465250579389412,-60.802185459963766,-294.19478342024377,-4102.097794656034,-3641.3297657171734,78.37801106770833,0,1,0,78.37801106770833,0,0,0,1,0,178.8118288924248,250.3122903460926,7114.701912333734,7540.745581054687,7966.78924977564,11.299775708952229,0.20445511552023682,7175.950150433982,7541.615215782254,7907.280281130526,6989.336850576996,7449.901549739138,7910.466248901281,2.71248391396595,0.29840813713980796,7090.2611786521675,7540.745581054687,7994.844105093202,-5372819.0,21.575719751065055,-0.15668254270918894,-2824071.840499609,-385442.2786906194,-63234434.76908238,7353.442691953948,-10733649.914075993,1004.7641232456218,28.42752714434215,15.920679477660643,12.506847666681507,3.1897198855864466,-1.1821795379190534,213.02183436047642,45378.30191430225,7587.996337890625,7587.996337890625,-1.089982728696759,1.114410214188299,0.31506968925689216,45378.30191430225,7710.195089285714,-1.891015625,3.32921130113715,210.1429318576389,-0.030641955503698415,-0.07262249109754304,-0.005161959339973543,-0.015592438610947057,,,-0.03112123637511039,-0.15826724224475452,-0.15356975666179573,-0.06896097462828565,-0.15054291889565308
2026-01-15 00:00:00+05:30,7288.91552734375,7288.91552734375,7288.91552734375,7288.91552734375,0,0.0,0.0,7552.887963867187,7464.143984375,,,7517.548578788112,7498.248995484429,,,7573.244935825894,7468.184442018995,7551.608679043329,7517.884075708577,7542.724227860419,7543.381984622796,7593.398573415516,7648.451014218337,7546.554883927271,7571.7766936294975,7554.588754276333,7534.816171129373,7426.495508378393,7479.47675527588,7488.77115502321,7288.91552734375,7574.311279296875,7589.738112090094,40.3297149587663,15.753309089472168,-41.74104487373758,57.49435396320975,11.409448920266904,23.254265164762543,-11.84481624449564,9.424781820668127e-15,1.9350318994363835,-96.89681855437568,-4.554933969390851,3.4465699265582455,-347.849609375,3640.2669301806022,70.26951184939935,42.69093953242311,-0.8416128454683616,-0.2194613863436764,0.08335245858115403,0.056861702374855216,1.7771326672854293,-235.10505544748776,-235.10505544748776,-4540.651285570746,-3942.123101383011,-26.374918619791668,0,1,0,-26.374918619791668,0,0,0,1,0,166.03955540010875,2.220446049250313e-16,7175.096228875178,7552.887963867187,7930.679698859196,10.003901469195744,0.15063762375714693,7186.708757758723,7517.548578788112,7848.388399817501,6989.336850576996,7449.901549739138,7910.466248901281,3.3209954007868143,0.2608983644322846,7135.005212116345,7552.887963867187,7962.454123441939,-5372819.0,22.058888560351914,-0.0341706045615159,-2824071.840499609,-532546.9062874089,-54200944.0877849,,-10733649.914075993,1004.7641232456218,17.3630017288296,3.884923249718474,13.478078479111128,0.0,-1.397449504971412,188.8958674960045,35681.64875706809,7587.996337890625,7587.996337890625,-0.8661068461949116,1.0590015247789542,0.11631524470527692,35681.64875706809,7613.958879743303,12.1423828125,3.317356788307413,206.7280186631944,0.0,-0.055093202870098335,0.03446569926558252,-0.045611521020817336,,,0.0,-0.15826724224475452,-0.15356975666179573,-0.06896097462828565,-0.15054291889565308
2026-01-16 00:00:00+05:30,7266.521462571526,7324.247561027785,6986.350829546751,7087.869140625,819635,0.0,0.0,7554.007641601563,7454.788369140625,,,7476.626727534482,7482.155667842883,,,7528.957428850447,7453.428565793504,7470.418476631156,7485.558528167346,7425.946893560318,7494.4608568283675,7472.954571918966,7634.955928658122,7434.21238998925,7464.978299444545,7530.23629623486,7501.772248049791,7406.822774112821,7444.791475956165,7377.074284072236,7188.392333984375,7473.7880859375,7448.408539224016,34.28239813538278,-20.072555220677714,-62.05352734710997,41.980972126432256,5.730606957023589,12.989715119143346,-7.259108162119757,9.424781820668127e-15,6.2831878804454175e-15,-89.01454202017786,-8.675306007227734,0.31694334535767354,-673.3056640625,3355.085536330456,-23.166544700434315,38.617543587824585,-1.389715213444156,-0.8416128454683616,0.07172098644785407,0.06523693042679796,-1.5366192953419808,-137.4656728825621,-475.3624043635964,-4992.488321198175,-4334.61750820235,-133.36726888020831,0,1,0,-133.36726888020831,0,0,0,1,0,178.3150679773177,337.8967314810343,7182.213150368006,7554.007641601563,7925.80213283512,9.843635560705655,-0.12687655676390844,7112.93417870198,7476.626727534482,7840.319276366983,6986.350829546751,7448.408539224016,7910.466248901281,4.199618555351659,0.28124449610557767,7113.950797988071,7554.007641601563,7995.393516100062,-6192454.0,20.151076395929,-0.07667583412474172,-3151201.5680401083,-648399.4484955808,-69998617.10070458,7132.822510399846,-12994406.738051342,1004.7641232456218,21.19437683644055,6.173038685863538,15.021338150577012,1.4432930328514755,-2.507506227055633,185.89724561677855,34557.785927904886,7587.996337890625,7587.996337890625,-0.7900632919312189,0.8006731082922093,-0.22866503379327352,34557.785927904886,7478.857003348215,1.119677734375,3.3006559836833462,214.76102213541665,-0.02758248273896735,-0.07332465386502551,0.0031694334535767865,-0.06357660632321238,,,-0.027970022242294893,-0.15826724224475452,-0.15356975666179573,-0.06896097462828565,-0.15054291889565308
2026-01-19 00:00:00+05:30,7148.581363434225,7405.362984285744,7123.201784629133,7382.96923828125,1189009,0.0,0.0,7552.962597656251,7452.320087890625,,,7467.706966653222,7478.2660039385055,,,7512.668057105656,7450.612129289216,7454.01971789574,7477.798290695057,7407.016811344554,7482.632722059027,7377.793068393194,7618.169232311613,7431.355170188882,7421.385314080779,7527.525015316336,7492.822971014227,7404.330294323318,7440.225826111654,7308.358573770681,7235.419189453125,7473.7880859375,7448.408539224016,46.87450319483392,-24.371756730743073,-53.08218308574026,28.71042635499719,19.002449514018377,12.047501797102957,6.95494771691542,13.462762742567412,4.48758758085581,-57.08129088339133,-4.43184738545117,-0.2822966715438492,-342.37548828125,3507.8889258442346,-87.13066904821699,49.98531442794411,-1.6063577921463936,-1.389715213444156,0.06017880897921657,0.07020275002802556,-3.1827655214152073,-45.1011073918753,-327.26230704848604,-5228.268779993798,-4732.774298031279,-182.3017578125,0,1,0,-182.3017578125,0,0,0,1,0,188.25640909756243,317.49384366074355,7179.278534796948,7552.962597656251,7926.646660515554,9.895032790848456,0.27254400672821044,7078.176785583673,7467.706966653222,7857.23714772277,6986.350829546751,7448.408539224016,7910.466248901281,4.4718072347675895,0.2685903930865031,7125.465488852698,7552.962597656251,7985.882967050738,-5003445.0,33.61321967649712,-0.024069971986035263,-2150924.155341697,-318578.1800407404,-9873575.798581049,7303.844669065375,-8044023.695522142,1004.7641232456218,28.069573300441988,10.438588119891982,17.630985180550006,2.0733471067174545,-0.9098239730871575,186.8420314296515,34909.944708758885,7587.996337890625,7587.996337890625,-0.77401242366509,0.7125171688758178,-0.34334457986879385,34909.944708758885,7432.0789760044645,-1.0450439453125,3.294066704174422,209.06360894097222,0.041634529616926264,-0.02765760229570824,-0.0028229667154384686,-0.013367026917086022,,,0.04079114247658494,-0.15826724224475452,-0.15356975666179573,-0.06896097462828565,-0.15054291889565308
2026-01-20 00:00:00+05:30,7384.959715847851,7392.424297770878,7016.707007645196,7041.09130859375,569182,0.0,0.0,7526.662377929688,7441.700478515624,,,7427.076903980891,7461.121898238712,,,7463.918410528275,7434.485510493259,7377.932669830108,7444.200738861871,7303.326100927954,7433.037371730466,7275.026892713406,7589.873376613716,7383.354702174296,7307.203435209991,7497.2474373566265,7461.26335104483,7391.016749358686,7404.681047243132,7243.985195027566,7212.0302734375,7450.399169921875,7448.408539224016,37.83076216076953,-54.734649664063,-66.75606081524815,12.021411151185152,19.94257381276455,14.891876761268838,5.050697051495712,17.256471798559467,10.239744847042296,-94.07644565813717,-9.248926511929987,-6.951205788424545,-717.59521484375,3919.3470517505702,-141.75972201872082,42.82828981267905,-1.8067434474921762,-1.6063577921463936,0.04363722307565432,0.0710638367160109,-6.278874414029739,0.4420322480964387,-375.2752578775853,-5296.1768865844715,-5046.390395756527,-302.06681315104163,0,1,0,-302.06681315104163,0,0,0,1,0,201.64647202814237,375.71729012568176,7088.660361541773,7526.662377929688,7964.664394317602,11.638678457858314,-0.05430232187092736,7003.07963727498,7427.076903980891,7851.074170686802,6986.350829546751,7448.408539224016,7910.466248901281,5.266624172337395,0.3036644110137717,7088.415939009579,7526.662377929688,7993.496497820758,-5572627.0,29.218424920424372,-0.10173915385273999,-2646225.5778582552,-312285.55192441633,-36261745.50955384,7150.0742046699415,-10679694.487246735,1000.1334940413873,24.700443337170462,5.655566525296365,19.044876811874097,0.9585039859500292,-2.217209287483711,219.00100819395706,47961.441589969654,7587.996337890625,7587.996337890625,-0.8250418962992231,0.2606366166529797,-0.40664914712879624,47961.441589969654,7338.430475725447,-26.3002197265625,3.280096655333574,207.31192491319447,-0.04630629204234482,-0.06360027408553948,-0.06951205788424542,-0.05836549679305725,,,-0.04741271992594897,-0.15826724224475452,-0.15356975666179573,-0.06896097462828565,-0.15054291889565308
2026-01-21 00:00:00+05:30,6966.942974350359,7011.232826115872,6775.849681339606,6942.06103515625,773107,0.0,0.0,7493.32058105469,7428.075126953126,,,7380.884916473782,7440.766570274694,,,7408.242092168899,7414.891806832107,7294.628334973784,7404.951905966809,7193.549315508259,7376.073734769553,7163.985510454714,7550.412108578557,7301.389710488294,7198.919598002492,7471.396722135533,7415.423879384872,7369.915906289961,7361.90820655858,7178.254570639292,6991.576171875,7400.884033203125,7343.157965120443,35.68314828619206,-85.79933517476456,-78.25659706075977,-7.542738114004791,21.16379481797714,20.03627271492002,1.127522103057121,18.754074213161843,16.49110291809624,-85.35087900454008,-11.675320625122696,-8.763897578011349,-917.64599609375,4241.513041204654,-229.59594400754304,44.618252858571246,-2.1288692327507794,-1.8067434474921762,0.022434329116505225,0.0675335058818992,-9.547548728900809,-316.4749779259773,-551.8581227022432,-5500.0616568468095,-5256.906885200253,-432.36531575520826,0,1,0,-432.36531575520826,0,0,0,1,0,206.1889831157139,265.2416272541441,6985.688289096278,7493.32058105469,8000.952873013101,13.548927647426563,-0.042971314700761896,6946.746127120025,7380.884916473782,7815.023705827539,6775.849681339606,7343.157965120443,7910.466248901281,6.1215995465499935,0.3038651133315368,7036.798441840963,7493.32058105469,7975.718438064262,-6345734.0,25.508596364781816,-0.07086166326141993,-2327502.8188730567,-179909.91238840995,-42018781.52339548,6909.714514203908,-11767040.1024499,1000.1334940413873,24.29959715116472,4.2037762714324955,20.095820879732223,1.2183163401988748,-2.1718852588030493,253.8161459792057,64422.63595973745,7551.91748046875,7551.91748046875,-0.8059792500367793,-0.06662452857282389,-0.40451916193783194,64422.63595973745,7238.085114397321,-33.341796875,3.263978243415715,215.06182074652776,-0.01406461997114461,-0.047586570441968346,-0.08763897578011348,-0.09019760546674649,,,-0.014164464023267036,-0.15826724224475452,-0.15356975666179573,-0.06896097462828565,-0.15054291889565308
2026-01-22 00:00:00+05:30,7016.706910278477,7064.480233922926,6947.535118751619,6965.94775390625,435717,0.0,0.0,7461.894677734376,7414.519443359376,,,7341.367091467351,7422.146224534755,,,7358.016108630953,7396.769164751838,7227.571199866297,7369.845920763317,7111.202235020343,7326.261083069598,7061.186707060842,7503.86739475177,7250.504253814041,7111.70701724035,7447.672141733159,7393.9758589999865,7358.118281291475,7326.62528677897,7107.122899780667,6954.00439453125,7400.884033203125,7343.157965120443,36.6178038476243,-107.25450055865258,-79.76940995571823,-27.485090602934353,12.442354754985285,17.849574461908993,-5.4072197069237085,7.788194466972072,14.59958015956446,-83.2456110723669,-9.696149496789639,-8.276000989104293,-747.951171875,4667.703280231621,-278.31774582091566,41.12893064563669,-2.1348908103160125,-2.1288692327507794,-0.0011032303804059396,0.05970335749637309,-12.542011832943055,-211.5475629566945,-328.4926781280019,-5901.740326945229,-5453.747698966931,-536.2888997395833,0,1,0,-536.2888997395833,0,0,0,1,0,200.20542709078265,122.41919876667635,6905.180620045479,7461.894677734376,8018.608735423273,14.921520116066008,0.0545766116568306,6925.256910858395,7341.367091467351,7757.477272076308,6775.849681339606,7343.157965120443,7910.466248901281,6.834495653880002,0.30507808062871555,7000.46453168534,7461.894677734376,7951.949906696192,-5910017.0,27.326608085952486,-0.0945080709262252,-2626015.3167453995,-204382.0444113887,-34529262.81525417,6992.654368860265,-11617115.614882218,1000.4775808857557,19.512887718935396,-0.4663465286374624,19.979234247572858,0.6751207639645537,-1.7816935533726772,278.3570288444485,77482.63550710915,7520.068603515625,7520.068603515625,-0.6335395019044512,-0.6677261406696121,-0.3750302744025762,77482.63550710915,7150.258970424106,-31.4259033203125,3.254224451314753,220.01609157986113,0.0034408684436844084,-0.04430944112686086,-0.08276000989104293,-0.0680426189260972,,,0.0034349622003874147,-0.15826724224475452,-0.15356975666179573,-0.06896097462828565,-0.15054291889565308
2026-01-23 00:00:00+05:30,7016.706903985979,7016.706903985979,6673.833779386948,6690.255859375,368113,0.0,0.0,7420.366723632813,7394.633798828127,,,7279.356497934747,7393.4446415873135,,,7284.526697358631,7368.366671262254,7120.293487575722,7315.619299445645,6974.05131669598,7249.21961459989,6940.914443824406,7444.7159635490325,7148.817574315821,6985.595783455555,7389.984669569604,7366.789719810574,7341.242711254388,7261.2480914918315,7005.44230545931,6828.101806640625,7274.9814453125,7292.150014144114,31.015596924252744,-144.83434535981905,-93.87940380550776,-50.9549415543113,10.91049254710098,14.838880706687801,-3.928388159586822,3.9944854109800083,10.178918030371307,-98.6720322817901,-12.530902571499961,-11.043471864445998,-958.4521484375,4822.013337664205,-329.3242318667926,37.51083987598207,-2.3571690015959077,-2.1348908103160125,-0.029905729640511414,0.04739930252597816,-15.869856688590232,-175.63918753583948,-518.5123121348706,-6428.645742799421,-5754.737766161328,-702.4173177083333,0,1,0,-702.4173177083333,0,0,0,1,0,210.3959769128004,342.87312459903114,6766.691522823737,7420.366723632813,8074.041924441889,17.618406883509238,-0.05846608786300113,6837.566691745876,7279.356497934747,7721.1463041236175,6673.833779386948,7292.150014144114,7910.466248901281,7.906227993377036,0.3306180109516254,6939.834237206895,7420.366723632813,7941.954359101035,-6278130.0,30.276964306624873,-0.11654336499685596,-2958866.4038281282,-301720.3493642579,-44094478.18044387,6793.5988475826425,-13073999.501424039,996.5198725555913,14.56408312275399,-4.332120899855093,18.896204022609083,0.5652442495223386,-2.233864351452005,326.837600404538,106822.81703819646,7490.459228515625,7490.459228515625,-0.7353508725063829,-0.3791476015011829,-0.27908827635524736,106822.81703819646,7012.846644810268,-41.5279541015625,3.2413563485434396,237.64909939236108,-0.039577083301644334,-0.056097717573682315,-0.11043471864445997,-0.13101933154864853,,,-0.04038155330127665,-0.15826724224475452,-0.15356975666179573,-0.06896097462828565,-0.15054291889565308
2026-01-27 00:00:00+05:30,6773.361805617298,6777.84055488264,6631.534745548168,6734.04833984375,479067,0.0,0.0,7384.163500976563,7377.395595703125,,,7227.422387640366,7367.585963087566,,,7219.163041759673,7342.46135914522,7036.520230858713,7267.967982471303,6875.399039013712,7183.234181634105,6829.7877735431875,7377.048829469588,7085.429012485083,6886.850891132407,7331.593152196777,7335.921714193953,7323.718174573055,7210.339938076414,6906.371903671545,6712.152099609375,7274.9814453125,7271.000497224724,32.774970574866906,-169.1332926126861,-94.54268084669982,-74.59061176598627,8.699307432619623,10.684051578235294,-1.9847441456156716,4.199504047652856,5.327394641868312,-91.98443434798415,-11.312095476851797,-9.708413820284708,-858.92431640625,5003.5159906812705,-429.53403170417005,39.381938467759106,-2.6809025761678202,-2.3571690015959077,-0.06089087882460431,0.030852091696743758,-18.36624388130642,-349.03442925659783,-495.3402385910704,-6829.436512930248,-6165.045051544392,-783.2006022135415,0,1,0,-783.2006022135415,0,0,0,1,0,205.8181078000627,146.30580933447254,6662.611341387209,7384.163500976563,8105.7156605659175,19.54323355635146,0.04950231075269516,6799.840027881964,7227.422387640366,7655.004747398768,6631.534745548168,7271.000497224724,7910.466248901281,8.784050950708298,0.33332883430220495,6900.333771581273,7384.163500976563,7901.831845023389,-5799063.0,25.181002078734103,-0.08361885835356356,-2766587.811991401,-252931.89040926844,-34798190.977420084,6714.474546758186,-12760416.094724813,996.5198725555913,11.997957137258773,-5.518597508280248,17.51655464553902,0.7122234647635466,-1.801990756989219,360.7760797946772,130159.37975201526,7490.459228515625,7490.459228515625,-0.6137211724036883,-0.8520294533042142,-0.17231800360634983,130159.37975201526,6889.162123325892,-36.20322265625,3.2336253448281354,256.8435677083333,0.006545710865061061,-0.0878942980112658,-0.09708413820284711,-0.13753980676377442,,,0.006524380729699048,-0.15826724224475452,-0.15356975666179573,-0.06896097462828565,-0.15054291889565308
2026-01-28 00:00:00+05:30,6796.750720863254,6905.733617910337,6770.375864500262,6895.283203125,351390,0.0,0.0,7355.847851562501,7362.366904296875,,,7195.790084353188,7349.0642862262885,,,7172.603013392858,7323.554990808823,6994.449382386151,7235.557556492966,6839.22866793009,7140.802557517306,6753.5833969789965,7308.531141721712,7069.520666797697,6850.165175682297,7286.498104408423,7316.5829950889865,7313.111629752946,7183.432319610463,6844.431055389305,6814.665771484375,7202.077392578125,7271.000497224724,38.94868178527018,-173.38144404349168,-79.03266582200433,-94.34877822148735,9.988698857084035,9.866166278934879,0.12253257814915663,11.586429517316411,6.5934729919830914,-79.37743679897365,-8.299139742325305,-7.5897029771389946,-624.0390625,5274.183389126603,-496.90114496346723,44.18144808315777,-2.4015005281742936,-2.6809025761678202,-0.08992129523328618,0.01105585245795293,-19.70768574833824,-188.05682608401003,-323.41457949408505,-7027.673861968534,-6574.263116728849,-866.4720865885415,0,1,0,-866.4720865885415,0,0,0,1,0,203.38004853338586,171.68527806658676,6603.30817688415,7355.847851562501,8108.387526240852,20.46099076175153,0.19399311163603777,6776.227896368618,7195.790084353188,7615.352272337758,6631.534745548168,7271.000497224724,7910.466248901281,9.230589182690876,0.34830370897749025,6866.19912592296,7355.847851562501,7870.060983515485,-5447673.0,24.591869889361135,-0.03485841395061823,-2469456.5619914015,-115437.40579956677,-21733261.03658887,6857.130895178532,-11919074.961588353,998.9141954820732,7.95188372051904,-7.651736740015987,15.603620460535026,0.5291131170332443,-1.2240275534558491,376.26983733917535,141578.99049124948,7451.145751953125,7451.145751953125,-0.4184185692971858,-1.2645695750822499,-0.06364058840722649,141578.99049124948,6806.113337053572,-28.3156494140625,3.233913783694897,273.0245703125001,0.02394322926481851,-0.020708168532169058,-0.0758970297713899,-0.10072689895482367,,,0.02366108490937728,-0.15826724224475452,-0.15356975666179573,-0.06896097462828565,-0.15054291889565308
2026-01-29 00:00:00+05:30,6867.41523701906,7000.782431477111,6817.651358489936,6984.3603515625,339387,0.0,0.0,7325.914868164063,7349.5576757812505,,,7175.653919325503,7334.762171141434,,,7137.223251488096,7308.731204427083,6975.27008728266,7211.965437884754,6835.698037468113,7112.000631562167,6719.810097909901,7243.13172449238,7066.627447097204,6833.940413786959,7250.723860424269,7299.906871682494,7302.911399626772,7167.521097496808,6836.084073851383,6939.82177734375,7169.48193359375,7185.157686030174,42.11167547085126,-167.6280415108631,-58.623410631500604,-109.00463087936251,20.167760977701708,12.951922422468455,7.215838555233253,27.21796578500231,14.33463311665719,-68.13484591993708,-4.178333177805903,-7.894739383870921,-304.55517578125,5411.153433387399,-486.5282983491734,43.391184330459716,-1.9183764006936683,-2.4015005281742936,-0.11518866021781315,-0.011004271853043424,-19.776871868520864,-77.37514216982981,-260.5062151570046,-6893.339806053525,-6839.36771644175,-847.8935546875,0,1,0,-847.8935546875,0,0,0,1,0,201.93369313722792,183.13107298717478,6563.8571388702985,7325.914868164063,8087.972597457827,20.80443857204533,0.27589984100148307,6761.167925818097,7175.653919325503,7590.139912832909,6631.534745548168,7271.000497224724,7910.466248901281,9.50508737415592,0.3459643393087636,6831.784183450186,7325.914868164063,7841.244476268297,-5108286.0,28.780439750375997,-0.01916604615942285,-2190937.8826435744,39924.22731503472,-14309705.720396489,6934.264713843182,-11480635.737466905,1000.2060517527066,4.38307505335861,-8.976436325741135,13.359511379099745,0.6373935203105131,-0.8964006359940684,381.02886464688186,145182.9956940918,7335.9423828125,7335.9423828125,-0.20709644156005222,-1.4512229162750714,0.08022857953198875,145182.9956940918,6759.840018136161,-29.9329833984375,3.2425059405261183,286.71958984374993,0.012918562706333736,0.006093192812917758,-0.07894739383870919,-0.07985314157734502,,,0.01283582983979103,-0.15826724224475452,-0.15356975666179573,-0.06896097462828565,-0.15054291889565308
2026-01-30 00:00:00+05:30,6996.303836010183,7004.26605674965,6882.344551676565,6980.37939453125,396287,0.0,0.0,7293.095581054688,7336.13138671875,,,7157.056345535574,7320.8648073528,,,7104.315111142114,7294.25362477022,6958.930311686876,7189.531263132792,6834.693607839847,7085.284611230641,6720.547448952413,7182.826564836721,7063.657357376241,6837.649864706058,7218.928565805915,7283.801285228951,7293.647445663235,7152.661660670319,6869.80512889382,6982.369873046875,7141.6142578125,7152.56244288075,42.006931242235076,-161.52766810447793,-42.01842978009232,-119.5092383243856,28.65477027527608,19.603743370020606,9.051026905255473,42.88479572368814,27.229730342002284,-66.52340645526101,-4.232949766739,-8.595075669297405,-308.5361328125,5452.932990372826,-492.12378922242715,51.061472562290575,-1.4576555907840971,-1.9183764006936683,-0.1369368908257007,-0.03418848043899395,-19.005214098003524,-59.923205595049694,-181.8447106681342,-6585.742994282979,-6876.20114054289,-807.1700846354167,0,1,0,-807.1700846354167,0,0,0,1,0,196.21853684693198,121.92150507308452,6530.868693968183,7293.095581054688,8055.322468141194,20.902698411537237,0.2948667307455214,6758.822064729237,7157.056345535574,7555.290626341911,6631.534745548168,7271.000497224724,7910.466248901281,9.720147270814167,0.34374832342276135,6806.808949100718,7293.095581054688,7803.206222548961,-5504573.0,33.36592154019051,-0.006007916893441495,-1949930.6867251997,176535.89162548818,-12490833.6916317,6955.663334319153,-11503223.368110705,1000.2060517527066,2.371490826915084,-8.79041644174773,11.161907268662814,0.6927011757253324,-0.820533077017915,381.1134435432525,145247.4568493959,7288.91552734375,7288.91552734375,0.005520705381519404,-1.4950356203543407,0.23107884109724702,145247.4568493959,6726.754171316964,-32.819287109375,3.2509741168011503,289.34712890625,-0.0005699816204871588,0.0020717411520789764,-0.08595075669297403,-0.07228832786072048,,,-0.0005701441217624328,-0.15826724224475452,-0.15356975666179573,-0.06896097462828565,-0.15054291889565308
2026-02-02 00:00:00+05:30,6768.385005098971,7036.612305867175,6767.887366322036,7003.2705078125,292881,0.0,0.0,7255.200366210938,7323.949189453125,,,7142.410075276234,7308.410128939456,,,7076.712723214287,7281.200256969975,6949.901800130867,7170.260660134862,6842.579897381806,7063.553478804465,6745.013396260314,7128.802550984937,7063.028258120825,6817.261475433457,7192.634434702007,7267.776507626981,7285.497630754412,7141.050811982102,6920.455240072719,6991.824951171875,7104.7890625,7129.422315369529,42.886621018976335,-153.08133040918256,-26.857673667837545,-126.22365674134501,34.22434778756128,27.682293013513018,6.54205477404826,55.196423354198785,41.76639495429641,-62.668704262118055,-1.1935693384576256,-9.765329553165717,-84.5986328125,5421.996258488975,-471.6313436999026,55.103257115342565,-1.126510709882686,-1.4576555907840971,-0.15499889135436318,-0.058097113809391705,-17.890589723213527,-18.874277258639268,-287.5992168037783,-6154.8469099869035,-6690.114395438073,-722.6544596354167,0,1,0,-722.6544596354167,0,0,0,1,0,201.39756561108965,268.724939545139,6515.943107739824,7255.200366210938,7994.4576246820525,20.37868621558676,0.3296060975312817,6730.917166061903,7142.410075276234,7553.902984490565,6631.534745548168,7271.000497224724,7910.466248901281,9.85002326563697,0.3364455203282644,6752.857353022687,7255.200366210938,7777.495624856394,-5211692.0,33.35697186719215,0.0017742849369515718,-1729727.5645029764,286438.39394815476,-9748661.428694919,6935.923393333903,-11407177.411723603,1000.533986840292,-1.0522558924578287,-9.771330528896515,8.719074636438686,0.5638681283138306,-0.681575609874873,369.62862923555724,136625.32355055705,7188.392333984375,7188.392333984375,0.20210323233715896,-1.3716945700250225,0.36716208887714286,136625.32355055705,6719.7374372209815,-37.89521484375,3.26382673755281,291.83533203124995,0.003279350875854181,0.04678664837591762,-0.09765329553165714,-0.0731081246048606,,,0.0032739855314686287,-0.15826724224475452,-0.15356975666179573,-0.06896097462828565,-0.15054291889565308
2026-02-03 00:00:00+05:30,7365.053961421552,7663.139591346654,7325.242858927381,7469.55810546875,916405,0.0,0.0,7242.41103515625,7323.630693359375,,,7173.567030532665,7314.7296574308,,,7097.127746000745,7286.910410539215,7027.582503014103,7188.069518698462,6972.574648379682,7096.585700822993,6829.419364388865,7094.244722685497,7066.984087047763,6920.191325615389,7203.8064184208015,7236.470740868156,7292.2927333033485,7160.652155225845,7019.728394595488,7236.414306640625,7079.906982421875,7147.337168447411,57.14639026241958,-107.52258134303338,14.96086031864931,-122.48344166168269,50.68093606306155,37.85335137529964,12.827584687761913,72.89822041984621,56.993146499244375,-18.765081093436265,1.1728190162100394,-3.311005918147109,86.5888671875,5923.728167019955,-320.7707487182988,60.07394092900932,-0.4863403411770814,-1.126510709882686,-0.1623648388778598,-0.08098623180422661,-13.801065903898884,548.4999336004203,210.6032011811476,-5811.123443021443,-6364.273842935788,-497.6388346354166,0,1,0,-497.6388346354166,0,0,0,1,0,234.1455311770228,659.869083534154,6529.002120379584,7242.41103515625,7955.819949932917,19.700867882632537,0.6591983682903713,6675.574572951288,7173.567030532665,7671.559488114041,6631.534745548168,7271.000497224724,7910.466248901281,9.781783235162097,0.4174556309081676,6733.713670643214,7242.41103515625,7779.128359219978,-4295287.0,42.59907869406662,-0.05185230457333568,-1863341.8428534898,262845.0205187951,52688045.336858034,7485.980185247595,-5305624.066704416,1000.533986840292,6.576532299094047,-1.7140338698757107,8.290566168969757,1.8620304717876697,0.6367934731614855,356.70445738833297,127238.06992070506,7188.392333984375,7188.392333984375,0.2232380520790153,-1.2196929525766498,0.31942021384732466,127238.06992070506,6806.561167689732,-12.7893310546875,3.2802205774547453,293.58701171874986,0.06658140609249386,0.10922252536756605,-0.03311005918147114,-0.004905850638971088,,,0.06445858615456854,-0.15826724224475452,-0.15356975666179573,-0.06896097462828565,-0.15054291889565308
2026-02-04 00:00:00+05:30,7468.56280103211,7629.797765553326,7384.959486095184,7593.9677734375,354745,0.0,0.0,7234.175097656251,7327.671513671875,,,7213.605196523602,7325.680171784004,,,7130.609340122768,7297.511864659926,7117.748964665275,7214.508179733463,7113.334125593392,7141.4927309395425,6966.383696183373,7080.000805044373,7120.474318177822,7046.446867149043,7219.536187398172,7230.445179169665,7296.145367143265,7185.120895865674,7158.900294989147,7531.762939453125,7142.11181640625,7147.337168447411,60.01490894159837,-60.67865820432144,49.443826765889014,-110.12248497021045,70.62031721876954,51.84186702313079,18.778450195638754,88.86210276321847,72.31891551242116,-6.7052629881370285,7.852141672540967,-2.123023652294964,552.87646484375,5916.941136550815,-193.03863526427267,70.02308022795413,0.1585638478309829,-0.4863403411770814,-0.1596630430835022,-0.10121927315978299,-9.48340236552414,446.6826627083392,201.8443832501971,-5409.111712573109,-5987.799235478796,-249.9806315104166,0,1,0,-249.9806315104166,0,0,0,1,0,234.90929891138848,244.8382794581421,6542.38588796054,7234.175097656251,7925.964307351962,19.125586548764602,0.7600450185826886,6716.404729291282,7213.605196523602,7710.805663755922,6631.534745548168,7271.000497224724,7910.466248901281,9.58728958980754,0.4220054645326362,6706.831538598151,7234.175097656251,7780.7360459705,-3940542.0,55.577518962965925,-0.024547155437276192,-1612424.647731538,309135.47342569684,51465997.097817495,7536.241675028669,-4714776.428324547,1002.1995427702694,3.4005543504000766,-3.9120094548557445,7.312563805255821,0.7536382812428631,1.0401800743307548,345.89460484785536,119643.07766285402,7188.392333984375,7188.392333984375,0.19115761199156492,-1.1794793546128264,0.21226038196937283,119643.07766285402,6923.477825055803,-8.2359375,3.3053028302760006,294.3036002604166,0.016655559299775025,0.10132790049810425,-0.02123023652294964,0.0028916783593182505,,,0.016518376612619456,-0.15826724224475452,-0.15356975666179573,-0.06896097462828565,-0.15054291889565308
2026-02-05 00:00:00+05:30,7564.10979586844,7577.048404729794,7467.567868210646,7500.90966796875,194719,0.0,0.0,7216.235229492188,7329.6123046875,,,7240.967527137425,7332.551916732426,,,7156.012632533483,7304.305517769608,7178.996854582874,7232.341875399018,7205.660839554587,7172.721847835046,7120.056555672517,7078.906703903766,7160.045720093525,7140.67779237592,7225.242776097019,7213.50687793247,7297.442207713002,7204.11195679206,7304.350288297799,7547.438720703125,7142.11181640625,7147.337168447411,56.94442894014045,-30.709522754640602,63.530369772455884,-94.23989252709649,86.26789353514474,69.1897156056586,17.07817792948613,96.4706289128269,86.07698403196386,-15.72597531299248,8.05018322343116,-4.565022103936961,558.8486328125,5809.777093979201,-81.30989283292456,68.03812722986189,0.7501631051171684,0.1585638478309829,-0.15107405375985872,-0.11788269797972219,-5.149158820636271,348.53407829569824,239.05354177655045,-4929.0404210073875,-5587.392940363899,-104.75309244791669,0,1,0,-104.75309244791669,0,0,0,1,0,227.1586279339217,126.39990522685366,6576.0643922186555,7216.235229492188,7856.406066765721,17.742515783221833,0.7223425544413902,6767.04331293164,7240.967527137425,7714.891741343211,6631.534745548168,7271.000497224724,7910.466248901281,9.394478237451676,0.42040809028325027,6699.808658208495,7216.235229492188,7758.535183263126,-4135261.0,54.050334458516424,-0.05160799780450401,-1688542.0750042668,275750.0706257704,41525114.478305064,7515.175313636396,-4953389.256023804,1000.9741213799621,-1.9679598923527784,-7.42441895808688,5.456459065734101,0.47162177250962833,0.8893702177655608,320.08541863676635,102454.67522387396,7188.392333984375,7188.392333984375,0.02562712374421509,-1.3589272535295815,0.10735199432052854,102454.67522387396,7035.567438616072,-17.9398681640625,3.326850095437936,291.4239388020833,-0.012254213903073463,0.07395799907298461,-0.045650221039369554,-0.016058463634799014,,,-0.012329915863314325,-0.15826724224475452,-0.15356975666179573,-0.06896097462828565,-0.15054291889565308
2026-02-06 00:00:00+05:30,7500.90938679151,7607.404086504465,7488.468417198875,7587.49853515625,142827,0.0,0.0,7209.915209960938,7331.294326171874,,,7273.970480282075,7342.549823337283,,,7191.3710425967265,7314.418703278186,7247.761591292165,7255.8754193824,7304.242048539342,7211.598260184618,7278.720449937431,7089.8942697907,7208.966600177771,7268.683832238928,7232.638050196156,7202.771439879371,7298.154823286094,7226.367397672278,7431.042558125964,7544.2041015625,7142.11181640625,7147.337168447411,59.044122386989415,0.02790921382347733,75.41424139273597,-75.3863321789125,90.07879813903601,82.32233629765008,7.756461841385928,95.35475582587425,93.5624958339732,-7.332367281762431,8.922702311418528,-1.6386057406397556,621.55078125,5792.662662388776,24.9798658387017,68.53264258370292,1.2875704014148222,0.7501631051171684,-0.136959651483759,-0.12977757818452748,-0.08736694271001552,327.60630168148964,208.670632375899,-4469.848358701962,-5159.546011480732,87.75016276041666,0,1,0,87.75016276041666,0,0,0,1,0,219.42841660332664,118.93566930559064,6588.201574096388,7209.915209960938,7831.6288458254885,17.246073435249695,0.8036633776499427,6822.527492323395,7273.970480282075,7725.413468240756,6631.534745548168,7185.157686030174,7738.780626512179,9.020446191075196,0.4184570724053961,6700.178000530668,7209.915209960938,7732.654078731941,-3992434.0,61.59071177092539,-0.01925184633129637,-1593523.2758410852,267257.47188446997,37359702.143374205,7561.123679619864,-4788512.878607862,1002.1284995956772,-7.558786540821093,-10.412196485244156,2.8534099444230625,0.37235053460523837,1.2146535105997716,310.85681793227496,96631.96125497956,7188.392333984375,7188.392333984375,-0.04457263064937925,-1.4237025572839705,-0.043143199832455105,96631.96125497956,7154.282707868304,-6.32001953125,3.3463829047919385,291.23814453125004,0.011543782157151128,0.08697509208462861,-0.016386057406397536,-0.007356798868149439,,,0.0114776610756251,-0.15826724224475452,-0.15356975666179573,-0.06896097462828565,-0.15054291889565308
2026-02-09 00:00:00+05:30,7642.7364250539695,7807.454862135156,7609.394626611554,7751.2216796875,262430,0.0,0.0,7215.040893554688,7337.445136718749,,,7319.422975463544,7358.576170645135,,,7242.924039713543,7330.88644263174,7336.833857255908,7290.698626023477,7427.400730234936,7266.217553604589,7439.7723792825,7114.460674631931,7387.34724075636,7411.513469123911,7253.989445592875,7203.345805623144,7302.846642943042,7254.68850502218,7532.143316980928,7669.360107421875,7220.73876953125,7219.494803841662,62.74375285667336,37.17016049971335,90.04519414290067,-52.87503364318733,90.71986645597659,89.02218604338577,1.6976804125908131,95.35475582587425,95.72671352152513,-4.782058037315339,15.858374367338692,1.3402743544437972,1060.9658203125,5973.586055593769,172.33951616701597,67.11470321333957,1.7824308357305032,1.2875704014148222,-0.11654240396248294,-0.1359610809776251,4.268591002207253,460.3108066172481,262.2505710936457,-4092.8653712004484,-4716.625773865376,312.43408203125,0,1,0,312.43408203125,0,0,0,1,0,219.4661244872966,219.95632697890596,6576.629149512865,7215.040893554688,7853.4526375965115,17.696690939399293,0.9199333667784828,6869.078114552566,7319.422975463544,7769.767836374523,6631.534745548168,7219.494803841662,7807.454862135156,8.873583917394877,0.42456949595396876,6695.8896825984,7215.040893554688,7741.428779239957,-3730004.0,55.47752552251831,-0.001150410439456933,-1480111.3160420903,275572.7167095754,38160582.52565445,7722.69038947807,-4222241.074794576,1002.1284995956772,-9.88296311943046,-10.189098451082819,0.30613533165235784,0.703539654565059,1.679733467113932,319.20587202091144,101892.38873263048,7188.392333984375,7188.392333984375,0.03858099774443826,-1.3022331380783763,-0.2218448602169923,101892.38873263048,7298.690332031249,5.12568359375,3.3721988913217635,297.3823242187499,0.021578013329774937,0.10680026868027204,0.013402743544437934,0.008677632019552295,,,0.021348503705236326,-0.15826724224475452,-0.15356975666179573,-0.06896097462828565,-0.15054291889565308
2026-02-10 00:00:00+05:30,7753.212207630368,7757.193317878188,7669.608892426138,7705.9365234375,131347,0.0,0.0,7220.6890869140625,7342.86939453125,,,7356.233789556301,7372.198145264443,,,7289.676004464286,7345.337085248161,7405.291514404744,7320.070244673951,7515.865828912699,7311.681225242609,7582.602770351392,7147.904562220771,7476.9264622130195,7516.758838135919,7269.644232959332,7199.655666508946,7304.021924144883,7280.008326686633,7603.177715908272,7728.5791015625,7220.73876953125,7219.494803841662,61.099715152998975,62.23413225646891,92.087332719725,-29.853200463256087,93.08415881906122,91.29427447135794,1.7898843477032784,97.15691475152525,95.9554754677579,-8.633098223738589,14.432450355951866,1.4877423151855564,971.88818359375,5994.363173408239,210.29765707561273,67.48314898116041,2.2467424323959913,1.7824308357305032,-0.09279197064430145,-0.13628004491218235,9.364546848889036,358.79319551462413,271.2087700625734,-3823.7156393683076,-4313.030586696752,483.373046875,0,1,0,483.373046875,0,0,0,1,0,210.0460031276362,87.58442545205071,6566.397433558749,7220.6890869140625,7874.980740269376,18.122692875423084,0.8708189108289935,6932.096167693597,7356.233789556301,7780.371411419006,6631.534745548168,7219.494803841662,7807.454862135156,8.427119343684055,0.4242382817837051,6706.796298962721,7220.6890869140625,7741.01411274166,-3861351.0,59.851362771785574,0.0022195580531840947,-1502500.009223907,246798.66751566995,31859346.53370828,7710.912911247276,-4298978.261057175,1001.5442670950293,-14.620561743563524,-11.941357660172706,-2.6792040833908186,0.3883227915650875,1.483275643315975,327.14582667765654,107024.3919126073,7188.392333984375,7188.392333984375,0.08570395479897647,-1.2838159815505843,-0.37275954326990074,107024.3919126073,7427.649839564732,5.648193359375,3.390932129780383,303.99095703125,-0.005842325006478966,0.031645569206522284,0.014877423151855584,0.014478492398333431,,,-0.005859458151410938,-0.15826724224475452,-0.15356975666179573,-0.06896097462828565,-0.15054291889565308
2026-02-11 00:00:00+05:30,7752.714820035802,7788.047174629971,7719.373020630039,7777.09912109375,119349,0.0,0.0,7233.5779296875,7351.0903906250005,,,7396.316202083677,7388.076614904809,,,7342.667436290923,7362.365701976103,7476.966802566561,7353.248730266451,7605.594260314443,7361.810275943292,7708.346529271509,7189.146730428349,7558.00759180698,7617.052081230117,7286.304898762397,7192.4391625198905,7306.241276342721,7307.270762263782,7664.192806520344,7741.517822265625,7233.677490234375,7219.494803841662,62.75141696058393,86.83871470221402,93.35353213237609,-6.514817430162065,94.66779929652921,92.82394152385567,1.8438577726735446,98.2727878384779,96.92815280529247,-2.5814458493584547,12.788683103967415,3.428192679640707,881.81591796875,6117.256928077771,254.87296705338576,66.52667698200638,2.689985476556095,2.2467424323959913,-0.06613591548534359,-0.13082973994190794,14.081444229402512,335.54719530495095,266.8730413050189,-3527.0148123837434,-3971.6708653705364,634.4064941406249,0,1,0,634.4064941406249,0,0,0,1,0,200.90776370369582,82.11065119247087,6545.246407406402,7233.5779296875,7921.909451968598,19.031564433863362,0.8948106209091273,6996.932515409331,7396.316202083677,7795.699888758023,6631.534745548168,7219.494803841662,7807.454862135156,7.828134490223163,0.42335554711018253,6743.150460186916,7233.5779296875,7729.470539386389,-3742002.0,70.23950748755169,0.003005632735844867,-1421204.3135717309,238458.03532424918,28521323.438560784,7761.506438784586,-4188762.132987032,1002.4677446949266,-18.974980950928945,-13.0366214940305,-5.938359456898445,0.37884037370765467,1.5792424836365093,344.16576114054897,118450.07114145339,7188.392333984375,7188.392333984375,0.1576171858277753,-1.286114964700927,-0.5011905635649704,118450.07114145339,7560.846449497768,12.8888427734375,3.403091739791028,312.4043684895833,0.009234775998973044,0.024115370662595392,0.03428192679640696,0.01705062897824705,,,0.009192396167458993,-0.15826724224475452,-0.15356975666179573,-0.06896097462828565,-0.15054291889565308
2026-02-12 00:00:00+05:30,7744.255015065814,7762.170011887712,7693.495857403772,7731.31640625,145735,0.0,0.0,7255.697973632812,7359.470634765626,,,7428.2209834328505,7401.53699887913,,,7390.071100725447,7377.276526118259,7530.056805090426,7381.007439417605,7665.601609829898,7402.970844747606,7804.153164654356,7233.632512687317,7595.4767774718175,7699.452208538559,7304.439368878333,7182.631409121974,7309.309030868786,7331.441593229616,7706.268502474621,7754.207763671875,7233.677490234375,7219.494803841662,60.95814949265408,101.47401184792852,86.39106342247247,15.082948425456054,94.10355253756643,93.95183688438561,0.15171565318081548,96.38925112205156,97.27298457068491,-6.474798314203656,10.694695248941377,6.0695020712837255,746.9560546875,6179.704896991385,292.4651846955003,65.32033671851404,2.960617396414977,2.689985476556095,-0.0388654341098138,-0.11993291141792052,17.106780604062262,269.8391144305515,201.16495994661182,-3269.9314785118772,-3677.3762922027377,716.2680664062499,0,1,0,716.2680664062499,0,0,0,1,0,192.52887084557312,83.60326368997812,6532.336410673763,7255.697973632812,7979.059536591862,19.939131027441977,0.8287556714180245,7050.9494071674935,7428.2209834328505,7805.4925596982075,6631.534745548168,7219.494803841662,7807.454862135156,7.215822437039398,0.4065678617536452,6780.508345558517,7255.697973632812,7725.648813888904,-3887737.0,65.00506338700845,0.1711864995960564,-1406419.6034267994,218072.18126257835,23493685.240515828,7728.994091847161,-4274554.32675832,1002.4677446949266,-21.996885118067887,-12.846820528935554,-9.150064589132333,0.4928933194666396,1.3150226856720972,361.68078147952497,130812.9876916399,7188.392333984375,7188.392333984375,0.08388534449627577,-1.4889715270426078,-0.5574864675907224,130812.9876916399,7658.817354910714,22.1200439453125,3.4090193733864296,316.6486675347221,-0.005886862714604479,0.03071717278041075,0.06069502071283717,0.013966835162323,,,-0.0059042585959559295,-0.15826724224475452,-0.15356975666179573,-0.06896097462828565,-0.15054291889565308
2026-02-13 00:00:00+05:30,7723.851474239344,7727.334945685749,7529.274712018637,7551.66845703125,160046,0.0,0.0,7268.835620117188,7366.64658203125,,,7439.977885680317,7407.424507041958,,,7418.258765811012,7384.813695618872,7542.7522549277355,7393.356653833407,7666.237192749498,7420.667055158225,7849.547419148233,7275.384000882505,7590.7242487839885,7737.605941653934,7310.329154657615,7189.628241081126,7312.925569117535,7345.415830589254,7706.615626913621,7641.492431640625,7255.57373046875,7219.494803841662,54.389959947346306,97.4531232141826,65.89613983098123,31.556983383201366,89.73057787060236,92.83397656823266,-3.103398697630297,88.81865559188583,94.49356485080509,-21.752022224630796,8.184212206969354,3.6048288487060196,571.2890625,6124.478650618303,306.7093483865119,56.266796984750805,2.22196465637521,2.960617396414977,-0.014810744688564803,-0.10435645067727625,19.026259874365778,226.52725400371764,28.467020336605856,-3048.100563902979,-3410.9514641770875,806.0088704427083,0,1,0,806.0088704427083,0,0,0,1,0,193.20835823027244,202.04169423136318,6533.488951824033,7268.835620117188,8004.182288410343,20.23286002665994,0.6923125847367728,7060.152803491401,7439.977885680317,7819.802967869233,6631.534745548168,7219.494803841662,7807.454862135156,6.0708247983568215,0.41725229345331194,6772.977401828054,7268.835620117188,7767.632928575219,-4047783.0,67.68432221750462,0.15326852364690594,-1530274.2968941368,150499.45838296204,16030025.108918704,7602.759371578545,-4646443.59075767,1002.4677446949266,-24.087531489013358,-11.94997351990482,-12.137557969108538,0.5882997290188069,0.7692503389470909,367.67333414657753,135183.68064246085,7235.419189453125,7235.419189453125,-0.008848020164877053,-1.598029584691799,-0.6152866116170991,135183.68064246085,7717.105057198661,13.137646484375,3.408364068860232,314.1903190104167,-0.023236398535380398,-0.00472225173540175,0.0360482884870601,-0.013072320013906236,,,-0.02351061991778509,-0.15826724224475452,-0.15356975666179573,-0.06896097462828565,-0.15054291889565308
2026-02-16 00:00:00+05:30,7581.526818252972,7637.760000429708,7500.411697059979,7599.939453125,107865,0.0,0.0,7294.439135742188,7372.369423828124,,,7455.212320675048,7414.974112770705,,,7449.792464192709,7393.962435661764,7561.982191179852,7408.711482839128,7677.321636060986,7442.450024123202,7860.137407311114,7316.197034143284,7591.7635847185475,7736.912118713678,7321.959628984767,7206.144413594592,7314.494254822873,7361.280282663936,7681.440465196141,7575.803955078125,7336.191162109375,7287.671114228596,55.76903837273499,97.0429551899324,52.38877744538482,44.65417774454758,83.93715776189052,89.25709605668644,-5.319938294795918,79.04053760611404,88.08281477335048,-19.961706175493998,8.519861465395143,7.224601672807496,596.6689453125,6126.909161326203,276.8437075251022,60.1163942685028,1.3744435549314338,2.22196465637521,0.006968456975942061,-0.08554164002685383,20.461933290500518,122.79062854153835,-14.557674828191011,-2843.9621365947255,-3167.8401723013635,817.5375162760416,0,1,0,817.5375162760416,0,0,0,1,0,189.21835431166224,137.34830336972936,6550.0198971135305,7294.439135742188,8038.858374370846,20.41059565446399,0.705193727895583,7085.399474243224,7455.212320675048,7825.025167106873,6631.534745548168,7219.494803841662,7807.454862135156,4.751250608504075,0.40232668463431276,6818.062074153896,7294.439135742188,7762.580493873235,-3939918.0,73.33162822356724,0.21597322375241954,-1481813.209937616,124593.73956537922,14483843.09245208,7579.370383538229,-4577495.23817468,1003.1069543790966,-27.293056109127342,-12.124398512015041,-15.1686575971123,0.425424418687201,0.8207749115823323,372.2096193143288,138540.00071011757,7426.263671875,7426.263671875,-0.1903155516195218,-1.6240599436223309,-0.6265498129026333,138540.00071011757,7760.49912109375,25.603515625,3.406586212632293,309.79008463541675,0.00639209684169928,-0.019517210681632702,0.07224601672807496,-0.0016343006211291256,,,0.006371754033462479,-0.15826724224475452,-0.15356975666179573,-0.06896097462828565,-0.15054291889565308
2026-02-17 00:00:00+05:30,7613.873428190996,7717.879934497657,7580.033990732369,7705.43896484375,90445,0.0,0.0,7310.562622070313,7382.023613281249,,,7479.043429643497,7426.364891283373,,,7488.935305059525,7407.023986289828,7597.206220595487,7431.291935998539,7711.868836844921,7474.458261108539,7853.413007727948,7358.670949307759,7596.869889374822,7744.5309794314235,7344.29672839958,7181.248241545647,7317.206097376876,7381.756728229677,7658.296597880687,7652.689208984375,7378.7392578125,7287.671114228596,58.70768025843802,104.03161131727211,47.50194685817962,56.52966445909249,82.82432321812534,85.49735295020608,-2.6730297320807352,74.42638499753394,80.76185939851126,-9.813301945499175,3.157895768992045,4.367751187292916,235.880859375,6279.660636578443,259.50540966203334,60.95125707068602,0.893884912414139,1.3744435549314338,0.02810056015687401,-0.0646790174445898,21.29753904598595,175.70062075868918,37.85467699340097,-2646.2416120957164,-2950.0497486005006,803.5206705729167,0,1,0,803.5206705729167,0,0,0,1,0,185.54889641549266,137.8459437652882,6544.417939055592,7310.562622070313,8076.707305085035,20.95993763056648,0.7577035066141998,7118.194484059411,7479.043429643497,7839.892375227583,6631.534745548168,7219.494803841662,7807.454862135156,3.8197907532281237,0.37991256531347717,6854.911430781609,7310.562622070313,7763.351036528119,-3849473.0,71.63908468004692,0.11208342655088883,-1407694.022211985,126252.61981948861,13777851.698873548,7667.7842966912585,-4451942.878234775,1004.4951169081463,-30.539193181409107,-12.296428467437444,-18.242764713971663,0.5290703524054875,1.0308140264567998,383.0723415073606,146744.41882793192,7485.23388671875,7485.23388671875,-0.2434640502507644,-1.7006669934076193,-0.725010002282576,146744.41882793192,7845.680671037947,16.123486328125,3.3948421702170983,309.2592643229166,0.013881625290497634,-6.45682185723695e-05,0.04367751187292912,0.02938435065946976,,,0.013786158009630123,-0.15826724224475452,-0.15356975666179573,-0.06896097462828565,-0.15054291889565308
2026-02-18 00:00:00+05:30,7740.2737258540865,7801.48329691491,7716.884702765804,7793.0234375,162110,0.0,0.0,7348.159228515626,7398.047578125,7448.433505859374,,7508.946287534593,7440.743657801672,7448.433505859375,,7534.883954148067,7423.141626455269,7642.91044601167,7459.292378398531,7760.94928847433,7513.853398959176,7847.35135442032,7404.60678161003,7604.242575112388,7776.969667774264,7381.662791899842,7209.999926229896,7324.800446202695,7405.4056042914435,7663.452201604054,7749.231201171875,7386.701416015625,7287.671114228596,61.02289467890726,115.3083042634953,47.02291184352225,68.28539241997305,89.61225919299822,85.4579133910047,4.154345801993529,80.94671195667901,78.13787818677567,-1.3882143000121472,2.621233984673536,10.67919866325986,199.0556640625,6412.225657762132,254.24066352673344,60.82302568711052,0.9525632903075973,0.893884912414139,0.04946072859919326,-0.04239737496025069,20.756361201232597,223.46910835293693,138.87051420383068,-2487.90240796541,-2752.735078208212,811.814697265625,0,1,0,811.814697265625,0,0,0,1,0,179.15571324804034,96.04433207116017,6564.103979247951,7348.159228515626,8132.2144777833,21.340181258594157,0.7836944267638586,7164.169749706864,7508.946287534593,7853.722825362321,6631.534745548168,7219.494803841662,7807.454862135156,3.0334912278354116,0.3325617659911185,6918.098623448504,7348.159228515626,7753.758555200871,-3687363.0,70.44348578017478,0.21983060907829763,-1278006.022211985,156718.1053943981,13837918.43650657,7770.463812393572,-4267679.283038124,1004.4951169081463,-30.795912192354077,-10.042517982705931,-20.753394209648146,1.068711751082655,1.134777707055434,392.0276246338374,153685.65847604888,7526.2890625,7526.2890625,-0.41986942036008523,-1.5903081238611843,-0.6895249956374515,153685.65847604888,7908.333405412946,37.5966064453125,3.3830934242615323,310.1749153645833,0.011366577953034973,0.0020475907736676735,0.10679198663259859,0.05426145209888378,,,0.01130246378753591,-0.15826724224475452,-0.15356975666179573,-0.06896097462828565,-0.15054291889565308
2026-02-19 00:00:00+05:30,7793.02347730076,7861.19999175735,7683.542943136892,7741.26904296875,264268,0.0,0.0,7388.11962890625,7409.6724218750005,7452.1210107421875,,7531.072264242607,7452.528967023911,7454.232229366491,,7572.322984095983,7436.60129174326,7672.296672267214,7481.67342704618,7785.66251741929,7544.275019973959,7840.364706862148,7451.962929301379,7611.3657793333805,7788.214418536834,7413.504351378035,7270.810909841933,7332.318142131267,7425.495674325166,7689.286644809072,7767.146240234375,7398.14697265625,7314.5436790396925,58.920598583875034,118.70070966600997,40.332253796829534,78.36845586918044,92.6096606313176,88.34874768081372,4.260912950503879,84.29667702984842,79.88992466135379,-10.969501860535857,3.204403007629999,11.512546544392514,240.359375,6345.200666528519,257.24257554337055,58.00391905666856,1.2388248534794482,0.9525632903075973,0.06942746818257017,-0.019465472775103007,19.496076957032006,259.8636811372653,82.20663251680708,-2392.9601998833114,-2584.2017294333814,675.9593098958333,0,1,0,675.9593098958333,0,0,0,1,0,179.04866577464162,177.65704862045823,6609.766384431336,7388.11962890625,8166.472873381164,21.07040176852532,0.7268567752298242,7185.292149327909,7531.072264242607,7876.852379157305,6631.534745548168,7246.367368652759,7861.19999175735,2.1410784778473957,0.32783897643721915,6969.057072730109,7388.11962890625,7790.285480443524,-3951631.0,61.49045828900255,0.1674442194671835,-1370536.8345369138,125492.53599034762,9907211.46929358,7762.003992620997,-4443182.801584861,1004.4951169081463,-27.317839319079244,-5.251556087544877,-22.066283231534367,1.6658114927806094,0.9074271009192968,389.1766222374571,151458.4432961564,7569.58349609375,7569.58349609375,-0.6459806231611552,-1.3022544422761526,-0.5766204408506861,151458.4432961564,7940.729694475446,39.960400390625,3.373360667369049,307.0165690104167,-0.006641118809191271,0.001287314629977443,0.1151254654439251,0.04557061650744054,,,-0.006663269161926536,-0.15826724224475452,-0.15356975666179573,-0.06896097462828565,-0.15054291889565308
2026-02-20 00:00:00+05:30,7743.259649961478,7894.541843636818,7673.590218663624,7831.83935546875,393536,0.0,0.0,7431.4142089843735,7424.2034765625,7457.560205078125,,7559.716749121288,7467.403884217826,7461.709598200199,,7614.582005673364,7453.156857766544,7713.407652224261,7509.697011347102,7827.255960051806,7582.47667294915,7840.062072785611,7502.533497527767,7623.025211178149,7800.04704831904,7459.084948198994,7333.1451143430495,7343.70408699442,7448.949418820309,7730.883709030546,7786.55419921875,7650.69873046875,7609.8923512821,61.42514290717005,127.23084470027607,39.0899110648765,88.14093363539956,92.20943391919968,91.47711791450516,0.7323160046945247,85.50711378107431,83.58350092253391,-11.013982081852959,3.2203079734429005,12.430348778842614,244.3408203125,6313.5446490039185,286.10421851977753,58.245842897670535,1.6168682360516031,1.2388248534794482,0.08911662865194181,0.0033855308487219637,18.79266430784253,260.2765266097804,39.32490163658622,-2396.0467710723474,-2467.3355998109178,549.3932291666666,0,1,0,549.3932291666666,0,0,0,1,0,182.04173428882396,220.95162497319416,6655.611722856034,7431.4142089843735,8207.216695112713,20.87899999411729,0.7580715798441866,7204.782049917857,7559.716749121288,7914.651448324718,6631.534745548168,7263.038294592493,7894.541843636818,1.104476192603191,0.32846184739190104,6995.175160541701,7431.4142089843735,7842.405195705587,-3558095.0,70.74248862658166,0.2513076458144217,-1200359.104807184,155457.48651266377,13583706.759394497,7799.99047258973,-3982758.570077579,1004.4951169081463,-20.143337845469066,1.53835630885224,-21.681694154321306,2.14212269021643,1.0322863193767464,387.90124306416976,150467.3743707281,7590.733154296875,7590.733154296875,-0.8631198004310868,-0.8771640966369972,-0.3579582159866379,150467.3743707281,7980.9175990513395,43.294580078125,3.3647004301010344,310.1616471354167,0.011699672495204538,0.037100529509692226,0.12430348778842615,0.043772423924110404,,,0.01163176051235224,-0.15826724224475452,-0.15356975666179573,-0.06896097462828565,-0.15054291889565308
2026-02-23 00:00:00+05:30,7901.5085471263055,7967.196866072059,7793.0232931098335,7936.34326171875,328097,0.0,0.0,7493.718579101562,7439.242119140625,7464.487333984375,,7595.585940797236,7485.793663727666,7471.108284606507,,7662.670486886162,7473.240770909926,7767.09269321626,7544.096848537797,7886.217406822371,7629.404618044901,7853.023323525431,7558.416593826383,7635.409060312954,7834.971138955321,7499.501902589475,7410.291986750899,7355.8916588529055,7475.96724041012,7781.597440899161,7884.09130859375,7718.62646484375,7676.078176083622,64.14173963269396,140.80056871914257,42.1277080669944,98.67286065214817,90.90579027558488,91.90829494203405,-1.0025046664491697,88.28459451361707,86.0294617748466,-5.299145230856528,2.388289094045281,18.625407286891996,185.12158203125,6225.38431030462,342.3081354478545,60.939107613461765,2.0280837882982286,1.6168682360516031,0.1095278151689083,0.025865507050189713,17.109999811511635,289.77755694620464,115.60398398397956,-2389.7648780789564,-2409.2802046592806,512.5679524739583,0,1,0,512.5679524739583,0,0,0,1,0,181.47972276549547,174.17357296222508,6770.1483269666305,7493.718579101562,8217.288831236494,19.31138044475863,0.8058615810359814,7241.278627620374,7595.585940797236,7949.893253974097,6631.534745548168,7299.365805810114,7967.196866072059,1.104476192603191,0.27990519209635656,7067.338369218249,7493.718579101562,7872.393516472934,-3229998.0,65.06801655125487,0.3497934680992192,-988502.1848071846,220992.39658882353,16541379.81218189,7898.854473633547,-3544963.352725932,1005.8294638157731,-16.39656756938041,4.22810126795272,-20.62466883733313,1.7242870761899056,1.2234463241439273,361.7851260674657,130888.47744365204,7596.95361328125,7596.95361328125,-0.9821065071193056,-0.42927910770822564,-0.0020193904331299926,130888.47744365204,8000.574302455358,62.3043701171875,3.3568318196485416,318.2443977864583,0.0133434690762686,0.04426401166333305,0.18625407286891993,0.06618527839815891,,,0.013255229077893834,-0.15826724224475452,-0.15356975666179573,-0.06896097462828565,-0.15054291889565308
2026-02-24 00:00:00+05:30,7931.367297115999,8109.024351016766,7873.641195568412,8082.15185546875,858763,0.0,0.0,7561.123754882812,7456.042412109374,7472.792929687502,,7641.925551718332,7509.180259482218,7483.208157296849,,7718.711751302084,7498.452917432598,7839.0246423593935,7587.666519240443,7969.959117822956,7689.020467834654,7890.425368641774,7621.920092997535,7677.775774437886,7887.564800944695,7563.176824148467,7560.132258304625,7387.1662012637435,7507.665718265324,7850.576354264236,8009.24755859375,7791.53076171875,7788.296109613706,67.57306591227932,161.45900876276392,50.22891848849258,111.23009027427133,93.16585968708358,92.09369462728938,1.0721650597942016,94.71274742621944,89.5014852403036,-4.1892936260397695,4.882149377781613,20.019213518985225,376.21533203125,6059.926924403449,404.15298913448987,69.55090601794555,2.4481187400603766,2.0280837882982286,0.1319751815576753,0.047877851166080704,15.498715322756437,373.786106699069,138.40295125071498,-2372.473164545378,-2389.509443788549,492.4136555989583,0,1,0,492.4136555989583,0,0,0,1,0,185.32996795712822,235.38315544835405,6885.975932424326,7561.123754882812,8236.271577341298,17.858398945592977,0.8858622387973228,7276.526905425295,7641.925551718332,8007.324198011369,6767.887366322036,7438.4558586694,8109.024351016766,1.104476192603191,0.28185388864622296,7120.722985335041,7561.123754882812,7948.047469118197,-2371235.0,70.68292834759933,0.405939933592345,-325820.37719619204,438565.21707903896,32066186.323946085,8021.605800684642,-1967221.2961479279,1005.8294638157731,0.33891850498413073,16.77086987385381,-16.431951368869676,3.264992886510375,1.5434489551892914,337.5739112292431,113956.1455426089,7652.689208984375,7652.689208984375,-0.9076420004971193,-0.057295288412140606,0.32875121259734563,113956.1455426089,8033.887744140625,67.40517578125,3.3551390365909426,332.37624131944443,0.018372264019036688,0.048889218686146485,0.20019213518985213,0.08708167978146264,,,0.018205533030636555,-0.15826724224475452,-0.15356975666179573,-0.06896097462828565,-0.15054291889565308
2026-02-25 00:00:00+05:30,8082.151898369187,8367.796574784674,8081.156620751015,8309.0751953125,886874,0.0,0.0,7631.813354492188,7476.127119140625,7482.720825195313,,7705.463613013015,7540.548688338308,7499.561960029832,,7789.945221819197,7531.905183440564,7941.278179050117,7646.09534994814,8094.770991732614,7769.47384351373,7967.381189144514,7696.796344264269,7759.312880510246,7982.7332946047245,7646.036139102203,7697.246403474853,7426.051138090089,7545.819306658555,7955.595731006335,8195.613525390625,7930.371826171875,7928.132495991775,72.05493042943183,193.906554325642,66.14117124109652,127.76538308454548,94.61119291928263,92.89428096065036,1.7169119586322665,99.99999999999999,94.33244731327883,-6.677982385255776,6.840289238128347,20.503755256154783,531.97607421875,6125.696289858806,485.092530735883,71.57580810569615,2.867660847628448,2.4481187400603766,0.15857690007181624,0.06981588829737292,15.577573761629887,550.5816231820045,263.9416691483457,-2416.2600281734976,-2389.463814082419,464.5459798177083,0,1,0,464.5459798177083,0,0,0,1,0,192.56639553402326,286.6399540336588,6954.152658098205,7631.813354492188,8309.47405088617,17.758838297456588,0.9997057114454233,7320.266751312904,7705.463613013015,8090.660474713126,6767.887366322036,7567.841970553354,8367.796574784674,1.0548015946328002,0.28495582024384103,7171.499333920788,7631.813354492188,8036.644367859839,-1484361.0,80.59595170413314,0.4073138286927262,197681.63669269852,654271.5374188614,56235646.86346607,8252.676130282729,522863.1974317052,1005.8294638157731,11.297313325917571,22.1834117558298,-10.886098429912227,2.610188716673058,1.9988228457816906,338.83034819699145,114806.00485929445,7705.687744140625,7705.687744140625,-0.530812298112088,0.715379417802216,0.5894981423140369,114806.00485929445,8106.208956473214,70.689599609375,3.3579303758617893,355.19132595486104,0.028077094306289574,0.066219710738872,0.20503755256154776,0.1280232915093127,,,0.027690158682400514,-0.15826724224475452,-0.15356975666179573,-0.06896097462828565,-0.15054291889565308
2026-02-26 00:00:00+05:30,8309.074836592828,8499.172853456843,8305.591365079614,8465.8310546875,629664,0.0,0.0,7705.886889648438,7498.909023437501,7493.798261718751,,7777.879559839156,7576.834271332395,7518.696001508202,,7869.375478980655,7570.717102481617,8056.7547857630425,7713.104467128316,8234.588879992392,7861.1632781054195,8082.210807756695,7783.388434501505,7892.337685459202,8115.805709627489,7737.003912293048,7803.396246620974,7457.522620255729,7587.296804853535,8093.396402469045,8387.453125,8008.749755859375,7999.792275258411,74.66037761297044,229.6234001233306,81.48641363102811,148.1369864923025,95.2648028203111,94.34728514222577,0.917517678085332,99.99999999999999,98.23758247540647,-3.3383155277711185,9.500512071187748,21.211258133231542,734.5146484375,6217.142017642069,593.3333476669732,71.75649565981423,3.283797100308142,2.867660847628448,0.189553029988887,0.09252297437264535,16.15142290818433,589.2984585563399,395.71697017911083,-2559.0625626335536,-2421.0489710250436,459.569580078125,0,1,0,459.569580078125,0,0,0,1,0,192.63890216568083,193.5814883772291,7002.815963623546,7705.886889648438,8408.957815673331,18.24763161186158,1.0404463027192188,7392.49544908625,7777.879559839156,8163.263670592062,6767.887366322036,7633.53010988944,8499.172853456843,1.0545558462995253,0.28666481998487514,7244.831590287873,7705.886889648438,8112.589228074437,-854697.0,82.85367042487582,0.40965490977313695,610443.3847646776,814369.0849063401,62302486.08832806,8423.531757741319,1710763.4043426118,1007.7160258661855,13.866670556871496,19.802215189426978,-5.935544632555483,1.622148004414597,2.161785210876877,351.5354630124463,123577.181755375,7718.62646484375,7718.62646484375,-0.0423287398888246,1.2659298624147264,0.7607884129049067,123577.181755375,8196.35265764509,74.07353515625,3.365515629900158,377.14826931423596,0.018865620504124436,0.09359731688654538,0.21211258133231548,0.15775148626776136,,,0.018689871652532625,-0.15826724224475452,-0.15356975666179573,-0.06896097462828565,-0.15054291889565308
2026-02-27 00:00:00+05:30,8461.850269565502,8680.811344524853,8429.503747128325,8569.837890625,926904,0.0,0.0,7785.359814453125,7529.384423828125,7503.701274414063,,7853.304162771141,7615.775589736026,7539.510692381802,,7951.656526692709,7612.714312959559,8173.861150783596,7784.116064163047,8372.470735071236,7957.1812679042605,8223.745401489787,7880.220156063779,8145.345571490345,8251.418149484394,7843.373167570772,7944.062184767074,7542.315085599983,7630.416983425451,8246.124593113058,8517.83447265625,8060.753173828125,8090.611520792416,76.24304836579341,263.2867345966106,92.11979848344646,171.16693611316413,93.52745206121459,94.46781593360276,-0.9403638723881755,100.0,99.99999999999999,-9.401345903329329,13.48270834964619,22.770374019197362,1018.16943359375,6378.5976139185495,721.3963270670802,68.54847126706605,3.6961671101100078,3.283797100308142,0.22402967122192585,0.11664088706664355,16.951265312426848,676.6564502351357,425.34885283860785,-2807.1534586746316,-2521.7119674723517,546.4075520833333,0,1,0,546.4075520833333,0,0,0,1,0,196.82952325359847,251.30759739652785,7068.392848403695,7785.359814453125,8502.326780502555,18.418338603141176,1.0470810464911924,7456.755186871554,7853.304162771141,8249.85313867073,6767.887366322036,7724.349355423445,8680.811344524853,1.0545558462995253,0.28421958216364607,7309.513004129738,7785.359814453125,8209.617164997162,72207.0,85.25337026776984,0.36214713047550806,718735.1392201241,840286.4503046472,67174181.25539728,8560.050994092726,2849509.873945661,1007.7160258661855,20.04215451405383,20.78215931728745,-0.74000480323362,1.9939740038024958,2.188324185964771,358.4834830247148,128510.40760153101,7736.292724609375,7736.292724609375,0.511708156838954,1.160421862743545,0.8784061112943318,128510.40760153101,8284.249951171874,79.4729248046875,3.3788480823179796,400.0197504340278,0.01228548446875899,0.09423055066124753,0.2277037401919737,0.19143493313420668,,,0.01221063036018404,-0.15826724224475452,-0.15356975666179573,-0.06896097462828565,-0.15054291889565308
2026-03-02 00:00:00+05:30,8360.332130636954,8655.431949295746,8360.332130636954,8508.130859375,653618,0.0,0.0,7860.602832031251,7558.2375292968745,7513.186274414062,,7915.668610066747,7650.7699140355935,7558.691289748003,,8020.491864304317,7651.096526118259,8262.121337250232,7846.13079908663,8465.245201331885,8038.36991877087,8360.607683264001,7981.243059727496,8253.612431839672,8352.313826095999,7939.013960172164,8027.405849973452,7576.370364545884,7670.975435500134,8373.832507833828,8538.984375,8060.753173828125,8090.611520792416,73.31718739428422,281.73822510021546,88.45703118964104,193.28119391057442,90.87711791892939,93.22312426681836,-2.3460063478889737,95.53707479772156,98.51235826590718,-14.62898481211139,11.949982126193953,21.487965513880305,908.19140625,6499.734717881311,820.4587580185062,68.91126141408726,3.578776470768276,3.6961671101100078,0.25860230344072477,0.1422521918759603,18.04708648038237,579.2804885652731,284.18066990648185,-3054.622219499181,-2700.5523817148414,636.2313639322916,0,1,0,636.2313639322916,0,0,0,1,0,203.8488300682551,295.09981865879126,7174.00913307666,7860.602832031251,8547.19653098584,17.469237757612753,0.9715510995292251,7500.676714032112,7915.668610066747,8330.660506101382,7325.242858927381,8003.027101726117,8680.811344524853,1.0605381179898374,0.2900261836141199,7386.486425394731,7860.602832031251,8293.184306040566,-581411.0,76.96106965288224,0.3169010481610937,719837.361817093,774850.038766204,51816037.311545886,8507.964979769233,2378872.892636076,1006.995976875323,20.0012249038158,16.592983765639534,3.408241138176264,1.2583421106182398,1.8862043981168983,343.2968494772953,117852.72686103675,7746.245361328125,7746.245361328125,1.0769678187758183,-0.04296918338802683,0.9550255636800001,117852.72686103675,8340.269928850446,75.243017578125,3.388936091020158,410.1295789930557,-0.007200489908625318,0.07204673220402258,0.21487965513880303,0.16329868558976957,,,-0.007226538553409818,-0.15826724224475452,-0.15356975666179573,-0.06896097462828565,-0.15054291889565308
2026-03-04 00:00:00+05:30,8380.237640425066,8434.977910047795,8227.462524296177,8244.8798828125,485905,0.0,0.0,7899.368920898438,7575.057724609374,7520.113408203126,,7947.022064613961,7674.068344183708,7572.279182679973,,8057.089678664435,7678.02367723652,8288.84670522745,7884.15278427701,8468.438122976095,8082.999275680908,8449.656727014846,8074.600669430332,8252.741758260885,8385.11596914638,8003.934062224236,8111.919524086616,7596.909207421005,7701.692279417888,8425.324151085186,8376.50537109375,8060.753173828125,8090.611520792416,62.328192148396816,271.98375115246745,62.96204579351442,209.02170535895303,79.67961098860314,88.0280603229157,-8.348449334312562,74.31222402613226,89.94976627461793,-36.93083631874985,7.00078114212522,10.37975428260083,539.44091796875,6409.659308645547,863.9055739079149,60.504853070844334,2.8107270573556944,3.578776470768276,0.2876350646875636,0.16871600699689035,17.559482783248946,334.7223890198902,127.20700326827227,-3313.441957906221,-2932.6759794812333,679.1943359375,0,1,0,679.1943359375,0,0,0,1,0,209.3359375690099,280.66833507882257,7218.2091527903085,7899.368920898438,8580.528689006567,17.245928755297516,0.753619619134064,7518.092571043802,7947.022064613961,8375.95155818412,7384.959486095184,8032.885415310018,8680.811344524853,1.46689012063833,0.2465096173883823,7444.132233351744,7899.368920898438,8318.234777330666,-1067316.0,70.30709027395633,0.29850215936538665,315499.1483878308,548986.6171578753,26140179.7289534,8302.440105718824,875429.0942176054,1003.9018663014074,17.2924618818046,11.107376594902668,6.1850852869019315,0.8692803009228158,1.0144784765362558,340.5798840540646,115994.65742228008,7764.160400390625,7764.160400390625,0.894328135127513,-0.5484592006090883,0.9312705294308372,115994.65742228008,8372.531194196428,38.7660888671875,3.389809044522686,421.3939333767361,-0.030941105739156205,0.02013424521758278,0.10379754282600828,0.14151857573104643,,,-0.03142989054733872,-0.15826724224475452,-0.15356975666179573,-0.06896097462828565,-0.15054291889565308
2026-03-05 00:00:00+05:30,8291.657929564346,8545.453725031746,8232.936549436596,8523.5576171875,504469,0.0,0.0,7945.848413085938,7594.186962890625,7529.399350585938,,8001.930212478108,7707.381649007386,7591.116379402894,,8116.536221168156,7715.219751455269,8360.878925862635,7941.234384319778,8538.859607761397,8155.119179310491,8524.922750016909,8166.045809719921,8288.02442837613,8472.804561742558,8084.672133619855,8164.463620576255,7619.484635777874,7740.8244261726295,8443.635768245418,8384.21875,8060.753173828125,8090.611520792416,67.82583407720327,283.47252956346347,59.56065936360832,223.91187019985514,78.37270126140763,82.97647672298005,-4.603775461572425,61.47313216656574,77.10747699680651,-13.322075084915873,9.37420739904582,12.241161293856928,730.5341796875,6670.701491103573,867.3349034783841,63.931727153137544,2.2807954180637267,2.8107270573556944,0.3157575724139994,0.19608601857816024,18.361167789518536,384.7264759810414,72.20930038589086,-3462.639754113091,-3167.6535945997543,750.6884765625,0,1,0,750.6884765625,0,0,0,1,0,216.7060259994485,312.51717559515055,7226.633447073433,7945.848413085938,8665.063379098443,18.10291182570353,0.901624848899152,7554.324065801268,8001.930212478108,8449.536359154947,7467.567868210646,8074.18960636775,8680.811344524853,1.4655525755084273,0.26349166010367947,7479.946050988394,7945.848413085938,8370.96831900157,-562847.0,74.1852565570697,0.3170508883109475,749278.2248209489,544700.6856233807,42489336.62230604,8433.982630551947,2580539.174420079,1003.9018663014074,15.254290575212115,7.255364230648146,7.998926344563969,0.8504057080648364,1.606499395596609,359.6074830062523,129317.54183409206,7785.061279296875,7785.061279296875,0.6680239498674864,-1.0794231562643921,0.937942110285216,129317.54183409206,8457.91183733259,46.4794921875,3.3936361597610407,429.97990017361093,0.03380009634293635,0.025813031755447247,0.12241161293856928,0.2190747593206297,,,0.033241426972810066,-0.15826724224475452,-0.15356975666179573,-0.06896097462828565,-0.15054291889565308
2026-03-06 00:00:00+05:30,8521.567034072805,8589.245912642875,8439.954268738307,8511.6142578125,287941,0.0,0.0,7996.383642578126,7612.241308593751,7537.580537109376,,8050.471550129002,7738.920182686018,7609.34406016348,,8170.418682570686,7751.197292432597,8419.153024875337,7993.903950932296,8588.988997349183,8219.70347187946,8583.808212108528,8252.341216285342,8321.28985099936,8541.24119016291,8161.463388030596,8194.848080869731,7631.698578954056,7778.486920211221,8445.769263386906,8517.5859375,8084.888671875,8090.611520792416,67.37205061251939,288.2905064360275,51.50290898893786,236.78759744708964,78.47106903159408,78.84112709386828,-0.3700580622741967,51.49336025140654,62.426238814701506,-14.333881501552014,9.951148972705452,13.474426897310567,770.34521484375,6842.375462611708,853.728953782067,62.552667817442945,2.1416254895974296,2.2807954180637267,0.3416985587251009,0.22415067747517792,19.266938619081987,378.3919480547702,229.10030415020265,-3469.0626538668166,-3345.974716234103,792.075439453125,0,1,0,792.075439453125,0,0,0,1,0,211.8907129926713,149.29164390456754,7266.844839367293,7996.383642578126,8725.922445788958,18.246718412215163,0.8531207750477091,7617.058056677658,8050.471550129002,8483.885043580345,7488.468417198875,8084.639880861863,8680.811344524853,1.2572433641786782,0.25629020751321724,7524.6354717048935,7996.383642578126,8425.610516564426,-850788.0,77.01670164097409,0.32169723843253817,737760.5848209535,489764.40221169055,35928148.127434194,8513.60481306456,2540192.3732808195,1003.7617445363956,10.150912404200566,1.7215888477092758,8.42932355649129,0.48346553284201155,1.4124831001908364,364.76940160541614,133056.71634757338,7812.431396484375,7812.431396484375,0.499487495125678,-1.458102676012653,0.9401035800811394,133056.71634757338,8518.488762555804,50.5352294921875,3.397277994172368,428.84639431423614,-0.001401217650117914,0.005407998674819892,0.13474426897310576,0.18876848224548515,,,-0.0014022002735895795,-0.15826724224475452,-0.15356975666179573,-0.06896097462828565,-0.15054291889565308
2026-03-09 00:00:00+05:30,8410.095586462068,8415.071974383052,8141.37063872896,8189.6416015625,498043,0.0,0.0,8026.490795898439,7624.144824218751,7542.984892578125,,8063.725840741716,7756.59553244588,7620.835100587223,,8188.824202473959,7773.84044117647,8409.286771304663,8018.562136020406,8542.029301662698,8242.21577244188,8593.36688637209,8322.321285420117,8316.380939539136,8531.8791664718,8209.092772629887,8205.503836826148,7644.692632490819,7802.386932332961,8418.71680845709,8350.6279296875,8137.638427734375,8130.422667628611,56.41433193156847,263.09548432551856,21.0463095027431,242.04917482277546,75.90792702690791,77.58389910663654,-1.6759720797286235,39.38487768966252,50.78379003587826,-44.620262332808394,4.568559566328527,7.935989227757393,357.80224609375,6548.9965794404025,765.314585008281,53.139116895866145,1.6422829675385906,2.1416254895974296,0.35977966182658694,0.25195643821492,18.483503885282065,207.24834737003403,-66.45298828405794,-3464.2999736774004,-3440.191124590573,731.5293782552083,0,1,0,731.5293782552083,0,0,0,1,0,223.20163485630476,370.24361908353967,7318.623665246566,8026.490795898439,8734.35792655031,17.63827178406769,0.6152411226622551,7601.067228746017,8063.725840741716,8526.384452737415,7500.411697059979,8090.611520792416,8680.811344524853,1.617365201087022,0.30064671602309717,7542.1627773346045,8026.490795898439,8481.829238781262,-1348831.0,72.61074833768178,0.2543763669518632,415390.93391186197,320194.2698711346,7887523.01826949,8248.694738224838,656222.7433186343,1003.7617445363956,9.324331370159317,0.7160062509344218,8.608325119224896,0.8218154348694894,0.46096449064901873,353.9335653259363,125268.96866432882,7884.09130859375,7884.09130859375,0.3622007225518615,-1.5254597069900264,0.8978743270654808,125268.96866432882,8513.491015625,30.1071533203125,3.3912638571861935,416.7228190104167,-0.0378274492355517,-0.044364466856300355,0.079359892277574,0.15261241921607804,,,-0.03856147770170292,-0.15826724224475452,-0.15356975666179573,-0.06896097462828565,-0.15054291889565308
2026-03-10 00:00:00+05:30,8323.506464621201,8323.506464621201,7647.712982679578,7686.52880859375,1056999,0.0,0.0,8023.256152343753,7627.459101562501,7544.129462890624,,8027.802313870481,7753.847817785012,7622.135966092302,,8156.446870349703,7776.286871936274,8307.950441020126,8002.901260074605,8368.86781301774,8205.37740285285,8512.78778127959,8362.485671999568,8304.552352812449,8413.691223161984,8197.108723182391,8156.109001799101,7647.390428018145,7793.601010121129,8309.943551607652,7938.085205078125,8128.183349609375,8164.262163602216,44.291768723740034,200.22320164512803,-33.460778542117964,233.683980187246,48.267693592441745,67.54889655031457,-19.28120295787282,18.8906362158957,36.58962471898825,-96.24277538831436,-3.1477274216450466,-0.834615158321187,-249.814453125,6143.802740963043,639.6446117688247,40.474321881699666,0.8371564457229046,1.6422829675385906,0.3634467643951256,0.2776755029746367,14.903178603494053,190.15352595379227,-485.63995598783094,-3623.697840193377,-3492.177141565817,590.2828776041666,0,1,0,590.2828776041666,0,0,0,1,0,255.5296239338275,675.7934819416232,7309.5258166070635,8023.256152343753,8736.986488080442,17.79153805349202,0.2641074458447646,7480.4838588378725,8027.802313870481,8575.12076890309,7500.411697059979,8090.611520792416,8680.811344524853,3.184911184923322,0.37613581121052364,7498.910421361218,8023.256152343753,8558.01019441238,-2405830.0,63.03116338067459,0.1104381322055237,-520185.50055058685,-75967.31067633882,-69209225.84936553,7885.916085298177,-5837220.375776049,1003.7617445363956,16.77347962143367,6.532123601767019,10.24135601966665,1.5568875769975166,-0.9435702166209419,356.86516786834443,127352.74803770166,7884.09130859375,7884.09130859375,0.3598436287582744,-1.541458589517941,0.7415285892365691,127352.74803770166,8422.828306361607,-3.2346435546875,3.371982521297113,386.0837641059028,-0.06143282178218412,-0.09656669183407507,-0.008346151583211836,0.06988988610186686,,,-0.06340084510409959,-0.15826724224475452,-0.15356975666179573,-0.06896097462828565,-0.15054291889565308
2026-03-11 00:00:00+05:30,7653.6848577146,7671.102215973378,7348.134629974888,7394.4150390625,1095711,0.0,0.0,8007.680078125001,7626.185146484377,7541.850278320311,,7967.479716269721,7739.752414697855,7617.626640804583,,8096.5572405133935,7767.147889093137,8166.369481099665,7965.496413147253,8147.965727951109,8137.6369670289105,8336.34681156571,8368.805807173832,8247.204498258385,8229.506809795366,8157.804942064945,8075.802437565075,7637.243074287843,7758.4138177592495,8102.09836163245,7540.471923828125,7982.12646484375,8014.47298724987,39.04553390710238,125.38002189993495,-86.64316662984885,212.0231885297838,20.869901053539216,48.34850722429629,-27.478606170757075,0.0,19.42517130185274,-96.5272591182596,-8.509328068871858,-4.042616798458067,-687.73681640625,5790.7285107262705,466.3521126273117,35.99125629608349,0.08774318852430552,0.8371564457229046,0.35184301696133957,0.2991495159623615,9.768703793116716,-356.6881656076157,-679.6557516061057,-4050.857133236421,-3615.9859024741318,387.9097493489583,0,1,0,387.9097493489583,0,0,0,1,0,261.4485206970442,338.3941786188616,7252.4039933901995,8007.680078125001,8762.956162859802,18.863792693167863,0.09401267201659415,7407.830794360435,7967.479716269721,8527.128638179007,7348.134629974888,8014.47298724987,8680.811344524853,4.856032534682311,0.3998120626408449,7459.943163248788,8007.680078125001,8577.888726436558,-3501541.0,55.227544478474385,0.020776867786040917,-1301871.4681931133,-479845.5550887147,-105046803.66043553,7471.217295003589,-10001288.168887107,1003.7617445363956,21.767268546793744,9.220730021701677,12.546538525092068,1.5594805560046727,-1.6239493119336244,377.6380423674007,142610.49104308273,7884.09130859375,7884.09130859375,0.2059097671728593,-1.3986916025327898,0.5244861364953171,142610.49104308273,8274.311565290178,-15.57607421875,3.3445905129714864,367.7020898437501,-0.038003340233976446,-0.10315066512041027,-0.04042616798458065,0.02102664278210664,,,-0.03874430049914927,-0.15826724224475452,-0.15356975666179573,-0.06896097462828565,-0.15054291889565308
2026-03-12 00:00:00+05:30,7365.05416614269,7502.402473565351,7247.611410520414,7419.79443359375,498945,0.0,0.0,7989.81484375,7625.349111328125,7540.626088867187,,7915.319213157724,7727.205042889851,7613.709171354863,,8040.5681315104175,7759.0541356464455,8048.074259473961,7932.041017506093,7971.587070827153,8077.342860101712,8111.15530081084,8348.937742031158,8157.237415050678,8052.76881005295,8125.682363914114,8046.740682557827,7635.400092641482,7729.499826337465,7854.165927922037,7407.104736328125,7982.12646484375,7964.2113775226335,39.71365862869672,67.3379379379594,-115.74820047345952,183.08613841141891,6.414617556371532,25.184070734117494,-18.769453177745962,0.5987180696677206,6.49645142852114,-87.98611282431146,-10.7025239369651,-4.594318291905088,-889.28076171875,5797.159992018385,249.35371805037266,37.41272424982357,-0.5658221734185873,0.08774318852430552,0.32978743987084336,0.31473111706035667,4.972313153088973,-438.531344017465,-693.3224070624019,-4522.649242681879,-3889.3431938698122,186.28304036458334,0,1,0,186.28304036458334,0,0,0,1,0,260.97298800760797,254.7910630449369,7195.670756183018,7989.81484375,8783.958931316982,19.878910915894323,0.1411102096707534,7360.438557516954,7915.319213157724,8470.199868798496,7247.611410520414,7964.2113775226335,8680.811344524853,6.034312998485121,0.3981796354694046,7418.153104605015,7989.81484375,8582.627895054038,-3002596.0,54.002081413256796,0.029368774193415298,-1126461.1166306152,-545633.7654794632,-88231128.5654598,7389.936105893172,-9830038.35483826,1004.1049683667753,17.862639007459716,4.252880385894118,13.609758621565598,0.7516270602915037,-1.4355591613169874,397.072043783491,157666.2079543986,7884.09130859375,7884.09130859375,0.14887403076731098,-1.4326584611234918,0.3741709385138572,157666.2079543986,8142.07470703125,-17.865234375,3.3158472748033807,354.51466905381943,0.0034322383037979076,-0.1294955971633306,-0.04594318291905086,0.0157367707304501,,,0.00342636161686518,-0.15826724224475452,-0.15356975666179573,-0.06896097462828565,-0.15054291889565308
2026-03-13 00:00:00+05:30,7394.414806579942,7394.414806579942,7084.3858393210885,7159.529296875,629203,0.0,0.0,7961.22548828125,7616.879296875,7538.177705078125,,7843.339221130798,7704.9432489284845,7604.715510474074,,7961.493317522322,7740.786691942401,7898.3261750116035,7880.357657792973,7758.761873080053,7991.693610054727,7850.934235829274,8301.827205252142,7968.337974569231,7833.3832760598125,8071.010900960374,7998.0432838075485,7623.433231143824,7674.191304725621,7607.601898735805,7289.661865234375,7864.68359375,7882.598591922971,35.42535397108436,0.33409557493996545,-146.20163426918316,146.53572984412313,6.731203276902505,11.338573962271083,-4.607370685368577,0.5987180696677206,0.39914537977848036,-95.29301822672143,-15.430283800539646,-7.395727704440695,-1306.3017578125,5728.248637864423,-12.550725103914374,37.04503417445159,-1.1393545299979246,-0.5658221734185873,0.2966759778378236,0.32280292890656753,-1.0924725050500796,-434.88979375890085,-744.9187610177542,-4849.600970871771,-4270.051927150291,-121.42374674479166,0,1,0,-121.42374674479166,0,0,0,1,0,266.2898170265404,335.4085942726615,7090.428687599221,7961.22548828125,8832.02228896328,21.875948670561424,0.03967665546178946,7277.416990927689,7843.339221130798,8409.261451333907,7084.3858393210885,7882.598591922971,8680.811344524853,7.467082701911783,0.4153878407814057,7364.195461494709,7961.22548828125,8589.008955137459,-3631799.0,48.86509878242518,-0.004205332647710284,-1450657.204913119,-626097.3555037968,-99020910.88737236,7212.776647592009,-12037102.260509448,1004.1049683667753,16.218489575229633,2.086984762931227,14.131504812298406,0.9479177997082741,-1.8412933781528416,435.39840034101474,189571.76701951455,7884.09130859375,7884.09130859375,-0.06116945239564116,-1.191131508535427,0.21038777761812302,189571.76701951455,7962.028976004464,-28.58935546875,3.281746757615296,350.2327615017361,-0.035077135768125545,-0.15885176653728994,-0.07395727704440691,-0.02282142370405371,,,-0.03570711427647073,-0.15826724224475452,-0.15356975666179573,-0.06896097462828565,-0.15054291889565308
2026-03-16 00:00:00+05:30,7168.984357255529,7190.382825071854,6974.905230549319,7093.34326171875,459070,0.0,0.0,7938.309228515625,7606.010859375001,7532.738510742188,,7771.911034520127,7680.958935704573,7594.589327330405,,7878.837867373512,7720.255867034313,7757.035633478819,7826.450596221991,7567.554372515981,7904.671125473353,7588.858233647861,8231.755715412517,7757.385143958266,7628.161598726735,8006.871839893301,7966.256773785847,7613.347508502245,7617.350388126212,7409.482447180959,7126.436279296875,7831.590576171875,7827.858287537086,34.40784497363666,-57.445397349575614,-163.18490175495901,105.73950440538339,7.887897103921692,7.011239312398576,0.8766577915231162,0.5987180696677206,0.5987180696677206,-93.05717763720203,-17.22896801258593,-6.069191171730533,-1476.49462890625,5696.785585772038,-258.6477598566489,32.9988885684441,-1.6552644845881048,-1.1393545299979246,0.255445753903194,0.3224522011801752,-7.18086814189497,-533.7844411784035,-749.2620357009391,-5031.250476471166,-4637.768006135814,-458.40828450520826,0,1,0,-458.40828450520826,0,0,0,1,0,262.66037256196864,215.47759452253558,7000.580385262767,7938.309228515625,8876.038071768484,23.625404762122205,0.04946146059355542,7218.842808236831,7771.911034520127,8324.979260803422,6974.905230549319,7827.858287537086,8680.811344524853,8.77268437439831,0.40948160650418725,7334.805908198006,7938.309228515625,8563.973742054615,-4090869.0,45.02251567276601,0.011573401096588177,-1405068.2672687746,-587590.7662174784,-89215641.21191627,7086.210439113308,-12461488.025261354,1003.1805216271672,12.584568959979606,-1.237548681855042,13.822117641834648,0.7440472331498188,-1.8021541576257787,468.86442162642913,219833.84586708588,7884.09130859375,7884.09130859375,-0.21783972615451327,-1.0593894208542833,0.052192689866613774,219833.84586708588,7759.8951450892855,-22.916259765625,3.249456212604544,347.4714225260416,-0.009244467396081313,-0.1338640191085514,-0.06069191171730537,0.006709471366142417,,,-0.009287462668876537,-0.15826724224475452,-0.15356975666179573,-0.06896097462828565,-0.15054291889565308
2026-03-17 00:00:00+05:30,7116.2346583005565,7160.5245103697,7016.706900841808,7132.65673828125,353172,0.0,0.0,7914.945092773439,7593.440498046875,7528.374218750001,,7711.029672973567,7659.456888746796,7585.442147349233,,7802.109058779763,7701.6929603247545,7642.487840155974,7778.584164519783,7422.497070534861,7828.406734732326,7354.900604961444,8147.279872114712,7621.6379555149615,7475.044645871808,7950.107334529838,7943.218321774004,7605.245292662831,7572.315433390634,7272.739388752492,7113.0,7831.590576171875,7827.858287537086,35.591237396519325,-98.9234646461382,-163.73037524121727,64.80691059507907,6.965725835963724,7.19494207226264,-0.22921623629891563,0.9429000195439317,0.7134453862931243,-90.75262662818537,-16.166583986871014,-6.148505757524282,-1375.47412109375,5791.792097504611,-449.338565094703,33.63989936012997,-2.121257549903859,-1.6552644845881048,0.21007488718232104,0.3138344036795927,-12.698366856808713,-479.14125188498565,-622.958861412877,-5166.752525899107,-4908.51744387781,-746.7070312499999,0,1,0,-746.7070312499999,0,0,0,1,0,254.17160377382027,143.81760952789136,6920.1684984602925,7914.945092773439,8909.721687086585,25.136664440575952,0.10680199003258221,7183.24078071194,7711.029672973567,8238.818565235195,6974.905230549319,7827.858287537086,8680.811344524853,9.85132458210518,0.40923251079074885,7309.995014365274,7914.945092773439,8540.780174761423,-3737697.0,41.65354507881948,0.02648720925518221,-1188765.6928743143,-449597.1818187039,-74487061.1609952,7103.2960498309185,-12265749.307533389,1003.7347521939391,8.086641293552805,-4.588381078625474,12.67502237217828,0.60171143570667,-1.5727920398696718,497.38829715657295,247395.11814831532,7884.09130859375,7884.09130859375,-0.25587819320290706,-1.1769281046225217,-0.06515401666317944,247395.11814831532,7576.43699079241,-23.3641357421875,3.224936204913638,344.308648003472,0.005542305667719072,-0.07205750269136513,-0.06148505757524281,0.009508369468781641,,,0.005527003604765825,-0.15826724224475452,-0.15356975666179573,-0.06896097462828565,-0.15054291889565308
2026-03-18 00:00:00+05:30,7165.998383364974,7374.011391993207,7142.609360863713,7339.67431640625,683932,0.0,0.0,7896.656860351564,7585.727089843751,7526.941015625001,,7675.662496157633,7646.9163957138335,7580.5754576275895,,7747.321365792412,7691.741345358456,7581.649582679678,7749.323304620917,7359.565051472631,7781.12738234612,7182.384144387511,8061.302691623825,7589.760195648515,7349.4014429911595,7909.014870890188,7909.653117507396,7592.01925230866,7553.489086009841,7214.63833315915,7236.16552734375,7831.590576171875,7827.858287537086,41.569399534377794,-113.778970231524,-142.86870466128246,29.089734429758465,12.524304425026257,9.12597578830389,3.3983286367223666,6.649062915904865,2.7302270017055053,-78.61728245953384,-10.97900247513934,-4.746837267887138,-905.20556640625,6031.441159932968,-511.9606342633424,38.88307367847889,-2.2337899409760187,-2.121257549903859,0.16609384868289112,0.2972051010428029,-16.710868358990314,-222.7984494259881,-454.2004805554825,-5272.6773494651225,-5086.3807208462395,-942.6109212239583,0,1,0,-942.6109212239583,0,0,0,1,0,253.25610734083006,241.35465371195733,6872.643938515159,7896.656860351564,8920.66978218797,25.93535314869477,0.22803929908108284,7152.166897690073,7675.662496157633,8199.158094625192,6974.905230549319,7827.858287537086,8680.811344524853,10.57197808773675,0.4206058301299155,7279.012830511594,7896.656860351564,8533.187012748795,-3053765.0,39.68191581225653,0.06003890476804186,-707807.060616253,-199240.4977717579,-43619488.67482625,7285.43168975439,-10280711.313453425,1003.7347521939391,9.01713522527059,-2.926309717526152,11.943444942796742,1.1272083902968033,-1.0878428036756689,512.0064609182026,262150.6160219829,7884.09130859375,7884.09130859375,-0.19440492100650414,-1.3670955252036594,-0.14111045496140148,262150.6160219829,7448.650376674108,-18.288232421875,3.2150937266721593,347.4835850694445,0.029023908723088798,-0.007402982165197747,-0.047468372678871384,-0.008670573600720544,,,0.0286106914926653,-0.15826724224475452,-0.15356975666179573,-0.06896097462828565,-0.15054291889565308
2026-03-19 00:00:00+05:30,7242.635190184867,7253.583243928447,7067.9639690941085,7146.09326171875,642482,0.0,0.0,7864.310351562501,7573.475224609376,7523.626743164063,,7625.227330972977,7627.276272812066,7571.97184978781,,7675.839118303572,7674.500803079044,7494.536212182997,7706.797302503448,7260.417545808597,7715.365767738066,7047.674924348112,7972.31207333309,7480.471245475577,7199.989140384858,7856.146449176358,7870.793146732228,7577.720926299329,7517.164201458028,7193.8182378589445,7242.8837890625,7831.590576171875,7827.858287537086,38.01610906976487,-139.56363600447276,-134.92269634738497,-4.6409396570877774,13.555037194507703,11.015022485165893,2.5400147093418095,9.524045230284857,5.705336055244551,-89.96497932875769,-16.160673950172335,-8.301401644299238,-1377.46435546875,5997.138711469689,-562.2060281793028,43.62679506151762,-2.337421186904766,-2.2337899409760187,0.12133951175676838,0.27272076249076593,-20.63711365444606,-278.83851467640034,-464.4577895107386,-5332.834034212996,-5207.157376902102,-1096.713134765625,0,1,0,-1096.713134765625,0,0,0,1,0,254.57426733878088,271.7103473121415,6787.0290169485115,7864.310351562501,8941.591686176489,27.396714688401172,0.1666529592749782,7099.834104300015,7625.227330972977,8150.62055764594,6974.905230549319,7827.858287537086,8680.811344524853,11.466536350974547,0.42576778561054496,7236.6591848838025,7864.310351562501,8516.08853729231,-3696247.0,32.340933938297695,0.03860510124522549,-809432.899758341,-111044.57604578463,-55155610.746670276,7155.8801582471015,-11975232.5935016,1001.0972910976778,9.037310630831914,-2.324907449571862,11.362218080403776,1.035343174713778,-1.3333881629000874,538.6406673069946,290133.7684769244,7884.09130859375,7884.09130859375,-0.12434840076988499,-1.5602515758010365,-0.18992193519168682,290133.7684769244,7298.896651785713,-32.3465087890625,3.1990686195338505,358.431628689236,-0.0263746109626134,-0.03688797234540553,-0.08301401644299233,-0.05563593456765559,,,-0.026728660165895167,-0.15826724224475452,-0.15356975666179573,-0.06896097462828565,-0.15054291889565308
2026-03-20 00:00:00+05:30,7170.97518093166,7311.806962763975,7092.348249731993,7137.1357421875,450944,0.0,0.0,7834.103686523437,7559.023798828125,7518.695146484374,,7578.742417755313,7608.055075532672,7563.361233795725,,7606.584393601192,7657.389450827205,7418.440293557921,7665.990208634385,7179.827733374379,7653.483264783454,6951.450068443925,7882.863590010824,7395.987403195904,7093.76444918749,7811.693765967236,7846.726059541873,7565.345148352983,7483.759437617685,7190.606768328878,7141.614501953125,7808.450439453125,7815.168589922532,37.85486333436477,-158.88938839882485,-123.39875899338966,-35.49062940543519,13.690429891460987,13.256590503664981,0.43383938779600584,11.534179234859964,9.235762460349894,-90.34644853732551,-16.14827075091445,-7.804060257148316,-1374.478515625,6102.183997297884,-577.281521579659,44.557246062359596,-2.2824359063494724,-2.337421186904766,0.07714054496763545,0.24131641617310468,-24.39786602430002,-164.14536492410843,-383.6040779560908,-5422.336108679594,-5300.018566989156,-1195.2456868489583,0,1,0,-1195.2456868489583,0,0,0,1,0,252.06601345972385,219.45871303198237,6709.4576371554695,7834.103686523437,8958.749735891404,28.71154363970525,0.19013897984720554,7061.584981616541,7578.742417755313,8095.899853894085,6974.905230549319,7827.858287537086,8680.811344524853,12.262939237456536,0.4258080812522451,7203.0506066263315,7834.103686523437,8492.93037513772,-4147191.0,27.355538632458327,0.023873110743480926,-1076318.1242481328,-149787.49076411244,-47853286.30964596,7180.430318227823,-12031757.7400336,1000.9719426142032,6.335178078268837,-4.021632001707952,10.356810079976789,0.708084995197457,-1.2394440806111784,562.3230246839838,316207.18408974423,7884.09130859375,7884.09130859375,-0.05589986583852584,-1.7099169896540267,-0.2353046500611496,316207.18408974423,7151.545807756696,-30.2066650390625,3.188278313288505,367.68880859374997,-0.001253484834746743,-0.003127797060244464,-0.07804060257148315,-0.062001264068116235,-0.03192705596520229,,-0.0012542711039819343,-0.15826724224475452,-0.15356975666179573,-0.06896097462828565,-0.15054291889565308
2026-03-23 00:00:00+05:30,7066.4707936672185,7066.4707936672185,6718.123641866721,6762.9111328125,652615,0.0,0.0,7780.657275390625,7540.004042968751,7511.578911132812,,7501.044200141712,7574.912175818156,7547.5107367465525,,7504.566055152531,7626.169346277573,7285.710557550814,7598.732164758797,7020.032581695389,7553.938393923734,6853.450971848789,7783.540637498989,7237.352647538662,6974.291021363086,7737.74039524303,7790.981335864265,7542.18336769148,7406.551776134724,7134.579672183641,6950.0234375,7643.234375,7653.684777254798,31.788600254618615,-202.07261750808902,-133.26559048212306,-68.80702702596597,7.360729536396215,11.535398874121634,-4.17466933772542,5.828016338499032,8.962080267881284,-97.60638352472816,-17.421158802331405,-13.648495253032072,-1426.73046875,5881.863235730163,-615.0581595199228,36.85472878567115,-2.4726604442178584,-2.2824359063494724,0.028934481625508823,0.20414838475425837,-28.62805778314753,-307.61850618149674,-655.9656579819939,-5591.571638185893,-5395.764878906033,-1334.916341145833,0,1,0,-1334.916341145833,0,0,0,1,0,263.9907339497992,419.0121003207787,6558.213262648229,7780.657275390625,9003.10128813302,31.422641287873038,0.0837248446679606,6953.328024526485,7501.044200141712,8048.7603757569395,6718.123641866721,7699.467493195787,8680.811344524853,13.446925475734474,0.4561671177407298,7143.1044378791175,7780.657275390625,8464.833088097332,-4799806.0,27.83198643309077,-0.02866952799192052,-1561117.8385338453,-306274.2748975996,-75906330.18644877,6849.168522782145,-15453642.964993773,1000.9719426142032,6.928153085361098,-2.7429255956925545,9.671078681053652,1.0004717101893539,-1.6651006213281578,611.2220063711978,373592.3410724326,7811.43603515625,7811.43603515625,-0.0660550807591783,-1.638849950678792,-0.20915333102152872,373592.3410724326,6952.383614676339,-53.4464111328125,3.1791805627368577,390.81352973090276,-0.05243344429656338,-0.0465834116176953,-0.13648495253032067,-0.10949482256880883,-0.07203822142538419,,-0.05385810100603717,-0.15826724224475452,-0.15356975666179573,-0.06896097462828565,-0.15054291889565308
2026-03-24 00:00:00+05:30,6968.436182480404,7107.27740899701,6742.50816513797,7031.138671875,902790,0.0,0.0,7735.397045898437,7527.652656249999,7504.900600585938,,7456.29129268774,7553.587724683131,7537.2855473431555,,7433.183331008186,7606.213841528799,7220.9748902661895,7555.985398261074,6962.519938931167,7492.366021325971,6793.806642886735,7685.13265890551,7219.777064641065,6945.107334060649,7683.5873749945295,7735.222959436131,7522.646796094241,7373.534366989966,7070.467881454893,6897.02490234375,7643.234375,7653.684777254798,39.29727742892585,-212.20574127237796,-114.7189713971296,-97.48676987524837,9.591966644874427,10.21437535757721,-0.6224087127027822,9.89832955861474,9.086841710657913,-83.27126800332306,-8.526477335074915,-11.40581449154346,-655.39013671875,6059.192773212362,-631.0586715196478,44.82624835209917,-2.561507394121065,-2.4726604442178584,-0.016648853966050314,0.16320484354010395,-29.648971000023504,-217.818943998318,-582.5881878573582,-5664.862644746443,-5504.252028781735,-1379.0402832031248,0,1,0,-1379.0402832031248,0,0,0,1,0,271.18919894331646,364.7692438590402,6470.9167304636685,7735.397045898437,8999.877361333205,32.69335259539748,0.22152260283257533,6891.25870639605,7456.29129268774,8021.3238789794295,6718.123641866721,7699.467493195787,8680.811344524853,14.201800700760554,0.47997648210191624,7072.287339375218,7735.397045898437,8441.664907317636,-3897016.0,36.55009028958194,-0.0035496619943053177,-1035208.7935133819,-175113.7836368241,-30469263.018351182,6960.308082003325,-11873037.878888939,1000.9719426142032,10.527866033281567,0.6854298817823317,9.842436151499236,1.4175055394494214,-1.1139095886696984,632.2401577173844,399727.6170305031,7553.16162109375,7553.16162109375,0.08106290550625248,-1.7503772236476027,-0.13662038396225532,399727.6170305031,6828.755901227678,-45.2602294921875,3.1902277595759903,411.96316406249986,0.03966155015125139,-0.014232854619429358,-0.11405814491543453,-0.06510946929903982,-0.02933497270466945,,0.03889522764174509,-0.15826724224475452,-0.15356975666179573,-0.06896097462828565,-0.15054291889565308
2026-03-25 00:00:00+05:30,7086.376361310357,7236.663275714552,7070.451920048986,7111.25830078125,491517,0.0,0.0,7686.852368164063,7518.018369140625,7497.933657226563,,7423.431007744264,7536.24147276541,7528.849364242919,,7373.7415457589295,7589.884651118259,7180.794957271146,7521.879113184056,6940.332224492803,7444.651836818848,6780.000560128347,7590.492128303394,7216.39844510694,6931.546842051896,7634.407209859941,7687.953122427388,7513.996015024828,7351.879892649177,7026.782695775,7071.198486328125,7637.2626953125,7653.684777254798,41.37325427982653,-211.33518987840307,-91.07873600252375,-120.25645387587932,13.377660947068815,10.110119042779818,3.267541904288997,15.923864624718647,10.550070173944139,-78.98936563074234,-3.8293325000749485,-12.012810103667496,-283.15673828125,6261.50407134645,-641.602726407149,42.616975903465914,-1.7535993132701677,-2.561507394121065,-0.05776054694235366,0.12014395611641539,-29.308023780383163,-57.8847841073366,-224.09613977290246,-5710.43157561077,-5607.606041692507,-1336.5751139322915,0,1,0,-1336.5751139322915,0,0,0,1,0,266.49887072161897,205.52460383955167,6404.00985955083,7686.852368164063,8969.694876777296,33.37757633869138,0.27565676865313876,6873.063505129963,7423.431007744264,7973.798510358565,6718.123641866721,7699.467493195787,8680.811344524853,14.866218661761494,0.47597119828119117,7038.891491555931,7686.852368164063,8390.976109552652,-3405499.0,35.81270288567,-0.07501969303795478,-1285382.1168666782,-185138.3870392081,-20490774.06699912,7139.457832181596,-11312955.629357487,1002.111439822909,7.845031887795555,-1.5979234109629452,9.4429552987585,0.8526368378415417,-0.8973729253874452,641.4212543066163,411421.2254762729,7407.104736328125,7407.104736328125,0.26729715276875127,-1.7392850824229624,0.0056233799033736055,411421.2254762729,6747.519900948661,-48.544677734375,3.2097244111113166,431.46949869791666,0.011394972087058086,-0.031120729037584893,-0.12012810103667493,-0.04650700543366715,-0.019352161409054713,,0.011330538410592114,-0.15826724224475452,-0.15356975666179573,-0.06896097462828565,-0.15054291889565308
2026-03-27 00:00:00+05:30,7012.725636237309,7075.925760832976,6902.249827888978,7033.62646484375,580456,0.0,0.0,7623.079931640625,7508.304453125,7491.593735351563,,7386.306765563263,7516.531080297895,7519.042970195412,,7311.529554966519,7570.888890165441,7133.190310304774,7483.794514603883,6906.146519175701,7391.942109870248,6790.859905281892,7497.372909413465,7208.17573426366,6929.277964981478,7583.096491305385,7613.406781189594,7503.0447297945075,7324.745414984361,7015.02854384925,7072.4423828125,7476.2763671875,7566.597808124887,39.94767474255716,-214.43760871997983,-75.34492387528041,-139.09268484469942,18.77724369306503,13.915623761669423,4.861619931395609,26.967968944775045,17.59672104270281,-81.4076352867395,-5.204564253176499,-15.350068455130655,-386.16796875,6124.82499923623,-660.2569375987023,42.65826240401084,-1.3622500022388655,-1.7535993132701677,-0.09555760336709129,0.07656244709364707,-28.417813448382926,-181.34778542060758,-355.0237183646059,-5836.297542333834,-5696.409603539026,-1240.3649088541665,0,1,0,-1240.3649088541665,0,0,0,1,0,262.3924137338085,209.00847289227204,6343.671544925108,7623.079931640625,8902.488318356141,33.56670527368234,0.26963826682811065,6848.54407788513,7386.306765563263,7924.069453241396,6718.123641866721,7699.467493195787,8680.811344524853,15.3363487907322,0.45871815132161964,6990.958843119229,7623.079931640625,8314.802455843534,-3985955.0,31.20611879246276,-0.09494675457448172,-987669.7271818696,-77681.92925508914,-24000929.908990316,7003.934017855235,-11946624.98933541,1002.111439822909,6.803067471131947,-2.111910262101243,8.91497773323319,0.992880651488553,-0.9214469326875571,639.7041933577586,409221.4549995006,7367.044677734375,7367.044677734375,0.4868339042354076,-1.54817713514446,0.2204128907766592,409221.4549995006,6688.4288016183045,-63.7724365234375,3.2255666990805443,451.4745768229167,-0.010916750967823963,-0.015738221256847984,-0.1535006845513066,-0.05735632371199684,-0.03863424603969379,,-0.010976775945238078,-0.15826724224475452,-0.15356975666179573,-0.06896097462828565,-0.15054291889565308
2026-03-30 00:00:00+05:30,6908.719331891975,6984.360428084987,6767.887554111566,6811.18212890625,550269,0.0,0.0,7540.347485351563,7498.749785156249,7483.800712890626,,7331.532990643547,7488.870337106066,7505.02592383325,,7234.205954706102,7543.550759803921,7052.9656395299335,7430.8415501373165,6824.518065591849,7318.290831031234,6796.559905894886,7400.087338675705,7192.148656842632,6891.158253658838,7512.799566248066,7534.552978872617,7501.980926878054,7275.683318933826,6999.328594876793,6922.404296875,7224.719970703125,7520.815053243961,36.10842395805565,-232.1693926311018,-74.4613662291219,-157.7080264019799,15.133217682317147,15.762707440816996,-0.6294897584998491,31.539284084087175,24.81037255119362,-94.20334603556671,-4.865503771606843,-19.54502653186159,-348.34716796875,5946.9990357633405,-705.6884764888391,37.53891139550127,-1.4256988829911403,-1.3622500022388655,-0.13312632151198933,0.03338777204751558,-27.85508890690513,-209.1857728332643,-425.6586468066853,-6031.682592041385,-5798.333912112838,-1110.5641276041665,0,1,0,-1110.5641276041665,0,0,0,1,0,262.6314492336925,265.7389107321842,6276.496804772631,7540.347485351563,8804.198165930495,33.52234583443752,0.21153025921095997,6794.36886165244,7331.532990643547,7868.697119634655,6718.123641866721,7699.467493195787,8680.811344524853,15.590418807032215,0.4544667654259605,6911.902266924779,7540.347485351563,8241.468726048131,-4536224.0,31.36656735028329,-0.155443518226467,-1317831.1271818718,-131711.83022930566,-38058543.10656201,6854.476703700934,-13686896.851991275,998.948855954554,5.509222786230807,-2.7246039576019063,8.233826743832713,0.9541276799831879,-1.1538789631561597,631.9253402894662,399329.63569995767,7249.601806640625,7249.601806640625,0.681328884758387,-1.1808108460634792,0.43811900589458025,399329.63569995767,6621.922893415179,-82.7324462890625,3.2398977743322668,479.1598795572917,-0.03162583868355051,-0.04567008742100043,-0.19545026531861598,-0.10178502610266238,-0.07432709663971859,,-0.0321367361035582,-0.15826724224475452,-0.15356975666179573,-0.06896097462828565,-0.15054291889565308
2026-04-01 00:00:00+05:30,7114.741906341663,7154.055371446299,6849.500426585063,6892.29736328125,424350,0.0,0.0,7456.470458984376,7490.817421874999,7477.480703125,,7289.701026132852,7465.475318524701,7492.892685010438,,7172.48689546131,7519.768311887255,6999.815931044192,7387.244603388317,6782.8854053132645,7259.697942282196,6798.433102192403,7303.63444841894,7186.060925446275,6868.375371241924,7447.523170114564,7431.032034595004,7491.628984163926,7241.677965834842,6973.028406648016,6851.73974609375,7091.352783203125,7194.61292892005,38.43209740037163,-236.9452799317687,-63.38980282383102,-173.5554771079377,14.221930233460322,16.044130536280832,-1.8222003028205105,45.202004169147905,34.56975239933671,-81.72322797731282,-2.834289713885715,-19.574938858282263,-201.0458984375,5973.731194066979,-663.0086094932813,37.83411244532699,-1.3119102633061472,-1.4256988829911403,-0.16805280792738797,-0.008626416298007644,-25.250454959150385,3.544718761905642,-301.0102260993308,-6133.706726045945,-5930.016428401193,-1013.8562825520831,0,1,0,-1013.8562825520831,0,0,0,1,0,268.3630058984323,342.87324254004943,6259.397323688789,7456.470458984376,8653.543594279963,32.10830491129276,0.2643531213471692,6738.386196561841,7289.701026132852,7841.015855703864,6718.123641866721,7686.7777955812335,8655.431949295746,15.462305793982559,0.4542180963994082,6827.870616648134,7456.470458984376,8170.748912637664,-4111874.0,39.09901681243063,-0.19673749855774111,-1622919.362475989,-238914.69820058532,-27704286.990334406,6965.284387104203,-13181533.039137857,1000.1397686748402,2.7001629483921628,-4.426931036352441,7.1270939847446035,0.7402494571765647,-0.9425875146113228,598.5365676477938,358246.0228116021,7152.811279296875,7152.811279296875,0.900368290809839,-0.6806949329165352,0.5574169735240002,358246.0228116021,6604.519768415178,-83.8770263671875,3.255273670420885,501.1389160156251,0.011909127202861303,0.019131736012468092,-0.19574938858282265,-0.09748470197911197,-0.09067035257800882,,0.01183877157934899,-0.15826724224475452,-0.15356975666179573,-0.06896097462828565,-0.15054291889565308
2026-04-02 00:00:00+05:30,6827.60404692725,6873.386814588861,6658.904500869791,6845.51904296875,387042,0.0,0.0,7373.339868164063,7485.970419921876,7470.37939453125,,7247.397980117224,7441.163307718585,7480.073404970009,,7114.301046316965,7494.462493106617,6946.84680483239,7342.641865146379,6740.926066136441,7200.602021253138,6791.117674280471,7208.132667404403,7175.590955947229,6819.136171079002,7375.41976071669,7351.052583238825,7494.921527526108,7206.239679981992,6929.151516422594,6868.908203125,7091.352783203125,7080.653487217571,37.58320587964826,-241.71844476568913,-54.53037412620114,-187.188070639488,15.399104478121814,14.91808413129976,0.48102034682205286,53.906134661970455,43.54914097173517,-77.87611255275505,-4.025676628617506,-19.541446222283234,-287.1376953125,5698.827112598866,-666.8975810249476,43.1390562129587,-1.502719318969415,-1.3119102633061472,-0.20058910207884084,-0.04936896638264453,-22.30553867696823,-233.55360813615516,-448.03592185522484,-5816.273031988772,-5997.224868416211,-772.7502441406249,0,1,0,-772.7502441406249,0,0,0,1,0,265.8651385065056,233.39286241145874,6255.472296137141,7373.339868164063,8491.207440190985,30.321878335041877,0.2639162104692482,6704.133541474602,7247.397980117224,7790.662418759845,6658.904500869791,7624.0752067563335,8589.245912642875,15.163257340974816,0.45426506447842496,6750.689149306507,7373.339868164063,8073.413069061107,-4498916.0,43.08659290212907,-0.1767202980559863,-1336454.4019191454,-169902.95690251444,-26332985.227485295,6792.603452809134,-13444220.118584633,999.4610643496073,-0.15147402961304932,-5.822854411486122,5.671380381873073,0.6712024857116151,-0.9443351581230073,558.933786013461,312406.9771473414,7141.614501953125,7141.614501953125,1.1393392157335094,0.07186331454653068,0.615842097883761,312406.9771473414,6596.223402622768,-83.1305908203125,3.265892854078647,526.2862630208334,-0.006787043252328595,-0.026399654105634496,-0.19541446222283232,-0.11797901538897482,-0.09446384746692382,,-0.006810179976439248,-0.15826724224475452,-0.15356975666179573,-0.06896097462828565,-0.15054291889565308
2026-04-06 00:00:00+05:30,6892.29732517217,7041.588963984564,6784.807345227247,7013.72119140625,345105,0.0,0.0,7311.781933593752,7478.585458984376,7465.452773437501,,7225.1430478590355,7424.400871784768,7470.838707671716,,7080.051648530507,7475.9429155177695,6933.080379129635,7313.637929690745,6754.451216716786,7165.406835037062,6799.038495311654,7120.205219260481,7169.52804716554,6825.06121393755,7310.437306865055,7303.142425003155,7493.532061022164,7190.915218317166,6910.495747518949,6929.6201171875,7051.292724609375,7026.659653724866,42.50120504694302,-229.28564246943733,-33.678057463959476,-195.60758500547786,29.54718193391753,19.722738881833223,9.824443052084305,75.72285732149595,58.276998717538106,-51.75911366817956,-4.4409753205452525,-14.932403005321603,-325.953125,5725.909643120527,-690.2485301794122,51.490518992150726,-1.3977637497377684,-1.502719318969415,-0.22768075399414167,-0.08814899591052343,-18.994001002559838,-52.03442569491472,-308.8160444522309,-5294.0695810804045,-5870.951948198537,-539.274658203125,0,1,0,-539.274658203125,0,0,0,1,0,265.2163156672778,256.7816187573162,6262.502624517091,7311.781933593752,8361.061242670414,28.70105587410315,0.3579688269800211,6684.707295038127,7225.1430478590355,7765.578800679944,6658.904500869791,7624.0752067563335,8589.245912642875,14.780721281566597,0.4637629433336973,6673.848216418045,7311.781933593752,8008.8886944240685,-4153811.0,48.63746650953917,-0.12020430193112454,-1066255.9135470518,-40252.91126195481,-14278644.132626906,6946.705833539353,-12596258.085725404,1001.9181774973717,-3.1323778777677895,-7.043006607712691,3.910628729944901,0.6358370320419635,-0.5681246920799151,524.6396545383304,275246.76711409865,7134.896240234375,7134.896240234375,1.483764127985621,1.3251095135141422,0.6058018542568472,275246.76711409865,6616.591078404017,-61.5579345703125,3.2744635343673307,541.68763671875,0.02457113147764378,-0.013715872107230909,-0.14932403005321604,-0.09211544084362133,-0.07129680102014391,,0.024274116718694855,-0.15826724224475452,-0.15356975666179573,-0.06896097462828565,-0.15054291889565308
2026-04-07 00:00:00+05:30,7002.275436568164,7205.312063539936,6909.7146213310325,7192.87109375,344147,0.0,0.0,7245.247607421877,7481.6210546875,7461.660766601563,,7222.069528420079,7415.321272646151,7465.334398485147,,7068.726806640626,7464.738430606617,6955.041548648708,7300.178438912829,6816.075120284823,7153.5521971803555,6842.898957128483,7044.386461116146,7169.689668100859,6865.398855020879,7255.906868666916,7245.477971908157,7500.089928049737,7191.054771813219,6944.230982270116,7103.296142578125,7051.292724609375,7016.457946431499,47.2670386362494,-202.64074085413267,-5.626524678923829,-197.01421617520884,48.34475106550714,31.097012492515493,17.247738572991647,86.4149014795456,72.01463115433734,-25.33052058254399,0.6545930806953838,-15.61186752294852,46.77783203125,5614.123746172835,-656.8481384406796,54.44828577277183,-0.9173063471100175,-1.3977637497377684,-0.247078737219808,-0.12417336059801715,-14.995209774617322,97.51043042181209,-198.0870117870918,-4692.322696039552,-5507.785774703975,-349.5083821614583,0,1,0,-349.5083821614583,0,0,0,1,0,267.3863961345368,295.5974422089039,6364.23243645886,7245.247607421877,8126.262778384893,24.31980847860943,0.4702749081978775,6676.799572589942,7222.069528420079,7767.339484250217,6658.904500869791,7624.0752067563335,8589.245912642875,14.121298916098228,0.45507685326928704,6609.41603482123,7245.247607421877,7940.226579480692,-3809664.0,55.4131189773024,-0.13236798264781374,-751077.5162406531,116729.13484866964,-3431137.6219809875,7102.632592873656,-11717211.146741893,1004.4724549979268,-5.588191679180029,-7.599056327299944,2.010864648119915,0.6709519060834608,-0.11890036720849002,440.5075854815082,194046.93286674825,7134.896240234375,7134.896240234375,1.7956283305072773,3.263079071737605,0.5646803419537572,194046.93286674825,6715.685205078124,-66.534326171875,3.2892546829079294,545.5305208333334,0.025542775005550356,0.022640472834632996,-0.1561186752294852,-0.07292670324780881,-0.05294196497023207,,0.02522200902612781,-0.15826724224475452,-0.15356975666179573,-0.06896097462828565,-0.15054291889565308
2026-04-08 00:00:00+05:30,7414.818142618084,7612.380746820727,7406.855921793796,7564.607421875,713512,0.0,0.0,7197.897265625002,7494.071982421875,7461.073554687501,,7254.692184939595,7421.17563143944,7467.300200928511,,7099.142027064733,7467.992797947303,7042.611178187916,7316.172979046074,6966.593575733647,7185.039313178753,6947.886431594121,6991.192395095809,7185.834486641261,7008.3421746319855,7228.591970018214,7233.839679548126,7520.466600449745,7212.844338539814,7059.822067371844,7378.7392578125,7163.75927734375,7135.642623845259,55.50779657536021,-149.80162947200915,37.77006936255975,-187.5716988345689,72.63330964139143,50.175080880272034,22.4582287611194,99.99999999999999,87.3792529336805,-5.010436825102116,5.98940100243185,-11.126054438713279,427.4716796875,5654.575849986994,-526.6584905475602,60.5014550505491,-0.27052538106466434,-0.9173063471100175,-0.25439829312882134,-0.15565478001516495,-8.942493775635775,439.3211438801918,233.79631885326125,-4245.614766506307,-5005.778725455832,-203.20247395833331,0,1,0,-203.20247395833331,0,0,0,1,0,278.2523430585504,419.5096530707269,6526.6287375116335,7197.897265625002,7869.16579373837,18.65179519355313,0.7731471392533883,6681.4461005083795,7254.692184939595,7827.93826937081,6658.904500869791,7536.988237626421,8415.071974383052,13.349472499772226,0.5006269859837197,6552.288160664977,7197.897265625002,7897.157000605031,-3096152.0,63.29952593132419,-0.09413289296121495,-369270.85280239454,291821.2616380374,34950215.03160558,7527.948030163175,-8029694.333273697,1004.4724549979268,-1.6246646657620198,-2.9084234511055476,1.283758785343528,1.3233272803179195,1.0925885570135536,335.63426405668395,112650.35920887183,7134.896240234375,7134.896240234375,1.4423566311187748,2.9046143436579244,0.3872414767615322,112650.35920887183,6901.631549944196,-47.350341796875,3.30925706046167,538.8632682291666,0.051681216482248216,0.11061593695626759,-0.11126054438713284,-0.037545879025985496,-0.016752876742027745,,0.05039004223625609,-0.15826724224475452,-0.15356975666179573,-0.06896097462828565,-0.15054291889565308
2026-04-09 00:00:00+05:30,7563.114439401517,7627.309844236548,7480.008760273997,7571.07666015625,419514,0.0,0.0,7166.969018554689,7506.174560546876,7460.347001953125,,7284.824039722133,7427.054103153825,7469.355180319159,,7134.682921781995,7471.012589231004,7120.2033784167215,7331.817145246569,7094.365860171387,7215.208702154819,7088.649252739448,6959.097185369491,7243.99075535439,7113.3586007087015,7205.275518681716,7205.200639508153,7531.692090978023,7233.922483957705,7216.664381632369,7567.842041015625,7166.993896484375,7143.107172553169,55.637724242264554,-106.18025961489548,65.11315137573877,-171.29341099063424,87.95075363698537,69.64293811462798,18.307815522357387,99.99999999999999,95.47163382651519,-5.806781681397776,11.949965206886539,-7.55301601095992,808.16552734375,5307.730279833864,-415.8284879440671,60.17573649186918,0.3551946843395104,-0.27052538106466434,-0.2523935570791558,-0.1818486359166211,-3.766505044651868,397.39066169376747,250.0895777312162,-4027.920346289197,-4532.97747541022,-35.16642252604167,0,1,0,-35.16642252604167,1,0,0,0,0,268.89868169455053,147.30108396255127,6648.4830184858,7166.969018554689,7685.455018623577,14.4687663285992,0.8896996655144686,6738.115471148643,7284.824039722133,7831.5326082956235,6658.904500869791,7491.205482745496,8323.506464621201,12.574570017817603,0.4858507124010087,6531.551248186851,7166.969018554689,7844.82002520402,-2676638.0,63.75080745480274,-0.05867707560044286,-270061.4609105015,368487.2780503776,30345032.316850543,7559.465088222267,-7993817.57355617,1004.5579748130402,-3.090901675740732,-3.499728368867408,0.4088266931266761,0.8132161927554644,1.5587986620578744,259.24300003444426,67206.93306685887,7134.896240234375,7134.896240234375,0.4301146831811203,-0.4606658517504629,0.10116823090851429,67206.93306685887,7070.1107282366065,-30.9282470703125,3.3336113705761607,529.0056022135417,0.0008551981511351059,0.09848375093204775,-0.07553016010959923,-0.01851492572033342,-0.010214052801384765,,0.0008548326775496336,-0.15826724224475452,-0.15356975666179573,-0.06896097462828565,-0.15054291889565308
2026-04-10 00:00:00+05:30,7596.456359326223,7767.14646946372,7596.456359326223,7691.50537109375,490409,0.0,0.0,7167.217846679689,7526.199550781251,7460.416674804688,,7323.555595090859,7437.424741112253,7473.754193997865,,7184.638764880953,7478.280464154412,7209.655927814811,7355.886512141811,7232.1695487622665,7257.012473051774,7247.667093225783,6949.544726826576,7301.403011784102,7223.681823632278,7202.6423947873345,7180.88478904924,7548.181555356814,7259.49607704995,7385.421720298806,7631.291015625,7227.208251953125,7213.025485166756,58.09121469496011,-61.18709250544907,88.08505478814814,-149.27214729359721,94.11915269906932,84.90107199248203,9.218080706587287,99.99999999999999,99.99999999999999,-6.825323396292116,9.392030651596428,0.0647439517098546,660.36669921875,5301.172775455164,-233.66334989858478,63.313728337627026,0.9266244463702122,0.3551946843395104,-0.24157115500976767,-0.20227203681300043,1.5856912856777132,471.2864028422282,300.59629270473124,-3993.4519915977917,-4205.474152204725,145.14469401041666,0,1,0,145.14469401041666,1,0,0,0,0,263.69661938118765,196.06980930746977,6647.678273257393,7167.217846679689,7686.757420101984,14.4976637946893,1.004569383387381,6791.567878894374,7323.555595090859,7855.543311287344,6658.904500869791,7213.025485166756,7767.14646946372,11.975044320059995,0.4360395467371232,6576.828892637019,7167.217846679689,7763.821826703156,-2186229.0,62.91539528365168,0.02751954463443905,-214300.6708230395,384093.87451503857,34447073.943321675,7685.0360666278975,-7213752.513418084,1004.5579748130402,-3.1155345062874082,-2.8194889595312675,-0.2960455467561408,1.0332402717810278,2.0182775335495227,259.769786711148,67480.34208795533,7134.896240234375,7134.896240234375,0.43788452759702584,-0.44271056315342966,-0.20222904547973347,67480.34208795533,7219.480601283482,0.248828125,3.3502828455158666,519.7561707899306,0.015906418115044563,0.12358249576325986,0.0006474395170985581,0.005595371563084317,0.015772908295369703,,0.01578123675958989,-0.15826724224475452,-0.15356975666179573,-0.06896097462828565,-0.15054291889565308
2026-04-13 00:00:00+05:30,7476.0273497338385,7568.090523514093,7400.386255600873,7512.35498046875,493179,0.0,0.0,7173.1148437500015,7541.7656835937505,7459.580639648438,,7341.536488936372,7440.363181871332,7474.518566007188,,7217.508968098959,7477.737539828431,7254.7528367849345,7364.845738295708,7299.655840850138,7275.633788666966,7383.362506531554,6953.704286775858,7312.6329280533555,7296.767697200037,7175.132981021165,7174.179221364451,7563.991878193048,7275.245756113026,7500.17098705834,7601.93017578125,7227.208251953125,7213.025485166756,53.36313992158836,-39.52994610197402,87.79376095329856,-127.32370705527258,88.12576464434945,90.0652236601347,-1.9394590157852605,94.00810543745784,98.00270181248594,-22.990600989261768,5.640305311978826,1.594986767488818,401.0966796875,5125.258562336101,-111.36866731171358,65.43489178565368,1.176638244483835,0.9266244463702122,-0.22718463111630616,-0.21689726211846874,4.8844406566419325,241.30261205727766,73.59834414405759,-4045.6817846782365,-4055.67353782642,322.3870442708333,0,1,0,322.3870442708333,0,0,0,1,0,265.6553691034512,291.1191154928774,6640.211754885619,7173.1148437500015,7706.017932614384,14.85834537638014,0.8182943989325242,6804.763009426622,7341.536488936372,7878.309968446121,6658.904500869791,7213.025485166756,7767.14646946372,11.138871708506061,0.42121471973523655,6594.461202320209,7173.1148437500015,7742.638306865029,-2679408.0,64.01134892866416,0.11918394181590881,-48932.04471027406,408178.0564214581,16904176.16598331,7493.610586527905,-8362464.062526485,1004.5579748130402,-3.0574741329343276,-2.2091428689425494,-0.8483312639917783,1.0387126491396452,1.273177595730097,266.4515444321914,70996.42553030007,7134.896240234375,7134.896240234375,0.42281638260784166,-0.626920531730998,-0.3497263491993894,70996.42553030007,7306.297216796876,5.8969970703125,3.3585455343656925,499.33086588541676,-0.023291980175725313,0.07109404201488134,0.015949867674888152,-0.010617406308567556,-0.014428457595218158,,-0.023567525418488746,-0.15826724224475452,-0.15356975666179573,-0.06896097462828565,-0.15054291889565308
2026-04-15 00:00:00+05:30,7638.755321833185,7817.905283778458,7638.755321833185,7754.20751953125,494604,0.0,0.0,7189.835498046875,7558.944169921876,7460.655537109375,,7380.83849185017,7452.670802956034,7480.056961126476,,7272.851127697173,7486.068592218137,7337.878904444687,7391.939797033383,7418.15577622621,7320.432932586076,7515.957697214893,6975.685995099513,7361.539071722352,7430.1453365292,7168.139561422296,7189.817873349731,7577.8793708469975,7301.756004907319,7581.822013288522,7633.28125,7258.559326171875,7238.404892324124,58.29773069191775,-2.818532600225808,99.60413956403742,-102.42267216426323,88.22938496267649,90.15810076869842,-1.928715806021927,94.00810543745784,96.00540362497189,-5.495920726416625,10.244801288342336,4.507039769503806,720.5810546875,5586.625832049512,24.090053134155823,66.6729855418677,1.5400109808923599,1.176638244483835,-0.20665472220624537,-0.22506708441783052,8.56782801751057,430.05742831100997,250.90746636573658,-4026.118474786946,-4022.0510622713664,456.16886393229163,0,1,0,456.16886393229163,0,0,0,1,0,268.50500726104104,305.5503033097084,6605.809839404611,7189.835498046875,7773.861156689139,16.24586984781265,0.9831739951258485,6836.986238329976,7380.83849185017,7924.690745370363,6658.904500869791,7238.404892324124,7817.905283778458,10.255546796013675,0.43527019726825883,6621.350026309572,7189.835498046875,7750.616855579477,-2184804.0,64.41601814581455,0.11613803167629023,93953.55528972548,426387.1802539515,31578041.460909806,7736.9560417142975,-6770137.374803793,1004.5579748130402,-2.955719939622881,-1.6859109405048822,-1.2698089991179988,1.0608968302263493,1.932695980503393,292.012829321132,85271.49248813259,7134.896240234375,7134.896240234375,0.5557024213655721,-0.6086248561024035,-0.5112707553582668,85271.49248813259,7438.882386997768,16.720654296875,3.3719819197336296,477.2688433159722,0.03219397109046218,0.07804066254836739,0.045070397695037956,0.031237556472348604,0.02810768271524866,,0.03168660588077027,-0.15826724224475452,-0.15356975666179573,-0.06896097462828565,-0.15054291889565308
2026-04-16 00:00:00+05:30,7807.95253172299,7892.551125119607,7735.794907943524,7866.17626953125,272451,0.0,0.0,7225.1678466796875,7576.580488281251,7463.069082031249,,7427.061137343606,7468.886703606042,7487.70288802558,,7337.264534505209,7498.116909849877,7430.013427994611,7426.117288736247,7544.184201657575,7374.671829984717,7651.5805890024685,7014.781231607125,7480.781732291136,7564.422464077014,7182.828634993971,7209.847522446192,7589.729001762746,7331.6875497167,7649.974071706583,7810.19189453125,7338.67919921875,7275.727812994699,60.38743878439367,34.908070942172344,109.86459448514847,-74.95652354297613,89.79183985447065,88.7156631538322,1.076176700638456,94.00810543745784,94.00810543745784,-2.1379587209096718,15.48914888280065,9.870019988111343,1054.994140625,6002.302281766244,84.11549000897776,67.88915950773972,1.9459457870452674,1.5400109808923599,-0.18033088215666515,-0.22643131488775023,13.427556759208018,436.3706390716143,279.61442189553145,-3884.1346169197054,-4003.531187907977,571.9527994791666,0,1,0,571.9527994791666,0,0,0,1,0,260.5229508264012,156.75621717608283,6567.947346403769,7225.1678466796875,7882.388346955606,18.192532387408626,0.9876661809715692,6905.146009458463,7427.061137343606,7948.976265228749,6658.904500869791,7275.727812994699,7892.551125119607,8.642862978559851,0.41314509058143956,6668.7411320972205,7225.1678466796875,7759.689773846432,-1912353.0,71.68965021817662,0.16996203897660256,274722.63148020045,452591.32967749075,31424892.381672695,7831.507434198127,-6376725.1811088,1006.0019489357081,-6.494744499619592,-4.179948400401274,-2.3147960992183174,0.6214223300206897,1.9506647238862762,328.61025013795927,107984.69649573218,7134.896240234375,7134.896240234375,0.5400039965138157,-0.7977715081370323,-0.5654451234004049,107984.69649573218,7561.45791015625,35.3323486328125,3.3904974857875416,454.61521809895834,0.014439741226679015,0.039865763130573884,0.09870019988111345,0.07919706848322705,0.06236975444378823,,0.014336481010196273,-0.15826724224475452,-0.15356975666179573,-0.06896097462828565,-0.15054291889565308
2026-04-17 00:00:00+05:30,7912.456846857814,8185.660545532338,7872.645743225825,8143.85888671875,683294,0.0,0.0,7277.693627929688,7599.850078125,7467.990732421875,,7495.327589665048,7495.356200983011,7500.696076118515,,7424.758919270834,7520.363121553309,7559.763595211549,7479.695495940884,7718.689084859678,7456.313129327761,7807.618921891909,7075.114217248649,7651.182834149298,7743.258298971466,7238.450608713571,7276.511205124186,7615.659120278651,7369.795400673039,7753.252434353861,8005.017578125,7477.5205078125,7422.282523201065,65.06313621808118,86.21945832576421,128.94078549499227,-42.72132716922806,96.54272697393307,91.52131726369339,5.021409710239681,99.99999999999999,96.00540362497189,-2.7379396308745085,18.15884395971074,14.809879999314388,1251.5615234375,6500.969941394505,174.83063888114702,67.74290986784317,2.3646166782052593,1.9459457870452674,-0.14610176337300773,-0.22037716614265765,18.63692153880099,631.2402879599504,318.2254856534373,-3679.21619702388,-3924.2340275192364,719.502685546875,0,1,0,719.502685546875,0,0,0,1,0,264.73447405316455,319.4842760010879,6506.754953960927,7277.693627929688,8048.6323018984485,21.186345932731232,1.0617601555322675,6962.264516625902,7495.327589665048,8028.390662704195,6658.904500869791,7422.282523201065,8185.660545532338,7.266410155343381,0.42276982068914926,6704.1568004131495,7277.693627929688,7819.489744108356,-1229059.0,71.24631032257518,0.2101608399543565,775515.2133561983,581509.6368860751,54041174.35979311,8067.388391825637,-3964640.0748615903,1006.0019489357081,-2.4622124966120413,-0.11793311791497896,-2.3442793786970624,1.471583416554371,2.24704062212907,385.46933698438033,148586.60975517775,7141.614501953125,7141.614501953125,0.6713897752694432,-0.367011879680925,-0.5665851443306287,148586.60975517775,7718.889501953126,52.52578125,3.409685731552992,438.5226779513888,0.03530083838358311,0.07565399906420689,0.1480987999931438,0.11729362978179014,0.06633216790057284,,0.034692049587325954,-0.15826724224475452,-0.15356975666179573,-0.06896097462828565,-0.15054291889565308
2026-04-20 00:00:00+05:30,8143.858761916242,8245.874713409847,8010.98920558067,8159.783203125,403635,0.0,0.0,7329.049951171875,7622.98033203125,7473.4647607421875,,7558.609076661234,7521.4121618513245,7513.747306356267,,7508.767450241816,7542.321283318014,7674.16299848557,7531.399760586287,7864.202270513823,7533.5768374693125,7967.199909678536,7152.095019521781,7798.215025081735,7892.076100483111,7304.595736496862,7315.578461316843,7632.265863551885,7407.344506051966,7879.847168561596,8151.821044921875,7485.482666015625,7452.389607139819,65.31597272596237,126.70844566638971,135.54381826849422,-8.83537260210451,96.56640132184654,94.30032271675009,2.266078605096453,99.99999999999999,98.00270181248594,-5.4248976826761774,19.198897145807702,14.400335001839101,1314.26416015625,6757.587385496607,260.12441889524234,64.90798707823306,2.784290961867489,2.3646166782052593,-0.10679871174467115,-0.2069458281149387,22.536678237092737,604.974035044228,370.0885272150517,-3472.600452889183,-3770.9034259272166,873.43896484375,0,1,0,873.43896484375,0,0,0,1,0,262.6024050371654,234.88550782917628,6467.296235479753,7329.049951171875,8190.803666863998,23.516109766841822,0.9820015491815526,7031.573818610735,7558.609076661234,8085.644334711734,6658.904500869791,7452.389607139819,8245.874713409847,5.785029903509431,0.42311450480478124,6744.957605147316,7329.049951171875,7883.057523417842,-825424.0,71.11492611169486,0.19873219264966124,883265.2345426381,615668.5295865381,47239236.80162792,8138.882374038505,-3885714.2051719883,1006.1974866608549,-3.8297282184947066,-1.1883590718381152,-2.6413691466565914,0.8661974097878687,1.928006196726211,430.87685784606117,185654.8666272948,7169.482177734375,7169.482177734375,0.5854051566941753,-0.7014150648068871,-0.5598883156826184,185654.8666272948,7868.202448381697,51.3563232421875,3.4264478109821823,425.3628776041667,0.0019553772514673273,0.06088246831252753,0.14400335001839104,0.1512322026878561,0.07804076615096567,,0.0019534679898489033,-0.15826724224475452,-0.15356975666179573,-0.06896097462828565,-0.15054291889565308
2026-04-21 00:00:00+05:30,8161.276028573,8265.780172841312,7888.072337128697,7917.9306640625,443095,0.0,0.0,7357.9627685546875,7631.947783203125,7477.789238281251,,7592.83018022326,7536.961907036077,7521.750937201935,,7564.851327659971,7553.887963005514,7728.340917477587,7561.497786488351,7918.337377558856,7577.567247712205,8081.23558462696,7234.610144310729,7815.1684295305595,7963.591732282338,7348.182840733504,7340.164543066381,7643.971076938778,7435.279230903704,7970.999034563272,8038.85693359375,7485.482666015625,7462.342336855552,58.402989811441564,137.69353581526866,117.22312673389854,20.470409081370125,90.06319812481917,94.39077547353293,-4.32757734871376,92.11050658004686,97.37016886001561,-21.647568311991805,12.892007651575272,7.878501452900755,904.20947265625,6769.86011571931,383.0017079449499,56.43101970419821,2.838391247242191,2.784290961867489,-0.06869369872105624,-0.18712526828174406,24.74531026421697,585.3037822332817,207.59594652066608,-3327.730927560659,-3585.9164740510814,951.9829101562499,0,1,0,951.9829101562499,0,0,0,1,0,270.8242215139833,377.70783571261563,6456.806661672061,7357.9627685546875,8259.118875437314,24.49471776981115,0.8106941689852781,7044.044406613262,7592.83018022326,8141.615953833258,6658.904500869791,7462.342336855552,8265.780172841312,4.45667666365786,0.4340099979458283,6768.114460204793,7357.9627685546875,7942.790829621101,-1268519.0,71.86261105663915,0.11958594112690957,510224.7799971827,454978.06564621563,25181681.430552732,8023.927724677503,-5199029.13190751,1006.1974866608549,-4.239878030307069,-1.278807106920382,-2.961070923386687,0.9312944529450339,1.242776675941113,450.57805344131333,203020.582242963,7169.482177734375,7169.482177734375,0.42827015846476013,-1.125081283704518,-0.6029158848615582,203020.582242963,7978.628445870536,28.9128173828125,3.4298456534541657,413.0114626736111,-0.029639579023358897,0.053987822014295084,0.07878501452900766,0.07245884528509672,0.05812325903270388,,-0.030087708481853315,-0.15826724224475452,-0.15356975666179573,-0.06896097462828565,-0.15054291889565308
2026-04-22 00:00:00+05:30,7907.480202679849,8064.734056930751,7859.706879869448,8000.041015625,468978,0.0,0.0,7400.66015625,7640.069248046875,7483.8703808593755,,7631.612164547235,7555.12187207878,7531.222027863778,,7626.001636904763,7568.3229917279405,7789.305579308556,7596.1433697308175,7981.277179983652,7627.421779373117,8156.398075262952,7321.9176677389705,7839.025760382998,8008.5329586721155,7406.707150288073,7383.528399392076,7651.776555792457,7465.378610499589,8016.90417287476,7958.98583984375,7502.651123046875,7462.342336855552,59.95270268366406,151.28104433786302,104.64850820519432,46.632536132668704,85.46330125160185,90.69763356608918,-5.234332314487332,85.66413687350708,92.5915478178513,-16.537630250526448,11.22180435815627,11.949854593709317,807.169921875,6779.414598442152,442.7256716775746,58.199425908590854,2.413815569439654,2.838391247242191,-0.031279139606243955,-0.16233425122367992,26.906841859989402,338.6055770345811,133.57839997327847,-3238.2502605194913,-3419.6882030738425,1019.4959309895833,0,1,0,1019.4959309895833,0,0,0,1,0,266.1244326245061,205.0271770613026,6461.64549779929,7400.66015625,8339.674814700711,25.376510706485952,0.8191541548264666,7096.038907078893,7631.612164547235,8167.1854220155765,6658.904500869791,7462.342336855552,8265.780172841312,3.2973157373335877,0.41912370982867253,6805.784209848389,7400.66015625,7985.3125548214375,-799541.0,71.90972342208437,0.1490903619614751,683245.7897059231,402931.554791936,27085433.86262779,7974.827317475066,-4712690.591083251,1006.1974866608549,-4.09077826157725,-0.9037658705524501,-3.1870123910248,0.9604947783702814,1.2766166193058677,469.50732922535525,220437.13219632613,7352.613037109375,7352.613037109375,0.22945713755799507,-1.4131267408601722,-0.5897155133319246,220437.13219632613,8076.684598214286,42.6973876953125,3.4285999443527198,393.23416883680545,0.010370178149598841,0.031703239238122904,0.11949854593709319,0.13619333495375052,0.06987884650621434,,0.01031677672308312,-0.15826724224475452,-0.15356975666179573,-0.06896097462828565,-0.15054291889565308
2026-04-23 00:00:00+05:30,7962.220698342438,8086.630396754038,7912.456818977797,7925.89306640625,482518,0.0,0.0,7440.098022460937,7648.568916015625,7489.090610351562,,7659.638917105236,7569.661918915152,7539.037295953727,,7676.023818824406,7579.531768918505,7827.671449441766,7623.044579305975,8010.714480239661,7664.97279590741,8185.873356140929,7409.1979335729175,7843.441957785941,8034.454531432509,7459.716394241237,7420.648003832847,7658.524557205426,7491.26847333518,8010.009068928565,7962.967041015625,7502.651123046875,7462.342336855552,57.8565282992376,154.28759159779747,86.12404437210301,68.16354722569446,80.22091795771726,85.24913911137942,-5.028221153662159,76.69827533738922,84.82430626364771,-21.152047564329933,4.775999921509476,11.051454711116358,361.28564453125,6814.335310875722,496.14137635505176,57.933517780477494,2.0874626043962516,2.413815569439654,0.003346306007334654,-0.13391871088073654,27.316544154145934,331.9641187849993,157.79054100875874,-3179.899667976976,-3297.4104161710766,1051.0131022135415,0,1,0,1051.0131022135415,0,0,0,1,0,259.5565144210585,174.17357777624056,6481.631802645024,7440.098022460937,8398.564242276849,25.764881508883224,0.7534231430913745,7141.896716962215,7659.638917105236,8177.381117248257,6658.904500869791,7462.342336855552,8265.780172841312,2.8016032836509983,0.42184961016991657,6851.173402642632,7440.098022460937,8019.380463801745,-1282059.0,72.41735842510656,0.13456407024654493,275173.42399163597,215168.4517340997,18104983.28780485,7974.993427379362,-5159909.800225489,1006.1974866608549,-3.7030609601258506,-0.41283885528084063,-3.29022210484501,1.0372990214066884,1.0136925723654977,479.23310990795625,229664.37363205125,7538.481201171875,7538.481201171875,0.027515341251755112,-1.5499356072348651,-0.5659079287640869,229664.37363205125,8147.875411551339,39.4378662109375,3.4163124014680264,371.31372395833324,-0.0092684461334549,0.007591591496151295,0.11051454711116349,0.1417204525093687,0.038740001580613415,,-0.009311665438138555,-0.15826724224475452,-0.15356975666179573,-0.06896097462828565,-0.15054291889565308
2026-04-24 00:00:00+05:30,7962.22078068592,8049.805209273466,7863.688298524932,7995.06494140625,616686,0.0,0.0,7501.7057128906235,7656.720244140625,7494.00728515625,,7691.584252752951,7586.34439038539,7548.067546358728,,7728.877811104911,7593.119848345588,7872.516609500602,7653.661870016607,8049.798240403997,7707.33419857052,8193.067285388765,7495.349666140193,7852.5456611955515,8059.6135771740555,7514.530384448689,7498.937270771916,7667.435801799803,7519.005541036381,7990.385153225975,7960.47900390625,7586.752197265625,7525.29375903428,59.28664227949331,160.4028697462045,73.79145801640801,86.61141172979647,81.34358931208388,82.34260284046766,-0.9990135283837844,75.77866386631207,79.38035869240278,-18.279554248891973,5.600105510505422,18.219281377446293,423.98828125,6762.169130077434,497.86995961399134,56.53220362749512,1.781160270157181,2.0874626043962516,0.035950395977435434,-0.10308298299326951,27.003891442296652,260.7962650991112,74.67935435057734,-3188.904018138509,-3225.489133782017,1058.8924153645833,0,1,0,1058.8924153645833,0,0,0,1,0,254.31082844444964,186.11691074853388,6568.4466642681955,7501.7057128906235,8434.964761513053,24.881249260918207,0.7643206241846072,7187.699993433354,7691.584252752951,8195.468512072548,6658.904500869791,7462.342336855552,8265.780172841312,1.964990085750142,0.3594382344240772,6924.012033709317,7501.7057128906235,8051.66153460544,-665373.0,69.21359580732303,0.20886436571117625,529102.9534034022,199591.2642292651,21612460.94758273,7969.519483068216,-4621707.650021718,1006.1974866608549,-1.1711641190713495,1.6952463886189288,-2.8664105076902784,1.2718193534176874,1.0572824967384304,466.629524311214,217743.1129589099,7567.842041015625,7567.842041015625,-0.13586376856232057,-1.557397358537214,-0.425056591725799,217743.1129589099,8183.222007533482,61.6076904296875,3.406665288025607,364.39544270833335,0.008727328822184521,-0.018270692970276947,0.18219281377446284,0.147735415747686,0.06964049222598057,,0.008689465823750096,-0.15826724224475452,-0.15356975666179573,-0.06896097462828565,-0.15054291889565308
2026-04-27 00:00:00+05:30,8049.30723905785,8108.526253675957,7982.126003986888,8027.4111328125,291146,0.0,0.0,7551.519335937499,7662.244033203125,7499.844584960937,,7723.567765139575,7603.641125382532,7557.559498565733,,7778.944993954614,7607.656745940563,7916.205932451538,7684.93713551566,8087.194569969939,7749.93501970655,8192.822792355755,7579.050863680208,7860.782223651304,8105.599644600931,7561.613426204378,7560.260456296829,7670.8220838354455,7546.958119594275,7982.858257559632,8011.238037109375,7676.3271484375,7587.747397086172,59.970706004522,165.9464121143019,63.46800030760434,102.47841180669755,80.99680339283468,80.8537702208786,0.1430331719560769,72.35322859557638,74.9433892664259,-17.577988008274048,4.36723041215251,14.169432682684143,335.90576171875,6796.794509496234,489.65744313830055,53.16626481161909,1.6049264237147574,1.781160270157181,0.0665308810275711,-0.07044792608839427,26.140613854452333,285.4598539818662,159.0596042927964,-3295.6786526118203,-3211.9227142270465,950.9876302083331,0,1,0,950.9876302083331,0,0,0,1,0,245.1743585333511,126.40024968906982,6617.662133527354,7551.519335937499,8485.376538347644,24.73296196080545,0.7547990183332076,7243.596244862022,7723.567765139575,8203.53928541713,6658.904500869791,7462.342336855552,8265.780172841312,1.6249403786682377,0.34099736881525433,7008.968406531893,7551.519335937499,8077.025658885523,-374227.0,69.17976176693723,0.15770507010272009,446573.3786002564,148814.7078827168,19870318.56123721,8039.354463491781,-4503916.683817163,1006.602063629814,-4.509981548610699,-1.3148568327363361,-3.1951247158743628,0.6261761799867773,1.0191960733328302,466.9286012050727,218022.31862332582,7631.291015625,7631.291015625,-0.34931742708404684,-1.4306878332707313,-0.2727787174932101,218022.31862332582,8233.79630998884,49.813623046875,3.395734182336384,376.63402669270846,0.004045769689590584,-0.01622249844356216,0.14169432682684135,0.1998660890620132,0.042660436125217194,,0.004037607570695902,-0.15826724224475452,-0.15356975666179573,-0.06896097462828565,-0.15054291889565308
2026-04-28 00:00:00+05:30,8002.03207346438,8250.851478733795,8002.03207346438,8215.021484375,363780,0.0,0.0,7606.707495117187,7672.425732421874,7507.647563476563,,7770.372881257234,7627.616825735177,7570.578547789679,,7842.135674758185,7629.334293045343,7987.012042455463,7728.7602338489605,8163.431232773973,7810.278250052994,8206.789316216009,7664.119865963061,7912.347700635228,8159.907816469295,7629.156025452491,7609.771973593861,7678.6537196356885,7580.947446674244,8014.019394998899,8121.21630859375,7863.688232421875,7833.083214221093,63.77271988105154,183.36458404170753,64.70893778800797,118.65564625369956,86.09235744791933,82.81091671761263,3.2814407303066986,77.01536043523242,75.04908429904029,-5.865385399075973,9.353478446280844,15.521348499920041,702.66650390625,6916.4978194282685,507.2885873945006,52.072277303788596,1.7458948498768696,1.6049264237147574,0.09752555681248332,-0.036650117308535526,25.339358740039525,371.79149551385945,122.97209024444419,-3504.6509154616397,-3275.6193208232116,833.5449218749999,0,1,0,833.5449218749999,0,0,0,1,0,245.43471901449854,248.81940526941526,6652.170989518276,7606.707495117187,8561.244000716099,25.097231784228242,0.8186436483516858,7288.718761907178,7770.372881257234,8252.02700060729,6658.904500869791,7462.342336855552,8265.780172841312,1.534496349386834,0.345679602245019,7047.474438774497,7606.707495117187,8136.183703529088,-10447.0,69.48874478551285,0.21481768843978233,705584.738600259,196926.57593342807,26781543.579832785,8155.96834552439,-3653718.624165839,1006.602063629814,-5.973473278989341,-2.2226788504919828,-3.7507944284973584,0.8047897133459302,1.2745745934067434,477.2682527994555,227784.985130245,7722.8564453125,7722.8564453125,-0.5113278286504831,-1.2082479277781741,-0.055662913712852105,227784.985130245,8312.992034040179,55.1881591796875,3.3930408308091358,404.0008615451387,0.023371215010482338,0.03752127076092249,0.1552134849992004,0.21992315317499078,0.0521351584206482,,0.02310229017140237,-0.15826724224475452,-0.15356975666179573,-0.06896097462828565,-0.15054291889565308
2026-04-29 00:00:00+05:30,8260.804087792232,8299.122275428377,8080.658842022305,8110.01953125,263510,0.0,0.0,7660.527148437501,7679.084140625,7515.087265625,,7802.720181256545,7646.5345788926215,7581.2605474621605,,7890.070154389881,7646.494834175857,8027.993646149557,7761.887459329683,8195.422997875869,7853.860928699061,8214.974468344155,7746.789183563449,7924.057059404283,8178.379718993052,7686.165723290139,7661.859526239737,7682.757872862254,7609.800591475744,8055.677572431016,8162.5205078125,7863.688232421875,7849.754265514624,60.31954113089868,186.54545086897178,54.31184369221779,132.233607176754,85.1718867226579,84.08701585447062,1.0848708681872807,71.8907207017658,73.75310324419154,-21.040966424676277,4.588631537427041,15.303529008632985,355.81201171875,6875.031064831916,562.3728858114691,45.7623614021947,2.041017842466813,1.7458948498768696,0.12606820341933833,-0.00260577446675736,23.30974418082789,387.0680710612887,168.60463765521672,-3708.5118318804416,-3416.3458310276446,732.3583984374999,0,1,0,732.3583984374999,0,0,0,1,0,243.50819861389664,218.463433406072,6720.7752490108305,7660.527148437501,8600.279047864171,24.53491466624067,0.7391548147371282,7325.325800243433,7802.720181256545,8280.114562269657,6658.904500869791,7479.013388149084,8299.122275428377,1.5720601951838071,0.3470590365270555,7101.9917237637765,7660.527148437501,8201.897863633887,-273957.0,67.4799441909951,0.1676389768572773,512904.3057984354,137398.87734146358,19002885.258718282,8163.266882900227,-3990529.2426236896,1005.3238934713462,-8.949546760182486,-4.159001865348102,-4.790544894834384,0.6143723160118002,0.9566192589485127,469.8759497133351,220783.40811900864,7810.19189453125,7810.19189453125,-0.7414309303194615,-0.8114762724984191,0.16229036295338292,220783.40811900864,8349.156166294644,53.8196533203125,3.3829505292656483,425.06647135416654,-0.012781701584678062,0.013747243971649503,0.15303529008632988,0.17616917135099985,0.05769729807454915,,-0.012864090330874583,-0.15826724224475452,-0.15356975666179573,-0.06896097462828565,-0.15054291889565308
2026-04-30 00:00:00+05:30,8094.094837005994,8124.94844167211,7932.859870686292,8072.19873046875,415486,0.0,0.0,7723.577978515626,7685.901787109376,7522.686210937501,,7828.384804991041,7663.227290719136,7590.982095640509,,7929.276971726191,7661.911092601103,8055.424028034977,7790.094624462572,8208.505317923904,7889.524197229471,8209.920548756256,7825.761603209042,7928.589711137411,8161.442467109785,7752.648884264056,7734.291428791072,7688.921676666687,7635.886968509337,8088.789788983263,8091.109130859375,7863.688232421875,7849.754265514624,59.07865272010721,183.8946649776517,41.32884624071818,142.56581873693352,82.61482014443762,84.62635477167161,-2.011534627233999,64.3682669066977,71.09144934789865,-25.249187742934886,2.6190928588201725,18.51391693390228,206.0224609375,6617.205093660763,575.5778528381488,53.6772972562113,1.4756496818455351,2.041017842466813,0.15119682594342265,0.03042740212395713,20.51760622989676,190.01644786192628,-2.072123123891288,-3814.6341054609707,-3589.4397087928255,633.2453613281249,0,1,0,633.2453613281249,0,0,0,1,0,239.83536806903385,192.08857098581757,6857.435515450691,7723.577978515626,8589.72044158056,22.42852899198401,0.7012490824658875,7359.868256267593,7828.384804991041,8296.90135371449,6658.904500869791,7479.013388149084,8299.122275428377,1.6392899764883737,0.31836327644187407,7162.567804337149,7723.577978515626,8256.377868460359,-689443.0,60.78406982181024,0.22889361473191008,700195.922378744,160148.61707107973,14043328.331273038,8043.335680942383,-4184289.7283148556,1005.3238934713462,-8.468926155302396,-2.9427050083744097,-5.526221146927987,0.9374413374342979,0.8049963298635512,433.0712315324674,187550.69158104798,7892.053466796875,7892.053466796875,-0.9445189286112912,-0.2646514648698374,0.3668753469174968,187550.69158104798,8340.674958147321,63.050830078125,3.3715068118765923,432.6338953993054,-0.004663466053998588,0.018459202368325434,0.18513916933902275,0.15575347263731687,0.06346292695830091,,-0.004674373937391577,-0.15826724224475452,-0.15356975666179573,-0.06896097462828565,-0.15054291889565308
2026-05-01 00:00:00+05:30,8072.19873046875,8072.19873046875,8072.19873046875,8072.19873046875,0,0.0,0.0,7782.573046875001,7696.312392578126,7531.4794873046885,,7851.605178846061,7679.265386395592,7600.511137914335,,7962.478948102679,7677.059992340686,8078.030528421306,7816.566681328429,8215.977238515807,7922.1218414040895,8193.475484793526,7900.165346869066,7930.506218585806,8144.601685271949,7806.006135432622,7776.8672518724825,7689.802356076428,7660.840928131097,8100.533390149694,8072.19873046875,7863.688232421875,7849.754265514624,59.07865272010722,179.7221727268725,29.72508319195117,149.99708953492132,76.15355269648464,81.31341985452671,-5.159867158042076,51.27773783081599,62.512241813093155,-25.249187742934886,-0.8799287567085124,17.11913031311491,-71.66015625,6491.580970301943,596.1215126574025,51.79398594534622,1.0280337081153106,1.4756496818455351,0.17289088588903212,0.06150402408325749,17.469445426445454,117.65720285019961,117.65720285019961,-3799.9058544044506,-3725.1414407581524,534.2152506510416,0,1,0,534.2152506510416,0,0,0,1,0,222.70427034981716,2.220446049250313e-16,6997.935853389573,7782.573046875001,8567.21024036043,20.163953200554666,0.684560256637342,7427.709253810561,7851.605178846061,8275.501103881561,6658.904500869791,7479.013388149084,8299.122275428377,1.7038691254756497,0.3194846606729928,7253.4958557152,7782.573046875001,8271.1671836231,-689443.0,57.522326988194,0.27682198451550794,700195.922378744,154896.36359037,12037138.569662604,,-4184289.7283148556,1005.3238934713462,-16.354680209614802,-8.662767250149452,-7.69191295946535,0.0,0.7382410265493693,392.3185967427141,153913.8813501723,7921.911865234375,7921.911865234375,-1.178359260054002,0.6004909828262577,0.49466925112632065,153913.8813501723,8322.290750558037,58.995068359375,3.356815921455502,435.1530620659722,0.0,0.00964767511305964,0.17119130313114916,0.15641260656876055,0.07281747292284768,,0.0,-0.15826724224475452,-0.15356975666179573,-0.06896097462828565,-0.15054291889565308
2026-05-04 00:00:00+05:30,8072.1987967373725,8323.506385193841,8024.425472991192,8305.09375,435059,0.0,0.0,7855.551782226563,7710.415478515626,7541.392451171876,,7894.794566575008,7703.807675164393,7614.4632688467245,,8012.242824590775,7700.9337710631125,8138.731709850229,7859.304451662045,8279.384641854755,7978.202126963679,8196.436985465703,7975.691963864872,7938.5822505648875,8196.759318668668,7872.395275188941,7846.804812567129,7700.7789474591245,7694.157163018359,8123.2155229044165,8188.646240234375,8029.650634765625,7981.130853513513,64.32058359523928,192.9835302397023,34.38915256382478,158.59437767587752,82.27089045928855,80.34642110007027,1.9244693592182784,60.763478583617335,58.803161107043664,-2.688953136264549,1.7808138189180023,21.3216075781781,145.310546875,6356.033327173993,602.3098401767274,62.93746580037798,1.0293350999207518,1.0280337081153106,0.19482457672752584,0.09078383246643328,15.82964412328831,318.88596866365515,19.805056461005734,-3663.6535973546797,-3766.8742248276603,473.66918945312494,0,1,0,473.66918945312494,0,0,0,1,0,228.15974476787662,299.0809122026494,7173.0172628233695,7855.551782226563,8538.086301629755,17.377124823935326,0.8293181187132603,7454.301889218574,7894.794566575008,8335.287243931441,6784.807345227247,7554.156865210544,8323.506385193841,1.5860826980201521,0.32244780859948735,7313.519257437931,7855.551782226563,8352.340234966727,-254384.0,65.5868229997393,0.28650596978447124,1081686.9257065286,260049.72789888654,24792272.245745957,8217.675202728344,-2929079.3737952225,1005.3238934713462,-13.650140371239567,-4.766581929419374,-8.883558441820194,1.1508711839244834,1.31727247485304,341.2672597015965,116463.3425442369,7960.47900390625,7960.47900390625,-1.0939501012440525,0.7579086749730831,0.6403258772494534,116463.3425442369,8325.624909319196,72.9787353515625,3.350084691011813,443.0312174479167,0.028851497257145198,0.03459180208827939,0.21321607578178092,0.18588789919441928,0.09918985889271736,,0.02844312890277675,-0.15826724224475452,-0.15356975666179573,-0.06896097462828565,-0.15054291889565308
2026-05-05 00:00:00+05:30,8308.079320489609,8334.45417547529,8115.493115216805,8297.62890625,462166,0.0,0.0,7919.747167968751,7722.259277343751,7552.141445312501,,7933.1597417821495,7727.09478226579,7627.991301270551,,8054.3454078311015,7723.961748621323,8188.576125170955,7898.867533174679,8326.219518992102,8028.7402554478285,8218.38973210058,8050.135426756339,7980.199506401822,8234.707649926415,7938.639827050405,7904.751183751546,7711.5200238261,7726.025330004652,8161.009333386737,8301.361328125,8085.635009765625,8035.124541709407,64.03743104925506,200.57875408605378,33.587501128140985,166.9912529579128,88.63685628631987,82.35376648069769,6.283089805622183,72.44443574095634,61.495217385129884,-6.151290261840958,4.795422671618672,18.305656580944397,379.6982421875,6028.954543869913,597.0171933407291,64.41992121960479,1.2858777814411446,1.0293350999207518,0.21585519644551354,0.11824320313885078,13.8671756389107,287.97540327084425,69.01434301235895,-3449.331919047779,-3698.514154671168,422.16357421875,0,1,0,422.16357421875,0,0,0,1,0,227.5026958743487,218.9610602584853,7336.2665053617075,7919.747167968751,8503.227830575794,14.734830550321561,0.823816848182115,7492.911879362808,7933.1597417821495,8373.407604201491,6909.7146213310325,7622.084398403162,8334.45417547529,1.586264602587053,0.31968892078129585,7383.6501645684075,7919.747167968751,8413.016002472494,-716550.0,65.57598106362992,0.2868533977639043,1388397.0893428992,377015.7264640443,20757662.35684475,8249.192065647365,-2970620.108679311,1005.3238934713462,-10.822390338187281,-1.5510655170936705,-9.27132482109361,1.216441113680863,1.2952673927284604,291.74033130352143,85112.42090908845,7997.552978515625,7997.552978515625,-0.8884473689422088,0.443070089903645,0.7468201279952362,85112.42090908845,8323.541887555804,64.1953857421875,3.3502343970075907,457.2083767361113,-0.000898827150506265,0.010055655001282693,0.18305656580944407,0.11085940949773021,0.10540969915383869,,-0.0008992313378440272,-0.15826724224475452,-0.15356975666179573,-0.06896097462828565,-0.15054291889565308
2026-05-06 00:00:00+05:30,8360.331985993107,8484.741688165625,8316.042132019691,8375.7587890625,1084637,0.0,0.0,7978.891552734374,7733.913984375,7565.98078125,,7975.312031999326,7752.532586453897,7642.79857825653,,8097.775086030507,7749.589180453431,8244.540831928547,7942.009394292188,8381.572279398533,8083.798848820128,8259.549855100955,8124.272701591453,8025.625809233743,8290.98544628759,8017.137694586419,7986.047311447283,7738.143739290582,7759.625003723059,8221.478396690338,8336.69384765625,8146.8447265625,8172.224284017537,65.73751544823715,210.4762135166884,34.78796844702049,175.68824506966791,91.24115460987447,87.38296711849429,3.8581874913801784,89.83869451329987,74.34886961262451,-17.436292772271067,4.696448089499541,16.445278664041815,375.7177734375,5683.598226567113,604.970652227661,63.75110003464344,1.6484857244759046,1.2858777814411446,0.23648915214424804,0.14414796382073003,12.9077984161641,391.2229135528851,222.52335740695162,-3358.661835988018,-3564.0897871995644,350.83536783854163,0,1,0,350.83536783854163,0,0,0,1,0,224.61770202015413,187.1127819156245,7470.690887106386,7978.891552734374,8487.092218362362,12.738628223461122,0.8904631213319184,7541.352007540755,7975.312031999326,8409.272056457898,7400.386255600873,7942.563971883248,8484.741688165625,1.586264602587053,0.31352169632436266,7466.2066815088,7978.891552734374,8463.848047897145,368087.0,70.17635388004648,0.19604098271978698,1071644.691112819,289806.44221621566,29898362.263595723,8392.180869749272,-1949333.6344159083,1005.3238934713462,2.7087635673753616,9.584070710775178,-6.875307143399817,2.456715624142127,1.5618524853276727,254.10033281399424,64566.979136182636,8013.72607421875,8013.72607421875,-0.42836175897311773,-0.6650047463836909,0.8320291822775067,64566.979136182636,8335.542152622767,59.144384765625,3.3512926752810714,462.07198350694426,0.009415928778599758,0.03276678395021593,0.16445278664041818,0.10294895092386103,0.10613832453668048,,0.009371875241955896,-0.15826724224475452,-0.15356975666179573,-0.06896097462828565,-0.15054291889565308
2026-05-07 00:00:00+05:30,8458.864456639454,9007.262422942353,8410.095853465511,8960.484375,1837111,0.0,0.0,8048.685400390624,7758.298291015624,7583.985356445313,,8069.137969427962,7799.903244828254,7668.891366310856,,8191.260116722471,7797.689980085784,8397.61606513269,8027.462575110993,8575.203404259566,8200.280749064857,8371.26267356179,8213.027045492327,8289.328095698573,8446.691956983415,8135.237055062196,8186.680619513248,7817.922071865896,7807.864315549771,8355.900323218673,8668.12158203125,8439.20751953125,8433.4846514059,75.19031790297618,262.4768200568815,69.43085998977085,193.04596006711063,90.77869864503046,90.21890318040826,0.5597954646221979,94.2866983849954,85.52327621308388,-4.076321030796581,13.053308944815896,18.45273489128417,1034.59130859375,6132.22750322864,693.1010865622166,68.83146224942713,2.0516386443669847,1.6484857244759046,0.26485622491645433,0.16958194481395436,14.075395014463096,789.8914197028607,192.72485022601904,-3470.1252709290184,-3458.294396392548,454.84195963541663,0,1,0,454.84195963541663,0,0,0,1,0,253.68098286727547,631.5036338798527,7412.704250750137,8048.685400390624,8684.66655003111,15.803354659870806,1.2168443397456095,7556.2210646549975,8069.137969427962,8582.054874200927,7400.386255600873,8203.824339271612,9007.262422942353,1.586264602587053,0.3483854888826816,7478.970689538639,8048.685400390624,8574.522492039463,2205198.0,75.23061057481564,0.2869339274825118,2620941.6344461516,720741.9949739629,179085139.92697155,8792.614217135955,10875842.364085628,1005.3238934713462,20.631454940708718,22.005409667286827,-1.37395472657811,3.1841324352669633,2.8673773589824383,317.9905748202432,101118.00567450866,8049.804931640625,8049.804931640625,0.8868770679165501,2.6217220164393975,0.8396861257217663,101118.00567450866,8476.40954938616,69.79384765625,3.3654090928255678,477.7885243055556,0.06981165535725142,0.11004258866650418,0.18452734891284162,0.19458635974035188,0.17540313812383435,,0.06748260994933679,-0.15826724224475452,-0.15356975666179573,-0.06896097462828565,-0.15054291889565308
2026-05-08 00:00:00+05:30,8987.356732486169,9115.747542950256,8910.222718447667,9040.1064453125,613457,0.0,0.0,8122.136889648436,7782.4636328125,7603.3335546875005,,8161.611157607443,7848.538664455087,7696.044140152472,,8285.681168619793,7847.956966528799,8542.47184302649,8113.902247701539,8750.539873882808,8316.264971602739,8526.42836639272,8314.193622719671,8501.945941969318,8599.654795157614,8256.784380261963,8260.329203861582,7844.168640276979,7856.842521242953,8537.297348276772,9000.29541015625,8479.0185546875,8487.727211409852,76.15504459624957,306.57846531920404,90.82600420167472,215.75246111752932,90.821733593467,90.94719561612398,-0.1254620226569756,99.99999999999999,94.70846429943175,-6.022185416531311,13.071082118345345,19.403182018842912,1045.04150390625,6687.78503396487,824.659265870222,72.55331321215394,2.4674271835022554,2.0516386443669847,0.2986529701258567,0.1953732880470972,15.811883842657817,780.842905128904,575.3180806263153,-3696.7719367014447,-3467.2796782638825,534.87890625,0,1,0,534.87890625,0,0,0,1,0,250.24125726979784,205.52482450258867,7386.8395617602655,8122.136889648436,8857.434217536607,18.106006778223556,1.1242165725670057,7658.395896240934,8161.611157607443,8664.826418973951,7400.386255600873,8258.066899275564,9115.747542950256,1.586264602587053,0.34722244984316336,7544.749721321867,8122.136889648436,8654.857458957698,2818655.0,76.08733563332474,0.28759777714801765,2782846.7506689127,883027.0767208324,160479365.1356464,9022.025568903475,11420954.819434285,1006.2124846119618,17.857996092792863,15.385560655496779,2.4724354372960846,1.0638563167839912,2.4968662902680214,367.6486639440856,135165.5400998712,8072.19873046875,8072.19873046875,1.1735653287225336,2.0336380854017206,0.8534452579006128,135165.5400998712,8612.769726562501,73.4514892578125,3.3781857445477605,477.4877408854166,0.008885911406156577,0.11990632876645546,0.19403182018842902,0.19144753747571386,0.1826822975805531,,0.008846664023223323,-0.15826724224475452,-0.15356975666179573,-0.06896097462828565,-0.15054291889565308
2026-05-11 00:00:00+05:30,8961.976547041755,9092.85554264795,8920.672529416986,9022.6884765625,261216,0.0,0.0,8188.696044921875,7804.190537109375,7621.716328125001,,8243.618521317449,7894.5837551259665,7722.314325031879,,8371.447986421132,7896.593234911152,8662.403899100878,8193.780324183794,8884.968743919608,8420.713457044894,8695.55000350886,8422.291069605275,8640.000672244874,8716.864383118793,8365.602865809287,8306.361978608307,7853.981378369333,7904.723329936521,8729.048970093376,9031.3974609375,8482.999755859375,8487.727211409852,75.46373889387891,336.24779711653264,96.39626879920263,239.85152831733,94.16419069345889,91.92154097731878,2.2426497161401073,98.74068896962328,97.67579578487288,-7.4089214722954155,12.398484732914042,17.30718554096846,995.27734375,6975.7658046318265,939.7937796228016,73.67330450379548,2.855076466552643,2.4674271835022554,0.33451405615712027,0.22170534352983465,17.86165313543228,659.69607072072,487.51305748975574,-3820.312428971126,-3585.461446703345,664.6796061197916,0,1,0,664.6796061197916,0,0,0,1,0,244.66566840988116,172.1830132309642,7380.17660599871,8188.696044921875,8997.215483845039,19.747208456334345,1.0157528635003432,7755.531758513281,8243.618521317449,8731.705284121615,7400.386255600873,8258.066899275564,9115.747542950256,1.37527587935038,0.34823415079407505,7610.786184075625,8188.696044921875,8721.267147484825,2557439.0,77.51916253088173,0.293227660896908,2831164.1610735343,884514.9610441283,136903762.66983977,9012.072182875812,11370625.189440168,1006.0198102352233,11.174399866552168,6.961571543404866,4.212828323147302,0.4553639882142562,2.0630114540013706,404.2597194615823,163425.9207791572,8091.109130859375,8091.109130859375,1.0458455003820053,0.8837240620463255,0.8702323557271101,163425.9207791572,8736.951869419643,66.5591552734375,3.388371768084307,480.4271223958334,-0.0019267437673846644,0.08640416931627048,0.17307185540968462,0.16403437411768884,0.17413543607439208,,-0.0019286023258515762,-0.15826724224475452,-0.15356975666179573,-0.06896097462828565,-0.15054291889565308
2026-05-12 00:00:00+05:30,9071.954935994916,9176.4590795253,8936.59718818413,8978.896484375,617924,0.0,0.0,8262.023120117188,7822.1254296875,7639.083920898439,,8313.644993989597,7937.105822939654,7747.197140068376,,8446.705171130952,7942.660134803921,8755.903334877978,8265.423728953461,8978.508970618452,8511.436847013012,8850.294821830188,8531.165276231886,8709.257729354042,8824.570007345576,8459.693807346179,8383.155980834108,7871.777313180163,7950.8127343168935,8877.791864956876,9000.79248046875,8482.999755859375,8520.073689025117,73.65345590394831,352.16773806966376,89.85296780186695,262.3147702677968,90.50653657229134,91.83082028640574,-1.3242837141144008,94.18369164864423,97.64146020608916,-15.049283394299229,9.298514939405733,19.521727976368098,763.875,7214.182297678081,1050.3471912261975,68.26826358334304,3.255543166614479,2.855076466552643,0.3695207818752655,0.24875563002493767,19.302367886851307,665.3371772483879,425.47528590721777,-3841.866357041886,-3724.3600598860075,755.4986165364583,0,1,0,755.4986165364583,0,0,0,1,0,244.3225414764018,239.86189134117012,7445.8014274875295,8262.023120117188,9078.244812746847,19.758397689356297,0.9391413330049022,7826.354705482747,8313.644993989597,8800.935282496448,7638.755321833185,8407.607200679242,9176.4590795253,1.2846714188537907,0.3316968253367691,7680.510712122855,8262.023120117188,8809.03108138904,1939515.0,83.84377317907293,0.23595951743740948,2431180.16107353,677445.5536269182,113480350.43408142,9030.650917361478,11070713.216963666,1006.0198102352233,10.237668307478309,4.819871987464806,5.417796320013503,1.0314951875999698,1.756565332019609,408.1108463148293,166554.4628798062,8126.939208984375,8126.939208984375,1.1014961181788268,-0.05572347090431848,0.8790837835626094,166554.4628798062,8816.069273158482,73.3270751953125,3.3932231295329167,479.9029427083334,-0.004853541414097884,0.0821038860404868,0.19521727976368086,0.16519211611279294,0.18206234130853027,,-0.004865358096904809,-0.15826724224475452,-0.15356975666179573,-0.06896097462828565,-0.15054291889565308
2026-05-13 00:00:00+05:30,8948.540524129747,9029.655645108123,8823.135551819621,8845.529296875,423358,0.0,0.0,8316.589208984376,7832.8545117187505,7654.490815429688,,8364.300641883445,7972.730272897903,7768.946291688309,,8502.27718796503,7982.793619791666,8810.27044125784,8322.400379616154,9015.033526510379,8579.280783918814,8961.825324527359,8632.815480431504,8734.332851218925,8900.21666029183,8525.05684124927,8431.705195570654,7872.662456167992,7992.529270300414,8941.67381980029,8912.212890625,8517.585693359375,8520.073689025117,68.28129657533057,349.98834080422967,70.13885642914624,279.8494843750834,84.11109938529367,89.59394221701463,-5.4828428317209585,78.81403573610628,90.57947211812458,-25.20849697752435,9.069149128320726,14.073930502826181,735.509765625,7235.907344415011,1104.8326938352684,62.33079780369014,2.999113452001178,3.255543166614479,0.4002217482461212,0.2764250658363486,19.812583383330185,470.76125788862555,264.24116460012374,-3868.788099473577,-3814.9862680335073,866.2233072916666,0,1,0,866.2233072916666,0,0,0,1,0,241.62236660583753,206.5200932885018,7497.399826889956,8316.589208984376,9135.778591078797,19.70012853849878,0.8228435935889958,7884.081791655627,8364.300641883445,8844.519492111263,7735.794907943524,8456.126993734411,9176.4590795253,1.180857392809706,0.3305555199533055,7737.023968553456,8316.589208984376,8872.38687065545,1516157.0,78.08016372789379,0.19212412847628269,2099634.7393867783,425657.65699891886,89202862.40555194,8899.440164600916,10441882.426187987,1004.5344697177991,6.819572856235843,1.121421228977872,5.698151627257971,0.6883406547916937,1.2913743743559827,409.5946910472105,167767.81093405985,8151.821044921875,8151.821044921875,0.9232560010377269,-0.7334278748722434,0.8784073608516325,167767.81093405985,8873.653145926339,54.5660888671875,3.396872731614196,472.38748263888897,-0.014853405174242162,0.05608691936376564,0.1407393050282617,0.1373815813769632,0.15677465272771363,,-0.014964821649450389,-0.15826724224475452,-0.15356975666179573,-0.06896097462828565,-0.15054291889565308
2026-05-14 00:00:00+05:30,8905.743406733116,9195.369170184093,8883.34966213639,9173.970703125,360127,0.0,0.0,8381.978930664063,7847.017304687501,7672.9631640625,,8441.412076287403,8019.837740749946,7796.768557261314,,8583.932568359376,8035.386411611519,8914.676049705913,8401.055410435129,9124.632617640978,8678.172477027483,9071.131239790482,8734.518474469865,8846.48904196289,9031.219137957489,8613.363033596113,8471.733831138912,7876.1453104431685,8041.1466678661745,8979.84027417477,9009.75,8600.69091796875,8564.114520435192,73.42248698200724,370.4928187637415,72.51466751092647,297.97815125281505,86.01576800964418,86.87780132240972,-0.8620333127655471,74.73935967666141,82.57902902047063,-1.6949155992438625,13.648969871090754,16.625541925107182,1101.77197265625,7564.446489565358,1107.8198612384922,65.1745500785266,3.0047888398450517,2.999113452001178,0.43127260977513515,0.30513414626813784,21.809194553302472,548.6067378352363,236.58722978753394,-3828.8686352389086,-3845.0816628734933,990.0522460937499,0,1,0,990.0522460937499,0,0,0,1,0,249.3521885132129,349.8398733090926,7507.269558876924,8381.978930664063,9256.688302451203,20.871189942679575,0.9527170955324279,7940.292188308122,8441.412076287403,8942.531964266684,7859.706879869448,8527.53802502677,9195.369170184093,1.050406426093047,0.3463844833228756,7779.256659341802,8381.978930664063,8953.435384161701,1876284.0,85.20192959695392,0.20286943791308854,2410366.3294984214,382826.50914126774,93356827.53455792,9084.229845148495,11779062.083151879,1008.2475477623886,3.079529680350664,-2.094897557525846,5.17442723787651,0.590851107988361,1.810868382129712,437.3546858935696,191279.1212730629,8187.40234375,8187.40234375,0.7605483388816707,-1.1418009515450638,0.8917906349876914,191279.1212730629,8987.83984375,65.3897216796875,3.406381629193622,466.7520019531249,0.03713078044589535,0.02382531113168751,0.1662554192510719,0.18659879134021184,0.20317182106267206,,0.03645803551542469,-0.15826724224475452,-0.15356975666179573,-0.06896097462828565,-0.15054291889565308
2026-05-15 00:00:00+05:30,9218.758857349854,9223.735245397003,9057.0262458174,9109.2783203125,202982,0.0,0.0,8430.24990234375,7857.806113281249,7693.595268554687,,8505.018385242174,8062.560900732791,7822.75884959896,,8653.199176897322,8084.886843596813,8990.758164532286,8469.876599825604,9192.006502738319,8761.200907747156,9164.459792237385,8831.097819651146,8902.612370491175,9115.242352497251,8688.409631083765,8506.913444550299,7861.37867505725,8087.4735206679425,9008.963221609996,9141.62451171875,8623.084716796875,8578.297558041648,70.9820003963621,377.17479439069575,63.35731451030455,313.8174798803912,88.07665810759599,86.06784183417794,2.0088162734180486,69.19850916692708,74.25063485989826,-8.866613100443832,12.847547793010383,11.854569768739301,1037.07958984375,7739.246839412387,1068.137573674855,64.39040193051892,3.2159292906429613,3.0047888398450517,0.4599553353376695,0.3345931194470427,23.21414378529649,510.8991147676261,344.1901151880229,-3702.9501087074136,-3823.354989195712,982.8364257812499,0,1,0,982.8364257812499,0,0,0,1,0,243.44910358938364,166.7089995796032,7505.7341181962765,8430.24990234375,9354.765686491224,21.93329485737885,0.867234626824086,8019.870105721948,8505.018385242174,8990.1666647624,7859.706879869448,8541.721062633225,9223.735245397003,0.9751383024531828,0.3347341330922815,7852.648152097866,8430.24990234375,8990.250426236036,1673302.0,85.08828262328197,0.1551837944274805,2334626.777259614,306403.31756521994,78144225.13704297,9130.013270508969,11635924.616584934,1007.5423745619721,-2.473036568009386,-6.117971044708717,3.644934476699331,0.322294073534341,1.468938507296344,462.25789207373697,213682.35878445467,8256.3251953125,8256.3251953125,0.53047993411511,-1.5442517301121548,0.9203522092763431,213682.35878445467,9099.097726004464,48.2709716796875,3.4121348126393536,466.5584874131945,-0.007051732004165201,0.0076516659862857495,0.11854569768739309,0.20626036115647817,0.1904917396953505,,-0.007076712974975398,-0.15826724224475452,-0.15356975666179573,-0.06896097462828565,-0.15054291889565308
2026-05-18 00:00:00+05:30,9057.025999549229,9126.695430314992,8901.26505790863,9107.78515625,295160,0.0,0.0,8477.65,7869.79919921875,7714.018364257811,,8562.424744385777,8103.550087223663,7848.204915077199,,8717.726343936012,8133.905629595588,9053.842679159137,8534.274389058966,9241.061887735155,8836.664832638147,9236.683976532906,8919.93904148844,8939.749930091268,9191.689881426084,8767.421619356217,8538.856950265203,7859.288283920139,8132.784680683835,9046.960535672151,9108.53173828125,8623.084716796875,8578.297558041648,70.92340331760053,377.99255942231684,51.34006363354047,326.6524957887764,93.48539584670559,89.19260732131525,4.2927885253903355,74.35593500847011,72.76460128401953,-8.98228376019553,9.665049310852151,11.617979663503046,802.69140625,7732.657792293152,1014.8625021663092,60.080350132111946,2.846740802004624,3.2159292906429613,0.48534288916779467,0.36453619641618507,23.800217705449622,357.43801031123985,132.0076379048769,-3536.2217948618104,-3744.774563704672,982.0899251302083,0,1,0,982.0899251302083,0,0,0,1,0,242.162051362025,225.43037240636295,7515.0951521686,8477.65,9440.2048478314,22.7080581961133,0.8273242858158533,8080.541944361503,8562.424744385777,9044.30754441005,7859.706879869448,8541.721062633225,9223.735245397003,0.9940183603024805,0.33512434524344503,7898.04997560221,8477.65,9033.288465884678,1378142.0,80.79157875400988,0.17075214408031059,2580267.6602618205,325442.90036979225,66917804.073938616,9045.248548157875,11631086.447311912,1007.5423745619721,-5.655412208229509,-7.440277347943072,1.7848651397135626,0.47930072369277854,1.3092971432634128,481.2774239156999,231627.95877093228,8301.361328125,8301.361328125,0.3141685960533985,-1.797772828906032,0.9420037592149936,231627.95877093228,9197.879031808036,47.40009765625,3.4111172488270576,468.1984765625001,-0.000163916834022948,0.009431410594364253,0.11617979663503042,0.1984023310218601,0.1964437813479083,,-0.0001639302698554455,-0.15826724224475452,-0.15356975666179573,-0.06896097462828565,-0.15054291889565308
2026-05-19 00:00:00+05:30,9127.690327847886,9249.611826611528,9047.07284703274,9119.23046875,337327,0.0,0.0,8537.714990234375,7887.286210937501,7731.171967773438,,8615.453860991893,8143.380690420774,7873.373737922205,,8778.829245721727,8182.902934283088,9108.048812239991,8595.482461922507,9278.502539666864,8906.553594256524,9286.6328478634,9001.442082538995,8973.378249611465,9255.595811617648,8834.748356556709,8586.749028624612,7868.398763764545,8177.357439715562,9083.065245382964,9113.5078125,8623.084716796875,8591.23584864891,71.12020402796236,375.2386673881483,38.868937279497516,336.3697301086508,90.74978764373492,90.77061386601216,-0.020826222277236184,69.86184950777088,71.13876456105602,-9.901740208155886,9.901642647348899,15.171890935341203,821.6015625,7868.339092008133,969.7178562168183,58.135987658196846,2.8760484433963023,2.846740802004624,0.507052830587229,0.394598827354294,23.91973471030553,430.3582567868816,227.8192772080929,-3439.2192203299223,-3624.4052771178795,973.7959798177081,0,1,0,973.7959798177081,0,0,0,1,0,239.3318319489367,202.5389795787887,7572.300989216133,8537.714990234375,9503.128991252619,22.615278259405585,0.801174148035085,8140.885807716828,8615.453860991893,9090.021914266958,7859.706879869448,8554.659353240488,9249.611826611528,0.947000373470919,0.3083858012304906,7972.857938620315,8537.714990234375,9064.304214869324,1715469.0,81.0707521248939,0.20066575567899966,2483296.507927674,272791.6448317254,57909662.48190275,9138.63838079809,11673476.697668642,1007.5423745619721,-7.5228069826645605,-7.446137697902499,-0.0766692847620618,0.5591087065302084,1.2046965921403412,482.7070005091215,233006.04834051302,8340.42626953125,8340.42626953125,0.12283719637716611,-1.9268432025247924,0.9416567645945874,233006.04834051302,9261.05775669643,60.064990234375,3.409658394012273,472.3321614583332,0.0012566515682626012,0.015629313092005104,0.15171890935341215,0.1834796836827477,0.21825546570643994,,0.0012558626425479163,-0.15826724224475452,-0.15356975666179573,-0.06896097462828565,-0.15054291889565308
2026-05-20 00:00:00+05:30,9025.17722884281,9194.374419943744,8973.920432715173,9155.55859375,320359,0.0,0.0,8595.490869140625,7899.92623046875,7747.056596679688,,8666.892406968855,8183.073941531725,7898.763537047507,,8837.671493675596,8232.639106158087,9159.11319017248,8655.582884826264,9312.99469628037,8974.062039771643,9312.515609949945,9076.615968055192,9006.33815975843,9264.646954558824,8897.893162886594,8633.97909769978,7871.558664899935,8221.821864247868,9109.337440393409,9137.39453125,8623.084716796875,8637.01864980136,71.77325032703835,371.70280562476,28.26646041288734,343.43634521187266,91.14644297240775,91.79387548761608,-0.6474325152083225,71.40637939912676,71.87472130512258,-7.676647114425306,9.310198924374506,14.44389567338644,779.7998046875,7835.187146341748,936.3263560478435,60.35450742341806,2.3875595999046593,2.8760484433963023,0.5252820870939257,0.42353503426290195,24.068074790024067,327.07727527261886,106.62328804404751,-3392.1388582265677,-3507.6618328862414,951.5681966145831,0,1,0,951.5681966145831,0,0,0,1,0,237.9834144689106,220.45398722857135,7627.25956899806,8595.490869140625,9563.722169283192,22.528819235180443,0.789222071485867,8195.530075485973,8666.892406968855,9138.254738451737,7863.688298524932,8556.650062568231,9249.611826611528,0.8269150499931285,0.308319790945024,8027.029461499121,8595.490869140625,9122.332440289947,2035828.0,81.61068980784754,0.20731053307663005,2690842.857814806,292490.72936371947,51299430.95547022,9107.951148802973,11801097.573539216,1007.9407428796113,-9.305307344351215,-7.382910447671323,-1.9223968966798926,0.6080047887453855,1.156888285943469,484.1156500712828,234367.96264394073,8610.64404296875,8610.64404296875,-0.07635508116678719,-1.9363597639753418,0.9420287455278812,234367.96264394073,9322.032742745536,57.77587890625,3.406420869801995,479.27480034722197,0.003983683176391972,0.03504926460246183,0.14443895673386442,0.17484037706001065,0.23858892190368697,,0.003975769321132598,-0.15826724224475452,-0.15356975666179573,-0.06896097462828565,-0.15054291889565308
2026-05-21 00:00:00+05:30,9191.388001925614,9265.536178010449,9132.66662757655,9150.083984375,231631,0.0,0.0,8656.700415039062,7912.695624999999,7762.468466796875,,8712.910652436107,8220.995903996167,7923.542159766864,,8890.48988560268,8281.664900428921,9199.888821233568,8711.40991149009,9334.371628011317,9034.602592629175,9316.675335709213,9145.21086175065,9013.462578057355,9264.210246832983,8947.242806774619,8682.87172801381,7875.886287459476,8265.044826119385,9125.54819339382,9152.8212890625,8735.7998046875,8644.980825500821,71.51081853991826,364.25989317481435,16.65883837035335,347.601054804461,91.03976142454391,90.9786640135622,0.061097410981716394,68.84319501985314,70.03714130891693,-9.302328403787097,2.115952681129473,15.445463466539316,189.599609375,7884.115578837727,903.6475914986768,60.94958322165527,2.3676649299485613,2.3875595999046593,0.5396452703048116,0.45031195650500805,23.795970910205,357.8409133816258,224.97136294772645,-3353.317304753041,-3425.375876121305,957.2910156249999,0,1,0,957.2910156249999,0,0,0,1,0,230.47528132355268,132.86955043389935,7712.212647868365,8656.700415039062,9601.188182209758,21.820964614412727,0.7611910849909237,8261.131485773709,8712.910652436107,9164.689819098505,7863.688298524932,8564.612238267691,9265.536178010449,0.6875555520740313,0.3038194937507422,8092.076697875848,8656.700415039062,9177.053669831092,1804197.0,82.20511555419239,0.23796635538982652,2519939.086279227,219580.9066960588,43789785.21266868,9182.762263320665,11787247.088818314,1007.8809474087076,-12.410203963133712,-8.390245653163056,-4.019958309970656,0.6322598819011443,1.0447643399636934,472.24388358534844,223014.2855837721,8903.0068359375,8903.0068359375,-0.25543246767280325,-1.8987525797930291,0.9335024618293285,223014.2855837721,9358.06882672991,61.2095458984375,3.392244242990258,492.1403862847224,-0.0005979547090373405,-0.002603749185929205,0.15445463466539322,0.18198759577873735,0.2358514992225218,,-0.0005981335552525485,-0.15826724224475452,-0.15356975666179573,-0.06896097462828565,-0.15054291889565308
2026-05-22 00:00:00+05:30,9183.923913199318,9272.503618241282,9150.582114110488,9219.75390625,177024,0.0,0.0,8717.93486328125,7933.29787109375,7778.72134765625,,8761.18143851362,8260.16288447671,7949.2097191031635,,8944.114027622769,8332.92208792892,9245.45430244812,8768.975990569823,9364.68156608531,9097.17201423993,9315.550409479842,9208.997688932543,9023.124861944787,9278.744445795319,8999.49699511189,8740.602773320728,7879.084568089135,8309.084749501608,9145.641832789606,9184.9189453125,8758.69140625,8693.998366729043,72.87030714228484,359.83515618354977,9.787281103271027,350.04787508027874,92.82062864046209,91.66894434580459,1.1516842946574997,69.63555706878405,69.96171049592131,-4.559138560401321,1.987227274637361,15.31806150192871,179.6474609375,7854.130128446133,845.9565683051587,64.14534421816779,2.5734838000652096,2.3676649299485613,0.551091995627373,0.4743761720017028,21.933382615164383,320.22854766657656,198.3070435357822,-3372.6065907270463,-3383.7896895026975,938.1319986979165,0,1,0,938.1319986979165,0,0,0,1,0,222.75702079089052,122.41963386628231,7795.518584717554,8717.93486328125,9640.351141844947,21.16134825573858,0.7720133277299359,8329.110833654064,8761.18143851362,9193.252043373177,7932.859870686292,8602.681744463787,9272.503618241282,0.6875555520740312,0.30377207902023373,8162.703941538758,8717.93486328125,9231.632061839566,1981221.0,81.6633852526787,0.22401613860020697,2543783.135258819,177379.00330769876,39295994.21800173,9214.279879533924,11922035.450007793,1008.6423603311897,-16.10149032809156,-9.665225614496723,-6.436264713594838,0.5485530698073942,1.0880533109197443,461.208139281848,212712.94773982448,8969.6904296875,8969.6904296875,-0.4404574025070922,-1.7381683948639424,0.9258810332292445,212712.94773982448,9396.472356305803,61.2344482421875,3.379841023781311,503.54406250000005,0.007614129224821298,0.012127808817868013,0.15318061501928715,0.17721437937974405,0.22874390624351282,,0.0075852880506626745,-0.15826724224475452,-0.15356975666179573,-0.06896097462828565,-0.15054291889565308
2026-05-25 00:00:00+05:30,9275.98692194898,9379.495788889184,9252.100260347395,9354.1162109375,252126,0.0,0.0,8784.2701171875,7966.649619140625,7797.054360351563,,8817.651416839704,8303.063014926152,7977.029649634536,,9004.702727399554,8388.640454197304,9306.894940789756,8833.140438270962,9419.264490761285,9168.89645209779,9327.555277390251,9271.024399263611,9053.962178825306,9321.657921195765,9069.724632864854,8781.066005230257,7902.3630243964835,8355.55799897105,9184.902986146193,9286.93505859375,8864.9375,8847.768960454438,75.31664580498773,362.98615684998185,10.350625415762465,352.6355314342194,94.58400297427323,92.81479767975974,1.7692052945134975,75.50622099505183,71.32832436122968,-2.38652411299185,3.673270281201914,16.527184869129442,331.427734375,7887.694127354369,835.6554223472667,60.76681107247471,2.886771995023989,2.5734838000652096,0.561314194016238,0.49568655112847754,20.687734681544867,369.8148411197926,242.41931257800388,-3459.021073219192,-3383.8346204009886,837.1941731770834,0,1,0,837.1941731770834,0,0,0,1,0,218.25593949434005,159.74188263918404,7880.308965995497,8784.2701171875,9688.231268379503,20.58136052586298,0.8151939068391248,8396.303368130737,8817.651416839704,9238.999465548672,7932.859870686292,8656.177829787739,9379.495788889184,0.6871357745933836,0.30462065584811987,8226.090940706259,8784.2701171875,9295.267880720248,2233347.0,81.23418361689022,0.2511468392812469,2695452.682133824,192247.71653562598,38521742.248521574,9328.57075339136,12289466.411572572,1008.6423603311897,-17.513568754511528,-8.861843232733353,-8.651725521778175,0.7834822552266644,1.2607756273564992,451.9805755960015,204286.4407160928,9000.79248046875,9000.79248046875,-0.5892947021653723,-1.4472451470229626,0.921431334630706,204286.4407160928,9445.56794782366,66.33525390625,3.372111428107551,516.1752452256944,0.014573307059358331,0.027046208321949816,0.16527184869129452,0.17864309827139557,0.25665191986255653,,0.014468136972670315,-0.15826724224475452,-0.15356975666179573,-0.06896097462828565,-0.15054291889565308
2026-05-26 00:00:00+05:30,9325.2528673159,9623.836127916227,9313.807175659556,9568.1005859375,424144,0.0,0.0,8851.924072265625,8010.123330078126,7818.154238281251,,8889.12276627759,8352.6723314364,8008.536004808852,,9079.353248232888,8451.44245289522,9396.43622315239,8909.62625796381,9514.452898153784,9258.03789195326,9371.942718373748,9337.217464141155,9144.470092233978,9413.944964415217,9150.761320056428,8840.937708596877,7954.886955109221,8405.927525530651,9261.896805390621,9461.1083984375,9206.81494140625,9016.96599069087,78.62272562593364,378.38827381827105,20.602193907241315,357.78607991102973,96.15409627795464,94.51957596422997,1.6345203137246642,88.28163544532038,77.80780450305208,-4.592048492742872,6.562099280104499,16.470792001409386,589.2041015625,7988.167864816309,828.8304527124092,66.52845272073833,3.2503354057353384,2.886771995023989,0.5726710519682099,0.5148475848753763,20.375649601271718,534.3809461228193,224.3519938661484,-3451.7760962857137,-3411.391454821872,752.5954589843749,0,1,0,752.5954589843749,0,0,0,1,0,224.8111546916494,310.0289522566709,7925.101836583719,8851.924072265625,9778.746307947531,20.94058259233777,0.8863613140145212,8448.849969396777,8889.12276627759,9329.395563158401,7932.859870686292,8778.347999301259,9623.836127916227,0.6871357745933836,0.30429961110090936,8285.685367046439,8851.924072265625,9370.16469380724,2657491.0,79.57372659085615,0.25086632277866716,2967095.468650678,267285.10251735616,45984377.46301849,9501.914629837762,13259736.469195725,1008.6423603311897,-14.745424008704749,-4.8749587895412585,-9.87046521916349,1.402482212048126,1.5454452560580845,463.4111178409531,214749.86413860173,9031.3974609375,9031.3974609375,-0.6456461050518323,-0.9297622696875474,0.9269768814666459,214749.86413860173,9534.211600167411,67.653955078125,3.370084105170925,523.4518120659723,0.022875958580650835,0.04922236790984713,0.16470792001409396,0.18385558166211502,0.2869477143319126,,0.02261822700846304,-0.15826724224475452,-0.15356975666179573,-0.06896097462828565,-0.15054291889565308
2026-05-27 00:00:00+05:30,9568.100788091191,9650.2111864911,9515.84871638216,9618.3623046875,219320,0.0,0.0,8927.3412109375,8054.0946875,7839.721899414064,,8958.574150888056,8402.307232348208,8040.413753321301,,9152.3473656064,8514.51064797794,9480.409007469965,8985.108262632944,9600.324408396704,9344.69018713475,9440.07869212493,9406.950423046621,9299.773874432589,9475.736292209007,9235.469956249068,8881.415318192752,7981.469530283745,8456.44811240955,9364.394486204084,9593.2314453125,9231.94580078125,9236.67336915536,79.32326270307288,390.15282423424105,25.893395458569046,364.259428775672,96.39021504528351,95.70943809917046,0.6807769461130562,97.31734598691028,87.03506747576083,-3.850782258414731,8.73698997396946,18.598509752355906,772.8330078125,7970.601124233759,867.6242631123914,62.957296296692206,3.6367824282692833,3.2503354057353384,0.5843750626853828,0.5318589685320705,19.075228040336935,485.1978442842501,350.83537417530897,-3267.6611302676656,-3410.310343334087,677.3691406249999,0,1,0,677.3691406249999,0,0,0,1,0,218.3505343643131,134.36247010894112,8009.277144985591,8927.3412109375,9845.40527688941,20.567468953177826,0.8763468800151232,8534.639245118,8958.574150888056,9382.509056658113,7932.859870686292,8791.535528588696,9650.2111864911,0.6871357745933836,0.2947697469157368,8365.657777993709,8927.3412109375,9429.111863930226,2876811.0,72.94279756083426,0.2864393938838876,3082441.542724751,310384.5928500551,40989952.13348014,9594.807402520253,13374946.380057776,1009.1676654144565,-16.897725355406685,-5.621808108994555,-11.27591724641213,0.7776753421743139,1.5053875200604943,459.0320329759548,210710.40729803804,9073.94580078125,9073.94580078125,-0.6980311363374265,-0.41692090439566853,0.9257540008816842,210710.40729803804,9602.359674944197,75.417138671875,3.3719270586508476,531.3288736979167,0.005253050832666917,0.05054893223592405,0.18598509752355907,0.15757314485655693,0.30576946902387947,,0.005239301690085883,-0.15826724224475452,-0.15356975666179573,-0.06896097462828565,-0.15054291889565308
2026-05-28 00:00:00+05:30,9618.3623046875,9618.3623046875,9618.3623046875,9618.3623046875,0,0.0,0.0,9004.649389648439,8103.271347656249,7860.075322265626,,9021.411117916576,8449.995666557592,8071.660259288948,,9218.158898344494,8575.85447610294,9550.399910706963,9055.760054012726,9665.367406210255,9423.30355993308,9513.274763849431,9477.977260742186,9385.86232183172,9537.80391095696,9314.144062591016,8920.715509045196,8003.820166577388,8506.0380368207,9467.486271885879,9618.3623046875,9231.94580078125,9236.67336915536,79.3232627030729,394.9238785574744,24.53155982544189,370.3923187320325,95.90212899680922,96.14881344001577,-0.24668444320654714,99.99999999999999,95.1996604774102,-3.850782258414731,4.844048623472533,19.15418123172204,444.3916015625,7785.623481825364,890.7498845961254,66.01197700837889,4.033188726878879,3.6367824282692833,0.5951173066102156,0.5468769653401311,17.984096850989445,388.58482498341255,388.58482498341255,-2988.1864217207126,-3314.3469913411104,642.20263671875,0,1,0,642.20263671875,0,0,0,1,0,202.75406762400502,2.220446049250313e-16,8130.432971922092,9004.649389648439,9878.865807374787,19.417000704798756,0.8510074293932838,8637.850965077001,9021.411117916576,9404.97127075615,8024.425472991192,8837.318329741145,9650.2111864911,0.6871357745933836,0.29245069939973295,8468.911974381292,9004.649389648439,9484.343917571356,2876811.0,68.97499650997811,0.27845820896496326,3082441.542724751,299799.42136342684,35134244.68584012,,13374946.380057776,1009.1676654144565,-24.05730594017165,-10.225110955007615,-13.832194985164033,0.0,1.4040297175731369,437.1082088631734,191063.5862555716,9108.53173828125,9108.53173828125,-0.7355029801695959,0.03496668383249599,0.9217725616000071,191063.5862555716,9645.177915736607,77.3081787109375,3.3683649422598965,534.9019140625,0.0,0.05117748876536532,0.19154181231722034,0.13613917435333733,0.3153668177146036,,0.0,-0.15826724224475452,-0.15356975666179573,-0.06896097462828565,-0.15054291889565308
2026-05-29 00:00:00+05:30,9654.192423255738,9700.970469017904,9381.486369238,9432.7431640625,496089,0.0,0.0,9072.676611328125,8150.0593457031255,7878.035102539064,,9060.5855985019,8488.534784106803,8098.612396017136,,9258.929734002977,8627.990625765931,9574.638083937069,9107.57148499333,9665.142492261515,9473.453350645006,9561.619392502029,9542.715992095755,9391.261791947545,9558.746507234868,9373.90606779578,8948.779280729144,8052.4417421802855,8549.807455001033,9523.21513659115,9525.552734375,9231.94580078125,9262.053010418764,69.56003584828589,379.35410216761557,7.169426748466435,372.18467541914913,87.24762781417783,93.17999061875685,-5.932362804579014,70.52690694803756,89.28141764498261,-30.555552040637025,3.550938201423879,16.854694476962457,323.46484375,7364.303448051063,901.9979656355681,55.027901239800606,3.433352049791271,4.033188726878879,0.6013497961202763,0.5597666216681847,15.71205015131744,442.1978915483287,122.71379176842493,-2798.989392073144,-3127.076765389269,597.9957682291666,0,1,0,597.9957682291666,0,0,0,1,0,211.09192706371206,319.4840997799038,8297.88235966424,9072.676611328125,9847.47086299201,17.079728174075523,0.7323626898116021,8652.700869784208,9060.5855985019,9468.470327219593,8024.425472991192,8862.697971004549,9700.970469017904,0.8576272311658459,0.30796374227459516,8502.96283600968,9072.676611328125,9598.26580414472,2380722.0,64.91374768011787,0.22597379180650273,2745533.748332221,161016.69650641736,16960264.894503586,9505.066667439469,12417573.274985213,1009.1676654144565,-17.395586281286466,-2.850713036897945,-14.544873244388521,1.8018763756819387,0.929450759246409,387.3971258319423,150076.53310284973,9114.25439453125,9114.25439453125,-0.7538080002443168,0.3356308448773044,0.9041661626745378,150076.53310284973,9631.435979352678,68.0272216796875,3.364055426247128,535.8153624131943,-0.01929841429809087,0.023101403787807895,0.16854694476962462,0.1006909680732091,0.31140166994772933,,-0.019487059676931498,-0.15826724224475452,-0.15356975666179573,-0.06896097462828565,-0.15054291889565308
2026-06-01 00:00:00+05:30,9456.132683431617,9553.66989035471,9338.68992407524,9435.7294921875,216109,0.0,0.0,9129.2083984375,8196.120800781251,7894.780649414063,,9096.313588376719,8525.679674619772,8125.089962277935,,9293.506198846728,8678.409062882965,9593.734018419087,9156.128654591837,9660.570909166767,9518.626950515829,9586.252833320648,9600.241251674948,9396.480990879183,9577.173365176785,9424.201418078299,8992.400641650587,8079.51711068358,8592.464511015849,9529.108604523593,9434.236328125,9231.94580078125,9262.053010418764,69.62481141844988,363.0706613460152,-7.291211258507133,370.3618726045223,78.45943537060603,87.20306406053102,-8.74362868992499,41.24935748379798,70.59208814394518,-30.215359589130163,3.600703467543435,13.613762544071221,327.9443359375,7022.536682055691,870.3701798708589,57.23577099168848,2.6096360787642974,3.433352049791271,0.6034336057002321,0.5704755966807405,14.022198164853243,269.6177536397154,54.637787360245056,-2725.7336160750892,-2927.9577289884114,500.9563802083333,0,1,0,500.9563802083333,0,0,0,1,0,211.36964415055195,214.97996627947032,8428.808330029353,9129.2083984375,9829.608466845648,15.344157737225578,0.7188185778212826,8686.326459293194,9096.313588376719,9506.300717460244,8115.493115216805,8908.231792117354,9700.970469017904,0.9799527270278904,0.29899656294048177,8576.783622894263,9129.2083984375,9651.061354548508,2596831.0,55.9359935784957,0.18600391331053207,2724523.1511100004,82918.87390271481,14629565.964541022,9442.696435539148,12424415.10639672,1009.1993245837252,-18.828687035401398,-3.4270510328103008,-15.401636002591097,0.8081472509366601,0.8752743112851292,350.2000342040741,122640.06395653468,9134.6572265625,9134.6572265625,-0.8824906061106171,1.1677693277972996,0.8808230333178084,122640.06395653468,9622.101799665179,56.531787109375,3.360891333327062,531.7170442708334,0.0003165916926877177,0.008724852183744636,0.13613762544071228,0.10902496072805357,0.2901272791011904,,0.0003165415881126275,-0.15826724224475452,-0.15356975666179573,-0.06896097462828565,-0.15054291889565308
2026-06-02 00:00:00+05:30,9375.514830758537,9510.374943239194,9276.484711261672,9486.48828125,256995,0.0,0.0,9188.6513671875,8239.057080078126,7912.392084960938,,9133.47308293608,8563.358443507232,8152.048344831837,,9327.53285435268,8729.011709175857,9617.140633766216,9205.285104176186,9665.16902515543,9564.5953562237,9598.559163390319,9650.960284054278,9408.119619062118,9600.053803612329,9480.62320683013,9044.339083833447,8117.885810877763,8635.444878091872,9507.810976868399,9461.10888671875,9363.07373046875,9292.160065577147,70.76361592709583,350.2245565666017,-16.109852830336536,366.3344093969382,70.99887055232661,78.90197791237014,-7.903107360043535,12.025253256480998,41.26717256277218,-26.23247671325297,4.027289514817374,14.327699978297641,367.2578125,6709.206171766471,806.3182995385268,62.61345911295102,1.7939445316499192,2.6096360787642974,0.6024404288091922,0.5790487457602146,13.102358798128718,197.4033573049128,-36.4868746726097,-2584.741053986293,-2770.3955820005785,498.21940104166663,0,1,0,498.21940104166663,0,0,0,1,0,212.97825756676414,233.8902319775225,8591.180143950312,9188.6513671875,9786.122590424688,13.00454657297688,0.7492479156140571,8717.981826721933,9133.47308293608,9548.964339150227,8316.042132019691,9008.506300518799,9700.970469017904,0.8738828441990757,0.29779778660432327,8633.340017688468,9188.6513671875,9711.350042272474,2853826.0,58.07321852927613,0.178580192688527,2929025.555365319,108500.63201855449,14403164.397480475,9424.449311916955,12562663.611781681,1009.1993245837252,-18.835749339096594,-2.7472906692043964,-16.088458669892198,0.9908061425007431,0.9969916624562289,298.7356116185936,89242.96564913519,9152.8212890625,9152.8212890625,-0.7327108361563478,1.5522703935677056,0.8716472548483918,89242.96564913519,9605.295828683036,59.44296875,3.3594999528218965,512.9770724826391,0.0053794239337325855,-0.008529624448916029,0.14327699978297637,0.1505914477936532,0.3134215107337337,,0.005365006514630469,-0.15826724224475452,-0.15356975666179573,-0.06896097462828565,-0.15054291889565308
2026-06-03 00:00:00+05:30,9480.01939504241,9594.476322121664,9434.734263024098,9526.2998046875,162922,0.0,0.0,9246.178417968751,8286.6612109375,7930.068217773437,,9170.885151674309,8601.120849828027,8179.261245026999,,9359.689848400298,8779.491816023285,9642.338140807591,9254.15544360249,9674.741129576869,9610.047425416178,9607.428787329205,9695.204649756837,9423.522203053952,9628.859691363537,9539.438017499782,9148.64137981887,8156.463898546936,8678.41047354067,9490.750117676846,9506.39404296875,9363.07373046875,9301.117763463266,71.66103722695706,339.34462954564697,-21.591823881033008,360.93645342668,73.9034292295951,74.45391171750924,-0.5504824879141381,15.338192532512368,22.87093442426378,-21.84187600883152,4.0493565427082165,13.73655861636603,370.7412109375,6583.756462827254,742.620653764563,59.50362391908856,1.4013218929066371,1.7939445316499192,0.5990733932099035,0.585651870527447,11.816066139944173,251.02927636549248,91.28721726792719,-2403.460512781008,-2637.2332074961528,479.9728190104167,0,1,0,479.9728190104167,0,0,0,1,0,209.1756719618214,159.7420590975653,8768.764057574132,9246.178417968751,9723.59277836337,10.326739087509418,0.7933734403037302,8764.537432414354,9170.885151674309,9577.232870934264,8410.095853465511,9055.533161241707,9700.970469017904,0.9105547817631976,0.29774824907094016,8690.135076426994,9246.178417968751,9765.905726748906,3016748.0,55.91948855582578,0.24414568044142942,2952880.17841828,116692.3102174718,13272165.629481032,9518.503463277753,12631036.362890268,1009.6189901360054,-21.210385075050034,-4.09754112412627,-17.112843950923764,0.6687106995682083,1.173493761214921,238.70718019730973,56981.11787775089,9164.7646484375,9164.7646484375,0.21911712895649016,-1.220085220434468,0.8891930188003984,56981.11787775089,9586.712709263393,57.52705078125,3.3590379111364355,493.9197352430555,0.004196655522801462,-0.009571535889756788,0.13736558616366024,0.11764362165840248,0.3624911290794537,,0.004187874123777848,-0.15826724224475452,-0.15356975666179573,-0.06896097462828565,-0.15054291889565308
2026-06-04 00:00:00+05:30,9519.830513269391,9728.341176367136,9487.483990354467,9671.6103515625,259390,0.0,0.0,9281.734716796875,8337.350703125,7948.187250976562,,9218.573265949375,8643.100830288202,8208.812712483148,,9400.207175409227,8833.803547028187,9688.27235950931,9310.859931023444,9716.002491448486,9666.94243984597,9630.563538538283,9736.55102156202,9466.512010783701,9675.965129983677,9607.343270643172,9227.189834671195,8195.3265117942,8724.401616936053,9509.237370208952,9598.955078125,9389.69775390625,9314.803117137883,74.71214614577285,338.5450194703044,-17.91314716510044,356.45816663540484,81.68881496585422,75.53037158259198,6.158443383262238,28.872598102889388,18.745347963960917,-6.859202380352825,5.699689402611784,7.936244814471874,521.5263671875,6713.075608070298,694.0966083527019,59.30723171646866,1.4242235955981573,1.4013218929066371,0.5953800249495877,0.5905727626743598,11.448114010619177,338.01365835291654,97.156472340248,-2250.2888897928838,-2492.070939900429,472.7571614583333,0,1,0,472.7571614583333,0,0,0,1,0,211.43863725116762,240.85718601266854,8788.255665701246,9281.734716796875,9775.213767892503,10.633336680105586,0.8950275436211718,8805.047770235575,9218.573265949375,9632.098761663176,8823.135551819621,9275.738364093379,9728.341176367136,0.8908371225867062,0.19599350380445812,8777.88989133902,9281.734716796875,9764.58319579489,3276138.0,56.751579124644834,0.07656047504284795,3090078.1949472083,153088.9738110085,16760728.075827494,9629.145172761368,13026699.98388359,1009.6189901360054,-20.38180156098818,-2.615166088051531,-17.76663547293665,1.052668316749313,1.5801101744846873,246.73952554781403,60880.393467560374,9196.8623046875,9196.8623046875,0.10510137450882952,-1.2454948455425345,0.8974972376215177,60880.393467560374,9637.152092633929,35.556298828125,3.360898011656676,469.2844184027776,0.015253618913347422,0.005536082462712866,0.07936244814471882,0.13628391261801864,0.35077850220288354,,0.015138452131817552,-0.15826724224475452,-0.15356975666179573,-0.06896097462828565,-0.15054291889565308
2026-06-05 00:00:00+05:30,9708.932810204338,9786.564461582702,9610.400329608725,9653.197265625,256030,0.0,0.0,9312.3892578125,8395.156425781252,7967.580234374999,,9259.966027823244,8682.712455203371,8237.41438680279,,9435.584561011905,8885.405373008578,9722.382468453829,9362.343152396903,9740.882568510337,9715.867684921608,9656.096251521913,9773.942616401577,9492.718647672436,9702.280671919756,9662.008271059127,9265.981733946825,8256.042541977884,8768.665550962216,9550.211901966879,9662.40380859375,9395.42041015625,9380.242447148938,73.63035166432739,332.591631279849,-19.09322828444465,351.6848595642937,84.96246890048177,80.18490436531036,4.777564535171408,38.660126276616694,27.623638970672815,-16.41151490937033,4.701246516798807,6.781898244465932,433.443359375,6864.844460145692,679.3694496432981,54.02409789043049,1.6732958057904592,1.4242235955981573,0.5905297764285278,0.5938189384979475,11.217621912939547,358.68412248122877,182.51999050725135,-2224.816014639713,-2352.842645628965,449.11930338541663,0,1,0,449.11930338541663,0,0,0,1,0,208.9190297313683,176.16413197397742,8806.105862700855,9312.3892578125,9818.672652924144,10.87332973515696,0.8365782989360595,8852.268839896667,9259.966027823244,9667.66321574982,8823.135551819621,9304.850006701163,9786.564461582702,0.8712071856873163,0.1960511295666485,8815.760503134987,9312.3892578125,9795.113634458703,3020108.0,64.3725246023739,0.030432081571131638,2958446.9520093473,112178.67036349932,13692866.580340978,9683.387352272142,12977956.266744317,1009.4286073014185,-19.622992991729674,-1.485086015034419,-18.137906976695255,1.0067535020889653,1.3463131957442358,253.14169755582262,64080.719041443575,9286.93505859375,9286.93505859375,-0.07276560320563424,-1.271433137489875,0.9098050366168215,64080.719041443575,9681.975167410714,30.654541015625,3.360483249805413,442.5634244791669,-0.0019038283458685523,0.02337115489398678,0.06781898244465934,0.17870814563890902,0.35859364729456034,,-0.0019056429305247195,-0.15826724224475452,-0.15356975666179573,-0.06896097462828565,-0.15054291889565308
2026-06-08 00:00:00+05:30,9545.210146839208,9653.197770105156,9387.95628070078,9450.1611328125,199100,0.0,0.0,9333.762890625,8443.536875000002,7985.594765625001,,9278.07984734603,8712.808481776277,8261.429173852486,,9448.705691964287,8926.778106617647,9712.845320818129,9394.702785002855,9704.56596486872,9736.538447538735,9655.03705927861,9801.389778535364,9492.020766999742,9667.036958373827,9698.897882365633,9283.539574796101,8320.512370326343,8804.749343533387,9570.499642740757,9551.67919921875,9410.84716796875,9380.242447148938,62.82757742907291,307.94046319938025,-34.995517091930765,342.935980291311,78.44437807813938,81.69855398149178,-3.2541759033524045,31.48694671921442,33.006557032906834,-41.39614847585867,1.026766395768073,4.737752581843103,96.044921875,6572.916695588473,651.7885565038996,51.01681514526292,1.3139867114080928,1.6732958057904592,0.58144947540959,0.5947943188803231,10.056785331417895,222.134460473535,-43.1070289308409,-2257.700585815845,-2268.5618179103412,401.26318359375,0,1,0,401.26318359375,0,0,0,1,0,212.94206256515457,265.2414894043759,8843.123873342542,9333.762890625,9824.401907907457,10.513209367580236,0.6186190234443697,8858.688774573533,9278.07984734603,9697.470920118529,8823.135551819621,9304.850006701163,9786.564461582702,1.0526373636535362,0.21404313012894652,8830.023740180744,9333.762890625,9832.641490547814,2821008.0,57.304275869220504,0.0037787036413296465,2852733.443566569,51608.459870134015,5961815.062725303,9497.105061206146,12559188.340112172,1007.3253027979924,-20.470625163008563,-1.866174549050644,-18.60445061395792,0.7995666035768056,0.4744760937774783,245.31950864122913,60181.66131997409,9393.4296875,9393.4296875,-0.2644779131930957,-1.0501048026787334,0.885832898380828,60181.66131997409,9678.591294642858,21.3736328125,3.353839645403613,410.98993489583324,-0.0210330450342614,0.0015294673969774575,0.04737752581843102,0.22944457350461778,0.31537031471541366,,-0.02125739088673675,-0.15826724224475452,-0.15356975666179573,-0.06896097462828565,-0.15054291889565308
2026-06-09 00:00:00+05:30,9457.127788872784,9652.20219916736,9378.998496994598,9570.091796875,232863,0.0,0.0,9363.32265625,8492.713544921877,8005.365957031251,,9305.890509205932,8746.427435309562,8287.343285199466,,9471.21320684524,8970.956731004902,9724.411774506312,9433.881348667077,9702.22378792053,9767.653277307745,9645.065536179314,9823.540209777871,9492.36069264685,9653.206894629891,9740.683251868451,9331.43944417477,8363.528534638226,8843.917338614683,9575.430373201227,9510.12646484375,9410.84716796875,9459.615544579625,66.00072099321079,294.6846954467401,-38.60102787565677,333.28572332239685,69.69578974179173,77.70087890680429,-8.005089165012564,20.308825064805184,30.1519660202121,-33.10496738939578,0.020810932322623547,6.584275846467248,1.9912109375,6499.234001583711,630.5350171499849,56.697155069522005,0.8931655882228755,1.3139867114080928,0.5705884872867495,0.5932624771693639,9.208012396737729,201.27767707239764,-71.9260251003634,-2266.1729821981885,-2246.915845483698,416.0263671875,0,1,0,416.0263671875,0,0,0,1,0,217.24646539426934,273.20370217276104,8891.841863350386,9363.32265625,9834.803449149615,10.070800936992205,0.7192763138381165,8874.402642950288,9305.890509205932,9737.378375461576,8823.135551819621,9304.850006701163,9786.564461582702,1.0880563109564105,0.21525413739854607,8848.884187209595,9363.32265625,9859.83739028456,3053871.0,65.47580837111252,0.09664448155553416,2945624.148484605,51694.192608574405,9099757.800276821,9533.764164345652,12854711.493983246,1007.3253027979924,-20.01937854005896,-1.1319423408808333,-18.887436199178126,1.0129684037622813,0.8771052553524649,235.7403964498074,55573.53451831237,9434.236328125,9434.236328125,-0.45992539681558964,-0.7630503797399129,0.8721684440273395,55573.53451831237,9686.994308035715,29.559765625,3.346496860015855,389.1082118055555,0.012690859169171231,0.008812904538156863,0.06584275846467258,0.2942324370919194,0.32144580022366664,,0.012611005117253155,-0.15826724224475452,-0.15356975666179573,-0.06896097462828565,-0.15054291889565308
2026-06-10 00:00:00+05:30,9575.565934657525,9638.766063214924,9433.738874509028,9478.5263671875,391667,0.0,0.0,9394.972509765626,8541.61154296875,8024.957998046876,,9322.332019489892,8775.137197343991,8310.93106900121,,9482.184988839286,9009.61605736826,9715.869768828104,9463.216022720564,9673.190790332343,9784.49926178579,9620.061041666666,9837.422353774442,9491.994394478601,9623.252945587757,9750.717961966748,9381.20411586462,8422.796779334984,8878.272628667584,9554.564290482114,9524.30908203125,9445.68212890625,9468.573287846595,61.672155746964606,273.6365275122298,-47.71935664813367,321.3558841603635,59.021292384628616,69.05382006818657,-10.032527683557952,6.41206778506154,19.402613189693717,-48.43500698085968,-1.4538435241917544,7.156124286831868,-139.8359375,6130.432065185198,589.6671329667424,54.668459932505115,0.5817634157575321,0.8931655882228755,0.5568500797638709,0.5890105630753255,7.843089136004301,183.8984203924556,-21.12876831343965,-2263.685838511511,-2256.0414981965487,373.89306640625,0,1,0,373.89306640625,1,0,0,0,0,216.37365991652834,205.02718870589524,8989.477406726171,9394.972509765626,9800.467612805081,8.632172209508056,0.6030269623425559,8892.885437886043,9322.332019489892,9751.77860109374,8883.34966213639,9334.957061859546,9786.564461582702,1.2098390541848425,0.21004396735556666,8879.545144330295,9394.972509765626,9890.12512125961,2662204.0,56.04392775976848,0.11819994643787791,2725073.7989700395,-23145.318172023166,2676484.236035268,9517.010434970483,12479969.454819893,1007.3253027979924,-14.867706781662223,3.215783534012724,-18.083490315674947,1.5849487994528897,0.41210784937022465,202.74755151972707,41106.56964724438,9442.9453125,9442.9453125,-0.26293715388300004,-1.5294210194310647,0.8371504802926246,41106.56964724438,9656.609946986606,31.649853515625,3.338219431701795,358.00912543402785,-0.009567873708107966,-0.005014899644087745,0.07156124286831878,0.27746482089485736,0.29756799189749517,,-0.009613939884143953,-0.15826724224475452,-0.15356975666179573,-0.06896097462828565,-0.15054291889565308
2026-06-11 00:00:00+05:30,9435.231186479674,9480.018676288912,9308.33329868683,9327.7412109375,187312,0.0,0.0,9402.66103515625,8591.942724609376,8045.346254882814,,9322.84718058014,8796.807942975109,8331.065923296977,,9475.782007998512,9040.444671798406,9679.371242396366,9478.724197472693,9607.268354094593,9781.487192396726,9574.97086529356,9838.973328749316,9482.683588837466,9585.108784847256,9745.410433127367,9393.82802372563,8475.533978912512,8904.622546067798,9509.314434193602,9403.1337890625,9499.67578125,9519.332360965049,55.246575025727175,241.99898715029485,-63.48551760805492,305.4845047583498,44.204231622191905,57.64043791620408,-13.436206294012173,6.41206778506154,11.044320211642754,-85.84733076316884,-3.0215236704939477,1.6761608772101264,-290.62109375,5630.547905038021,504.64248339248843,47.43900083612997,0.0478446598998227,0.5817634157575321,0.5387910391254191,0.582059590075897,5.874068564952441,43.31195230715275,-128.3734252949289,-2261.8072441673717,-2263.204245233769,264.0807291666667,0,1,0,264.0807291666667,0,0,0,1,0,213.18163975121072,171.68537760208164,9009.155653972502,9402.66103515625,9796.166416339998,8.370085440971312,0.40480457472604875,8901.598296728644,9322.84718058014,9744.096064431636,8901.26505790863,9343.914759745665,9786.564461582702,1.5383934730484703,0.18134119553327555,8914.446110370382,9402.66103515625,9889.942554688292,2474892.0,51.009808156887516,0.033162569374455726,2580110.598970041,-97782.01638481021,-1740709.1101840558,9372.03106197108,12181992.025698908,1005.7344947925203,-16.464957959268492,1.2948258851251637,-17.759783844393656,0.7045838651227752,-0.3807817010958048,196.75269059187409,38711.621255141734,9442.9453125,9442.9453125,-0.33749512821573807,-1.3344731278862543,0.76065388443305,38711.621255141734,9622.023953683036,7.688525390625,3.328416373747848,323.4409331597222,-0.015908080054720775,-0.035554486597926926,0.0167616087721012,0.30284280211115044,0.2731100745043953,,-0.016035971714217872,-0.15826724224475452,-0.15356975666179573,-0.06896097462828565,-0.15054291889565308
2026-06-12 00:00:00+05:30,9435.231296282973,9530.77794232128,9338.689372681763,9508.8818359375,162406,0.0,0.0,9422.6412109375,8644.274414062502,8067.545917968751,,9340.56476680465,8824.732409365792,8354.389010675997,,9485.898274739584,9076.403068321079,9679.16435312722,9506.736239238833,9597.711023978974,9797.7103165854,9542.843138570412,9835.54204372479,9483.001697059219,9584.815965308231,9755.20120811502,9408.882038835649,8518.009900470946,8937.815015064829,9477.873506814572,9418.3115234375,9499.67578125,9531.524586422187,60.562454080948015,228.9038816000575,-61.264498526633815,290.1683801266913,37.092867136342726,46.772797047721085,-9.679929911378359,7.359648921894221,6.727928164005767,-54.4390608469433,0.8071742286493948,4.3867746881104335,76.138671875,5331.954022426126,411.02780845982306,50.344333590982224,-0.40013067646878786,0.0478446598998227,0.5200534486493602,0.5727951281813557,4.644124257012025,83.76048806012841,-108.3280815793878,-2271.6149537244833,-2264.7956835467394,153.77067057291666,0,1,0,153.77067057291666,1,0,0,0,0,212.45700343925137,203.03673138377962,9051.938862894387,9422.6412109375,9793.343558980612,7.868332025904015,0.6163205809934209,8920.761161151622,9340.56476680465,9760.368372457677,8901.26505790863,9343.914759745665,9786.564461582702,1.602767621552398,0.18996752664096528,8926.03482513787,9422.6412109375,9907.876161970757,2637298.0,49.79776955479433,0.07303397371429786,2705491.3968975013,-79532.0466417754,2710581.383235095,9459.449716980182,12497377.322937373,1007.6764507377345,-18.44489965971134,-0.5480926522541445,-17.896807007457195,0.6985823260039384,0.4652823239736825,185.35117402155672,34355.0577111694,9464.34375,9464.34375,-0.5215544869567348,-1.0036009762611993,0.7201392834698107,34355.0577111694,9612.41240234375,19.98017578125,3.3264053284991517,294.68627604166664,0.019419559452142465,-0.014950013525716122,0.0438677468811044,0.3405359764914935,0.34953026424104694,,0.019233405959804984,-0.15826724224475452,-0.15356975666179573,-0.06896097462828565,-0.15054291889565308
2026-06-15 00:00:00+05:30,9633.789834368625,9635.282750815912,9494.948604770563,9510.873046875,197986,0.0,0.0,9442.79560546875,8697.581494140626,8091.775957031251,,9356.784603001825,8851.639885346545,8377.289684660136,,9494.301306733632,9110.387328431372,9677.811699567308,9532.750747833525,9588.216911033911,9811.456127991656,9519.900726503312,9828.419164801286,9483.336737072917,9580.096141231255,9766.481537576197,9430.77903280884,8561.11196016136,8969.738807398373,9463.51575143192,9509.87744140625,9499.67578125,9531.524586422187,60.61783173171547,216.19443531382967,-59.17915585028936,275.37359116411903,35.22164000543899,38.83957958799121,-3.617939582552218,14.795966267492975,9.522560991482912,-54.04868837357088,0.7963724982760114,4.425750977979433,75.1435546875,4768.95024637698,377.62160065275384,43.900510025007634,-0.4315977760991503,-0.40013067646878786,0.5008247585156278,0.5615044981487374,3.4866921760906973,179.14306903849683,38.80892299314837,-2291.0283051924257,-2270.2597565812744,52.916015624999986,0,1,0,52.916015624999986,1,0,0,0,0,207.3053707682583,140.33414604534846,9101.506215736435,9442.79560546875,9784.084995201063,7.228566708245971,0.5997356546297066,8950.231979592829,9356.784603001825,9763.33722641082,8973.920432715173,9380.242447148938,9786.564461582702,1.6631762571934319,0.1899119175102269,8964.049681324495,9442.79560546875,9924.616961567128,2835284.0,46.31313880863245,-0.005587309359242869,2552438.389805303,-113534.64794516284,2379674.3125832067,9547.034800820491,12501523.256134082,1007.6764507377345,-18.853955351701238,-0.7657186753952345,-18.088236676306003,0.8583191967991968,0.3989426185188254,170.64469486615724,29119.611885963914,9482.50732421875,9482.50732421875,-0.6885553439215012,-0.5552800866692981,0.6620128594441265,29119.611885963914,9597.312709263393,20.15439453125,3.3248860378677136,271.22206597222225,0.00020940537193081532,0.006424431627064964,0.04425750977979437,0.33342643503784064,0.3461051462416209,,0.00020938344968628902,-0.15826724224475452,-0.15356975666179573,-0.06896097462828565,-0.15054291889565308
2026-06-16 00:00:00+05:30,9554.66493770526,9625.329647140372,9430.255237995556,9546.205078125,339718,0.0,0.0,9464.144335937499,8748.231171875,8113.408315429688,,9374.82464825165,8878.87773604374,8400.436524134688,,9504.149827938989,9143.666684666054,9681.599681322643,9559.44806831873,9587.643005678363,9826.70449277679,9509.073411965637,9820.202406366994,9483.977251781222,9578.764161262803,9785.320726666347,9459.737595250253,8605.491304621155,9001.834149833898,9474.215851355342,9528.5390625,9499.67578125,9531.524586422187,61.6469391192744,206.5916472939789,-55.02555509611216,261.61720239009105,48.130109503396135,40.14820554839261,7.981903955003524,23.657046854821807,15.270887348069667,-47.1219222692974,0.6294931812969186,4.682134209001154,59.716796875,4062.3556574417735,340.7099641430141,45.7795659949918,-0.410852136644293,-0.4315977760991503,0.48172278992903994,0.5484655422286414,2.5173660354302356,156.32348017044387,-38.75092897437207,-2334.2788153875617,-2286.895429564792,21.813476562499996,0,1,0,21.813476562499996,1,0,0,0,0,206.43173065229814,195.07440914481595,9156.297353675896,9464.144335937499,9771.991318199101,6.505542843268732,0.6332817063604792,8969.83429199688,9374.82464825165,9779.81500450642,8973.920432715173,9380.242447148938,9786.564461582702,1.6988952361673588,0.1899556398754483,8983.93075327037,9464.144335937499,9942.63189090451,3175002.0,38.08612984586106,0.02674437336500705,2616568.828580816,-96718.3317820523,3754424.69538382,9533.929987753641,12627725.41373865,1007.6764507377345,-14.584848427313649,2.802710599193883,-17.38755902650753,1.4217747261439513,0.5331268254419153,153.92349113080166,23692.441121893982,9497.68505859375,9497.68505859375,-0.8427085614196708,-0.00896270274850861,0.5908228841188115,23692.441121893982,9584.160811941965,21.34873046875,3.323672442428418,243.2049956597223,0.0037149093543635825,-0.002495975927608085,0.04682134209001143,0.3006306092882798,0.28935339586309583,,0.003708026120401244,-0.15826724224475452,-0.15356975666179573,-0.06896097462828565,-0.15054291889565308
2026-06-17 00:00:00+05:30,9554.664912103965,9940.33498017066,9554.664912103965,9879.623046875,591839,0.0,0.0,9500.347558593749,8801.9662109375,8141.7936328125,,9422.900686215778,8918.122650193985,8429.72734636717,,9543.719228980655,9188.034993489582,9743.956417152318,9609.7098477398,9671.868627733464,9877.070459440098,9542.51284293831,9821.416211793914,9505.01812897928,9627.228121350869,9816.69149780198,9525.574460497524,8668.061704787848,9045.04816083551,9540.198784666196,9712.9140625,9603.68212890625,9608.409845716167,69.69484166340511,223.31121946026178,-30.644786343863416,253.9560058041252,63.2279878760026,48.85991246161257,14.368075414390027,41.038972940024934,26.49732868744657,-9.14542572912389,3.7089242353431304,7.908468344239305,353.3232421875,3701.0064511466517,332.41252459931457,55.141437632154954,-0.0017070384492332558,-0.410852136644293,0.46715312758454086,0.5342181091880807,2.9186143491291525,412.66925892857944,26.999190861883108,-2385.1850126371037,-2317.9023679202605,37.406087239583336,0,1,0,37.406087239583336,1,0,0,0,0,219.8387428946812,394.12990204566086,9175.470152189135,9500.347558593749,9825.224964998362,6.839274129728839,1.0837209371969814,8981.408477786099,9422.900686215778,9864.392894645458,9132.66662757655,9536.500803873605,9940.33498017066,1.6988952361673588,0.22147707189459181,8996.941842467808,9500.347558593749,9996.94700031148,3766841.0,47.58803190419326,0.06303556277248151,3022074.0014840434,47978.0190977063,31408043.625619166,9791.540979716541,14694827.006383142,1007.6764507377345,-4.192713021173153,10.555876804267504,-14.748589825440657,2.099977610703716,2.33488374878792,162.43870320230724,26386.33229804726,9509.87744140625,9509.87744140625,-0.09339411384559912,1.1481672193012884,0.5447003641184396,26386.33229804726,9630.462569754463,36.20322265625,3.328189777592226,223.18446831597223,0.03492675529399869,0.04231635426747404,0.07908468344239306,0.3825208663032187,0.30560302584715426,,0.034330656381285914,-0.15826724224475452,-0.15356975666179573,-0.06896097462828565,-0.15054291889565308
2026-06-18 00:00:00+05:30,9902.016528510425,9966.709570459683,9858.22431549862,9905.5,264707,0.0,0.0,9538.118359375,8848.7840625,8171.428022460937,,9468.8625256238,8956.843330578537,8458.950567231186,,9582.30517578125,9231.310828354779,9800.926041649831,9658.511683884182,9745.663180589932,9925.073382032151,9603.476347402597,9830.674769222142,9518.839174676074,9677.759036876976,9851.398563758274,9561.042152930584,8725.611520445553,9087.77851149257,9637.950354820789,9892.5615234375,9616.62060546875,9621.597140860678,70.21718640054864,235.93000052973912,-14.420804219508852,250.35080474924797,78.28819657028772,63.21543131656215,15.07276525372557,59.238706860696176,41.31157555184764,-8.868062290715518,2.4183113249564885,8.255836961878979,233.8896484375,3925.186760614044,381.94518003550183,54.08030677705652,0.5023519780156362,-0.0017070384492332558,0.4559959319143214,0.5192699042420578,3.7337539371799213,385.0675236807547,276.58226871969237,-2377.1541480042465,-2351.1850182076673,86.50634765625,0,1,0,86.50634765625,1,0,0,0,0,211.88492232799413,108.48525496106231,9209.077784310974,9538.118359375,9867.158934439025,6.899486097079353,1.0582619112453144,9048.7533360996,9468.8625256238,9888.971715147998,9150.582114110488,9558.645842285085,9966.709570459683,1.6187107388377782,0.2209226184415536,9035.621564553167,9538.118359375,10029.530648528633,4031548.0,57.734013839486686,0.0885321954671106,2988074.937263854,91992.45865139225,27899724.62636777,9910.144628652768,14764159.7187585,1007.9383732119243,-4.993527440644927,7.8040499078365855,-12.797577348481513,0.9374712249630618,2.233047644981255,164.52028753201307,27066.925009616258,9518.58642578125,9518.58642578125,0.5683837265938585,1.005276567706274,0.48957266645625885,27066.925009616258,9670.67880859375,37.77080078125,3.3309243716467285,224.24279730902782,0.0026192247418979075,0.06193983902394651,0.0825583696187897,0.38788168781052335,0.30183126878928035,,0.002615800550621389,-0.15826724224475452,-0.15356975666179573,-0.06896097462828565,-0.15054291889565308
2026-06-19 00:00:00+05:30,9900.0,10120.0,9831.0,10083.0,470348,47.0,0.0,9581.2806640625,8899.022529296875,8202.598544921875,,9527.351808897723,9001.006337222516,8491.109961939479,,9634.198665364584,9279.71145335478,9880.709103502446,9717.589408546664,9849.975171733735,9988.027533883078,9699.533629092262,9851.688251701671,9557.122004550372,9776.623782620836,9898.7246923854,9615.855653786204,8783.417550804883,9134.68831085377,9765.398174140497,9994.25,9705.37060546875,9698.242355630835,73.58096578708577,257.2873930995047,5.549270680205382,251.73812241929932,92.53336886697075,78.01651777108702,14.516851095883723,81.77389792360388,60.68385924144166,-4.386405379248314,4.452439150969451,9.363005808265795,429.802734375,4872.4015748500615,437.1121523320362,61.774155981851656,1.0115632885330874,0.5023519780156362,0.4493560482401904,0.5045928567787912,4.985739704447098,466.7353884752047,177.73538847520467,-2289.9445309052494,-2358.150277929252,219.34960937499997,0,1,0,219.34960937499997,1,0,0,0,0,217.39314216170885,289.0,9204.996347833237,9581.2806640625,9957.564980291763,7.854572461083023,1.1666758542652247,9092.20539932821,9527.351808897723,9962.498218467237,9252.100260347395,9686.050130173699,10120.0,1.5371059691454132,0.22602698080439038,9053.272553893778,9581.2806640625,10088.951261836542,4501896.0,65.99874690954552,0.14230327368660134,3337987.809236172,212971.32876442047,35840731.10831523,10011.333333333334,15606992.185569867,1007.9383732119243,-0.3194514872988436,9.982500688946136,-10.30195217624498,1.5482434513319199,2.666703417060902,188.14215811463126,35397.47166003091,9536.25244140625,9536.25244140625,1.3051009439002925,1.6908595916188913,0.4605250898301267,35397.47166003091,9740.03466796875,43.1623046875,3.3373960545225367,229.24817708333333,0.01791933774165866,0.060377042639514045,0.0936300580826579,0.4909259935531298,0.3276773164258051,,0.017760678978834026,-0.15826724224475452,-0.15356975666179573,-0.06896097462828565,-0.15054291889565308
2026-06-22 00:00:00+05:30,10090.0,10126.0,9992.0,10022.5,157543,0.0,0.0,9614.699853515625,8945.642421875,8235.920986328125,,9574.508779478892,9041.064912233398,8521.434517148597,,9676.21955450149,9323.769393382352,9936.878828932793,9768.034337143525,9917.226335529405,10037.846091402293,9805.75220221185,9879.790129259336,9616.455529080486,9843.127060764089,9939.000960576168,9639.560305833786,8821.69270287431,9178.44691863252,9880.243621696849,10052.75,9705.37060546875,9717.166649343415,70.65191164651051,266.26213208607805,11.619207733422968,254.6429243526551,91.36252101117569,87.39469548281139,3.967825528364301,83.41280862257264,74.80847113562423,-12.657969296509119,6.056392680969705,7.145344081581732,572.3388671875,5606.178267288778,481.9470651659194,62.10826495926893,1.5012262766544278,1.0115632885330874,0.4447428787161867,0.49061001138206195,5.946808688253474,419.9874758358892,285.9874758358892,-2241.0066015274238,-2326.7314953305863,296.0779622395833,0,1,0,296.0779622395833,1,0,0,0,0,211.43648915015825,134.0,9206.0342636263,9614.699853515625,10023.365443404951,8.500849659698881,0.9989411349690762,9155.281075582667,9574.508779478892,9993.736483375118,9276.484711261672,9701.242355630835,10126.0,1.5013786645482825,0.22571184051909085,9089.609239081792,9614.699853515625,10126.939064889113,4344353.0,71.69705944412202,0.10146918446249112,3252162.1450570677,215793.4889569059,29359005.021413058,10046.833333333334,15512463.260646729,1007.3383533765578,-4.586219925169092,4.57258580086071,-9.158805726029803,0.5257761926105055,1.9957645398763033,204.33279494466314,41751.891089897756,9557.15283203125,9557.15283203125,1.1376405594630945,0.5394799064998481,0.4789707973750562,41751.891089897756,9799.258956473213,33.419189453125,3.3457875645643966,229.54990885416663,-0.00600019835366461,0.053793899950447255,0.07145344081581739,0.4254447917647586,0.33263483785787473,,-0.006018271876553359,-0.15826724224475452,-0.15356975666179573,-0.06896097462828565,-0.15054291889565308
2026-06-23 00:00:00+05:30,10022.5,10075.0,9891.5,9920.5,260444,0.0,0.0,9632.31982421875,8993.805322265627,8267.785502929688,,9607.460324290425,9075.552562734048,8549.138784135754,,9705.34337797619,9361.999102328431,9965.132242911532,9807.14857636401,9943.100725745462,10070.824631382668,9893.942412489852,9908.780022719124,9634.91410407874,9892.588639054415,9968.273134916319,9659.000920252982,8871.110804353326,9217.284260131844,9949.306289661294,9971.5,9705.37060546875,9717.166649343415,65.88969761484516,262.1225443167423,5.9836959712697535,256.1388483454725,85.94104518720283,89.94564502178308,-4.004599834580247,76.00230803666547,80.39633819428066,-25.132489762634048,3.6614926017681633,3.6830655248381388,350.408203125,6013.759068292849,526.4839269491677,55.3657117174159,1.755842151022381,1.5012262766544278,0.4398055058238537,0.47760505872206,6.781386709761957,338.34640785933334,154.84640785933334,-2284.7150303332137,-2287.295240533801,358.5432942708333,0,1,0,358.5432942708333,0,0,0,1,0,209.44102563943267,183.5,9202.284598927778,9632.31982421875,10062.355049509722,8.929006368948123,0.8350657793047769,9193.206687431935,9607.460324290425,10021.713961148915,9276.484711261672,9701.242355630835,10126.0,1.5408512933179,0.21872283772871395,9130.807869555563,9632.31982421875,10136.505457298714,4083909.0,65.73145185852364,0.02009151046280837,3074038.3194439886,140654.6564354063,21369820.304068338,9962.333333333334,15247406.757778183,1007.3383533765578,-5.328347130670862,3.0643668762871528,-8.392714006958014,0.8612651580538166,1.3402631172191062,215.01761264548648,46232.57374776447,9558.1484375,9558.1484375,0.8713541101954646,-0.325593297620455,0.5721258720095183,46232.57374776447,9851.39048549107,17.619970703125,3.34919800932752,225.5355815972222,-0.01017710152157647,0.039208766081580526,0.03683065524838147,0.39504143716873896,0.3301622374701416,,-0.010229242282137015,-0.15826724224475452,-0.15356975666179573,-0.06896097462828565,-0.15054291889565308
2026-06-24 00:00:00+05:30,9900.0,9939.5,9675.0,9692.5,338045,0.0,0.0,9636.026708984375,9032.571171875,8295.757670898438,,9615.559341024671,9099.746579881734,8571.779600291482,,9711.07482328869,9389.398893612131,9946.494949203325,9825.897785923002,9902.371676605138,10074.002317767478,9938.449206701502,9930.321032501792,9636.46088277114,9908.271510483755,9978.729718473523,9662.719933251554,8915.4978199025,9245.045027544438,9942.254932676224,9806.5,9705.37060546875,9717.166649343415,56.69114347747147,237.70409185567405,-14.74780519183878,252.45189704751283,69.73094298660862,82.34483639499571,-12.613893408387085,47.2253176511776,68.88014477013857,-53.01671198103095,2.257456745103627,0.7707933322117536,213.9736328125,5997.964463309936,506.12303002182307,50.917180907096245,1.5337384445089102,1.755842151022381,0.4312799310162152,0.4656593800432596,6.189081457498525,209.15406387942858,-55.34593612057142,-2440.2100558716165,-2296.9329750830234,380.02278645833337,0,1,0,380.02278645833337,0,0,0,1,0,213.37380952233033,264.5,9205.220629146563,9636.026708984375,10066.832788822187,8.941570895318083,0.5655437488682683,9190.377479105086,9615.559341024671,10040.741202944257,9276.484711261672,9701.242355630835,10126.0,1.8562274740560893,0.235529547058126,9126.014162957348,9636.026708984375,10164.246133173265,3745864.0,58.03901741328186,-0.05544714691093766,2780725.1719959737,3802.345630842261,7306380.260630008,9769.0,14470487.650878329,1007.3383533765578,-3.7865621907197404,3.6849214529906202,-7.471483643710361,1.1380653041327145,0.26217499547307327,215.40303991890588,46398.46960630576,9558.1484375,9558.1484375,0.8106067437043026,-0.4194610804639261,0.630595564176627,46398.46960630576,9861.171051897321,3.706884765625,3.3493478106659134,209.22255859375,-0.022982712564890928,-0.018940302275418097,0.0077079333221174995,0.37802313620806083,0.29898479512509013,,-0.023250932689440878,-0.15826724224475452,-0.15356975666179573,-0.06896097462828565,-0.15054291889565308
2026-06-25 00:00:00+05:30,9700.0,9753.5,9516.5,9531.0,407574,0.0,0.0,9631.65859375,9065.867646484377,8321.224067382813,,9607.506070450894,9116.658478709902,8590.774063652047,,9701.072279575894,9408.945122166053,9899.637709236258,9830.581853976615,9824.608299815398,10057.20848833791,9929.191802751286,9939.31700696219,9633.823444706359,9874.44738225316,9973.377419464758,9653.541471711304,8943.99334003989,9263.127252249335,9862.75143896417,9611.75,9705.37060546875,9717.166649343415,51.23493896454962,202.98075625961974,-39.57691263031447,242.5576688899342,49.694254067979855,68.4554140805971,-18.76116001261724,20.8448319451115,48.02415254431819,-72.76803605239543,2.179078347758655,-0.9082866908114291,203.2587890625,5843.562465094439,432.3350864465501,45.512330031568816,0.9579972907721155,1.5337384445089102,0.4178741402744768,0.45430612355716143,5.216503266544252,51.632054753794364,-185.36794524620564,-2672.906353233418,-2393.9605211950834,299.5252278645833,0,1,0,299.5252278645833,1,0,0,0,0,215.06139455644959,237.0,9198.334139564573,9631.65859375,10064.983047935428,8.997919724160745,0.3838530888601469,9177.67486204746,9607.506070450894,10037.33727885433,9276.484711261672,9701.242355630835,10126.0,2.362999005132824,0.2433159938353889,9097.512531895261,9631.65859375,10194.994502111178,3338290.0,49.918927647588475,-0.11273869694161572,2423023.0960466065,-166342.65528499102,-3140702.7766028484,9600.333333333334,13791372.861092411,1007.3383533765578,-0.7722773524965574,5.359365032971043,-6.1316423854676,1.277417171011186,-0.4645876445594123,216.66222709271375,46942.52064877467,9538.6025390625,9538.6025390625,0.8571387961683015,-0.40533111155841883,0.6352030932578219,46942.52064877467,9839.899651227679,-4.368115234375,3.3483929563904185,198.66337890625,-0.016662367810162504,-0.03780727878451362,-0.009082866908114329,0.39931656790544556,0.2568870945153019,,-0.01680274660745836,-0.15826724224475452,-0.15356975666179573,-0.06896097462828565,-0.15054291889565308
2026-06-26 00:00:00+05:30,9531.0,9531.0,9531.0,9531.0,0,0.0,0.0,9636.571435546874,9093.610468750001,8346.7302734375,,9600.219778027,9132.907165819317,8609.392399025273,,9691.485746837798,9427.185606617646,9857.936996163568,9834.445029670891,9758.916388005307,10040.284539952492,9882.6268775788,9936.323318542862,9633.224163447887,9843.65496043143,9962.965904547022,9674.00395117481,8974.110984252033,9280.198966763606,9750.959360039424,9531.0,9705.37060546875,9717.166649343415,51.23493896454963,173.46269268710057,-55.275980962266914,228.73867364936748,33.8157386380594,51.08031189754929,-17.264573259489886,2.6192812647486816,23.563143620345926,-72.76803605239543,0.23260530989992395,1.041657068665301,22.1181640625,5753.677100975388,328.01638162397467,38.814364152281435,0.2767912495506212,0.9579972907721155,0.400945879638126,0.4432084703485501,4.90446508931289,-146.458238782463,-146.458238782463,-2884.2966977803703,-2565.874091053942,238.43554687499997,0,1,0,238.43554687499997,0,0,0,1,0,199.69986637384605,2.220446049250313e-16,9210.57663044777,9636.571435546874,10062.566240645978,8.841210962806072,0.3760883533282604,9211.324875185797,9600.219778027,9989.114680868202,9276.484711261672,9701.242355630835,10126.0,2.7110998243327145,0.2327016234038876,9136.401733743436,9636.571435546874,10154.012679014377,3338290.0,52.346157600405306,-0.060248603172580004,2423023.0960466065,-220825.36881556036,-2692030.9513738705,,13791372.861092411,1007.3383533765578,-9.321127303666078,-2.551587934558782,-6.769539369107296,0.0,-0.4956465866869588,212.9974025495519,45367.89349285586,9538.6025390625,9538.6025390625,0.8667080571360596,-0.3385191126137354,0.5522452667829412,45367.89349285586,9801.314369419642,4.912841796875,3.343939549866942,185.566115451389,0.0,-0.05474561142517109,0.010416570686653026,0.38284805452191484,0.24804152404445112,,0.0,-0.15826724224475452,-0.15356975666179573,-0.06896097462828565,-0.15054291889565308
2026-06-29 00:00:00+05:30,9664.0,9972.0,9420.5,9779.0,1261915,0.0,0.0,9653.7349609375,9125.994804687502,8374.487568359376,,9617.246465833952,9158.244139708757,8632.55294557923,,9705.05037202381,9454.06362745098,9865.824285497138,9856.614081852083,9767.965231878034,10051.337764991189,9842.829614321225,9930.4034993195,9638.06251512667,9859.668290092723,9964.022120606453,9702.757659525701,9044.826330677462,9309.095828134035,9678.832002693896,9655.0,9705.37060546875,9717.166649343415,58.37045811601857,168.14269766376492,-48.476780788482074,216.619478452247,37.34203282211105,40.28400850938343,-2.9419756872723823,10.643978917201698,11.369364042353961,-42.437829428875986,2.81916236084235,3.6379858928418587,268.126953125,5878.451139009037,236.65103261970035,45.01273017414205,-0.12460469243730121,0.2767912495506212,0.38476588803972867,0.43243548124973774,4.908299081755118,280.0357953293169,-271.4642046706831,-3075.3227272391628,-2771.6564808563926,220.86197916666669,0,1,0,220.86197916666669,1,0,0,0,0,224.82844734714277,551.5,9234.19971580938,9653.7349609375,10073.27020606562,8.691666941877125,0.6492902449998526,9160.34155373953,9617.246465833952,10074.151377928374,9276.484711261672,9701.242355630835,10126.0,2.8143658786448715,0.24924860208918787,9108.164005579256,9653.7349609375,10209.90495928033,4600205.0,62.13287544316873,0.012063012472571123,2801712.0035715383,-102546.79297326365,42400390.613108106,9723.833333333334,17074920.442668322,1007.3383533765578,14.596585153366707,17.092899617979203,-2.496314464612495,3.0837585190901664,0.5971609799994109,209.7676225640596,44002.45547617777,9558.1484375,9558.1484375,0.7036153157449674,-0.5218155256029816,0.5331353299789213,44002.45547617777,9807.681194196428,17.163525390625,3.343894307723045,181.69512586805553,0.026020354632252607,-0.02429533549513596,0.03637985892841855,0.42852571713233667,0.2599896595672344,,0.02568758537464924,-0.15826724224475452,-0.15356975666179573,-0.06896097462828565,-0.15054291889565308
2026-06-30 00:00:00+05:30,9710.0,10008.0,9597.0,9961.0,452560,0.0,0.0,9677.460546875,9166.85619140625,8399.401987304691,,9649.98489765929,9189.724761680962,8658.858827844986,,9734.313709077382,9486.80892922794,9904.509125196524,9890.953735046865,9821.350064760521,10080.788107668875,9832.5546119538,9927.568532916323,9654.99297816123,9877.069115143415,9977.340378438063,9728.908804915807,9092.876132972118,9344.615910822793,9686.07828186913,9870.0,9705.37060546875,9717.166649343415,62.68562295230137,176.57697281455512,-32.03400451015352,208.61097732470864,54.87158772548922,42.00978639521989,12.86180133026933,27.724843864229094,13.66270134872649,-20.17937134226092,4.345128964655253,5.001974436503234,414.794921875,6020.450872519263,174.73325610393113,49.356947245126726,-0.22664795058716167,-0.12460469243730121,0.3714841911777178,0.4218055994267574,5.697582453826662,277.6021102822706,-133.3978897177294,-3114.032466067386,-2951.029611556645,237.7333984375,0,1,0,237.7333984375,1,0,0,0,0,238.12641539377543,411.0,9244.301055682203,9677.460546875,10110.620038067796,8.951924714023674,0.8272922086322224,9158.309024811955,9649.98489765929,10141.660770506624,9308.33329868683,9717.166649343415,10126.0,2.782182594750269,0.25596890318303944,9107.049229592652,9677.460546875,10253.067625299343,5052765.0,70.19572600380468,0.03362584674797052,3150766.7967588864,66225.22161031095,48109751.95409267,9855.333333333334,17917193.885760665,1009.1994843715471,13.952745248333567,13.15924777035685,0.7934974779767177,1.0762489669974256,1.3091688345288897,216.57974559639845,46906.78620260067,9611.64453125,9611.64453125,0.466514711060833,-0.9684931498210806,0.55883970557419,46906.78620260067,9848.020033482142,23.7255859375,3.3459444752579444,184.65009114583336,0.018611309949892574,0.00408245552139519,0.050019744365032315,0.42021613465402385,0.2893922993171447,,0.0184402388328905,-0.15826724224475452,-0.15356975666179573,-0.06896097462828565,-0.15054291889565308
2026-07-01 00:00:00+05:30,9979.5,9979.5,9671.0,9713.5,344920,0.0,0.0,9686.820556640623,9201.12537109375,8420.597309570314,,9656.033955025072,9210.264967105239,8679.742811452015,,9737.74603794643,9508.245941329656,9891.790736603993,9903.729472217372,9799.571516532944,10078.659380335876,9815.263091475581,9921.587669210863,9656.048671434699,9843.20538989166,9970.724586942943,9732.99575276613,9131.326223605678,9367.184516647005,9724.354899879003,9837.25,9795.94091796875,9732.344686340883,54.423845665847104,161.429160208314,-37.745453693115735,199.17461390142972,61.66308253348178,51.29223436036068,10.370848173121097,32.48170247213373,23.616841751188176,-52.393551628417754,-1.6814715104696831,1.965088220511247,-166.123046875,5909.353988803248,155.2188271674695,46.66009339552049,-0.1847635586570398,-0.22664795058716167,0.35707042748902573,0.41081387671283565,5.600486624457763,251.51609452766024,-56.98390547233976,-3032.3667983079167,-3049.2289804502307,226.95410156249997,0,1,0,226.95410156249997,1,0,0,0,0,243.15310000850576,308.5,9259.36147533735,9686.820556640623,10114.279637943897,8.825580670228002,0.531207014339284,9152.42245102034,9656.033955025072,10159.645459029804,9308.33329868683,9717.166649343415,10126.0,2.7922791541394494,0.27388433402009726,9104.336950572062,9686.820556640623,10287.544831504361,4707845.0,67.97787140100732,-0.007673536233320047,2900881.4807135058,49738.879597305786,29041544.532079432,9788.0,17060174.510195963,1006.7147940794077,11.250454069531726,8.365565273244005,2.8848887962877194,0.871437897796292,0.12482805735713579,213.72954065163694,45680.31654715973,9662.40380859375,9662.40380859375,0.3603199490895642,-0.940384025954191,0.5281337376962136,45680.31654715973,9839.597000558035,9.360009765625,3.337804137463461,177.01287326388896,-0.024846902921393466,0.00216662367810172,0.019650882205112463,0.3504343221777204,0.2519515991086101,,-0.025160797666330333,-0.15826724224475452,-0.15356975666179573,-0.06896097462828565,-0.15054291889565308
2026-07-02 00:00:00+05:30,9749.0,9754.0,9570.0,9635.0,305059,0.0,0.0,9684.990039062499,9235.307509765627,8441.938212890625,,9654.030721213161,9226.921242905033,8698.658795383659,,9732.810746837798,9525.260632659314,9865.522026335693,9909.194150055708,9760.131110429917,10066.511350010514,9783.310282738094,9912.117808492538,9655.410200949545,9780.709638473407,9965.490557491748,9730.947723830946,9170.606235045152,9384.274320193495,9749.476817929817,9674.25,9796.9365234375,9773.25,52.07934589224538,141.45945904720247,-46.17212388338183,187.6315829305843,52.61034861525452,56.381672958075164,-3.771324342820641,23.097316493461605,27.767954276608144,-69.59603118355776,-2.730806117813336,-0.378534186466532,-270.5,5748.707663762483,145.27708439120943,46.628158272436266,-0.3097762248255859,-0.1847635586570398,0.34088940445917704,0.39876202740383415,4.241469728358582,39.29950959513735,-144.70049040486265,-2967.855562957909,-3055.9961364912797,201.36344401041666,0,1,0,201.36344401041666,1,0,0,0,0,238.92787857932677,184.0,9256.943554066944,9684.990039062499,10113.036524058054,8.83937894141582,0.44160676373382907,9163.334598542215,9654.030721213161,10144.726843884107,9308.33329868683,9717.166649343415,10126.0,3.0007846608516084,0.2703478531627848,9114.021773517808,9684.990039062499,10283.01535794694,4402786.0,63.24599883110815,-0.040856556461489085,2811353.295930897,9986.510015946347,21471733.6703538,9653.0,16813639.980932567,1005.9066404787488,8.195657714480651,4.2486151345543455,3.947042579926306,0.7629511545595147,-0.23357294506468435,214.02324249777712,45805.948329262304,9644.0986328125,9644.0986328125,0.3865398607994428,-0.9386403909975889,0.5295185334220424,45805.948329262304,9828.452162388392,-1.830517578125,3.3286280888671445,164.29225260416655,-0.008081536006588785,0.010911761619976978,-0.0037853418646652814,0.27369464965728807,0.2258726644252107,,-0.008114368630368626,-0.15826724224475452,-0.15356975666179573,-0.06896097462828565,-0.15054291889565308
2026-07-03 00:00:00+05:30,9688.0,9698.5,9531.0,9548.5,229401,0.0,0.0,9679.755175781249,9266.3762109375,8461.548227539062,,9643.980176335717,9239.532174555818,8715.487334088932,,9719.811695498513,9537.542691099878,9826.236102271749,9907.165666737612,9704.43135909302,10044.248244469189,9729.917421240867,9898.44746936064,9646.086441064093,9713.451577666416,9953.560359465111,9727.718006982483,9214.880150601264,9395.218297934603,9725.38932029045,9591.75,9807.0,9773.25,49.546520432836786,117.30132327656429,-56.26420772321603,173.56553099978032,32.05119268894462,48.774874612560296,-16.72368192361568,6.0164515464342125,20.53182350400985,-81.85683912119063,-5.301001686006149,-1.0845864094979865,-534.5,5784.177024327848,144.3573856886178,47.46220276935674,-0.5216773002752714,-0.3097762248255859,0.32247339352347026,0.3851765290490879,2.6925425539145382,7.542436795833055,-159.95756320416695,-2989.6924311808507,-3017.361603296648,152.69156901041666,0,1,0,152.69156901041666,1,0,0,0,0,233.825887252232,167.5,9247.531137212323,9679.755175781249,10111.979214350175,8.930474598166498,0.34816303112637037,9168.112255823908,9643.980176335717,10119.848096847527,9308.33329868683,9717.166649343415,10126.0,3.288556587548699,0.2721197225681277,9110.90407928432,9679.755175781249,10277.731630719958,4173385.0,59.31002977595512,-0.04835032232285971,2629886.83324433,-64923.01657814905,15569602.217446115,9592.666666666666,16607690.977299977,1005.0088719265952,4.057756973632875,0.08857151496525528,3.96918545866762,0.6105213068079749,-0.6073478754945192,216.11201928446258,46704.40487920792,9602.5458984375,9602.5458984375,0.4416534098214135,-0.9782442339228618,0.5027100243070719,46704.40487920792,9799.924734933034,-5.23486328125,3.3162705499893135,155.52569010416676,-0.008977685521536105,0.0018361137341307288,-0.010845864094979896,0.26118125976060846,0.2378305824162643,,-0.009018227772998074,-0.15826724224475452,-0.15356975666179573,-0.06896097462828565,-0.15054291889565308
2026-07-06 00:00:00+05:30,9600.0,9612.0,9495.0,9584.0,189331,0.0,0.0,9686.447119140625,9297.507988281252,8479.87601074219,,9638.267778589458,9253.0407167301,8732.685604701031,,9710.692154947918,9549.998525965073,9797.997637427823,9907.471298758486,9667.412618606324,10026.492940157117,9673.091967118167,9882.446225878422,9641.975519491289,9669.075236936282,9942.89178531942,9731.851929196906,9237.678211468126,9407.671245030622,9673.050149079214,9566.25,9807.0,9773.25,50.608195370359766,99.86915054143174,-58.95710436667889,158.82625490811063,23.90739428301441,36.189645195737846,-12.282250912723438,2.7320281897904293,10.615265409895414,-76.82494684620836,-4.37515589922674,1.4162601600811824,-438.5,5685.345622406761,103.89098383044438,51.82298160504764,-0.830109181752398,-0.5216773002752714,0.3031257224554995,0.3699898864526041,1.159544415163854,-63.67791131785816,-180.67791131785816,-3086.789082896273,-3005.708644913618,90.36263020833333,0,1,0,90.36263020833333,1,0,0,0,0,225.48118101992972,117.0,9265.184935569543,9686.447119140625,10107.709302711706,8.697971059763669,0.3784045623652114,9185.434898126392,9638.267778589458,10091.100659052523,9308.33329868683,9717.166649343415,10126.0,3.5275958368868445,0.2611248553796319,9130.78257918373,9686.447119140625,10260.549758268275,4362716.0,60.95212493453743,-0.018293869512963225,2728597.867432364,-58257.67416334618,14305551.972096672,9563.666666666666,16678081.619809272,1005.3806580710159,-0.3209948989411889,-3.432144286087047,3.111149387145858,0.4996530974871274,-0.48638175053915395,210.631091785541,44365.456826769,9609.5,9609.5,0.4413395070303351,-0.8775926233020827,0.4072552991693184,44365.456826769,9759.182226562501,6.691943359375,3.3077184578106884,149.70656032986105,0.0037178614442059388,-0.019940689232027853,0.014162601600811842,0.24604996520169276,0.25302207774316465,,0.0037109672797618976,-0.15826724224475452,-0.15356975666179573,-0.06896097462828565,-0.15054291889565308
2026-07-07 00:00:00+05:30,9589.5,9595.5,9355.0,9401.0,178259,0.0,0.0,9677.992529296875,9321.227558593751,8496.826645507814,,9615.670847295225,9258.843041564214,8745.919553122794,,9683.506715029764,9554.057036228554,9739.74349602563,9893.184461883087,9589.333860327548,9988.237236486359,9607.668071902055,9858.784265242453,9623.059042297044,9615.782357228065,9916.727409240719,9728.686088056622,9259.908374397464,9407.193373480797,9600.86519955421,9492.5,9742.0,9740.5,45.31465161012773,70.47506477411662,-70.68095210719522,141.15601688131184,15.761497198069764,23.90669472334293,-8.145197525273167,1.4724352512608734,3.4069716624951716,-94.03372243839169,-5.236631218184567,-1.766877481052114,-519.5,5659.14783997208,26.93796695778292,47.36873763247837,-1.2348006674339875,-0.830109181752398,0.28107844278750793,0.35330083220497,-1.2988517858834334,-40.93820970102206,-281.43820970102206,-3172.6051175881785,-3048.9039514500555,-98.51383463541667,0,1,0,-98.51383463541667,1,0,0,0,0,226.55395380422044,240.5,9240.426155450217,9677.992529296875,10115.558903143532,9.04250282322645,0.18348512836826775,9160.155384019117,9615.670847295225,10071.186310571333,9308.33329868683,9717.166649343415,10126.0,3.9638081889919743,0.26632103998648216,9132.76604265,9677.992529296875,10254.357296191354,4184457.0,54.02249057257931,-0.04859501943352052,2618529.420446917,-85256.56956508243,7601702.118940007,9450.5,16337708.111879388,1003.4712256837037,-4.2715847663945885,-5.906187322832357,1.6346025564377689,0.4808630225968583,-1.2660594865269292,218.78318692332863,47866.082880328155,9609.5,9609.5,0.40161806650748044,-0.9847340700366907,0.30194171861092217,47866.082880328155,9694.535086495534,-8.45458984375,3.2991819375635183,153.85147135416676,-0.01909432387312182,-0.056219255094870024,-0.017668774810521093,0.2514051884451025,0.2381185111027313,,-0.01927897477667966,-0.15826724224475452,-0.15356975666179573,-0.06896097462828565,-0.15054291889565308
2026-07-08 00:00:00+05:30,9348.0,9412.0,9181.0,9234.0,273126,0.0,0.0,9665.766210937501,9343.70716796875,8511.395654296875,,9579.321242790917,9257.868804640128,8755.584512466896,,9641.221712239585,9550.63634765625,9658.689711376433,9866.398059274334,9482.158163708984,9932.92335019613,9526.126972783075,9823.578349622,9596.105093922291,9551.13641844444,9872.792595091572,9723.070607617867,9276.299561945325,9393.867857306786,9512.614931791572,9317.5,9658.5,9653.5,41.09069711819784,33.320438434777316,-86.26846275722764,119.58890119200495,11.583265441288514,17.08405230745756,-5.500786866169047,1.4724352512608734,1.8922995641040585,-94.39153439153439,-4.730461697188548,-2.579793078742647,-458.5,5716.068515411387,-81.67669766594008,42.02018910484759,-1.668424472789495,-1.2348006674339875,0.2554002793836885,0.3352481809948824,-3.87314158952815,-166.94703688659138,-397.9470368865914,-3263.8313916794814,-3128.718703971539,-305.2835286458333,0,1,0,-305.2835286458333,0,0,0,1,0,226.87152853249043,231.0,9192.522414023495,9665.766210937501,10139.010007851508,9.792163116432455,0.04382264093790322,9123.188204588725,9579.321242790917,10035.454280993108,9181.0,9653.5,10126.0,4.558063177315685,0.2715136677760217,9117.598411080267,9665.766210937501,10245.682867445146,3911331.0,48.58852804132464,-0.038463531540763256,2470733.9659014624,-135576.8014425207,-261.32662285026163,9275.666666666666,15852525.237717064,1003.4712256837037,-5.096475842581171,-5.3848627192151515,0.288386876633981,0.7499042459869115,-1.824709436248386,236.62189845700337,55989.92282939642,9609.5,9609.5,0.13855025172453037,-0.799858199524213,0.1403319392789953,55989.92282939642,9592.13271484375,-12.226318359375,3.2929832701642474,164.10113281250014,-0.01776406765237737,-0.04936428681731608,-0.025797930787426426,0.19083735852328654,0.22803620775954037,,-0.017923742511616613,-0.15826724224475452,-0.15356975666179573,-0.06896097462828565,-0.15054291889565308
2026-07-09 00:00:00+05:30,9280.0,9329.0,9001.0,9074.0,487544,0.0,0.0,9653.079150390626,9363.743193359376,8524.822490234375,,9531.195410144162,9250.658263281692,8761.889769645768,,9584.863025483632,9540.0595959712,9559.4625569459,9828.395850546647,9353.509008394789,9862.728155528504,9421.930444906655,9775.069287325055,9560.053473632604,9462.171045259254,9818.753777024256,9688.004763053032,9298.45832769867,9367.624145944532,9400.146667442268,9154.0,9548.25,9563.5,37.48547672938784,-8.932564405840822,-102.81717247827663,93.88460807243581,6.0212106863209325,11.121991108559737,-5.100780422238804,0.0,0.9816235008405823,-93.5111111111111,-4.794879865701396,-2.720285706897279,-457.0,5777.404280557697,-179.70778983723903,30.864816037672938,-2.1052431509924716,-1.668424472789495,0.22566866967812516,0.31577293544377116,-6.660099599043658,-177.8117459027926,-505.8117459027926,-3445.103755532893,-3234.1276428274136,-480.1380208333333,0,1,0,-480.1380208333333,0,0,0,1,0,234.09499078016967,328.0,9130.632345959892,9653.079150390626,10175.52595482136,10.824459144926674,-0.05419915049686165,9056.027423199323,9531.195410144162,10006.363397089002,9001.0,9563.5,10126.0,5.212792662180964,0.2725981945519502,9087.030328700617,9653.079150390626,10254.193440664978,3423787.0,38.859980423691404,-0.05495721245720209,2200206.5024868282,-229914.10725680925,-11144086.851391014,9134.666666666666,15007744.644258108,1003.4712256837037,-0.4052733986360744,-0.5549282202160444,0.14965482157996993,1.3098574332066582,-2.216796601987448,261.2234022153669,68237.66586497135,9609.5,9609.5,-0.28814413054609933,-0.0835839523781807,-0.08030791265562705,68237.66586497135,9448.430775669643,-12.687060546875,3.28796057020459,178.61746093750008,-0.017327268789257055,-0.05822522055007784,-0.02720285706897274,0.15354648676601856,0.2449039868770131,,-0.01747914284302498,-0.15826724224475452,-0.15356975666179573,-0.06896097462828565,-0.15054291889565308
2026-07-10 00:00:00+05:30,9149.0,9232.0,9085.0,9210.5,396730,0.0,0.0,9638.16005859375,9386.509218749998,8541.410805664062,,9500.652990130431,9249.083429427508,8770.773140543872,,9542.712630208334,9534.050058976716,9498.594409605295,9802.651565057466,9284.817921906166,9812.41587513582,9321.721026320683,9721.697000576973,9547.28699336214,9384.059517139325,9785.502211932619,9665.568954015636,9296.574421511039,9355.615338082405,9299.469606370434,9142.25,9517.5,9538.0,42.148824946795415,-31.046084415946098,-99.94455399070553,68.89846957475943,10.534624062743243,9.379700063450896,1.1549239992923468,5.472600047968179,2.315011766409684,-80.49348230912476,-3.362711153079425,-3.1379276878781606,-320.5,6043.602352730298,-266.33137734846423,36.845381425893216,-2.5367116505942953,-2.1052431509924716,0.1954381961998708,0.2947365252393425,-8.266826246470352,-232.48149648810795,-379.48149648810795,-3663.397565614402,-3375.645496271221,-575.2705078125,0,1,0,-575.2705078125,0,0,0,1,0,228.65963429587183,158.0,9082.39647684365,9638.16005859375,10193.92364034385,11.532565933153592,0.11525001580073957,9040.6438590851,9500.652990130431,9960.662121175763,9001.0,9563.5,10126.0,5.58589948427237,0.2686830128416112,9078.777145896507,9638.16005859375,10234.668115450988,3820517.0,41.417624887960955,-0.031426280485766366,2480886.2303779847,-158298.17282848572,-1815839.4440494403,9175.833333333334,15604544.787524583,1004.975523677973,0.98932609277731,0.671737016957872,0.31758907581943796,0.9632069184443697,-1.5389999367970395,277.88179087505017,77218.28969992511,9609.5,9609.5,-0.2883167625059893,-0.4812751483762561,-0.18000960972729615,77218.28969992511,9351.8177734375,-14.919091796875,3.2863833175596735,184.5439453125,0.015042979942693435,-0.03539823008849563,-0.031379276878781615,0.13097490122535893,0.263631052582183,,0.01493095636836268,-0.15826724224475452,-0.15356975666179573,-0.06896097462828565,-0.15054291889565308
2026-07-13 00:00:00+05:30,9190.0,9427.0,9153.0,9306.5,378532,0.0,0.0,9627.941406250002,9406.537343749998,8558.476411132811,,9482.16222916563,9251.335059646037,8781.381593206368,,9511.12595796131,9530.912442555147,9463.56996781759,9785.357971931837,9255.194101059558,9775.960623892144,9243.364687795925,9668.768612735208,9529.496982872892,9314.339563126056,9756.380878253887,9651.199783035216,9320.136491258701,9352.032451964753,9241.457377419569,9258.5,9517.5,9504.5,45.24256138357817,-40.35957064134527,-87.40643217288377,47.04686153153849,18.77768104131826,11.777838596794144,6.999842444524116,15.733234497696236,7.0686115152214715,-69.66236345580934,-4.831782390837509,-2.1488358205154587,-472.5,6347.920231582073,-313.7719170017608,39.79680953277569,-2.3791030192998908,-2.5367116505942953,0.1667693556246297,0.2719904324001105,-9.079061122259256,-14.91271127552136,-288.91271127552136,-3763.8319316941647,-3540.777660944706,-557.4999999999999,0,1,0,-557.4999999999999,0,0,0,1,0,231.8982318461667,274.0,9055.071346895444,9627.941406250002,10200.81146560456,11.900156745504873,0.21944649488911697,9013.77301536271,9482.16222916563,9950.551442968548,9001.0,9563.5,10126.0,5.83956707638529,0.27198736057803935,9048.614253861706,9627.941406250002,10237.921686904847,4199049.0,47.675904167226825,-0.0035431187162174747,2526475.850815941,-100104.21380223194,3634862.190814765,9295.5,15999084.41078065,1006.0178123702264,1.6322165366470114,1.0517019686620588,0.5805145679849526,1.1699472903715142,-1.1222140204435334,286.4350296772788,82045.02622622359,9609.5,9609.5,-0.22993253049891718,-0.7544735513985463,-0.2785666054849758,82045.02622622359,9277.495061383928,-10.21865234375,3.2833740768378417,187.9900651041667,0.010422886922534014,-0.028954507512520822,-0.0214883582051546,0.1405327529334155,0.3130180333971804,,0.010368943146115896,-0.15826724224475452,-0.15356975666179573,-0.06896097462828565,-0.15054291889565308
2026-07-14 00:00:00+05:30,9304.5,9564.0,9228.0,9532.5,464552,0.0,0.0,9627.25615234375,9431.234765624999,8576.747021484376,,9486.956302578426,9262.361135738349,8796.255225024064,,9502.036300223215,9535.852154564951,9474.472227779874,9786.035653983987,9291.468136162619,9767.064254730794,9214.220682114108,9624.013351528412,9529.679705292237,9317.878652352145,9749.717849020893,9648.586724870438,9351.0653254393,9363.974198444415,9260.99792265258,9419.5,9517.5,9504.5,51.780167013979394,-29.1680334032244,-60.97191594781032,31.803882544585914,34.208230160447314,21.17351175483627,13.034718405611045,34.64144526513209,18.615759936932168,-47.219463753723936,-4.301776930027105,-0.143565720753318,-428.5,6556.52822600439,-324.1210360771529,49.6322145589384,-1.8188629437373502,-2.3791030192998908,0.14271751962611212,0.24817344263756455,-8.84947109828913,109.14624747812377,-226.85375252187623,-3620.311738947874,-3653.3124148496495,-503.66666666666663,0,1,0,-503.66666666666663,0,0,0,1,0,239.33407242858337,336.0,9053.941810067829,9627.25615234375,10200.570494619673,11.910233470548077,0.41736108330415106,8999.175585328167,9486.956302578426,9974.737019828686,9001.0,9563.5,10126.0,5.860971930171766,0.2859056412280371,9024.80999904402,9627.25615234375,10249.348829800962,4663601.0,55.23445606185636,0.03855863936914064,2903924.350815941,52900.038872348145,18113989.306412656,9441.5,17127207.249656703,1006.0178123702264,4.003237044163435,2.738177980942786,1.265059063220649,1.4305114098613867,-0.3305556667833959,286.65717113796103,82172.33376481828,9609.5,9609.5,-0.2222327247394684,-0.7653573796388617,-0.4029879216904352,82172.33376481828,9251.596595982142,-0.68525390625,3.283048308742164,186.7630859375,0.02428410250899904,0.013987873630464831,-0.0014356572075331364,0.2039130429956435,0.2911471919147748,,0.023993931993330952,-0.15826724224475452,-0.15356975666179573,-0.06896097462828565,-0.15054291889565308
2026-07-15 00:00:00+05:30,9514.0,9632.5,9292.0,9324.5,414572,0.0,0.0,9599.5,9450.209589843751,8592.061787109376,8020.247646484376,9471.484273761433,9264.797953944688,8806.715517597846,8020.247646484375,9473.202380952382,9531.666477481618,9446.19065620451,9770.277473280901,9269.025939388468,9734.568580928584,9204.417157484442,9581.310867920185,9518.385024802012,9288.937828318607,9732.915532944093,9611.323831276886,9409.880365755836,9361.106563231011,9306.151308194614,9428.5,9517.5,9504.5,46.30110146872889,-36.65992834881945,-54.771048714724294,18.111120365904846,38.41443230718305,30.466781169649536,7.947651137533512,40.829656840187134,30.401445534338485,-67.87487586891758,-4.004735677150358,-5.618868698139143,-389.0,6544.644825986023,-286.37949770399246,44.10117191208139,-1.1800281241672206,-1.8188629437373502,0.11995977618071141,0.22362570616217947,-9.162722126071756,196.26821212410505,-144.23178787589495,-3334.4707436768595,-3627.6926084292227,-465.75,0,1,0,-465.75,0,0,0,1,0,246.56021011225602,340.5,9023.88344268728,9599.5,10175.11655731272,11.99263622715183,0.2611257038158838,8965.301720058816,9471.484273761433,9977.666827464049,9001.0,9563.5,10126.0,5.926780348902142,0.26523424446619087,9016.043434495023,9599.5,10229.28974823529,4249029.0,55.24427430013286,-0.0623466008453869,2568492.380184517,3955.238959008828,3207565.691210849,9416.333333333334,16222607.448974825,1003.835803453363,4.666030485920391,2.720777138159794,1.9452533477605976,1.2498002777119575,-0.9554971847364658,287.80827865635973,82833.60526313681,9566.25,9566.25,-0.0045615166084383004,-0.8426097595512018,-0.28257254543211396,82833.60526313681,9220.607142857143,-27.75615234375,3.283763924304854,192.14441406250006,-0.02182008916863365,0.00980073640892365,-0.056188686981391456,0.1655565242463357,0.32429755436054597,,-0.02206166796021782,-0.15826724224475452,-0.15356975666179573,-0.06896097462828565,-0.15054291889565308
2026-07-16 00:00:00+05:30,9301.5,9415.0,9071.5,9215.0,806800,0.0,0.0,9564.975,9455.29990234375,8606.799096679688,8029.460053710939,9447.057200069868,9262.84509300568,8814.800358833532,8032.135729603933,9436.583333333334,9522.442571997548,9402.07181274981,9746.62560793633,9223.963562987698,9691.469001247387,9194.338823812903,9538.458710385145,9500.30271663512,9250.134225621598,9701.08034200756,9560.45884629579,9449.738380783238,9349.99259661817,9332.376291674806,9269.75,9517.5,9504.5,43.68069845248184,-50.846912384839015,-55.16642620059509,4.319513815756073,35.3856338960609,36.00276545456375,-0.6171315585028481,38.76371256975776,38.07827155835899,-78.74875868917577,-4.359107420861442,-6.970874766543839,-420.0,6386.464195007125,-261.9654265531699,45.59851756746651,-0.9731098513671936,-1.1800281241672206,0.09733910117044609,0.19861078478962124,-9.193524573492374,10.372753249232119,-333.1272467507679,-3163.6238730971972,-3472.836795006804,-458.66666666666663,0,1,0,-458.66666666666663,0,0,0,1,0,253.48448081852345,343.5,8983.832162680004,9564.975,10146.117837319996,12.151476346148234,0.19889072227582769,8923.653937196073,9447.057200069868,9970.460462943664,9001.0,9563.5,10126.0,6.082125860060722,0.26620384490990917,8953.78464102892,9564.975,10225.78464102892,3442229.0,48.22500012127446,-0.07064981911087743,2435787.2855702518,-58651.54919726029,-9871315.12181927,9233.833333333334,15275161.473319294,1003.835803453363,12.70347525997901,8.606577529774729,4.09689773020428,2.1126795600871153,-1.204437110896689,290.57141865999813,84431.74934208392,9540.5,9540.5,0.18979130171055217,-0.8162133520214415,0.011729618917562665,84431.74934208392,9179.800000000001,-34.525,3.2841089305917186,198.48000000000016,-0.011743257011099795,0.015538902358386508,-0.06970874766543844,0.16264500704123885,0.3274155835468813,,-0.011812753667577364,-0.15826724224475452,-0.15356975666179573,-0.06896097462828565,-0.15054291889565308
2026-07-17 00:00:00+05:30,9169.5,9170.0,8826.0,8862.0,727314,0.0,0.0,9503.925000000001,9451.737773437499,8617.100703125003,8037.330454101564,9391.337466729881,9247.125677593694,8815.735005193264,8040.393085528272,9369.633333333335,9499.175909160538,9300.22330994222,9696.831439876332,9097.34219730581,9611.099349532984,9145.41483318114,9485.726342089569,9438.413815348305,9144.407156514779,9642.729228718048,9467.103080594403,9439.302733337203,9306.800599762022,9276.152115621953,9038.5,9411.5,9417.0,36.50762030105015,-89.54216298417487,-75.08934143994475,-14.452821544230115,18.807350240364823,30.869138814536257,-12.061788574171434,19.855501802321896,33.14962373742226,-96.95431472081218,-7.1896109336545,-12.109491222850343,-686.5,6229.780267695989,-280.88366457626034,41.02646178436448,-1.1412367205689717,-0.9731098513671936,0.07104337340515521,0.17282385711736076,-10.719374207780243,-157.10906864351637,-501.10906864351637,-3193.480310434033,-3301.663547155003,-459.5,0,1,0,-459.5,0,0,0,1,0,263.1641607600575,389.0,8895.997522071124,9503.925000000001,10111.852477928878,12.793187613094107,-0.027961823823911294,8843.686895558352,9391.337466729881,9938.98803790141,8826.0,9476.0,10126.0,6.711020871774607,0.28165522772817647,8898.273578732362,9503.925000000001,10184.023578732362,2714915.0,30.27047393398649,-0.1829632867415957,1860701.7971981587,-261913.20436164923,-45138533.24727366,8952.666666666666,12489031.88026449,1000.0050926557504,16.507034138982128,9.928109127022278,6.57892501195985,1.6848608678731272,-2.111847295295644,303.96373896443873,92393.95460524145,9531.75,9531.75,-0.16806952818640233,-0.3094905027769245,0.48756538743944516,92393.95460524145,9101.050000000001,-61.05,3.2792048820070594,214.4003298611111,-0.03830710797612591,-0.037837250963574154,-0.12109491222850344,0.10843377320225556,0.27218869751506714,,-0.03906011834448889,-0.15826724224475452,-0.15356975666179573,-0.06896097462828565,-0.15054291889565308
2026-07-20 00:00:00+05:30,8847.0,8937.5,8791.0,8885.0,262460,0.0,0.0,9447.050000000001,9448.98400390625,8626.587270507815,8045.537302246095,9343.114850850845,9232.924670629236,8817.106589248844,8048.797134428489,9310.688095238096,9476.950898437499,9217.048247009547,9651.350808091802,9001.865502528077,9538.927787640674,9074.18331168831,9425.676992665156,9382.53231704208,9070.558855894324,9587.084746096752,9437.72618642698,9437.131638892546,9270.530306645713,9165.617798137111,8873.5,9287.75,9385.25,37.2308891807217,-117.00377341973217,-82.04076150040164,-34.963011919330526,10.73535191480278,21.642778683742836,-10.907426768940056,9.540339844048317,22.719851405375987,-92.0908708456037,-7.293405676126878,-11.349463706660014,-699.0,6237.519119505607,-350.4695520100686,42.59977067084946,-1.4682135338396147,-1.1412367205689717,0.04313968338944818,0.14638621718424302,-12.050974770825203,-326.45063026587195,-472.95063026587195,-3428.7857433601303,-3246.244142349908,-504.16666666666663,0,1,0,-504.16666666666663,0,0,0,1,0,254.8310064200534,146.5,8830.619195414427,9447.050000000001,10063.480804585575,13.050228475250455,0.04410941518580761,8819.716715028984,9343.114850850845,9866.512986672706,8791.0,9433.0,10075.0,7.080230572527313,0.2834841958645928,8837.005386048888,9447.050000000001,10125.88038604889,2977375.0,22.752406132691064,-0.16103305882081265,1935050.5343995239,-297598.9919683144,-37827802.783377424,8871.166666666666,12557149.460946053,1000.2646277494088,11.317390098073039,3.7907720688905506,7.5266180291824885,0.5978738870162776,-1.823562339256772,308.2154022927867,94996.73421050434,9531.0,9531.0,-0.29083095786666313,-0.4355704933140426,0.6832042927579599,94996.73421050434,9037.964285714286,-56.875,3.2746505266186365,233.12350477430567,0.0025953509365832517,-0.045290925697093476,-0.11349463706660012,0.10683255821818527,0.3280508528757571,,0.0025919888293169935,-0.15826724224475452,-0.15356975666179573,-0.06896097462828565,-0.15054291889565308
2026-07-21 00:00:00+05:30,8913.5,8952.0,8831.0,8903.5,240641,0.0,0.0,9396.199999999999,9447.47607421875,8634.800751953126,8053.796840820314,9301.246769817431,9220.006056094757,8818.817349857778,8057.301640553578,9258.92142857143,9455.55936887255,9149.305864454596,9609.611323221741,8931.206632356638,9473.906408544315,9002.194545454542,9359.929887267108,9349.003180009277,9023.172298190102,9521.998165980214,9406.56037857252,9446.506258071498,9239.716230545913,9046.429430048953,8894.25,9248.5,9272.5,37.84421088594065,-135.7101203601851,-80.59768675268366,-55.112433607501444,7.5456858080794404,12.362795987749013,-4.817110179669573,4.206798176224931,11.200879940865047,-88.3177570093458,-5.291990213807042,-10.251499420392117,-497.5,6337.989299544811,-433.0429257579217,42.20178369462445,-1.777077399746076,-1.4682135338396147,0.015122204065787237,0.11968865326003177,-12.72232735980376,-260.45768308503284,-381.45768308503284,-3738.039249049969,-3357.6992049559153,-574.25,0,1,0,-574.25,0,0,0,1,0,245.271648818621,121.0,8776.435154951649,9396.199999999999,10015.96484504835,13.191818927829342,0.10251052964970812,8804.648456454795,9301.246769817431,9797.845083180067,8791.0,9399.5,10008.0,7.299835124848048,0.28442771189708127,8790.144073760783,9396.199999999999,10063.394073760783,3218016.0,27.644112176000924,-0.13374341643816234,1982780.9806805155,-269956.30926633347,-31787851.171466365,8895.5,12607254.790152581,1000.4728438439502,6.52480313535532,-0.801451915061735,7.326255050417055,0.5404904598125316,-1.5899578814011666,309.8824225241753,96027.11578945152,9466.0,9466.0,-0.25817115791812034,-0.6437487599224135,0.7590289230489511,96027.11578945152,8984.364285714286,-50.85,3.2740964390095293,254.71151041666684,0.0020821609454135803,-0.06598478888014692,-0.10251499420392118,0.083807269029605,0.3221615810685712,,0.0020799962526173443,-0.15826724224475452,-0.15356975666179573,-0.06896097462828565,-0.15054291889565308
2026-07-22 00:00:00+05:30,8901.0,9199.5,8885.0,9090.5,588610,0.0,0.0,9366.1,9452.37548828125,8642.615000000002,8062.667912597659,9281.175648882438,9214.927387228296,8824.197204316039,8067.582221244587,9229.807142857144,9441.56030713848,9125.54572032726,9584.37451104723,8924.880156016989,9434.623729845498,8959.85976190476,9295.479961486699,9345.189757697612,9031.155888838664,9473.115884961384,9372.94561992414,9449.198232793726,9228.340704788994,8983.553666937387,8997.0,9223.0,9244.75,43.819793445681825,-133.90215718976833,-63.03177886581351,-70.87037832395482,17.531375655329047,11.937471126070422,5.593904529258625,20.16609490665916,11.304410975644135,-66.99724517906336,-1.5540394195364955,-6.2109878772246585,-143.5,6544.163057615211,-500.4057909531948,43.87043232068526,-1.6734459074442518,-1.777077399746076,-0.009831873057875029,0.09352192628936508,-12.134672154210692,4.4648430699708115,-310.0351569300292,-3939.219905562029,-3577.7250334693767,-656.75,0,1,0,-656.75,0,0,0,1,0,250.21653104586238,314.5,8748.45527159521,9366.1,9983.74472840479,13.18894157450358,0.27689439630465157,8771.967651078148,9281.175648882438,9790.383646686727,8791.0,9399.5,10008.0,7.332897005333292,0.2906721136170443,8745.834331415717,9366.1,10031.584331415715,3806626.0,36.64700756914234,-0.07340602235135874,2163387.8646232816,-176640.62970043067,-11522433.86125689,9058.333333333334,13843510.981537992,1000.4728438439502,9.13553977861096,1.447427782555124,7.688111996055836,1.2345642760586482,-0.8924224147813937,308.82236420239497,95371.25263155668,9362.75,9362.75,-0.04323971107579822,-0.694830643445687,0.7371399599886763,95371.25263155668,8957.221428571429,-30.1,3.2801800520262923,270.2325651041667,0.02100297635761228,-0.025095179366185882,-0.06210987877224661,0.12089742385600366,0.3183649941861866,,0.020785454317958512,-0.15826724224475452,-0.15356975666179573,-0.06896097462828565,-0.15054291889565308
2026-07-23 00:00:00+05:30,9088.0,9162.0,8908.0,8935.0,361089,0.0,0.0,9336.3,9447.59607421875,8647.306689453126,8070.552475585939,9248.206539465064,9203.949842631107,8826.391319082059,8076.213243918771,9188.75,9421.271072303922,9077.569314632754,9548.361791295138,8882.436726482245,9380.430186168172,8928.328398268397,9229.4124829938,9339.29916182506,8995.760089901649,9406.993693394272,9346.334934951812,9444.00680548845,9204.497724036239,8962.004832058588,9012.75,9223.0,9211.75,40.34623102432973,-143.3642697236046,-57.995113119719804,-85.36915660388479,20.59909909227716,15.225386851895216,5.373712240381945,27.19846451931428,17.190452534066125,-82.88770053475936,-1.5318492395856294,-6.253278774525233,-139.0,6568.4092733624075,-522.5416028474374,36.36639181096886,-1.5003036310840776,-1.6734459074442518,-0.03374406088383353,0.06805723105784238,-11.762200811121795,4.112722631403813,-249.8872773685962,-3937.7377337867383,-3786.8402977284773,-658.6666666666666,0,1,0,-658.6666666666666,0,0,0,1,0,250.4867788283008,254.0,8695.0925534793,9336.3,9977.507446520698,13.73579354820858,0.18707475078656552,8739.113589070706,9248.206539465064,9757.29948985942,8791.0,9399.5,10008.0,7.418868990253164,0.2909561963642897,8713.774881001038,9336.3,10003.774881001036,3445537.0,35.92032149986451,-0.06504009171701024,1879065.817379187,-212873.90039200708,-17897706.095363047,9001.666666666666,13225840.451864157,998.7622668679862,6.869292027411975,-0.6550559749150899,7.524348002327065,0.7779910800853209,-1.2517009968537378,320.60372326034945,102786.74736839873,9315.5,9315.5,0.12199031961623145,-0.874561963586196,0.7545725356694825,102786.74736839873,8893.65,-29.8,3.285678009075384,285.9422135416667,-0.017105769759639178,-0.03038524145415089,-0.06253278774525228,0.1068855337114758,0.279286799399048,,-0.01725376356579908,-0.15826724224475452,-0.15356975666179573,-0.06896097462828565,-0.15054291889565308
2026-07-24 00:00:00+05:30,8900.0,8970.0,8841.0,8907.5,189569,0.0,0.0,9305.125,9443.5605078125,8650.683310546876,8077.19229248047,9215.758297611248,9192.324358606358,8827.997431575483,8084.48475392953,9147.911904761906,9400.090834099265,9032.01430394285,9512.060373651942,8843.607266669262,9327.006071720078,8898.100303030302,9164.106214445213,9322.96956353759,8949.354367053873,9343.680215221948,9336.60856345575,9441.980220884036,9180.309602609026,8960.06734764313,8921.25,9197.25,9211.75,39.74618138964191,-151.33755709656725,-52.77472039414597,-98.56283670242128,21.31979329840292,19.816756015336374,1.503037283066547,31.405687662908367,26.25674902962727,-86.1556743909685,-3.289723684924814,-6.5418109327457765,-303.0,6568.425421052358,-522.9511021002927,39.5319790967104,-1.567401196388641,-1.5003036310840776,-0.056488290967182664,0.043250825880974335,-11.372080359430491,-152.11766631594037,-281.11766631594037,-3881.475267810103,-3895.5716325929343,-588.7499999999999,0,1,0,-588.7499999999999,0,0,0,1,0,241.80915176913646,129.0,8643.472851367967,9305.125,9966.777148632033,14.221241490727586,0.19952111481683338,8730.578961540163,9215.758297611248,9700.937633682333,8791.0,9399.5,10008.0,7.507380695743306,0.2907081534502514,8666.46831202681,9305.125,9988.718312026807,3255968.0,36.00353447872195,-0.06291127986914127,1884943.925906319,-206474.12201701803,-16085626.29602547,8906.166666666666,13167495.208439423,998.4544884684339,1.6369056788978593,-4.709953858743364,6.346859537641223,0.4275215549174259,-1.2019155407326678,330.8260743160159,109445.89144734608,9270.25,9270.25,0.2868572804592394,-0.9334070117460233,0.7683952507003468,109445.89144734608,8833.485714285714,-31.175,3.287818294127464,306.57247829861103,-0.0030777839955232755,0.005134281200631863,-0.06541810932745773,0.10347877913094239,0.2760767712681269,,-0.003082530113537355,-0.15826724224475452,-0.15356975666179573,-0.06896097462828565,-0.15054291889565308
2026-07-27 00:00:00+05:30,8956.0,9050.0,8956.0,9010.0,232047,0.0,0.0,9266.675,9441.6048046875,8655.702001953128,8084.444138183595,9196.16226926732,9185.174383759051,8831.601442831412,8093.693860855605,9119.804761904763,9383.088461243871,9012.187963637121,9485.50214787112,8841.516076233675,9289.057734333795,8879.013809523807,9105.08537812601,9311.540918394308,8905.368236858267,9294.888834232852,9252.328469014701,9441.88389078534,9167.198438677919,8965.144644816573,8958.75,9197.25,9211.75,43.14057737417715,-147.6831519660227,-39.296252210881136,-108.38689975514157,18.99386017033076,20.30425085367028,-1.31039068333952,29.92325410795608,29.509135430059573,-73.97504456327985,-3.1859453070434642,-7.863789753553533,-296.5,6580.757534580676,-480.1246212743845,41.40993712447539,-1.5220657988731139,-1.567401196388641,-0.0763802248226697,0.01890663205333191,-10.56369372878648,-56.10085684223486,-150.10085684223486,-3896.383771929824,-3912.338280114256,-457.5,0,1,0,-457.5,0,0,0,1,0,234.71564092848385,142.5,8632.151533966411,9266.675,9901.198466033587,13.694738750060582,0.29774191677695,8730.047631869673,9196.16226926732,9662.276906664969,8791.0,9399.5,10008.0,7.43228954704326,0.2758311179821299,8687.47398311433,9266.675,9895.348983114329,3488015.0,39.655566587148286,-0.11726628782220792,1919504.1173956806,-174089.23156999657,-10389848.610878976,9005.333333333334,13434515.331930863,998.4544884684339,-1.8863538337972017,-6.586570697150741,4.700216863353539,0.5411980537608678,-0.8090323328921993,317.2617330167944,100655.00723681971,9224.5,9224.5,0.4893642546975044,-0.5920434682887131,0.7606808571427961,100655.00723681971,8826.064285714285,-38.45,3.289846243798533,320.82354166666664,0.011507156890260939,0.014068655036578503,-0.0786378975355353,0.08487637481515486,0.28654176501520157,,0.01144145312239241,-0.15826724224475452,-0.15356975666179573,-0.06896097462828565,-0.15054291889565308
2026-07-28 00:00:00+05:30,9061.0,9143.5,9001.0,9121.5,442150,0.0,0.0,9224.7,9441.6501953125,8664.468203125001,8092.290805664064,9189.051576956148,9182.677349101834,8837.342008319898,8103.920787613261,9105.978571428572,9370.535331648283,9016.165150247287,9468.828442107475,8871.779618763476,9266.467007841908,8880.442489177489,9056.84154780001,9299.137339409908,8906.618880967002,9265.697115243329,9201.938876285056,9439.91884210909,9163.868357606805,8984.157885576946,9065.75,9197.25,9211.75,46.660723828874204,-134.24242826584123,-20.68442280855973,-113.5580054572815,26.381461675579324,22.231705048104335,4.149756627474989,43.70504816242295,35.011329977762465,-60.72489601901368,-4.311565696302124,-8.427868687882743,-411.0,6429.511223667546,-430.3274898372674,50.825677127712204,-1.1712399315846846,-1.5220657988731139,-0.09216312268505167,-0.004662578931752876,-9.226407863238933,35.19926556379869,-107.30073443620131,-3922.200757575757,-3902.6094284737246,-347.3333333333333,0,1,0,-347.3333333333333,0,0,0,1,0,228.12880943359215,142.5,8678.672104047966,9224.7,9770.727895952035,11.838388152504356,0.40549933367409285,8740.18595264399,9189.051576956148,9637.917201268307,8791.0,9385.25,9979.5,7.176530625880595,0.2699759055825145,8683.77427515778,9224.7,9824.52427515778,3930165.0,45.92413745431006,-0.12320942522376564,2225130.608623751,-47769.78085364774,-1862766.6664676946,9088.666666666666,13981682.091087356,998.4544884684339,-0.21748662784932807,-3.9341627929622938,3.7166761651129656,1.0366327710531522,-0.3780026653036291,273.01394797601694,74536.61578945127,9212.75,9212.75,0.31397574463202427,-1.1378454819548927,0.7375798535436011,74536.61578945127,8868.535714285714,-41.975,3.2896829418292772,327.9541015625,0.012375138734739277,0.024484753186948982,-0.08427868687882745,0.09928994210978015,0.2211565759588643,,0.012299192625890609,-0.15826724224475452,-0.15356975666179573,-0.06896097462828565,-0.15054291889565308
2026-07-29 00:00:00+05:30,9155.0,9169.5,8975.0,9047.0,233061,0.0,0.0,9191.375000000002,9439.479023437501,8669.702626953127,8099.5509887695325,9175.522855341276,9177.356668744898,8841.493651719504,8113.304660373328,9089.054761904763,9355.058853400735,9006.861530667424,9447.17412403483,8880.04971354708,9237.055329386149,8895.96147186147,9016.137619123372,9288.202076017298,8903.988511351097,9238.140365625944,9173.21812685764,9439.890149098379,9155.080846015737,9009.332117502465,9084.25,9197.25,9211.75,44.670748880451455,-128.1251384350344,-11.653706382202301,-116.47143205283209,31.907308377896612,25.7608767412689,6.146431636627714,54.45323919952651,42.69384715663517,-69.57813428401664,-2.9760308863746046,-6.861584392855304,-277.5,6125.531971342187,-414.85907844056237,48.91878210005904,-0.5159016912644679,-1.1712399315846846,-0.10533930974629957,-0.02718240236694684,-8.303849844590903,69.9565133403994,-124.5434866596006,-3887.5526330674807,-3901.0328266481242,-283.0833333333333,0,1,0,-283.0833333333333,0,0,0,1,0,225.726751616907,194.5,8691.55683569589,9191.375000000002,9691.193164304113,10.87580833779737,0.3555724758412765,8732.358719058848,9175.522855341276,9618.686991623705,8791.0,9272.5,9754.0,6.852602400939112,0.2591761530705338,8660.09844464101,9191.375000000002,9772.348444641011,3697104.0,47.977102600029305,-0.09948359344476326,2164618.6266186098,-11004.747030081693,-4077092.0712580243,9063.833333333334,13791329.13927022,997.6377368376714,-3.391248350182165,-5.686339612236105,2.2950912620539397,0.5707046553637951,-0.5777100966348944,249.90908215205562,62454.549342082886,9166.0,9166.0,0.39802934669940127,-1.042268553004489,0.7088157981840212,62454.549342082886,8884.414285714285,-33.325,3.2919258887832443,323.8,-0.0081675163076248,-0.004785215334690007,-0.06861584392855302,0.08014094338700883,0.19134032035861104,,-0.008201053202532444,-0.15826724224475452,-0.15356975666179573,-0.06896097462828565,-0.15054291889565308
2026-07-30 00:00:00+05:30,9047.0,9065.0,8855.0,8896.0,366876,0.0,0.0,9154.425000000001,9434.39734375,8673.546484375,8105.563510742188,9148.90163102306,9166.323073892157,8842.572985348821,8121.092673702948,9060.92380952381,9333.745950520834,8972.217420030236,9414.958547645536,8850.224116918474,9192.728390134233,8906.286948051948,8977.64696976086,9268.513101394303,8906.465795984326,9199.821135601398,9140.712925772888,9431.984388662402,9134.323256996246,9016.469886735971,8971.5,9197.25,9211.75,40.86649985315584,-133.91785849995722,-13.957141157700107,-119.96071734225711,27.391562685680334,28.56011091305209,-1.1685482273717547,49.48991609049508,49.2160678174815,-87.5222816399287,-3.4617471513836136,-7.669953295277634,-319.0,5775.927647910263,-415.8963238081651,44.66339307849031,-0.23749016686628013,-0.5159016912644679,-0.11799945957857716,-0.04818716158736155,-7.915097961856124,-5.465845708229608,-215.4658457082296,-3846.515962230216,-3893.7344192410856,-306.91666666666663,0,1,0,-306.91666666666663,0,0,0,1,0,224.60341221569936,210.0,8684.31333633306,9154.425000000001,9624.536663666942,10.270697802799,0.22514508788800572,8707.943602958007,9148.90163102306,9589.859659088113,8791.0,9244.75,9698.5,6.788812848245496,0.26302888118619594,8621.81933656944,9154.425000000001,9740.56933656944,3330228.0,41.31067898509574,-0.11662783242755462,1940998.9694757527,-66115.78346316097,-11408689.77536402,8938.666666666666,13178990.507679638,997.6377368376714,-2.958414379368247,-4.20280451313775,1.2443901337695025,1.0068452943712596,-1.0994196484479755,235.05583183347096,55251.244078924974,9106.0,9106.0,0.4977112465950405,-0.9029637397473033,0.7133335836898064,55251.244078924974,8873.92142857143,-36.95,3.29304766757092,321.43333333333334,-0.016690615673704,-0.004364857302742053,-0.07669953295277632,-0.007196527810473419,0.18598948578046826,,-0.016831473535378023,-0.15826724224475452,-0.15356975666179573,-0.06896097462828565,-0.15054291889565308
2026-07-31 00:00:00+05:30,8924.0,9135.5,8924.0,9106.5,283259,0.0,0.0,9132.325,9432.132265625,8682.715068359375,8112.849980468751,9144.863380449435,9163.977070994426,8847.799262866667,8130.897721725804,9056.359523809524,9320.887231158087,8981.352581889314,9400.608131228282,8882.896490322546,9175.559229649645,8934.255692640692,8947.046811791724,9261.822742777427,8946.611910652486,9169.788934205264,9126.978131707723,9428.74343235757,9132.311481697343,9024.856327034093,9001.25,9197.25,9211.75,47.56977796458496,-120.13816215766019,-0.14195585232245378,-119.99620630533774,26.79738562091503,28.69875222816399,-1.90136660724896,51.4739862716679,51.805713853896485,-62.507427213309576,2.758970886932972,-4.628999319264806,244.5,5518.180212948449,-375.3002744613059,47.33517574175109,0.07205712424531362,-0.23749016686628013,-0.1271669904248096,-0.0671101253445013,-6.682748741820243,59.88641796437514,-151.61358203562486,-3823.0341778609086,-3868.895354338676,-265.5833333333333,0,1,0,-265.5833333333333,1,0,0,0,0,225.66745420029227,239.5,8700.192676820223,9132.325,9564.457323179779,9.463796419417351,0.470119106330705,8700.282307438196,9144.863380449435,9589.444453460674,8791.0,9211.75,9632.5,6.66563609969141,0.2794513196936442,8587.171128174501,9132.325,9716.921128174501,3613487.0,40.214453568823565,-0.06429934679697946,2146579.378459204,-17238.733376216842,-1260874.164597733,9055.333333333334,13849247.021843307,1000.0039688520599,-4.46119225239493,-4.564465908931546,0.10327365653661591,0.8852502154847767,-0.11952357467717986,216.06616158988916,46684.5861841881,9098.5,9098.5,0.6275725431307273,-0.4150111115335504,0.6462871903996166,46684.5861841881,8904.428571428572,-22.1,3.303966714926947,301.7933333333334,0.023662320143884807,0.022340724108897092,-0.04628999319264804,0.007344333287350402,0.20019792528532854,,0.023386706748234735,-0.15826724224475452,-0.15356975666179573,-0.06896097462828565,-0.15054291889565308
2026-08-03 00:00:00+05:30,9120.0,9150.0,9001.0,9034.0,154112,0.0,0.0,9104.825000000003,9425.72994140625,8696.189780273437,8120.159621582032,9134.304963263774,9158.879930955429,8851.486406176238,8139.883814046941,9046.995238095238,9305.274201133578,8976.813768065209,9381.334089574018,8893.180754927158,9151.489690426935,8961.789264069264,8921.51851026348,9257.014742926158,8967.36315725701,9128.11093678545,9113.496863380618,9426.23587511478,9124.978531686993,9024.570739452118,9070.25,9093.25,9211.75,45.650364692811266,-113.75648368825205,4.991778093668557,-118.7482617819206,26.282432164785106,26.823793490460154,-0.541361325675048,61.20703511654971,54.056979159570886,-71.12299465240642,1.6769836803601577,-5.73873121869783,149.0,4995.681667818888,-347.49755556225136,48.48957551994128,0.5286675017265996,0.07205712424531362,-0.13430519959168885,-0.08371317019533198,-5.699400231308927,80.33121539803506,-68.66878460196494,-3900.3566603460536,-3854.5015955992967,-241.3333333333333,0,1,0,-241.3333333333333,1,0,0,0,0,220.19120747169995,149.0,8727.147990262687,9104.825000000003,9482.502009737318,8.296194814009395,0.40623601890771266,8703.683992444081,9134.304963263774,9564.925934083467,8791.0,9211.75,9632.5,6.618321968477916,0.27916160794063205,8559.32179709459,9104.825000000003,9697.07179709459,3459375.0,36.49598214796914,-0.08927136264020234,2060731.75429813,-22991.572084970772,-2676909.283940914,9061.666666666666,13726553.12188174,999.2078342229488,-8.74966741806756,-7.082352859683341,-1.6673145583842193,0.49851621296921084,-0.375055924369149,188.83850486865796,35659.980921030154,9082.25,9082.25,0.6206121942625504,-0.27243880810129634,0.5940217681946707,35659.980921030154,8931.335714285715,-27.5,3.311179025044005,284.26666666666665,-0.007961346291110782,0.002663706992230841,-0.057387312186978345,0.001253675494491846,0.16549369548726633,,-0.007993207024048996,-0.15826724224475452,-0.15356975666179573,-0.06896097462828565,-0.15054291889565308
2026-08-04 00:00:00+05:30,9084.0,9215.0,9070.0,9176.0,318448,0.0,0.0,9093.575,9417.887929687502,8714.005629882813,8127.927954101562,9138.275919143414,9159.551306212079,8857.912417935126,8150.193427837518,9053.773809523811,9295.48087009804,8999.37665499772,9373.926819151035,8940.52996168256,9145.334089807719,9001.771255411255,8904.593378512762,9253.856801562213,8995.3761898992,9108.910507891904,9109.384017394497,9417.836662422655,9128.542539955584,9046.043212237244,9105.0,9038.5,9103.0,49.91317396637225,-96.13258763742488,18.092539315596582,-114.22512695302146,42.68943202766732,31.923083271122486,10.766348756544836,85.02682838343253,65.90261659055004,-38.30128205128205,3.060594148368619,-2.393362408254441,272.5,4545.180161020809,-315.6534394993869,52.663066465057675,1.0153026648427899,0.5286675017265996,-0.13785284793296215,-0.09793772295923055,-4.075145267299644,130.14104176974433,-14.858958230255666,-4026.164819944599,-3886.577076431456,-178.33333333333331,0,1,0,-178.33333333333331,1,0,0,0,0,217.39183550943568,181.0,8740.437293894303,9093.575,9446.712706105698,7.7667519343206015,0.6167037653794589,8714.190278877977,9138.275919143414,9562.361559408851,8791.0,9211.75,9632.5,6.395191445685406,0.27956179730126823,8554.431564514505,9093.575,9668.306564514505,3777823.0,43.45439779208949,-0.053880884243892424,2207876.6922291648,23563.98070177436,4165451.470907788,9153.666666666666,14227102.335961882,999.2078342229488,-8.145151552995227,-5.182269595688806,-2.962881957306421,1.0048147478512859,0.4668150615178353,176.56885305284888,31176.559868398544,9082.25,9082.25,0.6997047062595003,0.35154132535258303,0.4705407024626859,31176.559868398544,8974.171428571428,-11.25,3.319360902230487,264.391111111111,0.01571839716626089,0.0059748944800745996,-0.023933624082544402,0.021951864125842047,0.19077025512620338,,0.015596142594657242,-0.15826724224475452,-0.15356975666179573,-0.06896097462828565,-0.15054291889565308
2026-08-05 00:00:00+05:30,9200.0,9305.0,9179.0,9200.0,208166,0.0,0.0,9091.875,9409.52068359375,8731.807685546875,8136.216887207031,9144.154403034518,9161.137529497879,8864.686429461162,8160.639264376449,9063.909523809525,9286.936245404411,9023.80226851846,9368.630178027544,8987.340758517272,9142.388921284843,9049.327229437227,8895.826464660684,9253.001067653462,9040.102267051656,9095.423821307908,9107.376125648645,9412.468606497128,9133.489905556786,9085.089343758455,9188.0,9031.0,9048.0,50.618149762039764,-79.31463389233431,27.92839444854971,-107.24302834088402,56.71590257736973,41.895922256607385,14.819980320762348,94.2162782037214,80.15004723456788,-20.42801556420234,1.2045542049392222,-0.36820446177171323,109.5,4518.415804002761,-261.9838235294101,49.12670860080004,1.4943167288978314,1.0153026648427899,-0.13825515851005887,-0.10955006713992226,-2.492239426249774,203.69232151692268,77.69232151692268,-4088.6723247232476,-3960.791577194243,-110.99999999999994,0,1,0,-110.99999999999994,1,0,0,0,0,211.07813297304745,129.0,8741.265324239686,9091.875,9442.484675760314,7.712593403677759,0.6541956875056655,8735.88644279436,9144.154403034518,9552.422363274674,8791.0,9211.75,9632.5,6.073892583635403,0.2726985615681205,8564.630459908713,9091.875,9652.255459908713,3985989.0,53.86035661021056,-0.05315065257523306,2069099.3588958315,-3689.1701916875318,4284098.9750638185,9228.0,14281548.543459702,999.4693860974039,-10.381428089164105,-5.934836905486147,-4.446591183677958,0.7464418990833616,0.6167827500226623,175.30483788015667,30731.786184188008,9082.25,9082.25,0.7303019295427078,0.47926526143849774,0.3687841077047281,30731.786184188008,9007.978571428572,-1.7,3.3236226915442257,249.6866666666666,0.0026155187445509043,0.01691168343097149,-0.0036820446177171506,0.04007343045601908,0.1829603630802299,,0.002612104227924961,-0.15826724224475452,-0.15356975666179573,-0.06896097462828565,-0.15054291889565308
2026-08-06 00:00:00+05:30,9200.0,9315.0,9170.5,9315.0,221520,0.0,0.0,9103.925000000001,9403.4534375,8753.362392578125,8145.770048828124,9160.425412269326,9167.171351870513,8873.60352986787,8172.1254408503155,9085.159523809525,9283.229551930146,9066.2567751101,9372.324235678605,9056.957620812824,9152.707175840382,9109.179956709955,8897.37034833675,9258.088419964213,9105.09252733245,9094.877789099755,9115.916706147225,9411.188116813031,9145.473533656057,9143.197738356399,9257.5,9100.0,9053.0,53.96193975451649,-56.060514759941725,40.946010864753845,-97.00652562469557,80.4235674615052,59.942967355514085,20.480600105991115,99.99999999999999,93.0810355290513,0.0,4.252937884722999,2.6559400484901916,380.0,4827.171225529624,-183.88235294117476,52.63550455506292,1.956485997386624,1.4943167288978314,-0.13479035888092072,-0.11825029690811537,-0.3271876528943843,183.16484701450463,38.66484701450463,-3930.5297225891677,-4010.0934453784853,0.8333333333333428,0,1,0,0.8333333333333428,1,0,0,0,0,206.32255204640123,144.5,8739.604395818067,9103.925000000001,9468.245604181935,8.003594146083891,0.789683039577131,8763.516305385374,9160.425412269326,9557.334519153277,8791.0,9211.75,9632.5,5.310116160089616,0.2681649812529848,8590.981486124569,9103.925000000001,9632.731486124569,4207509.0,65.8696350821743,0.012401448075909545,2290619.3588958317,55980.8290056861,7311341.97862613,9266.833333333334,14558448.543459702,999.4693860974039,-11.801953567610596,-5.88428990714611,-5.917663660464486,0.8361744340195258,1.1587321583085266,182.16030209096658,33182.3756578722,9098.5,9098.5,0.5375979626832794,-0.14154351666789375,0.29416464845877444,33182.3756578722,9047.628571428571,12.05,3.332385491411035,241.04666666666682,0.012499999999999956,0.04709982014388481,0.026559400484901907,0.015372765124152865,0.20484009585608853,,0.01242251999855711,-0.15826724224475452,-0.15356975666179573,-0.06896097462828565,-0.15054291889565308
2026-08-07 00:00:00+05:30,9315.0,9315.0,9182.0,9218.0,197996,0.0,0.0,9104.300000000001,9399.15857421875,8774.608959960937,8153.673735351562,9165.908706338912,9169.164632189317,8880.423261949696,8182.532152881657,9096.023809523811,9275.956868106618,9085.669586400669,9368.187417330844,9089.858962379261,9151.293088571343,9163.666969696967,8905.13137237437,9255.88564744394,9135.65514377698,9085.353169919374,9113.475575575309,9408.233225003381,9150.492871823692,9191.447835732895,9266.5,9105.5,9073.0,50.835179557853444,-44.9405010264727,41.6528196785783,-86.593320705051,86.51022070724935,74.54989691537475,11.9603237918746,93.53349713606531,95.9165917799289,-20.04132231404959,3.4858265506595565,0.08142880408229738,310.5,4915.701404707673,-116.29411764705947,51.429950804119414,2.4022895130700133,1.956485997386624,-0.12970346476169903,-0.1241751013457853,1.4032168715517483,170.85558315528942,37.85558315528942,-3607.3172447416077,-3945.314359885173,128.16666666666666,0,1,0,128.16666666666666,1,0,0,0,0,201.0852269002297,133.0,8739.502377662537,9104.300000000001,9469.097622337466,8.013743447326304,0.6558398315091238,8781.467133443908,9165.908706338912,9550.350279233917,8791.0,9211.75,9632.5,4.803993511723285,0.2662033410677744,8597.209145473242,9104.300000000001,9635.459145473242,4009513.0,66.76823686125341,-0.03963423918625652,2199809.16340711,46407.96383950161,3523205.695965255,9238.333333333334,14352269.13390522,998.4280549111452,-13.53927035111571,-6.09728535252098,-7.441984998594731,0.7450082498160959,0.6233593260364945,182.3988111687325,33269.326315766935,9098.5,9098.5,0.5312788579217809,-0.1620798596267529,0.21686519895449788,33269.326315766935,9079.471428571429,0.375,3.3384833254965063,230.05222222222218,-0.010413311862587205,0.012244001537363491,0.0008142880408230635,0.011935268180912395,0.22065740206288487,,-0.010467909755235226,-0.15826724224475452,-0.15356975666179573,-0.06896097462828565,-0.15054291889565308
2026-08-10 00:00:00+05:30,9224.5,9320.0,9224.5,9275.0,174445,0.0,0.0,9102.725,9395.943984375,8796.032392578125,8162.203305664062,9176.298353354256,9173.315038770128,8888.236662703168,8193.402479718656,9112.280952380954,9271.087904411765,9113.101211185918,9368.520654346494,9132.310531244084,9156.464508897308,9213.050346320344,8919.668632366407,9256.775525488452,9163.545130083934,9087.849124040182,9106.958323382001,9406.466844192311,9158.918231606722,9228.928619097274,9246.5,9105.5,9080.5,52.57421856061153,-31.16908854553185,44.33938572761532,-75.50847427314717,90.1880352202994,85.70727446301798,4.480760757281416,90.27954670001529,94.60434794536019,-9.394572025052195,2.9411764705882355,-0.33847311019180143,265.0,4909.440283966589,-56.032352941176214,55.51055373665172,2.834902292668115,2.4022895130700133,-0.12274206806658361,-0.1275727619437333,3.0976519007743044,157.16192841882003,61.661928418820025,-3376.1168103146238,-3756.7471782832367,221.16666666666666,0,1,0,221.16666666666666,1,0,0,0,0,194.00771069307044,102.0,8741.347157933345,9102.725,9464.102842066655,7.9399925201882935,0.7383585543247337,8809.041692163539,9176.298353354256,9543.555014544972,8791.0,9211.75,9632.5,4.355958008599239,0.26445238353221956,8618.27925693193,9102.725,9611.90425693193,4183958.0,66.2863911067489,-0.04596900479481762,2209855.734087738,41469.522048125975,4440371.310827361,9273.166666666666,14460138.140197258,999.0464103027703,-15.578679446860829,-6.509355558612878,-9.06932388824795,0.6709337919941786,0.9534342172989361,180.68892103332726,32648.48618418798,9098.5,9098.5,0.5429174510863002,-0.06540564185349788,0.07206334988003305,32648.48618418798,9131.392857142857,-1.575,3.3424409616283333,209.43333333333345,0.006183553916250917,0.02667699800752721,-0.0033847311019180593,0.018359550744919906,0.2204044594310861,,0.006164514195182406,-0.15826724224475452,-0.15356975666179573,-0.06896097462828565,-0.15054291889565308
2026-08-11 00:00:00+05:30,9275.0,9319.5,9025.0,9125.0,357090,0.0,0.0,9082.35,9388.71421875,8813.885649414062,8170.413332519532,9171.412795891945,9171.420331367379,8892.925045619935,8202.672106786133,9114.402380952382,9260.462650122548,9109.814162892788,9357.150419612617,9128.640294098483,9144.306263411923,9238.559502164499,8934.807275712568,9256.193771830473,9167.302736742608,9085.031511332725,9078.752218916039,9399.182897917502,9156.459277630143,9231.859775400915,9200.0,9105.5,9080.5,47.78416917481234,-31.990129040003012,34.81467618651533,-66.80480522651834,76.61809785077958,84.4387845927761,-7.820686741996525,75.79381328329123,86.5356190397906,-40.7098121085595,0.03837088198213013,-4.274849200104904,3.5,4189.121362759039,-31.405882352939443,47.12735716245148,2.3667146526995113,2.834902292668115,-0.11637971697925353,-0.12879947385850596,3.3183048682571847,162.06736721613197,-132.43263278386803,-3308.7184208640824,-3534.3527089276186,287.5833333333333,1,0,0,287.5833333333333,1,1,0,0,0,201.18573135785113,294.5,8782.241931745431,9082.35,9382.45806825457,6.6085994980279095,0.5710577363815181,8783.037721481296,9171.412795891945,9559.787870302594,8791.0,9211.75,9632.5,4.168652667211163,0.25410057008837766,8612.151276769586,9082.35,9595.401276769586,3826868.0,54.626764530717814,-0.1192663480125159,2095271.6763627806,-779.2699652076699,-3845896.0192908323,9156.5,13882634.097070575,999.0464103027703,-11.751184308341,-2.145488336074438,-9.605695972266561,1.4198561972633503,0.2842309455260725,150.05403412728455,22516.21315787228,9098.5,9098.5,0.029691603905861834,-1.2291649622299685,-0.2385742167870336,22516.21315787228,9178.507142857143,-20.375,3.3401560112713615,184.65,-0.016172506738544423,-0.005557977332170894,-0.04274849200104902,0.0006326774248957001,0.1842284445614366,,-0.016304709024943582,-0.15826724224475452,-0.15356975666179573,-0.06896097462828565,-0.15054291889565308
2026-08-12 00:00:00+05:30,9125.0,9289.0,9090.5,9289.0,293852,0.0,0.0,9080.575,9383.96822265625,8835.314716796875,8179.470729980469,9182.61157723557,9176.031298764736,8900.7681140235,8213.48133955443,9134.083333333334,9256.552288602941,9137.011711451993,9358.90799928409,9168.519952880766,9151.66918257032,9262.772835497834,8954.82570846758,9257.34951417852,9216.321523719502,9101.461648143206,9072.730987888739,9396.014052020158,9165.397593933363,9231.529413319113,9207.0,9105.5,9080.5,52.843004730070604,-19.186213426954055,38.09487343965143,-57.281086866605484,81.14126652748782,82.64913319952225,-1.5078666720344387,79.63661973998006,81.90332657442886,-6.471816283924847,2.6749198629379904,-0.3807174647434179,242.0,3764.0571138470996,-28.7602941176483,56.761653039518286,1.8779041895040054,2.3667146526995113,-0.10845316079413081,-0.12773877399356748,4.203718868160823,112.77202904239857,-85.72797095760143,-3270.6271756618394,-3374.602480460143,281.75,1,0,0,281.75,1,1,0,0,0,200.9938934037189,198.5,8786.130782246737,9080.575,9375.019217753264,6.485144778899215,0.8539295177714337,8793.415081340221,9182.61157723557,9571.808073130918,8791.0,9103.0,9415.0,3.7560357076255695,0.2521433731302426,8615.878011976543,9080.575,9563.628011976542,4120720.0,63.60704376898628,-0.026934239680236928,2389123.676362781,75506.33966253884,3588050.269179286,9222.833333333334,14410762.623097971,1000.8436705767429,-10.42746368470863,-0.6574141699536558,-9.770049514754975,1.1408343310955507,1.4157180710857358,147.22210887663175,21674.349342082813,9098.5,9098.5,-0.026859409311714287,-1.297309040432412,-0.543832122799527,21674.349342082813,9241.1,-1.775,3.341689797242627,170.5,0.017972602739726007,0.0096739130434782,-0.003807174647434186,0.014574906040259794,0.19196356516796365,,0.017813004936828542,-0.15826724224475452,-0.15356975666179573,-0.06896097462828565,-0.15054291889565308
2026-08-13 00:00:00+05:30,9316.0,9385.0,9280.5,9297.0,210485,0.0,0.0,9084.675000000001,9376.476015625001,8856.913359375,8187.804252929687,9193.505712736944,9180.775169401413,8908.61428998343,8224.262619757868,9154.695238095239,9253.141770067401,9162.105290100664,9361.038071100345,9203.459861859967,9159.414969900827,9287.237424242425,8978.118241013352,9260.839781286772,9242.148045270027,9112.521975667001,9061.585472746196,9390.486783498418,9174.276709475056,9235.84475298255,9293.0,9105.5,9120.0,53.08179716304589,-8.29783266542654,39.18660336094316,-47.4844360263697,78.73819934087,78.83252123971246,-0.09432189884246611,80.65024174083908,78.69355825470345,-16.603773584905657,4.507643884892087,0.8898534997287032,401.0,4085.268816236391,-4.9294117647059466,52.02747708006769,1.8732677962032542,1.8779041895040054,-0.09941718511365938,-0.12465546229232854,5.128933956885945,191.51888203634007,87.01888203634007,-3148.7903436276642,-3280.5997244990217,258.5,0,1,0,258.5,1,0,0,0,0,194.1014724463104,104.5,8780.235519366606,9084.675000000001,9389.114480633396,6.70226465191974,0.8487146272195886,8821.470787879247,9193.505712736944,9565.54063759464,8791.0,9088.0,9385.0,3.3226353808711884,0.24838066433547829,8649.648255267904,9084.675000000001,9537.648255267904,4331205.0,68.90625598756962,-0.031448736034834834,2245107.623731202,54026.58688542899,3316025.945010817,9320.833333333334,14428890.30099656,1000.9297939484728,-11.657168443908741,-1.5096951433230128,-10.147473300585728,0.86999813588066,1.394858508878354,152.21974031669748,23170.849342082813,9098.5,9098.5,0.01369919241791675,-1.3340775595825658,-0.7819890865941184,23170.849342082813,9294.735714285714,4.1,3.3450578929266435,159.58000000000004,0.0008612337172999585,-0.0019323671497584183,0.008898534997286989,0.01605624777607284,0.2009658814848052,,0.0008608630683370411,-0.15826724224475452,-0.15356975666179573,-0.06896097462828565,-0.15054291889565308
2026-08-14 00:00:00+05:30,9297.0,9329.0,9225.0,9240.0,128223,0.0,0.0,9103.574999999999,9368.2120703125,8881.684248046873,8196.631579589844,9197.93374009533,9183.097711777827,8915.176383251084,8234.369459362268,9169.488095238095,9247.789769454657,9173.530144367713,9358.522942360023,9217.276647924442,9160.158670918916,9301.244740259739,9001.653146513412,9260.337842958152,9261.562517149072,9114.913270738884,9092.338604132172,9385.2650024544,9178.839081735709,9244.314650485181,9268.5,9105.5,9120.0,51.09645767564179,-4.219496368898035,34.611951725977335,-38.83144809487537,83.18863985504392,81.02270190780057,2.16593794724335,87.84213317781422,82.70966488621112,-27.35849056603774,1.4659858342941854,4.265402843601896,133.5,4176.641441416264,13.101470588235316,51.50308854739198,1.6738139122348494,1.8732677962032542,-0.0904599546660445,-0.11978376841170141,5.648503999810867,128.8733274597198,24.873327459719803,-3043.061682510185,-3198.435856992212,222.08333333333331,0,1,0,222.08333333333331,1,0,0,0,0,187.66565298585965,104.0,8810.624981809515,9103.574999999999,9396.525018190483,6.435933535791909,0.732846887743311,8841.521189033605,9197.93374009533,9554.346291157055,8791.0,9088.0,9385.0,2.9900175580610786,0.20212402851584374,8692.998981626723,9103.574999999999,9520.998981626723,4202982.0,64.43472289880413,0.053653901655002355,2153872.027577356,11298.399528984912,1798206.3814378437,9264.666666666666,14350276.651432185,1000.3166929481501,-15.103304053581613,-3.964664602396706,-11.138639451184908,0.5662717166216866,0.9313875509732449,146.47500909524186,21454.92828945118,9114.0,9114.0,-0.14205202713310863,-1.3086856127324786,-0.7583570140309587,21454.92828945118,9301.314285714285,18.9,3.343110460207547,149.98222222222225,-0.0061310100032268,0.0023866348448686736,0.042654028436019065,0.002195947305738244,0.1797994801244196,,-0.006149881820128039,-0.15826724224475452,-0.15356975666179573,-0.06896097462828565,-0.15054291889565308
2026-08-17 00:00:00+05:30,9250.0,9395.0,9231.0,9370.0,239095,0.0,0.0,9127.824999999999,9366.608847656249,8905.072861328124,8204.98673095703,9214.321002943394,9190.427213276736,8924.182791503537,8245.669265736773,9194.861904761905,9247.859884344361,9207.068130338084,9366.015093119366,9262.165621142927,9175.586083573227,9321.97051948052,9028.600456842292,9268.86432193129,9290.3660869444,9118.544122866771,9114.542509245995,9384.267750105262,9191.412800239277,9268.557177871777,9305.0,9133.0,9125.0,55.210932098705875,9.394237155378505,38.5805482002031,-29.186311044824595,83.80270207314231,81.9098470896854,1.892854983456914,90.46582958506005,86.31940150123778,-4.629629629629628,3.719282709763117,5.458638154192459,336.0,4222.636808957315,35.648529411764684,51.06510155238397,1.6461432634249267,1.6738139122348494,-0.08009427944227765,-0.11336614969051423,5.845098695069624,170.60570925118736,6.605709251187363,-2975.3640385301464,-3104.9492110779474,279.8333333333333,0,1,0,279.8333333333333,1,0,0,0,0,185.9752492011554,164.0,8830.790662980975,9127.824999999999,9424.859337019023,6.50832672666323,0.9076548900548335,8860.614409125643,9214.321002943394,9568.027596761145,8831.0,9113.0,9395.0,2.7590535542317025,0.20648884121878586,8713.272321205939,9127.824999999999,9545.647321205939,4442077.0,62.387476647641385,0.07076649512816852,2320072.2105041854,45673.43567543244,5981655.469803866,9332.0,14686665.720696254,1000.3166929481501,-14.354518012634136,-2.5727028491593824,-11.781815163474754,1.0177200211124922,1.6306195602193356,148.5171685095118,22057.34934208273,9123.25,9123.25,-0.16162331508553485,-1.1098326915703707,-0.6991274062529156,22057.34934208273,9328.935714285713,24.25,3.3449247940582,143.32444444444445,0.01406926406926412,0.010242587601078101,0.05458638154192452,0.0016980534242163614,0.18064449722034426,,0.013971210596738079,-0.15826724224475452,-0.15356975666179573,-0.06896097462828565,-0.15054291889565308
2026-08-18 00:00:00+05:30,9349.5,9349.5,9049.0,9139.0,256413,0.0,0.0,9139.600000000002,9357.98701171875,8925.350278320311,8211.641967773438,9207.147574091643,9188.410459814904,8928.436597612377,8254.558128764269,9195.926190476192,9238.934047181372,9194.095206106684,9355.174875357237,9238.698154348525,9163.736224014585,9316.903809523808,9051.855584487701,9267.901969093698,9270.140745330647,9112.071804322977,9124.999145607098,9377.887786738447,9187.582403988099,9268.115364593934,9254.5,9133.0,9125.0,47.55461321723966,1.5258604333121184,24.56973718250937,-23.043876749197253,73.5348241323084,80.17538868683154,-6.640564554523138,74.91454208080674,84.40750161456033,-47.40740740740741,-0.4032258064516129,2.645027236480036,-37.0,3575.0201171006875,59.46029411764721,48.69604531258473,1.0565971754044674,1.6461432634249267,-0.07184690024422125,-0.1059874543276434,5.2545424102325855,137.3048936438754,-163.1951063561246,-2924.3229504650662,-3018.3274560288987,228.58333333333331,0,1,0,228.58333333333331,1,0,0,0,0,195.61987425821573,321.0,8861.971016225812,9139.600000000002,9417.228983774192,6.075298345095838,0.49891942117885973,8825.984465399391,9207.147574091643,9588.310682783895,8841.0,9118.0,9395.0,2.4887081405287956,0.22861744120269328,8706.630792005113,9139.600000000002,9583.880792005117,4185664.0,61.90651299722449,0.042970729523177625,2217251.024148112,22867.98792428011,-3334495.740168114,9179.166666666666,14054526.948017491,1000.3166929481501,-13.06570379203295,-1.027110902846557,-12.038592889186393,1.1210365127214144,-0.0043223152845611856,138.8144918870944,19269.463157872193,9132.0,9132.0,-0.23458017951288326,-0.8096840636570495,-0.6431403473838428,19269.463157872193,9308.578571428572,11.775,3.3397545970941422,135.55,-0.02465314834578447,0.0015342465753425127,0.026450272364800353,-0.044846997801022415,0.13076321299458615,,-0.024962125960266285,-0.15826724224475452,-0.15356975666179573,-0.06896097462828565,-0.15054291889565308
2026-08-19 00:00:00+05:30,9105.0,9150.0,8963.5,9140.0,333641,0.0,0.0,9142.075,9351.216484375002,8946.414013671874,8219.003874511718,9200.752567035297,9186.512010410399,8932.625971917083,8263.368495642237,9195.964285714286,9230.385536917891,9183.157322950306,9344.912644542823,9219.40215012623,9152.945601309972,9294.777056277055,9072.223398292312,9266.615585799089,9241.079721965823,9110.225851212273,9129.865292316485,9370.724147242221,9184.11233147162,9247.240092339342,9139.5,9202.0,9159.5,47.58849718424316,-4.576438826807134,14.773950337912094,-19.35038916471923,64.60761185814265,73.98171268786444,-9.374100829721797,55.63243380275309,73.67093515620662,-54.14012738853503,-0.6521739130434783,0.5445245036026621,-60.0,3404.374079999596,50.66176470588289,53.77015183362695,0.3501151350519666,1.0565971754044674,-0.06527871851246259,-0.09826393873114804,4.686101049150966,-51.881519733820824,-238.38151973382082,-2784.4912021396394,-2937.821143773375,209.99999999999997,0,1,0,209.99999999999997,1,0,0,0,0,194.96845466834318,186.5,8865.408133058787,9142.075,9418.741866941215,6.052605495824827,0.4962500027145614,8820.366897266116,9200.752567035297,9581.138236804478,8841.0,9118.0,9395.0,1.8545734539861534,0.21672185402687083,8723.000882071567,9142.075,9568.250882071568,4519305.0,62.401924673581746,0.06761942937527383,2515112.828437656,106233.7890341836,-2810476.205858384,9084.5,14058177.686610335,1000.3166929481501,-9.524151131863034,2.011553405858688,-11.535704537721722,1.3828188464662876,-0.014999989141754499,138.33343347060728,19136.138815766928,9139.5,9139.5,-0.29406621444483194,-0.7493033154261344,-0.7109340447909058,19136.138815766928,9303.742857142857,2.475,3.3344623780033746,132.51777777777775,0.00010942116205270302,-0.016040477984713086,0.005445245036026725,-0.0497342779918335,0.10000208027437996,,0.00010941517599401422,-0.15826724224475452,-0.15356975666179573,-0.06896097462828565,-0.15054291889565308
2026-08-20 00:00:00+05:30,9169.0,9180.0,9076.5,9125.0,270245,0.0,0.0,9151.575,9347.16166015625,8969.552192382811,8226.676452636719,9193.538036841459,9184.099774708031,8936.435358611794,8271.941943446793,9194.338095238096,9221.51430223652,9171.091098208233,9333.97098104279,9199.494408680905,9141.337116719355,9261.629502164502,9089.968331818305,9261.490346784029,9221.167367492886,9121.118955086302,9143.37596349458,9367.222467681466,9179.779544781657,9209.542657395796,9132.5,9202.0,9179.25,47.09696067438481,-10.501870568188679,7.078814877224438,-17.580685445413117,45.29334780652826,61.14526126565977,-15.85191345913151,27.34272016323849,52.6298986822661,-62.57242178447277,-2.0397208803005906,2.1264689423614995,-190.0,3052.3523191341137,24.070588235294053,55.12097858129867,-0.10954236047315039,0.3501151350519666,-0.060231572971714,-0.09054483964337193,3.5938680088189496,-10.898445486132914,-114.39844548613291,-2678.9616201768213,-2845.3256606527298,154.99999999999997,0,1,0,154.99999999999997,1,0,0,0,0,188.4349936206044,103.5,8892.348158675519,9151.575,9410.801841324483,5.665185311260235,0.4487418049299609,8829.665288002678,9193.538036841459,9557.41078568024,8841.0,9118.0,9395.0,1.5815393651589356,0.20683747723702112,8746.1775246758,9151.575,9553.8025246758,4249060.0,62.2823249550331,0.12113329891776084,2498140.920225096,125280.21059931302,-2988076.0335929007,9127.166666666666,14013826.756632218,1000.1525791625921,-8.570769530733633,2.371948005590472,-10.942717536324105,1.0978941573887309,-0.20503278028015706,129.61342066224051,16799.638815766917,9139.5,9139.5,-0.3639392419250798,-0.3023846541788241,-0.6648145585650845,16799.638815766917,9279.864285714286,9.5,3.327694147211442,130.93111111111114,-0.001641137855579844,-0.018500591588684556,0.021264689423615035,-0.051293795041081,0.07786228440591425,,-0.0016424859975034149,-0.15826724224475452,-0.15356975666179573,-0.06896097462828565,-0.15054291889565308
2026-08-21 00:00:00+05:30,9145.0,9175.0,8956.0,8966.0,317848,0.0,0.0,9154.5,9336.3040234375,8990.289218749998,8233.8849609375,9171.867747618462,9175.54684236654,8937.020797055126,8278.847993760755,9176.664285714287,9206.56678615196,9131.952160510451,9311.323223262034,9141.845426127586,9112.701540941007,9207.411017316015,9100.589022050828,9247.106687013887,9167.437142017374,9118.212329396643,9141.149605972318,9358.272844713038,9163.000308852701,9151.288798094825,9045.5,9168.0,9175.5,42.12953880759874,-27.708384091285552,-8.102158916697945,-19.606225174587607,28.52178505167014,46.14091490544702,-17.61912985377688,11.801002769349475,31.592052245113685,-97.72209567198178,-2.7337817313950965,0.6567499298344092,-252.0,2509.0056411626774,-3.8764705882331327,44.26596174110348,-0.5971298448982876,-0.10954236047315039,-0.05836621569920153,-0.08339196715810725,1.9438254429295274,16.22990386902893,-202.77009613097107,-2692.601700143964,-2757.305049206992,86.75,1,0,0,86.75,1,1,0,0,0,190.6182083619898,219.0,8905.761075359145,9154.5,9403.238924640855,5.43424380667114,0.12108865696800687,8800.93526057385,9171.867747618462,9542.800234663075,8855.0,9125.0,9395.0,1.770832996846293,0.2168390304634137,8743.098618496977,9154.5,9573.223618496977,3931212.0,55.1419639959806,0.06191600354623928,2209320.134836968,29785.295834342483,-9780898.3145082,9032.333333333334,13459987.501837697,1000.1525791625921,-6.313680506359405,3.703229623971761,-10.016910130331166,1.2313308955785316,-1.5156453721279735,124.3694623204273,15467.763157872187,9139.5,9139.5,-0.24262046226135928,-0.4107776711574181,-0.5533633105859284,15467.763157872187,9220.992857142857,2.925,3.3207682114434105,134.1,-0.0174246575342466,-0.0296536796536796,0.006567499298343993,-0.0494811695754348,0.046227491631829265,,-0.017578253735307473,-0.15826724224475452,-0.15356975666179573,-0.06896097462828565,-0.15054291889565308
2026-08-24 00:00:00+05:30,8989.0,9054.0,8950.5,9054.0,142765,0.0,0.0,9156.7,9327.1665625,9012.374028320313,8241.376711425783,9160.642247845275,9170.780299528638,8939.337216915419,8286.560949046718,9167.092857142858,9195.496040134803,9114.371740667048,9296.652496878087,9117.573100923782,9096.304115946976,9155.910432900431,9107.65615831549,9239.597690301256,9149.87169992048,9121.596159616383,9144.643206387182,9353.879615706914,9154.832820251819,9101.75176059696,9010.0,9168.0,9172.75,45.55238404325986,-33.85356267386851,-11.39786999942472,-22.45569267444379,20.996690656622388,31.603941171606927,-10.607250514984539,13.765537814441775,17.636420249009912,-76.71541057367828,-2.3827493261455523,0.48834628190899,-221.0,2445.8986118590365,-52.1147058823517,48.90801756686072,-1.0940351923294673,-0.5971298448982876,-0.05766538929600218,-0.07686815297107932,0.7541702694207104,-89.80293954083209,-193.30293954083209,-2774.123514938488,-2716.956892953283,11.083333333333343,1,0,0,11.083333333333343,1,1,0,0,0,184.39547919327623,103.5,8912.607394622637,9156.7,9400.792605377364,5.331453588680719,0.2896290224744253,8805.322378614435,9160.642247845275,9515.962117076115,8855.0,9125.0,9395.0,1.9837968218447022,0.21577959976283778,8741.884043591192,9156.7,9574.384043591193,4073977.0,48.589311978502366,0.08400137045944252,2352085.134836968,33436.66744555114,-6588867.126721315,9019.5,13600109.295279589,1001.1340647749054,-9.734967739858137,0.22555391237842493,-9.960521652236562,0.5599380622570016,-0.8414839101022964,122.04630268868223,14895.299999977444,9139.5,9139.5,-0.2524289803928289,-0.2546203950254319,-0.5304186787606344,14895.299999977444,9187.878571428571,2.2,3.315504778300173,130.52666666666664,0.009814856123131932,-0.03372465314834583,0.004883462819089912,-0.04045574775151839,0.06415852666670196,,0.009767003280519193,-0.15826724224475452,-0.15356975666179573,-0.06896097462828565,-0.15054291889565308
2026-08-25 00:00:00+05:30,9029.5,9119.5,8990.5,9098.0,321426,0.0,0.0,9155.525,9318.202460937498,9033.21681640625,8249.334794921875,9154.676319479058,9167.926170135357,8942.479054204223,8294.634969454213,9161.502380952381,9186.509116115196,9107.414782557895,9286.120000132458,9109.414605403714,9086.251163546389,9115.217251082251,9113.088172592956,9238.630642494541,9126.741061832816,9120.964937670644,9143.696775142249,9345.066939187254,9150.670944470181,9072.31195671682,9076.0,9168.0,9172.75,47.232920975650146,-34.77239418245699,-9.853361206410561,-24.91903297604643,19.581948611776603,23.033474773356374,-3.451526161579771,21.726093987018807,15.764211523603352,-66.81664791901012,-0.2958904109589041,-0.25763306473715947,-27.0,2564.1518327707718,-73.8617647058818,53.87611779449181,-1.3538920556399525,-1.0940351923294673,-0.0572004452349395,-0.07117340679783585,-0.21142575137033096,-17.759662463571658,-146.75966246357166,-2824.0260193897916,-2739.4063449552527,-87.91666666666667,1,0,0,-87.91666666666667,1,1,0,0,0,180.43865925089938,129.0,8910.494502435407,9155.525,9400.555497564592,5.352625820247168,0.3826166526784374,8808.625009222584,9154.676319479058,9500.727629735533,8855.0,9125.0,9395.0,2.1301076237374943,0.21184324714402678,8742.68901797196,9155.525,9571.81401797196,4395403.0,50.19730285905629,0.06785460991647514,2566369.134836968,100071.986064177,-3627208.394332556,9069.333333333334,13756313.669037044,1001.1340647749054,-6.898049309941562,2.4499778738360005,-9.348027183777562,1.278547712742239,-0.4695333892862491,122.51524878229641,15009.986184187981,9139.5,9139.5,-0.2226166601505974,-0.3126140735924382,-0.6194149718552805,15009.986184187981,9173.457142857143,-1.175,3.314281175870977,118.3555555555556,0.004859730505853754,-0.004486267644162378,-0.0025763306473716163,-0.040951748395435805,0.10347271631766741,,0.004847960134045486,-0.15826724224475452,-0.15356975666179573,-0.06896097462828565,-0.15054291889565308
2026-08-26 00:00:00+05:30,9130.0,9159.0,8984.0,9060.0,239534,0.0,0.0,9156.175,9301.81,9051.88810546875,8256.774436035157,9145.65952714772,9163.69377130652,8944.806201645722,8302.250541897454,9152.404761904763,9176.383529411763,9094.74103877641,9273.186126742694,9093.241731943925,9072.795043483815,9079.935108225107,9115.992988784154,9228.05097131962,9097.813341658262,9123.47611658552,9144.190877796356,9321.604309431874,9143.931267720467,9060.737738398984,9079.0,9168.0,9172.75,45.914852450990175,-38.127348849502596,-10.56665269876493,-27.560696150737666,27.034120734908136,22.53758666776904,4.496534067139095,31.371635454849883,22.287755752103486,-75.36557930258718,-2.4652815157713426,0.14369404222394164,-229.0,2549.0314493398655,-68.16176470588289,50.07956154285338,-1.4190060980600976,-1.3538920556399525,-0.057333139754045526,-0.06649740175787874,-1.1707498878017617,32.777432174081696,-142.2225678259183,-2801.6989634017345,-2781.766622033709,-129.16666666666669,1,0,0,-129.16666666666669,1,1,0,0,0,180.05018359012087,175.0,8912.290369164424,9156.175,9400.059630835574,5.327216459614961,0.3028268536838641,8799.232151201386,9145.65952714772,9492.086903094054,8855.0,9125.0,9395.0,2.3063380932315547,0.2102876874502067,8745.04932154587,9156.175,9569.299321545872,4155869.0,43.57557747893945,0.07353259503089726,2534887.5234083966,108217.55949323531,-4409363.195142191,9067.666666666666,13656266.493833702,1000.7163905607924,-7.088052634013123,1.8079796398115517,-8.896032273824675,0.9738441054204315,-0.788692585264545,121.94231541778733,14869.928289451134,9139.5,9139.5,-0.2304273037557463,-0.26382588323643286,-0.6272914115424859,14869.928289451134,9144.864285714286,0.65,3.309886999530879,113.22666666666665,-0.004176742141129952,-0.008752735229759279,0.0014369404222394078,-0.04894868041608902,0.06293644120276487,,-0.004185489092924416,-0.15826724224475452,-0.15356975666179573,-0.06896097462828565,-0.15054291889565308
2026-08-27 00:00:00+05:30,9148.0,9188.0,8906.0,9079.0,477929,0.0,0.0,9165.325,9285.28,9067.032031250003,8264.05279296875,9139.3110007527,9160.37244694156,8947.463504583431,8309.979392226833,9145.054761904763,9167.645882352941,9087.497987392686,9262.379908166842,9085.332139554466,9062.655929813534,9054.566904761905,9118.11036889906,9220.002214305981,9080.688261500332,9128.457445346872,9155.829614521894,9305.316013835622,9139.15921103554,9063.890655230201,9069.5,9168.0,9150.5,46.715513421104646,-38.805705368131385,-8.996007373914974,-29.80969799421641,31.06536529559572,25.893811547426818,5.1715537481689005,34.33546189127769,29.144397111048793,-64.62167689161554,-2.344842422286759,2.0571043165467624,-218.0,2124.218539788262,-81.13235294117658,55.69417006409066,-1.4975757543679804,-1.4190060980600976,-0.05758488785736482,-0.06284461655691434,-2.019891695664872,68.52351329206977,-213.47648670793023,-2786.560459991736,-2802.0223234188793,-154.49999999999997,1,0,0,-154.49999999999997,1,1,0,0,0,187.33231333368366,282.0,8950.545241324395,9165.325,9380.104758675607,4.686789801247768,0.2990383252772384,8772.162422515541,9139.3110007527,9506.459578989858,8906.0,9150.5,9395.0,2.435297962544467,0.20061927523927378,8740.592732604096,9165.325,9582.842732604095,4633798.0,40.40944569711322,0.1364725156399762,2643353.6794367656,136223.8383147642,-2482218.310121878,9057.666666666666,13756494.429816041,1000.7163905607924,-0.23834866845777652,6.926146884293519,-7.164495552751296,1.75250511620505,-0.8038466988910452,107.38987933780315,11532.586184187921,9139.5,9139.5,0.18778233399615726,-0.7022583725095027,-0.6072260113025068,11532.586184187921,9104.514285714286,9.15,3.3069939297551167,110.31666666666666,0.002097130242825651,-0.005041095890410907,0.02057104316546754,-0.06127318306064311,0.06666018043131094,,0.0020949343347322173,-0.15826724224475452,-0.15356975666179573,-0.06896097462828565,-0.15054291889565308
2026-08-28 00:00:00+05:30,9079.0,9103.0,9013.5,9088.0,252548,0.0,0.0,9164.4,9265.380000000001,9082.201264648436,8271.274133300782,9134.424238776252,9157.53431176738,8950.246405482769,8317.72089081164,9137.690476190477,9159.909411764706,9083.124442043263,9252.81464464001,9081.629204280754,9054.459659765656,9037.870735930735,9119.600256378693,9215.276371495103,9054.527474690776,9129.929702392094,9155.212470002138,9279.649699654,9135.42200104078,9071.358326462181,9083.5,9168.0,9150.5,47.11488548306401,-38.177002294485646,-6.693843440215385,-31.48315885427026,32.41051923724258,30.17000175591548,2.240517481327103,34.03468992211653,33.24726242274803,-62.78118609406953,-1.645021645021645,-0.20315159501455005,-152.0,2088.470655086171,-75.76617647058993,53.65248864158283,-1.415461291477101,-1.4975757543679804,-0.057734473525727914,-0.0603601936772977,-2.760866098731561,-11.979845749654487,-101.47984574965449,-2799.6858227342345,-2800.038448151828,-179.49999999999997,1,0,0,-179.49999999999997,1,1,0,0,0,180.34429095270625,89.5,8948.397660831588,9164.4,9380.402339168411,4.7139439389029665,0.3231500633416001,8785.194572752156,9134.424238776252,9483.653904800347,8906.0,9150.5,9395.0,2.5621251244763266,0.18242589446172208,8757.064254087669,9164.4,9568.814254087669,4886346.0,41.55190851378093,0.1299252919708068,2811248.7185429106,188718.1158832754,-1802911.12296161,9068.166666666666,13781529.477728806,1000.8155204209091,-1.307605807992883,4.685511795806731,-5.993117603799614,0.8856845864761853,-0.7073997466336006,108.00116958420568,11664.252631556354,9139.5,9139.5,0.201148593892111,-0.745411647069351,-0.6171383551516255,11664.252631556354,9084.271428571428,-0.925,3.30602998780905,102.78333333333333,0.000991298601167534,0.013606959625251047,-0.0020315159501455016,-0.058550265789933165,0.10969447042299163,,0.0009908075891754047,-0.15826724224475452,-0.15356975666179573,-0.06896097462828565,-0.15054291889565308
2026-08-31 00:00:00+05:30,9105.0,9445.0,8990.0,9445.0,387155,0.0,0.0,9184.95,9253.83,9099.7362109375,8280.076442871094,9164.002882702323,9168.807476011796,8960.043506364298,8328.937598365754,9164.414285714287,9166.953333333333,9144.350411115112,9271.182404614448,9171.630871128546,9087.422422887545,9066.806623376622,9130.60270844696,9218.132874995637,9120.858191386893,9154.971674847306,9179.680088931698,9276.459768254834,9154.775017220982,9122.051726867656,9266.5,9205.5,9175.5,59.94082720282224,-8.77073062944146,18.16994257986304,-26.9406732093045,57.532379004771634,40.336087845869976,17.19629115890166,57.72248178761878,42.030877867004335,0.0,0.80042689434365,4.549479743192384,75.0,2432.6128147594236,-27.466176470588834,65.60485011095929,-0.7682720630167839,-1.415461291477101,-0.05322383945522979,-0.058290964700743096,-1.4912846727131757,282.87441792886784,-172.12558207113216,-2684.0348034988297,-2776.3710553920837,-115.83333333333334,1,0,0,-115.83333333333334,1,1,0,0,0,199.9625558846558,455.0,8944.377459238736,9184.95,9425.522540761265,5.238407193534302,1.0404814680368353,8761.366518204331,9164.002882702323,9566.639247200315,8906.0,9175.5,9445.0,2.5034594761062348,0.225416332843304,8726.914940996214,9184.95,9615.164940996216,5273501.0,51.3289025251181,0.21269571858127692,3198403.7185429106,316222.53708100505,18199552.60889005,9293.333333333334,15302373.832922468,1000.8155204209091,1.5401219900063068,6.026591675044736,-4.486469685038429,1.2907300673711386,2.161925872147349,120.2862703806318,14468.786842082462,9158.0,9158.0,0.38716336091071823,-0.2524628395809253,-0.3367359378540085,14468.786842082462,9123.342857142856,20.55,3.3102330916976292,106.91999999999994,0.039282570422535246,0.04318533244974598,0.04549479743192375,-0.0005461423080480587,0.22877312180762677,,0.03853063897467737,-0.15826724224475452,-0.15356975666179573,-0.06896097462828565,-0.15054291889565308
2026-09-01 00:00:00+05:30,9200.0,9209.0,8871.0,8895.5,653035,0.0,0.0,9170.925,9233.33,9113.567661132813,8286.574150390627,9138.431179587817,9158.08953577604,8958.765417129362,8334.575035197935,9136.84761904762,9152.901176470588,9097.514069143406,9246.152132442272,9102.956954951429,9055.847360491232,9070.409458874457,9133.5456376547,9207.78261377929,9076.109792207188,9138.855138578783,9147.233442469671,9251.976034164652,9133.999976525747,9134.568858415572,9170.25,9170.25,9158.0,42.75340667771438,-29.46643538612443,-2.0206097414559423,-27.44582564466849,47.16236886295243,45.70175570165554,1.4606131612968838,47.20428868496457,46.32048679823329,-95.73170731707317,-2.6644052959842432,-3.056887532693984,-243.5,2707.652881346253,-18.04705882352937,53.93361356827169,-0.644637096067771,-0.7682720630167839,-0.052398936582020994,-0.05685987781958292,-2.955603413093141,84.96378679617192,-253.03621320382808,-2561.9090857660103,-2719.3184663706456,-129.75,1,0,0,-129.75,1,1,0,0,0,226.67951617860896,574.0,8897.670101647574,9170.925,9444.179898352424,5.959156755778175,-0.003970837596432838,8664.807802184872,9138.431179587817,9612.05455699076,8871.0,9158.0,9445.0,2.9460906637875506,0.30969619543340016,8698.181836566837,9170.925,9634.681836566837,4620466.0,40.093690888585314,0.07603933284987045,2640039.4729807805,161974.58243021602,-35663630.97809424,8991.833333333334,11503086.035145866,1000.8155204209091,9.985596028905698,11.577652571155301,-1.5920565422496038,1.9228821309927842,-2.015883350385738,136.62744917621197,18667.059868398388,9139.5,9139.5,0.05160437839679132,-0.1701994404290716,-0.42895952398382675,18667.059868398388,9068.692857142856,-14.025,3.308275646335866,107.16666666666667,-0.058178930651138216,-0.02225763904154754,-0.03056887532693986,-0.07048958475981182,0.20300253001863067,,-0.05993997006077981,-0.15826724224475452,-0.15356975666179573,-0.06896097462828565,-0.15054291889565308
2026-09-02 00:00:00+05:30,8876.5,8933.0,8732.0,8804.0,434543,0.0,0.0,9151.125,9215.56,9124.0655859375,8292.36056152344,9106.580591055645,9144.203671627962,8955.700755404028,8339.245930370094,9101.902380952382,9136.064705882352,9040.743149124452,9215.471512674814,9023.12069827224,9016.493535205196,9044.092857142856,9126.635890757145,9189.601291751123,9019.623145330312,9122.115721379616,9120.137057116091,9231.893474224598,9106.690727203426,9100.287011876917,8849.75,9124.5,9088.5,40.66256649440256,-52.64436435063362,-20.158830964772108,-32.485533385861515,38.12215646700646,47.6056347782435,-9.483478311237036,34.50088478772997,46.47588508677111,-89.90182328190744,-3.676148796498906,-4.304347826086956,-336.0,3297.2402497671064,-53.766176470589926,51.32946434063093,-0.8725477461499979,-0.644637096067771,-0.055343372264637924,-0.056316744407685575,-4.150872293886034,-145.31675417470979,-346.3167541747098,-2556.5372595506224,-2641.3518101357563,-204.08333333333331,0,1,0,-204.08333333333331,1,0,0,0,0,224.84526502299406,201.0,8833.03135688624,9151.125,9469.21864311376,6.952011760603417,-0.045633349667188676,8639.778487691075,9106.580591055645,9573.382694420214,8732.0,9088.5,9445.0,3.4592909161926007,0.31079666444616605,8668.474652548688,9151.125,9623.724652548688,4185923.0,33.38611613551598,0.07575762483267585,2516810.861040482,44939.080598414876,-36248924.33836649,8823.0,11056110.772372553,999.7869104495753,10.916998340521966,10.007243906217255,0.9097544343047101,1.2426065790722867,-2.1825333986687556,159.04682155687982,25295.89144734597,9132.0,9132.0,-0.26847527339364047,0.04860027988181672,-0.4312538736055181,25295.89144734597,9003.457142857143,-19.8,3.304936172258315,116.5,-0.01028609971333816,-0.028256070640176656,-0.04304347826086952,-0.0711636325159739,0.18655578382861138,,-0.010339367228477838,-0.15826724224475452,-0.15356975666179573,-0.06896097462828565,-0.15054291889565308
2026-09-03 00:00:00+05:30,8879.5,8930.0,8787.0,8807.5,202650,0.0,0.0,9125.75,9201.09,9133.47882324219,8298.27395263672,9078.09672524082,9130.999606073923,8952.766086980186,8343.905174844023,9069.176190476192,9120.062352941177,8992.7583991849,9186.786370763099,8959.170619920049,8980.737475909424,8997.647857142854,9111.53154708037,9173.504776936994,8984.3257029179,9098.052359756886,9102.054656591721,9219.593602813751,9082.26475620202,9018.61101452729,8805.75,9124.5,9088.5,40.78186540246577,-69.92457235016991,-29.951231171446715,-39.973341178723196,8.318509903191599,31.201011744383493,-22.882501841191896,1.373826819634175,27.6930000974429,-89.4109396914446,-3.4794520547945207,-5.448201825013419,-317.5,3670.731314204746,-87.36323529411857,48.181412807316484,-1.162729569814732,-0.8725477461499979,-0.06079582068165834,-0.056586700516847444,-5.022197441079656,-109.62864643546527,-252.62864643546527,-2658.2685313197917,-2596.532670908648,-223.5,0,1,0,-223.5,1,0,0,0,0,218.9991746642088,143.0,8782.70872582241,9125.75,9468.79127417759,7.518094933075984,0.03613453546810886,8628.513869815735,9078.09672524082,9527.679580665907,8732.0,9088.5,9445.0,3.8954422072381174,0.3061899684138741,8649.452118018242,9125.75,9604.327118018242,4388573.0,37.26047921518324,0.013859291488541755,2372263.3085929295,-53016.85325685376,-30969181.57574271,8841.5,11064167.053608354,999.8266651065494,6.318637164722187,4.3271061843339815,1.9915309803882058,0.5909140082340142,-1.8554618581275646,171.5206370887954,29419.32894734626,9125.0,9125.0,-0.2383635657122034,-0.13831620939242467,-0.32795322980355857,29419.32894734626,8956.028571428573,-25.375,3.3022483537701395,120.75,0.000397546569741003,-0.029904174468553757,-0.05448201825013421,-0.05577354679688973,0.23017863811861328,,0.00039746756904039145,-0.15826724224475452,-0.15356975666179573,-0.06896097462828565,-0.15054291889565308
2026-09-04 00:00:00+05:30,8500.0,8500.0,8250.0,8300.0,1559741,0.0,0.0,9079.85,9176.47,9135.040234375001,8301.515483398438,9003.992275217886,9098.411386227888,8939.840025851865,8343.46830743264,8990.533333333335,9084.725490196079,8859.734525432255,9120.700184214435,8776.037532246699,8890.547317228966,8885.517662337661,9075.128650075414,9095.17729634938,8847.342302640005,9037.971875060537,8926.401348787334,9141.908181248597,9002.154155124927,8860.511175064257,8553.75,8872.5,8847.5,31.037609840000247,-123.15066611219845,-66.54185994678019,-56.60880616541825,8.290445815019336,18.24370406173913,-9.953258246719795,0.20627536523752935,12.026995657533893,-95.81589958158996,-7.428061565915682,-9.958776307224994,-666.0,4223.057181279238,-209.62352941176323,40.11951678275996,-1.5452339879558445,-1.162729569814732,-0.07424739396247881,-0.05842914547978929,-7.961027224820714,-433.9674112304001,-683.9674112304001,-2944.8472252213346,-2656.0613154546954,-355.8333333333333,0,1,0,-355.8333333333333,0,0,0,1,0,243.17780504533675,557.5,8579.285255778228,9079.85,9580.414744221773,11.025837303959257,-0.2789701622039249,8491.036358404714,9003.992275217886,9516.948192031059,8250.0,8847.5,9445.0,5.0667350365043005,0.36578410105988984,8591.429620622537,9079.85,9575.554620622537,2828832.0,25.198059409945376,-0.10525657331854255,1436418.7085929294,-386038.75771974935,-139626235.27920803,8350.0,2076729.557156466,999.8266651065494,28.03192850107978,20.83231801655326,7.19961048452652,3.3389684213861335,-3.115880648815701,250.28237211088606,62641.26578945203,9111.5,9111.5,-1.5613141024224124,4.075629620791109,0.0842235895746459,62641.26578945203,8811.9,-45.9,3.2926984767173098,142.5399999999999,-0.057621345444223704,-0.08670774647887325,-0.09958776307224992,-0.12713186016979394,0.1701111441755987,,-0.059348116430703445,-0.15826724224475452,-0.15356975666179573,-0.06896097462828565,-0.15054291889565308
2026-09-07 00:00:00+05:30,8310.0,8361.5,8175.0,8261.0,568946,0.0,0.0,9029.149999999998,9146.109999999999,9136.052402343754,8304.75858154297,8933.231106149517,9065.571724022873,8926.397649102324,8342.647727259182,8912.54761904762,9048.824705882353,8738.690179567326,9055.43461918552,8617.470025773984,8803.153056035342,8739.564567099564,9020.622063132947,8991.515579835585,8711.785892864766,8971.62003682287,8868.943613148613,9068.462940945385,8927.503124842793,8678.46308486534,8280.5,8853.0,8810.0,30.43577246954831,-166.55970634042933,-87.96072014000886,-78.59898620042047,7.181604756757509,7.93018682498948,-0.748582068231971,0.20627536523752935,0.5954591833697445,-93.22834645669292,-8.758559752595538,-10.932614555256064,-793.0,5062.032207840599,-381.14264705882306,39.28238995615309,-1.9601702827856706,-1.5452339879558445,-0.09344733354095247,-0.06245657751379073,-10.065962526428773,-476.3292096260575,-662.8292096260575,-3346.1914393483844,-2851.493368663543,-466.3333333333333,0,1,0,-466.3333333333333,0,0,0,1,0,239.1293903992413,186.5,8418.506499903222,9029.149999999998,9639.793500096774,13.526046196968174,-0.12896763813768597,8433.604324270931,8933.231106149517,9432.857888028102,8175.0,8810.0,9445.0,6.038401423115239,0.3633136266437733,8530.015776498492,9029.149999999998,9536.890776498492,2259886.0,24.105606184477335,-0.10692479368841985,1392184.301086227,-501255.1430503619,-122849472.23932119,8265.833333333334,1809393.4848673092,999.3567855884771,25.991391300462375,15.033424652748682,10.957966647713693,1.1161259807980646,-2.5158705525507408,305.3217500483883,93221.37105261051,9093.0,9093.0,-1.444508666383322,2.211006413281805,0.43318974669688304,93221.37105261051,8679.342857142856,-50.7,3.281641704041233,173.2044444444444,-0.0046987951807229145,-0.12535733192165166,-0.1093261455525606,-0.13141517510694478,0.15819396658511375,,-0.004709869222184027,-0.15826724224475452,-0.15356975666179573,-0.06896097462828565,-0.15054291889565308
2026-09-08 00:00:00+05:30,8301.0,8433.0,8301.0,8373.5,604579,0.0,0.0,8991.574999999999,9114.359999999999,9140.608095703126,8309.19866699219,8879.923381754325,9038.431656414134,8915.449180803269,8342.954715047648,8850.104761904762,9018.526274509804,8655.679364203359,9002.616333867887,8519.129761799539,8735.556936571915,8593.816796536794,8955.518888170653,8929.33356818117,8614.187236401454,8915.752584398444,8819.420223156103,9022.481950786318,8876.37308589152,8521.07811018898,8317.25,8853.0,8810.0,34.38804135254181,-189.69716285724462,-88.87854132545931,-100.81862153178531,8.861891740519884,8.11131410409891,0.7505776364209744,4.465075468957282,1.62587539981078,-84.37007874015748,-7.9632886348648055,-8.235616438356164,-724.5,5758.686586804612,-495.8823529411766,39.23226286888998,-2.1287730088089187,-1.9601702827856706,-0.11466852256341031,-0.06882717560372015,-11.62469055330243,-338.4964653937641,-470.4964653937641,-3861.718009478673,-3183.6773116563168,-589.75,0,1,0,-589.75,0,0,0,1,0,234.33443394215263,172.0,8316.662430613633,8991.574999999999,9666.487569386365,15.012110100541147,0.04210735728188041,8395.11819814989,8879.923381754325,9364.728565358759,8175.0,8810.0,9445.0,6.724939573266473,0.36727119079378806,8509.69711371901,8991.574999999999,9475.947113719012,2864465.0,32.236670219168296,-0.08151662955476735,1451726.172298348,-483875.3286589957,-95583099.41941817,8369.166666666666,2632721.6231072317,999.3567855884771,24.5905752865759,10.906086911089764,13.684488375486135,1.1236149468652545,-1.8315705708724772,337.4562846931833,113876.74407892677,9083.5,9083.5,-1.1273717342705878,0.6205529540936741,0.6037477369087686,113876.74407892677,8567.164285714285,-37.575,3.2736391406546934,201.9800000000003,0.013618206028325863,-0.05868135574166711,-0.08235616438356164,-0.12284515873351998,0.1408544356365864,,0.013526311612027614,-0.15826724224475452,-0.15356975666179573,-0.06896097462828565,-0.15054291889565308
2026-09-09 00:00:00+05:30,8373.5,8407.0,8302.0,8354.0,198567,0.0,0.0,8944.825,9087.169999999998,9144.147685546877,8314.009033203127,8829.835440634864,9011.591199299855,8904.33137524281,8343.064618380507,8789.383333333335,8988.708235294118,8581.630335171145,8951.392509037782,8436.406377265672,8671.378872065661,8460.510562770562,8882.96928679164,8872.81935831065,8520.359880553697,8856.036796774975,8789.878848260527,9001.606341006594,8828.815799589,8413.252704986924,8363.75,8853.0,8810.0,34.02716941461404,-207.21856425523583,-85.11995417876041,-122.09861007647542,12.165354330708661,9.402950275995352,2.7624040547133095,8.52245589357944,4.39793557592475,-85.90551181102362,-7.792494481236203,-10.065669070944127,-706.0,6120.530129557715,-571.467647058822,30.8416531670787,-2.2140280264493577,-2.1287730088089187,-0.13683176196267466,-0.07763238383764347,-13.080907536392832,-304.85411319465493,-409.85411319465493,-4280.536534080952,-3606.867109492733,-648.9999999999999,0,1,0,-648.9999999999999,0,0,0,1,0,225.09626008914174,105.0,8228.403022391887,8944.825,9661.246977608114,16.018691871738433,0.08765572632726731,8371.20217927847,8829.835440634864,9288.468701991258,8175.0,8810.0,9445.0,7.366614554574882,0.35803124437685135,8479.473714611693,8944.825,9422.348714611695,2665898.0,28.254770344464912,-0.12043137576661941,1449835.0580126338,-433378.4565298916,-82481521.8595013,8354.333333333334,2586479.83054737,999.1239080581732,17.137527817158333,2.762431553337759,14.375096263820573,0.3718696936321994,-1.6493770946909312,358.2109888040567,128315.11249998001,9069.5,9069.5,-0.8681368069081397,-0.2727661728146384,0.728072469328393,128315.11249998001,8478.5,-46.75,3.2670136731733592,233.45333333333303,-0.002328775303039321,-0.051113130395274875,-0.10065669070944128,-0.15442117979972592,0.16903036303093666,,-0.0023314911174122316,-0.15826724224475452,-0.15356975666179573,-0.06896097462828565,-0.15054291889565308
2026-09-10 00:00:00+05:30,8330.5,8387.5,8272.5,8358.0,259270,0.0,0.0,8897.875000000002,9061.63,9148.468754882815,8318.779682617189,8784.898732002974,8985.960171876332,8893.512932168695,8343.21322914289,8733.495238095238,8960.113333333333,8519.675185916469,8903.49632547252,8372.8844443909,8613.071602676853,8353.160281385279,8808.25042663219,8819.786820820442,8435.373225262869,8802.780451803408,8762.010555604613,8981.296899751216,8786.943833894566,8364.301372333248,8356.0,8853.0,8810.0,34.179755603328104,-218.2656045043168,-76.93359554227308,-141.33200896204372,14.711286089238843,11.912844053489128,2.7984420357497157,12.752220553257189,8.579917305264637,-85.59055118110236,-7.941403238242097,-10.1000322684737,-721.0,6316.827003428044,-660.2411764705867,38.21808399430212,-2.311050720673845,-2.2140280264493577,-0.15881497751492057,-0.08886355094755377,-13.916192229621123,-273.80352559542007,-388.80352559542007,-4424.239532677026,-4009.1566765241096,-678.0,0,1,0,-678.0,0,0,0,1,0,217.2322415113459,115.0,8156.008585936316,8897.875000000002,9639.741414063688,16.675136795328907,0.13613732218799685,8348.040066966238,8784.898732002974,9221.75739703971,8175.0,8810.0,9445.0,7.899362262549033,0.357946519758991,8428.044591368545,8897.875000000002,9373.544591368547,2925168.0,28.620898810451358,-0.08524545180595532,1576088.2754039383,-333151.1254407619,-70550293.02242969,8339.333333333334,2598894.0033986988,999.1239080581732,11.774931499760207,-2.080131811248295,13.855063311008502,0.5062844730185349,-1.455450711248012,370.9332070318429,137591.44407892803,9057.0,9057.0,-0.6391566915654459,-0.8365992153325532,0.7912410921836903,137591.44407892803,8404.735714285714,-46.95,3.2611778507067504,258.5600000000001,0.00047881254488868485,-0.051036048822026725,-0.10100032268473702,-0.15622633890262982,0.17105801289388256,,0.0004786979507400649,-0.15826724224475452,-0.15356975666179573,-0.06896097462828565,-0.15054291889565308
2026-09-11 00:00:00+05:30,8319.0,8319.0,8118.0,8241.0,400369,0.0,0.0,8847.925,9035.48,9150.92810546875,8322.467695312502,8733.098852764595,8956.746047489025,8880.591884006937,8342.196182086742,8670.935714285715,8927.931764705882,8446.268134613509,8849.447604964225,8293.908117555753,8546.551396593319,8257.562727272725,8730.833216979097,8749.812576836901,8302.194822856882,8740.20082624249,8728.774622338413,8957.471128934789,8736.5413807426,8338.688638277057,8299.5,8843.0,8781.5,31.85868422378341,-233.76666903559817,-73.94772805884355,-159.81894097675462,12.59098829677187,13.155876238906458,-0.5648879421345878,9.894679530062099,10.389785325632909,-90.73097211755841,-9.319982394366198,-10.811688311688311,-847.0,6376.189451375308,-668.467647058822,39.190963733175046,-2.574432756859013,-2.311050720673845,-0.18133876750637823,-0.10309854295323692,-15.224921346782054,-282.2601647960746,-483.2601647960746,-4418.057087424305,-4281.554538403156,-759.25,0,1,0,-759.25,0,0,0,1,0,218.8585099748212,240.0,8069.428116661122,8847.925,9626.421883338877,17.597275820915698,0.11019432897600534,8292.131489159929,8733.098852764595,9174.066216369261,8118.0,8781.5,9445.0,8.555381768908678,0.3592989974552144,8363.18208968913,8847.925,9332.93208968913,2524799.0,27.608482324613977,-0.060114646200484595,1665723.126150207,-233342.38971769065,-67163561.59065402,8226.0,2038434.886385059,999.1239080581732,9.815278338868497,-3.2318279777120047,13.047106316580502,0.759878569442507,-1.5592226840959778,389.248441669439,151514.34934208664,9010.0,9010.0,-0.4436441969342814,-1.1850274106909324,0.8287318384189953,151514.34934208664,8316.957142857142,-49.95,3.2540465532777354,289.9111111111113,-0.013998564249820489,-0.007108433734939745,-0.10811688311688317,-0.18268372508182085,0.2185580792295292,,-0.014097468244477104,-0.15826724224475452,-0.15356975666179573,-0.06896097462828565,-0.15054291889565308
2026-09-14 00:00:00+05:30,8241.0,8241.0,8241.0,8241.0,0,0.0,0.0,8791.474999999999,9008.619999999999,9153.063994140624,8326.454289550784,8686.232295358443,8928.677575038477,8867.926698185016,8341.1892549018,8613.133333333333,8896.77568627451,8384.315712711417,8798.61916653275,8232.817057972361,8485.733822547654,8175.69766233766,8653.517092221504,8586.473577204986,8234.033411156226,8685.95765658592,8709.321530948824,8950.773833523781,8691.832851065563,8315.25552213403,8241.0,8843.0,8781.5,31.858684223783406,-243.2473700896153,-66.74274329028853,-176.50462679932676,10.982501527926944,12.761591971312551,-1.7790904433856074,7.444833551202126,10.030577878173805,-90.73097211755841,-12.747485442032822,-12.049092849519743,-1204.0,6509.633075221691,-649.4691176470569,40.0635871306412,-2.7736980398313484,-2.574432756859013,-0.20339461417800964,-0.11987584046390233,-16.376478318705058,-308.7944269680647,-308.7944269680647,-4374.95035213317,-4390.013354402797,-758.9166666666666,0,1,0,-758.9166666666666,0,0,0,1,0,203.22575926233398,2.220446049250313e-16,8008.654695621467,8791.474999999999,9574.295304378531,17.808622657256766,0.1484027069041011,8287.261823525649,8686.232295358443,9085.202767191236,8118.0,8781.5,9445.0,9.176038146183007,0.35250133747802853,8329.937689388475,8791.474999999999,9258.687689388475,2524799.0,23.685093828644657,-0.08302653812209126,1665723.126150207,-171298.59876573482,-57568767.077703446,,2038434.886385059,999.1239080581732,0.35426974351982016,-10.154269258448547,10.508539001968368,0.0,-1.4063891723835953,391.4101521892658,153201.9072368242,8930.75,8930.75,-0.3088868441168162,-1.4396749128652313,0.8500135345938754,153201.9072368242,8256.45,-56.45,3.24243601721924,320.62222222222215,0.0,-0.0024210144050357263,-0.12049092849519749,-0.1777500623596907,0.17207189113827637,,0.0,-0.15826724224475452,-0.15356975666179573,-0.06896097462828565,-0.15054291889565308
2026-09-15 00:00:00+05:30,8258.5,8294.5,8115.0,8143.5,301764,0.0,0.0,8741.699999999999,8983.47,9152.348779296874,8329.998171386722,8634.543505324305,8897.886297585987,8853.58161505264,8339.222197639096,8551.42142857143,8862.849411764706,8314.614834803255,8743.344442449661,8161.24797243904,8419.205800485564,8106.838398268395,8576.25284744667,8466.239270787994,8162.506419617538,8619.76323868059,8673.881202363447,8932.615323925565,8641.003180959537,8275.320522139551,8192.25,8794.25,8780.0,29.896549890720163,-255.68099775199698,-63.341096762136175,-192.3399009898608,6.893637635913446,10.155709153537419,-3.2620715176239727,3.2150688915243775,6.851527324262867,-97.85714285714285,-8.453712551289978,-10.892876682350366,-752.0,6562.335040641354,-656.4044117647045,46.07500163005356,-3.0819390213108924,-2.7736980398313484,-0.22549725785041552,-0.13878182775121095,-18.020676513299563,-197.25236597262665,-376.75236597262665,-4437.536037903465,-4407.965074949239,-772.3333333333333,0,1,0,-772.3333333333333,0,0,0,1,0,201.53106217216728,179.5,7926.013889060945,8741.699999999999,9557.386110939053,18.661956162738456,0.13331483031424632,8239.379745094635,8634.543505324305,9029.707265553976,8115.0,8780.0,9445.0,9.847885996654666,0.346384826525591,8295.043238348162,8741.699999999999,9193.543238348162,2223035.0,23.55471500366167,-0.09556069667763804,1459783.9060944966,-195870.56350623025,-53547798.92374581,8184.333333333333,1681415.2285765405,999.1239080581732,-1.3267191825163942,-9.46820654758781,8.141487365071416,0.6660826160171586,-1.4667406787430148,407.84305546952686,166335.95789471958,8851.5,8851.5,-0.1348044570988894,-1.5402159151137789,0.8593485757531841,166335.95789471958,8170.864285714286,-49.775,3.241046716036973,348.782222222222,-0.011831088460138361,-0.027467606138412815,-0.10892876682350372,-0.17912403608689076,0.14515598443461775,,-0.011901632749768114,-0.15826724224475452,-0.15356975666179573,-0.06896097462828565,-0.15054291889565308
2026-09-16 00:00:00+05:30,8129.5,8244.0,8072.0,8121.5,246715,0.0,0.0,8690.775000000001,8961.220000000001,9152.463583984374,8333.77542480469,8585.682219102942,8867.439776112027,8839.084949408034,8337.055807612836,8492.354761904762,8829.046666666667,8252.015115383616,8689.70584564332,8100.824609874697,8355.99594078984,8052.573246753245,8499.221956474898,8376.569205031887,8093.267712987296,8554.125464614684,8636.660426979388,8916.756400851009,8593.45084666062,8227.586371567479,8132.5,8783.25,8758.5,29.455717741131835,-264.2636861170886,-57.53902810178221,-206.72465801530637,5.005709672186251,7.6272829453422135,-2.6215732731559624,1.6075344457621867,4.08914562949623,-96.39475600873999,-7.752158109950023,-11.143326039387308,-682.5,6606.2851606543045,-672.1161764705885,43.654738493876984,-3.4418285294074202,-3.0819390213108924,-0.24703152096572367,-0.15947468333832931,-18.55435255580231,-194.85917083368076,-366.85917083368076,-4605.72473064707,-4441.459099690774,-894.1666666666665,0,1,0,-894.1666666666665,0,0,0,1,0,199.42170058844104,172.0,7852.917929222076,8690.775000000001,9528.632070777927,19.281527154435025,0.16027916941045414,8195.391197942765,8585.682219102942,8975.97324026312,8072.0,8758.5,9445.0,10.503206395732906,0.3458953006082968,8251.907533394064,8690.775000000001,9146.782533394062,1976320.0,24.610010758865087,-0.14797120608509295,1355073.470047985,-221433.27295975666,-46673503.3632107,8145.833333333333,1614764.157169897,998.8537539475328,-3.9102234046385056,-9.641368615767938,5.731145211129433,0.5681272582952015,-1.358883322358184,418.92853538896253,175501.11776314123,8805.75,8805.75,0.042909471617506814,-1.5518026776737504,0.8639181303760715,175501.11776314123,8095.514285714286,-50.925,3.2419175566879472,374.01888888888885,-0.0027015411064038597,-0.027830979171654335,-0.11143326039387313,-0.16208408563322152,0.15466751619435293,,-0.002705196854164963,-0.15826724224475452,-0.15356975666179573,-0.06896097462828565,-0.15054291889565308
2026-09-17 00:00:00+05:30,8130.0,8266.0,8112.5,8208.5,261101,0.0,0.0,8644.95,8943.910000000002,9153.826596679686,8338.256403808595,8549.760102997901,8841.599000578222,8826.598118726686,8335.776645348033,8446.42380952381,8799.528235294118,8215.36985649014,8646.00761637973,8077.924174697297,8308.227213035021,8025.6973376623355,8425.93684227537,8346.489202598395,8095.52793079803,8500.120544433717,8605.530242379622,8901.878541892673,8560.422075028095,8194.430930720162,8165.0,8783.25,8758.5,33.623886207147656,-261.03629168954467,-43.449306939390624,-217.58698475015404,5.229944854853813,5.709764054317837,-0.47981919946402396,4.557600458735235,3.1267345986739326,-90.05826656955571,-6.80102185637241,-10.043835616438356,-599.0,6677.253835853984,-675.5455882352926,43.19121797675592,-3.0624646109306575,-3.4418285294074202,-0.2661491350937517,-0.18079709901958185,-18.390997419906196,-139.9507178574422,-293.4507178574422,-4780.152950463785,-4540.270806616338,-892.0,0,1,0,-892.0,0,0,0,1,0,196.14157911783812,153.5,7806.836774387075,8644.95,9483.063225612927,19.38966045177649,0.2396234860267133,8167.401560043455,8549.760102997901,8932.118645952349,8072.0,8758.5,9445.0,11.04139821228709,0.35062855065098175,8198.792717886388,8644.95,9106.167717886387,2237421.0,24.390555394370356,-0.13761338885304567,1420561.3430121543,-190923.39697853103,-36760747.59703775,8195.666666666666,1894463.5599895734,998.8537539475328,-5.6646832534445135,-9.116662771659158,3.4519795182146433,0.5932695182879002,-1.0415060558931466,419.056612806463,175608.44473682588,8588.75,8588.75,0.2547068725097837,-1.4718449523379185,0.8507803356577438,175608.44473682588,8049.371428571429,-45.825,3.245406926781932,388.8866666666666,0.010712306839869568,-0.017887054319215112,-0.10043835616438357,-0.1387577379078796,0.20515056632586814,,0.010655336575122496,-0.15826724224475452,-0.15356975666179573,-0.06896097462828565,-0.15054291889565308
2026-09-18 00:00:00+05:30,8256.0,8400.0,8235.0,8400.0,417221,0.0,0.0,8616.65,8927.7,9157.104609375,8344.292048339845,8535.497236045721,8824.28139271241,8818.150631227147,8336.415683702779,8423.095238095239,8778.198431372548,8220.049181010538,8619.72177288592,8112.83173738744,8286.57111975528,8043.90712121212,8362.837875457875,8347.722010070283,8137.763365960122,8458.155032887298,8580.267983613327,8883.027536803593,8548.062610292776,8204.521597940131,8304.25,8508.5,8640.5,41.778461236177485,-240.25658048061632,-18.135676584369804,-222.12090389624652,14.131607542796184,8.122420689945415,6.009186852850769,35.44703684579851,13.870723916765307,-71.15215479331573,1.2048192771084338,-6.312737006468883,100.0,6801.627264398404,-633.4514705882357,47.459434530769855,-1.967547360444158,-3.0624646109306575,-0.28021398501166805,-0.2015489491829947,-17.943447420937378,-5.100615306379041,-170.10061530637904,-5097.605609859754,-4717.816168330821,-835.9999999999999,0,1,0,-835.9999999999999,0,0,0,1,0,195.81003775227825,191.5,7785.991409039322,8616.65,9447.308590960678,19.2803140654588,0.36959142880263307,8153.077601944079,8535.497236045721,8917.916870147365,8072.0,8758.5,9445.0,11.141307081705081,0.36125609049811036,8168.041853995258,8616.65,9061.916853995257,2654642.0,24.219880699315276,-0.04685301954017505,1837782.3430121543,-28333.2752608906,-20095237.726032358,8345.0,2867818.2715690336,998.8537539475328,-3.362055381868851,-5.4512279200667955,2.0891725381979445,1.2803955891794219,-0.5216342847894667,415.3292954803388,172498.4236841946,8386.75,8386.75,0.45011729189136246,-1.300397839849631,0.8084172358784351,172498.4236841946,8035.985714285714,-28.3,3.262646382550265,394.4044444444444,0.02332947554364373,0.019293775027302562,-0.06312737006468883,-0.11866540761724897,0.21875182645935198,,0.023061503096832033,-0.15826724224475452,-0.15356975666179573,-0.06896097462828565,-0.15054291889565308
2026-09-21 00:00:00+05:30,8352.5,8429.0,8331.0,8369.5,211821,0.0,0.0,8582.425000000001,8908.96,9157.748671875,8349.570561523436,8519.687975469938,8806.446828292317,8809.266460311757,8336.744880879865,8399.557142857144,8756.308235294116,8219.978975631446,8592.773984604422,8137.212814674222,8263.932220435592,8087.288333333332,8308.685008618831,8348.282199540425,8159.452569202015,8424.501894342699,8566.23139859986,8867.595682399286,8534.184344092624,8245.366073973204,8384.75,8464.5,8502.5,40.916274496327695,-223.67126166472735,-1.2402862147846463,-222.4309754499427,24.447474721861273,14.603009039837088,9.844465682024184,66.44813320555954,35.48425683669776,-65.44715447154472,1.3134003147318727,-7.560194389220234,108.5,6774.3423848602815,-583.2249999999967,47.038062507994255,-0.9288105838176155,-1.967547360444158,-0.2903106640510522,-0.22106474268162157,-15.652612276018672,28.985186880245237,-69.01481311975476,-5519.578323586745,-4980.136695813482,-772.5,0,1,0,-772.5,0,0,0,1,0,188.8236064842584,98.0,7771.467004137966,8582.425000000001,9393.382995862037,18.89810853836848,0.3687200810113071,8155.022592235119,8519.687975469938,8884.353358704757,8072.0,8758.5,9445.0,11.11204404409473,0.3579633493423774,8137.6146594722895,8582.425000000001,9030.114659472289,2442821.0,30.056696504143318,-0.06997112434394566,1792392.12872644,26314.276829134207,-18147423.836599167,8376.5,2790907.0751404623,998.4906587094376,-6.320634406716939,-6.727845555931907,0.4072111492149677,0.73006303493443,-0.5251196759547705,405.4789979310178,164413.2177631423,8371.5,8371.5,0.6791582937564319,-0.9380833069046752,0.7732788727821824,164413.2177631423,8033.821428571428,-34.225,3.2781828928734633,399.0600000000001,-0.003630952380952346,0.015592767867977253,-0.07560194389220232,-0.1441353921668882,0.2226246026729819,,-0.003637560288730289,-0.15826724224475452,-0.15356975666179573,-0.06896097462828565,-0.15054291889565308
2026-09-22 00:00:00+05:30,8400.0,8442.0,8345.0,8350.0,231281,0.0,0.0,8545.025000000001,8885.310000000001,9158.272382812498,8355.2069140625,8503.527215901373,8788.546952673012,8800.17207495905,8336.876772612406,8377.42142857143,8734.388235294116,8217.740290723557,8566.055516475897,8155.452784074299,8241.636742412671,8139.433766233766,8262.902728937728,8348.295672404322,8177.218991182776,8390.599859270436,8538.296018444846,8842.681830079857,8519.828562151974,8295.968875839835,8359.75,8464.5,8501.0,40.34303393841457,-209.68366131991752,10.197851304020162,-219.88151262393768,31.933874378690646,23.50431888111603,8.429555497574615,91.34099887519356,64.41205630885054,-67.5990675990676,-0.28064728010987045,-8.221587162013629,-23.5,6664.460392617132,-520.5191176470562,43.82177279100284,-0.07969828736752765,-0.9288105838176155,-0.2971840368588774,-0.238881662114533,-13.40597515550616,49.130160183067346,-47.869839816932654,-5912.685984522786,-5321.201133646595,-624.5,0,1,0,-624.5,0,0,0,1,0,182.2647774496685,97.0,7765.810856404747,8545.025000000001,9324.239143595256,18.23784350766099,0.3748578926582582,8155.115678688918,8503.527215901373,8851.938753113829,8072.0,8758.5,9445.0,11.050561531516076,0.3565323690289395,8108.503820336756,8545.025000000001,8993.003820336757,2211540.0,35.567624356755495,-0.12409195464536543,1584954.5307882957,-19724.98546245927,-16199217.502799287,8379.0,2737021.185899767,998.4906587094376,-8.244946999613395,-6.92172651906269,-1.323220480550705,0.9148379282697068,-0.5005684293669669,389.60707179762744,151793.67039472164,8363.75,8363.75,0.9386696251283767,-0.33076651458069445,0.739816527136696,151793.67039472164,8042.214285714285,-37.4,3.2893153931476236,405.3233333333332,-0.0023298882848438174,0.025357647203291034,-0.08221587162013633,-0.16173074992470637,0.1905235141412609,,-0.0023326066977735326,-0.15826724224475452,-0.15356975666179573,-0.06896097462828565,-0.15054291889565308
2026-09-23 00:00:00+05:30,8398.5,8454.0,8367.0,8417.0,226275,0.0,0.0,8512.875,8867.160000000002,9158.684794921875,8362.332788085936,8495.28652867267,8773.976483940738,8792.584509118276,8337.674018656064,8365.228571428572,8716.023137254902,8229.261546019154,8546.211124302697,8190.786035620382,8229.447552190866,8197.935735930736,8226.602641672054,8349.35485125794,8205.674325355845,8363.870453024538,8518.99237648993,8825.281014758424,8512.118110073898,8341.513881398365,8383.5,8269.25,8286.0,43.28323579059436,-190.99042844213363,23.11286734544325,-214.10329578757688,49.18708485496723,35.18947798517304,13.99760686979419,93.78489582146362,83.8580093007389,-19.39252336448598,0.7541297581996649,-7.097130242825607,63.0,6519.277656378292,-445.54117647058774,45.80667521546385,0.6162299044407714,-0.07969828736752765,-0.3003331397148701,-0.25460590235897185,-11.344267689935721,57.682994442628114,-29.317005557371886,-6084.4399375975045,-5674.429027279386,-441.0833333333333,0,1,0,-441.0833333333333,0,0,0,1,0,176.67443620326358,104.0,7770.957365544712,8512.875,9254.792634455287,17.430483460764723,0.43538703250368854,8160.247518813781,8495.28652867267,8830.325538531559,8072.0,8758.5,9445.0,10.902331343363178,0.3591899583028494,8086.330019778048,8512.875,8948.830019778046,2437815.0,35.72560035564284,-0.11603072958219912,1618765.7376848473,-26007.9373453483,-11719268.573827961,8412.666666666666,2918583.1619476713,999.2930539190185,-9.89465327669452,-6.857146236915051,-3.0375070397794683,0.8853333395935624,-0.25845186998524694,370.95881722764386,137610.4440789325,8363.75,8363.75,1.2182622240843195,0.5571891623470675,0.6895012052107042,137610.4440789325,8069.935714285715,-32.15,3.3007496038392303,400.65777777777777,0.008023952095808307,0.036384904266453244,-0.07097130242825611,-0.13347403098780053,0.17018640961238196,,0.007991931366674856,-0.15826724224475452,-0.15356975666179573,-0.06896097462828565,-0.15054291889565308
2026-09-24 00:00:00+05:30,8371.0,8420.0,8324.0,8366.5,237772,0.0,0.0,8477.250000000002,8850.19,9152.744951171877,8368.365153808592,8483.021144989558,8757.997013982278,8784.147192106033,8337.960844341078,8351.288095238097,8696.389411764705,8231.23462306594,8523.810805154268,8209.305863841722,8213.300282727047,8249.518008658008,8197.244988149105,8349.443769832345,8232.943437226717,8340.463768592203,8479.294363760888,8799.528901116904,8500.973556990506,8365.677626151328,8391.75,8269.25,8263.0,41.61828492407102,-178.1966940969487,28.72528135250255,-206.92197544945125,63.367549958047576,48.16283639723515,15.20471356081243,92.10351574395553,92.40980348020423,-22.905759162303664,0.10169897104570472,-7.847780592576275,8.5,6216.589492845645,-383.21176470588034,51.77024392303003,1.0252275226064325,0.6162299044407714,-0.30102761456591853,-0.2679046631433652,-8.629144253193648,27.942566665109553,-68.05743333489045,-5767.91970260223,-5880.291645071592,-221.66666666666663,0,1,0,-221.66666666666663,0,0,0,1,0,170.91197647445904,96.0,7782.89020398951,8477.250000000002,9171.609796010493,16.381722752319234,0.42025027900785317,8161.604897974373,8483.021144989558,8804.437392004742,8072.0,8758.5,9445.0,10.411013736871702,0.35861368554702605,8075.4455555813865,8477.250000000002,8891.445555581386,2200043.0,47.12341654738446,-0.1373983211597494,1591521.029351514,-34882.64873574069,-11760442.49185254,8370.166666666666,2775925.6117516393,999.2930539190185,-10.861686357439169,-6.259343454127761,-4.602342903311408,0.9382086469777483,-0.3189988839685887,347.17989800524566,120533.8815789328,8362.25,8362.25,1.571485713782782,2.001570687746755,0.639637910323095,120533.8815789328,8099.364285714285,-35.625,3.3094001250417158,393.53333333333336,-0.005999762385648144,0.019248340135225694,-0.0784778059257627,-0.1316554229372081,0.1060058418637988,,-0.00601783327694787,-0.15826724224475452,-0.15356975666179573,-0.06896097462828565,-0.15054291889565308
2026-09-25 00:00:00+05:30,8394.0,8463.0,8350.0,8384.5,191361,0.0,0.0,8442.075,8840.64,9146.188886718752,8374.761220703125,8473.638178800076,8743.350072257483,8776.233386321755,8338.42392051679,8342.454761904763,8678.12705882353,8237.341975269177,8504.275084471454,8231.516719278772,8201.244383140536,8297.691082251082,8174.182977806506,8351.028310460224,8261.044062252744,8315.935777667019,8456.662868048976,8791.68108627883,8492.182010282915,8377.141590637293,8375.5,8269.25,8267.5,42.46777571751016,-164.7064840647181,33.77239310778654,-198.47887717250464,79.20833037683312,63.92098839661597,15.28734198021715,94.02059253455116,93.30300136665676,-20.076726342710995,1.7412935323383085,-7.740977112676056,143.5,5803.364326550668,-339.94852941176396,52.77749284890224,1.4449329157592343,1.0252275226064325,-0.29936244238505383,-0.2785677551663701,-6.038899178208753,72.02219999866429,-40.97780000133571,-5250.282631231742,-5811.2813160256665,-102.08333333333331,0,1,0,-102.08333333333331,0,0,0,1,0,166.77540672628342,113.0,7809.455527197935,8442.075,9074.694472802066,14.987298094415543,0.4544947614835634,8161.3091934053855,8473.638178800076,8785.967164194768,8072.0,8758.5,9445.0,9.857750333639451,0.3588546829256686,8039.952287546942,8442.075,8861.827287546943,2391404.0,56.86026549711127,-0.1704255525858938,1517008.7815639034,-59050.505079164635,-9588308.135873606,8399.166666666666,2817095.730678311,999.5081976469812,-12.860411999115748,-6.606455276643471,-6.253956722472276,0.8229479841621186,-0.18202095406574625,316.309736401033,100051.84934209097,8362.25,8362.25,2.027796279956941,4.5109319987556304,0.5715347650721251,100051.84934209097,8143.214285714285,-35.175,3.3189260364627406,383.74,0.0021514372796271886,-0.0018452380952380665,-0.07740977112676062,-0.12190396397339898,0.10743826490682529,,0.002149126252536065,-0.15826724224475452,-0.15356975666179573,-0.06896097462828565,-0.15054291889565308
