Date,Open,High,Low,Close,Volume,Dividends,Stock Splits,SMA_20,SMA_50,SMA_100,SMA_200,EMA_20,EMA_50,EMA_100,EMA_200,WMA_20,WMA_50,DEMA_20,DEMA_50,TEMA_20,TEMA_50,HMA_20,HMA_50,KAMA_10,ZLMA_20,ZLMA_50,VWMA_20,VWMA_50,MCGD_14,ALMA_10,MIDPOINT_2,MIDPOINT_14,MIDPRICE_14,RSI_14,MACD_12_26_9,MACDh_12_26_9,MACDs_12_26_9,STOCHk_14_3_3,STOCHd_14_3_3,STOCHh_14_3_3,STOCHRSIk_14_14_3_3,STOCHRSId_14_14_3_3,WILLR_14,ROC_10,ROC_20,MOM_10,CCI_20,AO_5_34,UO_7_14_28,FISHERT_9_1,FISHERTs_9_1,TRIX_18_9,TRIXs_18_9,COPPOCK_10_14_11,BULLP_13,BEARP_13,RVGI_14_4,RVGIs_14_4,SQZ_20_2_20_1.5,SQZ_ON,SQZ_OFF,SQZ_NO,SQZPRO_20_2_20_2.0_1.5_1.0,SQZPRO_ON_WIDE,SQZPRO_ON_NORMAL,SQZPRO_ON_NARROW,SQZPRO_OFF,SQZPRO_NO,ATR_14,TR,BBL_20_2.0_2.0,BBM_20_2.0_2.0,BBU_20_2.0_2.0,BBB_20_2.0_2.0,BBP_20_2.0_2.0,KCLe_20_2,KCBe_20_2,KCUe_20_2,DCL_20_20,DCM_20_20,DCU_20_20,UI_14,HIST_VOL_20,ACCBL_20,ACCBM_20,ACCBU_20,OBV,MFI_14,CMF_20,AD,ADOSC_3_10,EFI_13,VWAP,PVT,NVI,PVO_12_26_9,PVOh_12_26_9,PVOs_12_26_9,RVOL_10,ZSCORE_20,STDEV_20,VARIANCE_20,MEDIAN_20,QUANTILE_20,SKEW_20,KURT_20,CORRELATION_20,COVARIANCE_20,LINREG_20,SLOPE_20,ENTROPY_10,MAD_30,RETURN_1D,RETURN_5D,RETURN_20D,RETURN_60D,RETURN_120D,RETURN_252D,LOG_RETURN,QOQ_RETURN,QOQ_VOLUME_GROWTH,QOQ_VOLATILITY,QOQ_HL_RANGE
2025-09-25 00:00:00+05:30,363.3466931876145,364.8685699593224,356.0226775516745,356.9263000488281,4361621,0.0,0.0,,,,,,,,,,,,,,,,,,,,,,,,,,,,,,,,,,,,,,,,,,,,,,,,,,,,,0,0,1,,0,0,0,0,1,,8.845892407647852,,,,,,,,,,,,,,,,,,,,-3470527.444249733,,,359.272515853275,,1000.0,,,,,,,,,,,,,,,,,,,,,,,,,-0.1347985738851063,-0.21717310893137032,-0.17137713938501875,-0.1763560161290545
2025-09-26 00:00:00+05:30,355.7373179068662,356.7360340600899,347.17679421392023,349.4595947265625,4501242,0.0,0.0,,,,,,,,,,,,,,,,,,,,,,356.3459001864137,,353.1929473876953,,,0.0,,,,,,,,,,,,,,,,,,,,,,,,,,0,0,1,,0,0,0,0,1,,9.749505834907893,,,,,,,,,,,,,,,,,-4501242.0,,,-5821925.374954961,,,351.12414100019083,-9416355.027244486,1000.0,,,,,,,,,,,,,,,,,,-0.020919459623020664,,,,,,-0.02114137183036727,-0.1347985738851063,-0.21717310893137032,-0.17137713938501875,-0.1763560161290545
2025-09-29 00:00:00+05:30,349.5547596100838,355.54711530673046,349.31696725660754,353.83502197265625,4447861,0.0,0.0,,,,,,,,,,,,,,,,,,,,,,356.1614065405341,,351.6473083496094,,,4.313205103019761,,,,,,,,,,,,,,,,,,,,,,,,,,0,0,1,,0,0,0,0,1,,6.230148050122921,,,,,,,,,,,,,,,,,-53381.0,,,-3818678.24535517,,,352.89970151199805,-3847387.255314962,1001.2520552625025,,,,,,,,,,,,,,,,,,0.012520552625024717,,,,,,0.012442818681450796,-0.1347985738851063,-0.21717310893137032,-0.17137713938501875,-0.1763560161290545
2025-09-30 00:00:00+05:30,352.4082399014729,356.21291725533496,351.4570705630074,354.6434936523437,4700628,0.0,0.0,,,,,,,,,,,,,,,,,,,,,,356.0511160019976,,354.2392578125,,,5.127477264436501,,,,,,,,,,,,,,,,,,,,,,,,,,0,0,1,,0,0,0,0,1,,4.755846692327566,,,,,,,,,,,,,,,,,4647247.0,,,-2220453.24921282,,,354.10449382356205,-2773348.6840173164,1001.2520552625025,,,,,,,,,,,,,,,,,,0.0022848831502888522,,,,,,0.0022822767742051173,-0.1347985738851063,-0.21717310893137032,-0.17137713938501875,-0.1763560161290545
2025-10-01 00:00:00+05:30,353.9776442932418,371.2413610439703,353.93009743985283,359.11395263671875,11972697,0.0,0.0,,,,,,,,,,,,,,,,,,,,,,356.262521406895,,356.87872314453125,,,9.703222313895896,,,,,,,,,,,,,,,,,,,,,,,,,,0,0,1,,0,0,0,0,1,,17.31126360411747,,,,,,,,,,,,,,,,,16619944.0,,,-7022705.735943556,,,361.42847037351396,12318835.954598732,1001.2520552625025,,,,,,,,,,,,,,,,,,0.012605501198782676,,,,,,0.012526713285095232,-0.1347985738851063,-0.21717310893137032,-0.17137713938501875,-0.1763560161290545
2025-10-03 00:00:00+05:30,359.82736805202273,362.58578250053125,356.7360675394541,361.77728271484375,3340921,0.0,0.0,,,,,,,,,,,,,,,,,,,,,,356.6329581551649,,360.44561767578125,,,12.41351401092371,,,,,,,,,,,,,,,,,,,,,,,,,,0,0,1,,0,0,0,0,1,,5.849714961077154,,,,,,,,,,,,,,,,,19960865.0,,,-4605294.319050285,,,360.366377584943,14796594.148789722,1001.9936945273014,,,,,,,,,,,,,,,,,,0.0074163926479884346,0.013590992497196197,,,,,0.007389026430482554,-0.1347985738851063,-0.21717310893137032,-0.17137713938501875,-0.1763560161290545
2025-10-06 00:00:00+05:30,361.7772760615051,363.29915286056615,357.68723034981696,359.5895690917969,2781104,0.0,0.0,,,,,,,,,,,,,,,,,,,,,,356.83728418937835,,360.6834259033203,,,12.09243803333386,,,,,,,,,,,,,,,,,,,,,,,,,,0,0,1,,0,0,0,0,1,,5.611922510749196,,,,,,,,,,,,,,,,,17179761.0,,,-5500911.883861066,,,360.19198410072664,13114824.89499558,1001.3889817032596,,,,,,,,,,,,,,,,,,-0.006047128240418753,0.02898754110088375,,,,,-0.006065486166300466,-0.1347985738851063,-0.21717310893137032,-0.17137713938501875,-0.1763560161290545
2025-10-07 00:00:00+05:30,360.3980993175008,361.8724293835525,357.7348364646282,359.30426025390625,3154623,0.0,0.0,,,,,,,,,,,,,,,,,,,,,,357.0087068909337,,359.44691467285156,,,12.04866953919973,,,,,,,,,,,,,,,,,,,,,,,,,,0,0,1,,0,0,0,0,1,,4.137592918924327,,,,,,,,,,,,,,,,,14025138.0,,,-6262384.818392198,,,359.6371753673623,12864527.917698313,1001.3889817032596,,,,,,,,,,,,,,,,,,-0.0007934291270217386,0.015457029241364051,,,,,-0.0007937440585064362,-0.1347985738851063,-0.21717310893137032,-0.17137713938501875,-0.1763560161290545
2025-10-08 00:00:00+05:30,359.54203970480285,360.7785483362191,353.835023201552,354.31060791015625,3907994,0.0,0.0,,,,,,,,,,,,,,,,,,,,,,356.81004779543986,,356.80743408203125,,,11.279162909448575,,,,,,,,,,,,,,,,0.0,,,,,,,,,,0,0,1,,0,0,0,0,1,,6.943525134667084,,,,,,,,,,,,,,,,,10117144.0,,,-9635036.279358905,,,356.3080598159758,7433152.463460632,1001.3889817032596,,,,,,,,,,,,,,,,,,-0.013898116154317686,-0.0009386489478748761,,,,,-0.01399559924543272,-0.1347985738851063,-0.21717310893137032,-0.17137713938501875,-0.1763560161290545
2025-10-09 00:00:00+05:30,354.3105754000566,355.97512172743944,351.83752933675385,353.4545288085937,4882301,0.0,0.0,,,,,,,,,,,,,,,,,356.2414611816406,,,,,356.5611358352698,357.7823832839197,353.882568359375,,,11.147719271257005,,,,,,,,,,,,,,,,-0.21204729298837025,0.0,,,,,,,,,0,0,1,,0,0,0,0,1,,4.137592390685597,,,,,,,,,,,,,,,,,5234843.0,,,-10701263.875832971,-3285214.0662599253,,353.7557266242623,6253499.424481393,1001.3889817032596,,,,1.016066640205888,,,,,,,,,,,,,,-0.0024161825315137664,-0.015759409475939123,,,,,-0.002419106210904738,-0.1347985738851063,-0.21717310893137032,-0.17137713938501875,-0.1763560161290545
2025-10-10 00:00:00+05:30,354.3106096101851,360.01762614081895,354.02527039460824,354.7386474609375,3649004,0.0,0.0,,,,,,,,,,,,,,,,,356.2234961892415,,,,,356.4282622278899,356.3519493463921,354.0965881347656,,,12.789471307639554,,,,,,,,,,-0.6129143712837497,,-2.187652587890625,,,,-0.27940415148707376,-0.21204729298837025,,,,,,,,,0,0,1,,0,0,0,0,1,,6.563097332225254,,,,,,,,,,,,,,,,,8883847.0,,,-13481455.716211166,-4053005.358363144,,356.2605146654549,7579201.521062715,1001.7522868946437,,,,0.7708342333254996,,,,,,,,,,,,,,0.003633051913841001,-0.019455713750424097,,,,,0.00362646832160662,-0.1347985738851063,-0.21717310893137032,-0.17137713938501875,-0.1763560161290545
2025-10-13 00:00:00+05:30,354.6910667134481,355.16665141781783,350.7912663321392,352.9789733886719,2862235,0.0,0.0,,,,,,,,,,,,,,,,,356.14655588962654,,,,,356.17211201707926,355.02696667373607,353.8588104248047,,,12.449987044614707,,,,,,,,,,1.007091725400512,,3.519378662109375,,,,-0.6181687273570229,-0.27940415148707376,,,,,,,,,0,0,1,,0,0,0,0,1,,4.3753850856786585,,,,,,,,,,,,,,,,,6021612.0,,,-13481436.72743631,-3998640.721580358,,352.9789637128763,6159395.48800684,1001.2562388646755,,,,0.6263182895658426,,,,,,,,,,,,,,-0.004960480299681436,-0.018383724866717244,,,,,-0.0049728243205172966,-0.1347985738851063,-0.21717310893137032,-0.17137713938501875,-0.1763560161290545
2025-10-14 00:00:00+05:30,354.120325697714,355.7373251502597,349.6498473168016,352.2179870605469,3501314,0.0,0.0,,,,,,,,,,,,,,,,,356.0963638036037,,,,,355.87677636482607,354.04392907329475,352.5984802246094,,,12.297957032817806,,,,,,,,,,-0.4570025044706673,,-1.617034912109375,,,,-1.0474552675730129,-0.6181687273570229,,,,0.17192363283186296,-5.915554200626275,,,,0,0,1,,0,0,0,0,1,,6.087477833458138,,,,,,,,,,,,,,,,,2520298.0,,,-14028534.257255338,-3786964.336786149,1531599.7163849163,352.53505317586934,5404548.234955657,1001.2562388646755,,,,0.7823672165828385,,,,,,,,,,,,,,-0.002155897051938749,-0.01972220754730758,,,,,-0.002158224343523709,-0.1347985738851063,-0.21717310893137032,-0.17137713938501875,-0.1763560161290545
2025-10-15 00:00:00+05:30,352.8363143420916,360.3029712022395,352.5985219827904,357.449462890625,4289079,0.0,0.0,,,,,,,,,,,,,,,,,356.12047919002237,,,,,355.98714714863445,353.9884954083063,354.83372497558594,355.6184387207031,359.20907762894524,19.569295407428008,,,,,,,,,-57.31205656327455,0.7912084356556652,,2.805969238281307,,,,-0.98723374319856,-1.0474552675730129,,,,4.468418060069212,-3.236031159379934,,,,0,0,1,,0,0,0,0,1,7.048853492734411,8.084984141692644,,,,,,,,,,,,,,,,,6809377.0,,,-12916560.388865635,-3002290.0997203253,4518258.774300735,356.7836520252183,11775095.437571544,1001.2562388646755,,,,0.9672882185247189,,,,,,,,,,,,,,0.01485294908910717,0.008859048841305617,,,,,0.014743724253234447,-0.1347985738851063,-0.21717310893137032,-0.17137713938501875,-0.1763560161290545
2025-10-16 00:00:00+05:30,358.68597482548694,361.3492374475108,357.5445599718278,359.0664367675781,2414522,0.0,0.0,,,,,,,,,,,,,,,,,356.1332489935308,,,,,356.19964792785726,354.77991891802276,358.25794982910156,355.6184387207031,359.20907762894524,21.729361238296526,,,,,,,,,-50.59274227695227,-0.013231418270370648,,-0.047515869140625,,,,-0.5422602637585906,-0.98723374319856,,,,5.052986644567909,1.24830916888493,,,,0,0,1,,0,0,0,0,1,6.823919283030939,3.899774556885802,,,,,,,,,,,,,,,,,9223899.0,52.26128690221338,,-13399457.420329252,-2562000.5945936106,4430538.806447575,359.3200780623056,12867339.070491271,1001.70860319721,,,,0.6941653297864764,,,,,,,,,,,,,,0.004523643325344384,0.015877312360095486,,,,,0.004513442402864461,-0.1347985738851063,-0.21717310893137032,-0.17137713938501875,-0.1763560161290545
2025-10-17 00:00:00+05:30,359.5420156104793,359.5420156104793,352.9313769929305,356.6409606933594,7935534,0.0,0.0,,,,,,,,,,,,,,,,,356.1554330270669,,,,,356.2310145327837,355.8178365294757,357.85369873046875,356.9976348876953,360.2791641502889,20.82586402594939,,,,41.8336279749184,,,,,-66.59431723501797,-1.4197469733147596,,-5.136322021484375,,,,-0.30481412368401123,-0.5422602637585906,,,,3.1965205374769425,-3.414118080071887,,,,0,0,1,,0,0,0,0,1,6.808684949782217,6.61063861754883,,,,,,,,,,,,,,,,,1288365.0,49.40077092906021,,-12428884.375707781,-1840154.319699159,1047969.2836480052,356.37145109892305,7506924.984891789,1001.70860319721,,,,2.0152350149361147,,,,,,,,,,,,,,-0.006754950688384054,0.005362576775994832,,,,,-0.006777868632479857,-0.1347985738851063,-0.21717310893137032,-0.17137713938501875,-0.1763560161290545
2025-10-20 00:00:00+05:30,360.9687999107359,362.0150920927662,355.7849148886781,356.4031982421875,7044875,0.0,0.0,,,,,,,,,,,,,,,,,356.1620284273239,,,,,356.2432896193811,356.6312704591078,356.52207946777344,356.9976348876953,360.44560418038594,20.734849293239627,,,,38.0302475160784,,,96.27398272580241,,-68.72219793979457,-0.8861132589738583,,-3.186370849609375,,,,0.1072687534694359,-0.30481412368401123,,,,5.661353709880245,-0.5688234942078907,-1673135.9356049788,,,0,0,1,,0,0,0,0,1,6.767362967946926,6.230177204088136,,,,,,,,,,,,,,,,,-5756510.0,51.43136440626349,,-18075491.30166441,-3174214.4728013426,658972.7076697956,358.0677350745439,7037263.074789534,1001.6419360228311,,,,1.6142612117127741,,,,,,,,,,,,,,-0.0006666717437885383,0.00970093153323659,,,,,-0.0006668940682126206,-0.1347985738851063,-0.21717310893137032,-0.17137713938501875,-0.1763560161290545
2025-10-21 00:00:00+05:30,358.9713128492637,359.5420202742237,357.639681542614,358.7335205078125,1149313,0.0,0.0,,,,,,,,,,,,,,,,,356.17869375692294,,,,,356.4162754422165,357.1861593508236,357.568359375,356.9976348876953,360.44560418038594,24.229980373083826,,,,35.58468539617127,38.482853629056024,-2.898168232884757,96.2739827258024,,-57.92942863667368,-0.15884580541584187,,-0.57073974609375,,,,0.497100566819064,0.1072687534694359,,,,2.848313016348243,0.9459742847385542,-1752140.153260246,,0.7926534016927178,0,0,1,0.7926534016927178,0,0,0,0,1,6.508181472524733,3.1388220320362166,,,,,,,,,,,,,,,,,-4607197.0,48.727161148309605,,-17903101.366514277,-3376550.0585407093,947443.7028701485,358.63840744155004,7788734.915469341,1002.2957803982796,,,,0.2760371504862923,,,,,,,,,,,,,,0.006538443754484646,0.018498582374061323,,,,,0.006517160852119892,-0.1347985738851063,-0.21717310893137032,-0.17137713938501875,-0.1763560161290545
2025-10-23 00:00:00+05:30,361.44438421607066,363.01380797363663,355.88003723253,356.5934143066406,10209878,0.0,0.0,,,,,,,,,,,,,,,,,356.18662017922804,,,,,356.428903095754,357.28920599963806,357.66346740722656,356.9976348876953,356.47450008868384,23.217468627989042,,,,41.40652805969782,38.34048699064916,3.0660410690486586,95.42335549411071,95.99044031523852,-49.128789244438295,0.644295244206528,,2.282806396484375,,,,0.9559823163634532,0.497100566819064,0.00014623694246651553,,,6.3344282802232215,-0.7993424608833948,-1880039.175712437,,1.0780131022135513,0,0,1,1.0780131022135513,0,0,0,0,1,6.552866420280582,7.133770741106616,,,,,,,,,,,,,,,,,-14817075.0,30.389542043421827,,-26071003.766514342,-5751242.647384953,-2309365.8576839156,358.49575317093576,1697800.566742248,1002.2957803982796,,,,2.129806476295294,,,,,,,,,,,,3.320519611062669,,-0.0059657268664004,-0.002394880039996883,,,,,-0.005983592906303335,-0.1347985738851063,-0.21717310893137032,-0.17137713938501875,-0.1763560161290545
2025-10-24 00:00:00+05:30,357.5920929752704,358.4481394991672,353.02646313551696,354.4056701660156,7429746,0.0,0.0,356.0821441650391,,,,356.08214416503904,,,,356.2369374593099,,356.08214416503904,,356.08214416503904,,,,356.1711540713056,355.292031028054,,356.0909905708343,,356.2810580217025,356.9571482543518,355.4995422363281,355.9037780761719,356.47450008868384,22.196353911179443,,,,42.594915940391175,39.862043132086754,2.732872808304421,92.23850224032552,94.64528015341287,-65.15703429771452,0.26909864774628584,,0.9511413574219318,-9049.157578132232,,,0.8728408419495536,0.9559823163634532,-0.000323936413382242,,,2.093575452524931,-3.3281009111253184,-2070679.5434243914,-1834695.6894957891,-1.0700632731119697,1,0,0,-1.0700632731119697,1,1,1,0,0,6.472067130521273,5.421676363650249,350.0349212296693,356.0821441650391,362.1293671004089,3.3965325329916007,0.3613848028309088,342.97026332367926,356.08214416503904,369.1940250063988,347.17679421392023,359.20907762894524,371.2413610439703,,,341.05686749381874,356.0821441650391,373.21828887756175,-22246821.0,28.513749477129704,-0.30162104642887255,-29720679.82847023,-7361128.121863112,-4301511.20341936,355.2934242669,-2860439.329369411,1001.6822681872145,,,,1.4716593873488428,-0.5544607886763637,3.0236114676849075,9.14222630751568,356.49830627441406,356.49830627441406,-0.18044271503559006,-0.1975987595997095,,9.14222630751568,356.54652404785156,,3.3211918360499944,,-0.006135122110650482,-0.012980234642703148,,,,,-0.006154019303007535,-0.1347985738851063,-0.21717310893137032,-0.17137713938501875,-0.1763560161290545
2025-10-27 00:00:00+05:30,357.8727422733067,361.6768078166753,354.69462983264503,359.8951721191406,5088563,4.6,0.0,356.2305877685547,,,,356.4452896844773,,,,356.60008297874816,,356.77384991635,,357.0711186975681,,,,356.3097666643916,356.3891110110593,,356.2493017784767,,356.5289946401735,357.00898845828635,357.1504211425781,356.05657958984375,356.3318276452191,30.460743961272858,,,,54.126003956263006,46.04248265211733,8.083521304145677,92.23850224032552,93.30011999158725,-23.33616458905817,1.4536123129270662,0.8317885428746363,5.156524658203125,-9142.140816480984,,,0.9316417571702398,0.8728408419495536,0.0005770397801585503,,,4.816442616818961,-2.1657353672113118,-2276238.8787606363,-1988302.7450490897,-1.0112050374348864,1,0,0,-1.0112050374348864,1,1,1,0,0,6.529143596245445,7.271137650659682,349.95468275439765,356.2305877685547,362.50649278271175,3.523507093239586,0.7919566454813639,343.19718079931187,356.4452896844773,369.69339856964274,347.17679421392023,359.20907762894524,371.2413610439703,,0.15162130518049408,341.1727871989306,356.2305877685547,372.86827997676926,-17158258.0,35.1181086856632,-0.23934772315134634,-27229004.36433367,-6557718.339027718,303515.61522620637,358.755536589487,5021397.46912609,1003.2311999383779,,,,0.9799821315561721,1.1678265819254539,3.1379525070785284,9.84674593668042,356.49830627441406,356.49830627441406,-0.2154523552816297,-0.46962547908448016,,9.84674593668042,357.33907339913503,0.148443603515625,3.3236862413023105,,0.015489317511634404,0.009124614905294814,0.008317885428746452,,,,0.015370582545881967,-0.1347985738851063,-0.21717310893137032,-0.17137713938501875,-0.1763560161290545
2025-10-28 00:00:00+05:30,360.66558318721786,362.9769188302654,353.9241704173633,355.32061767578125,9956081,0.0,0.0,356.52363891601567,,,,356.3381780646015,,,,356.5134191603888,,356.53853633259865,,356.6915015482895,,,,356.29628422924714,356.5828383710552,,356.45285804224284,,356.441501866138,356.84539041555905,357.60789489746094,356.05657958984375,356.3318276452191,27.809751433083385,,,,51.313369136877824,49.344763011177335,1.9686061257004894,90.24287835278746,91.57329427781283,-57.56669370259385,0.6633948375533819,1.6771675574696283,2.341644287109375,-10215.615941571139,,,0.9629085048227158,0.9316417571702398,0.0009334963213092351,,,6.336517562419772,-2.7162308504823045,-2460742.4207594916,-2172436.406806997,-1.0331013997395737,1,0,0,-1.0331013997395737,1,1,1,0,0,6.709401083149491,9.052748412902076,351.0878454167545,356.52363891601567,361.95943241527686,3.0493313238854687,0.38934262859710095,342.6274608041371,356.3381780646015,370.04889532506587,349.31696725660754,360.2791641502889,371.2413610439703,,0.13817889986570217,341.55925502293985,356.52363891601567,373.1281249424616,-27114339.0,31.907039068414836,-0.2701684665137047,-34113500.607328445,-7823416.019818146,-6246220.126519801,357.40723564113665,-7633574.896526717,1003.2311999383779,,,,1.6869308232675615,-0.4426294856115944,2.7178967496306083,7.386962741652627,356.49830627441406,356.49830627441406,0.20954256480930922,-1.0742527017556407,,7.386962741652627,356.49297964913507,0.2930511474609375,3.3247700172776127,,-0.01271079691462218,-0.003037516418891939,0.016771675574696276,,,,-0.012792270223802343,-0.1347985738851063,-0.21717310893137032,-0.17137713938501875,-0.1763560161290545
2025-10-29 00:00:00+05:30,357.2948768302434,373.955785206668,356.04291192897773,371.307373046875,13697186,0.0,0.0,357.3972564697266,,,,357.76381568196086,,,,357.92139383951826,,359.234954816331,,360.5231060334364,,358.8202272595161,,357.99873857661896,359.3049759741094,,358.3403140358012,,357.3432413716487,358.63659658130405,363.3139953613281,361.76268005371094,361.8028162617348,45.62103280958891,,,,69.40032959793594,58.279900897025584,11.120428700910352,95.4245169244775,92.63529917253015,-10.896152914540147,5.41976465927807,4.937993694578085,19.089385986328125,-9132.35940694583,,,1.2363858174035798,0.9629085048227158,0.006123272399216617,,,15.220102256103871,-2.6927710215863954,-2401584.59255761,-2324371.1225037095,2.1801452636718843,1,0,0,2.1801452636718843,1,1,0,0,0,7.561241543702152,18.635167530886747,348.9815034056064,357.3972564697266,365.81300953384675,4.709467077195107,1.3264332657556808,341.8093252975623,357.76381568196086,373.71830606635945,349.6498473168016,361.8028162617348,373.955785206668,,0.20339999277670975,340.765728048548,357.3972564697266,375.2552792749616,-13417153.0,44.739177730231894,-0.1811732914675253,-24466563.09566292,-4560501.6791735515,25928034.442178756,367.10202339417356,53993460.226489,1003.2311999383779,,,,1.9789395550606195,3.3057330630227217,4.2078765320600855,17.706224909062012,356.6171875,356.6171875,1.9053096311535862,5.5722795011691755,,17.706224909062012,358.96966857910155,0.8736175537109375,3.333466152155207,,0.04499247883690538,0.03505067639417514,0.0493799369457808,,,,0.04400968810561574,-0.1347985738851063,-0.21717310893137032,-0.17137713938501875,-0.1763560161290545
2025-10-30 00:00:00+05:30,373.1853808211496,373.1853808211496,363.2658843902535,364.3252258300781,9480446,0.0,0.0,357.8813430786133,,,,358.38871188654343,,,,358.581200445266,,360.28512481226255,,361.8353664865784,,360.610035183729,,358.15802314619793,360.2839320615826,,358.9644708636505,,357.80480986989966,360.8360114910239,367.81629943847656,361.76268005371094,361.8028162617348,40.8773786313419,,,,63.97163459669407,61.561777777169276,2.4098568195247907,90.67940254785711,92.11559927504068,-39.622249592783774,1.923562252367133,2.7299900748286148,6.875762939453125,-8304.205590533042,,,1.6085506749872684,1.2363858174035798,0.012320231419238326,,2.6808090704787677,13.651191744940547,3.7316953140444866,-2228693.3984032166,-2371597.7172996756,4.578481038411468,1,0,0,4.578481038411468,1,1,0,0,0,7.72968832135886,9.91949643089606,349.0299973447396,357.8813430786133,366.732688812487,4.946525380580896,0.8640058215557184,342.06426888525027,358.38871188654343,374.7131548878366,349.6498473168016,361.8028162617348,373.955785206668,,0.21712118012110754,340.8499685179061,357.8813430786133,376.6304321789618,-22897599.0,42.28245478348657,-0.25012459015123306,-31922102.007730793,-5183298.95009749,12767762.428597068,366.92549701382706,36166216.692454316,1001.3507774841986,,,,1.2741482746371051,1.456023286222875,4.4256728669368455,19.586580325140996,357.0452117919922,357.0452117919922,1.5099136164736398,3.414965992128694,,19.586580325140996,359.9809151785714,0.4840866088867216,3.3355932171912626,,-0.018804224541793424,0.021682429381011392,0.027299900748286143,,,,-0.018983272091981168,-0.1347985738851063,-0.21717310893137032,-0.17137713938501875,-0.1763560161290545
2025-10-31 00:00:00+05:30,364.51784515046506,366.54027500424667,360.1840794881742,361.002685546875,6011939,0.0,0.0,357.97577972412114,,,,358.63766175895597,,,,358.87847115652903,,360.5787042905989,,362.02168306795863,,361.9226793482396,,358.1810860894681,360.7677871414691,,359.0572471064618,,358.02524281688767,362.59026066768513,362.66395568847656,361.76268005371094,361.8028162617348,38.809378633595806,,,,65.39656096861887,66.25617505441629,-0.8596140857974177,88.44113467431367,91.51501804888275,-53.29191458681946,0.539245270799342,0.5259425027316887,1.936248779296875,-8133.05844296075,,,1.4674987173693252,1.6085506749872684,0.017943333484482515,,2.8668451357417206,6.796300717942529,0.44010520187003976,-2123379.291341056,-2307446.2823370337,6.541956583658863,1,0,0,6.541956583658863,1,1,0,0,0,7.631581692409834,6.356195516072489,349.02927069535144,357.97577972412114,366.92228875289084,4.998387899686646,0.6691668679381031,342.65722370710546,358.63766175895597,374.6180998108065,349.6498473168016,361.8028162617348,373.955785206668,,0.2159546969126316,342.22240841073557,357.97577972412114,375.26410504977997,-28909538.0,37.18114976537851,-0.2603392667422664,-36385501.57797432,-6387043.246907722,8090237.866274644,362.57568001309863,30683502.872089803,1000.4388065176994,,,,0.7707262236399695,0.6766674717524119,4.473254514384852,20.01000595046446,357.0452117919922,357.0452117919922,1.4105041303448018,2.989670784822784,,20.01000595046446,360.68385402134487,0.0944366455078125,3.3350418859658304,,-0.009119709664992426,0.018614305402532283,0.0052594250273168,,,,-0.00916154878519564,-0.1347985738851063,-0.21717310893137032,-0.17137713938501875,-0.1763560161290545
2025-11-03 00:00:00+05:30,361.0508449040392,366.0105933112097,360.18409760602805,365.1920166015625,5995360,0.0,0.0,358.14651641845705,,,,359.2618860296804,,,,359.56573181152345,,361.5828417080128,,363.2321248773906,,363.2581814971527,,358.39104229235204,362.0261726480851,,359.2971333192146,,358.49813828583393,363.702982061609,363.09735107421875,361.76268005371094,361.8028162617348,42.742683381544026,3.0787063348472543,,,57.009918339669476,62.126037968327466,-5.116119628657991,85.56189922865559,88.22747881694212,-36.05608080138833,2.39766511720322,0.943877365956744,8.551055908203125,-7630.273366016178,,,1.2158338939160587,1.4674987173693252,0.024330831066188274,,3.4737516776163613,5.488327265582882,-0.3381684395987463,-2089865.3997940936,-2199265.895306708,8.64881388346355,1,0,0,8.64881388346355,1,1,0,0,0,7.502646979036391,5.826495705181628,348.7743320146976,358.14651641845705,367.5187008222165,5.233715238938138,0.8758728957722656,343.6935857532096,359.2618860296804,374.8301863061512,349.6498473168016,361.8028162617348,373.955785206668,,0.21826049380924797,342.39704948381143,358.14651641845705,375.432941308882,-22914178.0,42.32387515316139,-0.2379520776934538,-32074743.201411817,-4927238.86243223,10522567.86138273,363.7955691729334,37640943.58862706,1001.5992774012723,26.23868693257972,0.0,26.23868693257972,0.7882057631748636,1.5034915830890594,4.686092201879727,21.95946012451799,357.0452117919922,357.0452117919922,1.2877359050495327,2.014098504118859,,21.95946012451799,362.4041625976563,0.1707366943359375,3.337219599457292,,0.011604708835728506,0.01471774253384095,0.009438773659567357,,,,0.011537890642428569,-0.1347985738851063,-0.21717310893137032,-0.17137713938501875,-0.1763560161290545
2025-11-04 00:00:00+05:30,364.99931110055206,365.6252934869277,356.4280930503781,356.957763671875,6215083,0.0,0.0,358.0149261474609,,,,359.0424458051275,,,,359.4525172642299,,360.94381692997564,,362.05640139197465,,363.44305038386096,,358.3839105080325,361.37434733264246,,359.1679836998043,,358.3862000115489,363.0621687925307,361.07489013671875,362.8565216064453,363.27715359472916,37.623547258666996,2.5504947398010813,,,43.68768489217843,55.364721400155595,-11.677036507977164,80.07418929946654,84.69240773414526,-79.5889499352569,0.15560057609546332,-0.7318914802142166,0.5545654296875,-7711.249230490887,,,0.8629474429131978,1.2158338939160587,0.028342582882223688,0.010043676431322387,3.3331304023404305,5.612242066122576,-3.584958370427046,-2134000.0315479343,-2131530.468703575,7.366607666015634,1,0,0,7.366607666015634,1,1,0,0,0,7.623686511715907,9.197200436549622,348.65415521146485,358.0149261474609,367.375697083457,5.229262945389329,0.4435322964949022,343.20499309088257,359.0424458051275,374.87989851937243,349.6498473168016,361.8028162617348,373.955785206668,1.722861333336989,0.23253101976583268,341.9829116809967,358.0149261474609,375.91512298751746,-29129261.0,41.111541817671885,-0.2698047137862191,-37573967.7403561,-5631868.616407961,1708405.9667564873,359.6703834030603,23627338.943803616,1001.5992774012723,22.744477377356233,-2.7953676441787927,25.539845021535026,0.826104747486811,-0.22587081402039083,4.680385467998044,21.90600812904727,356.7993621826172,356.7993621826172,1.3835234190781136,2.226572104348925,,21.90600812904727,362.32769949776787,-0.13159027099609374,3.3350377582981934,,-0.022547735315559647,0.00460751759017719,-0.007318914802142196,,,,-0.0228058223974528,-0.1347985738851063,-0.21717310893137032,-0.17137713938501875,-0.1763560161290545
2025-11-06 00:00:00+05:30,358.73951152861,358.93213510297284,348.6273910694143,349.3015441894531,9880195,0.0,0.0,357.5147903442383,,,,358.11474088934904,,,,358.6226713634673,,358.9956769832692,,359.07905027804776,,362.1444796501919,,358.15722106624963,359.53009273641607,,358.388431611268,,357.6671095399589,360.60115704552675,353.12965393066406,360.30445861816406,361.2915881380411,33.59470236782135,1.4968357281068165,,,29.005539645857567,43.23438095923515,-14.228841313377586,70.77949673693936,78.80519508835383,-97.33835032578206,-2.6292430952668573,-2.783912458311682,-9.431976318359375,-7160.82902088043,,37.29395769633654,0.2672735956792254,0.8629474429131978,0.02799062705278743,0.013137497554691378,2.115056051056706,0.4492990009322284,-9.855445032626335,-2230860.6740233107,-2133661.804674737,5.832356770833333,1,0,0,5.832356770833333,1,1,0,0,0,7.815190620418954,10.304744033558563,347.4051588685593,357.5147903442383,367.6244218199173,5.655503911289826,0.09379102123831233,341.8228086176877,358.11474088934904,374.40667316101036,348.6273910694143,361.2915881380411,373.955785206668,2.3183863678431083,0.24454965247485005,340.92345287595754,357.5147903442383,376.39745196113677,-39009456.0,34.79111568232533,-0.31766572620614236,-46161405.87727426,-8140504.866925813,-9342072.23551261,352.2870234539467,2435772.560431149,1001.5992774012723,23.69892996860411,-1.4727320423447345,25.171662010948843,1.1767113132854983,-1.6248359150467544,5.054815737839493,25.551162143509817,356.6171875,356.6171875,1.1287209971668448,1.807393238627048,,25.551162143509817,360.8384334019252,-0.5001358032226563,3.3280336423473815,,-0.02144853050306439,-0.059265800936960655,-0.02783912458311677,,,,-0.021681893123701716,-0.1347985738851063,-0.21717310893137032,-0.17137713938501875,-0.1763560161290545
2025-11-07 00:00:00+05:30,346.9901360545122,354.6946078349308,344.9677357243343,351.4683837890625,6342222,0.0,0.0,357.3726791381836,,,,357.4817544988456,,,,358.0468231201172,,357.70608994479403,,357.18745567285725,,360.1757447596958,,358.06832711893816,358.4825693721964,,358.17011321353675,,357.1922716685728,357.4766215926686,350.3849639892578,360.30445861816406,359.46176046550113,35.69351023713961,0.8271147527811422,,,15.165989568685651,29.28640470224055,-14.120415133554898,60.361497640216,70.40506122554063,-77.57473103290408,-1.4372196209913808,-0.8021843144517035,-5.125030517578125,-6535.372465379365,,42.28600000423364,-0.3373990872674353,0.2672735956792254,0.025203280464625166,0.015973854985581088,1.0150727640084607,-2.7861636509700816,-12.513035761566584,-2365009.4043465927,-2197432.702547196,2.248433430989584,1,0,0,2.248433430989584,1,1,0,0,0,7.9517392982887785,9.726872110596503,346.99699485141764,357.3726791381836,367.7483634249496,5.806646614278016,0.2154744118105079,340.88869727960986,357.4817544988456,374.0748117180813,344.9677357243343,359.46176046550113,373.955785206668,2.715499135019322,0.24124561863807067,340.20852967411776,357.3726791381836,376.37836550327927,-32667234.0,31.29106092225786,-0.2686091848964777,-44026379.9600405,-7747392.826024577,-6044265.090565986,350.3769091161091,6370074.600521791,1002.2196123627559,20.35018465844763,-3.857181882000969,24.2073665404486,0.7918194406242416,-1.1381023527579688,5.187842143382993,26.91370610466065,356.6171875,356.6171875,1.0566293745151811,1.5393601184669128,,26.91370610466065,359.3951110839844,-0.1421112060546875,3.323697986854543,,0.006203349614836373,-0.03528946427391244,-0.008021843144517038,,,,0.006184188044730284,-0.1347985738851063,-0.21717310893137032,-0.17137713938501875,-0.1763560161290545
2025-11-10 00:00:00+05:30,351.7572972507316,353.587103459685,348.62735552297016,349.0125732421875,2951020,0.0,0.0,357.1505813598633,,,,356.6751658077353,,,,357.25062255859376,,356.14836525258886,,354.99952548175065,,357.60756787717077,,357.9428696206107,356.5442269905809,,358.13838389487285,,356.5512788255173,354.21432095347643,350.240478515625,360.15997314453125,359.46176046550113,34.367723995132884,0.09707366292883535,,,13.01346141977925,19.061663544774156,-6.048202124994905,55.52128780365614,62.220760726937165,-86.04653438197612,-1.521729864339308,-1.2567261710803106,-5.393096923828125,-6215.039372336053,,31.84740000589436,-0.8287074001237581,-0.3373990872674353,0.01992730743354265,0.01812388472484599,-0.05856356027224039,-2.6839254199711604,-7.6436733566860084,-2467754.157383274,-2298915.724278502,-1.2627665201822917,1,0,0,-1.2627665201822917,1,1,0,0,0,7.738025629604927,4.959747936714848,346.24511835308635,357.1505813598633,368.0560443666402,6.106927204348371,0.12688387862951714,340.71768585952873,356.6751658077353,372.6326457559419,344.9677357243343,359.46176046550113,373.955785206668,3.1313198948698306,0.24230326542388408,339.9668898312679,357.1505813598633,376.3422645469368,-35618254.0,35.66699404388219,-0.2840341836562119,-46518995.53777153,-7675370.781658992,-6216105.226204997,350.4090107416143,4308112.166828604,1001.5208836405876,13.631302431943954,-8.46085128680372,22.092153718747674,0.39025315303169167,-1.4924644854819276,5.452731503388478,29.732280848045164,356.6171875,356.6171875,0.8567819820615586,1.1608050285367328,,29.732280848045164,357.4507049560547,-0.22209777832030966,3.3195395038359554,3.65169623480903,-0.0069872872216832915,-0.03321336041177625,-0.012567261710803135,,,,-0.007011812623832136,-0.1347985738851063,-0.21717310893137032,-0.17137713938501875,-0.1763560161290545
2025-11-11 00:00:00+05:30,349.5904244173001,350.07195392751674,343.33054078448345,348.6755065917969,4740197,0.0,0.0,356.8474243164062,,,,355.9132935014555,,,,356.4434725806827,,354.7473513887365,,353.1296539963649,,354.89391999215786,,357.6244530699021,355.16195732555536,,357.8832614070157,,355.936148208511,351.69244823299437,348.8440399169922,359.99143981933594,358.6431629955757,34.1800678560634,-0.502890612205249,,,17.943848288942814,15.374433092469237,2.5694151964735763,55.34923073273134,57.07733872553449,-82.54718971829136,-3.1174815325473615,-1.7091853150306313,-11.21966552734375,-5472.7625016555,,38.550353918789334,-1.316841343154368,-0.8287074001237581,0.012900389395653633,0.019453539510884257,-1.003984099193699,-5.114000339588074,-11.855413482621373,-2434826.5832775948,-2388535.730126773,-4.046534220377604,0,1,0,-4.046534220377604,1,0,0,0,0,7.66683902342124,6.741413143033299,345.3392147117765,356.8474243164062,368.3556339210359,6.449932839882694,0.1449526900638916,340.19149485440505,355.9132935014555,371.6350921485059,343.33054078448345,358.6431629955757,373.955785206668,3.5073081875856897,0.24178048458443413,339.3587728873714,356.8474243164062,375.921411952246,-40358451.0,29.455809549467478,-0.23791191235017764,-43742610.97026659,-6064751.1482433975,-5556341.954601668,347.35933376793236,3850317.1051380998,1001.5208836405876,10.161436416261155,-9.544573841989214,19.70601025825037,0.6297614011603522,-1.4201892397444356,5.754104802314848,33.1097220760228,356.6171875,356.6171875,0.7223293329133709,0.7537456047037719,,33.1097220760228,355.63556910923546,-0.30315704345703126,3.3131681706129044,3.8907582600911494,-0.0009657722278009206,-0.045226919699577484,-0.017091853150306258,,,,-0.0009662388862803095,-0.1347985738851063,-0.21717310893137032,-0.17137713938501875,-0.1763560161290545
2025-11-12 00:00:00+05:30,350.07189608640385,354.116755059998,348.14577836378265,348.8680725097656,8852954,0.0,0.0,356.64187927246087,,,,355.2423200736755,,,,355.6835343133836,,353.5803488703669,,351.66792967149723,,352.3683713548008,,357.4530084029127,352.4254634824221,,357.38941016693684,,355.3891112877232,350.15825105243823,348.77178955078125,359.99143981933594,358.6431629955757,34.40044230450699,-0.9518557618061436,,,16.495955944656608,15.81775521779289,0.678200726863718,52.6795576763014,54.5166920708963,-81.9184080657627,-1.8159782587970639,-1.1646305272636335,-6.452545166015625,-5271.030200574349,,37.70623870565188,-1.4780947767674704,-1.316841343154368,0.004885160073508921,0.01931597147469451,-2.2148126546670066,-0.1666446703440556,-6.137621366559415,-2354386.1884130365,-2420759.5123468945,-6.2598927815755205,0,1,0,-6.2598927815755205,1,0,0,0,0,7.545706000049391,5.970976696215359,344.70392664171237,356.64187927246087,368.57983190320937,6.694644305431306,0.1744078736469306,339.88050668896983,355.2423200736755,370.60413345838117,343.33054078448345,358.6431629955757,373.955785206668,3.854782243357043,0.24132954117435448,339.0693043663007,356.64187927246087,376.0308413338094,-31505497.0,34.413478895550305,-0.2775999399857319,-50453725.47760559,-6989874.900704585,-4519039.216266413,350.37686864451547,4339246.548564977,1001.5208836405876,12.371144414205027,-5.867892675236277,18.239037089441304,1.193657759863395,-1.3023685054122804,5.968976315374236,35.628678253498585,356.6171875,356.6171875,0.6381448986849164,0.4849457749127124,,35.628678253498585,353.7668443952288,-0.2055450439453125,3.3097669563846144,3.910475667317712,0.0005522783055540437,-0.022662880557335674,-0.011646305272636326,,,,0.0005521258560177827,-0.1347985738851063,-0.21717310893137032,-0.17137713938501875,-0.1763560161290545
2025-11-13 00:00:00+05:30,348.8681164181261,350.9386873525001,345.3047864267084,345.78631591796875,5159178,0.0,0.0,356.320295715332,,,,354.34174824932245,,,,354.6496711367653,,352.02325693858097,,349.698978518593,,349.6955003812716,,354.9579982904554,350.027553246559,,357.079749765026,,354.62377043149354,348.97953664612726,347.3271942138672,358.5468444824219,358.6431629955757,32.52368895442123,-1.538599857713109,,,14.517731931872987,16.319178721824134,-1.8014467899511466,49.11506298000506,52.381283796345926,-91.98120642032698,-6.873296622010356,-1.8260484639793566,-25.52105712890625,-4915.175228105249,,32.94259487177896,-1.659068056600277,-1.4780947767674704,-0.00460387641130211,0.017435515049078906,-3.3189054224718118,-2.130843261788641,-7.764744187580334,-2311656.774609851,-2392972.7458957313,-8.259923299153645,0,1,0,-8.259923299153645,1,0,0,0,0,7.40914849474527,5.633900925791693,343.56223118159767,356.320295715332,369.07836024906635,7.161009174693149,0.08716387703206277,339.3698407249141,354.34174824932245,369.3136557737308,343.33054078448345,358.6431629955757,373.955785206668,4.252897166939165,0.2430804672051621,338.8967144015004,356.320295715332,375.7448571420925,-36664675.0,36.179514986427634,-0.3018499097834609,-54730993.62850308,-8093840.40193294,-6144795.158193128,347.3432632323924,-218158.40264572948,1000.6375249056863,9.44997047840209,-7.031253288831373,16.481223767233462,0.7861174048616674,-1.6513444918717484,6.379032266867172,40.69205266173254,356.6171875,356.6171875,0.4223181539146957,0.21918652114798123,,40.69205266173254,351.3084219796317,-0.32158355712890624,3.2987569217452055,4.186678602430561,-0.008833587349013183,-0.0100635921310952,-0.018260484639793573,,,,-0.008872834783113156,-0.1347985738851063,-0.21717310893137032,-0.17137713938501875,-0.1763560161290545
2025-11-14 00:00:00+05:30,345.78630112883104,349.2533191956682,343.4749655476818,344.8232421875,5905363,0.0,0.0,355.6889846801758,,,,353.43522386248225,,,,353.55471365792414,,350.51735251705117,,347.87213772472376,,347.1891855532163,,353.12963982391966,347.9910052067081,,356.53772248846155,,353.8406894129697,347.8509563084831,345.3047790527344,358.0653076171875,358.6431629955757,31.937298042215808,-2.057592140894542,-2.3908462348774404,0.33325409398289846,10.32482454780833,13.779504141445974,-3.4546795936376444,39.78682252902078,47.19381439510907,-95.12591187048533,-5.352905113321437,-3.5323093231191853,-19.501983642578125,-4287.20142995511,-7.912319399341584,34.69028509804424,-1.9753337181952428,-1.659068056600277,-0.015166515003328662,0.013756642994877666,-4.887029052928761,-2.638170214793547,-8.416523862779968,-2287221.3961288645,-2342355.650908706,-8.786249796549479,0,1,0,-8.786249796549479,1,0,0,0,0,7.292663148548209,5.778353647986421,341.954010885456,355.6889846801758,369.4239584748956,7.723024544642474,0.1044498280421559,338.78857350268686,353.43522386248225,368.08187422227763,343.33054078448345,358.6431629955757,373.955785206668,4.644632934171584,0.23595712901134663,338.6296397868074,355.6889846801758,374.9962586345338,-42570038.0,36.78310088330541,-0.3295037803478442,-57880532.57632823,-8811785.008385919,-6079438.7033344135,345.85050897695004,-1862902.4865993967,1000.6375249056863,7.957945407676472,-6.818622687645594,14.776568095322066,0.9516565468793539,-1.5822006878313735,6.867486897359909,47.162376285410026,356.49830627441406,356.49830627441406,0.37114516158629224,-0.07503518021668447,,47.162376285410026,349.2861716134208,-0.63131103515625,3.2922069949977404,4.535843098958335,-0.002785170164736117,-0.018906797618390203,-0.03532309323119187,,,,-0.0027890559679185395,-0.1347985738851063,-0.21717310893137032,-0.17137713938501875,-0.1763560161290545
2025-11-17 00:00:00+05:30,346.4604581183388,350.2645527363265,345.6418521307713,348.04949951171875,4493041,0.0,0.0,355.13813781738287,,,,352.9222977338381,,,,352.82714364188064,,349.81824287634146,,347.25650155331925,,345.4011968241109,,352.65865263600165,346.3639554176764,,356.2183623523139,,353.3988069089441,347.14000199366944,346.4363708496094,358.0653076171875,358.6431629955757,36.09403892244813,-2.1833964264591827,-2.013320416353665,-0.17007601010551782,9.433867851253869,11.425474776978394,-1.9916069257245255,37.92421768615081,42.275367731725545,-84.59127815542608,-3.5881134832927226,-3.0682169447629497,-12.95318603515625,-4003.153557990823,-8.175700654369336,39.67767191758241,-2.101553486117643,-1.9753337181952428,-0.025102597373083402,0.008264039834958591,-5.780128452203061,-1.0780809743149007,-5.700781579870068,-2296238.030967977,-2308063.4268097403,-11.84009297688802,0,1,0,-11.84009297688802,1,0,0,0,0,7.160423677139515,5.441310548826493,341.0933144208863,355.13813781738287,369.1829612138794,7.909498812385283,0.2476423125607844,338.63412635138957,352.9222977338381,367.2104691162866,343.33054078448345,358.6431629955757,373.955785206668,4.937115551755454,0.23826351215831343,337.9537592155841,355.13813781738287,374.5248838457785,-38076997.0,36.31706185915547,-0.31972330578000135,-57693340.38833428,-8244857.104992613,-3140132.255105907,347.9853014596055,2340905.3374634013,1001.5731513164096,4.884617619745577,-7.913560380461191,12.798178000206768,0.7422267653714083,-1.009430749756864,7.022411698248265,49.31426605969409,355.8619079589844,355.8619079589844,0.5273584709841227,-0.11978086557155546,,49.31426605969409,348.2051552908761,-0.5508468627929688,3.289918171381875,4.694205729166669,0.009356264107233336,-0.0027594241706599965,-0.03068216944762947,,,,0.009312765381423784,-0.1347985738851063,-0.21717310893137032,-0.17137713938501875,-0.1763560161290545
2025-11-18 00:00:00+05:30,349.06073997072133,349.06073997072133,345.0640216810782,345.78631591796875,3554141,0.0,0.0,354.59540557861334,,,,352.242680418041,,,,351.93649393717453,,348.8193579755372,,346.21273086827244,,344.0587248646128,,351.2875197960381,345.244994726856,,355.9169947498076,,352.80557041227394,346.61743164109066,346.91790771484375,358.0653076171875,358.6431629955757,34.50221085534475,-2.4376178892781013,-1.8140335033380668,-0.6235843859400345,9.433867851253869,9.730853416772021,-0.2969855655181526,29.476494963341224,35.7291783928376,-91.98120642032698,-5.313834859858413,-3.0435777074758024,-19.40570068359375,-3682.479730772556,-7.959531804180415,34.839219397566104,-2.1705650623790596,-2.101553486117643,-0.0349973904284262,0.0012262650226641586,-6.325532355628936,-1.4881340552525444,-5.484852344895671,-2293756.6006398336,-2295388.704907228,-13.30975341796875,0,1,0,-13.30975341796875,1,0,0,0,0,6.934444720889774,3.996718289643127,339.9682643626841,354.59540557861334,369.22254679454255,8.250045536862658,0.1988786280721986,338.5540075882746,352.242680418041,365.9313532478074,343.33054078448345,358.6431629955757,373.955785206668,5.256819397367094,0.23819136044830855,337.8179511245943,354.59540557861334,373.7355956728123,-41631138.0,38.86045319721148,-0.3543166058287256,-59962859.66853545,-7985519.360487297,-3840638.161672809,346.6370258565894,29833.604172950145,1000.9229036944694,1.051928516407215,-9.396999587039641,10.448928103446857,0.6117977889189947,-1.204485487711206,7.313570607964605,53.48831503768376,354.86314392089844,354.86314392089844,0.591917082441394,-0.267993966099032,,53.48831503768376,346.6186706542969,-0.5427322387695312,3.2857209285460756,4.796793619791669,-0.0065024762194028085,-0.008286187642112086,-0.030435777074757975,,,,-0.006523709413505275,-0.1347985738851063,-0.21717310893137032,-0.17137713938501875,-0.1763560161290545
2025-11-19 00:00:00+05:30,345.7862922278438,346.94197468378286,344.14910970386006,346.1715393066406,3569363,0.0,0.0,354.083822631836,,,,351.6644765026696,,,,351.1342209588914,,348.04404789316334,,345.507336835493,,343.32942250305433,,350.65979478967097,345.0351413646629,,355.62460157672507,,352.2943293070237,346.41620147526396,345.9789276123047,355.00762939453125,358.2579608028165,35.02746325290147,-2.578285056899972,-1.56376053676795,-1.014524520132022,10.981185144019369,9.9496402821757,1.0315448618436687,31.284696153803058,32.895136267765025,-90.48395999218883,-3.0217088582920857,-2.870810078588052,-10.786224365234375,-3459.1142141661835,-8.874132616975203,36.35086431535824,-2.422580961905748,-2.1705650623790596,-0.044394748077825064,-0.006816554436292786,-7.575144359402237,-2.9815658108577168,-5.774430790780514,-2380316.6013483643,-2307921.2101154746,-14.461959838867186,0,1,0,-14.461959838867186,0,0,0,1,0,6.638617596534989,2.792864979922797,339.0139010231206,354.083822631836,369.15374424055136,8.512064457903557,0.23748093949541732,338.7475125176575,351.6644765026696,364.5814404876816,343.33054078448345,358.6431629955757,373.955785206668,5.437994700329613,0.23836222383040379,337.57561324143904,354.083822631836,372.6339297336158,-38061775.0,26.782489103949533,-0.3082865929812801,-58362774.488144584,-6644352.32938464,-3095546.6942538354,345.75420789809453,427478.63723614486,1000.9229036944694,-2.1130766220776933,-10.049603780419641,7.936527158341947,0.643735389152663,-1.0500762420183316,7.534960804357689,56.775634323206674,352.93702697753906,352.93702697753906,0.6854202986783747,-0.331275376944897,,56.775634323206674,345.2350176130022,-0.5115829467773437,3.2866301502376922,4.920666503906252,0.0011140504147748587,-0.0077293779958884645,-0.028708100785880486,,,,0.0011134303211125327,-0.1347985738851063,-0.21717310893137032,-0.17137713938501875,-0.1763560161290545
2025-11-20 00:00:00+05:30,347.18275233262307,350.50531747442125,346.6049110831503,348.04949951171875,4168805,0.0,0.0,353.5496215820313,,,,351.32019297972187,,,,350.5595235188802,,347.7330724789302,,345.4680888584464,,343.2800699777314,,350.6287842403756,344.99661506654024,,355.361684267619,,351.9760628998384,346.5676881846221,347.1105194091797,355.00762939453125,354.9354078943651,37.65240418558755,-2.5093034190829826,-1.1958231191607682,-1.3134802999222144,12.622214046846617,11.012422347373285,1.6097916994733321,33.41130047419958,31.39083053044795,-79.66819144694435,-0.3584423540524902,-2.97826112847491,-1.252044677734375,-3413.0375097409405,-8.632166561774511,32.91410617207676,-1.841183509514141,-2.422580961905748,-0.05248385632140584,-0.015448458523629563,-7.66908882473402,0.8494971201980093,-3.0509092710729533,-2538328.277717172,-2363785.452110257,-16.396113077799477,0,1,0,-16.396113077799477,0,0,0,1,0,6.473986208766821,4.333778167780622,338.4163678386753,353.5496215820313,368.68287532538733,8.560752335493463,0.3182769494390033,338.8079344851337,351.32019297972187,363.83245147431,343.33054078448345,358.6431629955757,373.955785206668,5.558158061969045,0.23790307078739195,336.82574567251703,353.5496215820313,372.38357907960904,-33892970.0,34.06420248632401,-0.31069747149088467,-59443589.74562137,-5835556.823186658,-1534918.6103989002,348.3865760230968,2689030.7880603853,1000.9229036944694,-3.7911855056283588,-9.382170131176245,5.590984625547887,0.8381818392383314,-0.7268922022439867,7.566626871678011,57.25384221519976,350.3849639892578,350.3849639892578,0.8693640349092275,-0.1035300226739617,,57.25384221519976,344.5793273925781,-0.5342010498046875,3.2921891157550576,4.9744335937500015,0.005424941082214696,0.0065450351548523855,-0.029782611284749128,,,,0.005410279092392676,-0.1347985738851063,-0.21717310893137032,-0.17137713938501875,-0.1763560161290545
2025-11-21 00:00:00+05:30,346.7012680215153,347.8569506710126,344.34176152472105,344.9677734375,5875570,0.0,0.0,352.96833953857424,,,,350.7152006423674,,,,349.7422046479725,,346.92233664594943,,344.6869168742308,,343.28457629315267,,350.1733860489696,344.608649215709,,354.7924024918909,,351.433534584634,346.50925701203903,346.5086364746094,355.00762939453125,354.6705670478466,35.14326824961098,-2.672497624217158,-1.0872138594359546,-1.5852837647812033,12.355556900073793,11.986318696979925,0.3692382030938681,37.05325688458767,33.9164178375301,-92.78117786064544,-1.849557641993742,-3.2601950576528433,-6.5006103515625,-3364.4063892522518,-8.200230488770217,34.26766933539824,-1.676073480234047,-1.841183509514141,-0.06033754010846826,-0.02436677491718633,-7.481288900246892,-1.1291486951073466,-4.644337841398908,-2703130.122966291,-2472362.7469561994,-16.04296875,0,1,0,-16.04296875,0,0,0,1,0,6.2763970500690265,3.7077379869976994,337.43942817107524,352.96833953857424,368.49725090607325,8.799039249695609,0.24239771508327035,338.6883500068833,350.7152006423674,362.7420512778515,343.33054078448345,358.6431629955757,373.955785206668,5.703826293073613,0.23885095615634058,336.60539613691174,352.96833953857424,371.25858414529995,-39768540.0,34.24980053714612,-0.2872106465575387,-63226426.375499785,-6177810.6053227335,-3902344.133184409,345.72216187774455,-2513360.6233048844,1000.9229036944694,-2.497348913192915,-6.470666830992641,3.973317917799726,1.1925337700918894,-1.0304091396669177,7.764455683749509,60.28677206491006,349.1570587158203,349.1570587158203,0.9721466682610954,-0.021005982303344342,0.6415218849216585,60.28677206491006,343.28993486676893,-0.5812820434570313,3.2950073583666835,5.280680338541669,-0.008854275264128075,0.00041914590525604645,-0.03260195057652848,,,,-0.008893707293274865,-0.1347985738851063,-0.21717310893137032,-0.17137713938501875,-0.1763560161290545
2025-11-24 00:00:00+05:30,344.9677539090177,345.9789541274112,341.4525649617196,342.7045593261719,19478651,0.0,0.0,352.38328399658207,,,,349.95228242177734,,,,348.7647017706008,,345.8303842254368,,343.51016396538046,,343.1140182825394,,349.5901147862036,343.8586456771222,,353.1477327848247,,350.7440437466004,345.9909164757033,343.83616638183594,349.83116149902344,353.5389292243236,33.383791891642126,-2.950441815192164,-1.0921264403287685,-1.8583153748633956,10.909999286262689,11.962590077727697,-1.0525907914650077,35.95713288703268,35.473896748606634,-94.82063283362213,-1.8073887302731513,-3.30161502053919,-6.308013916015625,-3226.8709255630174,-8.578743611407276,35.169332076299966,-1.8289072995610147,-1.676073480234047,-0.0684565685336258,-0.03340643690932849,-7.805236321267224,-2.1097823758590266,-6.636171541550652,-2928574.631163682,-2631968.005646495,-15.392903645833332,0,1,0,-15.392903645833332,0,0,0,1,0,6.151396486899213,4.526389165691626,336.2139033528768,352.38328399658207,368.55266464028733,9.177155318106463,0.20070824344845534,338.2086767676362,349.95228242177734,361.6958880759185,341.4525649617196,357.7041750841938,373.955785206668,5.786080107653114,0.23896270164992467,336.1150788463517,352.38328399658207,370.54444505525026,-59247191.0,22.52044305084337,-0.29847429869702613,-71929529.63250911,-8525373.588397488,-9642631.80170602,343.37869280510085,-15292629.067295564,1000.9229036944694,15.508988732949385,9.228536652119727,6.280452080829658,2.96040444721842,-1.1971670262061789,8.084690321852632,65.36221760025762,348.94032287597656,348.94032287597656,0.9828195969343198,-0.050336347719907776,0.6762523980830789,65.36221760025762,341.5275373186384,-0.5850555419921875,3.297961534545166,5.6390126546223955,-0.006560653735205091,-0.015356839165248992,-0.03301615020539195,,,,-0.006582269417797287,-0.1347985738851063,-0.21717310893137032,-0.17137713938501875,-0.1763560161290545
2025-11-25 00:00:00+05:30,341.4043935248423,342.84898193185853,337.3595342291062,338.7559814453125,6515065,0.0,0.0,351.3263244628907,,,,348.8859680430664,,,,347.4668634323847,,344.1918709513531,,341.57492028691735,,342.3793427266703,,348.29940232843455,342.4096213631924,,352.25095108804413,,349.7599549558776,344.604994024234,340.7302703857422,345.1121826171875,348.1458346660395,30.51345772048651,-3.4495673591278546,-1.2730015874115672,-2.1765657717162874,6.290477960943055,9.852011382426511,-3.561533421483456,18.326707674984185,30.445699148868176,-93.52675542290325,-2.84491596310991,-5.873707765890828,-9.919525146484375,-3209.2607196702443,-9.370693645058111,36.11047161452892,-2.1278027630496386,-1.8289072995610147,-0.07773689517902582,-0.04258666527072124,-7.937921424081748,-3.9065038488462847,-9.395951551598614,-3187175.388474216,-2831485.529075222,-13.63532511393229,0,1,0,-13.63532511393229,0,0,0,1,0,6.104114430888721,5.489447702752329,334.4751881467114,351.3263244628907,368.17746077907,9.59286859129693,0.12701794164738286,337.21519193641444,348.8859680430664,360.5567441497183,337.3595342291062,355.6576597178871,373.955785206668,5.774631176199538,0.2325262302438039,335.3952219698162,351.3263244628907,369.45140560839525,-65762256.0,22.53641591091678,-0.33534208577783703,-75129891.63311946,-9729003.300904326,-11940147.48022817,339.6548325354258,-22799165.19332267,999.770722384532,13.161111676477729,5.504527676518457,7.656583999959272,0.9641645014865671,-1.4919282334104687,8.425568158089646,70.99019878661416,348.77178955078125,348.77178955078125,0.9998937861648974,0.3569266174863738,0.7344238589303417,70.99019878661416,339.74794137137275,-1.0569595336914062,3.298877485668496,6.057883436414931,-0.011521813099373723,-0.020331442133540212,-0.05873707765890823,,,,-0.011588703483302234,-0.1347985738851063,-0.21717310893137032,-0.17137713938501875,-0.1763560161290545
2025-11-26 00:00:00+05:30,338.75600393115053,346.5086171406477,338.75600393115053,343.2342224121094,6349414,0.0,0.0,350.72200469970704,,,,348.3477065544038,,,,346.69618704659604,,343.6136678388257,,341.20981291131557,,341.79509712516483,,348.10244376723386,342.24509827205503,,351.62027151208594,,349.25735871026745,343.3115673032615,340.99510192871094,345.1121826171875,346.0270710320185,37.11706220123155,-3.4440702311378004,-1.0140035675372103,-2.43006666360059,15.180547032852584,10.793674760019442,4.386872272833141,39.27037169715039,31.184737419722417,-66.11097064491686,-1.6148941509970207,-3.4015462831093934,-5.63385009765625,-3257.827494754799,-9.448301082872206,38.50104162819141,-1.9191646400066076,-2.1278027630496386,-0.08601307932902813,-0.051632132261579686,-7.1314023593798845,0.25616898402790866,-7.496444225469247,-3383475.880303012,-3053017.673757516,-11.508565266927082,0,1,0,-11.508565266927082,0,0,0,1,0,6.221865949777754,7.7526356953351865,333.6091442433018,350.72200469970704,367.8348651561123,9.758646578823887,0.2812235334159162,336.3117404207025,348.3477065544038,360.38367268810515,337.3595342291062,355.6576597178871,373.955785206668,5.588338752078497,0.23626538241194145,334.7641664809349,350.72200469970704,368.49531631866273,-59412842.0,30.655346689707315,-0.28750242533714643,-74143956.28711413,-9023235.727664113,-6172382.713059345,342.83294782796924,-14405451.88717285,1001.0926889953325,10.989371447075206,2.666229957692746,8.32314148938246,0.9758032104921406,-0.8751058663363345,8.556430228202636,73.21249825009981,348.3625030517578,348.3625030517578,1.135136561238383,0.5333755609211878,0.7269491563546459,73.21249825009981,338.6445517403739,-0.6043197631835937,3.3021193118766217,6.361053466796875,0.013219666108005956,-0.00848514843367687,-0.03401546283109391,,,,0.013133048854374278,-0.1347985738851063,-0.21717310893137032,-0.17137713938501875,-0.1763560161290545
2025-11-27 00:00:00+05:30,343.2341722930538,350.8905019965627,342.8489546265744,348.8680725097656,5683705,0.0,0.0,349.60003967285155,,,,348.3972652168192,,,,346.5196220761254,,344.15892612110054,,342.432499890369,,342.09335531259507,,348.11548353047766,343.2610796587194,,349.44608421941166,,349.22942823463643,343.1880026864789,346.0511474609375,343.88427734375,345.7381446445521,44.2899847542921,-2.951090761462069,-0.4168192782891831,-2.534271483172886,36.34678614121132,19.272603711668985,17.074182429542333,64.1670355377457,40.58803830329342,-31.321915508545917,0.8912315062600579,-6.043322100764363,3.081756591796875,-3938.834530379886,-9.47840599815936,44.647493528416774,-1.232651496039066,-1.9191646400066076,-0.0913702244720982,-0.06009921109144297,-5.905601092794618,4.264393218064924,-3.777154151923355,-3316164.65733802,-3231006.9710093597,-9.004613240559893,0,1,0,-9.004613240559893,0,0,0,1,0,6.351843194078507,8.04154736998828,335.49113221469463,349.60003967285155,363.7089471310085,8.071456439970513,0.4740601047509619,335.9758582634726,348.3972652168192,360.8186721701658,337.3595342291062,355.2724575251279,373.1853808211496,5.402825853084961,0.1785089750754189,335.05696762931836,349.60003967285155,366.32028599012074,-53729137.0,37.45031891318049,-0.35704887001998065,-71319127.08735026,-7015409.181626074,-716164.9012938226,347.5358430443009,-5076212.586887505,1002.7340900357252,8.402327065350459,0.06334846077439948,8.33897860457606,0.866509349349729,-0.10375958099615226,7.054453729078473,49.76531741570918,348.3625030517578,348.3625030517578,1.106224885874912,0.6976552298452466,0.6820306720348579,49.76531741570918,340.358786882673,-1.1219650268554688,3.3085707929181845,6.465273030598959,0.016414010403927204,0.002351886726443375,-0.06043322100764359,,,,0.016280756709607897,-0.1347985738851063,-0.21717310893137032,-0.17137713938501875,-0.1763560161290545
2025-11-28 00:00:00+05:30,348.8681287143356,350.1682642646087,346.4123399784421,347.5679931640625,3053285,0.0,0.0,348.7621780395508,,,,348.31828692608053,,,,346.3260938371931,,344.41214262404765,,343.15069513338716,,342.8660863848269,,348.1072553516704,343.62540414992765,,348.2697889033268,,349.10846885123607,344.12086227788006,348.21803283691406,343.81202697753906,345.7381446445521,43.06908988693428,-2.6349326545475265,-0.0805289370997122,-2.5544037174478142,54.495625057325924,35.34098607712994,19.154638980195983,94.54632279845633,65.99457667778414,-39.08023867455944,0.7959878107839444,-4.599525774762362,2.7447509765625,-4896.934342081313,-8.87503963429316,42.99971719426234,-0.48479442199106726,-1.232651496039066,-0.09479141719692663,-0.06784241329409221,-4.617294228948748,3.4076005738873505,-0.34832371227923886,-3108072.2814089595,-3282421.4575275397,-6.364206949869791,0,1,0,-6.364206949869791,0,0,0,1,0,6.166420414941942,3.7559242861665894,336.46071133866957,348.7621780395508,361.06364474043204,7.0543582277354675,0.4514616872716992,336.3644569614019,348.31828692608053,360.27211689075915,337.3595342291062,351.94990461667646,366.54027500424667,5.1599651846420365,0.16845579005046088,334.81931191152495,348.7621780395508,364.541737236145,-56782422.0,37.509593556663866,-0.3251054703032573,-72493493.20186964,-5929923.069082484,-1180928.8818297288,348.0495324690378,-6214038.91088683,1002.3614335938931,3.048115869482607,-4.232690188074762,7.280806057557369,0.48664877088425695,-0.19415325091320304,6.150733350440621,37.83152074822251,348.04949951171875,348.04949951171875,1.321478796533546,2.1562166408453693,0.608740646680366,37.83152074822251,341.45392543247766,-0.8378616333007812,3.3136585010578705,6.427032674153649,-0.0037265644183209767,0.007537572859783737,-0.045995257747623586,,,,-0.003733525358478705,-0.1347985738851063,-0.21717310893137032,-0.17137713938501875,-0.1763560161290545
2025-12-01 00:00:00+05:30,348.5310743913605,349.3978216833682,343.8120907880027,344.9677734375,3297383,0.0,0.0,347.960432434082,,,,347.99919040335857,,,,345.96472197033114,,344.1763534666756,,343.1104171628232,,343.5955461153633,,348.0532229724756,343.67529241727084,,347.55355847116573,,348.798246786242,345.2717756716457,346.26788330078125,343.81202697753906,345.7381446445521,40.65521963717727,-2.5646276469238387,-0.008179143580819392,-2.5564485033430193,58.33353219277797,49.72531446377174,8.608217729006235,88.25136898301105,82.32157577307103,-54.5972492385607,-0.8854275264128024,-4.4417708652455214,-3.08172607421875,-6093.519181454032,-7.99083288336243,39.71960118318457,0.029421857534524976,-0.48479442199106726,-0.09746553453898743,-0.07478331819526568,-3.7138224433389797,2.8932851716784285,-2.692445723687058,-3068868.285235598,-3216803.0071720947,-4.502298990885417,0,1,0,-4.502298990885417,1,0,0,0,0,6.124942592115052,5.5857308953654865,337.0010773229581,347.960432434082,358.9197875452059,6.299196166909035,0.36346555220459925,336.1198716933416,347.99919040335857,359.8785091133755,337.3595342291062,351.68506377015797,366.0105933112097,4.9051867604360435,0.1676705224024978,334.076700436211,347.960432434082,363.60650960565437,-60079805.0,38.14781922430883,-0.31160652920748744,-74426425.10559176,-5561800.440673277,-2237070.51623003,346.0592286362903,-8680871.441862917,1002.3614335938931,-1.1718749397631307,-6.762144797856401,5.5902698580932695,0.5357644867652296,-0.5461377911816023,5.479677555561956,30.026866112929454,347.8087463378906,347.8087463378906,1.6889774009024001,4.76377382506743,0.5623229204055704,30.026866112929454,341.97330104282923,-0.80174560546875,3.315067573619477,6.349534912109379,-0.0074811828986079965,0.00660398016232433,-0.0444177086524552,,,,-0.007509307304403906,-0.1347985738851063,-0.21717310893137032,-0.17137713938501875,-0.1763560161290545
2025-12-02 00:00:00+05:30,342.84900556837994,346.5086180290297,341.9340877581033,344.2454528808594,7352239,0.0,0.0,346.91310424804686,,,,347.641691591692,,,,345.61091439383375,,343.859483057471,,342.93182352764154,,344.05086196040696,,348.0152925529743,343.5461566113477,,346.49981427740215,,348.45549929927614,345.8144334667518,344.6066131591797,343.81202697753906,344.14911079080315,39.98479842353964,-2.5379398631680488,0.014806912139976536,-2.5527467753080253,52.34399911614928,55.05771878875105,-2.7137196726017763,77.83464997444389,86.87744725197042,-49.29051473843204,-0.44561134035012406,-5.73576714946553,-1.540863037109375,-8042.415696051138,-6.909837274233496,42.42203034319509,0.18565838321125042,0.029421857534524976,-0.09964900742767124,-0.08092268034524859,-3.186762582042005,0.32680775031570874,-4.247722520610694,-3146212.6857698634,-3136043.0793994996,-3.499099731445312,1,0,0,-3.499099731445312,1,1,0,0,0,6.014198854887291,4.574530270926402,339.43758476642824,346.91310424804686,354.3886237296655,4.309736005978913,0.32157418131630083,336.02239746911926,347.641691591692,359.26098571426473,337.3595342291062,351.49241385801696,365.6252934869277,4.645166247484845,0.1595656202060857,333.28776136202794,346.91310424804686,362.50457917290737,-67432044.0,28.24921230924703,-0.34247638462224456,-74348957.53800337,-4880937.826575652,-2676156.6377735846,344.2293862226642,-10220340.857836371,1002.3614335938931,0.8687415240750334,-3.7772226672145894,4.645964191289623,1.1251679586088772,-0.7137032747347986,3.737759740809299,13.970847880014796,346.86976623535156,346.86976623535156,0.49419580906369076,2.282934009219856,0.5532531327931212,13.970847880014796,343.00653468540736,-1.0473281860351562,3.31634994574075,6.335243326822915,-0.0020938783627320046,0.016204795593943055,-0.057357671494655316,,,,-0.0020960735909268066,-0.1347985738851063,-0.21717310893137032,-0.17137713938501875,-0.1763560161290545
2025-12-03 00:00:00+05:30,344.77512420907374,345.93080677256984,336.2039049322011,337.35955810546875,6490892,0.0,0.0,345.9331939697266,,,,346.66244078348024,,,,344.70105285644536,,342.3544537593744,,341.0394384082043,,343.46969252284987,,347.46946069134594,341.93886709590686,,345.49486121886406,,347.5534021179965,344.72416132468123,340.80250549316406,343.1138153076172,343.54720346438194,34.19561915275645,-3.037410386602346,-0.3877308890354567,-2.6496794975668894,34.660332230334646,48.445954513087294,-13.785622282752648,56.36462657303649,74.15021517683047,-92.13123933200333,-2.5455533458416912,-5.490342993189928,-8.811981201171875,-8821.953900492897,-6.88088025854961,38.94368336428173,-0.04699314753445495,0.18565838321125042,-0.1035708966815041,-0.08659901816303729,-3.1877038517553298,1.0093182328908483,-8.717583607477877,-3191943.1915359874,-3121696.235825978,-3.1620229085286455,1,0,0,-3.1620229085286455,1,1,0,0,0,6.279391925278823,9.726901840368726,338.87528780031863,345.9331939697266,352.9911001391345,4.080502416328163,-0.10737814151027662,334.29700289346323,346.66244078348024,359.02787867349724,336.2039049322011,347.56802001758695,358.93213510297284,4.3566529621192425,0.15548982304721004,332.22573690223544,345.9331939697266,361.57498006406973,-73922936.0,27.85361960448528,-0.3372614276460283,-79297483.82685664,-5733212.592118502,-8678934.162438044,339.83142327007994,-23203983.46992734,1000.3611472523409,1.3004633904209628,-2.676400640694928,3.9768640311158907,0.950837346260366,-2.4295125660410988,3.528953084703983,12.453509874041757,345.9789276123047,345.9789276123047,-0.9709924822272693,0.9507682165280802,0.6214362743272702,12.453509874041757,342.2367706298828,-0.9799102783203125,3.3135344964544506,6.46596571180556,-0.02000286341552282,-0.01711561354621316,-0.05490342993189923,,,,-0.020205629174362374,-0.1347985738851063,-0.21717310893137032,-0.17137713938501875,-0.1763560161290545
2025-12-04 00:00:00+05:30,337.3595489188237,341.500720166726,337.1669547569712,339.71905517578125,8305258,0.0,0.0,345.45406951904295,,,,346.00116596369935,,,,344.10923011416486,,341.50516715256373,,340.1452854560972,,342.5457357920196,,347.1102923509243,341.22757850715976,,344.7941742305979,,346.94037270741455,342.98245370468635,338.539306640625,343.1138153076172,343.54720346438194,37.53307813898846,-3.205897094377974,-0.4449740774488675,-2.7609230169291066,27.504218387054152,38.16951657784602,-10.665298190791866,48.81037265856411,61.00321640201483,-76.06559076840216,-2.3934653971990603,-2.743328557538398,-8.3304443359375,-8515.342724324873,-7.884619924650508,41.84300976943486,-0.4749283397069074,-0.04699314753445495,-0.1077287164980123,-0.09186470442854218,-3.0396657091609844,-2.677563606681929,-7.011329016436719,-3165495.5732326144,-3151779.268846652,-3.2101745605468746,1,0,0,-3.2101745605468746,1,1,0,0,0,6.140418602741392,4.33376540975479,338.065668644135,345.45406951904295,352.8424703939509,4.277501136515453,0.11189068917885905,333.98790969944497,346.00116596369935,358.01442222795373,336.2039049322011,345.44925638356597,354.6946078349308,3.979666161425454,0.14208357874559965,332.2375727532856,345.45406951904295,360.0940712591689,-65617678.0,27.14002664525318,-0.2592123336542129,-77821016.04519978,-5090884.102757171,-4639624.722205546,339.4622433664928,-17395275.387299642,1000.3611472523409,3.899486895782769,-0.06190170826649766,3.9613886040492665,1.14711191881733,-1.5524372432845637,3.6942004374539863,13.647116872085222,345.78631591796875,345.78631591796875,-0.734235130517913,0.11868857703201806,0.6578430886518093,13.647116872085222,341.41955130440846,-0.47912445068359377,3.3113941594460226,6.356046549479166,0.0069940128080641095,-0.026224862791731307,-0.027433285575383937,,,,0.006969668145824841,-0.1347985738851063,-0.21717310893137032,-0.17137713938501875,-0.1763560161290545
2025-12-05 00:00:00+05:30,339.09309555964904,341.21180782411824,335.33717116289165,340.2487487792969,6012088,0.0,0.0,344.8930877685547,,,,345.453316708042,,,,343.61348528180804,,340.88983512380076,,339.5984101275213,,341.64549145190745,,346.9411402930361,340.9004699095657,,344.22231492426016,,346.42367479687914,341.33987388204037,339.98390197753906,343.1138153076172,343.11383657972715,38.28975141424276,-3.2591131495413492,-0.3985521060897943,-2.860561043451555,21.127371261942642,27.763973959777147,-6.636602697834505,44.70908016025042,49.96135979728368,-68.42105611376657,-1.3679610159463491,-3.1922174304301603,-4.719024658203125,-7680.407331597079,-9.2650645321321,44.11362740736751,-0.9519152258217609,-0.4749283397069074,-0.11163419334457858,-0.09666221829642582,-3.1643988330031196,-2.4051138072738354,-8.279750468500424,-3063601.9573080386,-3154115.362102517,-4.229400634765625,1,0,0,-4.229400634765625,1,1,0,0,0,6.121434178347478,5.874636661226589,337.727018627371,344.8930877685547,352.0591569097384,4.155530740002877,0.1759493316519487,333.4652016763401,345.453316708042,357.4414317397439,335.33717116289165,344.72696311144483,354.116755059998,3.6703211472361232,0.139742010675352,332.1328466290469,344.8930877685547,359.02628627258787,-59605590.0,21.645990580111146,-0.24426825121473691,-73780112.32792372,-3079563.619543597,-3521883.3965514614,338.9325759221022,-16457864.16209614,1000.5170683275486,3.001042978547754,-0.7682765004012104,3.7693194789489644,0.8288193302322452,-1.2962026733922052,3.583034570591849,12.838136734056315,345.3770446777344,345.3770446777344,-0.7342199536734368,-0.42823139917379016,0.6610403444139328,12.838136734056315,341.05428030831473,-0.5609817504882812,3.311122894817329,6.250896402994802,0.0015592107520772114,-0.02105845339248691,-0.031922174304301554,,,,0.0015579964450690052,-0.1347985738851063,-0.21717310893137032,-0.17137713938501875,-0.1763560161290545
2025-12-08 00:00:00+05:30,340.24874478623644,340.7784448888096,327.5363831779208,329.94403076171875,11238507,0.0,0.0,343.93966064453133,351.6843890380859,,,343.9762418560112,351.68438903808595,,,342.1897655668713,348.4654541015625,338.51097650890796,351.68438903808595,336.52664477444665,351.68438903808595,339.7889398312259,,345.7677931386201,339.0177661160951,335.5680917593149,342.8801986881207,351.3307788856001,344.9931712285511,339.08058767619474,335.0963897705078,339.4060516357422,339.21344258724173,30.539493057317518,-4.085694537187919,-0.9801067949890916,-3.1055877421988276,21.940886388568433,23.524158679188407,-1.5832722906199734,35.86281073770938,43.12742118550797,-89.69069395212595,-3.723477910402758,-5.46356892054908,-12.760528564453125,-6384.971852903861,-11.10518231764496,36.01635580054556,-1.4286919930503634,-0.9519152258217609,-0.11852293496219524,-0.10119400049455576,-4.1207825781474146,-0.8852066183434886,-14.127268329232265,-2990941.109289579,-3106846.560317812,-7.030298868815104,0,1,0,-7.030298868815104,1,0,0,0,0,6.630050430671857,13.242061710888777,334.4002876412277,343.93966064453133,353.47903364783497,5.547120088114976,-0.23357179124695454,330.60755459668303,343.9762418560112,357.34492911533937,327.5363831779208,340.8265691189594,354.116755059998,3.492641674382528,0.17327626895014728,330.272801522471,343.93966064453133,359.2368196095553,-70844097.0,20.016355346740202,-0.26452106371793715,-80931889.50974189,-4252355.832485318,-19562992.27898381,332.75295294281636,-50494622.85380791,1000.5170683275486,8.439374749452503,3.7360442164028305,4.703330533049672,1.7478826192533137,-2.934287164987812,4.769686501651829,22.749909324039656,344.9677734375,344.9677734375,-1.4737023337928767,2.594935883882922,0.6948689646768694,22.749909324039656,338.6899754115513,-0.9534271240234375,3.306691762688068,6.4325915527343716,-0.03028583662555162,-0.043551148346624324,-0.05463568920549078,,,,-0.030753927844045764,-0.1347985738851063,-0.21717310893137032,-0.17137713938501875,-0.1763560161290545
2025-12-09 00:00:00+05:30,328.403088555094,331.72565355316385,324.0693234568596,330.18475341796875,5469753,0.0,0.0,343.01512298583987,351.1495581054687,,,342.6627667666738,350.84126607259117,,,340.8797744024368,347.6223311360677,336.5296206575133,350.03120675280206,334.12999982732987,349.25291446516155,337.4791725812639,,345.0691078137802,336.93372024064115,334.3070584810697,342.1394220280038,350.8720741444917,343.73252114521284,336.61686053636566,330.06439208984375,339.4060516357422,337.4799127267112,30.891402766577812,-4.667537469037143,-1.2495597814706523,-3.4179776875664905,21.563000096372406,21.543752582294495,0.01924751407791092,19.792782454303996,33.45489111742126,-77.19924964499025,-2.530207139302559,-5.303140835606704,-8.57122802734375,-5088.626314095924,-13.458116519305634,40.38220609645849,-1.891279984929425,-1.4286919930503634,-0.12713836664040024,-0.105763476862486,-4.951024668705618,-8.298155369820051,-15.95448546612431,-2897085.9974252293,-3028611.283975513,-9.357711791992188,0,1,0,-9.357711791992188,1,0,0,0,0,6.7033561210741714,7.656330096304259,331.9467030873407,343.01512298583987,354.083542884339,6.453604612036924,-0.07959355018736186,329.1089392279856,342.6627667666738,356.21659430536204,324.0693234568596,339.0930392584288,354.116755059998,3.508491356679574,0.17361964804029337,329.2206334854503,343.01512298583987,358.4133808108523,-65374344.0,19.683320675411974,-0.2592874572644427,-77663803.11271456,-3305710.990317762,-16580180.028958779,328.65991014266405,-50095557.149193816,1000.5900269610763,5.843753142552096,0.9123380876019391,4.931415054950157,0.8647485750924342,-2.3183742007494454,5.534209949249576,30.627479762372996,344.8955078125,344.8955078125,-1.3156297214584936,1.2462070775444403,0.7351492704484124,30.627479762372996,336.6090772356306,-0.9245376586914062,3.304498174181017,6.51519761827257,0.0007295863352771992,-0.04084498239620005,-0.05303140835606701,,,,0.0007293203165481104,-0.1347985738851063,-0.21717310893137032,-0.17137713938501875,-0.1763560161290545
2025-12-10 00:00:00+05:30,330.18479552009853,335.14454366467646,329.1735659007658,329.94403076171875,3749704,0.0,0.0,342.06892089843757,350.7592468261719,,,341.4514585757257,350.02176664863543,,,339.63490847633,346.79074182846966,334.8064761137227,348.4561121693512,332.1723005671754,346.9823771711228,334.8747887311663,,343.4794304958549,334.4657458380727,333.376841181184,341.3018753858082,350.63532243896395,342.57238201296815,334.0437243384983,330.06439208984375,339.4060516357422,337.4799127267112,30.72377246582345,-5.089408952676422,-1.337145012087945,-3.752263940588477,18.337765714298037,20.613884066412957,-2.2761183521149206,1.4863328199525174,19.047308670655298,-78.09675925998968,-3.872047360835003,-5.424412045478064,-13.290191650390625,-4531.9269020380425,-14.462370964835657,39.30408287179244,-1.9091093681460456,-1.891279984929425,-0.1366760875463946,-0.11079746164851893,-5.691901765489549,-3.4392969495553416,-9.41027471346598,-2807762.4129393357,-2941236.430612832,-11.388168334960938,0,1,0,-11.388168334960938,0,0,0,1,0,6.651043381276777,5.970977763910639,329.92407073158347,342.06892089843757,354.21377106529167,7.100820580224522,0.0008217487190478255,328.05114265712007,341.4514585757257,354.8517744943314,324.0693234568596,337.50400540467984,350.9386873525001,3.582923131199879,0.1733582838629481,328.27231273416373,342.06892089843757,357.46506032648966,-69124048.0,19.183163248355395,-0.2385599798528216,-80445821.32147403,-3503115.6221892536,-14340531.268683419,331.420713442387,-50368930.9793563,1000.5171215183634,1.6047614462776612,-2.661322886937997,4.266084333215658,0.6182242426542649,-1.9967130051238056,6.072425083427059,36.874346393834124,344.5343475341797,344.5343475341797,-1.107685855016927,0.1970231378385576,0.7656012272063244,36.874346393834124,334.76688363211497,-0.9462020874023438,3.300131015655911,6.787849799262153,-0.0007290544271294497,-0.02198107972809138,-0.054244120454780664,,,,-0.0007293203165480679,-0.1347985738851063,-0.21717310893137032,-0.17137713938501875,-0.1763560161290545
2025-12-11 00:00:00+05:30,330.329207930454,332.4479493000924,327.68079591351886,331.2922668457031,4041253,0.0,0.0,341.34421844482426,350.3083917236328,,,340.48391650619976,349.28727646028517,,,338.60856047130767,346.0273308488434,333.59639431100686,347.0773335443226,330.9936519150542,345.04236985196127,332.4429285341733,,340.86234207743007,332.6134405703842,332.5038728957393,340.79155747592836,350.3315680016053,341.65119099698626,332.10418490599216,330.61814880371094,339.4060516357422,337.4799127267112,32.91933551469464,-5.25438448497988,-1.2016964355131226,-4.052688049466758,23.87799704174187,21.25958761747077,2.6184094242711,7.244538913397627,9.507884729218045,-73.06999996979445,-5.037951893282098,-4.191620201565195,-17.5758056640625,-4028.621122437457,-15.452071288894842,41.73665281937179,-1.9349845561081334,-1.9091093681460456,-0.14599295307067273,-0.11648652119004627,-6.285453374861799,-5.094237918635372,-9.861391305208883,-2700335.4941075253,-2850162.2373543717,-10.850463867187498,0,1,0,-10.850463867187498,0,0,0,1,0,6.516479810226544,4.767153386573511,328.4280844672754,341.34421844482426,354.2603524223731,7.56780591532804,0.11087614852115564,327.45179193478066,340.48391650619976,353.51604107761887,324.0693234568596,337.4799127267112,350.8905019965627,3.529817121005672,0.17342497234509002,327.47667171585914,341.34421844482426,356.45273242338044,-65082795.0,19.588040051908322,-0.18966553090550578,-78363978.81537667,-2603002.572179407,-11513517.784712916,330.4736706864381,-48717571.16947236,1000.5171215183634,-1.5568141237575832,-4.658318765578593,3.10150464182101,0.6848378594932192,-1.5564954059153742,6.458066988774433,41.70662923149807,343.7398376464844,343.7398376464844,-0.8280458944513596,-0.6294646737439865,0.8025770563008029,41.70662923149807,333.13724452427454,-0.7247024536132812,3.2946027719309967,6.384219835069443,0.004086256935371013,-0.024805168275644274,-0.04191620201565194,,,,0.00407793086144483,-0.1347985738851063,-0.21717310893137032,-0.17137713938501875,-0.1763560161290545
2025-12-12 00:00:00+05:30,333.98885652289687,333.98885652289687,328.4512671555261,331.6775207519531,3316506,0.0,0.0,340.68693237304683,349.84907226562495,,,339.64521214865243,348.59669780505646,,,337.6879225957962,345.2967084577972,332.65481669617316,345.8099221778334,330.20687872419495,343.30054916258894,330.5825648042753,,339.10003292751355,331.2585669985768,331.79166094930713,340.3486981048622,350.0603302198087,340.849153686916,331.18813624516145,331.4848937988281,339.4060516357422,337.4799127267112,33.567238198146114,-5.293027288593919,-0.9922713913017294,-4.3007558972921895,25.733206761894735,22.649656505978214,3.0835502559165207,13.718922055588669,7.483264596312937,-71.63362048453166,-4.571903260553856,-3.8123072424447533,-15.890472412109375,-3724.127314530527,-16.14186154098502,46.682906603009144,-1.83546337499195,-1.9349845561081334,-0.1545826105407322,-0.12283286296801792,-6.8846915226427985,-2.7155212005773706,-8.253110567948113,-2492729.829597051,-2734335.273519334,-11.765370686848959,0,1,0,-11.765370686848959,0,0,0,1,0,6.446559064308273,5.537589367370742,327.1913042787836,340.68693237304683,354.18256046731005,7.922598028788333,0.16620999192607194,326.79946337120265,339.64521214865243,352.4909609261022,324.0693234568596,337.4799127267112,350.8905019965627,3.613182386616275,0.17379589776597884,326.7493723253529,340.68693237304683,355.6652419627203,-61766289.0,27.60163761058418,-0.16338611093087688,-77816027.30499537,-1823789.7009468377,-9686201.402382277,331.37254814345863,-48331900.56394729,1000.6334097462529,-5.167260224541075,-6.615011893089668,1.447751668548593,0.5595251429291865,-1.3351600322957127,6.747814047131611,45.53299441466669,342.9693908691406,342.9693908691406,-0.5800650079286562,-1.1562670328137732,0.834135074599066,45.53299441466669,331.68990304129466,-0.6572860717773438,3.291028237918937,6.3080346679687445,0.001162882278895605,-0.025191064061497848,-0.03812307242444757,,,,0.0011622066550282756,-0.1347985738851063,-0.21717310893137032,-0.17137713938501875,-0.1763560161290545
2025-12-15 00:00:00+05:30,329.1735337538604,330.61812216306146,324.26195667475787,329.8476867675781,6075999,0.0,0.0,339.7768417358398,349.2637469482422,,,338.712114493312,347.8614424702534,,,336.6556134905134,344.51234039905023,331.5432397767132,344.4775303694832,329.16695751548195,341.4928447822128,329.1008046771953,,337.381762764744,329.75298163245486,330.97708079221115,339.552532435259,349.2816384062179,339.9531337548293,330.85609812033636,330.7626037597656,339.3578796386719,337.4799127267112,31.98695596696926,-5.40895325270219,-0.886557884328,-4.52239536837419,25.613470544241196,25.074891449292597,0.5385790949485987,16.718925379966386,12.560795449650893,-78.45596791295027,-4.383043238866855,-5.229662093948155,-15.120086669921875,-3520.3255387772015,-16.58105177547162,49.86130890080268,-2.0142060412502927,-1.83546337499195,-0.16283043307887546,-0.12985302137370727,-7.258157597467165,-5.10672828099905,-11.462893769302639,-2203126.7313896646,-2566169.965289692,-13.94830322265625,0,1,0,-13.94830322265625,0,0,0,1,0,6.5157737080859155,7.415564077195256,325.921624630327,339.7768417358398,353.6320588413526,8.155480541127968,0.14168172563997514,325.67728196567737,338.712114493312,351.74694702094666,324.0693234568596,337.4799127267112,350.8905019965627,3.7740994236644245,0.16896514209059854,325.51012953749097,339.7768417358398,354.8593653955454,-67842288.0,27.823673725494558,-0.1255658906793269,-73212980.73240955,125383.99228441715,-9890753.98193174,328.2425885351325,-51683972.610923074,1000.6334097462529,-4.179593147910197,-4.501875853167032,0.3222827052568351,0.979175451944902,-1.4332730974401016,6.927608552756386,47.99176026022343,341.4766540527344,341.4766540527344,-0.389708531143226,-1.448928227875454,0.8437762259448857,47.99176026022343,330.41315699986046,-0.9100906372070312,3.288506627781981,6.437085774739588,-0.0055169068444148595,-0.00029200102186488497,-0.05229662093948151,,,,-0.005532181178937305,-0.1347985738851063,-0.21717310893137032,-0.17137713938501875,-0.1763560161290545
2025-12-16 00:00:00+05:30,329.8477039525542,330.32923344737543,322.43213797621576,323.0099792480469,6230737,0.0,0.0,338.6380249023438,348.48840087890625,,,337.216673041382,346.8868752850688,,,335.05876944405696,343.4827808813955,329.3775298412845,342.69931675542597,326.6211267865288,339.0595467791317,327.28764857040335,332.6056326560259,334.1048932208289,327.7441643713282,329.6506025645295,338.56081705326886,348.5964055187971,338.46829712803594,329.83719910476384,326.4288330078125,335.93902587890625,336.66131998638923,26.89214569049962,-5.98359609505502,-1.1689605813446642,-4.814635513710356,17.313630396041972,22.8867692340593,-5.573138838017329,10.89772484975909,13.778524095104714,-97.96952041439214,-6.1687012726241965,-6.586824180551185,-21.2354736328125,-3198.1457601639718,-15.941181189643771,42.854705710815075,-2.3218971508718056,-2.0142060412502927,-0.1726871793554019,-0.1375326083374737,-8.333203377874296,-3.5792068258259633,-11.476302296985637,-1966009.9337186804,-2343009.7582999393,-15.023727416992188,0,1,0,-15.023727416992188,0,0,0,1,0,6.614439548305469,7.897095471159673,323.2079158050862,338.6380249023438,354.06813399960134,9.113039861195325,-0.006413971404599684,323.9190444742536,337.216673041382,350.51430160851044,322.43213797621576,336.66131998638923,350.8905019965627,4.216147705640446,0.18066319345840745,323.99575024576376,338.6380249023438,354.32008039919737,-74073025.0,19.918715155065033,-0.14705330429574265,-78531894.64361092,-781007.013347283,-14564068.732673146,325.257116890546,-64600224.246527776,1000.6334097462529,-3.146514535240912,-2.7750377923981975,-0.37147674284271426,1.022594079302917,-2.025655885618395,7.715054548628799,59.52206668831791,339.98390197753906,339.98390197753906,-0.4142527483697256,-1.0777026658177242,0.8674866980704954,59.52206668831791,327.90025852748323,-1.1388168334960938,3.283569127153217,6.7041744656033035,-0.02072989380807555,-0.021729574414478203,-0.06586824180551187,,,,-0.02094777441116217,-0.1347985738851063,-0.21717310893137032,-0.17137713938501875,-0.1763560161290545
2025-12-17 00:00:00+05:30,324.5990152134236,324.8397799567625,320.21710864074646,321.6135559082031,4532037,0.0,0.0,337.41012573242193,347.7288806152344,,,335.7306618858412,345.89576472127015,,,333.437391444615,342.4288653923483,327.29361746883507,340.9201806903165,324.2587707468531,336.66602425104884,325.2506174155231,331.1566392003861,331.7223257495718,325.4359636350708,328.38747289134943,337.74367135879896,348.0895060419465,336.9914734200207,327.94752409126556,322.311767578125,334.5907745361328,335.19268645267755,25.98198374645285,-6.477021310959401,-1.3299086377992353,-5.147112673160166,9.412308996587258,17.446469978956806,-8.034160982369547,3.508875516478718,10.375175248734731,-95.33758468289581,-4.66742436043355,-7.094165929303594,-15.746002197265625,-2831.640703724188,-16.618159043229184,45.07306510956494,-2.6877399806890683,-2.3218971508718056,-0.18368781013797797,-0.14597250763080322,-9.616475672395476,-7.312248264296272,-11.93491958031234,-1909083.071936572,-2123347.7052917182,-16.452260335286457,0,1,0,-16.452260335286457,0,0,0,1,0,6.472170388856227,4.622671316016067,320.65276603020004,337.41012573242193,354.1674854346438,9.932932312476636,0.028667698703026906,322.8189653125315,335.7306618858412,348.6423584591509,320.21710864074646,335.55380531865455,350.8905019965627,4.6646358915567285,0.1798885080253161,322.6183536402552,337.41012573242193,353.40013537771205,-78605062.0,12.850090841274525,-0.17261525478491233,-80325795.94153953,-1651589.47286959,-13387579.234267762,322.223481501904,-66559495.677883625,1000.2010938954874,-4.666140668269825,-3.435731140341688,-1.2304095279281364,0.7685086384108537,-1.8853292051878907,8.378679851110952,70.20227604741264,339.2375183105469,339.2375183105469,-0.3643032786643333,-1.0269406984923033,0.8871794121743228,70.20227604741264,325.49192286900114,-1.227899169921875,3.282017370412412,7.1240690104166635,-0.0043231585076553,-0.025248145372667063,-0.07094165929303597,,,,-0.004332530377870226,-0.1347985738851063,-0.21717310893137032,-0.17137713938501875,-0.1763560161290545
2025-12-18 00:00:00+05:30,322.5284430882327,325.5139317724754,318.7243777918919,324.5508728027344,6827303,0.0,0.0,336.2351943969727,347.03381286621095,,,334.66592006840244,345.0587101362296,,,332.21270068940663,341.51992390950517,326.06906585628565,339.4740181326273,323.17866234082084,334.8014699721587,323.5258676992969,329.7236805568926,330.4864900764936,323.85663346279466,327.44202310807964,336.7195067361437,347.4470978986663,335.9585744683323,325.98504792603757,323.08221435546875,333.29066467285156,334.06109973763006,31.25267310827964,-6.555479932278445,-1.1266938072946235,-5.428786124983821,8.56271242470526,11.762883939111497,-3.200171514406236,11.973476518924315,8.793358961720708,-81.00475762859627,-4.464919509798585,-6.751518603517826,-15.168182373046875,-2678.672351584001,-16.851129730991318,46.69352774612256,-3.078626450687554,-2.6877399806890683,-0.19400325446673472,-0.155124625533265,-10.00542029030914,-5.5522171031084895,-12.341771083691981,-1976375.8926393276,-1988281.4392232492,-17.607935587565102,0,1,0,-17.607935587565102,0,0,0,1,0,6.494840645408175,6.7895539805834915,319.3242942464189,336.2351943969727,353.1460945475265,10.058970882499656,0.1545328311853439,321.690660505773,334.66592006840244,347.6411796310319,318.7243777918919,334.8074398942273,350.8905019965627,4.924525379457508,0.18280656036805573,320.9403853310225,336.2351943969727,352.44445396580767,-71777759.0,16.451595121267218,-0.12311241486884314,-75435319.84124255,-301531.76777336,-8610217.565660384,322.9297274557006,-60324076.77915169,1000.2010938954874,-2.603916855991245,-1.0988058624504866,-1.5051109935407583,1.1874832884407345,-1.3818686752586224,8.455450075276913,71.49463597550034,338.0577697753906,338.0577697753906,-0.21035450618912083,-1.215567761265465,0.8888018253760291,71.49463597550034,324.16771327427455,-1.1749313354492188,3.281265942091012,7.510576171875001,0.009133063083229143,-0.020348781778563252,-0.06751518603517825,,,,0.009091608874022676,-0.1347985738851063,-0.21717310893137032,-0.17137713938501875,-0.1763560161290545
2025-12-19 00:00:00+05:30,325.5139645805372,327.92161224755296,324.0212347830795,326.6696472167969,3443420,0.0,0.0,335.3202880859376,346.4809936523438,,,333.9043702730114,344.3375704138989,,,331.3016961960566,340.7213291781556,325.43724283764715,338.27902620662996,322.93948769309793,333.3344454646177,322.4982401767747,328.38415444727315,329.9908747766393,323.81269348270706,326.5733082772481,336.06779583997684,347.12433389542235,335.21633283461153,324.8687833825865,325.6102600097656,332.92950439453125,332.6164979104608,34.856152043712534,-6.373224996494571,-0.7555510972085999,-5.617673899285971,17.41799157561477,11.797670998969096,5.620320576645675,33.098201563860556,16.193517866421196,-71.40368296166362,-3.9909335776303223,-5.304300178062376,-13.5791015625,-2647.276785942835,-16.801129344861693,51.29215272443627,-2.419081246629407,-3.078626450687554,-0.2025966982629912,-0.164466154788909,-10.034176564632148,-2.5164649624899766,-6.416842426963456,-2017083.6856453107,-1959001.9247526315,-18.145634969075516,0,1,0,-18.145634969075516,0,0,0,1,0,6.309521846769983,3.900377464473479,318.41872310992574,335.3202880859376,352.22185306194945,10.08084841659222,0.24408757764684974,321.42192067549456,333.9043702730114,346.38681987052826,318.7243777918919,334.8074398942273,350.8905019965627,5.10133448187518,0.18493594480528036,319.8863885236566,335.3202880859376,351.48675423798716,-68334339.0,20.52940050746982,-0.08611152139988372,-74202476.36388594,670444.9241770506,-6337925.028727316,326.2041647491431,-58076099.403566085,1000.8539266534971,-5.729662864060367,-3.3796414964156867,-2.35002136764468,0.6269287701884265,-1.0236496894125993,8.450782488005942,71.41572465958788,334.51853942871094,334.51853942871094,0.0023212442363739123,-1.2696950338875905,0.884538814598607,71.41572465958788,323.2645124162947,-0.9149063110351563,3.281959629602585,7.719237060546879,0.006528327580096471,-0.015098622070626844,-0.05304300178062371,,,,0.006507110341593057,-0.1347985738851063,-0.21717310893137032,-0.17137713938501875,-0.1763560161290545
2025-12-22 00:00:00+05:30,327.92159477263914,333.0739663835296,327.0548475367484,331.5812072753906,3206025,0.0,0.0,334.76412048339853,346.0435272216797,,,333.68311665419037,343.8373208790554,,,330.9455932617188,340.1370238300398,325.82220046230844,337.53573473467293,324.11080359943844,332.5515482390423,322.74077544637566,327.28573800604596,330.00971056157255,324.68554754462184,326.212633389231,334.77578599648126,346.85795365098465,334.9451061411042,325.4510751698833,329.12542724609375,330.93115234375,332.32759228223085,42.394091183680565,-5.765997962400149,-0.1186592504913424,-5.647338711908807,31.616048438935056,19.198917479751692,12.417130959183364,66.43153489719388,37.167737659992916,-52.74341409293495,0.496198252137564,-3.2457554905753407,1.637176513671875,-2724.130154894998,-15.304698821954673,52.68488740985045,-1.4982216862662052,-2.419081246629407,-0.20782107079608814,-0.17343089969509654,-9.447373076929015,2.472584878436976,-3.5465339683441925,-1947676.8778369492,-1973946.5177237995,-17.575826009114582,0,1,0,-17.575826009114582,0,0,0,1,0,6.316293083910177,6.404319166732705,318.1561605399299,334.76412048339853,351.37208042686717,9.92218635586561,0.40417506970024825,321.1696014627737,333.68311665419037,346.19663184560704,318.7243777918919,334.8074398942273,350.8905019965627,5.13436731754325,0.19449499711488677,319.019737576984,334.76412048339853,350.993285711587,-65128314.0,25.737780429816517,-0.005909933719646256,-72586658.54918861,1521246.0642716289,-3182995.1193586965,330.57000706522285,-53255760.424719155,1002.3574517285813,-8.6610413737782,-5.048816004906816,-3.6122253688713846,0.6836932977488603,-0.3832997211990069,8.303979971734323,68.95608337096476,331.6293640136719,331.6293640136719,0.1795912104689647,-1.1246396582106348,0.8528457359494057,68.95608337096476,323.30853881835935,-0.5561676025390625,3.2904193236168022,7.732718912760417,0.015035250750842444,0.0052555181599136525,-0.032457554905753416,,,,0.01492334169447064,-0.1347985738851063,-0.21717310893137032,-0.17137713938501875,-0.1763560161290545
2025-12-23 00:00:00+05:30,333.0257899334211,344.2935919722402,330.6663130211748,341.1155090332031,8591989,0.0,0.0,334.88209686279305,345.77106445312506,,,334.3909635474297,343.73058315961026,,,331.5504874093192,339.94376821480546,327.9191389438959,337.57356611397194,327.6275294098047,332.92373763461046,324.80544814733196,326.6947100964221,330.83863624467045,327.3142560931995,326.5987841880755,335.02775235301436,346.6044244991499,335.354813884227,328.3113754710688,336.3483581542969,331.3645324707031,331.5089848820661,53.61464349627504,-4.463969827231097,0.9466951077421681,-5.410664934973265,54.474523102536494,34.50285437236211,19.971668730174386,87.7913917116029,62.44037605755244,-12.42933363779194,3.310496775542368,0.696527210478655,10.930755615234375,-2737.868633153497,-12.392294265797375,58.3344690922183,-0.6063658257554312,-1.4982216862662052,-0.20701909844639266,-0.18124678979509634,-6.959765065759674,12.190192248846074,-1.4370867022193465,-1787377.2413025594,-1948879.0434844012,-14.261301676432291,0,1,0,-14.261301676432291,0,0,0,1,0,6.838506360135552,13.62727895106542,318.1219159939174,334.88209686279305,351.6422777316687,10.009601006376027,0.685958976790811,320.4735395264212,334.3909635474297,348.3083875684382,318.7243777918919,334.8074398942273,350.8905019965627,5.058105264595977,0.2177058592408818,317.89437642439475,334.88209686279305,351.90238237107604,-56536325.0,35.90055484325902,0.06292771119249563,-68002227.29440661,3189688.651352629,8974377.87280764,338.69180467553934,-28550314.510298204,1002.3574517285813,-2.8653720481043403,0.5974826566136353,-3.4628547047179756,1.7178833626482215,0.7438359071632441,8.380090434437815,70.22591568935616,331.6293640136719,331.6293640136719,0.1469510472479555,-1.202908310989844,0.7503463668007793,70.22591568935616,324.8872685023716,0.11797637939453125,3.3030013170018444,7.531118977864582,0.02875404742070886,0.056052540009151164,0.006965272104786591,-0.044297074811976755,,,0.028348407310719168,-0.1347985738851063,-0.21717310893137032,-0.17137713938501875,-0.1763560161290545
2025-12-24 00:00:00+05:30,341.98224863916414,344.9677373461578,340.7302543348236,341.6451721191406,3790465,0.0,0.0,334.80264434814455,345.5443884277344,,,335.0818405542593,343.64880233449384,,,332.1945898146857,339.7819685154335,329.8514593953365,337.6546632037687,330.7108329334259,333.343671484985,327.95224895526826,326.5656300270164,331.7218342368432,329.66509621694985,326.93768852291817,334.78365938676944,346.4845286800502,335.77193710863355,332.31377672993386,341.3803405761719,331.6293640136719,331.8460575690249,54.14895185334553,-3.350738536955703,1.6479411184140496,-4.998679655369752,74.0555527286188,53.38204142336345,20.67351130525536,99.99999999999999,84.74097553626558,-12.660594083416687,3.546401894408657,-0.46296382738339903,11.701141357421875,-2742.946821953254,-8.006690803164815,54.647462369134296,0.1505892998722551,-0.6063658257554312,-0.20148058404031444,-0.18741208212505653,-4.788227095577736,11.501227280514115,7.263744269179938,-1620628.3842049902,-1851303.3846882195,-8.218109130859375,0,1,0,-8.218109130859375,0,0,0,1,0,6.652718978078311,4.237483011334177,318.1948001026805,334.80264434814455,351.4104885936086,9.920975551312772,0.706002888450285,321.68274586642605,335.0818405542593,348.4809352420926,318.7243777918919,334.8074398942273,350.8905019965627,5.009309689138944,0.21250376514194916,318.3384498741489,334.80264434814455,351.4676732712894,-52745860.0,43.18134079269422,0.03602312304888267,-70155888.63994701,2897005.767818138,7979133.803697704,342.4477212667073,-27961754.525227968,1002.5127255498855,-5.311196184729988,-1.478673184009609,-3.8325230007203785,0.7572489097852405,0.8240115538011403,8.303922122732015,68.95512262039817,331.6293640136719,331.6293640136719,0.15501544428024253,-1.1515738464831546,0.6208240866837752,68.95512262039817,326.9784807477679,-0.0794525146484375,3.314611719198199,7.338508300781253,0.0015527382130431366,0.06228473844757665,-0.0046296382738340025,-0.02236144814835128,,,0.0015515339614944439,-0.1347985738851063,-0.21717310893137032,-0.17137713938501875,-0.1763560161290545
2025-12-26 00:00:00+05:30,341.7415034083098,347.1346398659512,340.48950903248044,343.90838623046875,5271033,0.0,0.0,334.5546600341797,345.3781964111328,,,335.92246395199356,343.65898209512034,,,333.061803327288,339.7178115665211,331.95077835853726,337.90968779835885,333.8671265950878,334.00299765412,331.7573642126306,326.89636495565964,332.7933385460726,332.1864443590484,327.56166148372284,334.49393946124735,346.37622464174865,336.3000337399139,336.5676471355565,342.7767791748047,332.76097106933594,332.9295088289216,56.456975627284464,-2.2598224284350863,2.1910857815477334,-4.45090820998282,87.85137587692981,72.1271505693617,15.724225307568105,99.99999999999999,95.93046390386762,-11.355944648001959,3.8081539013530574,-1.421650953501353,12.616119384765625,-2828.908608462724,-3.4910745953343394,58.44477243587229,0.7918105539610067,0.1505892998722551,-0.19169598248485187,-0.19153579011884758,-2.601067307520443,12.1764332053325,5.531302371861727,-1506176.708930898,-1711644.1396304911,-2.038467407226562,0,1,0,-2.038467407226562,0,0,0,1,0,6.6521769677492015,6.645130833470773,318.7000862544788,334.5546600341797,350.4092338138806,9.47801700211327,0.7949851041806288,322.533734313769,335.92246395199356,349.3111935902181,318.7243777918919,334.4463210282503,350.1682642646087,4.965599069201338,0.2051799136700916,318.35721959923916,334.5546600341797,351.13733886225026,-47474827.0,50.78839991035732,0.011931822339112871,-70003096.29018146,2562523.4478595853,8543468.441294637,343.84417837630014,-24469980.82537422,1002.5127255498855,-5.037447713447394,-0.9639397701816126,-4.073507943265781,1.027782036073578,1.179940416722516,7.927286889850446,62.84187743399476,331.6293640136719,331.6293640136719,0.04446139583754465,-1.2558278696218843,0.4217169809120332,62.84187743399476,330.07608991350446,-0.24798431396484374,3.3250179870130956,7.288430175781248,0.006624458051872839,0.05964400360586941,-0.014216509535013522,-0.028054418375111023,,,0.006602612752076279,-0.1347985738851063,-0.21717310893137032,-0.17137713938501875,-0.1763560161290545
2025-12-29 00:00:00+05:30,344.77510136088074,346.12337800212384,340.1042596124436,342.80084228515625,5665134,0.0,0.0,334.31630249023436,345.08522399902347,,,336.57754760277095,343.6253295535531,,,333.8471540178572,339.61673885569854,333.57681251177576,338.06916494417845,336.1891304185006,334.5012343091638,335.4987657449565,327.5536407013038,333.4942866120548,334.43097325844707,328.16305221942554,334.5571849616099,346.1591557982148,336.73014366305046,339.83886577335113,343.3546142578125,332.76097106933594,332.9295088289216,54.99796767276832,-1.4677141974146934,2.3865552100545013,-3.8542694074691948,86.90970754813264,82.93887871789374,3.9708288302389008,98.40414728659988,99.46804909553327,-15.25433862418344,3.353655535046574,-1.3715736122618207,11.123321533203125,-2957.4904786473503,0.17250477729572822,60.28985804332039,1.3048720699646785,0.7918105539610067,-0.179297762834707,-0.1933654934250511,-0.2707355873454854,10.044794823714028,4.025676434033812,-1445944.718378131,-1581155.3576587443,3.3867645263671875,0,1,0,3.3867645263671875,0,0,0,1,0,6.606958497887131,6.019118389680216,319.1574102418729,334.31630249023436,349.4751947385958,9.068592907642751,0.7798535557846913,323.3174363320573,336.57754760277095,349.8376588734846,318.7243777918919,334.06109973763006,349.3978216833682,4.750036882195421,0.2050887474065743,317.8187505548883,334.31630249023436,351.16466834377775,-53139961.0,54.70292889739307,0.016839026469027553,-70592237.03203696,2005279.222026199,6426632.255240548,343.0094932999079,-26294415.794773087,1002.5127255498855,-4.182081785698424,-0.0868590739461137,-4.09522271175231,1.0562551741761805,1.119414223138767,7.579446124180708,57.44800354935796,331.6293640136719,331.6293640136719,-0.06493621234865864,-1.3516789971002634,0.21938426884452036,57.44800354935796,332.90885707310264,-0.2383575439453125,3.333078464288531,7.234499511718749,-0.0032204621627641705,0.04938075883632309,-0.013715736122618227,-0.033393116126914646,,,-0.0032256590115378094,-0.1347985738851063,-0.21717310893137032,-0.17137713938501875,-0.1763560161290545
2025-12-30 00:00:00+05:30,342.7526801421853,342.7526801421853,337.0706381204854,338.4189147949219,4931091,0.0,0.0,333.9888595581055,344.6722735595704,,,336.7529159067853,343.4211564257637,,,334.237878999256,339.35531496534156,334.1966316709455,337.88671428613543,336.962279598361,334.47957310774046,338.37542540579125,328.30876173246685,333.7069537587854,336.27829488543273,328.5520246086454,334.42373843632566,345.9387894921872,336.8483803438165,341.22189959205093,340.60987854003906,332.76097106933594,332.9295088289216,49.542784190822985,-1.1799459621050232,2.1394587562913374,-3.3194047183963606,80.9038763940539,85.22165327303878,-4.317776878984887,90.84145297044441,96.41520008568142,-30.67808754565292,2.598541196798912,-1.8983972263034081,8.57122802734375,-3146.4634768761516,2.3416489828486533,54.29736503279289,1.508370828893657,1.3048720699646785,-0.1666699529363158,-0.19269691271181932,1.260367516434406,6.339763875702317,0.6577218540024319,-1429821.5439899764,-1492448.797135504,6.356190999348957,0,1,0,6.356190999348957,0,0,0,1,0,6.5443331883716835,5.730204164670852,319.5320615990035,333.9888595581055,348.4456575172075,8.657053997686946,0.653217028049673,323.66420491620227,336.7529159067853,349.8416268973683,318.7243777918919,332.9295088289216,347.1346398659512,4.549311865481994,0.2083064230485446,317.4722950680033,333.9888595581055,350.8422906384763,-58071052.0,54.99552761197375,0.010854308691416754,-73183157.03385253,770633.9270597547,2421730.0459565683,339.4140776858642,-32597691.791911136,1001.234453460172,-4.551043812564101,-0.3646568806494326,-4.186386931914669,0.9394480780573021,0.6128681121986919,7.228398979551001,52.24975180757394,331.6293640136719,331.6293640136719,-0.10017891806569534,-1.2671890586879553,0.056802733461884955,52.24975180757394,334.73591788155693,-0.32744293212890624,3.3384144810569127,6.977683919270828,-0.01278272089713628,0.020621517050730453,-0.018983972263034055,-0.057628052850210665,,,-0.012865122841096565,-0.1347985738851063,-0.21717310893137032,-0.17137713938501875,-0.1763560161290545
2025-12-31 00:00:00+05:30,338.61152646945675,348.6273334871757,338.5633558887068,343.6194152832031,5847158,0.0,0.0,333.95755767822277,344.41184265136724,,,337.4068682283489,343.4289312829182,,,335.1550747825986,339.31402640548407,335.6857107820991,338.11899605073756,338.94355457367544,335.0611709668862,341.05378300390197,329.2445502840653,335.5013412204351,339.0732453399823,329.15800827710234,334.2605783889692,345.62366100225967,337.2950167241009,341.75945264104956,341.0191650390625,332.76097106933594,333.6758556395338,55.21972209148565,-0.5261851010495207,2.2345756938774723,-2.760760794926993,79.10677967500072,82.30678787239574,-3.2000081973950216,89.48815369187864,92.91125131630764,-16.747234805161426,6.380433224736312,-0.18185791342112997,20.60943603515625,-3160.837293944416,3.786372186505673,53.899477176917785,1.8216165128671125,1.508370828893657,-0.15229955074597123,-0.18920932833492968,3.2584121354813096,11.18491736116124,1.1209397626923305,-1422978.1197653061,-1446781.2255720696,9.702814737955729,0,1,0,9.702814737955729,0,0,0,1,0,6.806053581506122,10.208418692253815,319.59184128795914,333.95755767822277,348.3232740684864,8.603318631348591,0.836281788617541,323.6202404383445,337.4068682283489,351.1934960183533,318.7243777918919,333.6758556395338,348.6273334871757,4.312193281410716,0.21600762378219515,316.76651287801684,333.95755767822277,351.50887028037556,-52223894.0,56.43561347303422,0.010560943029483138,-73155187.06427078,204393.66698041558,6419789.7585424315,343.60336821969514,-23612334.678380817,1001.234453460172,-3.432141681505536,0.6033962003273068,-4.035537881832843,1.122173399413173,1.3451271544701648,7.18285819513181,51.5934518513722,331.6293640136719,331.6293640136719,-0.11688332609472563,-1.2785726191903077,-0.16145898536029307,51.5934518513722,337.55010899135044,-0.0313018798828125,3.3481919079456497,6.919899902343748,0.015367050306371643,0.007340347136653547,-0.001818579134211351,-0.05019073418701314,,,0.01525017304046544,-0.1347985738851063,-0.21717310893137032,-0.17137713938501875,-0.1763560161290545
2026-01-01 00:00:00+05:30,346.70125491397727,354.98356854830155,346.0752724150952,354.1168212890625,13409679,0.0,0.0,334.79542083740245,344.3661151123047,,,338.99829232936924,343.84806422433564,,,337.07500465029767,339.69461380304074,338.88091454082826,339.1490581018377,343.27952623303867,336.7981188325384,344.47542833336496,330.57375875468506,340.4315020608721,343.32177147668784,330.34261854342617,336.31260136054266,345.74266348611644,338.2840206561899,343.27991512105274,348.8681182861328,337.8651885986328,336.85397317009676,64.01962829159474,0.8294170224789923,2.872142253924788,-2.0427252314457958,83.3947522633095,81.13513611078804,2.2596161525214598,91.08400640527876,90.47120435586726,-2.390420859257125,10.10631075206813,4.967181981651436,32.503265380859375,-2831.223587293638,5.251642891450274,58.12136622089954,2.197620050536726,1.8216165128671125,-0.13335862626886463,-0.18247103631294412,6.373217200012672,15.15909454185163,6.250798408645267,-1428135.380084387,-1429946.5709955138,13.60321044921875,0,1,0,13.60321044921875,0,0,0,1,0,7.131632130334144,11.364153265098423,317.867974459714,334.79542083740245,351.7228672150909,10.112113442501043,1.070712203735792,324.36007608791795,338.99829232936924,353.6365085708205,318.7243777918919,336.85397317009676,354.98356854830155,4.096594345728686,0.2273728353849303,317.3393914419485,334.79542083740245,351.8770974175167,-38814215.0,66.71121526711077,0.14124065506197023,-62354941.41644697,3390610.4788027555,25612226.20321442,351.72522075081974,17353582.44106646,1001.234453460172,7.494117094188219,9.22372398081685,-1.7296068866286305,2.1989101376398197,2.2828488149431663,8.463723188844233,71.63461021737957,331.6293640136719,331.6293640136719,0.3838542749175759,-0.31201673870994834,-0.29305601374339374,71.63461021737957,341.6341722760882,0.8378631591796875,3.361764180791878,7.131774088541662,0.03054951361583469,0.03650468435588694,0.04967181981651425,-0.015219428685199876,,,0.030092168341442207,-0.1347985738851063,-0.21717310893137032,-0.17137713938501875,-0.1763560161290545
2026-01-02 00:00:00+05:30,356.33183675737115,369.81466301305545,355.8503072482396,366.5884094238281,24228761,0.0,0.0,336.13888854980473,344.523212890625,,,341.62592252884156,344.739842467453,,,340.10290832519536,340.56607632506126,343.89710328158895,341.0819176421657,350.0378763499926,339.82342664937465,349.46493884594406,332.54034061174616,348.1146102223946,349.339428634228,332.50992078421706,341.5029228817614,347.1758899777079,339.7500300788084,347.4813942505384,360.3526153564453,344.1009826660156,344.2695204024737,71.24857577904417,2.876930936022802,3.9357249339748783,-1.0587939979520762,91.51584533371894,84.67245909067638,6.843386243042559,98.64670072143421,93.0729536061972,-6.314808334424582,12.952526134984277,7.909286758773019,42.03753662109375,-2313.1782307062717,8.57136200541396,60.11347115842859,2.5982875734904805,2.197620050536726,-0.1072937974070709,-0.17188182510673075,10.378781651165143,26.166769661265732,12.202413896449855,-1472831.5278012722,-1434146.6785817724,18.916091918945312,0,1,0,18.916091918945312,0,0,0,1,0,7.743504244166916,15.697841723992951,314.07910646182535,336.13888854980473,358.1986706377841,13.125397173264497,1.190159149183429,325.39175702962507,341.62592252884156,357.86008802805804,318.7243777918919,344.2695204024737,369.81466301305545,3.879144954890061,0.25428319671819066,317.3346049703697,336.13888854980473,354.2799585347031,-14585454.0,74.04477618544225,0.20974198947610473,-49321559.3448084,8532810.699269377,65120640.775279805,364.08445989504094,102684498.69285683,1001.234453460172,24.416668668597,20.917020444180505,3.4996482244164957,3.0910042392809673,2.760636596733713,11.029891043989702,121.65849644228422,331.6293640136719,331.6293640136719,1.160615526920997,1.7425129445333751,-0.3627945723626045,121.65849644228422,348.0309478759766,1.3434677124023438,3.377014671667781,7.631924506293406,0.03521885260735802,0.06594786315609191,0.07909286758773026,0.020272927364608728,,,0.034612856159101466,-0.1347985738851063,-0.21717310893137032,-0.17137713938501875,-0.1763560161290545
2026-01-05 00:00:00+05:30,370.1998399801509,372.4148931123971,363.602880553384,366.9254455566406,12532845,0.0,0.0,337.4727233886719,344.729853515625,,,344.03540091244145,345.6098661180094,,,343.0349613734654,341.4445952531403,348.2702829881842,342.9312944011111,355.60290267564034,342.6631031004111,355.1222296486066,335.02540830803287,353.5518798394318,354.3804053202911,334.7206343878078,343.7933591023846,347.6155201251563,341.1768686839972,353.41833882524764,366.7569274902344,344.2695007324219,345.56963545214455,71.41571414688363,4.475209039154436,4.4272024296852095,0.04800660946922619,93.69017667955855,89.533591425529,4.156585254029551,99.99999999999999,96.57690237557098,-10.224240767642623,12.323091135898425,7.840351176323546,40.25579833984375,-1893.9020135534818,12.960502539966399,58.98662383708959,3.007016680027784,2.5982875734904805,-0.07665862620763741,-0.15730822015245843,13.710653248651544,25.44163515991437,16.629622600901257,-1561257.994917269,-1464361.6550756488,24.180801391601562,0,1,0,24.180801391601562,0,0,0,1,0,7.81982626665593,8.812012559013112,311.4895293623905,337.4727233886719,363.4559174149533,15.398692827897804,1.0667648507373257,327.6688678304812,344.03540091244145,360.4019339944017,318.7243777918919,345.56963545214455,372.4148931123971,3.5950770555080753,0.2543682301202181,318.459601992185,337.4727233886719,356.13929953096505,-2052609.0,81.14038375942812,0.1501180076956737,-52403398.252982415,8880142.891471319,56421123.75194533,367.64773974080725,103836750.51079549,1001.3263920278267,24.777925040216683,17.02262145264015,7.755303587576534,1.4327479263023672,2.2670594029493025,12.991597013140709,168.7815929518466,331.6293640136719,331.6293640136719,1.1431229706113413,0.815426357677581,-0.3811934365727403,168.7815929518466,354.15943734305245,1.3338348388671875,3.3882236546617492,8.298360460069443,0.0009193856765472574,0.07037498248448437,0.07840351176323557,0.035603894901400146,,,0.0009189633004006986,-0.1347985738851063,-0.21717310893137032,-0.17137713938501875,-0.1763560161290545
2026-01-06 00:00:00+05:30,368.8516062959074,373.474277856318,364.6141524671594,368.7071533203125,9931356,0.0,0.0,339.4108795166016,345.01588317871096,,,346.385091617953,346.5156420867272,,,346.0096689860026,342.3848815199908,352.342562229564,344.8123677404361,360.53536966971467,345.4917441605431,360.69855817918653,337.9545503267413,357.7967685416187,358.3726331571607,337.01272142200224,346.6501676011114,348.07404645871077,342.61856811734174,359.55965792174027,367.81629943847656,345.1603546142578,346.099327824105,72.33140442315498,5.818552228862075,4.616436495514279,1.2021157333477959,91.58461940890695,92.26354714072815,-0.6789277318212044,99.99999999999999,99.54890024047806,-8.707092671211925,11.196637574845242,11.748393346927367,37.125946044921875,-1624.7820747609346,18.140489206757707,59.09636752780657,3.4170114077542455,3.007016680027784,-0.042985552073182554,-0.1390822705554351,16.9287571678323,23.39617770843097,14.536052319272358,-1667110.6535578838,-1527237.5131798922,29.39737955729166,0,1,0,29.39737955729166,0,0,0,1,0,7.8941333468346935,8.860125389158611,310.20875384399494,339.4108795166016,368.61300518920825,17.20753660825318,1.0016120081832358,329.88963304110155,346.385091617953,362.8805501948044,318.7243777918919,346.099327824105,373.474277856318,3.0000761614463247,0.2192393567645317,320.7360819544733,339.4108795166016,357.3202954128208,7878747.0,87.08225408468293,0.19684187657725752,-53159026.64291809,7974520.401349738,50888788.08580875,368.93186121459667,108659194.49860494,1001.8119696254689,22.611265076184992,11.884769190886766,10.726495885298226,1.0542895493374695,2.006448032732942,14.60106283630334,213.19103594967854,335.0482177734375,335.0482177734375,0.9405236011607436,-0.06461558356827303,-0.23027840810031466,213.19103594967854,359.2072479248047,1.9381561279296875,3.395618092675432,9.133011881510416,0.004855775976422061,0.08949924842039336,0.11748393346927366,0.04315300348005602,,,0.0048440247218750135,-0.1347985738851063,-0.21717310893137032,-0.17137713938501875,-0.1763560161290545
2026-01-07 00:00:00+05:30,368.7071578437819,372.8964705288043,367.4551634627318,371.01849365234375,9531582,0.0,0.0,341.45256652832035,345.238349609375,,,348.73112990694256,347.4765382265553,,,349.0199179513114,343.4045917346431,356.24382843605736,346.763272890934,365.06347947393516,348.3671922263862,365.7617444798853,341.26918362098627,361.16807345309496,362.37446001700704,339.66623937404995,348.8707765791462,348.52542021495555,344.09376680455756,364.4822251926133,369.8628234863281,347.78468322753906,346.099327824105,73.51664462296068,6.989101224733929,4.629588393108906,2.3595128316250227,92.19440259097954,92.48973289314834,-0.2953303021688072,99.99999999999999,99.99999999999999,-4.485458788206809,8.766234260028899,12.366936938086013,29.902984619140625,-1440.1563394530249,22.732163821207052,60.486141820581494,3.8258275349466224,3.4170114077542455,-0.00734102764290423,-0.11751120873350063,19.586003031070167,19.826885594566306,14.385578528493795,-1735178.497407492,-1610791.2203598449,35.601079305013016,0,1,0,35.601079305013016,0,0,0,1,0,7.718931469637395,5.441307066072511,309.3961037279703,341.45256652832035,373.5090293286704,18.77652473154937,0.9611539225048332,332.7702279438727,348.73112990694256,364.6920318700124,318.7243777918919,346.099327824105,373.474277856318,2.2399571441429993,0.2185025599659342,323.12193673821844,341.45256652832035,359.15239443900805,17410329.0,91.25826678090175,0.18915778455485796,-50206779.488289304,7818433.440831907,46766208.345645085,370.45670921462664,114634324.0034898,1002.4388466228954,20.344759932530575,7.694611237785878,12.650148694744697,1.0018574486469831,1.8446156900193342,16.02823140017502,256.9042018175565,339.7672119140625,339.7672119140625,0.7435867563548123,-0.663963368532144,0.00443170352783493,256.9042018175565,364.15462079729355,2.04168701171875,3.3978604216410915,10.113190511067708,0.006268769974265398,0.07973670040314507,0.12366936938086015,0.045892507929232496,,,0.006249202967238056,-0.1347985738851063,-0.21717310893137032,-0.17137713938501875,-0.1763560161290545
2026-01-08 00:00:00+05:30,371.7407823395743,373.1372296769932,355.60954372768856,357.6801147460937,10208126,0.0,0.0,342.83937072753906,345.28553955078127,,,349.5834141773379,347.8766784822235,,,350.5653987339565,343.8925040929458,357.15173194832323,347.57583281717046,365.18173839190507,349.5130997053078,368.5694867445379,344.4484486380283,360.9598164869972,363.23897270697955,341.0770211364953,349.9320118304918,348.59881623713477,344.9249614449957,365.9885947748734,364.34930419921875,348.8440704345703,348.74775631969874,58.05986217851667,6.7625199130268925,3.5224056651214957,3.240114247905397,84.95658380896998,89.57853526961881,-4.62195146064883,86.67305957301676,95.5576865243389,-31.93769711367126,4.693449208572824,8.406299674627416,16.034942626953068,-1375.4214560268565,25.03571375876038,52.89070731764904,3.1848739079781128,3.8258275349466224,0.024044435084280558,-0.09354005122581925,19.612855061556694,19.408997626775772,1.8813116774711602,-1781704.3714695636,-1691256.7780529307,37.96058146158853,0,1,0,37.96058146158853,0,0,0,1,0,8.419556789613626,17.52768594930461,310.480845478263,342.83937072753906,375.1978959768151,18.876784880690956,0.7293173731532566,331.8039912680262,349.5834141773379,367.36283708664956,318.7243777918919,346.099327824105,373.474277856318,1.8543320907926384,0.2649735915739204,323.32485529247515,342.83937072753906,362.24449003961325,7202203.0,82.93864318895092,0.14802682830132796,-58003103.963665776,4563164.311106458,20633913.937589683,362.1422960502585,77935384.50579217,1002.4388466228954,18.88706891015564,4.989536172328753,13.897532737826888,1.0051645500917639,0.9172694926130265,16.17926262463803,261.76853907700917,341.3803405761719,341.3803405761719,0.5165553107391989,-0.9945787082597726,0.17292142212096534,261.76853907700917,366.0174547467913,1.3868041992187472,3.392704080380051,10.627892727322044,-0.035950711715056816,0.010062480071011626,0.08406299674627427,0.013318474220404442,,,-0.03661285675234083,-0.1347985738851063,-0.21717310893137032,-0.17137713938501875,-0.1763560161290545
2026-01-09 00:00:00+05:30,356.3318148684223,359.89514477319733,348.62734319559155,350.1682434082031,7858619,0.0,0.0,343.7831695556641,344.8627569580078,,,349.63911219932504,347.9665437734384,,,351.26338660830544,344.08398267558977,356.5370312501097,347.7638371397507,363.1957239522165,349.71942321927287,368.8535965322519,347.18897390071754,360.7817074712903,362.69579859500533,341.82253944632333,350.42859837326466,347.734648787594,345.277548728368,364.0131509509621,353.92417907714844,351.2998504638672,350.2645626965332,51.493623779178854,5.908695588717876,2.1348650726499834,3.7738305160678927,71.12311543870734,82.75803394621894,-11.6349185075116,63.08564100773249,83.25290019358307,-50.20749778199986,1.8202106806256706,5.697681006025819,6.259857177734375,-1390.638897778158,23.08141000343545,48.573457079505,2.218499712064993,3.1848739079781128,0.04878774418468623,-0.06819721711255333,18.46184927979168,6.675482528981945,-4.592319048623835,-1849826.8734991045,-1758450.544135183,35.4245147705078,0,1,0,35.4245147705078,0,0,0,1,0,8.62300284589878,11.26780157760578,311.7431817620688,343.7831695556641,375.82315734925936,18.639648843197655,0.5996422641243236,331.4067197427848,349.63911219932504,367.8715046558653,318.7243777918919,346.099327824105,373.474277856318,1.9576569111346223,0.2797318932999637,323.7365946660959,343.7831695556641,364.28139146099215,-656416.0,77.34129521735655,0.094265202435297,-63712351.12666079,1000051.5415288731,9252935.543433694,352.89691045899735,61430990.666786626,1000.338681970683,15.624681078136124,1.3817186722473895,14.242962405888735,0.754589079920427,0.3985690564972941,16.019993896797654,256.6402044534341,342.22300720214844,342.22300720214844,0.36299587939800043,-1.0424708665863085,0.2620659628947996,256.6402044534341,366.22382071358817,0.943798828125,3.382704944933851,10.677010294596355,-0.021001646522124995,-0.04479183082038185,0.05697681006025812,-0.005819531448265858,,,-0.02122531829382237,-0.1347985738851063,-0.21717310893137032,-0.17137713938501875,-0.1763560161290545
2026-01-12 00:00:00+05:30,350.55350106222585,357.72830288126744,344.919599631394,356.8133850097656,7377850,0.0,0.0,345.0399627685547,344.71252014160154,,,350.3223762765099,348.3134787238826,,,352.5043595086961,344.55263475605085,357.18154196372035,348.45205102821734,363.17101088905935,350.658842907819,368.10677487327933,349.6604805883347,360.630224205496,363.88742303592,343.464115909519,351.11386535574553,347.4717989552047,346.0000354289717,360.7684229140798,353.4908142089844,354.7187042236328,352.07029543874637,56.211450518439214,5.7025061109511626,1.5429404759066152,4.159565635044547,59.644909391016796,71.9082028795647,-12.263293488547902,39.02444297427864,62.927714518342626,-38.92007693127848,4.087662863136477,7.5784045300466705,14.012542724609375,-1387.9963885449718,19.52065254365982,50.194499577603835,1.3476434492611846,2.218499712064993,0.07020283033094543,-0.041878018971746526,17.535569053663558,3.99525167054486,-8.813451579328557,-1915050.428116891,-1818881.9025769532,30.68947855631509,0,1,0,30.68947855631509,0,0,0,1,0,8.921981446182683,12.808703249873417,313.0274221901882,345.0399627685547,377.0525033469212,18.555845138344054,0.6838876582192793,331.38664914918803,350.3223762765099,369.25810340383174,318.7243777918919,346.099327824105,373.474277856318,2.1014172113389096,0.28533634295410765,323.85162005030105,345.0399627685547,366.2141953158229,6721434.0,78.10164211463281,0.12807938219883344,-57388491.790130354,1463637.784549646,14934924.460812865,353.1537625074757,75431934.18122622,1002.2363816412427,12.46741879437142,-1.4204348892138512,13.887853683585272,0.6969633874326029,0.7355506328771177,16.006270289183238,256.20068857039,343.2101287841797,343.2101287841797,0.15848269710647014,-1.138120874794782,0.3630359449565749,256.20068857039,367.43315298897875,1.256793212890625,3.376739153306994,11.026280653211801,0.018976996705597937,-0.027558896962118773,0.07578404530046678,-0.001779490380865445,,,0.018799179604622563,-0.1347985738851063,-0.21717310893137032,-0.17137713938501875,-0.1763560161290545
2026-01-13 00:00:00+05:30,358.8357920932995,359.3173215970773,350.1682610252982,353.3463439941406,5886522,0.0,0.0,346.21489562988285,344.55939331054697,,,350.6103732019985,348.5108459893829,,,353.29544343494234,344.8912160836014,357.07685366110724,348.8336114584401,362.14061033956,351.1308323833789,366.3848024389754,351.7533884419246,360.32133505288425,363.80988490917315,344.75995193543247,352.0074828492136,347.335626542834,346.4824754135128,357.409031476633,355.0798645019531,354.7187042236328,355.2724579884017,53.29872602348869,5.1994027512157,0.8318696929369223,4.367533058278778,51.86047746178584,60.87616743050333,-9.015689968717489,24.240323779050378,42.1168025870205,-55.29099290136412,4.410932293268716,7.124093382871123,14.92742919921875,-1424.5926643285684,16.229822678528876,44.557548091814844,0.6421200295996041,1.3476434492611846,0.08728939832800542,-0.015257024630193565,15.682116526418579,5.639514274437829,-3.5095462973412737,-1953823.499160047,-1877547.0789769334,24.710489908854157,0,1,0,24.710489908854157,0,0,0,1,0,8.938201383725284,9.149060571779103,314.83137847688386,346.21489562988285,377.59841278288184,18.12950138722465,0.6136177364935068,331.7353704540827,350.6103732019985,369.4853759499143,318.7243777918919,346.099327824105,373.474277856318,2.456927706425624,0.28753010592648337,324.87327459108946,346.21489562988285,367.93407362748013,834912.0,77.7024902860491,0.08805639049650645,-59185445.21264774,948470.8145708293,9885819.07878547,354.277308872172,69712189.89169507,1001.2647137719081,8.479264641845344,-4.326871233391943,12.806135875237286,0.551107979892016,0.45447094597402743,15.691758576499483,246.2312872231451,343.76390075683594,343.76390075683594,-0.020127376062000102,-1.0363225732655923,0.4093140442443972,246.2312872231451,367.4565390450614,1.174932861328125,3.3710763121247385,11.342804429796008,-0.009716678693345804,-0.041661272876979516,0.07124093382871122,-0.015930457953495902,,,-0.009764193658049949,-0.1347985738851063,-0.21717310893137032,-0.17137713938501875,-0.1763560161290545
2026-01-14 00:00:00+05:30,353.2018742982669,359.2209928105073,350.8423680853778,356.2355041503906,4870804,0.0,0.0,347.87617187500007,344.38026306152346,,,351.14609995898826,348.8137737604028,,,354.24978710356214,345.34910278320314,357.48143029736303,349.4149300106729,361.9442648019658,351.8895373361912,364.4869625127883,353.5963699904353,360.1760886468318,363.29029463322513,346.24101176302577,353.2818110063931,347.1495202517556,347.10590550030605,355.6115929595087,354.7909240722656,354.7187042236328,355.2724579884017,55.37392903244132,4.976455313731037,0.4871378043618071,4.48931750936923,52.81146561804769,54.77228415695011,-1.9608185389024158,22.60205171922573,28.622272824184915,-47.35453331321432,3.6715296942082314,10.286222419409865,12.6160888671875,-1515.261956856301,12.836308018609486,46.851320139502036,0.0959046973106242,0.6421200295996041,0.10161966155761704,0.010851674017193287,14.312281850023831,5.177800226760496,-3.200824498369002,-1957580.7241593797,-1924192.5753687266,19.590220133463532,0,1,0,19.590220133463532,0,0,0,1,0,8.898231622397013,8.378624725129498,318.19313708611514,347.87617187500007,377.559206663885,17.065287702171634,0.6408099329270871,332.4727880013255,351.14609995898826,369.819411916651,318.7243777918919,346.099327824105,373.474277856318,2.677774025229774,0.27297730167485224,326.24596591119996,347.87617187500007,369.4271472610831,5705716.0,77.91399022690693,0.1313528395921169,-57785790.85467357,1096840.6394284666,10483921.045487992,355.43295501542525,73694835.55504923,1002.0823705003156,4.161170459604164,-6.9159723325065,11.077142792110664,0.4602212265027342,0.5632397317083485,14.841517394442457,220.270638569538,347.03831481933594,347.03831481933594,-0.1570281361635095,-0.8448304761768924,0.4579684338367261,220.270638569538,366.99701756068634,1.6612762451171874,3.364565998337079,11.795761922200516,0.00817656728407501,-0.039844346723603596,0.10286222419409863,-0.001136875983567598,,,0.00814332026583566,-0.1347985738851063,-0.21717310893137032,-0.17137713938501875,-0.1763560161290545
2026-01-15 00:00:00+05:30,356.2355041503906,356.2355041503906,356.2355041503906,356.2355041503906,0,0.0,0.0,349.60726928710943,344.3658178710938,,,351.63080512007417,349.1048220109905,,,355.0459139869327,345.8140141984528,357.80131342911,349.96203810004994,361.6899913829201,352.5856202775219,362.4727609054763,355.222206881391,360.1444157375026,361.63241884691354,347.6111188097729,354.2173557980631,346.96814541350903,347.69369639721515,355.19033318031234,356.2355041503906,354.7187042236328,355.2724579884017,55.37392903244131,4.745069654006784,0.2046017157100426,4.540467938296741,49.99998015740241,51.55730774574531,-1.5573275883429005,21.437559127570665,22.759978208615593,-47.35453331321432,0.5983005420684782,10.765077406149356,2.118682861328125,-1691.4396155134782,10.933267512959958,46.50150574545499,-0.26861859284260325,0.0959046973106242,0.11340266899717566,0.03537350361766513,12.505929163679419,1.8791241999803674,1.8791241999803674,-1954635.067090735,-1948748.9903077465,15.168177286783843,0,1,0,15.168177286783843,0,0,0,1,0,8.262643649368655,2.220446049250313e-16,322.4416501238403,349.60726928710943,376.77288845037856,15.54064892223954,0.6219967566990574,334.73590382504597,351.63080512007417,368.5257064151024,318.7243777918919,346.099327824105,373.474277856318,2.8817449064392666,0.27146378223667567,328.5058400732417,349.60726928710943,370.5313535941208,5705716.0,77.00131190092576,0.1469267978322394,-57785790.85467357,1057824.6005585417,8986218.038989708,,73694835.55504923,1002.0823705003156,-4.812714995377114,-12.711886229990222,7.899171234613108,0.0,0.48798702679623035,13.58280958163455,184.4927161309433,351.7572937011719,351.7572937011719,-0.19575233318849203,-0.7086320104987422,0.47637764258797033,184.4927161309433,365.92320338657925,1.731097412109375,3.354072800952631,12.146100938585072,0.0,-0.004038833964053468,0.10765077406149359,-0.0004705179207817878,,,0.0,-0.1347985738851063,-0.21717310893137032,-0.17137713938501875,-0.1763560161290545
2026-01-16 00:00:00+05:30,356.33183235106765,363.5547748987244,356.13920879370545,357.2948913574219,8728064,0.0,0.0,351.2444702148437,344.5256848144531,,,352.17024190458346,349.42600120104663,,,355.7780684698196,346.3210366881127,358.2411446082672,350.55818490058897,361.6693529235387,353.3430660694084,360.45412435952716,356.7045900558804,360.02259728726096,360.30212535275064,348.9954773647971,355.69441602068446,347.1684130220781,348.30869948262347,355.58322893835145,356.76519775390625,354.7187042236328,355.2724579884017,56.20157167907326,4.594219245906174,0.04300104608754651,4.551218199818628,53.61550449501843,52.142316756822844,1.473187738195584,25.473685146019793,23.171098664272062,-44.44441988851607,-2.5351369076324577,10.089024956833093,-9.29351806640625,-1942.6359588904254,11.710514446362595,43.335047160891534,-0.3757966560292163,-0.26861859284260325,0.12321561251018576,0.057581752364089925,10.480673013658363,8.778607604455317,1.3630414994363491,-1967883.6552950682,-1957689.7894925573,13.097605387369791,0,1,0,13.097605387369791,0,0,0,1,0,8.202138110486535,7.415566105018968,326.60804191404793,351.2444702148437,375.8808985156395,14.028080377024335,0.6227942027291091,335.471890046221,352.17024190458346,368.8685937629459,324.0212347830795,348.74775631969874,373.474277856318,3.0453770326831746,0.2711430874225333,330.31446581120673,351.2444702148437,372.4964823631947,14433780.0,81.92243060734282,0.07495901536508341,-63793395.96132642,-965813.094783105,9023386.796812607,358.9962916832839,76290421.68726318,1002.0823705003156,-2.360304284862502,-8.20758041558049,5.847276130717987,1.1346086268517983,0.4911768109164365,12.318214150397894,151.73839985506294,353.73158264160156,353.73158264160156,-0.20183114161083837,-0.5938171541781789,0.47109593620708834,151.73839985506294,364.8452649797712,1.637200927734375,3.3403831494609424,12.55005296495226,0.002973839481715368,0.020352068136889834,0.10089024956833104,-0.00401030031527061,,,0.0029694263681799005,-0.1347985738851063,-0.21717310893137032,-0.17137713938501875,-0.1763560161290545
2026-01-19 00:00:00+05:30,357.1985359408076,360.3766479076528,354.8872004859724,356.4281005859375,8850224,0.0,0.0,352.7323928833008,344.62487915039065,,,352.57575225518866,349.7005933337874,,,356.27174755278094,346.78779809091606,358.43536406621195,351.0522014863731,361.34590840095535,353.9386912014961,358.6259689080043,358.07027127016676,359.8437621061773,358.7637370193042,350.3293219545814,356.35668277268513,347.3304486253106,348.83758966138674,356.07867426653934,356.8614959716797,357.31895446777344,356.0188168725124,55.29790734138136,4.354530126781242,-0.15735045842990836,4.51188058521115,53.12447086972975,52.24665184071686,0.8778190290128904,23.124083215803424,23.34510916313129,-48.82763418908035,-2.8608931590389517,9.10964750557042,-10.497344970703125,-2296.611354561209,12.647786447367025,47.41098378590749,-0.46247926216316865,-0.3757966560292163,0.1308664801171755,0.07689864482968527,8.339562539773212,5.36449014314536,-0.12495727853502103,-1996858.4521263854,-1966579.436842895,11.974029541015625,0,1,0,11.974029541015625,0,0,0,1,0,8.008374489857523,5.4894474216803815,330.9115944110618,352.7323928833008,374.5531913555398,12.372438093293162,0.5846831454710164,336.42211058873113,352.57575225518866,368.7293939216462,327.0548475367484,350.2645626965332,373.474277856318,3.193267322888356,0.2722525991320919,331.70073661780214,352.7323928833008,374.2800206590919,5583556.0,79.30318343737248,0.04061423646312,-67675064.84138736,-2940940.1506437957,6638432.613158016,357.23064965985424,74143373.77968603,1002.0823705003156,-0.33161798220705246,-4.943115290340031,4.611497308132979,1.2083347538302798,0.3387325818840655,10.910399236119504,119.03681149151707,355.17616271972656,355.17616271972656,-0.0734870558683735,-0.7130833814093183,0.4355263597093162,119.03681149151707,363.3504568917411,1.4879226684570312,3.3288327521792516,12.917297092013888,-0.002425981430048685,-0.0010797925190434432,0.09109647505570417,-0.00046359162584241886,,,-0.002428928890953404,-0.1347985738851063,-0.21717310893137032,-0.17137713938501875,-0.1763560161290545
2026-01-20 00:00:00+05:30,356.0910410201664,356.0910410201664,343.86018079631083,345.641845703125,13205286,0.0,0.0,353.43542480468756,344.55746459960943,,,351.9153802026112,349.541426760036,,,355.5964573451451,346.82767913219976,356.61945426977644,350.6871059240141,358.2073173758156,353.26254662203866,355.9719246974135,359.0119258241627,358.1170898881965,355.0972094702187,351.03302353119403,355.99314637096336,347.2520416047696,348.60076234890755,355.0750068237405,351.03497314453125,358.3301696777344,358.66722932631444,45.494841450242944,3.256673246481398,-1.004165870983802,4.2608391174652,37.58140628630582,48.10712721701799,-10.525720930712168,15.016440507579015,21.204736289800742,-93.9837270634861,-6.255725556034881,4.240481100624164,-23.0653076171875,-2633.521910382168,11.52510748399277,45.9332536266975,-0.7932683342771447,-0.46247926216316865,0.1329123280767508,0.09248235102075804,5.1825953356217624,2.4174992644278746,-9.813360959427712,-2091629.4213592804,-1995958.117215487,5.9549001057942705,0,1,0,5.9549001057942705,0,0,0,1,0,8.334056296983892,12.567919789626671,333.67519069472195,353.43542480468756,373.19565891465317,11.181807324993152,0.3027963874772099,334.90629111588737,351.9153802026112,368.924469289335,330.6663130211748,352.07029543874637,373.474277856318,3.6794038397731343,0.2959541533802211,331.9357129042472,353.43542480468756,376.0679322898055,-7621730.0,71.02780333763734,-0.026045939895959942,-77033132.53947999,-6459155.472830489,-14657854.988212492,348.5310225065341,34181434.65022807,1002.0823705003156,5.583394234470576,0.7775175410700772,4.805876693400498,1.7257959291884608,-0.7888144500911595,9.880117054982817,97.61671302016232,355.17616271972656,355.17616271972656,0.21556786792191238,-0.9523667761949738,0.274572293107579,97.61671302016232,359.91852242606024,0.7030319213867188,3.3138417444325867,12.508638780381942,-0.03026207772361611,-0.02180438094795567,0.042404811006241605,-0.024728228695622634,,,-0.030729427210993282,-0.1347985738851063,-0.21717310893137032,-0.17137713938501875,-0.1763560161290545
2026-01-21 00:00:00+05:30,343.9565075665864,346.36415500775,338.1300125150615,342.6563720703125,12973950,0.0,0.0,353.51246795654293,344.43708190917965,,,351.033569904297,349.271424615341,,,354.56988089425226,346.75312648399205,354.4918085523051,350.11276135935805,354.8012621737697,352.2947969598505,352.73762566768755,359.472232450137,355.5284406573222,352.48153517729605,351.52973587241866,355.73499376579304,347.0655724494317,348.1459237007772,352.5162220919271,344.14910888671875,356.8374328613281,355.8021451856897,43.21145529785107,2.121258440820043,-1.711664541316126,3.8329229821361688,23.331709345522423,38.01252883385266,-14.68081948833024,5.758040778008043,14.632854833796827,-87.19351071086628,-7.64439564799901,0.45171298176284097,-28.36212158203125,-2712.551882226245,8.93349026700838,38.9652902110641,-1.2098352201856155,-0.7932683342771447,0.12972639457038415,0.10422479096365844,1.686163886691424,-5.7355053643563,-13.969647857044833,-2228285.7690001046,-2062190.8618777506,0.3370615641276036,0,1,0,0.3370615641276036,0,0,0,1,0,8.326919596677081,8.234142492688534,333.9433919884049,353.51246795654293,373.08154392468094,11.071222512323736,0.22262114205325484,334.0759859700824,351.033569904297,367.9911538385116,337.0706381204854,355.2724579884017,373.474277856318,4.208570858965481,0.2811736325210467,332.8306036603595,353.51246795654293,375.6145389313236,-20595680.0,61.772838492304594,-0.044210146797452866,-75743359.84971762,-6900847.20581606,-18097216.509671815,342.383513197708,22975214.65113218,1001.2186227597203,9.450649845955388,3.715818522043911,5.734831323911477,1.622566289698484,-1.10951543178698,9.78453798406901,95.73718356168925,355.17616271972656,355.17616271972656,0.23425101670190693,-0.9345947703698758,0.107056228808463,95.73718356168925,356.68470676967075,0.07704315185546876,3.2991495124116077,12.120632866753471,-0.008637477405952554,-0.03811841302136321,0.004517129817628307,-0.047899503478533334,,,-0.008674996617713532,-0.1347985738851063,-0.21717310893137032,-0.17137713938501875,-0.1763560161290545
2026-01-22 00:00:00+05:30,346.6530920604868,354.7909228179939,346.2678449558008,352.6722106933594,9495251,0.0,0.0,354.0638198852539,344.51316467285153,,,351.18963093182674,349.40478877526334,,,354.48985639299667,347.0760727108226,354.45971159064663,350.3412661143423,354.5694552579443,352.52914128262006,350.5772202119373,359.8001149131152,355.4803566711075,352.73816782503127,352.67733637091146,355.8695326656234,347.17011823920814,348.4529491314015,350.34783035195585,347.66429138183594,356.8374328613281,355.8021451856897,51.928404338997446,2.0064988286410426,-1.4611393227961011,3.4676381514371437,19.989065646381036,26.96739375940309,-6.978328113022055,9.587960824830175,10.120814036805744,-58.85556528650453,-1.4001069241127027,3.22762897711118,-5.007904052734318,-2892.2333249752996,7.462985437102361,45.09611345968165,-1.1139849373628925,-1.2098352201856155,0.12614830598656201,0.11282040894164463,-0.8436287037946972,2.6094695428514,-5.913608319341677,-2353971.397719475,-2165110.038427438,-4.5745391845703125,0,1,0,-4.5745391845703125,0,0,0,1,0,8.598893250320245,12.134550747681374,335.29766877572393,354.0638198852539,372.8299709947839,10.600434190430281,0.4629223599508417,333.5357119917885,351.18963093182674,368.843549871865,337.0706381204854,355.2724579884017,373.474277856318,4.411190609184106,0.29896539245974535,332.6866669008038,354.0638198852539,376.5420008844826,-11100429.0,56.93717599608498,-0.004496490177975557,-70968869.05991974,-4935033.372027576,-1925771.0509580635,351.24365948905137,50729813.55927959,1004.141620678169,9.105132534499246,2.6962409684702155,6.40889156602903,1.1981907860491627,-0.14831056019663333,9.383075554764988,88.04210686642827,355.17616271972656,355.17616271972656,0.18778745712046768,-0.7272104881344507,0.025440503453362233,88.04210686642827,355.34192940848214,0.5513519287109375,3.297894350048394,11.882224934895829,0.029229979184486332,-0.010002634256036869,0.032276289771111744,-0.007453569679535033,,,0.028810929629754956,-0.1347985738851063,-0.21717310893137032,-0.17137713938501875,-0.1763560161290545
2026-01-23 00:00:00+05:30,353.6834154764445,356.9578101773503,347.1827672682321,348.0013732910156,9232847,0.0,0.0,354.2684692382812,344.55746582031253,,,350.88598734698763,349.3497528739203,,,353.91248052687877,347.2128652056526,353.56990660439885,350.1966279807646,353.1388619878223,352.2126157036295,348.9110005577715,359.85341797427355,355.41344022494314,351.4478053247679,353.3305035471594,355.81758610453346,347.2111939719868,348.4205259661225,348.791393298941,350.3367919921875,356.8374328613281,355.8021451856897,48.21177696971412,1.5211189541982435,-1.5572153577911205,3.078334311989364,27.29336544423062,23.53804681204469,3.7553186321859293,15.087922804081032,10.144641468973083,-72.07082766993733,-0.6188082894374591,1.1901387766112737,-2.1668701171875,-3040.5985789204437,5.50188601155628,38.751568465160524,-0.8403439160175854,-1.1139849373628925,0.12067354051576995,0.11842826562884737,-2.7810569675271886,5.373511185654479,-4.401531723463734,-2430594.4846474477,-2281123.0399076478,-11.380157470703125,0,1,0,-11.380157470703125,1,0,0,0,0,8.682903940234386,9.775042909118213,335.88321868934224,354.2684692382812,372.6537197872202,10.379275687994154,0.3295618563754825,333.05148108521627,350.88598734698763,368.720493608759,337.0706381204854,355.2724579884017,373.474277856318,4.712499737462816,0.3028797030859851,332.71548675863374,354.2684692382812,377.3532987612244,-20333276.0,47.82319938340804,-0.04682820117957516,-78655315.85852765,-6127885.023941368,-7811393.343352238,350.713983578866,38501708.88016904,1002.8172074523125,8.49425840367944,1.668293470120327,6.8259649335591135,1.1452190041582075,-0.6817525744980688,9.192625274469506,84.50435943681556,355.17616271972656,355.17616271972656,0.18755428808873736,-0.6054823832325685,-0.09547740757707694,84.50435943681556,353.2005031040737,0.20464935302734374,3.298567166299869,11.449168904622393,-0.013244132258566133,-0.026010777907007454,0.011901387766112714,-0.06276740363277722,,,-0.01333261792386505,-0.1347985738851063,-0.21717310893137032,-0.17137713938501875,-0.1763560161290545
2026-01-27 00:00:00+05:30,349.49408054585484,352.4795691131095,346.5567625593361,350.5053100585937,8191822,0.0,0.0,354.6536926269531,344.67110717773437,,,350.84973236714063,349.3950688419467,,,353.55408441452755,347.4461139993106,353.24523814207964,350.2522720315283,352.59429986198785,352.1991244722049,348.0030312938608,359.73930349937257,355.2857357717011,351.0874692103183,353.96183332341974,355.978961948144,347.3243985418703,348.5659276947753,348.6587281319961,349.2533416748047,356.8374328613281,355.63362109602735,50.266741133139185,1.32324513141657,-1.4040713444582353,2.7273164758748054,34.80810351548739,27.363511535366346,7.444591980121043,22.84818432189134,15.841355983600849,-64.64929649709596,-1.7678919054562054,2.247505496800542,-6.308074951171932,-3201.493014642409,3.4273475217071905,40.94829680068057,-0.6673410512433784,-0.8403439160175854,0.11472117654645064,0.12147624098645239,-3.8497227162527077,1.0494113975711343,-4.873395156202264,-2443591.8908769214,-2373501.5707684783,-14.855204264322914,0,1,0,-14.855204264322914,1,0,0,0,0,8.485754126915745,5.922806553773398,336.97069581501967,354.6536926269531,372.33668943888654,9.971979527946726,0.38270137091355866,333.58559688196203,350.84973236714063,368.11386785231923,337.0706381204854,355.2724579884017,373.474277856318,4.938736937275303,0.30338930745898196,333.04748181686176,354.6536926269531,377.66121586047575,-12141454.0,39.856785420039664,-0.028471312358629413,-75924681.42548548,-5189951.105216205,-3765222.2515512183,349.8472139103465,44395882.25807176,1003.5367266725668,6.999971857780689,0.13920553937725888,6.86076631840343,1.0059366533484406,-0.4691945163457654,8.841498405966716,78.17209406271199,355.17616271972656,355.17616271972656,0.18855881477642522,-0.36924457427226437,-0.2281805312518026,78.17209406271199,351.35486798967634,0.38522338867187217,3.2981319061738694,11.03344835069444,0.007195192202543943,-0.01661706952287778,0.022475054968005503,-0.03793290936689098,,,0.007169430307838591,-0.1347985738851063,-0.21717310893137032,-0.17137713938501875,-0.1763560161290545
2026-01-28 00:00:00+05:30,351.4683706379588,364.4696662809379,350.07192342391863,363.55474853515625,7509050,0.0,0.0,355.91048431396484,344.98121215820316,,,352.05973390695164,349.95035039854315,,,354.40180402483264,348.18664895450365,355.32185957267785,351.3074435860476,355.5170000775928,353.6582353407804,349.002457329556,359.85609415782164,355.5855343452241,352.9719000398044,355.21799625336837,356.7346226891921,347.64852604131977,349.4706178766167,350.835780962044,357.030029296875,353.1055603027344,355.63362109602735,59.325157399389006,2.1941169136192116,-0.42655964980447525,2.620676563423687,45.302334232648505,35.80126773078884,9.501066501859668,46.59355683039449,28.176554652122284,-27.37287313502117,2.8890647135675205,7.427431695260418,10.208404541015625,-3493.7279664777084,4.022463535621057,50.714095058104114,-0.26246968020512706,-0.6673410512433784,0.11288054625475663,0.12272745039724568,-3.765971481233558,11.30742416259693,-3.090318694422308,-2351712.575466528,-2409009.4540391234,-13.00933329264323,0,1,0,-13.00933329264323,1,0,0,0,0,8.908039036208852,14.397742857019239,339.56332898231454,355.91048431396484,372.25763964561514,9.18610496297138,0.733810227715616,333.6973745904531,352.05973390695164,370.4220932234502,338.1300125150615,355.8021451856897,373.474277856318,4.938736937275303,0.3232578672995278,332.85023778944174,355.91048431396484,379.6428970418856,-4632404.0,38.61643937279828,0.020083166362183668,-69369970.33363067,-2248847.236036986,10771078.926160678,359.36544608000423,72352344.87943728,1007.2597625587796,5.127441823007002,-1.386659596317143,6.514101419324145,0.9040806986039926,0.9352409108624633,8.173577665825157,66.80737185927582,356.2355041503906,356.2355041503906,0.25564942642538635,-0.6115366111287525,-0.35456057565549737,66.80737185927582,351.3844434465681,1.2567916870117188,3.306652935609173,10.871866726345482,0.037230358862127,0.0518250410206893,0.07427431695260411,0.007069373969933679,,,0.036554044271490525,-0.1347985738851063,-0.21717310893137032,-0.17137713938501875,-0.1763560161290545
2026-01-29 00:00:00+05:30,365.9623933653335,370.5369232824002,359.22098085597213,361.4360046386719,10070972,0.0,0.0,356.80131378173826,345.29420593261716,,,352.9527120718774,350.40076821188154,,,354.9280440557571,348.8319349341299,356.7120917281816,352.1373964283776,357.33854389077044,354.7606515735245,350.8565287959111,360.10702921542907,355.6839187163915,354.27329100048524,356.237950798656,357.3736657565044,348.0390823920584,350.2176094888975,353.9404495142444,362.49537658691406,353.1055603027344,354.3334678987309,57.494108167704084,2.6824030770086438,0.04938121086796565,2.633021866140678,59.96485510758652,46.69176428524081,13.273090822345715,70.63915961305277,46.6936335884462,-28.083265045123294,1.4598490121539862,5.1849774963340565,5.20050048828125,-3600.7934877070516,7.586487276986986,49.18977272606258,0.26605086670883055,-0.26246968020512706,0.11318054916307219,0.12270277041567862,-2.929439106675206,16.192715089726278,4.876772663298198,-2189574.570894045,-2368462.998038065,-8.747802734374998,0,1,0,-8.747802734374998,1,0,0,0,0,9.080032135510224,11.31594242642808,341.3574969678942,356.80131378173826,372.24513059558234,8.656816114355083,0.6500500463324262,334.18373127572573,352.9527120718774,371.72169286802904,338.1300125150615,355.8021451856897,373.474277856318,4.846875411474836,0.32182854652460274,333.7607307482654,356.80131378173826,380.86638120769896,-14703376.0,47.73027788957822,-0.012071998633806221,-75498284.8590213,-2791145.980720982,6184094.728614148,363.7313029256814,66483129.70823133,1007.2597625587796,5.922554470504146,-0.47323755905599985,6.395792029560146,1.1410900920268887,0.600200185329705,7.721908406922042,59.6278694448933,356.33180236816406,356.33180236816406,0.17409910114387778,-0.5179354795714864,-0.5014931997797006,59.6278694448933,351.1815046037946,0.8908294677734375,3.3129226457816157,10.285897691514753,-0.005827853727729537,0.054806021714681075,0.051849774963340645,-0.010285033056975479,,,-0.005844901935842566,-0.1347985738851063,-0.21717310893137032,-0.17137713938501875,-0.1763560161290545
2026-01-30 00:00:00+05:30,358.78761101513464,361.1471172707278,345.73817360051004,350.6497802734375,21086535,0.0,0.0,356.627961730957,345.3837707519531,,,352.73338523393073,350.4105333907661,,,354.3421837216332,349.0419574572993,355.93629016482566,352.08844077064157,355.99960308417866,354.55240510628454,352.0955727990881,360.1711419869086,355.6093882047412,353.29532701848217,356.2831752503325,356.8874191335058,348.1973336658702,350.2483269276966,355.8686537457547,356.0428924560547,353.1055603027344,354.3334678987309,49.17328957942333,2.173955214893226,-0.3672533209979618,2.541208535891188,61.058960030864654,55.44204979036656,5.616910240498093,75.2117442738233,64.14815357242352,-61.36698172726154,-1.5679862933019222,-0.9790670217258288,-5.585723876953125,-3635.966477174789,7.481543327060365,50.42335586627952,0.38790264231415206,0.26605086670883055,0.11123169685860468,0.12137122423216962,-2.84752617463315,7.33068449508761,-8.078259175130142,-2060373.9587969314,-2264423.357065833,-5.152384440104167,0,1,0,-5.152384440104167,1,0,0,0,0,9.552732057128198,15.697831038161837,340.9807769137495,356.627961730957,372.2751465481645,8.775074585436954,0.30896942397762267,332.76186336347695,352.73338523393073,372.7049071043845,338.1300125150615,355.8021451856897,373.474277856318,4.704932982068517,0.32460453921261184,333.11608033437653,356.627961730957,381.8468926780631,-35789911.0,42.787098341692115,-0.1030239791998342,-83142137.70877184,-5191389.921128601,-27191361.31766893,352.5116903815585,3555226.9325397834,1007.2597625587796,15.24804963872063,7.081806087328388,8.166243551392242,1.928458333987614,-0.7641223040895089,7.823592408603762,61.208598175962415,356.33180236816406,356.33180236816406,0.2152052091372764,-0.6258434289465259,-0.6116388557892922,61.208598175962415,349.77062770298545,-0.17335205078125,3.313896440102411,9.23734130859375,-0.029842694769762534,-0.005734589680161495,-0.009790670217258324,-0.017671511983798682,,,-0.030297050292445733,-0.1347985738851063,-0.21717310893137032,-0.17137713938501875,-0.1763560161290545
2026-02-02 00:00:00+05:30,346.7012179547575,354.7427659714756,341.6451585262506,349.68670654296875,14465153,0.0,0.0,355.782876586914,345.4165148925781,,,352.443225358601,350.3821480241858,,,353.68111179896766,349.21070003733917,355.07856612316004,351.96698289970476,354.62233880446126,354.2448985807447,352.6188976601604,360.0229192433997,355.48912120067456,352.30961135005526,356.29452409544814,355.12080314868143,348.2526946953465,350.20795285008114,355.8967079499662,350.1682434082031,353.1055603027344,354.3334678987309,48.49838134590421,1.6739978149090575,-0.6937685767857045,2.367766391694762,48.73698519642918,56.586933444960124,-7.849948248530943,52.815119783557016,66.22200789014437,-64.33879763832759,-2.129385277675923,-4.610539353228327,-7.608184814453125,-3693.6581044467375,6.207045667284945,50.260013172624724,0.20454060160470416,0.38790264231415206,0.10728392013283905,0.11875093978946556,-3.044983052745855,1.5162940862169876,-11.581313359007993,-2072429.6134846332,-2154006.5413888525,-3.571360270182292,0,1,0,-3.571360270182292,1,0,0,0,0,9.805937441992254,13.09760744522498,340.5814189513208,355.782876586914,370.98433422250724,8.545356528354258,0.29948731923998206,331.8789708195762,352.443225358601,373.00747989762584,338.1300125150615,355.8021451856897,373.474277856318,4.704114170915142,0.29692619450060526,332.4902592536157,355.782876586914,381.00438451740456,-50255064.0,35.09468590038398,-0.15897020386260383,-79844928.70408644,-4652251.402429223,-25297025.252503548,348.69154368023163,-417685.54173805565,1006.9851085351216,16.553503451771807,6.709807920303652,9.843695531468155,1.2569530754357645,-0.8020507230400705,7.600728817796619,57.77107856168399,356.2355041503906,356.2355041503906,0.4307735007516425,-0.29698639346234135,-0.5788458020528595,57.77107856168399,349.47758222307476,-0.8450851440429688,3.313718025896068,8.399480183919271,-0.0027465402365794978,0.004842892532334275,-0.04610539353228327,0.0011026643309275386,,,-0.0027503188986325467,-0.1347985738851063,-0.21717310893137032,-0.17137713938501875,-0.1763560161290545
2026-02-03 00:00:00+05:30,362.1102086828859,364.9993858798238,354.5020479423288,358.739501953125,10441929,0.0,0.0,355.37357940673826,345.69194946289065,,,353.0428707485557,350.7098873939481,,,353.96269516717825,349.7331701181449,355.9697629835919,352.5474587276497,355.8207705494867,354.97886960651067,353.4891580345516,359.9182934884628,355.5127770026793,354.1693777170143,357.1872913509729,354.54075938599937,348.5708427132489,350.76141391254913,355.3179005149158,354.2131042480469,353.1055603027344,354.3334678987309,54.781045347927375,1.9853767186956475,-0.305911738399292,2.2912884570949394,45.9633970720668,51.91978076645354,-5.956383694386744,47.202788938911524,58.40988433209728,-36.404029418210484,0.6484902181920429,-2.230955553136202,2.3114013671875,-4015.5165463609633,7.303241838368422,49.00543307506138,0.2920594884140496,0.20454060160470416,0.10494694691551842,0.1156436752159953,-2.0310948479975974,10.985338270584293,0.4880003330892464,-2198406.029236377,-2108931.2907822584,0.6821594238281246,1,0,0,0.6821594238281246,1,1,0,0,0,10.199276148768169,15.31267933685507,341.0180574590951,355.37357940673826,369.72910135438144,8.079116051119128,0.6172344188759832,331.5204158157513,353.0428707485557,374.5653256813601,338.1300125150615,355.8021451856897,373.474277856318,4.542406406118921,0.31298268524086886,331.871450197361,355.37357940673826,380.8069068057704,-39813135.0,37.29890086162413,-0.15508590223354904,-81856683.4665868,-4648866.578081489,-8179072.084377697,359.4136452584259,26614696.63226431,1009.5739388340063,14.486279791657612,3.714067408151566,10.772212383506046,0.8949754739311765,0.4689376755039333,7.177760973821583,51.52025259731616,356.2355041503906,356.2355041503906,0.48711045602121134,0.23049208514686037,-0.46732313171979395,51.52025259731616,351.140926688058,-0.40929718017578126,3.318132241240935,7.739359130859376,0.02588830298884659,0.023492345645647505,-0.022309555531362046,0.020687829971148597,,,0.025558874339586483,-0.1347985738851063,-0.21717310893137032,-0.17137713938501875,-0.1763560161290545
2026-02-04 00:00:00+05:30,358.7394834915979,368.3219324577335,355.85030644334347,367.5033264160156,16212031,0.0,0.0,355.3133880615234,346.18792480468755,,,354.4200570025995,351.36845363010764,,,355.1179091680618,350.5885182339537,358.3142232546243,353.7667034521311,359.05457325818554,356.6414559813852,355.7245601730016,360.0923442884139,356.36960814200046,357.80565419746233,358.5284657116731,354.89478198941816,349.6196854623026,351.7537966080902,356.2152996553909,363.1214141845703,355.07984924316406,354.3334678987309,59.88310899355317,2.905817677748189,0.49162337652259946,2.4141943012255895,63.298738766698946,52.6663736783983,10.632365088300645,68.20327609366402,56.07372827204418,-9.360956643365071,6.324894101991243,-0.3264994707740472,21.861480712890625,-4243.495441746886,7.2161469421450875,56.35168807870794,0.5059899364817829,0.2920594884140496,0.10664680947503058,0.11307927687206713,-0.21691295823255516,12.380845018954517,-0.09078099543552298,-2307336.5589334476,-2151563.6338620665,3.579366048177083,1,0,0,3.579366048177083,1,1,0,0,0,10.361586853455446,12.47162601439004,341.18496274912155,355.3133880615234,369.4418133739253,7.952655760866236,0.9313976287149256,332.57181187017835,354.4200570025995,376.26830213502063,338.1300125150615,355.63362109602735,373.1372296769932,4.415821099496313,0.3251211415306403,331.08295052156166,355.3133880615234,380.92128228627877,-23601104.0,42.20505922065152,-0.07448578680214143,-67772886.0280815,256350.63304713368,13286423.052096425,363.8918551056975,66219867.821219705,1009.5739388340063,16.653860237523197,4.705318283213721,11.948541954309476,1.3546200963005037,1.7255905148597053,7.064212656200924,49.90310045202932,356.2355041503906,356.2355041503906,0.4421985730670546,0.20787778702950185,-0.22004817725466455,49.90310045202932,354.7269513811384,-0.06019134521484375,3.330482530574913,7.481365966796875,0.02442949386721227,0.010861026837825971,-0.003264994707740443,0.05298019209467553,,,0.024135866286845165,-0.1347985738851063,-0.21717310893137032,-0.17137713938501875,-0.1763560161290545
2026-02-05 00:00:00+05:30,368.56270458049954,372.2223171586977,364.903062612072,367.98486328125,13810435,0.0,0.0,355.1617065429687,346.7725024414063,,,355.71194331485196,352.0200775379956,,,356.32471633184525,351.4433001349954,360.40408611110286,354.9503483765379,361.7959053686247,358.22352295973155,358.87812903334043,360.4661354647872,357.4779822257679,360.233450547146,359.443149616056,355.0299368638077,350.4130898577314,352.72174985647763,358.9993516679995,367.7440948486328,355.32061767578125,355.1761648368796,60.14917124730001,3.632259345141506,0.974452035132733,2.657807310008773,80.60188601400301,63.28800728425625,17.31387872974676,90.59990058393029,68.66865520550195,-12.429355896415418,7.391805107228572,-0.8176493686959871,25.3284912109375,-4342.757082042326,6.5989461057780545,55.10542921052631,0.8876801775840311,0.5059899364817829,0.11120560654451772,0.1114189769340622,2.0234282264525065,14.56069031385141,7.24143576722571,-2363029.575053738,-2241157.3941463367,3.274408976236979,1,0,0,3.274408976236979,1,1,0,0,0,10.144277402967608,7.3192545466257,341.6935006643079,355.1617065429687,368.6299124216295,7.584266901832428,0.9760528927835319,334.55033970997084,355.71194331485196,376.8735469197331,338.1300125150615,355.63362109602735,373.1372296769932,4.285498338252325,0.3243006780871109,330.7708191963059,355.1617065429687,381.07863783116125,-9790669.0,47.24340768346771,-0.09849916558548602,-69953446.00364746,1545911.2605517507,12338395.984285949,368.37008101733994,68029438.80994458,1009.7049680875182,16.406871134365975,3.566663344045198,12.840207790320777,1.1459417948774862,1.904211571134131,6.734102939330386,45.348142397498144,356.2355041503906,356.2355041503906,0.23338740754221085,-0.21118553153316685,0.10048120122569616,45.348142397498144,358.6507359095982,-0.1516815185546875,3.3418596122023305,7.510256958007813,0.0013102925351191619,0.01811899909950876,-0.00817649368695983,0.05537916006259391,,,0.0013094348509850296,-0.1347985738851063,-0.21717310893137032,-0.17137713938501875,-0.1763560161290545
2026-02-06 00:00:00+05:30,368.1310240288309,368.1310240288309,358.72426593959733,363.11083984375,12996880,4.6,0.0,355.4332427978516,347.1700347900391,,,356.41660012712794,352.45500939312325,,,357.0817766462054,352.0840192488128,361.299418820557,355.6882433537081,362.7312001509998,359.1241403646214,361.641223708644,360.82426705753096,357.6490739916106,361.9464844375592,359.45060532772726,355.4135418831404,350.91994368049996,353.38247613181113,362.0117128068006,365.5478515625,355.32061767578125,355.1761648368796,56.093948068958106,3.7712045442941644,0.8907177874283132,2.880486756865851,83.82792713125501,75.90951730398565,7.9184098272693575,92.019342729081,83.60750646889177,-26.725906066454453,2.9598672177396987,1.5183189877668806,10.438629150390625,-4288.577999498916,7.38099042131978,51.34902300875461,1.0475186360068405,0.8876801775840311,0.11589358316719256,0.11088787056199806,3.505282893627495,9.690938184141203,0.28418009490764007,-2375297.877945139,-2319072.6958593144,5.4154713948567705,1,0,0,5.4154713948567705,1,1,0,0,0,10.091597451986605,9.406758089233563,341.53900766499186,355.4332427978516,369.3274779307114,7.818196758124811,0.7762871425624905,335.478623896191,356.41660012712794,377.3545763580649,338.1300125150615,355.1761648368796,372.2223171586977,4.184917055721568,0.29940570699467606,331.7086647823184,355.4332427978516,379.986251452156,-22787549.0,40.764378125442704,-0.06309901287033784,-70828875.84992103,1654375.5424846113,1526182.5959058143,363.32204327072606,50814845.47870776,1008.3804507163309,15.468014722150704,2.102245545463939,13.365769176686765,1.0479862810499543,1.105148570249963,6.947117566429876,48.262442481798566,356.2355041503906,356.2355041503906,0.167036473515959,-0.5232327334250695,0.19829715464318987,48.262442481798566,360.37884434291294,0.27153625488281535,3.344507097892416,7.307793240017361,-0.01324517371187306,0.03553705227077386,0.015183189877668868,0.0408256543269252,,,-0.013333673356004412,-0.1347985738851063,-0.21717310893137032,-0.17137713938501875,-0.1763560161290545
2026-02-09 00:00:00+05:30,364.5730661975377,368.4235155607331,345.41836425741946,350.8284606933594,23301540,0.0,0.0,355.46625366210935,347.20924255371096,,,355.88439637153095,352.3912231696031,,,356.6432259695871,352.2274869312959,359.8206670295695,355.4363788385476,360.25968762985497,358.55683211784907,362.35972790210275,360.8336823962325,357.59289507306846,360.91840128427975,358.48122770036844,355.11351213106656,350.94194666739156,353.19467584607236,362.35929275701767,356.9696502685547,355.32061767578125,355.1761648368796,47.41815247486922,2.857297123721139,-0.018551706515769872,2.875848830236909,66.03066486616558,76.8201593371412,-10.789494470975626,66.96476667638919,83.19466999646683,-62.752743438633374,0.8123782316168052,0.1885428783405159,2.82708740234375,-4381.700783528009,8.216106059428228,48.5965898706603,0.8491248757351657,1.0475186360068405,0.116278753999155,0.11106093472340965,2.928081978557359,11.070804737662002,-11.934346565651651,-2394235.815014728,-2363037.8799909884,7.2269134521484375,1,0,0,7.2269134521484375,1,1,0,0,0,11.013994155652822,23.005151303313653,341.62163918595905,355.46625366210935,369.31086813825965,7.789552079005723,0.3325055213079655,332.5585795333854,355.88439637153095,379.2102132096765,338.1300125150615,355.1761648368796,372.2223171586977,4.238103759921153,0.315470549917093,330.4307006559801,355.46625366210935,381.6426247572446,-46089089.0,37.56362161648773,-0.08897043137689191,-83170820.16251926,-2378632.763686359,-39577321.92750832,354.8901135038373,-28003608.189915016,1008.3804507163309,20.642754337599523,5.821588128730205,14.821166208869318,1.6874615417264969,-0.6699779147681378,6.922307238075152,47.91833749830763,356.2355041503906,356.2355041503906,0.16145944967716916,-0.4937827615618097,0.09832406892827072,47.91833749830763,358.9971705845424,0.0330108642578125,3.3429320294943765,7.061746148003473,-0.033825426846733175,0.0032650773650451104,0.0018854287834051409,0.01458167817313738,,,-0.03441074354710276,-0.1347985738851063,-0.21717310893137032,-0.17137713938501875,-0.1763560161290545
2026-02-10 00:00:00+05:30,350.82841867079287,351.7544850391257,345.4670506924307,346.8317565917969,9568613,0.0,0.0,354.96717224121096,347.19451782226565,,,355.0222402020325,352.1732048724342,,,355.8208929152716,352.21268356024046,357.8035818821402,354.8894741119833,357.1558552547467,357.5715677520891,360.99831898346605,360.4697790268263,357.48987059333115,357.98415017610427,357.1665270008748,354.69799746338583,350.87592520009997,352.7059002122058,359.5992462461031,348.8301086425781,355.32061767578125,355.1761648368796,44.98023392031393,1.7898856023644498,-0.8687705822979672,2.658656184662417,45.34847386483881,65.06902195408647,-19.720548089247657,37.11238010065849,65.36549650204289,-74.47592890039574,-1.048073555913522,-2.797436653811505,-3.673553466796818,-4169.50366269958,5.442635047261604,49.62385628185866,0.3182844582725436,0.8491248757351657,0.11210942733022033,0.11097525484290562,2.628161494392346,-4.095232322334823,-10.382666669029845,-2410901.2595896376,-2385499.703427185,7.344970703124999,1,0,0,7.344970703124999,1,1,0,0,0,10.676382740727265,6.287434346695022,340.61662452407506,354.96717224121096,369.31771995834686,8.085563308025714,0.21654685905473706,332.720323187197,355.0222402020325,377.324157216868,338.1300125150615,355.1761648368796,372.2223171586977,4.120706932430433,0.3099096170138743,331.09252077834924,354.96717224121096,380.6741276538191,-55657702.0,38.31299712646319,-0.14122881981651778,-88585642.6369081,-5535158.515908539,-39386692.34120203,348.0177641077844,-38904352.88656332,1007.241231824664,16.251340083647143,1.1441390998222598,15.107200983824884,0.686103377367,-1.1338125637810539,7.175273858567935,51.48455494544837,354.7909240722656,354.7909240722656,0.274930561020024,-0.695062291682925,0.11610954847019363,51.48455494544837,357.5283342633929,-0.4990814208984375,3.337728475359647,6.918424750434027,-0.011392188916667711,-0.033193292894976634,-0.027974366538115025,0.005824765150850064,,,-0.011457576983975527,-0.1347985738851063,-0.21717310893137032,-0.17137713938501875,-0.1763560161290545
2026-02-11 00:00:00+05:30,347.0267587289582,348.8788618848621,343.71246417391546,345.0284423828125,8989825,0.0,0.0,354.5512771606446,347.1957312011719,,,354.0704499335354,351.8930181081353,,,354.87434721447175,352.12773942535995,355.72575835356395,354.23356793729727,354.120927979184,356.4494961187916,358.1715928775407,359.74160812663973,356.60220982939575,355.1876482666613,355.6713059856751,354.34544994917115,350.80163301187935,352.1070465457632,354.9659430572685,345.9300994873047,356.50665283203125,356.93373784247416,43.883922113425825,0.7893428427230447,-1.495450673551498,2.2847935162745427,24.61202337615988,45.33038736905475,-20.71836399289487,11.759704038244147,38.612283605097275,-88.93525753249126,-5.095877918522699,-2.354036415745696,-18.52630615234375,-3831.5730175779713,2.0252581591292937,47.00098338407681,-0.2656254880758645,0.3182844582725436,0.10408895508067229,0.10996507772263896,2.0803633025457664,-5.424959051077337,-10.591356762023963,-2422732.827575882,-2401384.1424549585,6.432149251302084,1,0,0,6.432149251302084,1,1,0,0,0,10.28281238145722,5.166397710946626,339.5362079819516,354.5512771606446,369.5663463393376,8.469899924737708,0.1828907458067068,332.9084492608848,354.0704499335354,375.2324506061859,338.1300125150615,355.1761648368796,372.2223171586977,3.9479125478350996,0.3087028142975565,331.1600530774871,354.5512771606446,379.74599423774885,-64647527.0,39.130642254445775,-0.15093788488854876,-92995714.21346128,-7726472.869274661,-36075947.60085645,345.87325614719674,-43578515.17149591,1006.7212926395373,12.204128777013704,-2.322457765448945,14.526586542462649,0.6378299572256093,-1.2684370167731727,7.507534589346506,56.36307561023421,354.453857421875,354.453857421875,0.28978703726265326,-0.8903531457800229,0.08823289030524985,56.36307561023421,355.52048732212614,-0.41589508056640623,3.3261768193572006,6.683419325086807,-0.005199391851268054,-0.06115559348097288,-0.023540364157456972,-0.008679964008408314,,,-0.0052129557254386606,-0.1347985738851063,-0.21717310893137032,-0.17137713938501875,-0.1763560161290545
2026-02-12 00:00:00+05:30,346.0519239996596,347.806541574118,340.44685762501723,341.8603210449219,5630751,0.0,0.0,353.83251800537107,347.1480285644531,,,352.9075805155722,351.49957900761717,,,353.6656847272601,351.91850765452665,353.35312056505995,353.37033245278474,350.806578843465,355.04798849352,354.5394800465241,358.62197115976426,355.4925146856633,353.0812876523513,354.5093146663839,353.9917111789418,350.7968008761078,351.2833615636894,350.10977192605225,343.4443817138672,354.92259216308594,356.33458739185744,41.94948719441903,-0.256281167912789,-2.0328597473498657,1.7765785794370765,13.679033296072333,27.879843512357006,-14.200810216284673,3.480946757602633,17.45101029883509,-95.551713678896,-5.416085653480992,-4.035303314236762,-19.57568359375,-3458.6112488682015,-2.8995194203600363,42.292842587717345,-0.8238210625347699,-0.2656254880758645,0.09239514532795035,0.10787212755256625,0.06203531071124876,-4.719636520247491,-12.07932046934826,-2458876.4073384996,-2420063.399447378,3.289911905924489,0,1,0,3.289911905924489,1,0,0,0,0,10.074017493431759,7.35968394910077,337.8141739901203,353.83251800537107,369.85086202062183,9.054195530444495,0.1262972954928832,332.3591639166787,352.9075805155722,373.4559971144657,338.1300125150615,355.1761648368796,372.2223171586977,4.17606717350787,0.30789239171295457,330.7401549135504,353.83251800537107,379.071360879805,-70278278.0,34.56586989849261,-0.1720842158773955,-96463638.48879898,-9023943.476961464,-33470655.42808396,343.37124008135237,-48748785.271042235,1005.803072299205,6.561625592986383,-6.371968759581014,12.933594352567397,0.4124980736784761,-1.4948108180284676,8.009172007625379,64.14683624772994,351.7503356933594,351.7503356933594,0.305455936060273,-0.9698939629767781,0.1786638234740545,64.14683624772994,353.33201817103793,-0.7187591552734375,3.3153161433079026,6.7459648980034705,-0.009182203403322764,-0.07099352403623516,-0.0403530331423676,-0.011353817928348109,,,-0.009224619682587294,-0.1347985738851063,-0.21717310893137032,-0.17137713938501875,-0.1763560161290545
2026-02-13 00:00:00+05:30,339.325892958623,339.7158047188147,331.2350826299334,338.1561279296875,8552636,0.0,0.0,352.9285491943359,347.1639599609375,,,351.50268026929746,350.9763064163258,,,352.1726951962426,351.5658841002221,350.6346877102997,352.27094488377554,347.14223950689353,353.3292882580472,350.5053428630085,357.1198592751685,354.67038362873103,350.5616935251184,353.39694987363043,353.41122265721054,350.7499271973633,350.1914022636529,345.91740152278834,340.0082244873047,353.07049560546875,351.7286998943156,39.743556265437114,-1.3680728644364422,-2.5157211550988148,1.1476482906623728,10.7996281806052,16.36356161761247,-5.563933437007268,0.0,5.080216931948926,-83.11414424679714,-3.563000191817437,-5.07511913048134,-12.49365234375,-3069.282932256076,-8.244764659538589,40.17591214900567,-1.3429575539427692,-0.8238210625347699,0.07710492692398763,0.1045189060849161,-1.774430538445546,-10.757509066311115,-19.23823115519241,-2473896.0618209,-2441335.96520655,-2.869318644205719,0,1,0,-2.869318644205719,1,0,0,0,0,10.113390416400096,10.625238414988473,335.50248547313936,352.9285491943359,370.35461291553247,9.875122747069748,0.07614004226669754,330.8874007912532,351.50268026929746,372.11795974734173,331.2350826299334,351.7286998943156,372.2223171586977,4.402706306891406,0.3093510191399673,328.65278113859233,352.9285491943359,379.1041676270673,-78830914.0,34.771632308511855,-0.14260201164922853,-91056807.22458729,-7014013.007224038,-33214935.42240135,336.36900509281185,-58015907.963571005,1005.803072299205,3.897161913682785,-7.229145951107689,11.126307864790475,0.6898967718692568,-1.6954398309332088,8.713031860598283,75.91692420380079,350.73912048339844,350.73912048339844,0.24256631987485575,-0.9127298703702025,0.3751112376612504,75.91692420380079,350.6609872000558,-0.9039688110351562,3.3084914100166203,7.313456217447917,-0.010835399393273382,-0.06872477815534439,-0.050751191304813426,-0.02315444936059008,,,-0.010894529855991689,-0.1347985738851063,-0.21717310893137032,-0.17137713938501875,-0.1763560161290545
2026-02-16 00:00:00+05:30,337.3762810146607,345.22336248218585,334.54938376384564,344.5897521972656,6203921,0.0,0.0,352.29329223632806,347.26137390136716,,,350.8443061671992,350.72585330969605,,,351.3785240536645,351.46493477615655,349.4633077595409,351.7290902249936,345.8393255219567,352.4659558972261,347.1209171840123,355.56217591029053,354.523358409026,348.6453419933363,352.5722114230867,353.02721663950746,350.8703007635402,349.7646258343643,343.5480197050055,341.37294006347656,353.07049560546875,351.7286998943156,45.1395493175575,-1.71032057268161,-2.286375090675186,0.5760545179935763,17.972217177781218,14.150292884819583,3.8219242929616346,8.81455595582638,4.098500904476338,-67.41749054096321,-1.4575773829357228,-3.5559252224086784,-5.096954345703125,-2987.9043989390425,-11.556753143683977,45.66272782332661,-1.6041540412620607,-1.3429575539427692,0.06177403866791664,0.09972191627962701,-2.403982421595916,-4.409442504674246,-15.083421223014454,-2409061.3932923027,-2449556.5265311636,-8.588526407877595,0,1,0,-8.588526407877595,1,0,0,0,0,10.153432437967247,10.673978718340209,334.6129664278781,352.29329223632806,369.973618044778,10.037276438740415,0.2821437194505576,330.1592478359515,350.8443061671992,371.5293644984469,331.2350826299334,351.7286998943156,372.2223171586977,4.4819032860505335,0.31815386933240747,327.25656836714256,352.29329223632806,378.5225580089479,-72626993.0,38.739534614990326,-0.09444107675774202,-85589419.10630992,-3814507.6858592033,-22767987.97638151,341.45416614776576,-46212574.117721915,1007.7056326067668,-0.06718144855026136,-8.95479145067259,8.887610002122328,0.5361678467334842,-0.8714251221977682,8.84016290422498,78.14848017323543,350.5775451660156,350.5775451660156,0.4160896298690254,-0.9025164032113341,0.5683303430488877,78.14848017323543,349.5489876883371,-0.6352569580078125,3.3055609812028637,7.301494344075521,0.01902560307561796,-0.01778278901251018,-0.035559252224086735,-0.00994038870708569,,,0.018846879612497387,-0.1347985738851063,-0.21717310893137032,-0.17137713938501875,-0.1763560161290545
2026-02-17 00:00:00+05:30,344.7847324647954,350.14610075179,343.8099382307964,349.56121826171875,3611823,0.0,0.0,351.94994812011714,347.44762329101565,,,350.72210731905824,350.6801813470303,,,351.1183265322731,351.5551247510723,349.3620717066685,351.6001947328923,346.1021969731448,352.22820385048146,344.85687450986916,354.1788884186863,354.37312288663395,347.02379609943966,352.30569695666355,352.8382699704786,351.00432243717415,349.75006287489094,343.30075143621184,347.0754852294922,353.07049560546875,351.7286998943156,48.94429498843137,-1.5623883438269104,-1.7107542894563894,0.14836594562947902,31.393392717417413,20.055079358601276,11.338313358816137,23.844305906468467,10.886287287431616,-55.2881870599874,-2.558481472331848,-1.9265827562221327,-9.17828369140625,-3025.495635325795,-12.09113694681497,47.28189884631242,-1.4811049154934612,-1.6041540412620607,0.048470272779943535,0.09325785664683955,-3.126441453692966,0.5235224399501135,-5.812640081043526,-2315151.953438497,-2423323.878500567,-10.131968180338532,0,1,0,-10.131968180338532,1,0,0,0,0,9.88077030104056,6.336162520993639,334.34115242464316,351.94994812011714,369.55874381559113,10.006420395586632,0.4321722535797161,330.80016644393055,350.72210731905824,370.6440481941859,331.2350826299334,351.7286998943156,372.2223171586977,4.677382929798256,0.32323886260106954,326.6196059794231,351.94994812011714,378.09727439605683,-69015170.0,37.2292169635794,-0.06636778178019945,-82644400.98163858,-1221794.4978273213,-16950267.483282544,347.83908574810175,-41001724.00949465,1009.1483528364755,-5.528101225526221,-11.532568982118839,6.004467756592618,0.3317298174372515,-0.2713109856811358,8.804397847736984,77.51742146123564,350.09600830078125,350.09600830078125,0.5434353909051501,-0.7700681911738807,0.6070415534338544,77.51742146123564,349.4550833565848,-0.3433441162109375,3.301116081641027,7.025109320746526,0.014427202297087272,0.007869699409141173,-0.019265827562221283,0.013315576636178106,,,0.014324120485883007,-0.1347985738851063,-0.21717310893137032,-0.17137713938501875,-0.1763560161290545
2026-02-18 00:00:00+05:30,350.8284345660125,357.359567753089,349.366243232938,355.1175231933594,6009021,0.0,0.0,352.4237319946289,347.95109313964844,349.8177410888672,,351.140718354706,350.8541947527687,349.8177410888672,,351.42000034877236,351.8559051393995,350.28895326146323,351.90531853293373,347.79940659131296,352.6346686522027,344.13144649356985,353.17396438470405,354.4099050115637,346.5691662904901,352.3721222617484,353.3362064893465,351.6039186406748,350.1107939861693,345.32831009319966,352.33937072753906,353.07049560546875,351.7286998943156,52.87778651594074,-0.9854440293076436,-0.9070479799496981,-0.07839604935794552,45.18743978164712,31.51768322561525,13.66975655603187,45.29956101178745,25.986140958027434,-41.732003054108006,-3.3702560854198795,2.7414728882026402,-12.38580322265625,-3045.504984189235,-10.964969654239269,56.34653529380737,-1.0539670714918947,-1.4811049154934612,0.038816484741288626,0.08521462089092521,-3.5382223643964132,6.951997315317726,-1.0413272048332374,-2244977.234768615,-2361216.665008519,-8.25342305501301,0,1,0,-8.25342305501301,1,0,0,0,0,9.74595274526273,7.9933245201509635,335.0208710059421,352.4237319946289,369.82659298331566,9.87610050559932,0.5773950674110899,331.5935671781331,351.140718354706,370.68786953127886,331.2350826299334,351.7286998943156,372.2223171586977,4.767284735740182,0.30825861473371086,327.30633135835996,352.4237319946289,377.7246158490675,-63006149.0,35.536237812569446,-0.013616283959329822,-80006316.01917519,789323.7942265421,-9759093.126151886,353.94777805979544,-31450334.64694977,1009.1483528364755,-8.040589180513562,-11.236045549684945,3.1954563691713824,0.6089682189930838,0.3095802696443593,8.701430494343398,75.71489264788919,350.5775451660156,350.5775451660156,0.4063729974117475,-0.7890932053654197,0.5255032427106262,75.71489264788919,349.4125370570591,0.47378387451171877,3.296907578394417,6.541922471788193,0.01589508401209594,0.029241301792021446,0.02741472888202634,0.03622059739034089,,,0.015770080056598114,-0.1347985738851063,-0.21717310893137032,-0.17137713938501875,-0.1763560161290545
2026-02-19 00:00:00+05:30,355.26376969533135,355.26376969533135,342.3964739356309,344.63848876953125,3754213,0.0,0.0,352.52283782958983,348.24016784667964,349.69486297607426,,350.52145839421314,350.6104415769555,349.71518163699915,,350.67854861304875,351.7259990856694,349.19053096464285,351.3861505889798,346.5045561492582,351.82228455378925,343.51824513356917,352.20475944251086,353.4709379577787,344.62602070999696,351.61405760005914,353.8426087043704,351.8134939858429,349.69449134250846,347.1924545575225,349.8780059814453,353.07049560546875,351.7286998943156,45.72311598652603,-1.358126369071556,-1.0237842557708883,-0.3343421133006676,45.22707535178333,40.60263595028262,4.624439401500709,46.2528389363313,38.46556861819574,-67.29858383055458,-6.344384468302211,0.5784561037761828,-23.34637451171875,-3169.9872525483665,-9.974305838520763,53.24923751888342,-0.6499724622567125,-1.0539670714918947,0.028544800440255536,0.07550920058793222,-4.727346122285511,5.680353781594363,-7.186941978106063,-2190256.051708659,-2286595.970235864,-10.10810343424478,0,1,0,-10.10810343424478,1,0,0,0,0,9.968905817722565,12.867295759700426,335.3329067917182,352.52283782958983,369.7127688674615,9.752520513965276,0.27066955525626196,330.38502718499,350.52145839421314,370.6578896034363,331.2350826299334,351.7286998943156,372.2223171586977,4.97011899575921,0.3261710532177352,327.0701656122255,352.52283782958983,378.6467384196859,-66760362.0,39.82101754107707,-0.03207919773734732,-82452250.82415879,762045.3126422912,-13985012.288327768,347.4329108001645,-42528505.86970928,1006.1974890408519,-12.212229358825072,-12.326148582397163,0.11391922357209161,0.42363415892283324,-0.9173217789749534,8.594965518935812,73.87343227169556,350.5775451660156,350.5775451660156,0.42558756474516024,-0.7474709920231152,0.5357123505050676,73.87343227169556,346.9899701799665,0.0991058349609375,3.2894246126421196,6.184490424262151,-0.02950863795623615,0.008126616496812789,0.005784561037761815,0.01736502865313505,,,-0.029952776934306043,-0.1347985738851063,-0.21717310893137032,-0.17137713938501875,-0.1763560161290545
2026-02-20 00:00:00+05:30,343.90741993195303,347.4654429545204,343.66372135497505,345.27215576171875,2080938,0.0,0.0,352.15283508300786,348.54673034667974,349.6529885864258,,350.02152481016606,350.4010970351815,349.62720092659754,,349.9880074637277,351.6096064548866,348.3650315121313,350.94525113404944,345.640304226744,351.14180747779466,343.1257104320443,351.29529837985,352.88611685334496,344.158385483338,350.8938757399006,353.809288621251,351.9715962878807,349.3621130916478,348.07643776214337,344.955322265625,353.07049560546875,351.7286998943156,46.19718965632983,-1.584087799776853,-0.9997965491809482,-0.5842912505959048,41.73894662966459,44.05115392103168,-2.3122072913670877,41.76533989167578,44.43924661326484,-65.75257322634364,-4.912737964448377,-2.098281267211838,-17.83868408203125,-3037.610252991738,-7.448598643154867,53.60728641728521,-0.36473424060950244,-0.6499724622567125,0.018325844760092025,0.0646255440058141,-5.503520301002349,-1.5020786517853821,-5.303800251330756,-2115806.9151289253,-2216904.2402536618,-12.372467041015623,0,1,0,-12.372467041015623,1,0,0,0,0,9.528392659281337,3.801721599545374,334.66053752569445,352.15283508300786,369.64513264032126,9.934491967494854,0.3033225967388045,331.07871150666983,350.02152481016606,368.9643381136623,331.2350826299334,351.7286998943156,372.2223171586977,5.136522614206986,0.30845876188855115,327.4038244082361,352.15283508300786,377.80005815003454,-64679424.0,43.524325640726815,-0.05851406073054224,-82772380.10113151,579749.7718081176,-11798778.858082563,345.46710669040476,-42145895.7532082,1006.381353296539,-17.502040354887562,-14.092767662767724,-3.4092726921198393,0.2678056799171711,-0.7867096130447815,8.746148778656709,76.49511845839824,350.09600830078125,350.09600830078125,0.511682039576207,-0.8092152901883723,0.5596178236548836,76.49511845839824,345.65835222516745,-0.37000274658203125,3.2863202780728344,6.236655544704863,0.0018386425568712728,0.021043616378026764,-0.020982812672118434,0.005937442179534402,,,0.0018369543227013383,-0.1347985738851063,-0.21717310893137032,-0.17137713938501875,-0.1763560161290545
2026-02-23 00:00:00+05:30,347.7578421378247,347.85532751066063,340.3006722154451,343.3225402832031,4210986,0.0,0.0,351.9188934326172,348.7873358154297,349.54786376953126,,349.3835262837886,350.1235065743196,349.5023561613818,,349.1470270066035,351.4047362563189,347.3075574902728,350.3796167363253,344.46280259329666,350.29171689195795,342.7936126233385,350.3862368854637,352.60851345301865,343.7445701015543,350.08301708266794,353.8574029463646,352.080549210011,348.8995487620714,347.3576404979169,344.29734802246094,353.07049560546875,351.7286998943156,44.897831561127155,-1.898595707592449,-1.0514435655972352,-0.8471521419952137,32.146543006304995,39.70418832925097,-7.557645322945973,28.729785769429856,38.915988199145644,-70.50921392418681,-2.1394844635244055,-1.3444869379580962,-7.50592041015625,-2891.4696096575994,-5.906423678387455,54.608394539544896,-0.22159282075927306,-0.36473424060950244,0.007791161960080117,0.05303462563135408,-6.4268585362670425,-0.3057681923447717,-7.860423487560297,-2028105.9679636348,-2147534.8560679033,-12.249750773111977,0,1,0,-12.249750773111977,1,0,0,0,0,9.387411418990924,7.554655295215525,334.07128030583925,351.9188934326172,369.76650655939517,10.143026396049569,0.2591735912149394,330.80580847677476,349.3835262837886,367.9612440908025,331.2350826299334,351.7286998943156,372.2223171586977,5.4283419716370345,0.30559967980207664,327.2764820625809,351.9188934326172,377.1176189009037,-68890410.0,37.303414741050226,-0.02521239530531006,-83614570.66840409,184500.0726248324,-11286068.090558283,343.82618000310293,-44523673.21032768,1006.381353296539,-19.646020788337772,-12.989398476974346,-6.656622311363426,0.7184422591359723,-0.9633056351402417,8.923806563388986,79.63432358078434,350.09600830078125,350.09600830078125,0.5183596960081417,-0.8928470320630275,0.5906878529499737,79.63432358078434,343.60329415457585,-0.233941650390625,3.289169274387312,6.449632975260418,-0.005646604992558646,-0.003677450957209727,-0.013444869379581004,-0.015895786010648116,,,-0.005662607334229175,-0.1347985738851063,-0.21717310893137032,-0.17137713938501875,-0.1763560161290545
2026-02-24 00:00:00+05:30,342.1527960825775,346.8805543427924,338.74101606466,345.0771789550781,7079250,0.0,0.0,351.6474868774414,349.0553289794921,349.4522006225586,,348.9733979667686,349.92561137356506,349.41472888996987,,348.49543515159974,351.25923990885417,346.7240720096171,349.9815433951593,343.993399192873,349.7047625862541,342.75119747409565,349.5257467707918,352.54664889353234,343.87612680877237,349.86456591107435,353.6799998430246,352.1219871028764,348.6142227664257,346.10720874700667,344.1998596191406,353.07049560546875,351.7286998943156,46.3600920322221,-1.9833974426535406,-0.9089962405266614,-1.0744012021268792,32.50331277506393,35.462934137011175,-2.9596213619472422,29.770309903370816,33.42181185482548,-66.22827452427775,-0.505887250337286,-1.5486587357572847,-1.75457763671875,-2767.568499760529,-5.968299066547559,54.82109280275531,-0.19661956450487902,-0.22159282075927306,-0.002071966398142777,0.04123896768926352,-6.846398629134279,-0.8399818247948474,-8.97952010292721,-1985707.602292515,-2077298.2366977157,-12.447652180989582,0,1,0,-12.447652180989582,1,0,0,0,0,9.298277623215313,8.139538278132363,333.5460780534799,351.6474868774414,369.7488957014029,10.29520158650832,0.3185139072251129,330.6145983741118,348.9733979667686,367.33219755942537,331.2350826299334,351.7286998943156,372.2223171586977,5.677583092488634,0.3049820623542613,326.6686663488128,351.6474868774414,377.06398611822544,-61811160.0,25.99566839183013,-0.01916062936134523,-79672241.89838949,1260411.61590679,-7899268.960782659,343.56624978751023,-40905639.33243993,1006.381353296539,-18.006650086314398,-9.080022219960776,-8.926627866353622,1.2613730709370876,-0.7259443710995485,9.050704411980744,81.9152503530477,349.62396240234375,349.62396240234375,0.5718116439726674,-0.937305282992128,0.6083046613360861,81.9152503530477,342.1913316999163,-0.2714065551757784,3.2950188720778084,6.476016370985245,0.0051107587355831985,-0.012827622380247594,-0.0154865873575728,-0.007166408466756091,,,0.005097743135714682,-0.1347985738851063,-0.21717310893137032,-0.17137713938501875,-0.1763560161290545
2026-02-25 00:00:00+05:30,347.22173829425634,348.4889589729956,341.51918574320786,345.0771789550781,5564761,0.0,0.0,350.7236083984375,349.35991882324214,349.3118328857422,,348.60232948946475,349.73547676891855,349.32883681205124,,347.8696915399461,351.10323402554377,346.23149642971947,349.60653703226046,343.65095269317567,349.1629884873445,343.06132628601864,348.68853721462483,352.5148223838299,344.296880147483,349.77175884945746,353.04985509336785,352.3424817791488,348.351057933428,345.1837696055806,345.0771789550781,350.63348388671875,349.8292990953332,46.3600920322221,-2.0272347286112904,-0.762266821187529,-1.2649679074237614,33.49467388902183,32.71484322346359,0.7798306655582437,32.717105307495984,30.405733660098882,-62.77848988446995,0.014125378165650265,-5.082472352383899,0.048736572265625,-2847.179700075944,-6.899720263010295,50.46051451259181,-0.13410463217189575,-0.19661956450487902,-0.011149001944343873,0.029734062436786383,-6.941290734808259,1.1460452643382268,-5.823727965449507,-1948941.6705436478,-2015395.9543641452,-13.224772135416666,0,1,0,-13.224772135416666,1,0,0,0,0,9.131955880827629,6.969773229787734,333.30791799044795,350.7236083984375,368.139298806427,9.931290617998282,0.33789246044563853,330.6644111475776,348.60232948946475,366.5402478313519,331.2350826299334,351.7286998943156,372.2223171586977,5.83067482830962,0.2713835706653167,326.9618556889461,350.7236083984375,375.50018305155083,-61811160.0,19.756054063152565,-0.052599755083560004,-79555503.31126924,1623118.4689779729,-6770801.966385137,345.02844122376047,-40905639.33243993,1006.381353296539,-18.25208558351226,-7.460366173726911,-10.791719409785351,1.0559659419753578,-0.6484301582174462,8.70784520399476,75.82656809673453,348.1964874267578,348.1964874267578,0.8224597981080942,-0.39354383987821795,0.5851965501485392,75.82656809673453,342.16185782296316,-0.9238784790039063,3.3008704883578033,6.588920491536462,0.0,-0.02827329991489702,-0.050824723523839044,0.0003171470670664256,,,0.0,-0.1347985738851063,-0.21717310893137032,-0.17137713938501875,-0.1763560161290545
2026-02-26 00:00:00+05:30,345.95444501876824,348.4889158106993,342.2989668808938,345.17462158203125,3258960,0.0,0.0,349.9105392456055,349.80321166992184,349.1458062744141,,348.27588111732825,349.5566197027661,349.24657512432805,,347.34121660505025,350.9391047219669,345.83548363133997,349.2608933628109,343.43776672215193,348.6744929262925,343.5107362200584,347.8636565779407,352.40805169553147,345.0489025367108,349.29745585421216,352.4604335347908,352.710593770759,348.1157019588625,344.8730242015507,345.1259002685547,346.63682556152344,349.8292990953332,46.45161562824822,-2.030704589492302,-0.6125893456548324,-1.4181152438374698,36.158923242272294,34.05230330211935,2.106619940152946,41.321773053743485,34.603062754870095,-62.516465864435425,0.9694896813350451,-4.499104363688713,3.314300537109375,-3145.1441631073794,-7.0287373758723675,47.591319969887806,-0.151497009309148,-0.13410463217189575,-0.019339434750598183,0.019018022250721293,-6.596200755600406,1.4557581201313496,-4.734190809674203,-1874611.9792820173,-1962002.7488196627,-14.406097412109375,0,1,0,-14.406097412109375,1,0,0,0,0,8.921812527183196,6.189948929805553,333.0925101579171,349.9105392456055,366.7285683332939,9.612759377838376,0.35920116920712303,330.86729805946743,348.27588111732825,365.6844641751891,331.2350826299334,351.7286998943156,372.2223171586977,5.867828788057612,0.2712858199796294,326.61635398182756,349.9105392456055,373.8731829702766,-58552200.0,25.16076303396484,-0.022952171175769184,-79786443.61317667,1550461.3156294525,-5758178.596396524,345.32083475787476,-40813613.07196777,1006.4095912192114,-21.110888114943723,-8.255334964126696,-12.855553150817027,0.6475632951214637,-0.5631953231715089,8.40901454384418,70.71152559858292,346.0519561767578,346.0519561767578,1.0989491984440996,0.3493720552491946,0.5360965857210641,70.71152559858292,342.20257132393976,-0.8130691528320313,3.30728706413667,6.540704074435767,0.0002823792267230285,0.0015556382411441305,-0.04499104363688711,0.002699145895453503,,,0.0002823393652130512,-0.1347985738851063,-0.21717310893137032,-0.17137713938501875,-0.1763560161290545
2026-02-27 00:00:00+05:30,344.10232427396863,345.2720891170185,339.5207800117718,340.98297119140625,7542283,0.0,0.0,349.4271987915039,350.19059997558594,348.95974029541026,,347.5813182672404,349.2203981925167,349.082939402884,,346.49097202845985,350.5932129384957,344.7449255822192,348.61323261094753,342.2172812938288,347.7506023319575,343.49162058512366,346.9346206847842,352.26547507745494,344.3181680270761,348.6961661772547,352.18120797711293,352.83094950058944,347.56223527409287,344.403864502794,343.07879638671875,346.63682556152344,344.29732519151116,43.048883975685605,-2.3446578781585004,-0.7412341074568245,-1.6034237707016759,37.339423909715485,35.664340347003204,1.675083562712281,38.90199878132245,37.64695904752064,-62.68677252194818,0.835958017092783,-2.756827360477183,2.82684326171875,-3112.533460980168,-7.313401911001733,45.103767529998244,-0.4833612876511724,-0.151497009309148,-0.02801342392666495,0.009041637517990007,-5.992809102135667,-0.8967562165263985,-6.6480653217730605,-1760050.9877333487,-1898810.9816128653,-12.730173746744793,0,1,0,-12.730173746744793,1,0,0,0,0,8.695347997044873,5.751309105246662,332.1492748144395,349.4271987915039,366.7051227685683,9.889283969204579,0.25563535262376047,330.735208051986,347.5813182672404,364.42742848249486,331.2350826299334,351.7286998943156,372.2223171586977,5.831843124915693,0.2535519079625282,327.24248908180437,349.4271987915039,372.0849094290106,-66094483.0,30.22390599569065,-0.0020287024032290117,-83493683.32995395,200210.6325004995,-9451955.008790493,341.9252801067321,-49972633.32040195,1006.4095912192114,-18.02146207780203,-4.132727141588003,-13.888734936214028,1.5293736600232997,-0.9774585895049582,8.6389619885322,74.63166423930423,345.223388671875,345.223388671875,1.1356365319012425,0.32213429798403337,0.5996019569347145,74.63166423930423,340.6185185023716,-0.4833404541015625,3.31262861356482,6.557760416666666,-0.012143564817753694,-0.012422619370652588,-0.027568273604771876,0.010740508157782047,,,-0.012217900312568666,-0.1347985738851063,-0.21717310893137032,-0.17137713938501875,-0.1763560161290545
2026-03-02 00:00:00+05:30,330.9913774125624,335.7191354993651,326.21489151234965,330.4065246582031,5951923,0.0,0.0,348.4631896972656,350.30771301269533,348.6707629394532,,345.9456236378083,348.4825992303868,348.7131094079398,,344.67947925385977,349.81736684761796,341.8994494009219,347.1903783942838,338.51796887878595,345.70338641109424,341.87167223249156,345.66497684405607,350.5893421506717,341.1689930773248,347.19073767060996,351.61365107735753,352.9679281041077,346.061802495741,342.31860841504056,335.6947479248047,342.76202392578125,341.78722963271935,35.90243646129551,-3.4076180656236374,-1.443355435937569,-1.9642626296860684,29.418449321810854,34.30559882459954,-4.887149502788688,25.4129524712107,35.21224143542554,-86.54141364818383,-4.115974850854849,-5.51355871527719,-14.1832275390625,-2860.514000203379,-9.336865719191621,46.05602628782127,-0.9176876128397419,-0.4833612876511724,-0.040249966838479256,-0.0008161668840569705,-6.2230946368365005,-8.197949737702345,-17.7021937247178,-1613803.0930418796,-1805345.1162693764,-10.93394470214844,0,1,0,-10.93394470214844,0,0,0,1,0,9.129114545759997,14.768079679056598,329.20792903490474,348.4631896972656,367.71845035962644,11.05153211682947,0.03112384829049181,327.8909373137102,345.9456236378083,364.0003099619064,326.21489151234965,349.21860433552365,372.2223171586977,5.9252675181703145,0.2752111272942212,326.8193246772025,348.4631896972656,370.7634041598563,-72046406.0,31.75238512146907,-0.02640457706816753,-84195682.66165344,-593729.0372748524,-17094560.775997844,330.78018388997265,-68434023.09575988,1003.3078391005503,-17.316709707539097,-2.742379817060055,-14.574329890479042,1.2130898078389525,-1.8755046068380328,9.627630331180427,92.69126579386536,345.1259002685547,345.1259002685547,0.7044688335971432,0.3304102416460756,0.7056683987040192,92.69126579386536,337.112058367048,-0.9640090942382813,3.3090724703200074,6.822377997504341,-0.031017521186611385,-0.03762064563062395,-0.05513558715277189,-0.02741244677240584,,,-0.03150874897477628,-0.1347985738851063,-0.21717310893137032,-0.17137713938501875,-0.1763560161290545
2026-03-04 00:00:00+05:30,326.5560873633555,327.7745802266516,316.0283209238216,320.463623046875,11242119,0.0,0.0,346.5493957519531,350.18359252929685,348.3322930908204,,343.5187664386718,347.38381585064127,348.15371363841376,,342.0128538585845,348.64701037837006,337.662214187032,345.0865765060024,332.96481836794163,342.6922919159133,338.18662208722264,343.84046709254244,344.4261247094578,335.8966816319025,344.4527674701387,349.04922218952925,352.34742205765,343.5753466458993,337.8299402416016,325.43507385253906,337.7905731201172,336.69394433845525,30.73658441403508,-4.994754317497097,-2.424393350248823,-2.5703609672482743,20.500975062747575,29.08628276475797,-8.585307702010397,8.388583741890137,24.234511664807762,-89.26888864162525,-8.324034159034825,-10.669546759657193,-29.09759521484375,-2765.060184565501,-12.552810858538123,43.98815179076147,-1.37605333236125,-0.9176876128397419,-0.057926954900133776,-0.011565437955326127,-7.677450108371255,-12.792010411816932,-24.538269714646958,-1479841.7921942342,-1683693.6555044511,-9.772308349609375,0,1,0,-9.772308349609375,0,0,0,1,0,9.504049487804393,14.378203734381543,324.2299209240866,346.5493957519531,368.8688705798196,12.88097748918998,-0.08437245737765522,324.44486857698655,343.5187664386718,362.592664300357,316.0283209238216,344.1253190412597,372.2223171586977,6.255467906257246,0.27046347072627736,324.77686203556755,346.5493957519531,369.03317185955507,-83288525.0,31.16864149406815,-0.030749193250802827,-86947916.8425254,-1740258.0472535938,-30620949.68226137,321.4221747324494,-102264857.16765821,1003.3078391005503,-10.35300401216532,3.3770607026509794,-13.730064714816299,1.9829309935677304,-2.3374898295106235,11.15973741393323,124.53973914794115,345.0771789550781,345.0771789550781,0.06058066743796398,1.2228901063848205,0.7800606832617669,124.53973914794115,332.93977007184714,-1.9137939453125,3.2982510669645104,7.403559638129337,-0.030092933611446715,-0.07132768380318566,-0.10669546759657189,-0.05814900364337727,,,-0.030555019921425754,-0.1347985738851063,-0.21717310893137032,-0.17137713938501875,-0.1763560161290545
2026-03-05 00:00:00+05:30,322.0232652983746,334.7443175264738,321.1946842905938,333.2333984375,11657520,0.0,0.0,344.83589935302734,350.216636352539,348.13008178710936,,342.5392075814173,346.8288975207141,347.85826185225704,,340.7446636381604,347.9822968845741,336.35415467337015,344.0885891667193,331.8069150050626,341.3625043358799,334.8196392042812,341.9567311413466,343.30832925645694,334.5568365341469,342.90680765704815,346.04613808542086,352.0012987056401,342.74057400431417,333.7277297224376,326.8485107421875,337.7905731201172,336.69394433845525,42.23278364962022,-5.162645317661543,-2.0738274803306145,-3.0888178373309283,21.938995528735695,23.95280663776471,-2.013811109029014,17.3073999967323,17.03631206994438,-58.37271112398382,-6.162502080738944,-9.325066064768594,-21.884124755859375,-2879.907657296909,-15.163778691410243,51.51937600382679,-1.456804196623683,-1.37605333236125,-0.07466146067601764,-0.023032800301578702,-7.686315432384335,-4.774674226142054,-18.32430746202209,-1367675.41372869,-1552502.6953223776,-8.659423828125,0,1,0,-8.659423828125,0,0,0,1,0,9.845238415789709,14.280694479598822,324.0828033514922,344.83589935302734,365.5889953545625,12.036505503325838,0.22046337291869397,322.5617391390166,342.5392075814173,362.51667602381804,316.0283209238216,344.1253190412597,372.2223171586977,6.184126740011067,0.2962464011387365,322.9427909624983,344.83589935302734,367.4686025918584,-71631005.0,42.243048907804614,-0.06283362750785701,-77890256.06992537,830895.6078781784,-4980255.1545499265,329.7241334181892,-55812186.31648205,1003.3078391005503,-4.661621982298587,7.25475418601417,-11.916376168312757,1.8699017994864633,-1.1181465083252256,10.376548000767556,107.67274841223316,345.0528106689453,345.0528106689453,0.025929214629022517,1.6219250647617074,0.7545631077309332,107.67274841223316,332.5621922084263,-1.7134963989257812,3.292264958283044,7.762025892469612,0.03984781570280482,-0.034322120499078124,-0.09325066064768595,0.009969471695509435,,,0.03907437139085254,-0.1347985738851063,-0.21717310893137032,-0.17137713938501875,-0.1763560161290545
2026-03-06 00:00:00+05:30,331.4300520270052,341.9578182508718,329.9678606210037,330.6014709472656,5579379,0.0,0.0,342.9667297363281,350.00635559082025,347.88871002197266,,341.40228028292665,346.19252785116714,347.516543220475,,339.3890037899926,347.2130747118183,334.7776315246305,342.9482685736466,330.265732722127,339.84490088808013,331.96640154950023,340.0061534537192,342.48690147354,332.78292697211504,341.63803722426564,343.4991012386612,351.94361125259,341.7389573998858,330.8136990829447,331.9174346923828,337.7905731201172,336.69394433845525,40.73218873523303,-5.445304615385567,-1.8851894224437107,-3.560115192941856,29.205933717064013,23.881968102849093,5.32396561421492,32.35567105144263,19.350551596688355,-64.74059908319887,-4.072968713500988,-10.158948387345035,-14.037017822265625,-3108.2112840726677,-16.45374422883924,44.05018925470114,-1.1144223436908622,-1.456804196623683,-0.09100731836699794,-0.03518092953792203,-7.9678319750325395,3.7127580418773505,-8.277199587990765,-1307444.2965064,-1436046.9668990213,-10.860834757486979,0,1,0,-10.860834757486979,1,0,0,0,0,9.998432645366739,11.989957629868115,324.3704610681463,342.9667297363281,361.56299840450987,10.84435722524954,0.1675338744105309,321.04362642935115,341.40228028292665,361.76093413650216,316.0283209238216,342.2259182422773,368.4235155607331,6.079012623862179,0.2954945364301011,320.7430880195642,342.9667297363281,366.43657541973494,-77210384.0,50.33686996748011,-0.08460454502076825,-82879949.55848996,219565.48335441947,-6366578.842262277,334.1757166063804,-60218863.74959371,1002.5180240632295,-6.575412561633257,4.272770885343601,-10.848183446976858,0.8694939304672464,-1.3298645023578755,9.298134334090896,86.45530209479995,344.8334655761719,344.8334655761719,-0.3966127995952485,1.3583342568462986,0.7621913996694754,86.45530209479995,332.23355189732143,-1.8691696166992187,3.289945212147978,8.132440321180553,-0.007898150373207624,-0.04221964687894153,-0.10158948387345035,0.0012620738086273064,,,-0.007929505972819726,-0.1347985738851063,-0.21717310893137032,-0.17137713938501875,-0.1763560161290545
2026-03-09 00:00:00+05:30,323.63167803691067,324.8014429893995,312.9089417164106,316.2232360839844,7988489,0.0,0.0,340.6223495483398,349.4979168701172,347.5211526489258,,339.0042760735036,345.01726150735607,346.8968737722277,,336.8420043945313,345.88824649586394,330.84092338842436,340.77105061627276,325.3665685381174,336.8267242308349,328.31652368718926,337.6575571721609,338.99587078790864,328.6249274399865,339.3290853968435,340.29983396280045,351.3993868078844,339.2530630914108,328.07722251514883,323.412353515625,335.6703796386719,335.1342547347498,33.68968549004424,-6.751688275170352,-2.553258465782797,-4.198429809387555,28.114271692839893,26.4197336462132,1.6945380466266933,36.8015318534253,28.821534300533408,-92.54387471429763,-8.4133397938355,-12.912752420154078,-29.048919677734375,-2709.4489318967803,-19.956351509569345,38.58605704103424,-1.2144295102476965,-1.1144223436908622,-0.11127011842677614,-0.04840996069201717,-9.561897893284003,-10.297642344593498,-22.190143617582407,-1316573.9959321541,-1357775.8680994278,-17.06702677408854,0,1,0,-17.06702677408854,1,0,0,0,0,10.548010972901618,17.69252923085503,320.9291359098801,340.6223495483398,360.3155631867995,11.563077798372676,-0.11948024106906921,317.2145360667724,339.0042760735036,360.7940160802348,312.9089417164106,340.66622863857185,368.4235155607331,6.529600655385481,0.3257549349147335,318.2137515543419,340.6223495483398,364.5286747504514,-85198873.0,42.227742308336495,-0.1054749314778032,-86415850.58050765,-1175544.0276249647,-21865692.014044635,317.97787359659816,-94961713.11309826,1002.5180240632295,-5.479994993123256,4.294550763082881,-9.774545756206138,1.1399803954782024,-2.4779209642762803,9.846606819229848,96.95566585250373,344.61412048339844,344.61412048339844,-1.1969046903191567,1.1409911782684161,0.8323882691019046,96.95566585250373,329.28131408691405,-2.344380187988281,3.2796479012603155,8.877044813368054,-0.04349114001847476,-0.0726128199918914,-0.12912752420154072,-0.04158521869923859,,,-0.04446522722625097,-0.1347985738851063,-0.21717310893137032,-0.17137713938501875,-0.1763560161290545
2026-03-10 00:00:00+05:30,324.41151465583204,327.823294532464,318.4652935266755,325.97119140625,8247861,0.0,0.0,339.3794860839844,349.13917297363287,347.2586846923829,,337.76302991471755,344.2703567975088,346.4825038243865,,335.4466560000465,344.9656298110064,329.2541071512204,339.47304965151665,323.9884607871361,335.1539180951051,325.4039575076412,335.32901905285854,338.3504698446686,326.5525728130756,337.52021463066825,337.5609895546888,351.02570025961217,338.1400264142057,326.4414385055734,321.0972137451172,335.6703796386719,335.1342547347498,41.12216591044248,-6.920651250431604,-2.1777771528352385,-4.742874097596365,24.033833610703205,27.118013006869035,-3.0841793961658297,35.12950920824389,34.76223737103727,-70.61402537039388,-5.053949811346549,-7.085305803862875,-17.351348876953125,-2464.814471038014,-20.50655334108444,41.97514972381538,-1.315490182664392,-1.2144295102476965,-0.1303706012310557,-0.06266536456234083,-10.2391272463893,-5.9718059547086,-15.32980696049708,-1387233.3589267076,-1333824.2262554176,-19.503997802734375,0,1,0,-19.503997802734375,0,0,0,1,0,10.62315722115719,11.600058448479615,319.2653109850411,339.3794860839844,359.49366118292767,11.853500829431834,0.16669538741266138,315.83896829939323,337.76302991471755,359.68709153004187,312.9089417164106,335.1342547347498,357.359567753089,6.756988807992554,0.33426375781602896,318.1702238139207,339.3794860839844,361.07335943564897,-76951012.0,44.94161353231313,0.013095128216833363,-81432765.70806515,-53876.00200985372,-7256338.793144392,324.08659315512983,-69536705.916314,1002.5180240632295,-4.288374861676829,4.388936715623448,-8.677311577300276,1.1128832507371054,-1.333218450349356,10.057087549471634,101.14500997773736,343.9561462402344,343.9561462402344,-0.9510940377322807,0.30318968504640054,0.8260850373181853,101.14500997773736,327.58099583217074,-1.2428634643554688,3.276622196011605,9.410312839084195,0.03082618293007644,-0.013423867027266945,-0.07085305803862874,-0.016061574542974077,,,0.030360600065330912,-0.1347985738851063,-0.21717310893137032,-0.17137713938501875,-0.1763560161290545
2026-03-11 00:00:00+05:30,326.4586183979404,332.06368585090775,322.9981103915403,324.6552429199219,6075561,0.0,0.0,338.2706604003906,348.77626098632817,346.9307424926758,,336.51466924854657,343.50113664544654,346.0502808361793,,334.0443471272787,344.005475691253,327.68665090741825,338.15290453555116,322.63378915062805,333.47383062387615,322.8772480476676,333.0607276791896,337.48199405932144,324.4269284389508,335.33538893628236,336.2678288172093,350.7765257195049,337.00654973734464,325.0435236287922,325.31321716308594,330.74769592285156,334.086355705871,40.462811696427806,-7.079137776962341,-1.8690109434927802,-5.210126833469561,21.525062235387715,24.557722512976937,-3.0326602775892226,40.711650633181364,37.547563898283514,-72.26691320914536,-5.918077833195327,-6.394026282309441,-20.42193603515625,-2315.7511941634875,-18.7205252205041,40.40370307144786,-1.2377506371709974,-1.315490182664392,-0.14836267867837094,-0.0779113286438994,-11.174112392480804,-0.42572069808619517,-9.491296157453633,-1495796.6429170403,-1368475.9415235273,-21.03118387858073,0,1,0,-21.03118387858073,0,0,0,1,0,10.51190138102935,9.065575459367437,317.45349995558405,338.2706604003906,359.0878208451972,12.30799054234651,0.17297611226641868,314.9518372233736,336.51466924854657,358.0775012737195,312.9089417164106,335.1342547347498,357.359567753089,6.879705856054862,0.3330078033539156,316.77583887045347,338.2706604003906,360.37350977034987,-83026573.0,44.67972576577331,0.02552357112605787,-85287174.87795971,-816516.9090419412,-7361879.722915792,326.57234638745666,-71989415.08581237,1002.1143232083622,-5.599112996243442,2.4625588648454686,-8.06167186108891,0.8310294172842754,-1.308095550934324,10.408580222403298,108.33854224620508,342.5914306640625,342.5914306640625,-0.6884563309673749,-0.3758567537571922,0.83162327802149,108.33854224620508,325.5917205810547,-1.10882568359375,3.2729365836287427,9.869917534722223,-0.004037008548672949,0.013079861711585705,-0.0639402628230944,-0.021172004108421016,,,-0.0040451792652663136,-0.1347985738851063,-0.21717310893137032,-0.17137713938501875,-0.1763560161290545
2026-03-12 00:00:00+05:30,322.6568991759632,340.6418651230308,319.05014852450125,334.8418273925781,10658407,0.0,0.0,337.7613296508789,348.7047192382812,346.6884963989258,,336.3553509765496,343.1615558904321,345.8283312630387,,333.71779160272513,343.4590273150276,328.2239511837219,337.6967945104207,324.28258828080277,333.0892541985038,322.08399580125683,331.2220025394097,337.4258830784685,324.4347479403008,334.0163066840324,335.55006937663927,350.54066136266886,336.84788927458055,325.59618566835286,329.74853515625,330.74769592285156,330.6989503447031,47.48254856572713,-6.310029168568349,-0.8799218680790304,-5.430107300489318,39.58763077754112,28.382175541210678,11.205455236330444,69.59912316453202,48.48009433531909,-38.3561690878374,-2.966105030038057,-2.95239862542469,-10.2353515625,-2294.9306697685824,-17.9804864804683,47.73084494238098,-1.0096769738148184,-1.2377506371709974,-0.16145454958148564,-0.09370189695844244,-10.502914714369274,7.816398453524812,-13.775318145004746,-1537924.0587551028,-1436759.676395792,-19.495885213216145,0,1,0,-19.495885213216145,1,0,0,0,0,11.303316753707936,21.59171659852956,317.14282378381375,337.7613296508789,358.37983551794406,12.208920357091861,0.42920189568720807,312.73341407786364,336.3553509765496,359.9772878752355,312.9089417164106,335.1342547347498,357.359567753089,6.71618281800095,0.35424960782839104,313.96700699394916,337.7613296508789,361.67100761574125,-72368166.0,52.54915758635533,0.0965674285380407,-80354960.37075405,515063.41846872866,9200212.130279418,331.5112803467034,-38546935.52720232,1002.1143232083622,-1.7689089076103572,5.034210362782844,-6.803119270393201,1.3629240404610072,-0.2831924172511675,10.30925293353258,106.28069604755012,341.42164611816406,341.42164611816406,-0.5623461338214787,-0.42201406275327397,0.7711258659098281,106.28069604755012,325.6307155064174,-0.5093307495117188,3.2756359909775536,9.739468994140623,0.03137662087646875,0.004826733942695727,-0.029523986254246903,0.015140747761311468,,,0.03089443500964216,-0.1347985738851063,-0.21717310893137032,-0.17137713938501875,-0.1763560161290545
2026-03-13 00:00:00+05:30,333.1846557748174,336.3527370209877,322.1694928797841,323.144287109375,6561611,0.0,0.0,336.8255279541016,348.29521667480464,346.35352966308596,,335.09715441777104,342.37656495784165,345.3791422698969,,332.3256923130581,342.45665742761946,326.6018053377464,336.37190097122414,322.70652288002225,331.42631855930983,321.5525178270216,329.46681011375034,336.75815006785064,322.61292461525727,332.02263718171736,334.6630793204878,350.23943729990225,335.69216004249176,326.2893851818418,328.99305725097656,330.6989288330078,330.6989503447031,41.44020944583336,-6.568679151323522,-0.9108574806673628,-5.657821670656159,39.38134508851026,33.49801270047969,5.883332388030567,75.26962571502858,61.86013317091398,-71.23288243748648,-6.382373759601764,-5.4747605332902936,-22.03033447265625,-2224.6451641371423,-18.695294055916634,44.506859813430424,-0.6845708231630021,-1.0096769738148184,-0.17436756663729014,-0.10996346837073413,-11.113225753531216,4.9102960029289875,-9.272948138274614,-1517170.1096812757,-1495307.4786587115,-21.258641560872395,0,1,0,-21.258641560872395,1,0,0,0,0,11.50902585281477,14.183244141203602,315.31090658164237,336.8255279541016,358.3401493265608,12.774935144102827,0.18204783603024766,311.02335548254024,335.09715441777104,359.17095335300183,312.9089417164106,335.1342547347498,357.359567753089,6.730200521600811,0.3736687412213634,312.39346067864483,336.8255279541016,361.8033513484627,-78929777.0,50.320307963619115,0.07926022757040214,-86014630.95769463,-787827.3996188045,-3079062.3162188893,327.22217233671563,-61469612.06164236,998.6208706805546,-2.982023897140931,3.056876298601816,-6.038900195742747,0.8050547429804837,-1.2718086558790094,10.757310686229602,115.71973320006957,339.5695495605469,339.5695495605469,-0.3541700656605134,-0.879705606716889,0.797515646031977,115.71973320006957,323.326021030971,-0.9358016967773437,3.2730388806981785,10.06357340494792,-0.034934525278075834,-0.022556414575300332,-0.054747605332902904,0.00041580096578064385,,,-0.03555933049204998,-0.1347985738851063,-0.21717310893137032,-0.17137713938501875,-0.1763560161290545
2026-03-16 00:00:00+05:30,323.631704205413,326.945998840977,318.46530636894806,324.07037353515625,8088028,0.0,0.0,336.121240234375,347.69428771972656,346.03020141601564,,334.04698480990294,341.6586750981285,344.95718645336734,,331.11091570172994,341.5066635790058,325.4105631399047,335.19975081439907,321.75862285865435,330.0116666429817,321.2506358951717,327.8304399062528,336.32154339859915,322.14828631019554,330.66144695407957,333.7834913967735,349.6626567767749,334.7363923788389,326.70982587861886,323.6073303222656,330.6989288330078,330.6989503447031,42.06873900817744,-6.622592566510207,-0.7718167166832384,-5.850775849826968,40.59363113420855,39.85420233341998,0.7394288007885734,77.1961996859486,74.0216495218364,-68.63005507205047,-4.959953747002908,-4.16545886090229,-16.91259765625,-2045.8773129976769,-17.061536237333655,42.110389564664715,-0.6524564627109551,-0.6845708231630021,-0.18626757138826555,-0.12618764665404372,-11.390840825672239,-3.443289679524298,-11.923982151553219,-1491559.294961247,-1516257.3791251741,-21.599817911783852,0,1,0,-21.599817911783852,0,0,0,1,0,11.29271632561578,8.48069247202892,313.88008362437887,336.121240234375,358.3623968443712,13.234008415824924,0.22908633056873975,310.6505586357362,334.04698480990294,357.44341098406966,312.9089417164106,335.1342547347498,357.359567753089,6.690097284217632,0.37291353667412214,311.75539893136505,336.121240234375,361.16528219696977,-70841749.0,48.63631821461217,0.05819756194174312,-83411564.96231797,-420959.2448876053,-1569165.8507392379,323.1605595816938,-59151696.12101382,998.6208706805546,-2.33545743020351,2.96275421243139,-5.2982116426349,0.9857330263466465,-1.0836546777250418,11.120578304998068,123.66726183759371,337.9123992919922,337.9123992919922,-0.19752264446976522,-1.1804035453668924,0.8236432055801833,123.66726183759371,321.09026663643976,-0.7042877197265625,3.274392193031653,10.540785725911455,0.0028658604305382696,0.024815182933261015,-0.041654588609022936,0.007639036296263502,,,0.0028617616816288,-0.1347985738851063,-0.21717310893137032,-0.17137713938501875,-0.1763560161290545
2026-03-17 00:00:00+05:30,325.53254048709266,330.8451511177997,322.0232753581549,329.1880187988281,10022642,0.0,0.0,335.35115356445317,346.9462799072266,345.73474639892584,,333.58422614218154,341.16962975305796,344.6449257077329,,330.4506088983445,340.78092754289213,325.3516344080543,334.49412952146577,322.41286790509207,329.3014168578437,321.7794389297023,326.5031361391462,336.2826516446574,323.649631856918,329.9117541717964,332.94686516903863,348.2734079093106,334.31267790096786,326.8494100342249,326.6291961669922,330.6989288330078,330.6989503447031,45.54691857240408,-6.181116075135492,-0.2642721802468184,-5.9168438948886735,35.29682969931172,38.42393530734351,-3.1271056080317905,73.34327135091957,75.26969891729891,-54.246573392527885,-0.3687898901619792,-4.4695854418852665,-1.218505859375,-2011.6465235599755,-15.724612613350814,46.93550297273939,-0.5699460048208244,-0.6524564627109551,-0.19516143729947366,-0.1414359224761926,-10.84592419962659,0.6274725575374305,-8.194403202107367,-1489879.799226773,-1507543.77787782,-17.78187052408854,0,1,0,-17.78187052408854,0,0,0,1,0,11.11622771376071,8.821875759644797,313.2786835958813,335.35115356445317,357.423623533025,13.163795462734026,0.36038864761396217,310.7356737446698,333.58422614218154,356.4327785396933,312.9089417164106,335.1342547347498,357.359567753089,6.59708399778487,0.37070659888870316,311.3094637795022,335.35115356445317,360.2563213054331,-60819107.0,56.673188003993495,0.06239649961631567,-77154299.94839108,1758340.163287133,5982475.89376334,327.3521484249275,-43324168.969657466,998.6208706805546,0.139742740138319,4.350363506218575,-4.210620766080257,1.1637777307409358,-0.558445409544151,11.036234984285935,121.79848262837676,334.03761291503906,334.03761291503906,-0.01001627897473197,-1.1648427588881303,0.8007978416001716,121.79848262837676,320.6495195661272,-0.770086669921875,3.2838752652419467,10.785300496419268,0.015791771422501544,0.009868440762205388,-0.04469585441885271,0.014287886382953197,,,0.015668378763992817,-0.1347985738851063,-0.21717310893137032,-0.17137713938501875,-0.1763560161290545
2026-03-18 00:00:00+05:30,333.1846660049466,340.3494097620982,330.84516573176813,339.2771301269531,10611550,0.0,0.0,334.8369491577149,346.3933135986328,345.5615835571289,,334.12640747406454,341.095414081446,344.53863272593526,,330.8245114281064,340.4801765711167,327.16841711012927,334.610392919544,325.66274389476575,329.8043253489036,323.8667543062812,325.75664748767406,336.4124150823276,325.7135585197264,330.0534821600042,332.9972628564477,347.5268261512394,334.64697787433204,328.2363738011969,334.2325744628906,330.6989288330078,330.69892876355493,51.703279556997934,-4.959960472240709,0.765506738118372,-5.725467210359081,50.411001687720855,42.10048750708037,8.310514180640482,85.37072478220543,78.6367319396912,-25.890366472259096,5.870715340856715,-2.941999168530721,18.813507080078125,-2156.327647861591,-13.473878596870861,54.659053281329214,-0.12793014743142786,-0.5699460048208244,-0.19801178114781104,-0.1551415136397252,-8.633517553062381,8.837523835165825,-0.6667201951642596,-1505532.3987244961,-1497596.7827969687,-14.954961140950518,0,1,0,-14.954961140950518,1,0,0,0,0,11.119453660154237,11.161390963270094,313.6989544324774,334.8369491577149,355.9749438829524,12.625843580530935,0.6050284340344003,311.3279284547406,334.12640747406454,356.9248864933885,312.9089417164106,335.1342547347498,357.359567753089,6.4782875093323256,0.38416704683675623,310.3520899652401,334.8369491577149,360.0909678685052,-50207557.0,58.592561512608356,0.0964038986331533,-68937164.25972657,5104565.807271227,20422280.66807784,336.8239018736065,-10801384.664013725,998.6208706805546,2.564211120323127,5.419865509122706,-2.85565438879958,1.241246919794456,0.4201137361376007,10.568997362618754,111.70370525104217,334.03761291503906,334.03761291503906,0.011770025689232197,-0.9676593468506425,0.7003759685773958,111.70370525104217,322.7996359688895,-0.5142044067382813,3.3020668645581885,10.336776936848961,0.030648476712302752,0.045038198291588394,-0.02941999168530718,0.03859398330261521,,,0.030188193174581456,-0.1347985738851063,-0.21717310893137032,-0.17137713938501875,-0.1763560161290545
2026-03-19 00:00:00+05:30,334.354398334586,335.3291924988268,323.24175081191254,324.9963684082031,6669467,0.0,0.0,333.3308914184571,345.5190979003906,345.26749053955086,,333.2568799439825,340.46407895700514,344.1516571948911,,329.88731326148627,339.64108068129593,326.1748399446335,333.6267954662051,324.7003287939303,328.6707530137075,325.41167060356634,325.04718765031936,336.2305160424811,325.1114354101468,329.1938324977093,331.69318099069517,346.7029726531286,333.87205174913686,329.18276289474454,332.1367492675781,328.6031036376953,329.09051541671454,44.10265182543206,-5.085896926485589,0.5116562270987952,-5.597553153584384,52.40413825477217,46.03732321393491,6.36681504083726,84.0634191870125,80.92580510671249,-62.650645370896505,-2.4718500810301527,-8.482024349092866,-8.237030029296875,-2400.253171416582,-12.539118559555561,46.64835980945836,0.12374946266909194,-0.12793014743142786,-0.20101528714996375,-0.16736462128227694,-7.684353691970428,4.748094788855667,-7.339346898058579,-1514388.2547463854,-1499461.9909350285,-12.420501708984375,0,1,0,-12.420501708984375,1,0,0,0,0,11.470591206931834,16.035379315040586,314.0679378942349,333.3308914184571,352.5938449426793,11.557856784440585,0.28366445727614603,309.575326676015,333.2568799439825,356.93843321195,312.9089417164106,334.086355705871,355.26376969533135,6.555785432877366,0.40520935306299377,308.6495982350132,333.3308914184571,359.4120054299691,-56877024.0,54.042900376326735,0.04435526202072574,-73670346.56703623,4503412.308641523,3898373.5700572357,327.8557705729808,-38874325.79695331,994.4116975737771,0.6404188473676331,2.7968585889337705,-2.156439741566137,0.8284743940272036,-0.8653421708954161,9.631476762111102,92.76534461908616,331.9174346923828,331.9174346923828,-0.06708618237089334,-1.4059510871812542,0.6866904769871253,92.76534461908616,323.00015694754467,-1.5060577392578125,3.3041613849049467,10.060848931206595,-0.04209173106777442,-0.029403312785149405,-0.08482024349092865,-0.01985890250323674,,,-0.043003258276206144,-0.1347985738851063,-0.21717310893137032,-0.17137713938501875,-0.1763560161290545
2026-03-20 00:00:00+05:30,330.50815288257,336.6104597821719,324.061385623626,325.29168701171875,10305459,3.2,0.0,332.3635513305665,344.6045617675781,344.9214556884766,,332.4982901409098,339.8690831944449,343.77819243878866,,329.1216747465588,338.84784888174016,325.4043869863377,332.72826587258896,324.05957213811865,327.6749474825081,326.4088436017717,324.3690731525482,336.10879060448116,325.99226422246164,328.53631930539717,330.9263006134681,345.67121238114987,333.1918995313282,329.51134883504596,325.14402770996094,327.75018310546875,327.4333799836412,44.28505282343701,-5.1030479701123,0.395604146777667,-5.498652116889967,51.36208864905054,51.39240953051451,-0.030320881463971716,76.12268033863594,81.85227476928462,-57.37272220969276,-1.60609809760763,-5.613650938084925,-5.309783935546875,-2621.9985868085905,-11.644547516914088,44.883588402921895,0.24897923277784934,0.12374946266909194,-0.20371878835945267,-0.177636695719241,-7.249724404774678,6.78499217195116,-5.764081986594761,-1537491.3377303807,-1511202.0739831526,-10.202372233072916,0,1,0,-10.202372233072916,1,0,0,0,0,11.547625703475697,12.54907415854592,313.5537349656489,332.3635513305665,351.1733676954841,11.318820183269423,0.312016657110019,308.68182305873995,332.4982901409098,356.3147572230796,312.9089417164106,330.6989503447031,348.4889589729956,6.562045136617114,0.3940845451787112,307.76477041457974,332.3635513305665,358.4476222092471,-46571565.0,61.56698396154097,0.0033275289790025125,-81955127.33174212,1212018.151464641,3776233.5972587066,328.6545108058389,-37937886.483685374,994.4116975737771,2.60663498966186,3.810459784982398,-1.2038247953205379,1.2091482865442338,-0.7519333715599231,9.404908182458806,88.4522979204806,330.5039978027344,330.5039978027344,0.1339087504084801,-1.3244508454693373,0.6688214105168353,88.4522979204806,322.6379215785435,-0.967340087890625,3.307438890579823,9.68511990017361,0.000908682779940273,0.006645328381178928,-0.05613650938084924,-0.046388456702929126,-0.08863065857792407,,0.0009082701776737915,-0.1347985738851063,-0.21717310893137032,-0.17137713938501875,-0.1763560161290545
2026-03-23 00:00:00+05:30,322.2897562138147,322.2897562138147,305.6560578007207,311.4631042480469,11748371,0.0,0.0,330.6730987548829,343.6802215576172,344.4828805541993,,330.49493910349423,338.7551232357626,343.1382897023383,,327.13115597679507,337.54818388097425,322.2640900726483,330.82406271132385,320.0186875123927,325.2096603968038,325.3870594450715,323.30107455542316,335.85484578009215,323.22681211459326,326.5676972267082,329.30108895112085,344.47930411837126,331.159266778795,326.9012363180832,318.3773956298828,325.3701171875,323.8069380257963,38.02749002305383,-6.161465811991775,-0.5302509560814457,-5.631214855910329,31.99107658719025,45.252434497004316,-13.261357909814066,54.38059614161969,71.52223188908937,-84.00340265783997,-1.5053074198106293,-9.792000585475643,-4.7601318359375,-2663.718720221333,-12.384595011700242,39.02519107294938,-0.08458716331013144,0.24897923277784934,-0.21058608143142976,-0.18654952685261592,-7.67920151363376,-4.912516630381219,-21.54621504347523,-1575944.444887329,-1530872.6714275596,-10.175272623697916,0,1,0,-10.175272623697916,1,0,0,0,0,12.125340239727294,19.635629210998047,310.7066127178644,330.6730987548829,350.6395847919014,12.076268745295796,0.018944032735152116,305.2065871318171,330.49493910349423,355.78329107517135,305.6560578007207,327.07250838685815,348.4889589729956,6.663506366248112,0.4188775902005755,304.6231594417437,330.6730987548829,358.5140054397982,-58319936.0,58.994124838061,-0.017150837272371038,-85500471.6345989,-1372708.8411498368,-19972274.161181465,313.13630608752743,-87881775.98307171,994.4116975737771,5.348767217491437,5.24207361024958,0.10669360724185706,1.32020549471099,-1.9242238690593936,9.983243018509246,99.66514116661361,329.7972717285156,329.7972717285156,0.01903767534122369,-0.8303326049724052,0.6884397349790092,99.66514116661361,320.04727042061944,-1.6904525756835938,3.3095434811744924,9.818525526258679,-0.04251133157046738,-0.03890287516745705,-0.09792000585475646,-0.0883433173777397,-0.10872928101529533,,-0.04344139253571183,-0.1347985738851063,-0.21717310893137032,-0.17137713938501875,-0.1763560161290545
2026-03-24 00:00:00+05:30,317.41775926196163,320.66574292346854,307.1324276060981,315.7445373535156,8845151,0.0,0.0,329.29419860839846,342.99174743652344,343.92725219726566,,329.09013893682965,337.8527473188118,342.5958391607774,,325.7093882242839,336.4526668533624,320.3721706152725,329.3657201496336,317.89988894058837,323.43732644367844,323.33705174565824,322.0593711334538,335.40223639359846,321.66557589292813,324.81711523528094,328.2078989587402,343.80162178477775,329.8269357659306,323.004802594941,313.60382080078125,325.3701171875,323.8069380257963,40.81585488690545,-6.578955602065264,-0.7581925969239478,-5.820763005141316,28.804827351789687,37.38599752934349,-8.581170177553805,46.31756637944024,58.94028095323195,-72.2093930770982,-3.1372876874843656,-8.0326805536679,-10.226654052734375,-2695.3511703621084,-13.543043204977494,44.850740832582645,-0.5498964664802329,-0.08458716331013144,-0.2185734651745097,-0.1943507253521869,-6.399060152995976,-4.899710564915949,-18.433025882286415,-1595515.5985166605,-1556129.2364164107,-9.150293986002605,0,1,0,-9.150293986002605,1,0,0,0,0,12.225909888130378,13.533315317370466,309.1972549055829,329.29419860839846,349.391142311214,12.206072131088558,0.16289249113574072,303.6324270924798,329.09013893682965,354.5478507811795,305.6560578007207,327.07250838685815,348.4889589729956,6.405995539816481,0.4241437147374102,302.3877611099729,329.29419860839846,357.7732721135661,-49474785.0,67.15712499454354,0.0032157411576748565,-83088157.72550802,-1537751.017858699,-11709103.236116968,314.5142359610274,-75723057.40685451,995.7863172468858,4.779737871272721,3.7384354112246916,1.04130246004803,0.9873335803429739,-1.348430035457035,10.048471851407797,100.97178654853482,327.57960510253906,327.57960510253906,0.17068903413499747,-0.7693285594464058,0.6932251656418122,100.97178654853482,318.5397674560547,-1.378900146484375,3.308158450798528,10.00017835828993,0.013746196731087235,-0.04083830722140591,-0.08032680553667904,-0.08189346350536286,-0.10765040839310758,,0.013652574757180212,-0.1347985738851063,-0.21717310893137032,-0.17137713938501875,-0.1763560161290545
2026-03-25 00:00:00+05:30,319.7799344736155,323.96295924137183,318.1559426299353,322.53582763671875,6889607,0.0,0.0,328.16713104248043,342.3061962890625,343.50935821533204,,328.4659188130096,337.252083801867,342.19861120980596,,325.06573384602865,335.65047392003675,320.0134626005255,328.5207731426508,318.0168615649726,322.59016171904955,321.76215618579414,320.8747812684644,335.31785215582227,320.5764570346359,323.449939425273,327.2385330628981,343.2511222279435,329.25742999519315,320.0966190908402,319.1401824951172,325.3701171875,323.8069380257963,45.040056225824905,-6.289319539194196,-0.37484522724230374,-5.914474311951892,30.09523085537918,30.297044931453037,-0.20181407607385538,45.781243026426736,48.82646851582888,-53.501511698924276,-0.6528202853406224,-6.532263705938604,-2.119415283203125,-2899.106487063391,-15.243943846207458,45.3983572399648,-0.7297178787299259,-0.5498964664802329,-0.22458561649234543,-0.2013652883422824,-5.793758173717293,-1.169690553917576,-6.976707165354128,-1593133.1049461903,-1578924.088247425,-5.4337615966796875,0,1,0,-5.4337615966796875,1,0,0,0,0,11.939660745253653,8.21842188785621,309.3068054995712,328.16713104248043,347.02745658538964,11.494341607580306,0.3507103338977399,303.8673372609109,328.4659188130096,353.06450036510824,305.6560578007207,327.07250838685815,348.4889589729956,6.329561086791528,0.43264691861189836,301.58734812462967,328.16713104248043,356.38972871154897,-42585178.0,65.76658398538329,0.0005339972336546005,-79584928.46514626,-350808.8693191558,-3352185.47750194,321.5515765026753,-60904330.38583824,997.9371985701625,2.5084877134624546,1.1737482027315396,1.334739510730915,0.7621221979888936,-0.5971586644090395,9.430162771454615,88.9279698961286,325.6314392089844,325.6314392089844,0.3112087870549083,-0.45017045863833904,0.6453686635285967,88.9279698961286,318.86293945312497,-1.1270675659179688,3.3104839548335154,9.999619547526041,0.021508813232766766,-0.049344034724562724,-0.06532263705938601,-0.059116000163092375,-0.09053504883160224,,0.02128076297475444,-0.1347985738851063,-0.21717310893137032,-0.17137713938501875,-0.1763560161290545
2026-03-27 00:00:00+05:30,320.8625876260306,320.8625876260306,312.5457386008171,313.4315795898437,8875060,0.0,0.0,326.5848510742187,341.5079010009766,343.03364715576174,,327.0340769822319,336.31794638178764,341.62896701931163,,323.6623479933966,334.51813601026345,318.09114065737606,327.03153548207223,315.84092438068234,320.80016545185805,319.6879089963178,319.4997183784496,334.1272646049867,318.97097275231937,321.83326220899386,325.90891985470563,342.5204297320962,327.88082179898765,318.0286325915599,317.98370361328125,325.3701171875,323.14896146187573,40.83257250897037,-6.71698834223173,-0.6420112242238698,-6.07497711800786,32.17129467634046,30.35711762783644,1.8141770485040176,47.4075801796218,46.50212986182959,-77.77521119495614,-6.394137784235792,-9.170585971828068,-21.410247802734432,-3054.1713336882813,-16.234954767185855,41.03649678760047,-0.9549638793150399,-0.7297178787299259,-0.23185322565788535,-0.2077525837890152,-6.163299006455403,-2.598480711338027,-10.915329736551485,-1599449.380742655,-1592115.2054259474,-7.239390055338552,1,0,0,-7.239390055338552,1,1,0,0,0,11.80040562315708,9.990089035901633,308.4001496598044,326.5848510742187,344.769552488633,11.13627980881556,0.13834238504601085,302.87534338063756,327.0340769822319,351.19281058382626,305.6560578007207,327.07248680571,348.4889158106993,6.387811008617537,0.44152925323293,300.00784830141737,326.5848510742187,355.14699783719294,-51460238.0,59.470595119458764,-0.04204480568295228,-86569394.58656658,-2055680.0408849716,-14416265.790844368,315.61330193889717,-85956042.70658764,997.9371985701625,2.508782046853434,0.939234028898015,1.569548017955419,1.001508221689337,-1.4466304598159556,9.092350707207151,82.67084138285038,325.14402770996094,325.14402770996094,0.30832144341678624,-0.3163942558327153,0.6328812314074608,82.67084138285038,317.81734183175223,-1.5822799682617217,3.3023066346606673,10.266512044270835,-0.028227090657132914,-0.03558436321920311,-0.09170585971828071,-0.07383551602078808,-0.12720857185153023,,-0.02863313418129565,-0.1347985738851063,-0.21717310893137032,-0.17137713938501875,-0.1763560161290545
2026-03-30 00:00:00+05:30,309.2977616092076,312.6934053742329,299.2584905065143,300.2919616699219,16723499,0.0,0.0,324.34071807861324,340.38903015136714,342.3846466064453,,324.48720885725004,334.9051626675968,340.81041245793756,,321.1582632882255,332.9018246639476,314.09167149787305,324.6255443130595,310.7415034543929,317.68428359214255,316.2407835791121,317.6533840070452,332.157769710241,314.9274086620687,319.2245761450382,323.1843776806546,340.82289064296737,325.07993889034236,315.2192739032995,306.8617706298828,319.7845458984375,319.9501778147726,35.655613025326154,-8.023684265947395,-1.5589657183516277,-6.464718547595767,23.74019571071632,28.668907080811987,-4.928711370095666,34.22092908642637,42.46991743082497,-97.50268997397062,-7.071864288202091,-13.002885237158997,-22.852325439453125,-2852.515265178428,-19.41719392428388,34.23712480772409,-1.3161079518711905,-0.9549638793150399,-0.24405387519175203,-0.21417328421162482,-7.7003708769625225,-7.45779058207188,-20.89270544979047,-1653709.1436389792,-1605731.6189222217,-10.398244222005218,0,1,0,-10.398244222005218,1,0,0,0,0,11.969883013169387,14.173089083329387,304.78911405811454,324.34071807861324,343.89232209911194,12.05621306897385,-0.11500724911055026,299.92967101136384,324.48720885725004,349.04474670313624,299.2584905065143,322.26528981176637,345.2720891170185,6.454984156364118,0.46102119151378596,297.1552765380562,324.34071807861324,354.10566755831,-68183737.0,55.8618284554761,-0.11611438185199983,-100720007.32149564,-7068715.023013413,-43748283.12703726,304.081285850223,-156063971.02438724,997.9371985701625,9.203062820883536,6.106811842342494,3.0962509785410424,1.6930245400548056,-2.4600289964421993,9.775802010249357,95.56630494359537,324.8258056640625,324.8258056640625,-0.5125015779530221,0.6888059900975617,0.6467232976947163,95.56630494359537,314.7933537074498,-2.2441329956054688,3.2929181498945197,10.95654961480035,-0.041921806147026786,-0.0768532561389933,-0.13002885237159,-0.12609140137664154,-0.1699535155538917,,-0.04282588236620505,-0.1347985738851063,-0.21717310893137032,-0.17137713938501875,-0.1763560161290545
2026-04-01 00:00:00+05:30,314.7602754171467,318.598839537101,307.4276976249829,317.0240478515625,9592156,0.0,0.0,323.1427719116211,339.6048010253907,341.98530944824216,,323.7764316186131,334.20394247873276,340.3393953370192,,320.4614375523159,331.985550848269,313.7278612680291,323.6537250546804,311.0106793795025,316.72468329524577,313.67883875595027,316.00274382979416,331.97525814897745,313.9686151613285,318.1069674891513,322.1240541949776,340.33192294233146,324.4437627190301,313.41892362236,308.6580047607422,319.7845458984375,319.9501778147726,45.186019139029284,-7.621257567577288,-0.9252312159852156,-6.696026351592073,22.55043752618719,26.153975971081323,-3.6035384448941343,33.01362349922911,38.214044255092425,-57.07078625251169,-2.1743196104994587,-7.026428110509579,-7.04632568359375,-2956.2235282069064,-18.31771951164575,43.6262127040409,-1.403132737483012,-1.3161079518711905,-0.25346825030885256,-0.2206518189904447,-7.241685080954498,-1.105620975669126,-12.276762887787243,-1737999.5330547534,-1639574.947794035,-14.17255147298178,1,0,0,-14.17255147298178,1,1,0,0,0,12.422525502741511,18.30687786717914,304.9993238084788,323.1427719116211,341.2862200147634,11.229369603912726,0.3313792387953295,298.07068254525336,323.7764316186131,349.48218069197287,299.2584905065143,320.60815437869303,341.9578182508718,6.318861923423636,0.5088248317606889,295.0237432015591,323.1427719116211,353.3290924235308,-58591581.0,56.21910501088475,-0.056701334897286806,-93832256.58892895,-6285334.553248078,-14570416.843211763,314.3501950045488,-102617058.90352342,1003.5091379882521,8.188340077154617,4.07367127889086,4.114668798263757,0.95650904288208,-0.6744830448186824,9.071724051571149,82.29617726785445,324.36280822753906,324.36280822753906,-0.5901971059650396,0.8454761542595913,0.5849066265239675,82.29617726785445,315.0987688337053,-1.1979461669921876,3.292531128381623,11.118403727213545,0.05571939418089511,0.017854261155398232,-0.07026428110509575,-0.1047472788851832,-0.11837251382942127,,0.05422242476538557,-0.1347985738851063,-0.21717310893137032,-0.17137713938501875,-0.1763560161290545
2026-04-02 00:00:00+05:30,312.5457402680966,320.8133892987586,306.345033531754,319.6814880371094,8100516,0.0,0.0,322.60652008056644,338.85253295898445,341.68910888671877,,323.38643699180324,333.6344344614142,339.93032786573383,,320.13179146902905,331.2042444565717,313.9420210598754,322.95077668441076,312.0302343014213,316.1652546548637,312.16434836779837,314.65567326123846,331.7760861860478,312.64644666475107,317.17280394522936,321.74958675069576,339.652817995939,324.08287328164243,312.8780648217929,318.35276794433594,319.7845458984375,319.9501778147726,46.540350500943354,-7.007124526217183,-0.24887853970008855,-6.758245986517094,31.592417971795,25.961017069566168,5.631400902228833,42.4052172923477,36.54658995933439,-50.649269858132705,-2.8878726499242178,-3.2460123577125235,-9.50653076171875,-2911.9506336195527,-17.351354385947616,51.7667557349655,-1.3164798908184505,-1.403132737483012,-0.2594063716987227,-0.22747344016276821,-6.593158672993412,1.1122105682256915,-13.356145198778904,-1750136.8780641106,-1688833.9353657053,-11.121302286783862,1,0,0,-11.121302286783862,1,1,0,0,0,12.56865623590316,14.468355767004596,304.7350819464668,322.60652008056644,340.4779582146661,11.079402939306076,0.41816461491490303,297.3729772079055,323.38643699180324,349.399896775701,299.2584905065143,320.60815437869303,341.9578182508718,6.3058684309215,0.49945674024883446,293.55357071132806,322.60652008056644,353.09994787829703,-50491065.0,56.80396237364376,-0.01519662932520633,-86999194.11689924,-3219310.4333120584,-9413694.902457878,315.6133036225406,-95826836.87211946,1004.3473836051244,6.077122615720971,1.569963053965771,4.5071595617552,0.8235509507056243,-0.3273415403403875,8.935719067049842,79.84707524523809,323.6073303222656,323.6073303222656,-0.45207611793057306,0.9249306056370498,0.551803481270248,79.84707524523809,315.1823342459542,-0.5362518310546875,3.2912550322159277,10.93972357855903,0.00838245616872313,0.012468784785929055,-0.032460123577125244,-0.12795527676514096,-0.11027637743231045,,0.008347518489610933,-0.1347985738851063,-0.21717310893137032,-0.17137713938501875,-0.1763560161290545
2026-04-06 00:00:00+05:30,318.45115861936915,323.0771032626185,315.1539753495895,322.3881225585937,6505082,0.0,0.0,322.70274505615237,338.17173339843754,341.3983062744141,,323.29135942673565,333.1934026220879,339.5829574636122,,320.11099170503167,330.5585813036152,314.66038911993024,322.5049753436535,313.6666519040587,315.9809697550667,312.0466532098679,313.7030809242924,331.4518307538747,313.325820954678,316.48755932628353,321.8531258850588,339.0883628434033,323.9592540664584,314.4868194744682,321.03480529785156,319.7845458984375,319.80395013430626,47.95092936750477,-6.23019902456349,0.42243756956288436,-6.652636594126374,49.522952508504815,34.555269335495666,14.96768317300915,67.94437448157205,47.78773842438295,-43.71108636384117,-4.977938702216616,0.6005360275906235,-16.889007568359432,-2874.7056136388687,-16.94072130823139,56.92709123422537,-1.013324639179724,-1.3164798908184505,-0.26144290003137227,-0.23418761937181362,-6.5657881409607395,2.9920754137912127,-4.931052499237808,-1711367.5151900605,-1723558.2468444612,-8.925521850585957,1,0,0,-8.925521850585957,1,1,0,0,0,12.236832784269295,7.92312791302902,304.8591854955148,322.70274505615237,340.54630461678994,11.058821056841445,0.491183863945714,298.24620478167975,323.29135942673565,348.33651407179156,299.2584905065143,320.60815437869303,341.9578182508718,6.393912881399813,0.4885852508232606,293.88057131301053,322.70274505615237,352.47116563252933,-43985983.0,55.29088119721396,0.029611128846445362,-81625452.16979146,37463.72922441363,-5553612.84406586,320.2064003902672,-90319205.00566544,1005.19404962201,2.9560778142166635,-1.24086539803083,4.1969432122474934,0.6901623912007981,-0.03526454421714407,8.921779780318776,79.59815444850493,323.6073303222656,323.6073303222656,-0.48934173502426154,0.9777748762166674,0.5944599983361317,79.59815444850493,314.9274850027902,0.09622497558593465,3.2879518890189643,10.426895480685767,0.008466660168855666,-0.00045794936707443945,0.006005360275906257,-0.12137976130404915,-0.09009745866727548,,0.008431019034594058,-0.1347985738851063,-0.21717310893137032,-0.17137713938501875,-0.1763560161290545
2026-04-07 00:00:00+05:30,320.7641464625084,325.3900913296035,319.87833554064946,324.1597900390625,8232651,0.0,0.0,322.24906463623046,337.74209228515616,341.1497784423828,,323.3740671041001,332.8391433051065,339.2775482076805,,320.24975789388026,330.0090933287377,315.6399247250821,322.22950324284426,315.552244893006,316.03703853209294,313.35670140121914,313.1388416587995,331.41446806288525,314.24982782246167,315.9643200780408,321.2084148977941,338.6300830316251,323.9735426521827,317.5466390225397,323.2739562988281,319.7845458984375,319.80395013430626,48.90135454807881,-5.409167689788092,0.9947751234706264,-6.403942813258718,55.41337883307042,45.509583104456745,9.903795728613673,75.66166555255512,62.00375244215829,-39.39950727881486,-0.2574116053167286,-2.7228988573722788,-0.836578369140625,-3015.3427331034964,-15.122579297877962,58.81742549192406,-0.4046981261837489,-1.013324639179724,-0.25970009256536253,-0.24040776428358138,-6.11617512928948,4.722954596456873,-0.7888011924971465,-1666680.6609304228,-1721281.4967489198,-10.815658569335955,1,0,0,-10.815658569335955,1,1,0,0,0,11.756470141746775,5.511755788954019,305.0843717710106,322.24906463623046,339.41375750145033,10.653059852692618,0.5556585957533696,299.6643070368678,323.3740671041001,347.0838271713324,299.2584905065143,320.60815437869303,341.9578182508718,6.276194927030537,0.4673135930521986,294.59526037998177,322.24906463623046,351.17638533776903,-35753332.0,60.96012919877248,0.00466291816165002,-77068087.789047,2816445.123296708,-2676593.85852088,323.1427389697718,-85794993.64856182,1005.19404962201,1.9399334460080684,-1.8056078129915403,3.7455412589996087,0.8592007234749642,0.22263438301347846,8.582346432609944,73.65667028933262,323.6073303222656,323.6073303222656,-0.4810950489863677,1.4235156122838584,0.4973443599369742,73.65667028933262,316.2511444091797,-0.453680419921875,3.2933644487734197,9.579145575629344,0.0054954489836913645,0.03422823719057844,-0.0272289885737228,-0.12082044755597598,-0.08288120926976483,,0.005480404097692614,-0.1347985738851063,-0.21717310893137032,-0.17137713938501875,-0.1763560161290545
2026-04-08 00:00:00+05:30,339.4155253873067,339.4155253873067,332.2797779159283,337.25018310546875,6840941,0.0,0.0,322.58150024414056,337.6339685058593,341.0355252075195,,324.6956019613733,333.01212525806193,339.2374023640724,,321.6784358433315,329.98980277267157,318.893718965509,322.984747858924,320.5626242736268,317.5945537347334,316.68641173787955,313.29174844417554,331.54600763019386,318.8962501215501,316.65267595809934,321.53127045176285,338.49329289324805,324.78113010287655,322.1212963605322,330.7049865722656,319.7845458984375,319.80395013430626,55.383980103195476,-3.6600187049397164,2.195139286655202,-5.855157991594918,69.78234748860581,58.23955961006035,11.542787878545461,86.3858188032577,76.66395294579496,-7.5423638915264934,3.6762378416756745,2.01109575802936,11.95849609375,-2954.0703895501497,-9.159185849077517,60.90803553541758,0.21901651768165697,-0.4046981261837489,-0.2504568947443553,-0.2448378546516842,-3.4938511338386773,16.379382029542626,9.243634558164274,-1655941.8669301479,-1693695.8495392043,-9.0635477701823,1,0,0,-9.0635477701823,1,1,0,0,0,12.00641765649659,15.255735348244173,304.5025078934783,322.58150024414056,340.6604925948028,11.208945545221567,0.9056830872211434,300.33805992944997,324.6956019613733,349.05314399329666,299.2584905065143,319.9501778147726,340.6418651230308,6.061846041929285,0.4884436236025292,295.1824628267882,322.58150024414056,350.55003524495305,-28912391.0,66.94835061055377,0.04787101739748249,-74378913.32906933,4552907.101474032,10498720.497566994,336.3151621362346,-58169541.82330519,1009.2323028133848,-0.1517524802087438,-3.1178349913666823,2.9660825111579383,0.7407380898823529,1.6227323488845762,9.03949617533111,81.71249110382576,323.6073303222656,323.6073303222656,-0.31324550225246073,1.0342391855027522,0.28506813518641005,81.71249110382576,319.87230704171316,0.33243560791015625,3.305093124217977,9.300031806098094,0.040382531913747854,0.12307429486298083,0.020110957580293576,-0.09101516804312448,-0.049299574434991666,,0.03958846467223597,-0.1347985738851063,-0.21717310893137032,-0.17137713938501875,-0.1763560161290545
2026-04-09 00:00:00+05:30,337.25021370955943,344.3367617871476,333.3624793081418,341.3348083496094,6287331,0.0,0.0,323.83707885742183,337.40722045898434,340.96019256591796,,326.28028828406246,333.3385049871422,339.2789351558652,,323.4644651867095,330.13493374693627,322.4647293892849,324.0179385982632,325.7718417118986,319.51821756723075,321.6654348688827,314.1912650780245,332.4650634094545,323.47042433337424,318.0491628633117,322.48029063242706,338.23246490748085,325.7503165085658,327.4223557121183,339.29249572753906,320.8133850097656,321.79762614683096,57.208236778318955,-1.9220541679341068,3.1464830589286494,-5.068537226862756,82.13290144639973,69.10954258935865,13.023358857041075,94.17999494736668,85.40915976772649,-6.659424490459454,9.590768118002478,7.9410901540947245,29.8717041015625,-2726.5858462767833,-3.9614227329519167,65.09953100545258,0.7975364130194283,0.21901651768165697,-0.23436341009578365,-0.2465922929762702,-0.9984005702475268,18.686523430548505,7.712240951542697,-1649462.1085436072,-1667679.113242468,-2.2799275716145937,0,1,0,-2.2799275716145937,1,0,0,0,0,11.932693715247249,10.974282479005808,304.19680434085814,323.83707885742183,343.4773533739855,12.12972559279468,0.9454553187999174,302.15217264013074,326.28028828406246,350.4084039279942,299.2584905065143,321.79762614683096,344.3367617871476,5.934122397073059,0.4589843453458314,296.292554697218,323.83707885742183,351.430572416887,-22625060.0,66.01283090168373,0.08462849379021971,-71531310.61098622,5755432.675439,12667673.415181413,339.67801648163294,-50554604.246581465,1010.4434586403523,-2.3719731864988267,-4.270444558125412,1.8984713716265855,0.723580011295402,1.7818212751996683,9.820137258281854,96.43509577149544,324.1150817871094,324.1150817871094,-0.24981411651792118,0.7152674899656493,0.23093044667908327,96.43509577149544,322.7192378452846,1.25557861328125,3.325177055657002,9.151287570529519,0.012111558269675582,0.07668427888293738,0.07941090154094721,-0.04569811326550077,-0.03298826818854417,,0.012038800234137151,-0.1347985738851063,-0.21717310893137032,-0.17137713938501875,-0.1763560161290545
2026-04-10 00:00:00+05:30,343.5001252808568,348.7165908134407,340.4489720289112,344.2875061035156,6438338,0.0,0.0,324.75289459228514,337.3329431152344,340.94520446777346,,327.9952614097247,333.7678775799411,339.37811477859094,,325.4121249244327,330.40474887025124,326.0947314281442,325.225358050374,330.819525879592,321.6496318853876,327.592738070137,315.7699160630486,333.528074494129,327.5245919749874,320.01238742397226,323.1214628280985,338.11735502639294,326.81145041144055,333.05867332703366,342.8111572265625,322.28973388671875,323.9875406599775,58.528310857581495,-0.3029544486814757,3.812466222545024,-4.1154206712265,92.28099517086847,81.39874803529133,10.882247135577131,99.99999999999999,93.52193791687479,-8.955226105408642,9.039893132986357,5.618997991279065,28.54296875,-2341.9833322670906,2.3097394467649224,69.38582122890998,1.327063718330321,0.7975364130194283,-0.21250273751453053,-0.2452497508676241,1.7478312759323942,20.4038856358535,12.136266851324024,-1626277.0190845893,-1650627.6051604203,3.8556722005208237,0,1,0,3.8556722005208237,1,0,0,0,0,11.670902648767408,8.267618784529475,303.0896441746058,324.75289459228514,346.4161450099645,13.34137479813798,0.9508698171925367,304.59027701101894,327.9952614097247,351.4002458084305,299.2584905065143,323.9875406599775,348.7165908134407,5.916527500344393,0.4486820085232251,297.4971451340016,324.75289459228514,352.36256729835577,-16186722.0,64.83403829547024,0.05423962397236604,-71991196.90901238,5577826.344921902,13573786.663225392,344.4843563152892,-44985155.80872454,1010.4434586403523,-4.012219568069181,-4.728552751756613,0.7163331836874322,0.7620671369574269,1.8034792687701464,10.831625208839686,117.32410466477135,324.1150817871094,324.1150817871094,-0.0755717138884472,0.2256004895879068,0.12573984186981663,117.32410466477135,326.73058558872765,0.9158157348632813,3.3420910189168596,9.187741834852435,0.008650444319414419,0.07697041895510037,0.05618997991279073,-0.01679403376916766,-0.02251583180977068,,0.008613243607137095,-0.1347985738851063,-0.21717310893137032,-0.17137713938501875,-0.1763560161290545
2026-04-13 00:00:00+05:30,335.7738305385861,342.36825763417266,332.4274169526114,341.5316467285156,5524253,0.0,0.0,325.5967147827148,337.1534698486328,340.9122885131836,,329.28444096389524,334.0723391151794,339.42075897561915,,327.01010131835943,330.5694039139093,328.73131438671476,326.15734221866734,334.22520768486277,323.32475451151765,333.28032982500076,317.71987052813915,333.95257080392736,331.5347940599588,321.18170144732755,323.65387335855434,337.9305263975917,327.6930082581868,337.6241741881287,342.9095764160156,322.28973388671875,323.9875406599775,56.768097926883634,0.7491828108318259,3.8916827856466605,-3.1424999748148346,89.95267135434378,88.12218932387066,1.8304820304731209,97.43476852678685,97.20492115805118,-14.527335341100523,5.8895221752519245,5.198253894441623,18.995819091796875,-2163.214342944269,6.4357598736231125,69.34113113321197,1.5232941425109607,1.327063718330321,-0.18784759005755491,-0.24036023580092072,4.471409752558891,12.167132235024212,2.226291553462943,-1590491.9601535907,-1632985.3470566885,9.444229125976552,0,1,0,9.444229125976552,1,0,0,0,0,11.68441597034861,11.86008915090423,302.67150766889375,325.5967147827148,348.52192189653584,14.08196463475994,0.8475417226698477,305.8494380982273,329.28444096389524,352.71944382956315,299.2584905065143,323.9875406599775,348.7165908134407,5.786276346308607,0.4497043696862758,297.883182326794,325.5967147827148,352.9674207966967,-21710975.0,65.36076103625336,0.10310274158276225,-67396774.78618984,6459955.671979174,9459807.937061498,338.7757737717666,-49407060.2200175,1009.643005726394,-6.24785080379279,-5.571347189984178,-0.6765036138086123,0.6646131493993604,1.39016689067939,11.46260355691053,131.39128030289794,324.1150817871094,324.1150817871094,-0.12620199879059318,-0.20450771808360058,0.08438975961898734,131.39128030289794,329.8368743896485,0.8438201904296875,3.3522635910956673,9.05379950629341,-0.00800452913958316,0.0593803643198505,0.05198253894441618,-0.04282837730661859,-0.04453165500203882,,-0.00803673737258932,-0.1347985738851063,-0.21717310893137032,-0.17137713938501875,-0.1763560161290545
2026-04-15 00:00:00+05:30,345.0749385921695,350.6358948469729,344.6320180787534,347.0926208496094,5663934,0.0,0.0,326.2092544555664,336.82422729492185,340.9027197265625,,330.980458095868,334.5829383988825,339.57267703252984,,329.05733046758746,330.95917454139857,332.01450193115625,327.46890931990924,338.4211786217142,325.51696079851837,338.8481526415275,320.05066673070036,335.79245261752874,337.47369748561005,322.8445276945678,323.7340377221427,337.6114312016164,328.7939192292952,341.12645526445647,344.3121337890625,323.6922912597656,324.9471926767436,59.420185030433245,2.0085796499015487,4.120863699773107,-2.112284049871558,89.87362587269891,90.70243079930371,-0.8288049266048034,97.43476852678685,98.28984568452456,-6.896560935394103,10.739518112314812,3.6586807426146524,33.66104125976568,-1949.3824264478055,11.470889813070983,67.59909215268034,1.8503672920421477,1.5232941425109607,-0.15976089385104641,-0.23099434898528676,7.069317315653188,18.021698669187174,12.017821900967647,-1525519.6203703214,-1601419.9478983812,14.94928487141927,0,1,0,14.94928487141927,0,0,0,1,0,11.500118266642087,9.104248118457292,301.6477008478973,326.2092544555664,350.7708080632355,15.058771798894313,0.9251230750224682,308.0432177662718,330.980458095868,353.9176984254642,299.2584905065143,324.9471926767436,350.6358948469729,5.6804298295594995,0.44031973229824056,300.6555746623605,326.2092544555664,351.8428531746857,-16047041.0,64.04552080683553,0.07083085574377573,-68418144.57897058,5908576.765165165,12607976.859993143,347.4535112584452,-40184784.422360584,1009.643005726394,-7.888071613622643,-5.769254399851224,-2.1188172137714187,0.7088006598930948,1.7004923000898726,12.280776803834557,150.81747890560095,324.1150817871094,324.1150817871094,0.019636709565011824,-0.3786802571738367,-0.023620896443461097,150.81747890560095,334.7534824916294,0.6125396728515625,3.3676740525597735,9.12993842230903,0.016282456323920558,0.07074545182727121,0.03658680742614662,-0.017698564739175415,-0.033347076451256674,,0.01615131871200849,-0.1347985738851063,-0.21717310893137032,-0.17137713938501875,-0.1763560161290545
2026-04-16 00:00:00+05:30,349.4055721475911,366.7282206050558,348.42133109928807,358.4606018066406,21771221,0.0,0.0,327.9750701904297,336.76471923828126,341.0294625854492,,333.5976146397511,335.5193173560495,339.9466953448885,,332.12888735816597,331.80765981636796,336.90108164947753,329.58392802333367,344.75088628923595,328.8409450825192,345.07931121165615,322.9459848466974,344.35353770038085,343.41878875000134,325.89760376651793,327.8699310056091,338.084753916488,330.29384697560187,344.860558419863,352.776611328125,329.37628173828125,332.99335555578506,64.24849276841498,3.8792442622703334,4.793222649713513,-0.9139783874431795,88.77409481280415,89.53346401328227,-0.759369200478119,97.43476852678687,97.43476852678685,-12.25381928509287,19.370695043997607,10.928961490602516,58.16864013671875,-1624.8962970246268,15.463073662081172,65.50890864278507,2.23250110825155,1.8503672920421477,-0.12589042537295425,-0.2168190351035203,12.002401567378735,30.421680766005068,12.114791260237325,-1462091.4687072765,-1553398.6081399482,21.77478535970052,0,1,0,21.77478535970052,0,0,0,1,0,12.081224087270968,19.635599755446435,299.5648223131027,327.9750701904297,356.38531806775666,17.324638644535607,1.0365235063742644,309.10475915003144,333.5976146397511,358.09047012947076,299.2584905065143,332.99335555578506,366.7282206050558,5.240871924752937,0.42966002045243606,301.5721174154891,327.9750701904297,353.79030726895536,5724180.0,76.47792086751568,0.10723798903008072,-66311231.48308957,5816250.764233828,46163240.985611096,357.87005117032817,31120340.167584255,1009.643005726394,6.36643876744389,6.7882047849722476,-0.4217660175283571,2.562633904678402,2.1460940254970575,14.205123938663492,201.78554611279063,324.5780792236328,324.5780792236328,0.28107185135706153,-0.15456164227071192,0.008663258161693416,201.78554611279063,340.4365216936384,1.7658157348632812,3.392522511806819,9.631853230794274,0.032752009907916824,0.06289223776207331,0.10928961490602518,0.006246142314076053,0.005102165241321677,,0.032227093463665465,-0.1347985738851063,-0.21717310893137032,-0.17137713938501875,-0.1763560161290545
2026-04-17 00:00:00+05:30,358.4113756108678,371.7478599816903,356.9842440973762,367.4171752929688,14949943,0.0,0.0,330.14241027832037,337.1000671386719,341.2419189453125,,336.8185251781528,336.77021374573263,340.4906652448505,,335.8852783203125,333.0097169165518,342.721533435983,332.269426408309,352.1757035250012,332.9339231469249,352.06625003434874,326.4736962634175,352.859713740375,350.25060530227057,329.1511549591913,331.1331482327343,338.47397104768567,332.0255881696824,350.00485788421753,362.9388885498047,333.8545684814453,335.5031752441023,67.52682437606559,6.0151412678815745,5.543295724259803,0.47184554362177145,91.62512853286336,90.09094973945547,1.5341787934078894,99.99999999999999,98.28984568452456,-5.974234180922933,15.895679770325012,13.375737277357182,50.39312744140631,-1329.7659769225418,19.969652543503514,65.79293077226409,2.635740343801347,2.23250110825155,-0.08560635611152279,-0.19750792226049807,17.804890156684287,30.996943649222658,16.23332776490855,-1435535.6159894369,-1500208.2923830373,31.110209147135432,0,1,0,31.110209147135432,0,0,0,1,0,12.272823501345478,14.763615884314106,296.800762183541,330.14241027832037,363.48405837309974,20.198342931264918,1.058982041149983,311.846205280918,336.8185251781528,361.7908450753876,299.2584905065143,335.5031752441023,371.7478599816903,4.902076017672926,0.43504046602692825,302.8885384264614,330.14241027832037,356.67745913299893,20674123.0,77.90557805519873,0.12214029380972591,-60131970.374935105,7215859.50151708,58697101.287083454,365.38309312401174,68474588.422779,1012.141627176335,10.192938942613274,8.491763968113306,1.7011749744999691,1.6553256680205695,2.235928164599932,16.67082404738969,277.91637441902634,325.14402770996094,325.14402770996094,0.5131989920987415,0.039108715350542396,0.11494933430661429,277.91637441902634,347.3710144042969,2.167340087890628,3.4087267822452834,10.630478719075523,0.02498621449940952,0.07641285419869859,0.13375737277357191,0.03138842426513899,0.03090313752823559,,0.02467916323106051,-0.1347985738851063,-0.21717310893137032,-0.17137713938501875,-0.1763560161290545
2026-04-20 00:00:00+05:30,367.46640742279766,378.4898893227373,360.67515008536685,376.6690673828125,12043689,0.0,0.0,332.51646270751957,337.6397143554687,341.5281146240234,,340.6138149119299,338.3348746726769,341.2070692475824,,340.31638852074036,334.561442416322,349.3884654757651,335.5138904743732,360.5403909760241,337.7662570235704,359.9984089046329,330.6589316508041,361.8229992894339,357.93626310272396,333.0543603272898,334.08154941451653,339.1454648391015,333.950790547153,357.06676097544624,372.0431213378906,338.4805145263672,338.87418991462584,70.53270761065247,8.358058903172662,6.308970687640712,2.04908821553195,93.15794667223595,91.18572333930115,1.972223332934803,99.99999999999999,99.14492284226228,-2.2981065172763326,17.826362012894496,14.423686729923416,56.987579345703125,-1084.8160081749618,24.182196244186798,67.01433152805345,3.0454377867020503,2.635740343801347,-0.03861216476283014,-0.1727489516751045,22.251612764866323,32.60780855450611,14.793069317135632,-1429880.9546545085,-1458442.4574030428,41.11665344238283,0,1,0,41.11665344238283,0,0,0,1,0,12.668674625347265,17.814739237370475,293.2293747698573,332.51646270751957,371.8035506451818,23.630161116094303,1.0619225933129852,314.62652753112314,340.6138149119299,366.6011022927367,299.2584905065143,338.87418991462584,378.4898893227373,4.721353864046294,0.438883734568588,303.95286086596275,332.51646270751957,359.9899974419317,32717812.0,78.98307422317109,0.13811818168765996,-50550221.7801956,10181177.67404852,66229931.24487689,371.9447022636389,98801671.22798227,1014.6597163436327,10.628307380898372,7.141705925118722,3.48660145577965,1.2777448955908313,2.247690373251941,19.64354396883112,385.86881965540147,325.14402770996094,325.14402770996094,0.6858260205639438,0.060385682454067384,0.2725700837072195,385.86881965540147,355.91624014718195,2.3740524291992187,3.4243841030440185,12.460577799479166,0.025180891672977657,0.09405383786875166,0.14423686729923424,0.05422460968245302,0.04999685239787732,,0.024869076700618335,-0.1347985738851063,-0.21717310893137032,-0.17137713938501875,-0.1763560161290545
2026-04-21 00:00:00+05:30,376.6690567066127,381.3442016302781,374.01159389323647,377.3088073730469,8374408,0.0,0.0,334.41804656982424,338.01110046386714,341.8515249633789,,344.108576098703,339.8632641903385,341.9219551510569,,344.58232610793345,336.11709312289366,355.2094724444914,338.62135949717253,367.4040083664929,342.3025527650629,367.79783826159183,335.3132758752633,367.61833475975607,364.84307849361034,336.45520060282814,335.6934193292819,339.4059635372362,335.8513589548252,364.45234079844136,376.9889373779297,338.8003845214844,340.30134606839624,70.7344336223901,10.149462988126857,6.480299818075926,3.6691631700509313,95.6038617855564,93.46231233021857,2.141549455337838,99.99999999999999,99.99999999999999,-4.916073945131483,17.035579468183233,11.209620062473055,54.92068481445318,-899.7423633641426,31.2772134730464,66.53074643603266,3.455709522531857,3.0454377867020503,0.011994973147011478,-0.14256061104039627,26.509311410515114,30.97258848993033,23.639980752888675,-1402158.1422277205,-1432513.792037148,47.998143513997405,0,1,0,47.998143513997405,0,0,0,1,0,12.287526990468294,7.332607737041656,290.36106273626643,334.41804656982424,378.47503040338205,26.348448766719894,0.9867646065520391,319.1995812804413,344.108576098703,369.0175709169647,299.2584905065143,340.30134606839624,381.3442016302781,4.259822585798001,0.43025952509081117,306.3220058319419,334.41804656982424,361.81623333458873,41092220.0,85.13168981103041,0.09215139933709958,-51393281.60687246,10200454.465773419,57533861.59448572,377.55486763218715,100223992.34645464,1014.829557736418,8.041810102639811,3.6441669174881293,4.397643185151682,0.8711843032096314,1.9470584262081563,22.028491916778908,485.2544561275937,325.14402770996094,325.14402770996094,0.6877833124221683,-0.3836020276630095,0.4083281505486744,485.2544561275937,364.91088518415177,1.9015838623046875,3.4347708056843986,14.058528645833343,0.0016984139278530819,0.10475503803889241,0.11209620062473058,0.05858322268301319,0.058092472365719905,,0.0016969732539276916,-0.1347985738851063,-0.21717310893137032,-0.17137713938501875,-0.1763560161290545
2026-04-22 00:00:00+05:30,374.01159389323647,380.16310037174367,373.0273528566753,377.3088073730469,5284649,0.0,0.0,337.0336685180664,338.2072100830078,342.1975674438477,,347.2705028867357,341.33171686417023,342.622684898027,,348.6671604701451,337.6581796683517,360.1749619125738,341.54938061030003,372.8399082668106,346.4885438191651,374.5856349069834,340.2514019639932,371.22521252519164,369.84539784094505,340.1814016629807,337.23454161639313,338.8131606845555,337.71034102709075,370.5347762392794,377.3088073730469,347.1664276123047,343.84461758101605,70.7344336223901,11.437321311231983,6.2145265129448415,5.222794798287142,95.80174472657505,94.85451772812246,0.9472269984525923,99.99999999999999,99.99999999999999,-5.380585357866996,16.395931564362044,16.096314928398858,53.149017333984375,-786.4891131221432,36.15178264248004,68.99114501567635,3.6110224407932168,3.455709522531857,0.06356379268637191,-0.10766942354809325,30.741069067573456,25.94331662672454,18.807569111656164,-1332075.3884047437,-1405281.5330264396,52.59127298990887,0,1,0,52.59127298990887,0,0,0,1,0,11.919542742225442,7.135747515068374,289.2758266250992,337.0336685180664,384.7915104110336,28.340101511494638,0.921659954246293,323.37460328639065,347.2705028867357,371.16640248708075,299.2584905065143,340.30134606839624,381.3442016302781,2.9521186031143953,0.3915478542538987,309.2910304319852,337.0336685180664,363.5473343916706,41092220.0,91.15946633423928,0.12346278059439073,-50336342.908958584,9617325.06029044,49314738.50955919,376.83308686715526,100223992.34645464,1014.829557736418,3.3657994554717092,-0.8254749837439785,4.191274439215688,0.5671519996515942,1.686639816985172,23.87892094648359,570.2028655684127,331.27093505859375,331.27093505859375,0.5157763644726925,-0.8818155860536911,0.5825654256323104,570.2028655684127,371.93414437430243,2.6156219482421874,3.4412153865506103,15.821545003255215,0.0,0.08705511067758986,0.16096314928398847,0.091617846807591,0.06462407104350976,,0.0,-0.1347985738851063,-0.21717310893137032,-0.17137713938501875,-0.1763560161290545
2026-04-23 00:00:00+05:30,375.8324741152672,380.01549883559903,369.9270274512692,370.517578125,6915475,0.0,0.0,339.29496307373046,338.25786437988285,342.51518341064457,,349.4845100522847,342.4762604430263,343.17505902133337,,351.85610424223404,338.9252529249004,363.16312232068253,343.7850478729147,375.3223076701651,349.57885292661183,379.1769109578979,345.1300611148531,371.083766152439,372.6887264180351,343.19251464540673,339.13773484286554,338.37970232687144,339.327615726535,373.59239497844317,373.91319274902344,348.4951477050781,343.84461758101605,65.2361837179232,11.774236794604235,5.241153597053675,6.53308319755056,91.75589418978666,94.38716690063937,-2.6312727108527127,92.42480089468236,97.47493363156077,-14.435658127641515,9.864307474409136,13.90318072027828,33.26739501953125,-714.54117652884,38.67299690723132,62.013923941552335,3.4305302206786146,3.6110224407932168,0.1116968454212719,-0.06921828404619819,32.0290478768113,23.46745875058258,13.378987366252773,-1267620.8812164785,-1360994.8161893194,55.38816833496096,0,1,0,55.38816833496096,0,0,0,1,0,11.788751930947182,10.088471384329807,289.6331945372327,339.29496307373046,388.9567316102282,29.27350767992744,0.814352629511404,325.9427968168621,349.4845100522847,373.0262232877073,299.2584905065143,340.30134606839624,381.3442016302781,2.4235403421666004,0.4015075164989139,311.8201079111871,339.29496307373046,365.46126117731853,34176745.0,85.10101409601667,0.13745728286392866,-56442193.08774699,6561699.332042865,35560550.71045975,373.4867014706228,87776740.8732859,1014.829557736418,0.8782086698180105,-2.650452615518142,3.5286612853361525,0.7415801237406859,1.257410518045616,24.830884268248862,616.5728135431688,339.29249572753906,339.29249572753906,0.3038368368448992,-1.2363573186688472,0.6752978032436493,616.5728135431688,376.9783865792411,2.2612945556640627,3.4356640230969298,17.13549886067709,-0.01799912728072728,0.03363542954955778,0.13903180720278274,0.08130946430778896,0.029515277860806988,,-0.018163081911902405,-0.1347985738851063,-0.21717310893137032,-0.17137713938501875,-0.1763560161290545
2026-04-24 00:00:00+05:30,371.0588939483153,372.781315869826,363.2341652045046,368.1061706542969,4834153,0.0,0.0,342.12711639404296,338.3577709960938,342.7639028930664,,351.2580015381906,343.4813549611154,343.66874440020393,,354.60002877371653,340.0957747395833,365.2384763635131,345.7044964405447,376.5127578026434,352.14959048091066,381.529003943241,349.7449701040835,370.6480214605641,374.5207367787059,345.69572279695024,341.74092653593,337.95192264772487,340.8119283415753,373.76117712980374,369.31187438964844,349.8484649658203,348.2490884899338,63.353105340207556,11.711659591097941,4.142861114837904,7.568798476260037,86.7279260296367,91.42852164866613,-4.7005956190294285,81.625572061392,91.35012431869144,-19.99997842558141,7.84313865735813,18.186124017161237,26.7713623046875,-710.717716797509,38.311901458778095,60.569647637207375,2.7907951287050707,3.4305302206786146,0.15482334172196577,-0.02840427524214305,31.64226407586126,14.582114274912328,5.034963609590932,-1251469.6459329713,-1308836.721233856,56.725102742513045,0,1,0,56.725102742513045,0,0,0,1,0,11.628637554831053,9.547150665321396,292.6882973711808,342.12711639404296,391.5659354169051,28.90084804965958,0.7627394300037824,328.1398513413185,351.2580015381906,374.37615173506276,299.2584905065143,340.30134606839624,381.3442016302781,1.9788115579191514,0.35981584265764494,315.37599093215266,342.12711639404296,367.2455072613409,29342592.0,80.64067723899232,0.16317433607423726,-56342513.871884145,4746868.618075877,28815170.22914808,368.04055057620917,84630570.93508416,1014.1787363953885,-3.0732304439551634,-5.281513383433053,2.2082829394778893,0.526595825974542,1.0509577200151292,24.71940951143109,611.0492065938297,341.4332275390625,341.4332275390625,0.10035950907927765,-1.3424801609805077,0.7395751243359746,611.0492065938297,379.5458535330636,2.8321533203125,3.426967464326975,17.83582851833768,-0.00650821341029495,0.0018752399388479724,0.18186124017161243,0.043762903605572,0.0359831440746341,,-0.006529484171187376,-0.1347985738851063,-0.21717310893137032,-0.17137713938501875,-0.1763560161290545
2026-04-27 00:00:00+05:30,370.0746335428435,375.9308797851109,370.0746335428435,372.0923156738281,4948268,0.0,0.0,344.9445053100587,338.7830480957031,342.996145324707,,353.2422219320609,344.60335342043754,344.23158739572125,,357.4538572765532,341.41869806027876,367.686469987521,347.81731140080655,378.30661468828725,354.9616176071591,382.6521936907087,354.11889935194887,370.86570082484457,377.1999984777949,348.01775332337195,343.9156364361005,337.62176615748064,342.3844637309558,372.7164925710807,370.0992431640625,350.7342987060547,350.6112685854638,65.14421389183713,11.847148739867805,3.422680210886215,8.42446852898159,83.5040973998967,87.32930587310668,-3.825208473209983,73.09078605842521,82.38038633816652,-15.052071247087007,8.076043735944497,17.846002592033475,27.8048095703125,-703.7102912685361,37.49296925991786,59.48711402858155,2.386016618143712,2.7907951287050707,0.19416464895021246,0.014041529092053326,30.994362025982163,15.746947607495144,9.890701365227756,-1289157.0926987694,-1276568.9225670686,53.53452555338542,0,1,0,53.53452555338542,0,0,0,1,0,11.35692838168698,7.824709130814028,295.41396393937123,344.9445053100587,394.4750466807461,28.717976722757857,0.774051217819272,330.83537953854534,353.2422219320609,375.64906432557643,299.2584905065143,340.30134606839624,381.3442016302781,1.5107072553835539,0.35939819968110465,319.26623188270156,344.9445053100587,369.216480943114,34290860.0,80.53127023505164,0.14420924141346075,-57881078.28023415,3083361.1398801953,27516505.03119919,372.69927633392746,89988947.24495319,1014.1787363953885,-6.254907247186263,-6.770552149331322,0.5156449021450589,0.5479203170794177,1.0962048712770873,24.765270685343733,613.3186321183457,342.9095764160156,342.9095764160156,-0.10683827591047654,-1.343679744056392,0.7711947200330693,613.3186321183457,382.4725612095424,2.817388916015625,3.4189061723049203,18.826249321831604,0.010828791629452938,-0.012150590811145556,0.17846002592033483,0.0692265727430521,0.002113996876797808,,0.010770580128469487,-0.1347985738851063,-0.21717310893137032,-0.17137713938501875,-0.1763560161290545
2026-04-28 00:00:00+05:30,371.0588783823312,377.4564452509921,365.6455525703874,369.8777770996094,10991705,0.0,0.0,347.31160278320317,339.24396850585936,343.2192431640625,,354.82656051944645,345.594507290209,344.7394327363923,,359.8284545898438,342.63809919768687,369.3286151010687,349.6347127932851,378.9896185920992,357.2926957878718,382.67140756846504,358.1381051374031,370.70919788178196,378.67265894177723,350.6350644005345,346.3341566676705,338.29027760274937,343.82632105970896,371.4204559365658,370.98504638671875,357.2794952392578,356.8119897731032,63.293419704881835,11.641632617002074,2.5737312704163866,9.067901346585687,80.52593676325489,83.58598673092942,-3.06004996767453,64.50790899093613,73.07475570358444,-23.370140037566934,8.299708282561047,14.678043617595625,28.34613037109375,-704.1296538183312,34.98578072493501,55.39085188742562,1.94520732244776,2.386016618143712,0.2284965035860953,0.057181239918402404,29.594935264431108,15.887678084520076,4.07678540391538,-1359826.5686350183,-1284783.4878524963,45.562169392903655,0,1,0,45.562169392903655,0,0,0,1,0,11.389354403038245,11.810892680604695,297.7652179060734,347.31160278320317,396.8579876603329,28.531373256802656,0.7277277582649888,332.3040092718648,354.82656051944645,377.3491117670281,299.2584905065143,340.30134606839624,381.3442016302781,1.068258395817081,0.35927093838725627,321.0538454641396,347.31160278320317,372.50506354184404,23299155.0,71.82422282816114,0.10391165386560157,-60995417.05958189,1131603.8199276626,20108210.781180292,370.99325830699627,83447141.97416909,1014.1787363953885,-2.826037795285413,-2.6733461579443776,-0.15269163734103552,1.1476297994794078,0.9109110330599556,24.77319243856487,613.7110635981677,345.6900634765625,345.6900634765625,-0.3233562299135895,-1.2433657074096038,0.7691635088456084,613.7110635981677,384.862158203125,2.3670974731445313,3.4109037544990852,19.55986368815104,-0.005951583735902766,-0.019694823254126748,0.14678043617595615,0.0552701099957007,0.015240644555644778,,-0.005969364996595858,-0.1347985738851063,-0.21717310893137032,-0.17137713938501875,-0.1763560161290545
2026-04-29 00:00:00+05:30,362.24991614248296,366.5806009078241,352.4567354546164,357.8208312988281,16891422,0.0,0.0,349.5310653686524,339.4998162841797,343.3477737426758,,355.11172916510185,346.0739709768215,344.99847033168805,,360.8293334960938,343.36660362094057,368.49064541835304,350.4163982375027,376.21538056552106,358.0644380974516,380.5819839015151,361.47442352064775,370.3076043414245,376.6258400702761,352.19251189800127,348.93449460926723,338.9529328850626,344.6784860116814,369.1452445788426,363.84930419921875,359.3218078613281,356.88580929144473,54.255565770626625,10.386139891423795,1.0545908358704867,9.331549055553308,71.16308102095203,78.39770506136787,-7.234624040415838,41.973804490893166,59.8574998467515,-48.08854565249,3.090878285732021,14.162341831372629,10.72821044921875,-776.6069293360849,30.87765054582877,45.21312670170297,1.0693317534323596,1.94520732244776,0.25364438605726125,0.09935177452175968,26.105412941896084,5.547253151015411,-8.576612302192245,-1427392.1927795662,-1329471.5268966851,37.77026367187501,0,1,0,37.77026367187501,0,0,0,1,0,11.82018920603501,17.421041644992954,302.4598363922393,349.5310653686524,396.60229434506545,26.9339315672939,0.588055550178323,331.41588915157695,355.11172916510185,378.80756917862675,299.2584905065143,340.30134606839624,381.3442016302781,1.73815788933656,0.36547716381471895,322.48551652729844,349.5310653686524,375.38848871200145,6407733.0,61.27512119728907,0.11509553694495217,-65056469.51900432,-1061868.4862262085,-11858527.83786318,358.95272255375625,28385991.46409723,1014.1787363953885,4.889469553828409,4.033728952935555,0.8557406008928534,1.5785647938305796,0.35222220071329224,23.535614488206523,553.9251493374768,352.45672607421875,352.45672607421875,-0.512765279757735,-0.8627839586737056,0.7264257319708501,553.9251493374768,383.4258697509766,2.2194625854492216,3.3950327307123604,20.040160725911463,-0.03259710787527059,-0.05164993685119812,0.14162341831372638,-0.015771812249548045,-0.008813935118589966,,-0.033140229012515864,-0.1347985738851063,-0.21717310893137032,-0.17137713938501875,-0.1763560161290545
2026-04-30 00:00:00+05:30,355.4094713493355,355.4094713493355,347.19105206145684,348.71661376953125,9031675,0.0,0.0,351.9522979736328,339.6369421386719,343.3924853515626,,354.5026705559999,346.177604027516,345.07209693441763,,360.75176667712987,343.72804665958176,366.0563512816587,350.4493090325632,371.39399379460804,357.72947692690497,376.00040584811916,363.9614122921648,369.6806798915928,372.18681265844924,353.51712410949204,353.4624341610181,339.12815483002004,344.95379359284846,365.08413967232957,353.2687225341797,359.42022705078125,356.88580929144473,48.61099097239795,8.557868809030651,-0.6189441972181253,9.176813006248777,53.947041750887294,68.54535317836473,-14.59831142747744,17.175257160526627,41.21899021411864,-66.70018905728121,-2.7182870273608026,16.125856926146195,-9.743988037109375,-938.52701590269,25.189183512559737,41.5334074580303,0.262764108497871,1.0693317534323596,0.26795736488807176,0.13863663241060353,21.180655416604303,-3.8643429807193,-12.082762268597946,-1512435.6729298122,-1396005.0480762918,29.363204956054695,0,1,0,29.363204956054695,0,0,0,1,0,11.735159922559031,10.629779237371281,310.95549581537296,351.9522979736328,392.9491001318927,23.296794704452378,0.46053735860164324,331.03885735569236,354.5026705559999,377.9664837563074,306.345033531754,343.84461758101605,381.3442016302781,2.668890996088855,0.338923962029847,325.3839120841537,351.9522979736328,376.9827603738967,-2623942.0,55.566000928135146,0.16730614923755244,-70735096.43101138,-3669500.4029072,-21911071.554441635,350.43904572677457,5406241.0802403465,1011.6343854988098,3.958461467469596,2.482176693261394,1.4762847742082021,0.9581114858203469,-0.15785056559342706,20.498401079129923,420.1844468008748,353.2687225341797,353.2687225341797,-0.36124982384632437,-1.197320265674601,0.6489497683888968,420.1844468008748,378.3507040841239,2.4212326049804687,3.3720579257766112,19.736697591145838,-0.0254435089657864,-0.05883921746922849,0.16125856926146187,-0.035191266796611,-0.045114356511266496,,-0.025772792464582677,-0.1347985738851063,-0.21717310893137032,-0.17137713938501875,-0.1763560161290545
2026-05-01 00:00:00+05:30,348.71661376953125,348.71661376953125,348.71661376953125,348.71661376953125,0,0.0,0.0,353.5369262695313,339.84815185546876,343.5060559082032,,353.9516175287172,346.2771730370068,345.1442655846179,,360.4436062767392,344.08411221373314,363.906375922486,350.4770245411707,367.289027514873,357.4026599388073,369.92411455559005,365.74319178924196,367.7060304263957,367.2894171820493,354.6218914065922,355.52293878168155,339.1488720327149,345.2111521273844,359.86100613715007,348.71661376953125,359.42022705078125,356.88580929144473,48.61099097239796,7.027937119873286,-1.7191007091003936,8.74703782897368,39.5036920776492,54.87127161649617,-15.367579538846975,1.070572886570093e-14,19.7163538838066,-66.70018905728121,-5.0897352603416595,9.996896491842124,-18.700561523437557,-1081.8837232240805,20.578831107857695,39.8246659046827,-0.42839726105841397,0.262764108497871,0.27377588304517975,0.1733464155003824,16.005020945712506,-9.049029051877312,-9.049029051877312,-1607799.9293131789,-1474547.0382278254,21.612294514973957,0,1,0,21.612294514973957,0,0,0,1,0,10.896934213804816,2.220446049250313e-16,315.9133878697416,353.5369262695313,391.160464669321,21.284078467721972,0.43594020252987425,332.7224532046294,353.9516175287172,375.18078185280496,306.345033531754,343.84461758101605,381.3442016302781,3.350338109765252,0.2909928803976022,328.5455377181191,353.5369262695313,377.3516005298325,-2623942.0,53.434641654958774,0.13616227831200778,-70735096.43101138,-4402667.968557864,-18780918.47523569,,5406241.0802403465,1011.6343854988098,-4.997959828189339,-5.179395681918033,0.18143585372869386,0.0,-0.256239189880503,18.81176919989486,353.88266043011294,353.2687225341797,353.2687225341797,-0.3748504745215905,-0.998549578242128,0.542759308226179,353.88266043011294,374.25696629115515,1.5846282958984375,3.348164102433185,19.44892347547744,0.0,-0.0526738164978362,0.09996896491842122,-0.005513097719321958,-0.02308718493070583,,0.0,-0.1347985738851063,-0.21717310893137032,-0.17137713938501875,-0.1763560161290545
2026-05-04 00:00:00+05:30,350.3898324925963,355.45866816317795,345.86231741373183,347.9292297363281,5034010,0.0,0.0,354.9493133544923,339.91494140625,343.58815765380865,,353.37805678658486,346.34195957423503,345.1994133896023,,359.9095399402437,344.4010172286688,361.86580704282744,350.4393569081216,363.5990082638919,356.99496240107464,363.3425428395457,366.914673588035,362.3577640738026,362.64753479324554,355.3552537763705,357.0365235150119,339.17497891348273,345.3993043807088,354.73220275916833,348.3229217529297,362.2007141113281,362.98810985451576,48.10896487625891,5.6863709776297355,-2.448533481075156,8.134904458704892,25.193622756357506,39.54811886163133,-14.354496105273824,1.070572886570093e-14,5.725085720175549,-91.01875361636506,-7.629996762456683,8.836214405990154,-28.739837646484375,-1254.2303284370569,15.430096136658165,40.28240721804578,-0.9460810617504958,-0.42839726105841397,0.27276722856346414,0.20232111054665491,11.195940042636607,-0.9017727889334424,-10.49812353837956,-1708474.3655949302,-1562722.9604767463,12.532669067382812,0,1,0,12.532669067382812,0,0,0,1,0,10.804035394922051,9.596350749446117,320.7082811359267,354.9493133544923,389.19034557305787,19.29347708548383,0.3974901870166482,332.3428413029919,353.37805678658486,374.4132722701778,315.1539753495895,348.2490884899338,381.3442016302781,3.938249588820092,0.29169571617135487,330.98835528049705,354.9493133544923,378.57641683782094,-7657952.0,57.37994961089871,0.08044150680839157,-73600603.51303011,-5214109.865279295,-16664172.849771287,349.7500717710793,4269587.723195393,1011.6343854988098,-7.743666961061408,-6.340082251832082,-1.4035847092293265,0.6962114293376193,-0.4100392519334073,17.120516109282793,293.1120718482116,353.2687225341797,353.2687225341797,-0.32276718931903553,-0.8641838461986404,0.41774764485959504,293.1120718482116,369.82999311174666,1.4123870849609375,3.323732543521472,19.197314453125014,-0.0022579481507684074,-0.06493841694565139,0.08836214405990162,-0.005025861074374749,-0.003928738581186142,,-0.0022605011594590088,-0.1347985738851063,-0.21717310893137032,-0.17137713938501875,-0.1763560161290545
2026-05-05 00:00:00+05:30,347.9292152298473,352.1614397795093,345.61624272806074,350.78350830078125,6734583,0.0,0.0,356.3690826416016,339.93938720703125,343.6935052490235,,353.13095693079407,346.5161379556682,345.3099895264573,,359.51279660179506,344.82723553825826,360.58678348358376,350.6202008978382,361.2212726661847,356.92512803432015,357.57987971054,367.65576655250817,359.8897210166563,358.99140854898553,356.6407511581489,358.13536834138,339.27582729398057,345.7608163070773,351.4098523813049,349.3563690185547,362.6190185546875,363.48022217916946,50.11996903384472,4.7981761821232,-2.6693826212653544,7.467558803388554,18.91462128505463,27.870645373020444,-8.956024087965815,2.9627440063971933,0.9875813354657381,-85.53719347118984,-7.030129844289573,8.807826267553242,-26.525299072265625,-1438.9291100044134,10.337581239688348,41.91528070260826,-1.4321848852993324,-0.9460810617504958,0.26759675997012344,0.22499144024484952,6.664100735220904,-3.402296508126369,-9.947493559574923,-1786277.0247876944,-1655210.214588954,3.9533691406249907,0,1,0,3.9533691406249907,0,0,0,1,0,10.499832656102516,6.545197051448554,325.63786328736234,356.3690826416016,387.1003019958409,17.246849320621614,0.4091221491012877,332.85239110250546,353.13095693079407,373.4095227590827,319.87833554064946,350.6112685854638,381.3442016302781,4.3634853628178085,0.2916473957092397,332.64556524114664,356.3690826416016,379.8891440830755,-923369.0,52.67293035149037,0.07148892707939755,-69701624.64805092,-3831469.1964192837,-11537523.028742474,349.5203969361171,9794382.495970808,1011.6343854988098,-8.159848179601692,-5.4050107762978925,-2.7548374033037994,0.9530168281919126,-0.3635114035948494,15.36560967711963,236.10196074959242,354.3021697998047,354.3021697998047,-0.2000659735448259,-0.8517719140528541,0.28770803388176724,236.10196074959242,365.80022452218196,1.4197692871093779,3.3048685489401826,19.30993489583334,0.008203618208841412,-0.05162318468699456,0.08807826267553254,-0.022177634771270105,-0.0019486119374318989,,0.008170151440792294,-0.1347985738851063,-0.21717310893137032,-0.17137713938501875,-0.1763560161290545
2026-05-06 00:00:00+05:30,353.24411877259377,355.4094611704146,346.30523115031343,353.44097900390625,9798302,0.0,0.0,357.83314208984376,339.9058563232422,343.9284747314453,,353.16048284251906,346.7877003497168,345.47099921908,,359.23392958868124,345.356709726371,359.9329445961276,350.9917325354953,359.88872380017403,357.1454565085235,353.3085472417393,368.1214631262567,358.858888118803,356.8364534379215,358.5995450867662,359.5235507728491,339.38295018271697,346.2632489851858,350.38398185628205,352.11224365234375,362.6190185546875,363.48022217916946,51.98569598505171,4.259608963304686,-2.5663598720670944,6.82596883537178,15.11497658342537,19.7410735416125,-4.62609695818713,8.674200053697417,3.878981353364874,-78.09912316216898,-6.325807376540352,9.03294913947077,-23.867828369140625,-1660.495997009257,7.970133564635489,44.80682159734521,-1.7369930409946746,-1.4321848852993324,0.26022637336671206,0.24149472112767623,2.5875797089435006,0.14897592331169562,-8.955254096789474,-1810992.1907204161,-1734715.8167998074,-4.675140380859384,0,1,0,-4.675140380859384,0,0,0,1,0,10.400146753530992,9.10423002010117,331.0230767614339,357.83314208984376,384.6432074182536,14.984674237736453,0.4180874229112142,333.0790699464292,353.16048284251906,373.24189573860895,332.2797779159283,356.8119897731032,381.3442016302781,4.679559671947519,0.2918580075921594,333.614766631536,357.83314208984376,381.7564640312516,8874933.0,47.79635598487946,0.07678660079977336,-64140426.21561853,-1148055.8582554013,-6169491.095297679,351.7185571082114,17217394.094065685,1011.6343854988098,-5.239586592237635,-1.9877993511470682,-3.251787241090567,1.3033193728516195,-0.3276503083551434,13.405032664204919,179.69490072840082,355.6309051513672,355.6309051513672,0.14372551180150442,-1.483436898763614,0.12951209589413742,179.69490072840082,362.035504586356,1.4640594482421876,3.2915128084877177,18.908802490234393,0.007575814256485236,-0.012240350230655284,0.0903294913947077,-0.038264544566844916,0.01268838460626398,,0.0075472618899381045,-0.1347985738851063,-0.21717310893137032,-0.17137713938501875,-0.1763560161290545
2026-05-07 00:00:00+05:30,354.3267792575139,361.5117269333522,351.9646067364611,354.0807189941406,7776265,0.0,0.0,358.6746688842773,340.0947009277344,344.167434387207,,353.24812438076873,347.07370108087065,345.6414887195763,,358.876555960519,345.91258669385724,359.45488450197377,351.3876542755704,358.9030499239364,357.4056661209728,350.5038456032492,368.392344339967,358.32549492062793,355.23824523754655,359.8755390102938,360.17358052129487,339.6130067410176,346.773935832792,350.95427223778086,353.76084899902344,362.6190185546875,363.48022217916946,52.44682304135037,3.840145426832521,-2.388658726831408,6.228804153663929,20.018382217476045,18.01599336198535,2.002388855490697,15.065018904442343,8.900654321512317,-76.30853671421303,-4.436188753591102,4.990519422018649,-16.436859130859375,-1830.3925569821988,8.056758289656841,42.27133737157552,-1.6067066129300152,-1.7369930409946746,0.25143363274997554,0.2522291979085662,-0.9469415164138829,6.419779722386693,-3.127340474504365,-1808616.5348943635,-1785271.555250919,-10.802042643229175,0,1,0,-10.802042643229175,0,0,0,1,0,10.33921628519957,9.547120196891058,333.58341544718314,358.6746688842773,383.7659223213715,13.991093106822996,0.4084551534730201,333.26072791347,353.24812438076873,373.23552084806744,332.4274169526114,356.88580929144473,381.3442016302781,4.960381356975781,0.26043165699061344,334.3630652732244,358.6746688842773,383.10760585431814,16651198.0,44.2318521908831,0.034906388986809554,-68469484.23673867,-1323354.6940670162,-4577451.268089453,355.85235088798464,18624924.06107184,1011.8153888425752,-4.95282244792471,-1.3608281654673147,-3.5919942824573954,1.0226493730311694,-0.3661793861079199,12.545626718547073,157.3927497611222,355.9507751464844,355.9507751464844,0.20807876573082706,-1.4884366892353484,-0.0144121952575642,157.3927497611222,359.2803301130022,0.8415267944335938,3.2845610873967317,18.473987019856782,0.0018100334376542904,0.015382419456947849,0.049905194220186466,-0.037784554949159554,0.015502128197010911,,0.0018083973011419313,-0.1347985738851063,-0.21717310893137032,-0.17137713938501875,-0.1763560161290545
2026-05-08 00:00:00+05:30,354.0807269560651,357.8700611045519,350.53745307648467,353.7362365722656,5059153,0.0,0.0,359.2947402954101,340.2639825439453,344.40535644531246,,353.2946112561494,347.33497698249397,345.8017807562632,,358.40622907366077,346.4475488759957,358.95231091972687,351.7307853299416,357.9562630303157,357.59144185757617,348.8441931786474,368.49008798196076,357.8722264165975,353.3469987835615,360.97026238665177,360.6845605613277,339.75714215572634,347.23323148020916,352.07350441494935,353.9084777832031,362.6190185546875,363.48022217916946,52.1563502821736,3.4402634836710035,-2.230832535994341,5.671096019665344,22.773207254795416,19.302188685232274,3.4710185695631424,18.065150115244457,13.93478969112807,-77.27271835923173,-3.903747132651744,3.633215224259868,-14.36993408203125,-1968.1351749656246,8.337435664073666,41.98456997173287,-1.4844050569488658,-1.6067066129300152,0.2414898096598339,0.2574875490985241,-3.8878965646941195,2.9717868419721185,-4.360821186095109,-1848466.178617546,-1812326.7757724663,-15.92829895019532,0,1,0,-15.92829895019532,0,0,0,1,0,10.12445855254726,7.332608028067227,335.42452178957797,359.2947402954101,383.1649588012423,13.287262978693311,0.38356822704018395,333.81408911372347,353.2946112561494,372.7751333985753,332.4274169526114,356.88580929144473,381.3442016302781,5.23386836999437,0.2581533248588723,335.57580012774446,359.2947402954101,383.40992209610357,11592045.0,35.28668223656255,0.014379471251562187,-69114618.36184825,-1480032.830882363,-4172499.5552304126,354.0479169177674,18132722.937263962,1011.7180996078341,-7.49350071295576,-3.121205144398691,-4.372295568557069,0.6633616460039282,-0.4657270918392638,11.935109252916085,142.44683287904317,355.9507751464844,355.9507751464844,0.24351981977480713,-1.4399973260608818,-0.16258297250189194,142.44683287904317,356.62920663016183,0.6200714111328125,3.2808143471019084,17.348890787760425,-0.0009728923474104922,0.014394561671362993,0.03633215224259878,-0.025817470157372235,0.013954169057312393,,-0.0009733659143483322,-0.1347985738851063,-0.21717310893137032,-0.17137713938501875,-0.1763560161290545
2026-05-11 00:00:00+05:30,352.35828480006666,353.14566560060143,344.9764771576072,346.0099182128906,4773107,0.0,0.0,359.38086090087893,340.3177301025391,344.55253295898433,,352.6008309663152,347.2830138934899,345.8059022900578,,357.1410079229446,346.67287968654256,357.09199611398765,351.45651227905336,355.13537393774914,356.8737472147743,347.1804201979864,368.2084330267845,355.21075885842936,350.3750997876196,361.3099271505944,360.89805872710815,339.792916138425,347.14460967605663,352.0541871161954,349.8730773925781,361.65936279296875,362.5697887646754,46.00236316296513,2.4714158985809718,-2.5597440968674983,5.03115999544847,16.451924383908448,19.747837952059967,-3.2959135681515193,12.353694067944224,15.161287695877007,-97.06297177482989,-7.0096576473783,0.5002830712239464,-26.0823974609375,-2007.8162276343226,7.62155774596323,41.67430184500804,-1.620827174661901,-1.4844050569488658,0.22812058564392057,0.2574457804382825,-6.863222642992441,-0.48284351202272546,-8.65203195501698,-1985218.6638851578,-1851729.3802715656,-20.28357442220053,0,1,0,-20.28357442220053,0,0,0,1,0,10.02698004269806,8.759759414658447,335.7271712623427,359.38086090087893,383.03455053941514,13.163577815046832,0.2173603168825598,333.30707104418536,352.6008309663152,371.894590888445,332.4274169526114,356.88580929144473,381.3442016302781,5.684058277509165,0.27010332300401657,335.8116594236781,359.38086090087893,383.6211738066534,6818938.0,27.826381690767697,-0.004139941395410721,-72680084.04729612,-2544046.347596377,-8844791.653820544,348.0440203236997,7707287.137212044,1009.533896362432,-9.864414441021564,-4.393695097971595,-5.470719343049969,0.627295712187566,-1.1305587324697612,11.826844819268098,139.87425837904865,355.9507751464844,355.9507751464844,0.262594061379719,-1.4442323078931085,-0.3500937850287834,139.87425837904865,352.6613019670759,0.08612060546875,3.273717225826702,16.17655090332032,-0.021842032454021942,-0.005516384825994702,0.005002830712239392,-0.013734753648394493,0.0006466487672547316,,-0.02208410098227576,-0.1347985738851063,-0.21717310893137032,-0.17137713938501875,-0.1763560161290545
2026-05-12 00:00:00+05:30,344.632017805685,348.07686168215383,338.13602048844143,338.9234313964844,5222169,0.0,0.0,359.25045013427734,340.1946551513672,344.62499206542964,,351.29822148347415,346.95518712890146,345.6696157377098,,355.1926813034785,346.618201305913,354.1831051802264,350.6500480980735,350.9595257080352,355.394975126449,344.92585233085595,367.3696314650972,351.2133949018832,347.48471233109785,361.01099168405756,360.85127759836644,339.69127703331503,346.49829896119,350.0304396940212,342.4666748046875,355.50787353515625,359.07575966202023,41.20064691334171,1.1188792024172471,-3.1298246344249785,4.248703836842226,9.181497682208644,16.135543106970836,-6.954045424762192,5.962875217199298,12.127239800129324,-98.11981681931245,-8.368803864307015,-0.7636818892231463,-30.954345703125,-2042.6461133021699,6.058578611385485,37.70787859185913,-1.916961819976418,-1.620827174661901,0.21006283362086098,0.2526033857231269,-10.005274712911323,-3.4509220424503724,-13.391763236162774,-2182659.1338780774,-1943107.5589629747,-23.392135620117195,0,1,0,-23.392135620117195,0,0,0,1,0,10.020827267770514,9.940841193712401,335.1577224907598,359.25045013427734,383.3431777777949,13.412775201541091,0.07815032323120523,331.948468945602,351.29822148347415,370.64797402134633,338.13602048844143,359.7401110593598,381.3442016302781,6.163147452391973,0.27884781013312937,336.0968458959404,359.25045013427734,383.9063604069535,1596769.0,27.99055468214607,-0.058267877374313326,-77074960.31540048,-4146417.3854129314,-12867940.242066953,341.7121045223599,-2988022.3968852125,1009.533896362432,-11.241072092954846,-4.616282199923901,-6.624789893030945,0.7426220216338618,-1.6873987070751806,12.046363821758764,145.11488132617842,355.9507751464844,355.9507751464844,0.1884113168565872,-1.3310658209800925,-0.5958873524346744,145.11488132617842,347.0771436418806,-0.1304107666015625,3.266979285460914,15.576381971571188,-0.0204805886866114,-0.03381024655847675,-0.007636818892231445,-0.02280161791707036,-0.01710966683564663,,-0.020693224220258735,-0.1347985738851063,-0.21717310893137032,-0.17137713938501875,-0.1763560161290545
2026-05-13 00:00:00+05:30,340.0061039240471,345.5670601957378,336.6104600752923,341.0887451171875,4765260,0.0,0.0,358.95025634765625,340.11488647460936,344.73740264892575,,350.32589040097065,346.72513057942245,345.57890542839255,,353.46299511137465,346.6532636575138,352.0562951471957,350.0540603159903,348.0951946694982,354.2613307864372,342.8255361317556,366.10416922755235,349.8535773333718,346.14910891526415,360.38025895640453,360.75293900771567,339.6346846664449,346.086800436223,346.98974018099796,340.00608825683594,355.50787353515625,357.03345266314216,43.153174138367056,0.2191802734286057,-3.223618850730896,3.4427991241595017,5.260347678306447,10.297923248141178,-5.037575569834731,2.7182349602560394,7.011601415133186,-89.03616837093833,-4.676107347050206,-1.7297618479256793,-16.732086181640625,-1982.3194360004754,3.788601481927003,40.825071391399,-2.2829945903851954,-1.916961819976418,0.18973525698862126,0.24391204040096573,-11.79750907438713,-4.46943229923545,-13.42603241968095,-2291934.379230174,-2079359.358895698,-25.78711954752604,0,1,0,-25.78711954752604,0,0,0,1,0,9.944811042961584,8.9566001204455,334.082542613539,358.95025634765625,383.8179700817735,13.855799400812796,0.1408694538339558,331.11295236757286,350.32589040097065,369.53882843436844,336.6104600752923,358.9773308527852,381.3442016302781,6.535440230542596,0.27326029878305425,335.4070706101048,358.95025634765625,383.9547659591744,6362029.0,28.776019650790992,-0.052402301280565895,-77074976.29607049,-4424990.859695345,-9555622.655954849,341.08875512940585,56406.493204446044,1010.1727762745647,-12.832737983350953,-4.9663584722560055,-7.866379511094947,0.8188502409608162,-1.4365221846641754,12.43385686705865,154.60079659050152,355.9507751464844,355.9507751464844,0.1242588610370413,-1.3209036470444264,-0.7931078338375112,154.60079659050152,342.48847263881134,-0.30019378662109375,3.2690764369599794,14.648788926866322,0.006388799121327393,-0.03494850518332859,-0.017297618479256816,-0.01141847100609139,-0.0199993230971357,,0.006368477253184502,-0.1347985738851063,-0.21717310893137032,-0.17137713938501875,-0.1763560161290545
2026-05-14 00:00:00+05:30,343.50010742047687,345.02566894880124,336.3151601681762,342.8111267089844,5287354,0.0,0.0,358.1677825927735,340.06761657714844,344.9354141235351,,349.6101986207815,346.5716402315622,345.52409792899834,,351.92593514578687,346.75899856866573,350.52827225671876,349.6225525854185,346.20945320092255,353.39771731677206,341.31209825656106,364.5134843793662,349.5680067287255,345.2687785088997,359.7491682156969,360.4506322138294,339.6316421709356,345.8437518455082,344.23985204453174,341.94993591308594,355.50787353515625,356.88580270958414,44.72550016177417,-0.35081186900805506,-3.0348887945340457,2.6840769255259906,9.544475228109818,7.995440196208302,1.5490350319015151,7.625403068775908,5.435504415410415,-84.21058912541977,-1.6934917429686456,-4.365744803970905,-5.905487060546875,-1826.5426395542197,-0.21016978368663786,41.50235421689866,-2.6777844743368995,-2.2829945903851954,0.1687970323232868,0.23224772365408874,-12.258999302718218,-3.9786284338878772,-12.689137214512925,-2261201.424529875,-2199267.8524385886,-26.4268798828125,0,1,0,-26.4268798828125,0,0,0,1,0,9.856646595651833,8.710508780625048,332.27162731787746,358.1677825927735,384.06393786766955,14.460348771424387,0.20349544708908962,330.5679196799692,349.6101986207815,368.6524775615938,336.3151601681762,358.8296808992271,381.3442016302781,6.834499217256124,0.24517999980464297,335.7256727336842,358.1677825927735,381.8742729014681,11649383.0,34.04046880176431,-0.054902672371736794,-74476114.79742913,-3309770.362361774,-6889556.390973647,341.3839852753206,2726339.561733209,1010.1727762745647,-13.400897810707196,-4.427614639689798,-8.973283171017398,0.9710439463375371,-1.1860182116436429,12.948077637448009,167.6527145053812,353.9084777832031,353.9084777832031,0.1984872605355103,-1.4493091364210444,-0.8858718845475637,167.6527145053812,339.4422402518136,-0.7824737548828125,3.2767343924688492,13.32597045898438,0.005049658238371668,-0.0318277490996135,-0.04365744803970906,0.0027812694411457617,-0.00860412651404685,,0.005036951472806179,-0.1347985738851063,-0.21717310893137032,-0.17137713938501875,-0.1763560161290545
2026-05-15 00:00:00+05:30,343.9922541737872,344.73043497673524,338.77578851428257,340.3997802734375,3222539,0.0,0.0,356.8169128417969,340.0559527587891,345.1232763671875,,348.73301592103445,346.3296065077142,345.42262629225456,,350.2337444487072,346.7720245959712,348.77001248234944,349.0283330345849,344.06534455482796,352.31707747211493,340.15284651190683,362.5998463340977,349.0360218965654,344.08797396619946,358.8379088520758,359.2186714204999,339.6128041145068,345.42941794876106,342.3865114106892,341.60545349121094,354.4006042480469,356.88580270958414,42.935045899012096,-0.98574717353614,-2.9358592792497045,1.9501121057135644,12.227172650055019,9.010665185490428,3.2165074645645912,10.242245240098306,6.861961089710084,-90.07172455347684,-2.3849834414801903,-7.353329358647522,-8.31683349609375,-1768.4719429376657,-3.5195349256509303,36.79903387267008,-2.7916065606048184,-2.6777844743368995,0.14706979673098086,0.21828134233936838,-12.441625837561627,-3.0446456760608385,-8.99929213851351,-2180626.452316244,-2244926.198952403,-25.459040323893223,0,1,0,-25.459040323893223,0,0,0,1,0,9.577932300423322,5.954646462452672,330.1452040574426,356.8169128417969,383.48862162615126,14.94980076585095,0.1922369559990522,330.3700689817371,348.73301592103445,367.0959628603318,336.3151601681762,358.8296808992271,381.3442016302781,7.149172400757299,0.22393964354336987,335.6714244528377,356.8169128417969,379.6177822651563,8426844.0,29.27767360543761,-0.11540365847709043,-75940908.20747526,-3018726.210979834,-7015428.039557525,341.30200125481844,459593.43664101604,1009.4693724910599,-16.432045128260267,-5.967009565794294,-10.465035562465973,0.5587629247799593,-1.23105217600379,13.33585439217718,177.84501236935142,353.58860778808594,353.58860778808594,0.3627182058773078,-1.3741734649865611,-0.9147302374687261,177.84501236935142,337.0674076625279,-1.3508697509765653,3.2825757898958905,12.635252007378476,-0.0070340378350493005,-0.03770169668807333,-0.0735332935864752,0.006634959885205793,-0.016673118318055846,,-0.00705889330396681,-0.1347985738851063,-0.21717310893137032,-0.17137713938501875,-0.1763560161290545
2026-05-18 00:00:00+05:30,339.56316562292346,339.56316562292346,326.42354146757526,328.4412536621094,6159707,0.0,0.0,354.40552215576173,340.0166473388672,345.16218017578126,,346.8004671344701,345.6281024745532,345.0863614876972,,347.53130071730845,346.31654620002297,345.0854436925779,347.54700251752917,339.24367842191856,349.95753153180624,338.0050154569551,360.1181337612607,346.3506207054753,340.46997635260306,357.13253441064944,356.1695928607825,339.5785998569992,343.94476517112986,340.0110580984052,334.42051696777344,343.13104248046875,346.5020711876997,35.372377978757356,-2.425926561479912,-3.500830933754781,1.0749043722748692,10.247412658559814,10.673020178908217,-0.42560752034840377,7.524010279842267,8.463886196238827,-94.97544834542394,-5.601132186849424,-12.803762744788576,-19.48797607421875,-1764.580167243183,-7.084075627998288,34.37797097385977,-3.0577054995500745,-2.7916065606048184,0.12125215225495811,0.20202083037101667,-13.563819402991435,-5.449939745488848,-18.58956390083705,-2111622.1622122,-2214535.3825224354,-24.909505208333332,0,1,0,-24.909505208333332,0,0,0,1,0,9.892097050811817,13.976238805862238,326.5947740321915,354.40552215576173,382.216270279332,15.694308573074313,0.033197230468477765,327.52423155970354,346.8004671344701,366.0767027092367,326.42354146757526,353.88387154892666,381.3442016302781,7.459825631897059,0.2243421498946267,334.4093438308265,354.40552215576173,377.1869228726395,2267137.0,31.17821651573783,-0.22622182408570965,-80208853.9543806,-3983215.776613489,-16536226.902118469,331.47598691753603,-21179968.14542389,1009.4693724910599,-14.910576759408933,-3.5564329575543674,-11.354143801854566,1.0475970288939132,-1.8672110781260902,13.905374061785116,193.3594277981663,352.11224365234375,352.11224365234375,0.23700170312038452,-0.801009804281541,-0.8463233897379185,193.3594277981663,333.7828578404018,-2.411390686035156,3.281760199776002,12.382192111545143,-0.03513082940806256,-0.050775031656669856,-0.12803762744788572,-0.0468629680139524,-0.05633752060301178,,-0.035762761350333565,-0.1347985738851063,-0.21717310893137032,-0.17137713938501875,-0.1763560161290545
2026-05-19 00:00:00+05:30,328.4412538942922,331.8368675309298,327.5554129105443,328.9825744628906,2521354,0.0,0.0,351.98921051025394,340.18702636718746,345.1853094482422,,345.1035249752721,344.9753366701743,344.76747461591884,,345.1100676037017,345.8838374597886,342.0165084790475,346.191818585689,335.48977475643596,347.8329447318454,335.1989555378703,357.2466577303623,343.33197582133084,337.04656621634325,355.3184165151797,354.2089202065927,340.0477237515678,342.6679430850196,337.07503347608355,328.7119140625,341.260986328125,343.96763420046375,35.92258962121819,-3.483444062952117,-3.6466787481815888,0.16323468522947204,7.415324747546217,9.963303352053682,-2.547978604507465,3.690984728506182,7.152413416148918,-92.70685285846056,-6.2149255372625145,-12.808138046556621,-21.800933837890625,-1834.1548317353418,-10.14825277465502,33.40582040856649,-3.3969012816198854,-3.0577054995500745,0.09336845390957027,0.18348106154244537,-13.800431052671758,-10.886161993836595,-15.167616614222084,-2068994.7460073528,-2152448.899932353,-24.11390177408854,0,1,0,-24.11390177408854,0,0,0,1,0,9.491336877209935,4.281454620385489,324.15956450592034,351.98921051025394,379.81885651458754,15.812783558899959,0.0866523770410024,326.84760619421934,345.1035249752721,363.3594437563248,326.42354146757526,353.29332091965944,380.16310037174367,7.571809458433155,0.2243168624943115,332.3873119346158,351.98921051025394,374.4021026972647,4788491.0,37.421029022807964,-0.23677237205747154,-81049293.49529865,-4283081.745881781,-13978928.578053974,329.4582849681216,-20764410.91833538,1009.6341875971848,-18.53554776331887,-5.745123169171443,-12.790424594147428,0.46191156908620484,-1.6533904918359887,13.914823002166813,193.62229918163064,349.75006103515625,349.75006103515625,0.2040484112798523,-0.6082743620673493,-0.7449906256120666,193.62229918163064,331.3517817905971,-2.4163116455078124,3.2795445664247724,12.191685723198788,0.001648151061249381,-0.029330686558417973,-0.12808138046556616,-0.0588699281377969,-0.04633823854130392,,0.0016467943507936541,-0.1347985738851063,-0.21717310893137032,-0.17137713938501875,-0.1763560161290545
2026-05-20 00:00:00+05:30,328.14597925405343,329.72077103348465,322.9787134393496,327.7522888183594,3723835,0.0,0.0,349.51138458251955,340.07740417480466,345.1470202636719,,343.4510262936613,344.2999230289266,344.43054024368996,,342.8017893473308,345.3962006931679,339.162893513715,344.819772939497,332.17102922227065,345.72722809477915,332.01528151342876,354.0913311472989,339.49479543521124,333.6539273997942,353.0331443314503,352.42547509120453,340.1333108666559,341.3949523280288,333.66491525132614,328.367431640625,340.91650390625,342.2452201863509,35.18932875683145,-4.370428492296583,-3.6269305420208435,-0.743497950275739,8.235324340559115,8.63268724888838,-0.39736290832926535,1.0741425571837828,4.096379188510744,-87.61172577443814,-7.268169711940211,-13.134206672703177,-25.688690185546875,-1923.827662237655,-13.695285598475891,38.770144569972544,-3.770657308593525,-3.3969012816198854,0.06435335543006904,0.16269436406245574,-13.72848460683207,-10.86358124750933,-17.605638841644407,-1966148.2714080974,-2084668.090027241,-22.612935384114582,0,1,0,-22.612935384114582,0,0,0,1,0,9.294959785561732,6.742057594135076,322.357330331799,349.51138458251955,376.6654388332401,15.53829457266762,0.09933983405842998,325.6495649976355,343.4510262936613,361.2524875896871,322.9787134393496,351.4971061374743,380.01549883559903,7.56173173463523,0.22319015048535099,329.92445273520303,349.51138458251955,371.84082101761857,1064656.0,40.435241464621946,-0.23577925957440013,-79499958.74754737,-3523412.9730359763,-12636421.744489554,326.8172577637312,-22157001.620314885,1009.6341875971848,-19.756052127111634,-5.572502026371364,-14.18355010074027,0.7676309967052041,-1.602640663766279,13.577027125360283,184.33566556276892,348.71661376953125,348.71661376953125,0.12315109948470196,-0.610490327911333,-0.5658130894236111,184.33566556276892,329.3825988769531,-2.477825927734375,3.275381490614133,12.087902425130212,-0.0037396681162820133,-0.03909966684548949,-0.13134206672703175,-0.07705965655797786,-0.04363020596286127,,-0.0037466781573674227,-0.1347985738851063,-0.21717310893137032,-0.17137713938501875,-0.1763560161290545
2026-05-21 00:00:00+05:30,331.09868650151407,333.4608590376472,327.7522729056044,328.4412536621094,4807537,0.0,0.0,347.40756835937503,340.03419982910157,345.02027770996096,,342.02152413827537,343.67801442630633,344.113920707421,,340.7951102120536,344.939881065219,336.848425863451,343.57995803590546,329.72177034249256,343.85815203318464,329.0758337349499,350.78334845495436,336.7879186510622,330.74843629047604,350.5402889471287,350.448046432788,340.1255939625281,340.31485390463666,330.8672011435894,328.0967712402344,340.91650390625,342.2452201863509,35.97746181733159,-4.960593701628682,-3.3736766010823542,-1.5869171005463274,11.285893827109255,8.978847638404861,2.307046188704394,2.5964436272897764,2.4538569709932467,-85.82373988577352,-7.241135694953086,-11.356094001212409,-25.63946533203125,-1952.2508033091624,-16.225505239100926,39.82836404896762,-3.161210762478456,-3.770657308593525,0.03558192998891485,0.13981571076568697,-13.624698196053096,-5.388764869220438,-11.097351001263235,-1830820.8322119666,-2002121.5048758443,-21.16938273111979,0,1,0,-21.16938273111979,0,0,0,1,0,9.038790238881807,5.708586132042797,320.5883017516529,347.40756835937503,374.22683496709715,15.43965592596358,0.14640504577025498,324.828090369101,342.02152413827537,359.21495790744973,322.9787134393496,350.21757934517086,377.4564452509921,7.538122414551062,0.22137915446922835,328.2450607025501,347.40756835937503,369.0664576718939,5872193.0,44.10088768480102,-0.21964396536607325,-83147033.10318315,-4052761.8633889854,-10358043.784129998,329.88479520178697,-21146414.023819722,1009.6341875971848,-18.98388310849142,-3.8402664062009197,-15.1436167022905,1.0556267657458722,-1.4143798169189807,13.409633303861051,179.81826534401947,348.3229217529297,348.3229217529297,0.20364091578899896,-0.5018839780582063,-0.33501869126211464,179.81826534401947,327.57019391741073,-2.1038162231445314,3.2718210315892704,12.342382609049478,0.0021020901066286513,-0.041917755659878875,-0.11356094001212413,-0.046997754560876626,-0.03044884326232422,,0.00209988380657379,-0.1347985738851063,-0.21717310893137032,-0.17137713938501875,-0.1763560161290545
2026-05-22 00:00:00+05:30,330.2128835799948,332.67348628923475,327.1617302132065,331.6400451660156,4613260,0.0,0.0,345.584262084961,340.34253601074215,344.9202264404297,,341.032811855203,343.2059372004126,343.8669132709575,,339.29344133649556,344.61069852941176,335.45784039805835,342.6581617651492,328.6463144284252,342.4933631900201,327.14643326928604,347.501269603056,335.93074508328914,329.4647920836822,348.033258907995,349.02973612010913,340.51577671308195,339.62780503140766,329.63091354710076,330.0406494140625,340.91650390625,342.2452201863509,39.64711178097382,-5.111268618011707,-2.819481213972303,-2.2917874040394035,16.347408464326225,11.95620887733153,4.391199586994695,10.132633776674506,4.601073320382689,-77.52230894680966,-6.246516223603209,-9.906415158285416,-22.09619140625,-1924.8012691014637,-19.073147021369266,42.279217485401716,-2.5829542068936844,-3.161210762478456,0.008900862690675027,0.11545796377088191,-13.124877897420317,-5.146197797511206,-10.65795387353944,-1723383.593170253,-1897719.4244029555,-20.29176330566406,0,1,0,-20.29176330566406,0,0,0,1,0,8.78685922724941,5.5117560760282345,319.74980619927544,345.584262084961,371.4187179706465,14.951176150107328,0.23012365771032892,324.4269896686113,341.032811855203,357.6386340417947,322.9787134393496,350.21757934517086,377.4564452509921,7.440533328813772,0.22827214205122603,326.8371985188562,345.584262084961,366.6497468408768,10485453.0,43.58424483597226,-0.1971070623554402,-80263723.60546923,-2983464.127134502,-6770200.83020992,330.4917538894856,-16653416.652517527,1010.6081186939151,-18.48404723728223,-2.6723444279933837,-15.811702809288846,1.022983750132661,-1.0795053691586842,12.917227942842771,166.8547777273581,346.9695739746094,346.9695739746094,0.35465296675703495,-0.24478603750235922,-0.06727531430611368,166.8547777273581,326.7117998395647,-1.8233062744140625,3.2707278185238726,12.622453545464413,0.009739310967303405,-0.025733668512903596,-0.0990641515828542,-0.03948221821023701,-0.03377919941844554,,0.009692189584412592,-0.1347985738851063,-0.21717310893137032,-0.17137713938501875,-0.1763560161290545
2026-05-25 00:00:00+05:30,334.64193928411225,339.5631442735845,334.64193928411225,336.8072814941406,3489013,0.0,0.0,343.8200103759766,340.5592578125,344.8492153930664,,340.6303803922447,342.95500952565686,343.7271185823077,,338.4575384230841,344.4720610973882,335.22225394072296,342.18762810622667,329.2103997351899,341.8182982355306,326.7007393563671,344.4777954230445,335.9722934831577,329.9625387035027,346.00472936710247,347.722303378146,340.7942760039979,339.4195052770144,330.30373667618414,334.2236633300781,340.91650390625,342.2452201863509,45.11938527073694,-4.758869502187736,-1.9736656785186657,-2.78520382366907,24.1805121285306,17.271271473322024,6.909240655208578,29.31281592477347,14.013964442912584,-64.11241478182501,-2.6596453553357002,-9.48287096867057,-9.20263671875,-2113.3940633353254,-18.780338859141864,41.00760249627001,-1.6917639403860623,-2.5829542068936844,-0.013743627972417904,0.09059057914940648,-12.208760317037449,1.888089128639308,-3.033115860832936,-1681756.4697997016,-1792718.9319953728,-20.26716105143229,0,1,0,-20.26716105143229,0,0,0,1,0,8.725162075843658,7.9230991075688735,320.9595753375775,343.8200103759766,366.6804454143757,13.297908410508498,0.34661864767541445,324.0969033457915,340.6303803922447,357.16385743869796,322.9787134393496,350.21757934517086,377.4564452509921,7.316505156933519,0.23318291450408835,325.1580628175021,343.8200103759766,364.7368508263239,13974466.0,50.51981407986736,-0.19016582131727158,-80682388.12927298,-2408011.5719557405,-3227521.4654798764,337.0041216839458,-11217235.170309767,1012.166204456911,-19.684538180579906,-3.0982682970328455,-16.58626988354706,0.7963596206959422,-0.6135254092983423,11.430217519199545,130.64987253621618,344.4105224609375,344.4105224609375,0.2747653296086678,-0.21790242561020748,0.2166484148264654,130.64987253621618,327.7325945172991,-1.764251708984375,3.2758130875019362,12.838548923068577,0.015580857629959421,0.02547191541485816,-0.09482870968670565,-0.018977078474626596,-0.03457120890673482,,0.015460722334755206,-0.1347985738851063,-0.21717310893137032,-0.17137713938501875,-0.1763560161290545
2026-05-26 00:00:00+05:30,338.5789218816003,339.0218423696532,331.00025376668225,332.27978515625,3913330,0.0,0.0,341.9401107788086,340.71174865722656,344.74400482177737,,339.83508560786424,342.5363732758762,343.50043871248477,,337.3584693545387,344.1473758951823,334.2224663944289,341.39686610349713,328.59815247150107,340.6844871709755,326.8470545411213,341.64695435135815,335.8479088525748,329.34428027415123,343.70065225229274,345.02820958713886,340.96368201145486,338.8642602820541,331.5054389831768,334.5435333251953,340.91650390625,342.2452201863509,41.56335990714316,-4.789708996776255,-1.603604138485748,-3.1861048582905074,27.501068664411246,22.67632975242269,4.8247389119885575,40.10213446221314,26.515861387887036,-75.86207027813158,-1.960220399297919,-10.164977263079557,-6.643646240234375,-2392.998544196041,-18.081381837686365,38.052474143188356,-1.0628356053339187,-1.6917639403860623,-0.034318916557252166,0.06569567097764277,-11.608656306300077,2.1175400802359263,-5.904048522735025,-1690634.6960587997,-1721955.942368446,-20.464009602864582,0,1,0,-20.464009602864582,0,0,0,1,0,8.67490682778132,8.02158860297095,322.12073312764045,341.9401107788086,361.7594884299768,11.592309311725504,0.25629089387705295,323.34830378431684,339.83508560786424,356.32186743141165,322.9787134393496,344.7796571735868,366.5806009078241,7.306215151671292,0.23514551063758896,323.79555955184577,341.9401107788086,362.42702154125914,10061136.0,39.8718699243764,-0.19811288108054043,-83347279.99050266,-2801609.1577778906,-5297530.862405254,334.1006270975285,-16477687.725064214,1012.166204456911,-19.850573945926516,-2.6114432499035622,-17.239130696022954,0.9207144433327108,-0.9748364244917875,9.909688825584091,98.20193261990619,341.94993591308594,341.94993591308594,-0.09363427425498276,-1.3672619832962496,0.5094913381909594,98.20193261990619,328.19518650599883,-1.8798995971679688,3.280948230851646,13.105824924045141,-0.013442394469044161,0.010022447841629756,-0.10164977263079555,-0.0370855987567178,-0.04398623667454904,,-0.01353356137641886,-0.1347985738851063,-0.21717310893137032,-0.17137713938501875,-0.1763560161290545
2026-05-27 00:00:00+05:30,331.6892472480728,335.28172121835456,331.29555681950086,334.3467102050781,3232759,0.0,0.0,340.7664047241211,340.70184631347666,344.7032827758789,,339.3123831885513,342.2152100181978,343.31917676184304,,336.6352883475168,343.89776654411764,333.76137790177904,340.81182078147594,328.7284588575395,339.8738445295866,327.48812502642215,339.1373857533923,335.7961665407162,329.01456726720085,341.91536558691485,342.5009494721768,341.08073201281445,338.5237817069381,332.79657610135325,333.31324768066406,340.7442626953125,340.42438727195076,43.74321627907503,-4.594404505772104,-1.126639717985277,-3.467764787786827,30.86888300726392,27.516821266735253,3.3520617405286686,48.29673028413814,39.23722689037491,-67.41886591825163,-1.976621922776438,-6.56030030687229,-6.742034912109375,-2585.138990786753,-16.618337403752264,45.22291339634199,-0.7090675562488034,-1.0628356053339187,-0.052053301593690815,0.04115674498686747,-10.62338530953383,-1.2572107733000166,-5.243375172153719,-1695071.9728850876,-1693872.982962057,-19.118871053059895,0,1,0,-19.118871053059895,0,0,0,1,0,8.339996654286491,3.9861643988537026,322.1639292252432,340.7664047241211,359.36888022299905,10.918021988662993,0.3274505315319401,323.63650165317915,339.3123831885513,354.9882647239234,322.9787134393496,342.2452201863509,361.5117269333522,7.267720554688425,0.21401822973072612,323.72591132551014,340.7664047241211,359.822948051335,13293895.0,29.672102227330228,-0.16714157580627823,-81631099.31784798,-2161877.1236079335,-3586187.8029295662,333.6413294143112,-14466770.765194837,1012.7882480301776,-20.98269172919565,-2.9948488265381563,-17.987842902657494,0.7890419121104337,-0.6901978738722393,9.301237749438974,86.51302367158858,340.7442626953125,340.7442626953125,-0.013146636282076334,-1.4622015526076726,0.6229637068615665,86.51302367158858,328.373055594308,-1.1737060546875,3.2855444401769383,13.50203572591146,0.006220435732664731,0.02012013832304116,-0.06560300306872291,-0.031095851607726543,-0.030788566498795467,,0.006201168680671056,-0.1347985738851063,-0.21717310893137032,-0.17137713938501875,-0.1763560161290545
2026-05-28 00:00:00+05:30,334.3467102050781,334.3467102050781,334.3467102050781,334.3467102050781,0,0.0,0.0,340.04790954589845,340.9258947753907,344.61055572509764,,338.83946195203004,341.9066413980755,343.1415041567586,,336.0238888695127,343.6485455202589,333.3892427166693,340.26181914346057,328.9268366755392,339.12866121759123,328.3597030481115,336.94638354586874,335.72289185387655,328.94590754048824,340.29465516216754,341.87811959429456,341.4004305908155,338.21022767353907,333.59604056305966,334.3467102050781,336.881103515625,338.0621895199755,43.74321627907503,-4.3890302805606325,-0.7370123942190441,-3.6520178863415884,31.46755811619006,29.945836595955072,1.521721520234987,55.48561100640667,47.96149191758598,-62.316389455046604,-2.469119536803067,-4.120796944291927,-8.46441650390625,-2597.1061859803644,-15.73787001757455,45.605754668688874,-0.311447143051033,-0.7090675562488034,-0.06715533114268757,0.017353953000904317,-9.895301447763016,-1.8790472456369685,-1.8790472456369685,-1686322.0569548337,-1689915.3107737182,-16.518834431966145,0,1,0,-16.518834431966145,0,0,0,1,0,7.7442826075517415,2.220446049250313e-16,321.6292153971483,340.04790954589845,358.4666036946486,10.832999487246699,0.34523334567648506,324.6565215152647,338.83946195203004,353.02240238879534,322.9787134393496,342.2452201863509,361.5117269333522,7.130452044495005,0.1971620414773763,323.8959229583371,340.04790954589845,357.93835486219234,13293895.0,32.50850226097296,-0.12088733283413249,-81631099.31784798,-1703634.2802104205,-3073875.2596539143,,-14466770.765194837,1012.7882480301776,-27.790336749449562,-7.841995077433651,-19.94834167201591,0.0,-0.6190666172940603,9.209347074375067,84.81207353630062,339.66160583496094,339.66160583496094,0.18963956365342577,-1.3781925343929422,0.6391954762770522,84.81207353630062,327.97584751674106,-0.7184951782226563,3.28935906581573,13.658857421875005,0.0,0.017980252106345018,-0.04120796944291927,-0.03136937277522256,-0.028754897393538315,,0.0,-0.1347985738851063,-0.21717310893137032,-0.17137713938501875,-0.1763560161290545
2026-05-29 00:00:00+05:30,337.1025854756571,338.23445676262384,329.7207770345844,332.3290100097656,10274190,0.0,0.0,339.22852935791013,341.09106750488286,344.3926776123047,,338.2194189099096,341.53104801029866,342.92739536176856,,335.2887555803572,343.311412784352,332.7272768493315,339.589864353883,328.651931684541,338.2164046076902,329.1690308832606,335.00148018729914,335.5596701471412,329.6383702849581,338.42293160073757,340.90100987242755,341.5272518388941,337.75960488671655,333.71759763810445,333.3378601074219,335.2817077636719,335.5277875607517,41.97070040620465,-4.339063250399249,-0.5496362912461286,-3.7894269591531207,35.83989022907342,32.725443784175795,3.1144464448976237,65.93778144670532,56.573374245750045,-62.7450739394815,-2.3709681178961866,-4.699404362361778,-8.070770263671875,-2612.536915558517,-14.613951684492804,41.589246708175565,0.012900986701399997,-0.311447143051033,-0.08051677222659093,-0.0050648163859344664,-9.151667144454441,2.565377517758634,-5.948302210280815,-1664407.644804538,-1686305.0667571966,-14.255081176757812,0,1,0,-14.255081176757812,0,0,0,1,0,7.799239544729435,8.513679728039449,320.9762810668527,339.22852935791013,357.48077764896755,10.761033764232723,0.3109953568973503,323.7655814236859,338.2194189099096,352.67325639613335,322.9787134393496,342.2452201863509,361.5117269333522,6.826128262441049,0.19747579144834324,322.10561458595475,339.22852935791013,358.27646642181975,3019705.0,29.71078801724529,-0.14814631253158475,-85610130.93573943,-2627350.969948679,-5596212.389657317,333.42808126899126,-20666991.83420504,1012.7882480301776,-14.553119222512631,4.316177959602626,-18.869297182115258,2.4041637080251697,-0.7560185724105978,9.126124145528719,83.2861419196023,337.8653564453125,337.8653564453125,0.40949780693606264,-1.2049305932340917,0.6554182349120302,83.2861419196023,327.4092080252511,-0.8193801879882813,3.2933655419787713,13.447574191623263,-0.00603475414510557,0.0020774476839946487,-0.04699404362361781,-0.025379452678834347,-0.01491153273958945,,-0.006053036865493054,-0.1347985738851063,-0.21717310893137032,-0.17137713938501875,-0.1763560161290545
2026-06-01 00:00:00+05:30,334.29744792507705,334.49430813872624,325.7837693261499,326.1774597167969,4076940,0.0,0.0,338.14094085693364,341.0308563232422,343.9885681152344,,337.0725656534227,340.92894650859273,342.5957134678087,,334.04579656691783,342.72656542011333,331.0658556046496,338.48539802333863,326.91307703766273,336.68313519634785,329.40186505602543,333.10851578860206,335.4295096049665,329.0416059693148,336.22897908047275,339.9416681996162,341.694913160366,336.80839574457923,332.7078643481858,329.25323486328125,334.4942932128906,334.2728868175437,37.04246017236252,-4.741189238738684,-0.7614098236684503,-3.979779415070234,29.69986101994875,32.33576978840407,-2.635908768455323,55.35346677855269,58.92561974388822,-85.83895354562563,-0.6892538376562842,-6.251780005955647,-2.2637939453125,-2630.2948058687007,-15.793158218452731,39.185955715861375,0.020955796251590376,0.012900986701399997,-0.09421055944450751,-0.025906928980831998,-8.647364072190337,0.18117454072790906,-8.529364271848408,-1663002.4886112507,-1676588.9775025134,-13.393870035807291,0,1,0,-13.393870035807291,0,0,0,1,0,7.8643323495756405,8.710538812576317,319.4838809360999,338.14094085693364,356.79800077776736,11.035078966511458,0.17938460853691252,322.3361338682534,337.0725656534227,351.80899743859203,322.9787134393496,342.2452201863509,361.5117269333522,6.527006884374846,0.20574634925868643,321.1886285893442,338.14094085693364,357.13802744099183,-1057235.0,30.368305225301487,-0.15804758686658507,-89318539.86417657,-3946333.277530819,-8379539.398479989,328.818512393891,-28213579.912892193,1010.9372058076559,-14.711423657482953,3.326298819705844,-18.037722477188797,1.0028825487455568,-1.2824615658523486,9.328529960416867,87.02147122239512,335.5769958496094,335.5769958496094,0.566304687713686,-0.9649015273680621,0.6898511687486307,87.02147122239512,325.8555079868862,-1.0875885009765625,3.2996099539372516,13.102435031467015,-0.018510422225215817,-0.03156054622746829,-0.06251780005955643,-0.012799580594787252,-0.03986115954542946,,-0.018683883992622108,-0.1347985738851063,-0.21717310893137032,-0.17137713938501875,-0.1763560161290545
2026-06-02 00:00:00+05:30,324.75035659432456,325.1932470586508,315.9413869073248,319.92755126953125,6501043,0.0,0.0,336.5981430053711,340.64386474609375,343.5185891723633,,335.43970714067115,340.1053623815707,342.14683896883287,,332.31118803478427,341.89898482977173,328.5277165373869,336.96635261683485,323.951377332222,334.566578475322,328.4774262861772,331.1079058964801,334.5460710387684,327.4283876599232,334.10369642007123,337.8943611124374,341.3733320781351,335.3272724909178,330.2118724469053,323.05250549316406,331.3693389892578,330.48352792806304,32.82523098209342,-5.5007827611370885,-1.216802676853483,-4.2839800842836055,21.707178234387698,29.082309827803286,-7.375131593415588,28.984403908185193,50.09188404448106,-86.29443781172976,-2.752432467933278,-8.796296376850302,-9.055023193359375,-2593.44661535611,-17.88582680372764,36.247094144385606,-0.32148355660732375,0.020955796251590376,-0.10973683524938549,-0.04525028350077139,-8.46399583880398,-7.064803349566546,-16.31666350089256,-1698841.9301692315,-1673330.708992607,-13.927001953125,0,1,0,-13.927001953125,0,0,0,1,0,8.033742382425388,10.236072809472091,317.25255192490414,336.5981430053711,355.9437340858381,11.49476994004586,0.069137183079612,320.1570168951423,335.43970714067115,350.7223973862,315.9413869073248,338.72655692033845,361.5117269333522,6.389493278025945,0.20869226509671843,319.44143090262895,336.5981430053711,356.06749552924595,-7558278.0,29.69144890416186,-0.20677892584189883,-90217633.52644092,-4413234.634304807,-12986879.993230999,320.35406174516896,-40670272.53567943,1010.9372058076559,-10.725191545903913,5.850024745027907,-16.57521629093182,1.4565909092793188,-1.723451267681551,9.6727955402335,93.5629735631611,334.3467102050781,334.3467102050781,0.5233904608702775,-0.4129633314862052,0.7294305905490136,93.5629735631611,323.7372780936105,-1.5427978515625,3.301266427603246,12.801037055121526,-0.019161067882164762,-0.037174196079699184,-0.08796296376850299,-0.0016728007136876943,-0.05972453266227007,,-0.01934702034060086,-0.1347985738851063,-0.21717310893137032,-0.17137713938501875,-0.1763560161290545
2026-06-03 00:00:00+05:30,320.66572707629985,322.338948902056,317.5161736891727,320.5180969238281,4526029,0.0,0.0,334.9519989013672,340.5542993164063,343.0366986083984,,334.0186014057337,339.33723432440433,341.71854704714957,,330.7797550746373,341.10973903282013,326.4791332901998,335.583317593557,321.77091816492003,332.686859274467,326.8623652021399,329.0743144640011,333.94732488235076,326.01567837664925,332.4651036223479,335.43572769548786,341.41475448072805,334.0600054783488,327.00223145766233,320.2228240966797,330.1636657714844,330.33591094203,33.59453098749112,-5.9861098531447965,-1.361703815088953,-4.624406038055843,14.58800275203263,21.998347335456355,-7.410344583423726,8.30642902998978,30.881433238909217,-84.10260038654671,-2.2072132343034365,-9.314958942470069,-7.23419189453125,-2660.2436073629233,-19.45077133202102,34.23512645546719,-0.7713982288005299,-0.32148355660732375,-0.12579393996318133,-0.06318093571767097,-8.417108280728382,-8.24196529410574,-13.06474050698904,-1757365.2612719103,-1690910.2906062354,-11.67145284016927,0,1,0,-11.67145284016927,0,0,0,1,0,7.804387584600953,4.8227752128833,316.0428674565466,334.9519989013672,353.86113034618774,11.290651500419141,0.11833514089054915,319.2727816192298,334.0186014057337,348.7644211922376,315.9413869073248,338.72655692033845,361.5117269333522,6.232093961108269,0.20524145017186046,318.421946510797,334.9519989013672,353.9776474356095,-3032249.0,21.262305513418607,-0.26578156410533094,-89109233.79356983,-3850363.943952948,-10749779.028887765,320.12440650501895,-39834825.0268402,1011.1217931156116,-10.644188042454786,4.744822598781628,-15.389010641236414,0.9961744373460807,-1.5266594364378039,9.454565722410276,89.38881299937536,333.3378601074219,333.3378601074219,0.5287019133484856,-0.033418161800677894,0.7552403244551137,89.38881299937536,322.43526742117746,-1.6461441040039062,3.3029731112426757,12.274031100802949,0.001845873079556526,-0.04136009973828647,-0.09314958942470064,-0.038157344291696815,-0.028568281160079256,,0.0018441715493943218,-0.1347985738851063,-0.21717310893137032,-0.17137713938501875,-0.1763560161290545
2026-06-04 00:00:00+05:30,320.5181124065125,330.9018741695344,319.9767918090829,329.9176330566406,8844070,0.0,0.0,333.7438446044922,340.6468182373047,342.6256900024414,,333.6280329915344,338.96783819625676,341.484865581991,,330.3002916608538,340.6926148657705,326.45323803606146,335.0062238807518,322.5233667341968,332.02379958107264,325.9178918800519,327.33490398549174,333.91675608036087,326.22325385956515,331.62798788593227,333.39609601956636,341.5955271756153,333.7489793098854,325.1541521240662,325.2178649902344,328.36741638183594,327.7522762651241,44.49110059124767,-5.548313554486015,-0.7391260131441371,-4.809187541341878,29.58991436369589,21.96169845003874,7.628215913657151,33.71567039802726,23.66883444540074,-40.833218710635855,0.4495109484785079,-6.824174444217578,1.47637939453125,-3093.2653269882126,-20.08734327369757,45.76136288309125,-0.9126779769332514,-0.7713982288005299,-0.13843255229653018,-0.07955131516069376,-7.223479543014453,0.41571442187563434,-10.50936793857585,-1788632.006908346,-1727341.4797336466,-9.571741739908854,0,1,0,-9.571741739908854,0,0,0,1,0,8.027294354304562,10.925082360451484,317.0192543383578,333.7438446044922,350.4684348706266,10.022411221368948,0.38561120221882866,318.2056089255639,333.6280329915344,349.05045705750484,315.9413869073248,336.90572400593834,357.8700611045519,5.882266637354164,0.23704116511178744,316.6903223132455,333.7438446044922,352.590513778948,5811821.0,32.699011321239084,-0.14092023480717336,-81858689.0434702,-963074.0643270314,2661640.193256635,326.9320996784193,-13898643.474545788,1011.1217931156116,-3.8363561353412337,9.242123604716145,-13.078479740057379,1.7877413901750276,-0.45755519112468507,8.362295133067198,69.92797989251935,332.3043975830078,332.3043975830078,0.5364913742224516,0.43142074210982617,0.7285638517877763,69.92797989251935,323.41318577357697,-1.208154296875,3.3082077698072685,11.599821641710067,0.029326069956812306,-0.013246958959819977,-0.06824174444217579,-0.002068465964974675,-0.0008090027130658317,,0.0289042870804164,-0.1347985738851063,-0.21717310893137032,-0.17137713938501875,-0.1763560161290545
2026-06-05 00:00:00+05:30,331.49238163636875,341.3347923742259,330.9018610214204,338.4804992675781,11008792,0.0,0.0,332.9810577392578,341.1871661376953,342.4336938476562,,334.0901726368719,338.94872686572035,341.4253731797254,,330.75140162876676,340.6076611806832,328.0168178324637,335.124108107759,325.45776107697804,332.39026480649153,326.51224984965796,326.1101527104607,334.02866652032327,327.5499646387509,331.52617537271254,332.9312616123259,342.4938032873801,334.0684402855506,326.1801465250183,334.1990661621094,329.2040252685547,328.6380896407753,52.188068223619034,-4.4590044654394205,0.2801464607219657,-4.739150926161386,54.60796272682921,32.92862661418591,21.6793361126433,67.04900373136059,36.357034386459205,-11.240292722329814,2.06261403026231,-4.3127437133715505,6.8404541015625,-3636.3871772914204,-18.674960343082375,50.28602907379656,-0.4499946864762294,-0.9126779769332514,-0.1451774632377112,-0.09415507463461524,-4.668926454604562,9.706584123721541,-0.7263472290839559,-1743725.2911462877,-1755760.2929460052,-7.0209197998046875,0,1,0,-7.0209197998046875,1,0,0,0,0,8.269427565967472,11.417159317585288,318.9155351080216,332.9810577392578,347.046580370494,8.448241907051825,0.6954936788522662,317.96185385002525,334.0901726368719,350.21849142371855,315.9413869073248,334.54352625396314,353.14566560060143,5.4576246551766365,0.2586663349482515,315.40711214550913,332.9810577392578,352.0823844423963,16820613.0,46.09454088506853,-0.076850066226241,-76873576.88100106,1891814.2166989297,15748093.457082696,336.9057175544081,14674189.134208784,1011.1217931156116,3.933365019343409,13.609475807520631,-9.676110788177223,1.9705651538714866,0.7819747154090647,7.032761315618104,49.45973172245448,332.3043975830078,332.3043975830078,-0.060641655572564936,-0.4345845013945499,0.5940426890280942,49.45973172245448,326.2920894077846,-0.762786865234375,3.31483949745495,10.654512668185763,0.025954557601555628,0.01851023856638867,-0.043127437133715474,0.07038465439548713,0.025872474450141736,,0.0256234549310193,-0.1347985738851063,-0.21717310893137032,-0.17137713938501875,-0.1763560161290545
2026-06-08 00:00:00+05:30,334.6419592178861,340.941095972304,333.11639759493653,337.9883728027344,11062037,0.0,0.0,332.57998046874997,341.6320428466797,342.3118951416015,,334.4614297955255,338.9110659220739,341.35731376631963,,331.2282887776693,340.48221830480236,329.30238906841413,335.20024816954873,327.8142885500529,332.6829526304167,328.12397549980125,325.33151602819237,334.0554671866994,329.0877737635574,331.27782486024097,332.8708065761011,343.0152860129695,334.33567034693056,329.3598138226321,338.23443603515625,329.2040252685547,328.6380896407753,51.74399027749512,-3.5940002593598592,0.9161205334412212,-4.5101207928010805,78.24939563920084,54.149090909908644,24.100304729292198,97.53203691696626,66.09890368211802,-13.1783016494318,0.35067273586075876,-2.3182992706066905,1.18109130859375,-4003.043608007887,-16.101455468783172,51.70824311196153,0.12260855597397996,-0.4499946864762294,-0.14748161917023106,-0.10672870825827957,-2.6916188033473603,8.404292785766813,0.5795944083993163,-1665573.548793851,-1747942.2343625047,-3.969777425130209,0,1,0,-3.969777425130209,1,0,0,0,0,8.237661195353189,7.824698377367497,319.66862567749575,332.57998046874997,345.4913352600042,7.7643607850698,0.709443254461875,318.3787226307847,334.4614297955255,350.54413696026626,315.9413869073248,332.0091242947393,348.07686168215383,5.1184338798894276,0.2477736754066457,314.8480810541082,332.57998046874997,351.4372308345887,5758576.0,55.123887246303944,-0.013801076202371362,-74160266.27971126,3751066.0487382114,12720662.797102204,337.34862212332496,13065847.981746351,1011.1217931156116,9.288591323793089,15.17176168957625,-5.883170365783161,1.743722925844419,0.8377730178474988,6.455677395627115,41.67577063641088,332.3043975830078,332.3043975830078,-0.32446481232481467,-0.470302652918541,0.4296584351005511,41.67577063641088,328.52490539550786,-0.4010772705078125,3.3177090802861646,9.52690199110243,-0.0014539285598687002,0.03621008360354616,-0.02318299270606694,0.036865777446902115,0.0202120804713799,,-0.0014549865396062834,-0.1347985738851063,-0.21717310893137032,-0.17137713938501875,-0.1763560161290545
2026-06-09 00:00:00+05:30,338.825001345599,347.2402508022656,338.03762047405473,346.5513000488281,6850589,0.0,0.0,332.9613739013672,342.1123522949219,342.20927429199213,,335.61284601012574,339.21068294665247,341.46016497983464,,332.55889064243866,340.6751303519454,331.9869000226157,335.9332547962724,332.02760907992814,333.93107066073594,331.17532206745886,325.19699195754964,334.8963463123093,331.91330863298793,331.6066011831237,333.441267770996,343.47694562892275,335.0915428555705,334.18077821040856,342.26983642578125,333.2394256591797,331.5908188547952,58.38017479735744,-2.192250628020986,1.8542961318240758,-4.046546759845062,91.12673503754067,74.66136446785691,16.465370569683756,99.23551502192122,87.93885189008267,-2.2012005156163417,4.295029529366989,2.2506170850785483,14.271514892578125,-3914.2804461270816,-10.688417297276601,57.9357274287347,0.6853634266523139,0.12260855597397996,-0.14344098001730643,-0.11688289474979241,-0.2352336070722546,12.701376635401118,3.498746307190231,-1613736.9103285626,-1703494.4328528643,1.287709554036458,0,1,0,1.287709554036458,1,0,0,0,0,8.310105252794479,9.251877999531246,318.86479854854866,332.9613739013672,347.05794925418576,8.467393792647169,0.982029351360991,319.29956276592577,335.61284601012574,351.9261292543257,315.9413869073248,331.5908188547952,347.2402508022656,4.71689418264677,0.25308311019016794,314.91493957151897,332.9613739013672,351.3195366356241,12609165.0,61.372381196226584,0.08026799783557094,-68335409.76807873,6024026.5020248,19283581.711786196,343.94305710838285,30421798.635743394,1013.6552906957462,8.3115168531117,11.35574977511589,-3.044232922004189,1.0320812732841433,1.9281174054439651,7.048287676409269,49.67835916942278,332.3043975830078,332.3043975830078,-0.01702404041164733,-0.33107233053055823,0.19887612750344594,49.67835916942278,331.75392412458143,0.3813934326171875,3.326669266395153,8.664162597656249,0.025334975801346582,0.08321805569307483,0.022506170850785434,0.06744402749197875,0.04484409815640911,,0.02501936486088381,-0.1347985738851063,-0.21717310893137032,-0.17137713938501875,-0.1763560161290545
2026-06-10 00:00:00+05:30,346.45286722630726,349.20873029185464,342.3190425913315,343.30328369140625,4341800,0.0,0.0,333.0721008300781,342.7097863769531,342.1088436889647,,336.34526864643817,339.37117709350554,341.49666238006375,,333.54383443196616,340.72183354396446,333.72731894773557,336.3764757959992,334.6761475942249,334.7244482106958,334.4723016753753,325.5198089084736,335.17984877463323,333.85107516105904,331.6426500931452,333.5000627879523,344.2290023095448,335.6239565742697,338.40014831809344,344.9272918701172,333.2394256591797,332.57505859958974,55.2750651137374,-1.328131844196264,2.1747319325190384,-3.5028637767153024,88.95633848373198,86.11082305349116,2.845515430240823,95.18527500304685,97.31760898064476,-17.751482383755857,2.678828058704222,0.6492558332459499,8.956573486328125,-3778.5173967291566,-4.662111776850168,59.29823157203776,1.2122310846359148,0.6853634266523139,-0.13589436956785717,-0.12452056568592236,1.740306204596171,13.417797621484112,6.528109920960958,-1597385.9508719677,-1649955.360043847,5.78241475423177,0,1,0,5.78241475423177,1,0,0,0,0,8.20864685620367,6.8896877005231545,318.6751380627386,333.0721008300781,347.46906359741763,8.64495268829757,0.8553243495405248,320.273309958729,336.34526864643817,352.41722733414736,315.9413869073248,332.57505859958974,349.20873029185464,4.308891490879991,0.2549312474841519,315.40216462871723,333.0721008300781,351.2900335878418,8267365.0,61.24872800849694,0.051986718669968984,-71436695.4823644,5419462.460003421,14514178.978580412,344.9436855248641,26352491.315682173,1012.718050997911,4.50785224407266,6.041668132861479,-1.5338158887888194,0.6433679299061176,1.4212973981621015,7.198481383669747,51.818134231039906,332.3043975830078,332.3043975830078,0.02199067037607421,-0.40379912497490866,0.005493584332539251,51.818134231039906,334.4873016357422,0.1107269287109375,3.3317901380991457,8.169198608398437,-0.009372396978352793,0.0710886124255039,0.0064925583324595415,0.025270009916974034,0.04079336452436433,,-0.009416594264022428,-0.1347985738851063,-0.21717310893137032,-0.17137713938501875,-0.1763560161290545
2026-06-11 00:00:00+05:30,343.00802897217505,344.0414701294521,330.4097547003411,331.5416259765625,5830091,0.0,0.0,332.50862579345704,343.3347796630859,341.8619049072266,,335.88777886835476,339.0641358732333,341.29953294633106,,333.3980749221075,340.2838664694393,333.10523838935785,335.8918734541911,333.81478693496285,334.13403332409064,336.372255748402,325.8740529435463,335.1476124401741,333.5561386641353,330.76831147697715,332.9436466447707,346.15741946615617,335.31773224246064,339.8566074644133,337.4224548339844,333.2394256591797,332.57505859958974,45.779558025875005,-1.5742321948716267,1.542905265474941,-3.1171374603465676,75.64695646726932,85.24334332951398,-9.596386862244657,79.51377944891506,91.31152315796105,-53.10644769881981,-0.8389746759569046,-3.2873789251270895,-2.805084228515625,-4003.8280463576148,-1.3994991822540896,52.67001801005836,1.2710733478834166,1.2122310846359148,-0.1299057012159377,-0.13000822446251645,1.8635135026763439,8.857581272482662,-4.774134156628293,-1603953.1728018743,-1615295.4073327975,6.979914347330728,0,1,0,6.979914347330728,1,0,0,0,0,8.59600889712562,13.631715429110955,318.85356545317836,332.50862579345704,346.1636861337357,8.21335705664414,0.464591887813115,318.7499656882158,335.88777886835476,353.0255920484937,315.9413869073248,332.57505859958974,349.20873029185464,4.127639818581966,0.28294652723584407,314.63118969106165,332.50862579345704,351.74936031230766,2437274.0,54.8623107185512,-0.016720360566037738,-76298615.95753601,3132487.704348862,2644791.2975844797,335.3309502687852,6378451.437278401,1012.718050997911,3.208704594965024,3.794016387003075,-0.5853117920380508,0.7952049101268119,-0.1416324487475397,6.827530170139352,46.615168224163085,331.9599151611328,331.9599151611328,0.13114118826851998,0.03360855308228803,-0.1470875538952736,46.615168224163085,335.1769731794085,-0.5634750366210938,3.3300199835459874,8.02648213704427,-0.03426025404818511,0.004922419286522484,-0.032873789251270935,0.025986344806848694,0.02641295091989715,,-0.034860895196681105,-0.1347985738851063,-0.21717310893137032,-0.17137713938501875,-0.1763560161290545
2026-06-12 00:00:00+05:30,335.8722367802897,343.2540441820544,334.54350544064187,342.5650634765625,2634728,0.0,0.0,332.6168899536133,343.84559997558586,341.7252005004883,,336.5237107358031,339.2014271517952,341.32459295683066,,334.3558308919271,340.2536815209482,334.5815410396401,336.28547448741216,335.9838490034658,334.8428276561057,338.3842591600294,326.53563275683064,335.3324173685316,335.9748556710108,331.09583685985,332.95584221210675,346.9616378381352,335.792962275973,340.2208755891322,337.0533447265625,333.2394256591797,332.57505859958974,53.79159694323479,-0.8697433562854258,1.7979152832489138,-2.6676586395343396,69.72384461064404,78.10904652054845,-8.38520190990441,73.52853462728243,82.74252969308145,-19.970536085492196,3.0800962776304375,0.6361000589911262,10.236053466796875,-4043.8348856819953,0.1596487302340961,57.14361738271758,1.2458328142722024,1.2710733478834166,-0.12130907696090709,-0.1330191708532275,2.782588158272039,7.015701808000188,-1.6948369334123186,-1598101.289999396,-1602419.4079459403,8.193796793619791,0,1,0,8.193796793619791,1,0,0,0,0,8.818609562008923,11.712418205491872,318.6672406953259,332.6168899536133,346.56653921190065,8.387817744452354,0.8565743245135391,318.78713343844083,336.5237107358031,354.26028803316535,315.9413869073248,332.57505859958974,349.20873029185464,3.9283598467624508,0.30708542998920657,314.14999279562585,332.6168899536133,351.95713648661183,5072002.0,54.406901827474115,0.01715894470691737,-74080688.06832337,2617839.8413897455,6416072.460429554,340.12087103308625,15138666.4938195,1016.0429540074592,-2.0061697906102265,-1.1366863988577405,-0.869483391752486,0.40116986815253197,1.426297298054155,6.97482462914369,48.64817860730941,331.9599151611328,331.9599151611328,0.1618552023308405,-0.07933752184590123,-0.3810287745212065,48.64817860730941,337.8337127685547,0.10826416015625,3.334514838589122,7.821430460611979,0.033249030095482635,0.012067354597451674,0.006361000589911292,0.057069980633079664,0.06514497658282625,,0.0327082357162882,-0.1347985738851063,-0.21717310893137032,-0.17137713938501875,-0.1763560161290545
2026-06-15 00:00:00+05:30,348.1260888575493,348.86426968206774,344.9765053249422,346.30523681640625,3911854,0.0,0.0,333.5100891113281,344.3780749511718,341.61530395507816,,337.4552846482415,339.4800079229565,341.42321956791136,,335.6594829740979,340.35013786764705,336.5409360820145,336.9460623784885,338.7396243097037,335.9270163812693,340.72531274176265,327.5150229887253,336.0458577153401,339.4708620226556,331.981766482457,333.70967580913873,347.62045889751886,336.4567340516306,340.53005674289244,344.4351501464844,333.2394256591797,332.57505859958974,56.15872908090479,-0.009520400296878506,2.126510591389969,-2.1360309916868476,72.73175248624554,72.70085118805297,0.0309012981925747,74.68116739318398,75.90782715646048,-8.727758756951365,6.170805645823991,5.4390192934395545,20.127777099609375,-3658.9685411654395,2.8624066214811137,55.04112433240906,1.4799087458692168,1.2458328142722024,-0.10967820140828088,-0.13301265598199366,4.272762628347664,11.187799530534676,7.300035173409128,-1571956.0369272365,-1595575.152233624,8.398849487304686,0,1,0,8.398849487304686,1,0,0,0,0,8.638652179401518,6.299206205505243,318.44326113356794,333.5100891113281,348.5769170890883,9.035305659212458,0.9246131874593905,320.2080563876747,337.4552846482415,354.70251290880833,315.9413869073248,332.57505859958974,349.20873029185464,3.567150802640658,0.2776124072636871,315.97908148121263,333.5100891113281,351.473260222643,8983856.0,59.19526721115298,0.046063408803405675,-75318612.72366902,1775431.5215337873,7589635.257534066,346.7153372744722,19409683.4771851,1016.0429540074592,-4.608580433549055,-2.9912776334372553,-1.6173028001118,0.597129036264777,1.6984527498375603,7.533413988880092,56.752326327854256,332.3043975830078,332.3043975830078,0.09206513340278265,-0.3862979711006787,-0.4032371405636323,56.752326327854256,339.9582706996373,0.8931991577148437,3.343303615325051,7.76729736328125,0.010918140051662473,0.024606953028310175,0.05439019293439551,0.05199830200393385,0.06702913421802581,,0.010858967473955311,-0.1347985738851063,-0.21717310893137032,-0.17137713938501875,-0.1763560161290545
2026-06-16 00:00:00+05:30,347.4371084518844,353.09649477935847,346.8465577842953,350.93115234375,3407173,0.0,0.0,334.6075180053711,344.94893554687496,341.5603344726563,,338.7387006192423,339.92907241004644,341.6114954644626,,337.31863185337613,340.607121294807,339.072618747371,337.9259513941342,342.19129224826867,337.45687586541834,343.7510508060868,328.85872452949405,338.03538258416216,343.4587997122762,333.1108564074709,334.369142031093,348.1545762513902,337.3303132685129,342.261288889636,348.6181945800781,335.4293518066406,334.5189408433416,58.959060825791504,1.033570851166587,2.5356814742827476,-1.5021106231161607,88.49128641483652,76.98229450390869,11.508991910927833,91.11714792539456,79.77561664862031,-5.8278459130468585,9.690819359317686,6.671653632929784,31.00360107421875,-3281.922034939759,4.6097230413730585,54.14688917204986,1.8260596720787432,1.4799087458692168,-0.09450828299452096,-0.12953647187436473,6.214978387313004,13.526498600365812,7.276561605302675,-1525390.4428990982,-1578243.044925706,9.90802001953125,0,1,0,9.90802001953125,0,0,0,1,0,8.50669544965514,6.791257962952216,317.82907160633164,334.6075180053711,351.3859644044106,10.028732467852166,0.9864465383193461,321.84049258102425,338.7387006192423,355.63690865746037,315.9413869073248,334.5189408433416,353.09649477935847,3.2524572475184224,0.280110737035815,316.74959122425236,334.6075180053711,352.735890559352,12391029.0,63.23143802627006,0.06330710917593911,-74272326.33362588,1602316.3764670044,8757015.147178683,350.29140163580126,23960955.825804606,1017.3787453948116,-7.4717347770601155,-4.683545581558652,-2.788189195501463,0.545871173286104,1.945786153277386,8.389223199519728,70.37906589136001,333.3378601074219,333.3378601074219,0.16086901121432523,-0.39714932515873996,-0.40520757949951525,70.37906589136001,342.74085954938613,1.0974288940429688,3.355967757453264,7.772218831380209,0.013357913873523586,0.01263839522259702,0.06671653632929786,0.03434956612736051,0.07426923601154711,,0.013269483567851507,-0.1347985738851063,-0.21717310893137032,-0.17137713938501875,-0.1763560161290545
2026-06-17 00:00:00+05:30,351.8661952002123,354.32679796385014,348.716611648094,353.09649658203125,2690056,0.0,0.0,335.87472839355473,345.52766967773437,341.63488098144535,,340.10610975855553,340.44544198541837,341.838921229167,,339.07948695591523,340.9266334922641,341.64540585766963,339.01699452293843,345.5576429036591,339.1184514486464,347.20761500370963,330.5447794341219,340.13136446795505,346.5841864165758,334.2979548407104,335.07675412506273,348.8075492232615,338.268407316721,345.3264746304807,352.0138244628906,336.51202392578125,335.1340924355875,60.23930911565102,2.0117630147553314,2.8110989102971935,-0.7993358955418624,94.07975592938925,85.1009316101571,8.978824319232146,97.10239274702718,87.6335693552019,-3.2051275418340075,10.164293364672465,7.732732502050553,32.578399658203125,-3001.056954285344,5.754773681879044,55.2971090138085,2.217826885240979,1.8260596720787432,-0.07640512961594181,-0.12264453602096603,8.392049826147366,12.824444584423418,7.214258268667265,-1476155.289892773,-1544824.923257473,11.909317016601562,0,1,0,11.909317016601562,0,0,0,1,0,8.299801940090928,5.6101863157561525,317.5218483948122,335.87472839355473,354.22760839229727,10.928407794490512,0.9691843511660426,323.74864794954755,340.10610975855553,356.4635715675635,315.9413869073248,335.1340924355875,354.32679796385014,3.1252038239670235,0.2790427683576219,318.1471859047306,335.87472839355473,353.85051742023563,15081085.0,64.43916027192918,0.06355537728850442,-72762116.92969176,1866352.5932399184,8338141.163332287,352.0466353979918,25620796.287773114,1017.9957736135433,-10.948271691138203,-6.528065996509392,-4.420205694628811,0.44404145907335263,1.876737404664168,9.176439999371281,84.2070510620612,334.3467102050781,334.3467102050781,0.16222711888162736,-0.4446297932401275,-0.35367559766188944,84.2070510620612,345.48900408063616,1.2672103881835937,3.367231766709485,7.760736083984375,0.006170282187316856,0.028526417764847434,0.07732732502050554,0.08646289899010107,0.0648869382056727,,0.006151323941365065,-0.1347985738851063,-0.21717310893137032,-0.17137713938501875,-0.1763560161290545
2026-06-18 00:00:00+05:30,354.12991283910213,359.1003480943108,348.1752665842655,353.0472717285156,4640982,0.0,0.0,337.10502929687505,345.84361145019534,341.73878997802734,,341.3386013747422,340.9396313871085,342.06086876380755,,340.71496727353053,341.2215198471967,343.8464093076334,340.04201089733,348.2623249607555,340.64949934874295,350.2839296137822,332.4818091101093,341.4649816052877,348.58703001399266,335.5292022267058,336.1660563413639,349.11545239303433,339.15807403581755,348.51912409531155,353.07188415527344,336.51202392578125,337.52086750081776,60.19333985466454,2.751300043329252,2.840508751096891,-0.08920870776763956,92.31398408772117,91.62834214398231,0.6856419437388581,99.94410504369017,96.0545485720373,-14.025074281955574,7.010731271797187,7.49175622491083,23.129638671875,-2736.2281473011917,8.892471679411585,51.395260900732744,2.625942408524547,2.217826885240979,-0.05667747292225078,-0.11281120376369265,10.187761544359804,15.948720665014207,5.023639154968919,-1421482.723755958,-1499421.7043778228,16.346603393554688,0,1,0,16.346603393554688,0,0,0,1,0,8.487321909373382,10.925081510045288,317.5882302607248,337.10502929687505,356.6218283330253,11.57906132510564,0.9084235945175065,324.45802516467876,341.3386013747422,358.21917758480566,315.9413869073248,337.52086750081776,359.1003480943108,3.0164700792904866,0.27932871661774356,318.6586331977085,337.10502929687505,355.66608855771415,10440103.0,74.75775048345956,0.09337094324248565,-73263836.78183828,1645060.8568512946,7114342.188696439,353.44096213569736,25556096.79023347,1017.9957736135433,-10.575929246736406,-4.924578841686076,-5.65135040505033,0.8231887621899723,1.6336943780700242,9.758399518075134,95.22636115436902,335.5769958496094,335.5769958496094,0.05684358444495136,-0.6176012351626037,-0.269653417588497,95.22636115436902,347.9348432268415,1.2303009033203125,3.3718650182608707,7.726287841796875,-0.0001394090680369997,0.06486559776199385,0.07491756224910828,0.08532521987196362,0.03497865790133603,,-0.00013941878638435283,-0.1347985738851063,-0.21717310893137032,-0.17137713938501875,-0.1763560161290545
2026-06-19 00:00:00+05:30,349.6024613905656,352.3091244980648,347.2402586492417,349.7500915527344,2926136,0.0,0.0,338.010531616211,346.01191711425787,341.70956878662105,,342.1396956774081,341.28513962889775,342.2131306012121,,341.9192589169457,341.3747151453355,345.1334643667216,340.754678841614,349.5684954039285,341.6911054992901,352.3646715846207,334.52539953230576,341.80674553439417,349.81796147006327,336.922524862653,336.74811723316395,349.27546757057786,339.8270768564149,350.4885101093268,351.398681640625,336.51202392578125,337.52086750081776,57.05277858252468,3.036332629547644,2.500433069852227,0.5358995596954172,87.03503498271802,91.1429249999428,-4.10789001722479,96.069537971981,97.70534525423278,-21.66469322805632,3.329465747522231,5.460753805425712,11.26959228515625,-2560.3322187595813,11.093708008778492,54.45517315251228,2.366380418661711,2.625942408524547,-0.03745681944175017,-0.10058622601608366,11.069815752508632,8.21485933684852,3.145993488025397,-1339672.4167393139,-1443389.8144893122,21.34162902832031,0,1,0,21.34162902832031,0,0,0,1,0,8.295871278651992,5.807013079273929,317.8901898757285,338.010531616211,358.1308733566935,11.905156708742936,0.7917336118825253,325.7606956627271,342.1396956774081,358.5186956920891,315.9413869073248,337.52086750081776,359.1003480943108,2.7352492808777744,0.2820155841197393,319.705917395194,338.010531616211,356.6026501983983,7513967.0,75.64465719042931,0.06692950188508077,-73292238.79876216,1395944.426866427,4719722.217334113,349.7664915666803,22823318.949010298,1017.0618533032012,-13.044172267025905,-5.914257489580459,-7.129914777445446,0.6058823848526008,1.166934447530101,10.060170870241254,101.20703793845068,337.3978271484375,337.3978271484375,-0.12349521557297326,-0.7905586289059865,-0.1942184741188379,101.20703793845068,349.7367135184152,0.9055023193359375,3.36967294854296,7.593416341145834,-0.009339203103420957,0.02097419977172743,0.05460753805425722,0.12292623679174541,0.02372320786306137,,-0.009383086900898199,-0.1347985738851063,-0.21717310893137032,-0.17137713938501875,-0.1763560161290545
2026-06-22 00:00:00+05:30,349.75005069245725,364.9073563163382,349.75005069245725,364.02154541015625,9413420,0.0,0.0,339.3712448120118,346.40659790039064,341.86977050781246,,344.22368136624124,342.17676338502554,342.644980399409,,344.3964983258929,342.08097507850795,348.8178400893263,342.5237631001894,354.2784591535449,344.2665174305043,355.10589178176156,337.03813860600013,344.00191702556026,352.83451664162715,339.35930884284005,339.0783841619207,349.8091114462744,341.1396140354551,352.89930939408964,356.8858184814453,342.2698211669922,341.21176500275544,65.45437950529067,4.363510232680596,3.062088538388143,1.301421694292453,87.48036180337941,88.94312695793953,-1.4627651545601168,96.069537971981,97.3610603292174,-1.8691470798498533,7.70238703525344,8.080069942457307,26.033172607421875,-2184.678608402199,12.927139966292032,67.84437372818921,2.456513954335337,2.366380418661711,-0.014256055775818677,-0.08623234554480724,13.293236809932228,17.966336833844764,2.8090312099637913,-1239528.0158350847,-1372998.9311197335,25.655888875325516,0,1,0,25.655888875325516,0,0,0,1,0,8.785973731882633,15.157305623880973,316.15134436098725,339.3712448120118,362.59114526303637,13.68407064887703,1.0308011688107124,326.51748028174296,344.22368136624124,361.9298824507395,315.9413869073248,340.4243716118315,364.9073563163382,2.0733510386790295,0.30894678051989843,319.4662682011221,339.3712448120118,358.9220261629286,16927387.0,84.20563635939823,0.14264578398455818,-64979081.643279,3812224.5798112005,23237360.353505272,359.5596508063172,61234513.80363017,1017.0618533032012,-4.354929565009889,2.2199881699484463,-6.574917734958335,2.0180192741504466,2.123204675242851,11.609950225512268,134.79094423887236,338.23443603515625,338.23443603515625,0.18479429488759777,-0.3899897612961064,-0.048674577694910834,134.79094423887236,354.44700535365513,1.3607131958007812,3.373967238514035,8.19380391438802,0.04080471800325469,0.051158073024296424,0.08080069942457313,0.15289894945225435,0.05848406140991491,,0.03999418126051016,-0.1347985738851063,-0.21717310893137032,-0.17137713938501875,-0.1763560161290545
2026-06-23 00:00:00+05:30,365.15340686729,365.4486671492877,355.45862711968266,356.1968078613281,5760725,0.0,0.0,340.56709594726567,346.69990112304686,341.9266854858398,,345.3639791276781,342.7265690507629,342.9133334184569,,345.9989329020183,342.4649048808977,350.55229689938835,343.5882055931974,356.03042947767557,345.75707160734817,357.30279431363715,339.60956156077395,344.30705793755106,354.3826895358769,341.1350742570149,340.197082219434,350.06657050757565,342.0444805725692,354.70373121645434,360.1091766357422,346.96958923339844,342.7127294791853,58.67672972717382,4.729399544827743,2.742382280428232,1.987017264399511,85.37327548347113,86.62955742318951,-1.2562819397183773,85.34841373215639,92.49582989203947,-20.346333241680426,2.7832842673338622,7.197856677869066,9.6455078125,-1991.0765432961834,14.741319990526051,57.7072442112525,2.7145819696038833,2.456513954335337,0.008407123637166336,-0.07019884629980463,14.33900734540007,17.18539218410359,7.195352154498551,-1163831.0127385266,-1290619.1002738802,26.61551920572916,0,1,0,26.61551920572916,0,0,0,1,0,8.871978467434234,9.99004002960504,316.439202006142,340.56709594726567,364.69498988838933,14.169245489798982,0.8238930001972349,327.4412181408263,345.3639791276781,363.28674011452983,315.9413869073248,340.69502702830624,365.4486671492877,1.4805845531895971,0.3163566906271871,320.49658197067896,340.56709594726567,360.44445278914407,11166662.0,82.38517114729791,0.12023945351217008,-69888467.46139115,2892059.6475428194,13478285.843579821,359.0347007100995,48851685.97810024,1014.912327362364,-3.3353119385354124,2.591684637138339,-5.926996575673751,1.2645102675298936,1.2955720007889395,12.06394697056183,145.53881650852793,340.5227813720703,340.5227813720703,0.0036770346970886763,-0.6560987224567065,0.12679167130160926,145.53881650852793,356.86260681152345,1.1958511352539063,3.3697043380875344,8.792549506293403,-0.021495259408372935,0.015004810722589301,0.07197856677869074,0.1043635383741699,0.03907798325952938,,-0.021729647403907405,-0.1347985738851063,-0.21717310893137032,-0.17137713938501875,-0.1763560161290545
2026-06-24 00:00:00+05:30,356.4428889187957,359.5924722816927,354.8680972373472,357.91925048828125,5365537,0.0,0.0,341.7457229614258,346.91643371582035,341.8703305053711,,346.5597192572593,343.3223604796852,343.21048029112666,,347.65151904878167,342.9048793658088,352.3357716441421,344.72263441294956,357.8239372001294,347.32396121381333,359.25519782392485,342.2049394741934,344.90753710745696,357.23165958007917,342.94927712201246,341.19651763803273,350.2507410489957,342.99021570304836,356.3762503026602,357.0580291748047,347.7815856933594,347.9292109248144,59.6667927487024,5.099571499858598,2.49004338836727,2.6095281114913282,85.43193049223687,86.0951892596958,-0.6632587674589274,79.41757755002763,86.945176418055,-21.488728201759066,4.257450333627809,7.0503281664546495,14.615966796875,-1880.438887198853,15.868561924629262,57.34533839827372,2.5652797655599913,2.7145819696038833,0.030554441878316574,-0.05236994151155416,14.37748451108826,9.949772241780465,5.225397197434916,-1141798.9417029186,-1214698.2359315758,26.836975097656243,0,1,0,26.836975097656243,0,0,0,1,0,8.575721080070757,4.72437504434555,316.6150817803139,341.7457229614258,366.87636414253774,14.707216209373604,0.8217889947633207,329.4440069273752,346.5597192572593,363.6754315871434,315.9413869073248,340.69502702830624,365.4486671492877,1.4470565095697536,0.3162370525688768,321.60212817740273,341.7457229614258,361.7345516572408,16532199.0,74.83588829345736,0.11666530741847955,-68323531.96211265,2750648.0479723066,12873077.815253302,357.45994000244036,51446271.17407206,1015.3958922312619,-3.085205695574425,2.273432704079462,-5.358638399653887,1.1518798063627294,1.2871559790532825,12.565320590555958,157.88728154344952,342.9341735839844,342.9341735839844,-0.14927494323213375,-0.8344454057222845,0.2944036478834858,157.88728154344952,359.46311122349334,1.1786270141601562,3.3678576722913265,9.418526543511287,0.0048356486889789,0.013658458673292406,0.07050328166454656,0.14193742365288808,0.05762188471402774,,0.0048239944951478575,-0.1347985738851063,-0.21717310893137032,-0.17137713938501875,-0.1763560161290545
2026-06-25 00:00:00+05:30,360.3306649970529,362.2007170396551,354.32678840835825,358.90350341796875,6473908,0.0,0.0,342.97356262207035,346.9252917480469,341.8450054931641,,347.73531774875545,343.9333856929512,343.52123322433147,,349.2855933779762,343.37496053059897,354.0249066387173,345.8658103631471,359.45501802549165,348.876406428872,360.9804517090372,344.7800948321411,347.102293099045,358.9469247019168,344.64408828075403,342.14751566189875,349.8482949999413,343.9383023148834,357.547148507889,358.411376953125,347.7815856933594,347.9292109248144,60.25282438913839,5.40999339064291,2.2403722233212653,3.169621167321645,79.82841284971997,83.54453960847599,-3.716126758756019,70.60503657120302,78.45700928446234,-18.67970000740057,8.252923704772,7.344709088906014,27.36187744140625,-1809.351576280441,16.67433936529386,56.62005081692588,2.3366796437251383,2.5652797655599913,0.05193503247920006,-0.03312059601820892,14.128251890180973,11.235045088591903,3.3611164572950543,-1157293.7613981639,-1168013.6143526898,24.409169514973954,0,1,0,24.409169514973954,0,0,0,1,0,8.525593048015478,7.873928631296849,316.9802412729366,342.97356262207035,368.9668839712041,15.15762389987844,0.8064237267321994,330.7498773300419,347.73531774875545,364.720758167469,315.9413869073248,340.69502702830624,365.4486671492877,1.4950483416878457,0.31599485894796064,321.8223918932627,342.97356262207035,363.9232975309249,23006107.0,73.50711426870767,0.11912689243940949,-67271531.7905123,2777466.2620233595,11944347.115292452,358.47700295532735,53226550.63845811,1015.3958922312619,-1.2334346174801745,3.3001630257389696,-4.533597643219144,1.3708785472224714,1.2256949069287963,12.996660674566883,168.9131886898333,344.80426025390625,344.80426025390625,-0.3054551382466206,-0.8952195691837448,0.4395678909704457,168.9131886898333,361.90965488978793,1.2278396606445312,3.371474453001571,10.026460774739583,0.0027499301262638998,0.016587670146213318,0.0734470908890601,0.19518185376028185,0.04447969891971559,,0.0027461559859124737,-0.1347985738851063,-0.21717310893137032,-0.17137713938501875,-0.1763560161290545
2026-06-26 00:00:00+05:30,358.90350341796875,358.90350341796875,358.90350341796875,358.90350341796875,0,0.0,0.0,344.30228729248046,346.75501831054686,341.9275427246094,,348.7989544791567,344.52044913314796,343.82583263410646,,350.80273059663324,343.8446943215763,355.4518728975805,346.94113378823107,360.69355753517516,350.30277979764276,362.06133675843597,347.2820699226299,348.30214124479164,360.1426242559753,346.06979953804984,343.0623695146089,348.9425582803074,344.8398026734781,358.1434057014255,358.90350341796875,347.7815856933594,347.9292109248144,60.25282438913839,5.591549078401044,1.9375423288635192,3.6540067495375252,80.38395726114659,81.8814335343678,-1.49747627322121,72.56951478851283,74.19737630324782,-18.67970000740057,4.769441394751011,7.99644105924494,16.33843994140625,-1797.5667469558593,18.210618438896233,55.343652164417236,2.162320202843315,2.3366796437251383,0.07202767673635257,-0.01293105400213854,14.373293678028027,6.8038555430619,6.8038555430619,-1170844.293357275,-1155476.7853829945,21.489252726236977,0,1,0,21.489252726236977,0,0,0,1,0,7.9166221160143735,2.220446049250313e-16,317.8865945340724,344.30228729248046,370.7179800508885,15.344477067599763,0.7763739012833718,333.4311750527016,348.7989544791567,364.1667339056118,315.9413869073248,340.69502702830624,365.4486671492877,1.5410569787030997,0.31428251501094195,324.12204474806697,344.30228729248046,364.09453045371936,23006107.0,69.12427396061533,0.16631249989436542,-67271531.7905123,2535940.4166784734,10238011.813107817,,53226550.63845811,1015.3958922312619,-9.742554096589572,-4.167165162696342,-5.57538893389323,0.0,1.105495605133488,13.207846379204016,174.44720597665264,346.4282684326172,346.4282684326172,-0.4943514433898212,-0.7756811178893664,0.550459350137069,174.44720597665264,363.80361720493863,1.3287246704101563,3.3686376818407893,10.725490315755208,0.0,0.02617129226356263,0.0799644105924493,0.13210182587162955,0.013517240190628943,,0.0,-0.1347985738851063,-0.21717310893137032,-0.17137713938501875,-0.1763560161290545
2026-06-29 00:00:00+05:30,359.7892815504665,362.151483953625,357.27947904292466,359.1987609863281,10623804,0.0,0.0,345.95335235595707,346.4056121826172,342.02266326904294,,349.78941224174446,345.09606920582166,344.1302470569227,,352.2214423769997,344.33268423043046,356.70484783408824,347.9748717873919,361.6848399492682,351.64484105913783,362.7150074285862,349.68324129840676,349.18632304684036,360.84012381530204,347.6403068822991,345.11923894923007,348.1629547451013,345.7110172453795,358.50154610022264,359.05113220214844,347.7815856933594,347.9292109248144,60.45273619252357,5.693625516389545,1.6316950134816155,4.06193050290793,81.60118539278565,80.6045185012174,0.9966668915682533,73.90107018897469,72.35854051623018,-17.83704380684189,3.7231675409971863,10.123722619644518,12.893524169921875,-1854.4153240864696,18.1994728490547,54.5891658099442,2.1604753999088673,2.162320202843315,0.09057543447947847,0.007633803494972508,13.352291424420182,9.03767706280081,4.165672152100456,-1180038.9761033366,-1163019.0045528554,21.226776123046875,0,1,0,21.226776123046875,0,0,0,1,0,7.699149458491943,4.872004910700355,320.1877197969272,345.95335235595707,371.71898491498695,14.89543742447635,0.757036356472627,334.9572299205326,349.78941224174446,364.6215945629563,315.9413869073248,340.69502702830624,365.4486671492877,1.5812123022175482,0.3031664587102878,326.0724918170672,345.95335235595707,365.08534404725054,33629911.0,71.0054227498726,0.1694464138669072,-69525034.21603104,1489570.8521288335,9223547.05920193,359.54324132762594,54100534.454691194,1015.3958922312619,0.11459702145077363,4.551988764275202,-4.4373917428244285,2.0708466794528477,1.0281454258905083,12.882816279514937,165.9669552917351,348.15069580078125,348.15069580078125,-0.7091202491248052,-0.32653543781450156,0.643929053004742,165.9669552917351,364.7576224190848,1.6510650634765625,3.3643563796622002,11.04536824544271,0.0008226656066254723,-0.013248623562635897,0.10123722619644515,0.12361451766212839,-0.020157888922659684,,0.000822327402748398,-0.1347985738851063,-0.21717310893137032,-0.17137713938501875,-0.1763560161290545
2026-06-30 00:00:00+05:30,359.1987958077636,362.0038588693029,356.78739313604444,358.06689453125,10340613,0.0,0.0,347.860319519043,346.02077392578127,342.01593719482423,,350.57774388836407,345.6047290225051,344.4062202742361,,353.3751130603609,344.7899894205729,357.54781900933096,348.8593497580822,362.10296192515284,352.7464788534133,362.81490244547524,351.9238183284037,349.5411313375256,361.04937797388936,348.9793959793627,347.586318581593,347.67534995607105,346.4779225681115,358.6479168051659,358.63282775878906,347.7815856933594,347.9292109248144,59.22302927847669,5.618423971201764,1.245194774635067,4.373229196566697,80.80529987746728,80.9301475104665,-0.12484763299922008,72.15637818632365,72.87565438793706,-21.067356553355665,2.0333738227121763,11.921243766088551,7.1357421875,-2077.953984538121,17.44943139130544,53.879601275510424,2.1675183233677524,2.1604753999088673,0.1069315064029075,0.02800454083040021,12.182883397239104,8.182468029846461,2.9660022965879875,-1231030.4518931718,-1181681.7920354265,18.126429239908852,0,1,0,18.126429239908852,0,0,0,1,0,7.521814906689553,5.216465733258474,324.6902968846875,347.860319519043,371.0303421533985,13.32145193587515,0.7202538852308483,336.1645378390279,350.57774388836407,364.99094993770024,317.5161736891727,341.4824204192302,365.4486671492877,1.6213015941054696,0.2912607261994772,328.5087664540039,347.860319519043,366.51277007967025,23289298.0,59.30416844293952,0.1278442125239886,-74792929.61858751,-750053.4934666157,6233869.910795258,358.9527155121991,50842117.59726493,1015.0807835566188,6.473718395186406,8.728888110408668,-2.2551697152222614,1.7756642672751375,0.8810155409233937,11.585011317177754,134.21248721913665,350.3406219482422,350.3406219482422,-0.7991610510679947,0.045743087846903126,0.719108254153426,134.21248721913665,364.40470014299666,1.9069671630859375,3.358332832339217,11.208861287434896,-0.003151086746430054,0.00525014999755391,0.11921243766088563,0.11067024333742848,-0.024142645686378694,,-0.003156061874394064,-0.1347985738851063,-0.21717310893137032,-0.17137713938501875,-0.1763560161290545
2026-07-01 00:00:00+05:30,359.24797341763144,365.1042195195113,356.29525034844545,364.2676086425781,7320424,0.0,0.0,350.04779510498054,345.7599499511719,341.9835800170899,,351.88154053162253,346.3366066546649,344.7995150934112,,354.9377120245071,345.50555156632964,359.3674245087788,350.16677175307865,363.9554284929795,354.4544384089653,363.1992642727145,354.14331193249535,350.48027905186996,362.4244796484371,350.7523022970379,349.56794785990763,347.55524225140005,347.51798712547304,359.3900149331809,361.16725158691406,353.4163360595703,349.9960862949648,63.592310279422485,5.990121618796536,1.293513937783871,4.696607681012665,85.75801406650504,82.72149977891931,3.0365142875857316,75.64694956952675,73.90146598160837,-3.821557440287293,3.1637561314493547,13.649622950665146,11.171112060546875,-2399.346307271695,17.55422376809446,52.6327950275845,2.389688997586209,2.1675183233677524,0.12319116949934816,0.0479899455439112,12.187952257520662,9.790511851037422,0.9815426799715965,-1301860.351512334,-1215807.250143771,18.167439778645832,0,1,0,18.167439778645832,0,0,0,1,0,7.613754497002144,8.808969171065826,329.6520356472732,350.04779510498054,370.4435545626879,11.65312836870782,0.8485973044319284,337.1631218829725,351.88154053162253,366.59995918027255,319.9767918090829,342.7127294791853,365.4486671492877,1.135207976889775,0.2936876212948547,330.0562224081175,350.04779510498054,369.0567745233296,30609722.0,67.61305034932849,0.16400796532407638,-68862985.30428751,288723.69183675945,11827867.980353804,361.8890261701783,63519038.33218183,1016.8125030219007,7.207453773170391,7.5700987907141215,-0.362645017543731,1.1644571814683429,1.3943892177277142,10.197879728853673,103.99675096416465,351.9892120361328,351.9892120361328,-0.5275105128361036,-0.6403763829584121,0.8137410551725449,103.99675096416465,364.7175458635603,2.1874755859375,3.3556018277168214,11.43852030436198,0.017317194652819223,0.01773684468112946,0.1364962295066514,0.12372854325541871,-0.012040842272125762,,0.01716896091872231,-0.1347985738851063,-0.21717310893137032,-0.17137713938501875,-0.1763560161290545
2026-07-02 00:00:00+05:30,365.1534135801404,365.1534135801404,361.21644955232216,363.7754821777344,4706399,0.0,0.0,351.7406875610352,345.6251080322266,341.9414862060547,,353.0142968788713,347.0204841261578,345.17527681785316,,356.2451107933408,346.21204302619486,360.81211431523775,351.3575054188132,365.24539104975236,355.96400776501497,363.7656400870451,356.3217166814987,351.264510377896,363.88889804408444,352.49621022051497,351.58502073611197,347.27126394050333,348.4851531838151,360.48451091966723,364.02154541015625,355.2864227294922,355.2125862371149,63.01519839153101,6.173816278619142,1.181766878085181,4.992049400533961,88.97936984097595,85.18089459498275,3.7984752459932025,75.37412199801518,74.39248325128852,-8.172976483429185,3.038746170362271,10.262515770195586,10.72821044921875,-2668.8768922765553,17.90811189475346,59.067545397285,2.712979433024188,2.389688997586209,0.1385429681944217,0.06754547750348586,11.424895335808076,8.63088098177218,4.693916953953931,-1356596.806939558,-1267069.564975651,16.986348470052082,0,1,0,16.986348470052082,0,0,0,1,0,7.351126606346151,3.9369640278182487,332.81230987183494,351.7406875610352,370.66906525023546,10.762688741214077,0.8179034889917091,338.94773447717495,353.0142968788713,367.0808592805676,330.4097547003411,347.9292109248144,365.4486671492877,1.0933865167707735,0.28235317282707106,332.8008130927279,351.7406875610352,370.0543356247817,25903323.0,68.56340931686256,0.12075895020798054,-67451051.24149762,1136682.1338179559,9807294.911444096,363.38178177006563,62883202.63143283,1016.6774027678107,4.407086543336238,3.8157852487039747,0.5913012946322629,0.747866956308918,1.2716139559668382,9.464188844600116,89.57087048625328,353.07188415527344,353.07188415527344,-0.5217019426215145,-0.5940694250663328,0.8456786162290669,89.57087048625328,365.25395725795204,1.6928924560546874,3.353352502903185,11.625525919596354,-0.001351002540900148,0.013574620234597878,0.1026251577019559,0.07865169657734583,-0.0195219688466427,,-0.0013519159676201424,-0.1347985738851063,-0.21717310893137032,-0.17137713938501875,-0.1763560161290545
2026-07-03 00:00:00+05:30,366.1376563017776,366.4821466631554,358.11609806486206,359.3955993652344,7114745,0.0,0.0,352.78644256591804,345.4508966064453,341.90433380126956,,353.6220399728106,347.5057827629843,345.45686736334585,,356.97415001278836,346.7520622941559,361.2270709288016,352.13899210699645,365.06370496826077,356.84942013602324,363.9269848685656,358.29926049279953,351.6588298544721,363.0203985465824,354.069446643776,353.3164697678223,347.22186044487876,349.1740601498398,361.2312843393222,361.5855407714844,357.00885009765625,356.66435222372536,57.97266122331433,5.89798735436483,0.7247503630646941,5.1732369913001355,83.97171461579728,86.23636617442608,-2.264651558628799,56.24765401680499,69.0895751947823,-36.09032222889168,2.7578285311315427,6.179115234973194,9.6455078125,-2854.1636728294116,17.725301306939116,52.18272087192813,2.579119315579441,2.712979433024188,0.15109143012748127,0.08591742038163029,10.130719853291245,9.549175955234887,1.1831273569415544,-1393642.8843698804,-1323597.9421944728,15.977498372395832,0,1,0,15.977498372395832,0,0,0,1,0,7.4236210343423785,8.366048598293332,334.6481460650063,352.78644256591804,370.9247390668298,10.28287616099227,0.6821879138149529,339.30161711445805,353.6220399728106,367.9424628311632,330.4097547003411,348.4459506817483,366.4821466631554,1.1501779496285407,0.27732036375547686,334.361680844408,352.78644256591804,371.09848268783367,18788578.0,61.00414414194741,0.03885139998723293,-72389541.73559515,-191098.40020424128,3954574.303977753,361.3312813644173,54316998.78661318,1016.6774027678107,5.225037964389551,3.7069893358058303,1.5180486285837205,1.0600104365976692,0.728751655259811,9.069148250455875,82.24944998874685,354.6466522216797,354.6466522216797,-0.7610887966798209,-0.016003636357202422,0.8179111084333937,82.24944998874685,365.349564906529,1.0457550048828126,3.350706469636969,11.635914984809029,-0.012040071492119053,0.0013711093443760092,0.06179115234973187,0.052912245026960125,0.004796141995085268,,-0.01211314024717878,-0.1347985738851063,-0.21717310893137032,-0.17137713938501875,-0.1763560161290545
2026-07-06 00:00:00+05:30,359.39561301967444,362.0530758665223,356.5413199850269,359.0019226074219,3202704,0.0,0.0,353.8371200561524,345.1890887451172,341.98606842041016,,354.1344097475355,347.9566117764917,345.7250862790701,,357.5661004929316,347.28347507850793,361.4787246943737,352.8412760807751,364.71407910274604,357.60857542343405,363.61691632423566,360.0597235425026,351.9339084952543,362.9048403377189,355.79520536148334,355.0622518999452,346.9285002933594,349.8022802502953,361.3225809393386,359.1987609863281,357.00885009765625,356.86120265619854,57.52706857978743,5.58326412699688,0.32802170855739554,5.255242418439485,72.28733754599196,81.74614066758839,-9.458803121596432,30.118034808589364,53.91327027446984,-38.87468864970324,-1.3789356333506535,6.217240442455095,-5.019622802734375,-3168.289314136571,16.771025248173203,50.20582982604976,1.789638274487245,2.579119315579441,0.16092027679897036,0.10286332628849741,8.860714678104499,4.8245406015301455,-0.687215279965244,-1454969.0648133536,-1376218.1331574274,14.369903564453123,0,1,0,14.369903564453123,0,0,0,1,0,7.287059237710451,5.5117558814953895,336.91432067688606,353.8371200561524,370.75991943541874,9.565304723586245,0.652598941685657,340.12797842207453,354.1344097475355,368.1408410729965,330.4097547003411,348.4459506817483,366.4821466631554,1.2133294694420265,0.2772468281947372,335.7593656479322,353.8371200561524,371.91793186738994,15585874.0,56.967383605044226,0.013272887718468377,-72732691.70940462,-826092.8466795832,3209516.5281304847,359.19877281965705,53966179.208081886,1016.5678642096013,0.7053087920237355,-0.650191869247988,1.3555006612717235,0.5258190766633799,0.6103957667426277,8.461399689633176,71.59528470772439,357.0580291748047,357.0580291748047,-1.0172995194286298,0.9526757795195994,0.786290737328769,71.59528470772439,365.02406136648995,1.050677490234375,3.3419725899119634,11.70677985297309,-0.0010953855820934333,-0.0005479929228200398,0.06217240442455085,0.04273874666681077,0.025226956942868917,,-0.0010959859553470101,-0.1347985738851063,-0.21717310893137032,-0.17137713938501875,-0.1763560161290545
2026-07-07 00:00:00+05:30,358.2637321820176,360.03535400781715,349.5039930892932,350.6358642578125,4139869,0.0,0.0,354.04134826660163,344.8042504882813,342.0241094970703,,353.8012149389905,348.0616805012494,345.822329407362,,357.2612189883278,347.4970741182215,360.14460934982714,352.8557377252301,362.16623999625796,357.3490302910233,362.1007823148124,361.3542065225185,351.87976491502775,361.04271059387366,356.7739671744368,355.4435803405161,346.0944654188455,349.8612577751524,359.69138064393815,354.8188934326172,357.00885009765625,356.86120265619854,48.92148707140612,4.6056812841956685,-0.5196489073950534,5.125330191590722,47.560645077496915,67.93989907976206,-20.379254002265142,5.531376900143655,30.632355241846,-82.35305388891432,-1.5611997302571476,1.1786319106028087,-5.560943603515625,-3476.5403267794736,15.009954424639488,43.57068915285278,0.8744762500896474,1.789638274487245,0.1654553011366966,0.11785231065053964,6.194199631913379,3.7486288867077633,-6.782732031816181,-1541455.5144786441,-1432546.0366307783,9.908009847005207,0,1,0,9.908009847005207,0,0,0,1,0,7.518795072054272,10.531360918523944,337.3923964000178,354.04134826660163,370.6903001331855,9.405088952517932,0.3977267747519804,339.1227559457593,353.8012149389905,368.47967393222166,330.4097547003411,348.4459506817483,366.4821466631554,1.5724110011635146,0.2797485379318105,336.20308416882926,354.04134826660163,372.6938330358652,11446005.0,52.75081527603899,-0.07293889162405989,-75982685.52635872,-2044852.8941158503,-2196755.2064223,353.3917371183076,44318769.7005811,1016.5678642096013,-1.7440530460719632,-2.4796429658749495,0.7355899198029862,0.6982642002632472,-0.4090929009920778,8.324475933291932,69.29689956395657,357.0580291748047,357.0580291748047,-1.1142421969322036,1.344890200940214,0.6815513087884566,69.29689956395657,363.7009604317801,0.20422821044921874,3.333747535433699,11.31286159939236,-0.023303658902010582,-0.02075318994001263,0.01178631910602812,0.026657024660832862,-0.01731302975583171,,-0.023579482723918223,-0.1347985738851063,-0.21717310893137032,-0.17137713938501875,-0.1763560161290545
2026-07-08 00:00:00+05:30,348.1752639825199,352.8504088699177,341.0395165228075,343.2540588378906,7750983,0.0,0.0,354.0388870239258,344.51291503906253,342.0063656616211,,352.7967238817429,347.87314631837256,345.77147256440213,,356.23385809035534,347.4362822887944,357.62716024927585,352.2980606127665,358.0873878425814,356.2604788906904,359.08015094707525,361.9992143396477,350.7457253492876,357.8581299904393,356.7667717801114,355.05772877207255,345.29385773467607,349.35191513524603,356.18688218990576,346.94496154785156,353.7608337402344,353.76083159298145,42.83295739915895,3.198420433298395,-1.5415278066338622,4.739948239932257,29.15877317113585,49.668918598208236,-20.510145427072388,1.8817445294961888,12.510385412743068,-91.29593794797489,-4.0973464350922875,-0.01433859093520148,-14.665191650390625,-3511.1611349164264,11.778458896977156,40.010650133223514,0.07903779212489997,0.8744762500896474,0.16336949672377532,0.13023391778882576,3.537834789693038,-1.5745067821604266,-13.385399129270638,-1634638.0764897247,-1503521.6865739333,3.8631235758463545,0,1,0,3.8631235758463545,0,0,0,1,0,7.825373448843982,11.810892347110212,337.3832380504357,354.0388870239258,370.69453599741587,9.408937596374551,0.1762411298652849,337.2665195836556,352.7967238817429,368.32692817983013,330.4097547003411,348.4459506817483,366.4821466631554,2.202150159229024,0.28840735393796924,335.66022685492436,354.0388870239258,373.3812768836071,3695022.0,45.56811456174092,-0.08674359673278866,-80827049.90135878,-3898929.4970110804,-10056682.793950872,345.7146614102053,28000915.72399734,1016.5678642096013,1.36542193211893,0.503865609852755,0.8615563222661751,1.2567779369692782,-1.2950354805388593,8.327824486745051,69.35266068203046,357.0580291748047,357.0580291748047,-1.1136455379754417,1.3390993272865772,0.484423393718596,69.35266068203046,360.6238002232143,-0.00246124267578125,3.3221963208893373,10.996155870225694,-0.021052625165845162,-0.057687121517593254,-0.000143385909352034,-0.011059186456694903,-0.028562019468403976,,-0.021277391896266536,-0.1347985738851063,-0.21717310893137032,-0.17137713938501875,-0.1763560161290545
2026-07-09 00:00:00+05:30,343.5985572980161,348.3721324080675,340.25214372818164,346.4528503417969,5543794,0.0,0.0,354.78444824218747,344.46763977050784,342.0522909545898,,352.19254544936706,347.81744843693826,345.78496519365746,,355.51137840634306,347.5123581830193,356.01630262879496,352.0153230297818,355.52189404302396,355.60421617178775,355.6600294488023,362.1601355411173,350.3594217077853,355.5861363975999,356.6749454913234,355.88572842695754,345.2036349174762,349.1378204704727,352.3010392636831,344.85345458984375,353.7608337402344,353.3671451956685,45.970924167330715,2.3145906509037104,-1.9402860712228378,4.254876722126548,16.663585412350734,31.127667886994498,-14.464082474643764,4.623886676162581,4.012336035267475,-76.36025192605858,-3.469080952846593,4.497542147630201,-12.450653076171875,-3885.5483032221114,7.580531673329176,45.030294376870685,-0.5936504007127559,0.07903779212489997,0.15752463640352765,0.13973357997406743,1.6230448492327871,-4.91391677111335,-13.033905450999214,-1729104.0234292364,-1589376.7116965544,-0.754597981770833,0,1,0,-0.754597981770833,1,0,0,0,0,7.8464173939184025,8.119988679885864,341.3444880271426,354.78444824218747,368.22440845723236,7.576408876789512,0.19004380343834365,336.59474371683365,352.19254544936706,367.7903471819005,334.54350544064187,350.5128260518986,366.4821466631554,2.548276509954345,0.2586852068032676,336.68554192337234,354.78444824218747,373.02866026474885,9238816.0,44.27588843653812,-0.01486886057441636,-77903974.92518093,-3372897.9333197176,-6086665.08815697,345.0257088260153,33167188.544381224,1017.4997662283964,0.7427553566950534,-0.09504077245689735,0.8377961291519508,0.9126588126911372,-1.2398247862466243,6.719980107522452,45.15813264549746,357.0580291748047,357.0580291748047,-0.3808061824493519,-0.8831945183099597,0.2501065142725468,45.15813264549746,356.96523873465406,0.7455612182617187,3.313972940499564,10.565715332031251,0.0093190201879505,-0.047619019655299244,0.04497542147630207,-0.033498106638009006,-0.027461198265246067,,0.009275866015213864,-0.1347985738851063,-0.21717310893137032,-0.17137713938501875,-0.1763560161290545
2026-07-10 00:00:00+05:30,348.42133818123045,351.0295710049174,345.2225547092276,346.4036560058594,4023218,0.0,0.0,354.9763778686523,344.42138061523434,342.13476623535155,,351.6412226452235,347.7620055965038,345.7972164968694,,354.7132077171689,347.5882803883272,354.60199660381403,351.74198904489685,353.3738802073588,354.98079488568544,352.31340443664817,361.9034960043869,350.0021098029027,353.49303302881805,356.60216093123165,355.8578186102354,345.22116302927117,348.9362836898728,349.0432862178286,346.4282531738281,353.7608337402344,353.3671451956685,45.929169497022826,1.5918299837572363,-2.1304373906954495,3.7222673744526857,18.598669443897442,21.473676009128006,-2.8750065652305636,9.595480469286912,5.367037224981893,-76.5478017942742,-3.482787794788509,1.1205440771865234,-12.499847412109375,-4221.5388081818655,4.421698563758923,36.56029143175927,-0.9472827030712759,-0.5936504007127559,0.14898399656910755,0.14622342020624846,-0.7833425250975028,-1.273279149503253,-7.0802954451930304,-1845562.8028571901,-1685750.419528959,-4.814585367838541,0,1,0,-4.814585367838541,1,0,0,0,0,7.700745886902072,5.8070162956897775,342.1767718295484,354.9763778686523,367.77598390775626,7.211525519503735,0.16511774516330743,336.42282749756185,351.6412226452235,366.8596177928851,340.25214372818164,353.3671451956685,366.4821466631554,2.865583024506009,0.23222863653087072,337.50349578904957,354.9763778686523,373.1207335189953,5215598.0,40.50740138303636,-0.056786127209993605,-80290611.32992718,-3610460.428472534,-5245415.723826231,347.5519272400015,33110061.135082517,1017.4855667966732,-1.882952988485836,-2.1765992941102295,0.2936463056243935,0.6211876058928132,-1.3395290193467717,6.39980301955196,40.95747868906639,357.0580291748047,357.0580291748047,-0.26514005400933305,-1.0261934231992043,0.009756698595444884,40.95747868906639,354.186867414202,0.19192962646484374,3.3072491241500344,10.065283474392361,-0.00014199431723238565,-0.03614942248130304,0.011205440771865138,-0.05719253399178692,-0.027599293248380397,,-0.0001420043993798652,-0.1347985738851063,-0.21717310893137032,-0.17137713938501875,-0.1763560161290545
2026-07-13 00:00:00+05:30,343.5985701641407,347.0434139755095,341.8269181820156,345.517822265625,3848578,0.0,0.0,354.93700714111327,344.37315246582034,342.1440469360351,,351.05804165669025,347.6739984070576,345.7916839378348,,353.812392897833,347.63127810010724,353.2091972010278,351.4133481460457,351.36553237229174,354.293944899728,349.3163297909162,361.30816301519667,349.5482155163629,351.53833940702583,356.126952443043,355.83562162010764,345.17561881058725,348.68230027500914,347.0408217993901,345.9607391357422,353.7608337402344,353.3671451956685,45.134201966012114,0.9367591913729143,-2.228406546463817,3.1651657378367313,22.388989016906194,19.217081291051457,3.1719077258547372,13.290593350255724,9.169986831901738,-79.92497922894863,-3.8087377259143302,-0.22737587165010095,-13.680938720703125,-4131.849277672979,1.1721122528684305,38.847258802712055,-1.3586562750818967,-0.9472827030712759,0.1383172651043818,0.1497107267286345,-2.4858605722026694,-4.290146480511794,-9.506642274005685,-1961112.8773719955,-1790847.434405762,-8.095382690429688,0,1,0,-8.095382690429688,1,0,0,0,0,7.523299451658631,5.216495793493891,342.0207857533337,354.93700714111327,367.8532285288928,7.27803589251792,0.13537382208390852,336.2953992290928,351.05804165669025,365.8206840842877,340.25214372818164,353.3671451956685,366.4821466631554,3.1263363730337317,0.22919871015143356,337.2149150866481,354.93700714111327,373.164335675686,1367020.0,41.556219822195985,-0.03087564966239522,-78693107.20176534,-2871124.6422133297,-4983099.226754446,344.7960514743834,32125891.313195284,1017.2298438200602,-4.2797468377167975,-3.658714514672953,-0.6210323230438448,0.6636471691706589,-1.4585047116643675,6.458110693889772,41.707193734533426,357.0580291748047,357.0580291748047,-0.27987208213017234,-1.0268497735502482,-0.2060211232700998,41.707193734533426,351.5631644112723,-0.0393707275390625,3.301296377996878,9.377626139322919,-0.0025572297661298204,-0.037559966932383504,-0.0022737587165010398,-0.08270189355774249,-0.03296176177345789,,-0.002560505063151113,-0.1347985738851063,-0.21717310893137032,-0.17137713938501875,-0.1763560161290545
2026-07-14 00:00:00+05:30,342.51589762718805,348.0276537112782,341.38402638661296,346.8957824707031,3710161,0.0,0.0,354.73523864746096,344.29539794921874,342.117392578125,,350.6616360199296,347.64348013504366,345.81354727511933,,353.04656197684153,347.73020476696536,352.2492668886896,351.2068672307639,350.07133352764396,353.80543725841704,346.9764766108525,360.5149418351137,349.35476485999334,349.4417314919594,355.9058280825315,355.6854531937853,345.05990641069866,348.55204274353883,346.33359773895916,346.20680236816406,353.7608337402344,353.3671451956685,46.68023291364876,0.5227745220595352,-2.113912972621757,2.636687494681292,22.951871313697282,21.313176591500305,1.638694722196977,14.844284457434544,12.576786092325726,-74.6716050356853,-3.1198394018444855,-1.1499035768400754,-11.171112060546875,-3913.024838672738,-1.176454477348159,44.319341230729385,-1.7539872762826332,-1.3586562750818967,0.12677338586382092,0.15010875076913147,-3.870933045457059,-2.671938461126217,-9.315565785791478,-2018768.164949023,-1893537.2581394382,-11.089111328125,0,1,0,-11.089111328125,1,0,0,0,0,7.460465728301962,6.64362732466526,341.4351643144833,354.73523864746096,368.0353129804386,7.498592123910977,0.20528524952225904,336.0395067140718,350.6616360199296,365.28376532578733,340.25214372818164,353.3671451956685,366.4821466631554,3.346305527291339,0.22432459431832874,336.90324102424336,354.73523864746096,372.95108419568174,5077181.0,47.07883841460018,-0.018019044096893654,-76247142.4995355,-1529396.2660147548,-3540877.3068705453,345.4358208561981,33605541.242368124,1017.6286539873745,-6.429495625252349,-4.646770641766803,-1.7827249834855459,0.7223710655240979,-1.1788590019109617,6.650037166488842,44.222994315682946,357.0580291748047,357.0580291748047,-0.2457755441241404,-1.204069014242604,-0.33583942875702155,44.222994315682946,349.6692086356027,-0.20176849365234376,3.2976502908000347,8.418755696614586,0.003988101673142674,-0.010666569419605643,-0.011499035768400723,-0.08060512849962254,-0.02674401400889559,,0.003980170276150041,-0.1347985738851063,-0.21717310893137032,-0.17137713938501875,-0.1763560161290545
2026-07-15 00:00:00+05:30,348.4213351964935,350.83273780785373,345.0256915252561,346.1575927734375,3884183,0.0,0.0,354.3882934570313,344.1497302246093,342.0277932739258,345.9227671813965,350.2326795202637,347.58521004243164,345.8203600572643,345.92276718139647,352.22964332217265,347.80323201497396,351.2810039494441,350.9528714767905,348.82254889173555,353.26148665224724,345.06931659913164,359.58625159387105,348.66494353915664,347.451062146929,356.0967195134249,355.4142783081557,344.766457836303,348.3762290034895,346.2006625564711,346.5266876220703,353.7608337402344,353.3671451956685,45.93350555847788,0.13358308709422317,-2.002483526069655,2.1360666131638784,22.639171853932467,22.660010728178648,-0.020838874246180694,14.851246879754202,14.328708229148155,-77.48590017356864,-4.971624003744537,-1.9651579315462584,-18.110015869140625,-3718.7146099749025,-1.3790895086472688,41.69038548530711,-1.8001531334698337,-1.7539872762826332,0.11456880161433425,0.1474449544824551,-5.06549207266161,0.7820026924445074,-5.025043590153132,-2003687.016318679,-1968168.6506363174,-13.410268147786457,0,1,0,-13.410268147786457,1,0,0,0,0,7.3423643393230815,5.807046282597639,340.55682661791195,354.3882934570313,368.21976029615064,7.80582603572732,0.2024646489295329,335.89702990399286,350.2326795202637,364.5683291365345,340.25214372818164,353.3671451956685,366.4821466631554,3.5807913805370846,0.22295140805165367,336.69937824260177,354.3882934570313,372.7964364057505,1192998.0,45.17607527297286,-0.052847729806058806,-78617126.58603956,-1595557.2063652873,-3444646.8163025086,347.3386740355158,32778992.1697698,1017.6286539873745,-7.864740554370366,-4.865612456707856,-2.99912809766251,0.8104773424039086,-1.1901414042818692,6.9157334195596665,47.827368730414435,357.0580291748047,357.0580291748047,-0.16195351726257953,-1.4329198352729469,-0.4272453348480416,47.827368730414435,347.91234305245536,-0.3469451904296875,3.2919243298437215,7.542559814453125,-0.0021279869475725466,0.008458848077068648,-0.019651579315462575,-0.08256158878584041,0.0014921430281780168,,-0.0021302543290068598,-0.1347985738851063,-0.21717310893137032,-0.17137713938501875,-0.1763560161290545
2026-07-16 00:00:00+05:30,347.63397224736025,350.0453449461207,343.54934760941313,344.0906982421875,4094233,0.0,0.0,353.94046478271486,343.9499298095703,342.0223153686523,345.85858917236334,349.6477289223517,347.4481703639907,345.78610932825285,345.9045376397128,351.248919968378,347.80091703527114,350.06697191254693,350.55210107065693,347.2734865107764,352.51679397144994,343.4433433988496,358.53730915243017,347.63053473109557,345.6734178585682,355.6857239641852,355.0933871768595,344.4790455462278,348.05458244703,345.97460591426517,345.1241455078125,353.7608337402344,353.3671451956685,43.819846575837616,-0.33774176714752,-1.9790467042491187,1.6413049371015986,20.82556928213018,22.13887081658664,-1.3133015344564605,12.740783871015475,14.14543840273474,-85.3657869443555,-5.411245369727593,-2.5369332108068243,-19.684783935546875,-3445.1456164237434,-1.2590987308118997,41.91906361932193,-1.7830227807179009,-1.8001531334698337,0.10144534379616932,0.14192872266786485,-6.3935196314525085,0.8460436697430964,-5.64995366696445,-1964603.366770778,-1995104.434446363,-12.27838643391927,0,1,0,-12.27838643391927,0,0,0,1,0,7.281909553421972,6.495997336707546,339.36614617714235,353.94046478271486,368.51478338828736,8.235463336761859,0.16208483541860783,335.4400464434957,349.6477289223517,363.8554114012077,340.25214372818164,353.3671451956685,366.4821466631554,3.8564703296591003,0.22362044961597705,336.90019900821,353.94046478271486,371.8899861280243,-2901235.0,42.926496086345814,-0.07950703486910231,-82028965.33296584,-2563157.446315661,-4161461.2421683334,345.8951302659071,30334340.37705239,1017.6286539873745,-8.621596012014448,-4.497974331481551,-4.123621680532898,0.865360268248953,-1.3516606583255701,7.287159302786242,53.10269070418408,357.0580291748047,357.0580291748047,-0.09796581161419358,-1.603512406722724,-0.5140794360814799,53.10269070418408,345.86583033970425,-0.44782867431640627,3.286949908209487,7.077999131944443,-0.005970964018700009,-0.006818105543882735,-0.025369332108068243,-0.07132422708942832,0.004185902521552043,,-0.0059888615034104885,-0.1347985738851063,-0.21717310893137032,-0.17137713938501875,-0.1763560161290545
2026-07-17 00:00:00+05:30,344.4843625130705,351.3740497633319,341.9253298127857,349.5039978027344,7268772,0.0,0.0,353.9281600952148,343.8652850341797,342.0646337890625,345.85881118774415,349.63404024429286,347.528791047863,345.85973088220294,345.940353163723,350.82639930361796,348.0187236232383,350.0009703362258,350.5884580701451,347.4262004457199,352.4335763368909,342.8131616924335,357.54971223521716,347.76101855141843,345.13367072899473,355.5687449377098,354.8752735152657,344.4399757885482,348.15640539236205,346.22136732146663,346.79734802246094,353.7608337402344,353.3671451956685,50.27371057929517,-0.2713343031947488,-1.530111392237078,1.258777089042329,24.140113747993972,22.53495162801887,1.6051621199751018,18.51083795438533,15.367622901718335,-64.72797163809392,-2.752287891106785,-0.07036274069506417,-9.8916015625,-3371.1630637025805,-2.039980728603439,50.53147618254029,-1.6786048311612745,-1.7830227807179009,0.0897778019734563,0.13402400324280775,-6.824756268131104,2.1312204117604665,-7.317499538785739,-1937547.3119862713,-1982149.373852368,-13.11499532063802,0,1,0,-13.11499532063802,0,0,0,1,0,7.4366817246451316,9.448719950546206,339.33853792391767,353.9281600952148,368.517782266512,8.244397488672394,0.3483798195547412,334.97971420141437,349.63404024429286,364.28836628717136,340.25214372818164,353.3671451956685,366.4821466631554,3.9900258745645614,0.22914558555273534,336.2056716157688,353.9281600952148,372.29042226101376,4367537.0,40.207890122882525,-0.037920540535167344,-77637404.51096267,-1328664.7878111154,2054181.831472204,347.6011257929506,41769709.15462405,1017.6286539873745,-4.037202510258711,0.06913533621935031,-4.106337846478061,1.5313479539620527,-0.6064807217810346,7.294811085648584,53.21426877530148,357.0580291748047,357.0580291748047,-0.09410515323819621,-1.6104121490605392,-0.6520656874959211,53.21426877530148,344.62287772042407,-0.0123046875,3.2882230876696004,6.747731458875864,0.01573218801961551,0.008950083935668873,-0.0007036274069506243,-0.050534803093623015,-0.008983449204563732,,0.015609719940279532,-0.1347985738851063,-0.21717310893137032,-0.17137713938501875,-0.1763560161290545
2026-07-20 00:00:00+05:30,347.4370758602347,358.95270766969645,346.45283485213207,357.7716064453125,6786498,0.0,0.0,353.6156631469726,344.1005187988281,342.2091244506836,345.8784941101075,350.40904654915187,347.9304700830571,346.0956096062249,346.05807707697267,351.19244181315105,348.56406956092985,351.4422270986303,351.25607707945585,349.71547142119005,353.28434872263745,343.8848561565185,356.8399835630523,347.83189426266955,347.0168781484059,355.92338476552027,354.2818272240909,344.75210419121805,348.77229717399786,347.8522064240567,353.63780212402344,353.7608337402344,353.3671451956685,58.176184512503404,0.44331080162567105,-0.6523730299333266,1.0956838315589976,38.89931106955872,27.95499803322762,10.9443130363311,38.16893138443144,23.140184403277416,-33.20830820887441,-0.3427046165027808,-1.7169145737793399,-1.230316162109375,-3502.9840458920794,-1.3316201121120912,55.83676315586456,-0.9497784312553849,-1.6786048311612745,0.08218464542570914,0.12477170816380914,-5.9272928308611155,8.491481590447677,-4.008391227116704,-1778607.8204434633,-1931099.3657127067,-12.196375528971354,0,1,0,-12.196375528971354,1,0,0,0,0,7.798338231282221,12.49987281756438,339.68339335337384,353.6156631469726,367.5479329405714,7.879894046326864,0.6491481057971379,334.76944244986856,350.40904654915187,366.04865064843517,340.25214372818164,353.3671451956685,366.4821466631554,3.994537678516892,0.1958165019637024,336.29655661309835,353.6156631469726,371.71694905676424,11154035.0,51.54883117815844,-0.0639012052157667,-72133406.13540938,1048414.854508698,9776171.500924626,354.392382989047,57823347.988623165,1019.994180188664,-1.2824423321362248,2.2591164114734688,-3.5415587436096936,1.3293750403646099,0.5965924231885513,6.9661348967993915,48.52703540040626,356.9842071533203,356.9842071533203,-0.12648964695588147,-1.5761181283708796,-0.5678840295983502,48.52703540040626,346.34599914550785,-0.3124969482421875,3.2939171725351417,6.5755977376302095,0.02365526201289536,0.0354649844090158,-0.01716914573779338,-0.03848697923949873,0.028075271835569904,,0.023379811744693526,-0.1347985738851063,-0.21717310893137032,-0.17137713938501875,-0.1763560161290545
2026-07-21 00:00:00+05:30,356.78740293673434,358.1653344855728,351.42327686412693,356.344482421875,3426706,0.0,0.0,353.62304687499994,344.4489398193359,342.3217974853516,345.88699905395515,350.9743261560779,348.2604313512461,346.2985575827724,346.16042936896173,351.45232936314176,349.04422499712774,352.4205520118724,351.7726439976147,351.2319569141886,353.90066335770143,346.01487811992695,356.3184758842878,348.09587179292777,349.1519284205443,356.0672703928222,354.24567160972197,345.01780716107163,349.26863910631823,350.3490529776817,357.05804443359375,353.5147705078125,353.3671451956685,56.50684539264907,0.8843213086424271,-0.16909001833325643,1.0534113269756835,54.47153474291679,39.17031985348983,15.301214889426959,59.16830806415563,38.6160258009908,-38.64911592428128,1.6280759460090817,0.04145869847445869,5.7086181640625,-3608.6736294616862,-0.339419468673384,59.23913268795822,-0.21276560851939552,-0.9497784312553849,0.07716062943927682,0.11519294513219819,-5.363108834141588,6.863643214520266,0.12158559307437145,-1554332.348719167,-1825207.663391569,-10.473948160807293,0,1,0,-10.473948160807293,0,0,0,1,0,7.722889616293913,6.742057621445895,339.6848620742255,353.62304687499994,367.56123167577437,7.883074886632797,0.5976251780907601,335.5400067097843,350.9743261560779,366.4086456023715,340.25214372818164,353.3671451956685,366.4821466631554,4.031673158743279,0.18025592928291853,336.4121494224382,353.62304687499994,371.0205462640643,7727329.0,48.70698657896525,-0.006104062330502414,-70557626.08179651,2426930.6475610137,7680956.364527191,355.3110312571916,56456460.74386778,1019.5952877115284,-4.183403068159203,-0.513475459639607,-3.669927608519596,0.6807512212755253,0.39050071236304035,6.969092400387211,48.56824888513478,357.05804443359375,357.05804443359375,-0.12932065316534955,-1.5784417809806444,-0.5855567678417082,48.56824888513478,347.1108943394253,0.00738372802734375,3.3026736292620393,6.553398640950521,-0.003988924771355928,0.02723786344093093,0.00041458698474450273,-0.03658855847965636,0.016659297864289657,,-0.0039969017518883395,-0.1347985738851063,-0.21717310893137032,-0.17137713938501875,-0.1763560161290545
2026-07-22 00:00:00+05:30,354.622031848234,356.29525361745215,351.7677388624965,354.9665222167969,2248543,0.0,0.0,353.4754104614258,344.72649536132815,342.4206909179688,345.8662619018556,351.3545353047178,348.5234153067579,346.47020044681244,346.24805218336803,351.5802793956939,349.4566792087929,353.0070241182537,352.1505649830744,352.11824742021054,354.3055622989901,348.5319068651075,355.91150717914684,348.932076955032,350.51652515113983,356.0993685227146,354.07582674473827,345.1749239609952,349.65012131257316,352.8656733906916,355.65550231933594,351.3248291015625,353.3671451956685,54.869684209654025,1.109841874035169,0.045144437647588465,1.0646974363875805,61.413361916433225,51.59473590963624,9.818626006796983,73.37060046386848,56.90261330415185,-43.902490117544616,3.4121849625200564,-0.8249705114928014,11.71246337890625,-3703.6048835241572,0.0400908680496741,58.97607422391976,0.3822216340297113,-0.21276560851939552,0.07357454999146196,0.10586515775307978,-4.511108318634747,4.470015068436112,-0.05749968651952031,-1385916.8879313308,-1664890.75637381,-9.145228068033854,0,1,0,-9.145228068033854,1,0,0,0,0,7.498164897942811,4.576743559378485,339.66688251585197,353.4754104614258,367.2839384069996,7.813006244224005,0.5539924226987951,336.5183903658086,351.3545353047178,366.19068024362696,340.25214372818164,353.3671451956685,366.4821466631554,4.044943207923088,0.1798256261639603,336.276588531872,353.4754104614258,370.8357703011506,5478786.0,43.321534344850406,-0.012255893070787111,-69628884.27584161,3065747.6241079867,6141047.916250882,354.3431715655818,55586964.2520605,1019.208594420892,-8.51016717963708,-3.8721916568939863,-4.637975522743093,0.5015186233265915,0.21596969079518027,6.904263972786919,47.66886100592341,355.65550231933594,355.65550231933594,-0.07536743671320777,-1.5262102895453515,-0.5961426147562505,47.66886100592341,347.7900172642299,-0.14763641357421875,3.313269275322565,6.329319390190972,-0.0038669329063631963,0.025447742956558272,-0.008249705114928063,-0.007976922617027649,-0.023622924340730656,,-0.003874428821789005,-0.1347985738851063,-0.21717310893137032,-0.17137713938501875,-0.1763560161290545
2026-07-23 00:00:00+05:30,352.4074880555776,356.63974249790704,350.78349636673187,352.8012084960937,3028005,0.0,0.0,353.1702957153321,344.9262969970703,342.4969567871094,345.82138153076176,351.49231370389646,348.69117190241815,346.5955669428378,346.313257718818,351.51606968470986,349.7733346258425,353.1120792773049,352.3372583205919,352.2783412380076,354.4259400623738,350.6516055350695,355.5284985856572,349.12854297442874,351.34340475449113,356.0896805586651,353.7351249727619,345.3121882421581,349.8672648258442,354.2648576968534,353.8838653564453,351.12799072265625,351.15260979735194,52.305177203625654,1.1011524261923569,0.029163991843821124,1.0719884343485357,58.336816655657906,58.073904438335965,0.26291221732194003,69.31245479387394,67.28378777396603,-42.43794399120036,1.8323873358333682,-1.7002606170629933,6.348358154296818,-3850.755541669787,0.9054957126514864,56.09522532782195,0.8306746111325445,0.3822216340297113,0.07031477892294191,0.0971241335701725,-3.3662251113112998,4.675079670737034,-1.181166460438135,-1295432.657121607,-1492423.1584776775,-6.610809326171883,0,1,0,-6.610809326171883,1,0,0,0,0,7.3808849860308365,5.856246131175169,339.59914353919754,353.1702957153321,366.74144789146663,7.685330471322187,0.4864017728764603,336.9536594960881,351.49231370389646,366.0309679117048,340.25214372818164,353.3671451956685,366.4821466631554,4.055475262100882,0.18051115398425338,336.29738747424227,353.1702957153321,370.35214861849056,2450781.0,46.27736433952208,-0.03200802671838635,-70570350.46602483,2748820.088172719,4327100.960663922,353.4081491202442,53739865.90264112,1019.208594420892,-10.75911145511602,-4.896908745898341,-5.862202709217679,0.7155207755060345,-0.05439290849415884,6.785576088067263,46.04404284695021,353.8838653564453,353.8838653564453,0.040605703116547355,-1.4188412754271602,-0.6074775606208357,46.04404284695021,348.2076176234654,-0.30511474609375283,3.319991125521066,5.591137830946182,-0.006100050526400613,0.02531457635560752,-0.017002606170629986,0.011713220894207232,-0.023890248983939544,,-0.006118731844681758,-0.1347985738851063,-0.21717310893137032,-0.17137713938501875,-0.1763560161290545
2026-07-24 00:00:00+05:30,349.3071535547858,358.7558739374233,349.3071535547858,355.9015808105469,4578306,0.0,0.0,353.020199584961,345.2363330078125,342.64614288330085,345.8029415893555,351.9122439045298,348.97393303607026,346.7798444451687,346.4086639187357,351.7761920747303,350.2037379126455,353.7576829381867,352.7487081348834,353.2075292714283,354.87912285446464,352.54170335513686,355.2450723434938,349.65106755607144,352.76644614506046,355.7638741136562,353.8272714627848,345.5589329943453,350.2697904977513,354.80279859244496,354.3513946533203,350.51283264160156,350.1437488679994,55.51142876000843,1.3291188562297975,0.20570433750500938,1.1234145187247881,64.25473497731312,61.33497118313475,2.9197637941783725,74.27254975601461,72.31853500458567,-20.895360959315624,2.741866213019081,-0.8364149635858867,9.4979248046875,-3978.4714245710584,1.8817791230110288,60.10842553289948,1.2052875652066997,0.8306746111325445,0.06834507398469913,0.08934944566798553,-2.1471819882586143,6.228794255485127,-3.2199261271523483,-1231096.0770374693,-1358021.252643752,-2.1735229492187584,0,1,0,-2.1735229492187584,1,0,0,0,0,7.528587514359883,9.448720382637475,339.6511348628436,353.020199584961,366.3892643070784,7.574107508768705,0.607763006817485,336.9584671674389,351.9122439045298,366.8660206416207,340.25214372818164,353.3671451956685,366.4821466631554,4.039447353559072,0.1837058935284406,334.88530675212064,353.020199584961,371.30224799202824,7029087.0,52.529453615588366,-0.013810456524165102,-68758096.76079904,2945901.358028069,5736722.704782632,354.654869434252,57763223.200651065,1019.208594420892,-9.741779933720366,-3.103661779602149,-6.638118154118217,1.06785175205897,0.4310520272699404,6.6845323610586895,44.68297288604086,353.8838653564453,353.8838653564453,0.08442866782060521,-1.3195611438018904,-0.6294900783664031,44.68297288604086,349.288177054269,-0.15009613037109376,3.3272210546201744,5.32637634277344,0.008787873283284231,0.01830474915317959,-0.008364149635858853,0.020604028478448777,0.014977338736713364,,0.008749484663811079,-0.1347985738851063,-0.21717310893137032,-0.17137713938501875,-0.1763560161290545
2026-07-27 00:00:00+05:30,351.86619635415445,363.03733894503694,351.2756456816137,362.3483581542969,9400642,0.0,0.0,353.1776794433594,345.91447509765624,342.96556121826177,345.81816207885737,352.9061595473647,349.4984202956086,347.08813184534944,346.56726784147764,352.6645881289528,350.87479772231154,355.47509949276207,353.629084130103,355.6319374763173,356.01788548908075,354.8898216637285,355.207755639196,351.46040097472195,355.1506830681871,356.26332644046437,354.0437589803092,346.5566171765679,351.02313381444884,355.7317038904758,359.1249694824219,352.80120849609375,351.6447413366093,61.33230239790235,2.00685121651577,0.7067493582327853,1.3001018582829846,77.88096200610016,66.82417121302373,11.05679079307643,81.45595882292383,75.01365445760413,-3.0238090311834998,4.871104992011961,0.876839652597975,16.830535888671875,-3994.878220153244,2.34553637245898,69.4473900535635,1.6257166510595824,1.2052875652066997,0.06943488418922339,0.08297850103747469,-0.007960541352170997,9.107219481333175,-2.654473782090065,-1149847.7926806095,-1264803.6914883489,2.9363301595051983,0,1,0,2.9363301595051983,1,0,0,0,0,7.830952210721551,11.76169326342324,339.4332420382205,353.1776794433594,366.9221168484983,7.783299005079489,0.8336141902581127,337.1362294969638,352.9061595473647,368.67608959776567,340.25214372818164,353.3671451956685,366.4821466631554,3.9136718011366014,0.19496005299344574,333.9122134151726,353.1776794433594,372.0515767432609,16429729.0,62.251466519304365,0.0851950242700578,-60458803.28495518,5399400.587280288,13574883.155857213,358.88711426031585,74791483.01458126,1019.208594420892,-0.89816544983214,4.591962163428862,-5.490127613261002,1.9412366265932617,1.3344567610324503,6.872218702569457,47.22738989594543,353.8838653564453,353.8838653564453,0.10505255198329375,-1.3704812575482692,-0.6501738974731182,47.22738989594543,351.63840550013947,0.1574798583984375,3.336694122435689,5.335891791449654,0.018113932871744565,0.012792383818428954,0.008768396525979716,0.041442704968754684,0.036208558616660724,,0.017951830207536493,-0.1347985738851063,-0.21717310893137032,-0.17137713938501875,-0.1763560161290545
2026-07-28 00:00:00+05:30,362.2006952491309,366.23608943722616,359.49403244495943,362.64361572265625,4252211,0.0,0.0,353.4065155029297,346.58769592285154,343.38736114501955,345.85982711791985,353.8335363259639,350.01391815549283,347.39616122905846,346.72723150198686,353.5661058698382,351.5308424527037,356.99687050481793,354.4778774304841,357.6765567964002,357.09322533586163,357.4543508779022,355.36766651701805,352.97064201206257,357.4343931256812,356.6988030881729,353.99359119587047,346.98097742846033,351.7517837234325,357.3651195749764,362.49598693847656,353.3671569824219,353.2441165827039,61.58023717238387,2.5385213194406333,0.990735568926119,1.5477857505145143,87.41836213178685,76.5180197050667,10.900342426720144,94.2107881807616,83.31309891990001,-13.825743614140308,4.539643906821813,1.278174905668868,15.747833251953125,-3872.995413779041,3.456711705134069,68.26495044023608,2.0570511084596106,1.6257166510595824,0.07269218418650691,0.07832554354549387,2.3485206124563547,11.061184793672055,4.31912780140533,-1072544.5735555987,-1188310.828352227,6.643636067708323,0,1,0,6.643636067708323,1,0,0,0,0,7.753173980831921,6.7420569922667255,339.1755439812039,353.4065155029297,367.63748702465557,8.053598842949388,0.8245421510971552,338.2813030437408,353.8335363259639,369.385769608187,340.25214372818164,353.3671451956685,366.4821466631554,3.5971967026750713,0.19449853624199762,333.897463915509,353.4065155029297,372.41822505834944,20681940.0,71.93444056122627,0.14008710604898694,-60738133.99806346,5823372.264414445,11814970.91645061,362.7912458682806,75137972.09111694,1019.2900788713428,-2.3036727426383847,2.549163896498094,-4.852836639136479,0.8683635033493948,1.298168604388619,7.115485760862937,50.63013761304321,353.8838653564453,353.8838653564453,0.10611357169623735,-1.467421195109437,-0.7707192520586621,50.63013761304321,353.8852866036551,0.2288360595703125,3.3441429467353445,5.4573909505208364,0.0008148445045075281,0.01767708947805091,0.012781749056688607,0.03381033355680296,0.010882865556415267,,0.0008145126989586496,-0.1347985738851063,-0.21717310893137032,-0.17137713938501875,-0.1763560161290545
2026-07-29 00:00:00+05:30,364.1692091866024,372.732118822679,363.2341681213262,368.3522338867188,6301213,0.0,0.0,353.61074676513675,347.3996948242187,343.73854949951175,345.9343156433105,355.21626942698816,350.7330677920115,347.8111329648537,346.94240565506874,354.9895076206753,352.3843537454044,359.3293779183066,355.71291753052105,360.8036517981583,358.7213622378914,360.58742776713837,355.83511408852905,355.85448098671907,360.78480992621155,357.5263388241453,354.14731930508594,347.7500920072866,352.7377994258039,360.11509458773384,365.4979248046875,356.2214660644531,357.058072604646,66.10540066134708,3.3815312955669583,1.4669964360419552,1.9145348595250031,89.72622412460426,85.00851608749709,4.7177080371071725,99.99999999999999,91.88891566789513,-13.971774980863394,6.411715812863261,1.12132540671453,22.194641113281307,-3685.9357077969275,5.342407885154216,63.875545748824706,2.4864749780407704,2.0570511084596106,0.07921632715552906,0.07585565280764496,4.739540855182359,15.674738572958518,6.176787871605711,-1019495.5220516885,-1115896.0552602622,10.95789082845052,0,1,0,10.95789082845052,1,0,0,0,0,7.919983203631267,10.088503100022763,338.62619640363386,353.61074676513675,368.59529712663965,8.475166831654821,0.9918895384226776,339.22358158116293,355.21626942698816,371.2089572728134,340.25214372818164,356.4921312754303,372.732118822679,3.351331011683374,0.19282164451638314,334.1770125674016,353.61074676513675,372.87001909281383,26983153.0,80.50562340150583,0.08674455952069314,-60248403.65674808,5623241.035077438,15265863.498018682,368.10617361024134,85057137.19643545,1019.2900788713428,-0.20523634380293337,3.7180802362668364,-3.92331658006977,1.2262717098559779,1.9675581536907085,7.492275180751456,56.134187384104266,353.8838653564453,353.8838653564453,0.2860685394620195,-1.073560076644034,-0.7226414347620485,56.134187384104266,357.74702933175223,0.20423126220703408,3.3527988613042594,5.773443874782989,0.015741675619152184,0.037709786225267106,0.01121325406714524,0.04218881162234367,0.002309931392953546,,0.015619060547320124,-0.1347985738851063,-0.21717310893137032,-0.17137713938501875,-0.1763560161290545
2026-07-30 00:00:00+05:30,366.92503126063343,371.3049157070941,365.301039624712,368.991943359375,4027680,0.0,0.0,353.87156982421885,348.21070861816406,344.1224542236328,346.0055821228027,356.52823837292976,351.4491021279866,348.230554952864,347.16180404018627,356.4543834867932,353.2311085899203,361.436641768546,356.92161819955015,363.49006114468125,360.285430767801,363.80203915022145,356.5796793844679,359.0717564247114,363.4224364966691,358.37159547028784,354.2940826232894,348.41716817117884,353.70736354514946,363.1222403995519,368.6720886230469,356.54132080078125,357.058072604646,66.58042621378439,4.054504182993867,1.7119754587750906,2.3425287242187762,86.75712372525962,87.96723666055024,-1.2101129352906241,99.99999999999999,98.07026272692052,-11.931110229217435,7.236826000934443,1.433978219316043,24.9012451171875,-3516.3155045351136,7.395850036148886,63.34567187813293,2.910282419113076,2.4864749780407704,0.0879866907151916,0.07565664044561554,6.889225041306008,12.542597870280076,6.538721787897998,-988511.552370897,-1053739.9227110134,15.313151041666664,0,1,0,15.313151041666664,0,0,0,1,0,7.783118409256325,6.003876082382078,337.9874609192555,353.87156982421885,369.7556787291822,8.977329776932104,0.9759591370728846,340.9150682110151,356.52823837292976,372.1414085348444,340.25214372818164,356.4921312754303,372.732118822679,3.084407017680837,0.19272753366448367,334.1773106068698,353.87156982421885,373.38704514592297,31010833.0,80.57630567304751,0.08239827820949909,-59324023.037892275,5324286.544068471,13453103.719562856,368.5326328970604,85756615.79648116,1019.4637467397051,-2.073974021491409,1.479474046862689,-3.553448068354098,0.7848386128251104,1.9038365482915398,7.942054452481664,63.07622892618383,353.8838653564453,353.8838653564453,0.43284652562086173,-0.8431229982047261,-0.6253013508472071,63.07622892618383,361.620010811942,0.26082305908203124,3.360533647861822,6.062919514973957,0.0017366786836234827,0.04589194842131783,0.014339782193160344,0.04211250024455904,0.0027367432158622584,,0.0017351724008989823,-0.1347985738851063,-0.21717310893137032,-0.17137713938501875,-0.1763560161290545
2026-07-31 00:00:00+05:30,370.9332368414652,372.3269680789171,368.3448614684474,371.28167724609375,3604289,4.25,0.0,354.4658737182618,349.00354125976565,344.67303863525393,346.09709564208976,357.9333277894216,352.226850171834,348.6870128200566,347.40180277855353,358.1124889555432,354.1358524576823,363.64553557180506,358.23200589056216,366.23064278585974,361.9756560583143,366.86992011396393,357.60925319665876,361.8609257299051,365.4576090252601,359.3517130403103,354.55619422528304,349.01704228622145,354.7413448199733,365.99061059493806,370.1368103027344,357.6861877441406,357.058072604646,68.29329648556794,4.718213801622255,1.900548061922783,2.817665739699472,89.823408452079,88.76891876731429,1.0544896847647038,99.99999999999999,99.99999999999999,-4.62688943368218,6.231024417537863,3.307240795895276,21.777679443359375,-3241.9520213484766,9.9680382631297,63.88086416380228,3.3282723543226855,2.910282419113076,0.09874154165476767,0.0774962955821776,9.032215724627886,11.776170326491695,7.794063716021981,-975780.863493799,-1010723.2643157614,19.139607747395843,0,1,0,19.139607747395843,0,0,0,1,0,7.511617566485853,3.982106610469714,336.9100598946203,354.4658737182618,372.02168754190325,9.905502969572336,0.9789240674558486,343.0486297171236,357.9333277894216,372.81802586171955,340.25214372818164,356.4921312754303,372.732118822679,2.760637719822527,0.1874506832038414,335.119624641543,354.4658737182618,373.23337368364014,34615122.0,86.1725438017535,0.15535625128323516,-57611963.76405807,5262707.062687643,12710212.13974354,370.6511689311527,87993212.77626666,1020.0842843768884,-4.26089408138863,-0.5659568104276254,-3.694937270961004,0.7563440563227172,1.915696269823396,8.777906911820729,77.05164975259014,353.8838653564453,353.8838653564453,0.5362618405156113,-0.8430249449405709,-0.449727585864504,77.05164975259014,365.405719430106,0.5943038940429688,3.364830839806106,6.2360229492187536,0.006205376371832383,0.04321446507913662,0.03307240795895283,0.049600348677435235,0.022502322998288138,,0.00618620230452735,-0.1347985738851063,-0.21717310893137032,-0.17137713938501875,-0.1763560161290545
2026-08-03 00:00:00+05:30,372.32697035069344,375.0149044815861,365.4080479203612,366.453369140625,3512873,0.0,0.0,354.8384460449219,349.5964630126954,345.07786041259766,346.1682725524902,358.74476029906003,352.7847528764924,349.03882185610746,347.59137060305176,359.2541551862445,354.82015943340224,364.64710151565134,359.09043645974623,367.1580335307461,362.97601927507196,369.0204282858051,358.7094035511309,362.14652590973964,366.51519443803295,359.95909071520015,354.844936695009,349.4068381703769,355.4759877215234,367.66223162131723,368.8675231933594,357.6861877441406,358.4701171471859,61.17329497035592,4.79928121747173,1.5852923822178058,3.2139888352539243,85.85606177211403,87.47886464981755,-1.6228028777035206,90.30241405622016,96.76747135207337,-25.87381502075825,2.426621492289819,2.075600731907912,8.6817626953125,-2971.4335205455563,11.983742395978595,58.478613941043655,3.665976327608253,3.3282723543226855,0.1088430394159623,0.08101656335736489,9.889837439630128,13.62088224513218,4.014025683907278,-980851.2638523806,-988155.2696055768,20.75879923502605,0,1,0,20.75879923502605,0,0,0,1,0,7.661277494681499,9.606856561224902,336.5752852560339,354.8384460449219,373.1016068338099,10.293789183473043,0.8179877577042975,343.4477750791286,358.74476029906003,374.0417455189915,340.25214372818164,357.63352410488386,375.0149044815861,2.4733397365244794,0.19446475881764555,335.1616880746959,354.8384460449219,374.2992122867255,31102249.0,80.72540620695379,0.1296471508835527,-60360365.95769397,3884595.934812464,8471434.237011274,368.95877384752407,83424920.23212907,1018.7838409665694,-6.172079106426865,-1.9817134683726882,-4.1903656380541765,0.7915358170625871,1.271951030817192,9.131580394443988,83.38576050019381,353.8838653564453,353.8838653564453,0.46538299027880625,-1.1344768063800925,-0.31195465270851225,83.38576050019381,368.0855734688895,0.37257232666015627,3.3617266983562377,6.3108618164062555,-0.013004434103190188,0.011328907373108876,0.020756007319079117,0.05908342464089733,0.044537174710356675,,-0.013089732064511937,-0.1347985738851063,-0.21717310893137032,-0.17137713938501875,-0.1763560161290545
2026-08-04 00:00:00+05:30,366.5031437276123,369.1412833718401,365.1591766240055,366.3538208007813,3526856,0.0,0.0,355.6243438720703,350.277943725586,345.4948461914062,346.212794342041,359.46943272779544,353.31687318724886,349.3816931223386,347.77806164979535,360.3508575439453,355.4773107192095,365.4653022164244,359.88652790894497,367.82171866668705,363.8733542566829,370.3239818107307,359.8196259174869,362.49584481230517,367.58433014724557,360.29167668554464,355.45679670154175,349.8834348385783,356.16472332182855,368.1666172948302,366.4035949707031,357.6861877441406,358.4701171471859,61.03201407415204,4.800161733064613,1.2689383182485505,3.531223414816062,81.1082118326033,85.59589401893211,-4.487682186328811,80.41240067682475,90.23827157768162,-26.174660047749654,2.8088938857361865,4.482700757447859,10.009338378906307,-2685.1036690754913,12.381113701699007,56.327698354002244,3.087380652307162,3.665976327608253,0.11799218745338624,0.0859518564086898,10.137202273570663,7.03871848333938,3.0566117355048164,-997050.8360205676,-983137.7738473038,20.91785176595054,0,1,0,20.91785176595054,0,0,0,1,0,7.398479584192432,3.982106747834564,336.7791635377897,355.6243438720703,374.4695242063509,10.598363502955143,0.7846742970454197,344.87080671969846,359.46943272779544,374.0680587358924,340.25214372818164,357.63352410488386,375.0149044815861,2.1160659966993363,0.1716041275383544,336.58590095565245,355.6243438720703,374.0861116250096,27575393.0,75.22136368322535,0.14988332452716394,-61771086.83147318,2518812.3831326365,7211073.251771412,366.8847602655423,83329111.95494196,1018.7838409665694,-7.661513952796374,-2.776918651793758,-4.884595301002616,0.7928972569580756,1.1386971881816794,9.422590167140294,88.78520545788896,355.4340515136719,355.4340515136719,0.2568127987441468,-1.4229849871171671,-0.12606536364855983,88.78520545788896,369.8038848876953,0.7858978271484404,3.3591168067819543,6.5898554823133715,-0.00027165349871705047,0.010230995162376022,0.04482700757447855,0.0809338831820332,0.05628684178410137,,-0.00027169040321237456,-0.1347985738851063,-0.21717310893137032,-0.17137713938501875,-0.1763560161290545
2026-08-05 00:00:00+05:30,367.7973416267024,370.634568340939,361.9735045113112,364.3627624511719,3267609,0.0,0.0,356.6797790527343,350.8782647705078,345.7900555419922,346.23927597045895,359.9354641300218,353.7500453152458,349.67834796053336,347.9430835483165,361.18308788481215,356.02965655158545,365.78194588841467,360.47825150416656,367.77878139701016,364.4610654832482,370.7731896351735,360.8386878503373,362.63171828959753,368.37861455286503,360.4743577066845,356.8259812939819,350.25002181655384,356.6993487554677,367.54416522771686,365.35829162597656,360.39283752441406,358.4701171471859,58.139804344465134,4.5873180324001055,0.8448756940672344,3.742442338332871,71.91989588746739,79.62805649739491,-7.708160609927518,61.6300746124426,77.44829644849582,-32.19183726908991,2.6470778640460684,6.149586019389302,9.396240234375,-2604.3572697051623,11.672756142910657,48.20034259394895,2.4853030083697116,3.087380652307162,0.12536561720803974,0.09206861621814512,10.165219116834223,8.209118086342357,-0.45194574328542103,-1011094.001666059,-990446.5108176256,19.309717814127623,0,1,0,19.309717814127623,0,0,0,1,0,7.4886641731521,8.661063829627778,338.39561251890416,356.6797790527343,374.9639455865645,10.252426746696445,0.7100993606742251,345.07745701229067,359.9354641300218,374.7934712477529,340.25214372818164,357.63352410488386,375.0149044815861,1.5919462169185308,0.1508329788361783,337.9377188723245,356.6797790527343,374.6504724123112,24307784.0,75.93046390816593,0.1947339870530008,-63235877.8633378,1265029.930658266,5251491.332559936,365.6569451011407,81553233.06046557,1018.2403613475341,-9.287406800630029,-3.52224919970193,-5.765157600928099,0.7181608118421218,0.8403974426969016,9.142083266915066,83.57768645920844,356.12303161621094,356.12303161621094,0.09050842497693787,-1.494568663100999,0.018793145515551092,83.57768645920844,370.1897055489676,1.0554351806640625,3.3563602789026166,6.776001383463546,-0.005434796190353253,-0.010830588411128828,0.06149586019389308,0.06823449224625744,0.056036887668836854,,-0.0054496184234390805,-0.1347985738851063,-0.21717310893137032,-0.17137713938501875,-0.1763560161290545
2026-08-06 00:00:00+05:30,364.4125384105161,365.3583009332048,359.8829040527344,359.8829040527344,3944657,0.0,0.0,357.3512817382812,351.38898864746096,346.15744171142575,346.2554856872559,359.93045840837533,353.99054957946106,349.88041837820066,348.0618877324401,361.48814740862167,356.3827796606924,365.21560339400304,360.68597726972894,366.5143879645162,364.481109397984,370.13341021649245,361.6403340034838,362.51367000122275,367.9486729092514,360.4702734334904,357.60994286753987,350.390746962058,356.9188054140981,365.907461390231,362.1228332519531,362.04144287109375,360.73386966685905,52.15149996031293,4.010915397161966,0.21477844706327565,3.7961369500986906,62.88471570238848,71.97094114081972,-9.086225438431235,37.9943272228891,60.01226750405214,-52.979355575994965,2.007276445233348,3.8764448604443382,7.081695556640682,-2695.9305135462196,10.158460198932175,43.506019003888575,1.7108305306966904,2.4853030083697116,0.12959829045553484,0.09887452915934908,9.335088909066258,3.2960715645884875,-2.179325315881954,-1017407.8079874725,-1002424.7912021843,16.093719482421882,0,1,0,16.093719482421882,0,0,0,1,0,7.344859366531981,5.475396880470441,339.672107760804,357.3512817382812,375.0304557157584,9.894563070533588,0.571598998846846,345.44456684843374,359.93045840837533,374.4163499683169,341.38402638661296,358.1994654340995,375.0149044815861,1.426264834309249,0.1582466153751891,339.17827508789725,357.3512817382812,375.22988067803016,20363127.0,68.37260053397789,0.12084760133376887,-67180534.86333784,-618001.9299592897,1976777.6007077633,361.70803634622456,76703257.53839959,1018.2403613475341,-9.274913682642188,-2.8078048653712706,-6.467108817270917,0.8498423916958892,0.2863959953873843,8.839586988738589,78.13829813147656,357.05804443359375,357.05804443359375,-0.060264928932029505,-1.3531284392363565,0.08825810563184455,78.13829813147656,369.76187874930247,0.671502685546875,3.3524124071712373,6.804295179579001,-0.012295050043808597,-0.024686282371669588,0.03876444860444339,0.04979936767992488,0.052719142580587075,,-0.0123712594817561,-0.1347985738851063,-0.21717310893137032,-0.17137713938501875,-0.1763560161290545
2026-08-07 00:00:00+05:30,360.3308789946687,367.0506838052369,359.8828798548727,365.3582763671875,4061190,0.0,0.0,358.2990127563477,352.04957397460936,346.5703207397461,346.3002610778809,360.4473934520717,354.43634278682293,350.18691061560634,348.2339911019401,362.2507183256604,356.93059486538755,365.696894430984,361.29751580611423,366.83973589346766,365.10306473565635,369.3755739048549,362.40890549005246,362.678972648526,367.98862735409205,360.9112285979399,358.47228403839773,351.32459989929936,357.46782660956296,364.6424553788812,362.62059020996094,362.04144287109375,362.16102901818596,57.8639008823131,3.9503912903970786,0.12340347223871007,3.8269878181583685,59.088569147570944,64.63106024580892,-5.542491098237981,26.347300436738106,41.99056742402326,-37.56309971220227,2.65710973665908,5.471830343790456,9.456695556640625,-2753.4977369618055,8.604101894746293,43.9359798822296,0.890422244561976,1.7108305306966904,0.13311689195001364,0.10595030779943689,8.683928151579218,4.51759057968178,-2.6502133706823656,-1034190.373652746,-1014707.4714967294,14.142985026041675,0,1,0,14.142985026041675,0,0,0,1,0,7.3322125510914224,7.167803950364146,341.06425450658975,358.2990127563477,375.5337710061056,9.620321371902858,0.7047972912802235,345.97581462157905,360.4473934520717,374.91897228256437,341.38402638661296,358.1994654340995,375.0149044815861,1.4102770952315016,0.16475091196645122,339.7774369903251,358.2990127563477,376.16923949412654,24424317.0,67.00692912135939,0.17182517833549407,-65037139.54938881,-650161.7339591235,4871027.5562829245,364.097280009099,82882080.43866037,1018.2403613475341,-8.955730179887297,-1.9908970900931031,-6.964833089794194,0.8848058855902127,0.8191891651208929,8.617379124878978,74.25922298189998,358.82725524902344,358.82725524902344,-0.26638321750663585,-1.208160604403114,0.22098222961953196,74.25922298189998,370.1541294642857,0.9477310180664062,3.3496737469476727,6.990766398111985,0.015214316247850412,-0.015953927279261038,0.054718303437904625,0.07332112868492824,0.08044257131769661,,0.015099739217595838,-0.1347985738851063,-0.21717310893137032,-0.17137713938501875,-0.1763560161290545
2026-08-10 00:00:00+05:30,364.6613937069503,364.6613937069503,340.47010866477274,342.2122802734375,12493406,0.0,0.0,358.1337356567383,352.37027038574223,346.70056335449215,346.21765487670905,358.7107160064875,353.95696778629804,350.0289971434842,348.1740735812585,360.7186485653832,356.5448186418122,361.8889849175938,360.0884992160932,361.0490124651593,363.04378273888256,366.04309412572286,362.4937406012961,360.6841163734914,363.5878956845803,359.8475998799447,356.8987912537853,351.28301427646375,356.17045255497163,361.14057070101404,353.7852783203125,356.7469787597656,357.7425065731794,37.48882957177197,2.011549167471401,-1.4523509205495744,3.463900088020975,38.16692307306752,53.38006930767565,-15.213146234608125,11.796293167786914,25.37930694247137,-94.95677549260016,-5.55710476609499,-0.9566921817556162,-20.136077880859375,-2860.9084763985275,5.306953831389308,31.84983137736696,0.12847260597064813,0.890422244561976,0.12818665658771433,0.11211636028845993,5.51028614163925,5.031273760269187,-19.160011281908396,-1108814.8483151759,-1037184.2022102786,8.190816243489602,0,1,0,8.190816243489602,0,0,0,1,0,8.586209347614519,24.888167702414762,340.3289282758823,358.1337356567383,375.9385430375943,9.943105386710311,0.05288886190311252,340.8767794070103,358.7107160064875,376.54465260596464,340.47010866477274,357.7425065731794,375.0149044815861,2.463623643037516,0.29272392342788056,337.89116158228194,358.1337356567383,379.02666139825436,11930911.0,53.492854636112334,0.030405298019910397,-75731082.87588689,-4006830.7363939807,-37135165.87656218,349.1145942150535,3734475.1486100405,1018.2403613475341,5.3654585278010964,9.864233294076232,-4.498774766275137,2.5500918680900937,-1.7884445523875525,8.90240369042799,79.2527914673459,358.82725524902344,358.82725524902344,-0.3517083989788786,-1.0644603559467865,0.0012993715715096334,79.2527914673459,365.888474382673,-0.165277099609375,3.333271547219278,7.462441541883688,-0.06335150341712292,-0.06615054167474466,-0.00956692181755614,0.041928431516387255,-0.006899427242592848,,-0.06544720417657938,-0.1347985738851063,-0.21717310893137032,-0.17137713938501875,-0.1763560161290545
2026-08-11 00:00:00+05:30,343.4566963815379,345.4477496938946,339.62391267903865,343.1580505371094,9711188,0.0,0.0,357.9468490600586,352.83488037109385,346.7393725585937,346.1504780578614,357.2295097713086,353.53348083534945,349.89293879484313,348.12416290420225,359.2923928397043,356.18355511833636,358.764947430481,359.01768043267265,356.51860122176674,361.23512421356577,361.26980258826046,362.0628685186609,359.0956621128695,359.2427501134298,359.1893427174499,355.9673754848811,351.73662909379937,355.09179343125174,356.44290562828775,342.68516540527344,356.7469787597656,357.31940858031237,38.44264824402532,0.5450357398598271,-2.3350914785289185,2.8801272183887456,25.822035397827293,41.025842539488586,-15.203807141661294,12.828414769850385,16.990669458125133,-90.01401860171566,-5.3731995658374165,-1.077479785707518,-19.485565185546875,-2809.0329391587184,0.8162638800700961,31.95933112173281,-0.5334368745292402,0.12847260597064813,0.1175517231586154,0.1163758487332473,2.4757479973927743,-11.829217479990575,-17.653054494846515,-1251925.9950101748,-1092557.374488915,2.3397827148437687,0,1,0,2.3397827148437687,0,0,0,1,0,8.388897038131763,5.82383701485594,339.57591057519267,357.9468490600586,376.3177875449245,10.26461807562023,0.09749474597793947,339.98474103561864,357.2295097713086,374.47427850699853,339.62391267903865,357.31940858031237,375.0149044815861,3.17163945171592,0.2925092519917516,337.8836835690427,357.9468490600586,378.81423580756274,21642099.0,48.50115629192337,0.02505484278946806,-73655994.20980094,-4355500.685781449,-30518063.203435134,342.7432376366808,6418351.024714904,1018.516730817068,10.773827081264553,12.218081478031753,-1.444254396767199,1.7834741245429995,-1.6100210160882407,9.185469242432967,84.37284520368208,358.82725524902344,358.82725524902344,-0.3986931985980994,-1.050638487533553,-0.14913868659416094,84.37284520368208,361.98348039899554,-0.1868865966796875,3.3190645786138044,7.877706298828129,0.002763694695339991,-0.06331521318099065,-0.010774797857075136,0.04308883562408172,-0.018317729170446162,,0.0027598827129772492,-0.1347985738851063,-0.21717310893137032,-0.17137713938501875,-0.1763560161290545
2026-08-12 00:00:00+05:30,343.15806742593367,345.6468841888689,337.4835530540158,344.4522399902344,11330857,0.0,0.0,357.86158142089846,353.313563232422,346.93393127441396,346.1007109069825,356.0126269350158,353.1773537433842,349.7852021848509,348.08762635779465,358.0071919759115,355.85482412300854,356.30084320333555,358.10432536617907,353.1399963275369,359.6994346703336,356.03726696460274,361.28166987617425,356.9478185656214,355.49701549511207,358.5329618123998,355.1341751888908,351.9448143721224,354.23348801554056,351.3844682667087,343.8051452636719,356.7469787597656,356.2492287678009,39.79636495016599,-0.5069130660236851,-2.7096322275299447,2.2027191615062596,11.19894927115194,25.062635914015587,-13.863686642863646,3.529092127854944,9.384600021830746,-81.43235809222834,-6.488353184206428,-0.49265213844934785,-23.899993896484432,-2710.1699564680575,-3.640366324908541,38.8326238812211,-1.112220807736956,-0.5334368745292402,0.10347416775911,0.11809667951590491,0.016253280517209003,-9.797979101637623,-17.96131023649076,-1404663.0939214458,-1193389.1923708154,-3.4512074788411358,0,1,0,-3.4512074788411358,0,0,0,1,0,8.372785187897575,8.163331134853138,339.24604429040363,357.86158142089846,376.4771185513933,10.403763967387262,0.1398346892527284,338.8552969103719,356.0126269350158,373.1699569596597,337.4835530540158,356.2492287678009,375.0149044815861,3.6845663235717465,0.2928328319493329,337.2758571782503,357.86158142089846,378.7954806298341,32972956.0,43.9477039373158,0.11703897786235856,-65641514.39871943,-1552122.0264793336,-24063443.370906178,342.52755907770637,10691680.938238751,1018.516730817068,16.218666159516722,14.130336445027137,2.0883297144895856,1.9049666693874414,-1.4406612429890877,9.307768565247406,86.63455566420775,358.82725524902344,358.82725524902344,-0.4120321409241911,-1.0649664538484513,-0.27193989980371847,86.63455566420775,358.2984130859375,-0.08526763916015626,3.3050159065788494,8.02451755099827,0.003771409270740822,-0.054644778536076966,-0.004926521384493454,0.05095296582697584,-0.03003310877823906,,0.0037643153372870198,-0.1347985738851063,-0.21717310893137032,-0.17137713938501875,-0.1763560161290545
2026-08-13 00:00:00+05:30,344.3526596276313,345.64686249175566,340.5198759770916,344.9499816894531,8279525,0.0,0.0,357.9045455932618,353.61421020507817,347.13051422119133,346.0259849548341,354.95904167353365,352.8547117020536,349.689455244348,348.0564060128361,356.77751581101194,355.5268405330882,354.26656496543427,357.2784793391467,350.5194574800944,358.32756484118954,351.06146236271053,360.25052187057594,355.1612556773138,351.9847555558454,357.94328908928793,354.79427629104435,352.43082564854143,353.49606284194437,347.4453270218125,344.70111083984375,356.7469787597656,356.2492287678009,40.33976995931746,-1.2856068032764938,-2.790660771826203,1.505053968549709,16.149155885338686,17.72338018477264,-1.5742242994339541,6.614078033225564,7.657194976976964,-80.10615565003994,-6.515579026208307,0.24972585764606173,-24.041961669921875,-2665.8928048607013,-7.082514912395823,41.4194560985624,-1.5439969505574493,-1.112220807736956,0.08742540797646026,0.11683933132942631,-2.453906171110387,-8.298731998600374,-13.425718513264428,-1523058.3803736197,-1324175.2344253394,-7.498672485351552,0,1,0,-7.498672485351552,0,0,0,1,0,8.140942425523752,5.126986514664054,339.41932063515475,357.9045455932618,376.3897705513688,10.32969554911127,0.14959680141389903,338.4591742198722,354.95904167353365,371.4589091271951,337.4835530540158,356.2492287678009,375.0149044815861,4.1411626433284825,0.2920874342114175,337.2590315708828,357.9045455932618,378.43640231695565,41252481.0,46.14565749173421,0.19483705164162385,-59612762.63878204,1654055.8965315446,-20037085.05474471,343.70557338610007,11888092.040788399,1018.6612332012688,16.3539863502171,11.41252530858201,4.941461041635089,1.2991066560284439,-1.4016127943444026,9.242612479053529,85.42588543795603,358.82725524902344,358.82725524902344,-0.4023073075279232,-1.0662714287493673,-0.4091622243152306,85.42588543795603,354.5234562465123,0.04296417236328125,3.2934750687447205,8.106604682074659,0.001445023842007398,-0.041493836453795785,0.002497258576460659,0.05026386863182375,0.0009038251097084338,,0.0014439807997484629,-0.1347985738851063,-0.21717310893137032,-0.17137713938501875,-0.1763560161290545
2026-08-14 00:00:00+05:30,344.1499938964844,344.5,334.5,335.0,7298422,1.55,0.0,357.1793457031251,353.54460021972653,347.36588317871093,345.9243818664552,353.05818056176855,352.15452692942404,349.3985749424797,347.92649152514616,354.5961305164156,354.7968715054381,350.7118272961769,355.7320869364577,345.8252226859955,355.92700881346127,345.9717989425328,358.7691884985383,350.5352580970622,347.3716008228482,356.63108864399726,353.8730690380682,352.52565408502403,351.85807621084206,344.17226380648026,339.97499084472656,353.1408386230469,354.75745224079304,33.77652228479379,-2.6747744324392215,-3.3438627207911447,0.669088288351923,13.231866663479265,13.526657273323298,-0.2947906098440338,5.581956431162093,5.2417088640808664,-98.76588626729394,-9.77200855027528,-4.149880371588957,-36.28167724609375,-2495.8681370518034,-11.281298293163445,36.74658831117235,-1.9824937659664084,-1.5439969505574493,0.06708687332284136,0.11219975731907954,-5.846702699069775,-6.739080991733715,-16.739080991733715,-1641684.3168263426,-1458175.5434044413,-13.647115071614582,0,1,0,-13.647115071614582,0,0,0,1,0,8.305873801518707,10.449981689453125,336.3208120141301,357.1793457031251,378.03787939212003,11.679585586301977,-0.031661190422675595,336.1392563533219,353.05818056176855,369.9771047702152,334.5,354.75745224079304,375.0149044815861,4.895926467451166,0.3037404296703314,336.8344873060343,357.1793457031251,378.14967806447066,33954059.0,36.37829001989006,0.09954809504404227,-66181342.43878204,725302.756260395,-27548810.7986243,338.0,-9163993.51266974,1015.7767623453142,15.140262973226422,8.159041545273066,6.981221427953356,1.0824250132918645,-2.126644761690704,10.42926684449747,108.7696069137342,358.82725524902344,358.82725524902344,-0.6367289228121883,-0.6223379199350526,-0.49081318915140576,108.7696069137342,349.42970014299664,-0.7251998901367187,3.278366228279899,8.617633056640631,-0.02884470855954635,-0.08309179873806183,-0.04149880371588954,0.010131330287035833,-0.029750895316353998,,-0.029268894085307938,-0.1347985738851063,-0.21717310893137032,-0.17137713938501875,-0.1763560161290545
2026-08-17 00:00:00+05:30,335.5,340.20001220703125,333.20001220703125,340.0,5176231,0.0,0.0,356.2907653808594,353.58483276367184,347.6084378051758,345.76784500122073,351.8145443177906,351.67787881454467,349.2124645475791,347.8476209627069,352.9600023542132,354.26571071250765,348.5664585710372,354.6571863187713,343.32939167886957,354.26967258025434,341.68410016344734,357.1084317887875,349.1259521974096,344.1596559063121,355.7084662473423,353.0070491902224,352.8784089340021,350.8865810788473,342.08472115083384,337.5,353.1408386230469,354.10745834430867,39.13549875046327,-3.3338114703024075,-3.202319806923464,-0.13149166337894314,12.463359228089065,13.948127258969004,-1.4847680308799394,8.260224698445406,6.818753054277687,-83.73788039839893,-7.218754517842521,-4.9673048741583115,-26.453369140625,-2235.4528717964868,-13.786928036116592,43.299430672389235,-2.4164277622527415,-1.9824937659664084,0.045886332125166795,0.10418799561594404,-8.275475710417249,-9.433485785883363,-16.433485785883363,-1779767.2143654334,-1585652.617114467,-20.21106465657552,0,1,0,-20.21106465657552,0,0,0,1,0,8.212597101410228,7.0,334.0688692204488,356.2907653808594,378.51266154127,12.474023084295414,0.13345240065782077,335.17361289110073,351.8145443177906,368.45547574448045,333.20001220703125,354.10745834430867,375.0149044815861,5.388926452293177,0.2956169378709454,336.7069600344522,356.2907653808594,376.64718258849746,39130290.0,31.068294574069803,0.09546534739991026,-61300914.120614484,1832285.2313609272,-19915958.54167797,337.8000081380208,-1438275.6022219788,1017.2692996587471,11.617073870736204,3.708681954226278,7.908391916509927,0.7492018266450684,-1.4661903973687171,11.110948080205302,123.4531672410179,358.1136932373047,358.1136932373047,-0.4755679765468706,-1.1027456970409133,-0.49771946774379,123.4531672410179,346.29847630092075,-0.888580322265625,3.270335754721589,8.878678385416672,0.014925373134328401,-0.006464643149771909,-0.04967304874158307,0.009479363069871516,-0.009677606021621488,,0.014815085785140682,-0.1347985738851063,-0.21717310893137032,-0.17137713938501875,-0.1763560161290545
2026-08-18 00:00:00+05:30,340.0,341.8500061035156,338.5,338.5,5976016,0.0,0.0,355.39854125976564,353.4238067626953,347.7680795288086,345.63871887207034,350.546492478001,351.16109925318995,349.0003365367359,347.7546098088491,351.2656437465123,353.67414864334404,346.4604632330335,353.527057472812,340.9640252607834,352.5654439800088,338.10497926522123,355.30436206530766,347.6435262902928,341.15752082464695,354.7333266778999,352.16123813845576,352.72139973541834,349.86504017415115,340.418460153526,339.25,353.1408386230469,354.10745834430867,38.13839977325929,-3.9318169960322393,-3.040260266122637,-0.8915567299096024,10.057038077070544,11.917421322879623,-1.8603832458090785,9.387565108287701,7.743248745965065,-87.32511910309549,-7.60298356924408,-5.007649424117918,-27.853820800781307,-2026.8494649983477,-13.655425078287124,38.882733656904065,-2.433025237803465,-2.4164277622527415,0.02417601841497863,0.09294470686115947,-10.4401221211842,-6.192992176125472,-9.542998279641097,-1923096.1623129884,-1714842.93417836,-23.909856160481777,0,1,0,-23.909856160481777,0,0,0,1,0,7.865269172989186,3.350006103515625,331.7956986689143,355.39854125976564,379.00138385061695,13.282464529644578,0.1420231759221308,334.85231526270724,350.546492478001,366.2406696932948,333.20001220703125,354.10745834430867,375.0149044815861,5.8829319099459605,0.2956483923124141,336.3952449952701,355.39854125976564,375.48745466983274,33154274.0,30.405854015687847,0.028277054878766143,-67276930.12061448,217110.6774147004,-18351396.464295406,339.6166687011719,-4074753.2492808024,1017.2692996587471,9.633109840344941,1.3797743390680122,8.25333550127693,0.8353496083211893,-1.4319072963114763,11.80142129542566,139.27354459212629,357.8922424316406,357.8922424316406,-0.34471562256706567,-1.4276370138833498,-0.4723503593288033,139.27354459212629,342.99984872000556,-0.89222412109375,3.2635401420557923,9.25623860677084,-0.004411764705882337,-0.01357406748819856,-0.050076494241179215,0.018719811200145875,-0.019060022963542145,,-0.004421525257877374,-0.1347985738851063,-0.21717310893137032,-0.17137713938501875,-0.1763560161290545
2026-08-19 00:00:00+05:30,339.20001220703125,340.70001220703125,336.29998779296875,337.0,5097595,0.0,0.0,354.50021514892586,353.29774108886716,348.00376373291016,345.518705444336,349.256350337239,350.60576202757466,348.7627061102659,347.64759876597503,349.5134017217727,353.030077789905,344.3921952739599,352.34537827671835,338.7152089872612,350.81969557670277,335.21762177174224,353.4244027076068,346.1798517087431,338.5822422648963,353.75983550456317,351.4579949493277,352.57707668178864,348.7975455396008,339.1420523588841,337.75,353.1408386230469,354.10745834430867,37.11990469717953,-4.475190932190515,-2.8669073618247296,-1.608283570365785,12.674880896904508,11.731759400688038,0.9431214962164702,12.616316432632441,10.088035413121847,-90.91235780779205,-7.50975820555723,-5.06146948861385,-27.362762451171875,-1844.9660423705254,-13.542441403568773,46.694715192269236,-2.46954678137958,-2.433025237803465,0.0022450193489564896,0.07879434340487299,-12.341789492010081,-5.765414889803992,-10.165439303866492,-2049182.6753843105,-1849432.2909279158,-26.694829305013027,0,1,0,-26.694829305013027,0,0,0,1,0,7.617751690208708,4.4000244140625,329.5017847508057,354.50021514892586,379.498645547046,14.103478265940282,0.14997372094525874,334.218756777866,349.256350337239,364.29394389661195,333.20001220703125,354.10745834430867,375.0149044815861,6.379536964179689,0.29568843134830164,335.6345711874249,354.50021514892586,374.6949082767643,28056679.0,25.286362160852725,-0.009452941297362056,-70752543.79019418,-1569256.960194543,-16822110.18368178,338.0,-6333657.9760164,1016.8261681964133,6.893535541916745,-1.0878399674881472,7.981375509404892,0.6947878470942401,-1.4001051162189644,12.499215199060082,156.23038059241458,357.8922424316406,357.8922424316406,-0.23665169673109623,-1.648612087615764,-0.41265672992910174,156.23038059241458,339.5397748674665,-0.8983261108398437,3.258902064086413,9.450809326171882,-0.004431314623338234,-0.021635045806192577,-0.050614694886138456,0.007935743687426777,-0.023406876628400908,,-0.0044411619999679365,-0.1347985738851063,-0.21717310893137032,-0.17137713938501875,-0.1763560161290545
2026-08-20 00:00:00+05:30,338.0,338.6000061035156,327.5,328.1000061035156,7840724,0.0,0.0,353.265155029297,353.2289086914063,348.2818441772461,345.3332453918457,347.2414604102177,349.72318336388605,348.35354373389464,347.45309535639836,346.99909609840034,352.0419313198912,341.0175625618507,350.54661163226444,334.6509981635675,348.20050058602396,332.2503066527791,351.2348031566894,343.3831987237225,334.03552736727227,351.9141954614155,349.9443424127131,352.324202981383,346.90929590245196,337.197508299357,332.5500030517578,347.2766876220703,351.25745224079304,31.70908236143098,-5.559882948761356,-3.1612795027164564,-2.3986034460448993,7.67509920059602,10.135672724857024,-2.4605735242610036,7.441077639557656,9.814986393492598,-98.7372254873244,-8.831455340418598,-7.001450618004776,-31.78289794921875,-1628.3474827659638,-14.688846425035706,38.58205177515281,-2.7013303814937286,-2.46954678137958,-0.022108466833381524,0.06154708131782908,-14.683071322439991,-5.241789422845386,-16.34179552636101,-2205415.6277028075,-1988290.0862438064,-30.087778727213557,0,1,0,-30.087778727213557,0,0,0,1,0,7.866484148302059,11.100006103515625,325.61335704717686,353.265155029297,380.9169530114171,15.654981867558886,0.04496360522282585,331.521731741544,347.2414604102177,362.96118907889144,327.5,351.25745224079304,375.0149044815861,6.965825051436181,0.3077840732465994,333.9596696514009,353.265155029297,374.3309467338254,20215955.0,20.06066130014898,-0.05801404340882775,-77745613.79575333,-4382451.726422191,-24387865.26372989,331.40000406901044,-27040600.333291933,1016.8261681964133,8.012820949054813,0.0251563517199358,7.987664597334877,1.0147813851506722,-1.8201455791086971,13.825898991060054,191.1554829109954,357.8922424316406,357.8922424316406,-0.2832897012852266,-1.5068623300229695,-0.2579151832040575,191.1554829109954,334.46697823660713,-1.2350601196289035,3.2536853246805038,10.062408447265627,-0.026409477437639106,-0.04884759089828561,-0.07001450618004779,-0.018683312594076296,-0.049466601571859226,,-0.026764471782698144,-0.1347985738851063,-0.21717310893137032,-0.17137713938501875,-0.1763560161290545
2026-08-21 00:00:00+05:30,328.5,330.45001220703125,325.29998779296875,326.6499938964844,4327678,0.0,0.0,351.80257568359383,352.91060729980467,348.37810363769535,345.18170654296875,345.2803683612907,348.8183524043801,347.9237704697875,347.24609932197137,344.4643188476563,350.99962093577665,337.874901311358,348.74014197564975,331.04563757816135,345.6197549673339,329.2513102094642,348.7689962561422,339.28833785550603,331.85002071510644,349.70298706479747,348.9066400275654,352.01441315784984,345.0683985411208,334.54142841407116,327.375,346.5019073486328,347.9672780669539,30.91833251173869,-6.46202287627932,-3.2507355441875365,-3.211287332091784,4.442763139165561,8.264247745555362,-3.8214846063898014,3.2287513243447403,7.7620484655116115,-97.02212728738687,-10.594609449000423,-8.219010111571736,-38.708282470703125,-1439.2760148860382,-16.089664133101223,33.38690386905328,-3.02616783155364,-2.7013303814937286,-0.047911221324226094,0.04198065043872459,-16.282461492294892,-10.935811657918805,-16.085836071981305,-2408563.799023581,-2140142.7612518007,-33.42430114746095,0,1,0,-33.42430114746095,0,0,0,1,0,7.672451310142091,5.1500244140625,321.74793257200054,351.80257568359383,381.8572187951871,17.086084746931476,0.08155247936703855,330.0767996774311,345.2803683612907,360.4839370451503,325.29998779296875,350.1574461372774,375.0149044815861,7.536007299931385,0.3042892873797289,333.18061679462767,351.80257568359383,372.4772198849085,15888277.0,19.984276152888807,-0.08949395334168614,-79804412.56555115,-5789971.764230788,-21800339.644354276,327.46666463216144,-28953183.634531118,1016.3842260507085,4.48347461921288,-2.803351982497598,7.286826601710478,0.558182167739979,-1.6737900825318457,15.027321555796647,225.82039314131055,352.41644287109375,352.41644287109375,-0.220339150692475,-1.5562761201201836,-0.038906074134610634,225.82039314131055,329.7878051757813,-1.462579345703125,3.247417138610863,10.72086385091146,-0.004419421457047323,-0.024925391353778026,-0.08219010111571734,-0.01708853558440282,-0.042034290583022216,,-0.004429215968089201,-0.1347985738851063,-0.21717310893137032,-0.17137713938501875,-0.1763560161290545
2026-08-24 00:00:00+05:30,326.6499938964844,328.6499938964844,323.54998779296875,327.8999938964844,5668109,0.0,0.0,350.08015747070317,352.5425024414062,348.46028869628907,345.0746987915039,343.6250946027377,347.99802461975673,347.52726004259335,347.05360076052375,342.1878824869792,350.018812567019,335.42728149029824,347.1347231990835,328.5315392941857,343.3824011988349,326.8451778699205,346.15601469901736,338.0373478097506,330.02067943327336,347.732497586613,346.8562459909894,351.60221956950164,343.5643667231968,331.71670286235326,327.2749938964844,346.00413513183594,347.0922780669539,32.48148506186382,-6.995471276741796,-3.0273471557200096,-3.9681241210217864,4.493117837587249,5.5369933924496095,-1.0438755548623604,1.9141171103587724,4.194648691420389,-90.76129371252698,-4.182283103784935,-9.506974016187907,-14.312286376953125,-1332.9843783803765,-17.366442443684775,34.24369205316622,-3.394575253138183,-3.02616783155364,-0.07351006150631001,0.02075156325373288,-17.531869312840417,-10.809282830113489,-15.909288933629114,-2512397.096832393,-2298256.4376115804,-33.196080525716155,0,1,0,-33.196080525716155,0,0,0,1,0,7.488705223954487,5.100006103515625,318.6531397015321,350.08015747070317,381.50717523987424,17.954183976737426,0.1471163166494142,328.8980551071475,343.6250946027377,358.3521340983279,323.54998779296875,349.2824461372774,375.0149044815861,8.010847171095905,0.29456939401452004,332.4451241657264,350.08015747070317,370.0763054660303,21556386.0,19.63970777303523,-0.1281938461131788,-75803392.45278583,-4566362.492524356,-17673843.08801795,326.6999918619792,-26784153.669006217,1016.3842260507085,3.3076680070353177,-3.1833268757401285,6.490994882775446,0.8016407862688985,-1.4115347334023436,15.713508884585531,246.91436146594845,344.70111083984375,344.70111083984375,-0.04930801345352561,-1.6343519523500831,0.187058689237081,246.91436146594845,326.40333251953126,-1.722418212890625,3.2538306269898136,11.308124796549482,0.003826725924862995,-0.035588253245634194,-0.09506974016187908,0.005280972453409527,-0.007586202373914053,,0.0038194226350737673,-0.1347985738851063,-0.21717310893137032,-0.17137713938501875,-0.1763560161290545
2026-08-25 00:00:00+05:30,327.8999938964844,329.0,323.45001220703125,326.0,4219283,0.0,0.0,348.24797668457035,352.04387939453125,348.4964074707031,344.9473568725586,341.9465141643817,347.13535698760944,347.1009776655123,346.84411219574247,339.89453415643607,348.97793011833636,333.01072952318583,345.47707299568384,326.1040361530663,341.1080940936535,324.84061823593066,343.43767823738574,336.34170172732416,327.8804013929393,345.74430073157737,345.5598843852846,351.22218601311306,342.0167389451414,329.25675523081827,326.9499969482422,345.67913818359375,345.25034800613406,31.321356831518305,-7.485261174524624,-2.8137096428022694,-4.671551531722354,6.02169492243618,4.985858633062996,1.0358362893731838,2.4126831011702494,2.5185171786245872,-94.15149423277761,-5.000043131802875,-10.104580401790576,-17.158050537109375,-1292.5558808499704,-19.547031345308255,39.60835175573475,-3.707473221068559,-3.394575253138183,-0.09874058419846454,-0.0017167425193309604,-17.54922594471132,-8.536522908512438,-14.086510701481188,-2508734.2891570637,-2426011.9514286364,-34.923802693684905,0,1,0,-34.923802693684905,0,0,0,1,0,7.350225407455507,5.54998779296875,315.6539874429073,348.24797668457035,380.8419659262334,18.718839116866103,0.1587104370745141,327.56490932685364,341.9465141643817,356.3281190019098,323.45001220703125,349.23245834430867,375.0149044815861,8.497923221213037,0.2937741265746119,330.76058771093494,348.24797668457035,368.09375171141437,17337103.0,19.53026518860505,-0.1287537783321596,-76145506.51244646,-3759525.6737615317,-16294238.639378287,326.15000406901044,-29228988.09924749,1015.8047829485888,0.4218524362092365,-4.855313957252969,5.277166393462205,0.6469860049400102,-1.3651582517019427,16.296994620831537,265.5920336714121,343.8051452636719,343.8051452636719,0.116767619200011,-1.6134814179789307,0.36828753966421446,265.5920336714121,323.1876491001674,-1.8321807861328125,3.2586061801277437,12.004650878906252,-0.00579443102119781,-0.03692762186115217,-0.10104580401790575,0.0189806995564219,0.017276147914969897,,-0.00581128386994038,-0.1347985738851063,-0.21717310893137032,-0.17137713938501875,-0.1763560161290545
2026-08-26 00:00:00+05:30,326.1000061035156,329.45001220703125,321.95001220703125,322.20001220703125,3061499,0.0,0.0,345.94036560058595,351.42594970703124,348.4768096923828,344.8132940673828,340.06589493034835,346.1575003295476,346.6078892405919,346.59889727048164,337.41377563476567,347.8075823854932,330.2796247575219,343.6247377442655,323.26122479879564,338.58690603301136,322.9474537031165,340.5625507571568,333.61204479403796,325.17274818643165,343.62094838594567,343.71204753899804,350.88516871305325,340.21956082758464,327.1931222631307,324.1000061035156,343.7791442871094,344.50034800613406,29.083982402968502,-8.08683050613513,-2.7322231795302194,-5.35460732660491,5.2138425084219335,5.242885089481787,-0.029042581059853134,2.4126831011702494,2.2464944375664233,-99.44568452942961,-6.460177986891304,-12.529372006979868,-22.252227783203125,-1304.3105932571025,-21.559613437399435,29.91783482044597,-4.06711339431748,-3.707473221068559,-0.12409993126669683,-0.025219557990792858,-17.684347809807907,-5.895580601269614,-13.395580601269614,-2457080.3510533767,-2484651.1536759785,-32.79556783040365,0,1,0,-32.79556783040365,0,0,0,1,0,7.360923592637256,7.5,312.8088491778542,345.94036560058595,379.0718820233177,19.15446690657925,0.141725523657796,325.625395315442,340.06589493034835,354.5063945452547,321.95001220703125,348.48245834430867,375.0149044815861,9.028199448806097,0.2837813659409635,328.89255273220493,345.94036560058595,365.7262290573462,14275604.0,19.793861695703864,-0.16108560237540223,-79002905.57911313,-3996853.435137823,-15628441.523493681,324.53334554036456,-32797595.101758543,1014.6391425212978,-3.59954125186122,-7.101366116258741,3.5018248643975207,0.537623073402546,-1.433097905368816,16.565758211365875,274.42434511743585,342.68516540527344,342.68516540527344,0.24679456312244777,-1.4410305994512977,0.5251523332103661,274.42434511743585,320.360595703125,-2.3076110839843778,3.260507135019543,12.806766493055559,-0.011656404272910259,-0.043916877723942926,-0.12529372006979866,0.005247489297313557,-0.03311008525016779,,-0.011724872737331391,-0.1347985738851063,-0.21717310893137032,-0.17137713938501875,-0.1763560161290545
2026-08-27 00:00:00+05:30,323.1499938964844,324.54998779296875,317.29998779296875,320.8999938964844,6223407,0.0,0.0,343.53576812744143,350.78300415039064,348.313307800293,344.6744165039063,338.2405710223613,345.1670098811922,346.0988220060551,346.3431867891484,335.02897832961315,346.6104860791973,327.7348430444824,341.78192363318755,320.7339241153492,336.1227547444649,321.10900576901116,337.5858605432952,330.9135982892872,323.42296148229235,341.3573193112977,341.65687034206286,350.1833276647171,338.4760380134665,325.3458422138269,321.5500030517578,332.92498779296875,340.98069074995954,28.338182961215715,-8.569693061302303,-2.572068587757914,-5.997624473544389,4.667986610546196,5.301174680468103,-0.633188069921907,0.49856599081147684,1.7746440643839918,-92.39886140615418,-6.972021762453707,-13.033333201004902,-24.04998779296875,-1357.7184152738112,-23.1845848696247,32.408204498217636,-4.4491406678367,-4.06711339431748,-0.14909363163159162,-0.04923961409684097,-18.09368367463548,-8.731948027929775,-15.981948027929775,-2453975.096269405,-2483000.245587113,-31.59634908040365,0,1,0,-31.59634908040365,0,0,0,1,0,7.353000478877453,7.25,310.46784519047554,343.53576812744143,376.6036910644073,19.251516729808866,0.1577381912661192,323.7944047041127,338.2405710223613,352.68673734060985,317.29998779296875,346.1574461372774,375.0149044815861,9.20861864747107,0.2822422253222358,326.37118337068557,343.53576812744143,363.51639067523126,8052197.0,14.946073075172535,-0.1662582787199729,-79045815.14886157,-3744244.797426462,-14551598.884992527,320.9166564941406,-35308626.37036911,1014.6391425212978,-2.2625658870032526,-4.6115126011206184,2.348946714117366,1.1338175375290376,-1.3690472349355223,16.533961468482953,273.37188184127893,341.10614013671875,341.10614013671875,0.3749781250951301,-1.2231111511098611,0.6322148123088466,273.37188184127893,318.0153987339565,-2.4045974731445314,3.261488490899016,13.631324869791671,-0.004034817694890558,-0.021944565903969093,-0.13033333201004904,-0.027333001502857224,-0.029344930084502674,,-0.004042979533557855,-0.1347985738851063,-0.21717310893137032,-0.17137713938501875,-0.1763560161290545
2026-08-28 00:00:00+05:30,320.8999938964844,321.95001220703125,316.0,316.79998779296875,4333649,0.0,0.0,340.81168365478516,350.1240020751953,348.0679595947266,344.51407608032224,336.1986107148001,344.05457764243835,345.51864707114254,346.0492246100819,332.4827135358538,345.2778187710631,324.8459403613067,339.73343242967036,317.74549441891594,333.3968409625956,319.0312916413013,334.4751327851322,328.40624405346495,320.58267711121096,338.6080761003308,339.8596690113591,349.6740642232304,336.45849313849567,323.1302503039681,318.84999084472656,330.87498474121094,330.8234420944344,26.067832895166813,-9.177409874191767,-2.5438283205179024,-6.6335815536738645,3.6179471610159673,4.499925426661365,-0.8819782656453978,0.0,0.9704163639939087,-97.3016125813683,-5.432839464785448,-14.673950478039163,-18.20001220703125,-1434.2081801330746,-24.2157554143555,33.42175223999433,-4.84170759626957,-4.4491406678367,-0.17428163727426504,-0.07370272180788895,-17.707187327861963,-8.97735960987734,-14.92737181690859,-2476911.8319066875,-2467959.502618219,-29.82942199707031,0,1,0,-29.82942199707031,0,0,0,1,0,7.252787030888439,5.95001220703125,308.3978480514388,340.81168365478516,373.2255192581315,19.02155187624316,0.12960730479953622,321.9949341017121,336.1986107148001,350.40228732788813,316.0,345.50745224079304,375.0149044815861,9.229130830948586,0.2785286944009595,323.5605582588372,340.81168365478516,361.1977419625233,3718548.0,16.45015228793328,-0.206133305560689,-82214133.32990481,-4308620.2489286065,-15011082.951492792,318.25,-40845549.92550821,1013.3614840041593,-3.9159161386453896,-5.011890282210205,1.0959741435648147,0.8346107886399232,-1.4815707808018541,16.206917801673182,262.6641846301911,339.25,339.25,0.40800747813221894,-1.0109300195621194,0.7246304964175556,262.6641846301911,315.8247732979911,-2.72408447265625,3.2646446281001076,14.666394042968752,-0.012776585171385801,-0.03015461897310523,-0.14673950478039166,-0.06405246837416867,0.0018238751716246338,,-0.012858907687843944,-0.1347985738851063,-0.21717310893137032,-0.17137713938501875,-0.1763560161290545
2026-08-31 00:00:00+05:30,316.8500061035156,323.29998779296875,311.1000061035156,323.29998779296875,8007477,0.0,0.0,338.6540145874023,349.3095709228516,347.85808441162106,344.4016444396973,334.97017043653045,343.2406721581454,345.0786736200896,345.82286404473757,330.8149329775856,344.22589664234835,323.58726081731623,338.3069959982241,317.1356884861677,331.6303881884756,317.6669440820206,331.5187368853979,327.6812217377099,319.3938483945182,336.46487154201515,338.0346387899019,348.43827828115315,335.3559851245573,321.69962205739057,320.04998779296875,330.87498474121094,328.37344514619224,34.96373428193018,-9.03043689427102,-1.917484272477724,-7.112952621793296,15.204602420147387,7.83017873056985,7.374423689577537,20.777140824863405,7.091902271891627,-64.68571875203534,-4.911768296185662,-11.775954318241324,-16.70001220703125,-1518.9739550515665,-25.18675880833746,48.83532594640328,-6.221054965384985,-4.84170759626957,-0.19652646547254626,-0.09822522001761394,-16.195277400175346,-6.537757734805609,-18.737739424258734,-2379019.142778464,-2449645.5583640044,-27.15229288736979,0,1,0,-27.15229288736979,0,0,0,1,0,7.606158077928774,12.199981689453125,307.7154600357588,338.6540145874023,369.5925691390458,18.27148252728518,0.25186257055409356,319.7954188933645,334.97017043653045,350.1449219796964,311.1000061035156,340.86728722222733,370.634568340939,9.159268714287654,0.2950706847413579,320.59684039733565,338.6540145874023,358.8823053830788,11726025.0,25.74629148196691,-0.1118030450212751,-74206656.32990481,-1599974.7746405452,-5431128.172708109,319.2333272298177,-24416066.8113819,1013.3614840041593,0.08217666292504856,-0.811037984511813,0.8932146474368615,1.4624076509516306,-0.9925497177836258,15.469277275821753,239.29853943625528,337.75,337.75,0.5861377454841177,-0.6766112605258425,0.7482791050600262,239.29853943625528,315.13676975795204,-2.1576690673828125,3.268394878378331,15.059930419921876,0.020517677558270053,-0.014028686151692393,-0.11775954318241322,-0.04345825534755432,-0.008194600270525765,,0.020310025565814887,-0.1347985738851063,-0.21717310893137032,-0.17137713938501875,-0.1763560161290545
2026-09-01 00:00:00+05:30,318.3999938964844,318.3999938964844,313.0,314.04998779296875,6496998,0.0,0.0,336.03882293701173,348.4666345214844,347.5832678222656,344.2477781677247,332.9777720895246,342.09593943794243,344.46424419777037,345.50671602233194,328.4716923304967,342.8431678921568,320.87630297723024,336.2558995335093,314.38904085054713,328.97029941274934,316.0473944223907,328.48319766366205,325.125026899431,316.69919384132004,333.4563566462192,336.0182774916323,347.4838634990181,333.37718032206135,320.05176682335815,318.67498779296875,329.49998474121094,328.37343429763564,29.520116224413165,-9.550267899811502,-1.949852222414565,-7.600415677396937,15.5172476112898,11.446599064151052,4.070648547138749,28.840244694900463,16.539128506587954,-91.46092583272694,-7.223046442254431,-14.276862977295037,-24.45001220703125,-1555.8986190278852,-26.343842471206585,43.54990445572243,-6.910728649942692,-6.221054965384985,-0.2188593774412273,-0.12279237521652325,-16.08667957708732,-9.182357669174905,-14.58235156565928,-2209560.008625273,-2395899.509044163,-25.3134765625,0,1,0,-25.3134765625,0,0,0,1,0,7.798574486145915,10.29998779296875,306.1338275008824,336.03882293701173,365.9438183731411,17.798535999356748,0.13235514964370404,317.28633254228515,332.9777720895246,348.66921163676403,311.1000061035156,340.86728722222733,370.634568340939,9.267901059935824,0.3048194630984351,317.84955165542635,336.03882293701173,356.489488428332,5229027.0,27.492756781642463,-0.12936889493552903,-78177070.51454768,-1609753.887123555,-13240571.505178379,315.1499938964844,-43004756.501801684,1010.5003641930681,1.030365484085648,0.10972066931902913,0.9206448147666189,1.1753652131481238,-1.4705794014251838,14.952497718064677,223.5771880087294,336.0,336.0,0.605963167696439,-0.31066710525045715,0.8049136391427971,223.5771880087294,313.3374311174665,-2.615191650390628,3.267458574834384,15.621395399305555,-0.02861119811091184,-0.03665647916267256,-0.14276862977295035,-0.09378499590473344,-0.032666206254888586,,-0.029028476943106524,-0.1347985738851063,-0.21717310893137032,-0.17137713938501875,-0.1763560161290545
2026-09-02 00:00:00+05:30,312.0,318.5,310.3999938964844,316.45001220703125,4975534,0.0,0.0,333.64318542480464,347.6372497558594,347.27684173583987,344.0897807312012,331.4036997197633,341.0902168014361,343.909506930627,345.217594591334,326.60609130859376,341.5876140759038,319.03059075980826,334.5129155366119,312.91539373540195,326.8046760743295,314.7011532526718,325.5112167818694,323.95383584290687,315.56593902886544,330.72897328968855,334.54009377660105,346.7338528433272,331.88789029626736,318.78254682796654,315.25,327.0249938964844,327.4499969482422,32.45843924295435,-9.657253003317635,-1.6454698607365579,-8.011783142581077,20.53178047337052,17.084543501602568,3.4472369717679534,45.14156537081739,31.586316963527082,-82.25801399512613,-6.097919226400222,-13.14973844248461,-20.54998779296875,-1601.7898066580742,-27.64245289562541,43.99901533976697,-7.255565492221546,-6.910728649942692,-0.23957149049094184,-0.14695493340069662,-15.658962355222254,-7.492017371569602,-15.592023475085227,-2054240.150374487,-2284718.380848108,-22.678761800130207,0,1,0,-22.678761800130207,0,0,0,1,0,7.8201053159580365,8.100006103515625,305.67831668756975,333.64318542480464,361.60805416203954,16.763338775601948,0.19259335026162874,315.66382468111516,331.4036997197633,347.1435747584115,310.3999938964844,338.7253388508606,367.0506838052369,9.258948634932738,0.30958924514329295,315.32717510226524,333.64318542480464,353.82684744364286,10204561.0,17.806882807331082,-0.09713497743286731,-75719999.79300718,-685617.9410924911,-9643146.565438889,315.1166687011719,-39202367.22074552,1011.2645815174913,-0.3179951915693689,-0.9909120050687903,0.6729168134994213,0.9021107633960674,-1.2296265989534856,13.98243436861744,195.5084708726942,331.5500030517578,331.5500030517578,0.6711369531789125,0.07002098069857933,0.834342973309235,195.5084708726942,312.53190307617183,-2.3956375122070312,3.268486012807255,16.113465033637155,0.00764217324423111,-0.017846057672726956,-0.13149738442484604,-0.07822025817997502,-0.05492687496291726,,0.0076131197655440646,-0.1347985738851063,-0.21717310893137032,-0.17137713938501875,-0.1763560161290545
2026-09-03 00:00:00+05:30,318.0,320.70001220703125,312.20001220703125,313.6000061035156,4295735,0.0,0.0,331.32904052734375,346.73117980957034,346.82823577880856,343.9288491821289,329.70810985154924,340.0121693230863,343.30931879543664,344.9029917208084,324.69721708751865,340.2528202071844,316.9792871022533,332.65703033454656,311.12465350886293,324.503740489176,313.44035675180936,322.5906351278117,322.92378897142515,314.1358513414066,327.7952227669924,333.06639861129867,345.9394681912911,330.2492002973688,317.32788387160866,315.02500915527344,326.8000030517578,326.125,30.81551117817582,-9.8583699900679,-1.4772694779894575,-8.381100512078442,12.151991933350635,16.067006672670317,-3.915014739319682,36.47492266546507,36.81891091039431,-89.825084372095,-4.419384251832427,-12.860543645728951,-14.5,-1706.533005607259,-27.649222201606165,41.51253768543488,-5.03652769776773,-7.255565492221546,-0.2592067415643773,-0.17043221342738007,-15.003287260746488,-3.521717840530698,-12.021717840530698,-1961149.3113606551,-2144628.1286897734,-23.493382771809895,0,1,0,-23.493382771809895,0,0,0,1,0,7.868669221961034,8.5,304.8883947111816,331.32904052734375,357.7696863435059,15.960355164810895,0.164739005486185,313.84822291181996,329.70810985154924,345.5679967912785,310.3999938964844,338.7253388508606,367.0506838052369,9.122156292689896,0.3090557237822869,312.64785210995444,331.32904052734375,351.90367523121444,5908826.0,24.11024239929745,-0.08861441490500906,-78600675.31514499,-1161811.9982970357,-10014535.76595986,315.50001017252606,-43071183.9364409,1010.363963412395,-2.3628852040796584,-2.4286416140632636,0.06575640998360538,0.832355652323515,-1.341043978055259,13.220322908081082,174.77693779393343,328.0,328.0,0.7227391164755245,0.6090230159407864,0.8609525812320085,174.77693779393343,311.4335702078683,-2.3141448974609373,3.2719299855871333,16.690180799696183,-0.009006181050961848,-0.022748482180786733,-0.1286054364572895,-0.054115738318527784,-0.029535663747101704,,-0.009046981857232926,-0.1347985738851063,-0.21717310893137032,-0.17137713938501875,-0.1763560161290545
2026-09-04 00:00:00+05:30,313.6000061035156,320.20001220703125,313.20001220703125,318.70001220703125,5894088,0.0,0.0,328.9961273193359,345.9271099853516,346.34106414794917,343.7914915466309,328.65971959969033,339.17639845579004,342.82200579368606,344.64226555649225,323.49445248558413,339.15355873257505,316.194622122455,331.30670075116325,311.13618126029945,322.9787678195667,312.8248457171287,319.94143242725653,322.77288338727914,313.6943445962801,325.56586717900984,331.415228424625,345.3746367259158,329.2980214214356,316.5634177570559,316.15000915527344,326.0500030517578,326.125,36.96426783863914,-9.49675608835173,-0.8925244610186311,-8.6042316273331,18.102682196587715,16.928818201102956,1.1738639954847585,58.50274176400556,46.70640993342934,-73.6088550430157,-2.43379208265728,-12.77055076569947,-7.949981689453125,-1930.1565687976029,-27.045316302847652,46.55724221543727,-3.612245814947766,-5.03652769776773,-0.2755126153550891,-0.19287694163279998,-13.733633590197027,-3.232901006169186,-10.232901006169186,-1910220.7345814456,-2025093.2777795005,-22.833704630533855,0,1,0,-22.833704630533855,0,0,0,1,0,7.806621420392389,7.0,307.4095057224967,328.9961273193359,350.58274891617515,13.122720788677515,0.26151629225269174,312.97696474945906,328.65971959969033,344.3424744499216,310.3999938964844,337.53069380171735,364.6613937069503,8.977037869009907,0.3100496261852187,310.33115745971776,328.9961273193359,349.5450295933867,11802914.0,31.545212534849714,-0.07800234601860812,-75232625.0294307,-179347.02185373008,-4289618.545871566,317.36667887369794,-33485761.682100832,1010.363963412395,-1.6797444006610476,-1.3964006485157223,-0.2833437521453252,1.108415919962357,-0.9539348309892334,10.793310798419608,116.4955579912813,327.2749938964844,327.2749938964844,0.13402922209456852,-1.4492315398744988,0.9103610135072452,116.4955579912813,312.4911028180804,-2.3329132080078123,3.2775651849328202,16.934942898220488,0.016262774248263723,0.005997552043165433,-0.12770550765699473,-0.06966574766070399,-0.0165715898974097,,0.016131951786873048,-0.1347985738851063,-0.21717310893137032,-0.17137713938501875,-0.1763560161290545
2026-09-07 00:00:00+05:30,319.0,321.3999938964844,316.04998779296875,316.3999938964844,3769684,0.0,0.0,327.7055130004882,345.07113464355473,345.7383734130859,343.6332440185547,327.4921266755755,338.283206120131,342.2987976373058,344.3612479280345,322.2948207310268,337.995632611443,315.15778774102057,329.8639588265231,310.6994084995908,321.33461287537995,312.57113747072424,317.526827477667,322.40633852627553,313.0377391864409,323.24744756384035,329.84539046039635,344.45143397882015,328.21707073157927,316.26378769560307,317.5500030517578,325.3000030517578,325.5500030517578,35.434754466180095,-9.288692456927151,-0.547568663675241,-8.74112379325191,18.789342938803937,16.34800568958076,2.441337249223178,70.45229790350301,55.14332077765788,-80.19803176847748,-3.5071668844344246,-7.542770340190119,-11.5,-2096.432418587517,-25.679455322664865,43.94192714774904,-2.5215676179433406,-3.612245814947766,-0.2894167928208402,-0.21406318703528615,-12.761013953919567,-1.0282165571852033,-6.378222660700828,-1860110.1460095416,-1942848.398044705,-20.17499796549479,0,1,0,-20.17499796549479,0,0,0,1,0,7.631148897758335,5.350006103515625,306.360735388331,327.7055130004882,349.0502906126454,13.026804106359604,0.2351689647596834,312.2839187437442,327.4921266755755,342.7003346074068,310.3999938964844,328.0234390426766,345.6468841888689,8.814070502593207,0.21981063007269644,310.91577527324637,327.7055130004882,345.4193276722498,8033230.0,29.168329116550815,-0.022773439857444136,-78509071.30865197,-803630.8910742551,-4915436.214314997,317.9499918619792,-36206295.69304503,1009.6422758622067,-4.216003091713854,-3.146127471654823,-1.069875620059031,0.7351557180583069,-1.0593241409612657,10.672388806078608,113.89988282811198,326.3249969482422,326.3249969482422,0.33660610766138593,-1.302201778263388,0.9000558691300694,113.89988282811198,311.4734361921038,-1.2906143188476562,3.281012554152905,16.874557020399312,-0.007216875501883435,-0.021342388360691578,-0.07542770340190119,-0.08635515649385384,-0.038847175996884364,,-0.007243043122872752,-0.1347985738851063,-0.21717310893137032,-0.17137713938501875,-0.1763560161290545
2026-09-08 00:00:00+05:30,316.79998779296875,318.0,314.0,317.8500061035156,4604418,0.0,0.0,326.44011077880856,344.266796875,345.1437854003906,343.49765518188474,326.57382947823646,337.48190415869516,341.8146631514882,344.09745447704427,321.3562010265532,336.92813737457874,314.5833491684277,328.62294507051587,310.86068765809483,320.0056150795352,312.73664424747614,315.41310712679945,322.24152807655435,313.08176402582745,321.21175353215483,328.26669131067115,343.48228378748104,327.37512609535986,316.5600310015686,317.125,320.8500061035156,324.5,37.199014820370735,-8.904155105740927,-0.13042504999121363,-8.773730055749713,24.20386158543628,20.36529557360931,3.8385660118269698,91.67513311732526,73.54339092827794,-73.58152843219798,-2.4999981277559433,-7.375040274876756,-8.149993896484375,-2220.5783098672964,-24.50088129349058,49.022207231029725,-1.9284469514158509,-2.5215676179433406,-0.3003848256471042,-0.2336503975219981,-11.822746593822748,-3.774181260790442,-7.774181260790442,-1817867.4256637732,-1886613.0830344004,-18.03333028157552,0,1,0,-18.03333028157552,0,0,0,1,0,7.371781119347025,4.0,305.96973157291524,326.44011077880856,346.9104899847019,12.541583298116068,0.2901820823910315,312.05211753991296,326.57382947823646,341.09554141655997,310.3999938964844,328.0234390426766,345.6468841888689,8.502667480482996,0.22063391411724853,309.8145441061077,326.44011077880856,343.8621372513972,12637648.0,29.495109422626705,-0.005082067114224146,-74249970.60708337,369206.0121141225,-3259450.7113736533,316.6166687011719,-34096162.180065654,1009.6422758622067,-4.983067817051694,-3.1305537575941305,-1.8525140594575635,0.8912497421485054,-0.8392716704358733,10.23518960294667,104.75910620826762,324.6499938964844,324.6499938964844,0.5424775845262116,-1.0028156686556877,0.8837364661064475,104.75910620826762,311.1883815220424,-1.2654022216796874,3.285929641987906,16.65856160481771,0.004582845243371381,0.01210004285385291,-0.07375040274876754,-0.09426677004676454,-0.06315522657073802,,0.004572375981926571,-0.1347985738851063,-0.21717310893137032,-0.17137713938501875,-0.1763560161290545
2026-09-09 00:00:00+05:30,316.54998779296875,317.3500061035156,313.6000061035156,314.5,3145078,0.0,0.0,324.9424987792969,343.2714447021485,344.51569732666013,343.3566323852539,325.4239409564997,336.5806530152169,341.27377873264686,343.80295244244684,320.21904761904767,335.76081200693164,313.5350358231965,327.2031961259773,310.2588148544956,318.4256360904868,312.87565883487844,313.50071085197715,321.97762123294154,312.60731089036915,319.1688257837278,326.18102513151433,342.57265483118493,326.2953752042682,316.60467321886244,316.1750030517578,320.75,320.4250030517578,34.830979484112156,-8.768644504314295,0.0040684411483340455,-8.77271294546263,22.22310979048493,21.738771438241713,0.484338352243217,87.82624700170543,83.3178926741779,-79.55111042786976,-2.3898236856935835,-8.695614808916195,-7.70001220703125,-2336.8028496256884,-23.171273188059274,41.48270353141895,-1.6138246331766726,-1.9284469514158509,-0.3097203169758145,-0.25149780700468954,-10.807591654824144,-3.3850064057333498,-7.13500640573335,-1737978.1506359412,-1834025.6714273358,-16.774993896484375,0,1,0,-16.774993896484375,0,0,0,1,0,7.148796753679381,4.25,305.6732397564984,324.9424987792969,344.2117578020954,11.860103923116759,0.22903735512243076,311.4757253932546,325.4239409564997,339.37215651974475,310.3999938964844,328.02342819412,345.64686249175566,8.103333381019175,0.21996478738483854,309.05417356603357,324.9424987792969,341.99843392760977,9492570.0,31.644048262517828,-0.09424784820335452,-75885421.40496749,295068.03571766615,-4298962.1091820905,315.15000406901044,-37410942.82933876,1008.5883176935148,-7.859176956492534,-4.805330317627976,-3.0538466388645578,0.607790721412881,-1.083850579510277,9.634629511399252,92.8260858219254,322.75,322.75,0.679481362583327,-0.6987792502902981,0.88346428404083,92.8260858219254,310.7721452985491,-1.4976119995117188,3.290256508823977,16.24381551106771,-0.010539581686918709,-0.006162149255205196,-0.08695614808916197,-0.10930863646522904,-0.03229687906856682,,-0.010595516444425477,-0.1347985738851063,-0.21717310893137032,-0.17137713938501875,-0.1763560161290545
2026-09-10 00:00:00+05:30,313.8999938964844,316.8999938964844,312.6499938964844,313.79998779296875,3526950,0.0,0.0,323.38499908447267,342.2719348144532,343.9485214233398,343.2318524169922,324.3168977980681,335.68729359473656,340.7297432684948,343.5044154807605,319.15785609654023,334.60506859872856,312.55865886745096,325.81925439520165,309.71268074581843,316.9145686119957,312.8593309093656,311.8047011539366,321.72135748482725,312.4351848810929,316.93638944784635,324.26580410133806,341.8168637696014,325.25196837779566,316.18270565581184,314.1499938964844,320.75,319.9250030517578,34.33906467101574,-8.618389086614286,0.12345908707867537,-8.741848173692961,21.571693658138873,22.666221678020026,-1.0945280198811531,84.3443235386171,87.9485678858826,-82.15228016551566,-2.212529211142939,-9.030292955495115,-7.100006103515625,-2534.9330401118673,-22.351673325179775,45.18541900524997,-1.6044606183482535,-1.6138246331766726,-0.3175109064118553,-0.26741217024219954,-9.748588002696001,-2.8443007961531634,-7.0943007961531634,-1639732.2659726737,-1768588.927430274,-14.883331298828125,0,1,0,-14.883331298828125,0,0,0,1,0,6.941739842702283,4.25,305.97939984436556,323.38499908447267,340.7905983245798,10.764629954626017,0.22465724508302148,310.88755990751304,324.3168977980681,337.7462356886232,310.3999938964844,327.4499969482422,344.5,7.654756661049802,0.21902210350131443,307.747416380432,323.38499908447267,340.4724301133422,5965620.0,32.09229168470074,-0.1721297077961715,-77503679.1822825,-276985.70520091057,-4037525.815525916,314.4499918619792,-38195969.23747513,1008.5883176935148,-9.55851480997875,-5.2037345368913535,-4.354780273087396,0.7190576903861685,-1.1013710196679127,8.702799620053565,75.73872122680446,321.5500030517578,321.5500030517578,0.6918986925092219,-0.7497649131546578,0.8897636393914865,75.73872122680446,310.70357012067524,-1.5574996948242188,3.293986150013022,15.694769015842017,-0.0022257939810215177,0.0006376967014061208,-0.09030292955495112,-0.11116722059171458,-0.035327368259294056,,-0.002228274742237009,-0.1347985738851063,-0.21717310893137032,-0.17137713938501875,-0.1763560161290545
2026-09-11 00:00:00+05:30,312.0,315.04998779296875,311.25,312.70001220703125,4509899,0.0,0.0,322.2699996948242,341.3380230712891,343.39445983886714,343.0791813659668,323.2105277417789,334.78583157953244,340.1746990890599,343.1979040054,318.14023829868864,333.4453853592218,311.57111961076833,324.43866374576356,309.1037006051258,315.4228420505762,312.6774837701971,310.28569604546107,321.556813809277,311.45088504680723,315.6129131612887,322.9756095614732,340.84460369794135,324.2025431029179,315.28373063202935,313.25,319.3500061035156,319.9250030517578,33.537538849297135,-8.490199685452751,0.20131879059216828,-8.69151847604492,16.79006157789901,20.194955008840935,-3.404893430941925,73.37970182495746,81.85009078842666,-87.92642467291756,-1.2941842626006872,-6.656712774020522,-4.0999755859375,-2693.322373387115,-21.76736821032324,40.49716429555916,-1.8324210177609856,-1.6044606183482535,-0.32399272635297294,-0.2815750881178025,-9.034385410187754,-3.6879808302965102,-7.48796862326526,-1588539.3236766674,-1693637.9304262782,-12.316665649414062,0,1,0,-12.316665649414062,0,0,0,1,0,6.717328982007031,3.79998779296875,305.1424169616737,322.2699996948242,339.3975824279747,10.629337356483447,0.22062644107769508,310.33636721356834,323.2105277417789,336.08468826998944,310.3999938964844,326.125,341.8500061035156,7.23022042856395,0.19891050540934016,307.1924956502094,322.2699996948242,338.3675063313618,1455721.0,32.75512323575802,-0.1224955443999381,-78571773.1246041,-825675.244024381,-4169419.098314206,313.0,-39776842.082606286,1008.5883176935148,-9.195106216878955,-3.8722607550332464,-5.322845461845708,0.9161645745515757,-1.1174942356892184,8.56379136657527,73.33852257022913,319.8000030517578,319.8000030517578,0.9032309788895203,-0.19250953246280847,0.88533067116414,73.33852257022913,309.8807155064174,-1.1149993896484376,3.2986676051240584,14.937606065538196,-0.0035053397983660917,-0.018826481864400835,-0.06656712774020523,-0.10593300828376429,0.003971282447629232,,-0.0035114978969473915,-0.1347985738851063,-0.21717310893137032,-0.17137713938501875,-0.1763560161290545
2026-09-14 00:00:00+05:30,312.70001220703125,312.70001220703125,312.70001220703125,312.70001220703125,0,0.0,0.0,320.9050003051758,340.41198486328125,342.80053680419917,342.8983410644531,322.2095262622791,333.919721015905,339.63064588347515,342.894442395466,317.22881091889883,332.3223261096431,310.7729651861031,323.1461790262497,308.72406675441965,314.074265365414,312.37475067138666,308.9616951609839,320.81978088419913,311.44128043483454,314.3042488756285,322.0574198236279,340.621364767142,323.2532081988128,314.2841108840899,312.70001220703125,318.0,319.9250030517578,33.537538849297135,-8.29301198157458,0.31880519557627096,-8.61181717715085,13.998290162883078,17.453348466306984,-3.4550583034239057,69.50637659167344,75.743467318416,-87.92642467291756,-3.2786810968657982,-8.029408174402574,-10.5999755859375,-2981.125814223149,-21.496921328037047,44.398283145744635,-2.1672319752487414,-1.8324210177609856,-0.328993949717471,-0.29381226281516293,-8.142480278114236,-5.1753912139149065,-5.1753912139149065,-1590873.6342287376,-1630899.1606938934,-10.633331298828125,0,1,0,-10.633331298828125,0,0,0,1,0,6.237519769006529,2.220446049250313e-16,305.4579824573702,320.9050003051758,336.35201815298143,9.62715933570106,0.23441514151839543,310.5614762605648,322.2095262622791,333.8575762639934,310.3999938964844,326.125,341.8500061035156,6.689906508132011,0.18749711576079747,306.86021914319673,320.9050003051758,336.2852298243491,1455721.0,35.016138852850986,-0.179953854332731,-78571773.1246041,-975077.7604499608,-3573787.798555034,,-39776842.082606286,1008.5883176935148,-17.018297065886312,-9.356361283232483,-7.6619357826538295,0.0,-1.062339433926417,7.723508923902822,59.65259009760652,318.27500915527344,318.27500915527344,1.0081531599562632,0.30524388757932575,0.8851291200487827,59.65259009760652,309.8764321463449,-1.3649993896484376,3.2992306211184204,14.11321248372396,0.0,-0.011694000508304825,-0.08029408174402575,-0.1409848780936831,-0.009642368390607059,,0.0,-0.1347985738851063,-0.21717310893137032,-0.17137713938501875,-0.1763560161290545
2026-09-15 00:00:00+05:30,313.0,314.79998779296875,308.5,308.5,4665696,0.0,0.0,319.4050003051758,339.569267578125,342.18675903320303,342.70300109863285,320.90385709444297,332.92286921135974,339.014197450139,342.55220913779965,316.0473823184059,331.07087572284775,309.3751725879558,321.61405948751997,307.4380575699607,312.38363030406924,311.6940308436274,307.68311622506195,320.2917446572201,310.40401446894253,312.6667395083398,320.35120866567905,339.88836735129865,321.9828998938245,312.9674777493302,310.6000061035156,315.8999938964844,316.5249938964844,30.395738201095995,-8.379056640560577,0.18620842927222014,-8.565265069832797,8.049050218054962,12.945800652945682,-4.89675043489072,57.69772800904923,66.86126880856004,-100.0,-1.7672306985178008,-8.862629246676514,-5.54998779296875,-3464.391026354561,-20.710065208283652,33.87909417543111,-2.548213155270969,-2.1672319752487414,-0.3338629009685956,-0.3042890862015689,-7.949924238638675,-1.7360722821279637,-8.036060075096714,-1624420.6201524746,-1603829.8003226598,-10.066660563151041,0,1,0,-10.066660563151041,0,0,0,1,0,6.241981770718117,6.29998779296875,305.3922299628655,319.4050003051758,333.4177706474861,8.774296162503282,0.11089063622740174,309.16514751327884,320.90385709444297,332.6425666756071,308.5,324.6000061035156,340.70001220703125,6.023684316819175,0.1904097516709745,305.06993914527266,319.4050003051758,335.2324452487883,-3209975.0,34.23376734605264,-0.16860288110398114,-83237469.1246041,-2432093.175310433,-5862672.420803869,310.59999593098956,-46043544.79745071,1008.5883176935148,-14.547166381930383,-5.508184479421242,-9.038981902509141,1.1845751863517078,-1.5564374550903957,7.006385171155148,49.08943316658275,317.3249969482422,317.3249969482422,0.8248519823069872,0.4666007869412205,0.8965281415888098,49.08943316658275,309.33214634486603,-1.5,3.3016138097232814,13.156785210503479,-0.013431442414688854,-0.029416410017215955,-0.08862629246676512,-0.1339057700929681,-0.0435171116944183,,-0.013522460155868297,-0.1347985738851063,-0.21717310893137032,-0.17137713938501875,-0.1763560161290545
2026-09-16 00:00:00+05:30,308.70001220703125,315.5,308.70001220703125,312.6499938964844,4651938,0.0,0.0,318.1875,338.9571862792969,341.73505065917965,342.5414122009277,320.1177748851136,332.12785449312935,338.49213401343303,342.25467465778655,315.404048374721,330.01521793141086,308.97584309461286,320.49868983310114,307.57313434517647,311.3224462671733,311.21093067780197,306.5921912705418,320.10740013233544,310.527439918515,311.3994166297192,319.0701947518725,339.2959438429027,321.23302918853733,312.11156800429916,310.5749969482422,315.8999938964844,315.8999938964844,36.705262642175214,-8.019929078045891,0.4362687934295266,-8.456197871475418,13.371365918486289,11.806235433141442,1.565130485344847,67.18376406572804,64.79595622215024,-71.95947757162358,-1.20082735470422,-7.225521098966061,-3.800018310546875,-4233.552800328635,-19.73203663291929,40.463158179960196,-2.6962395073834005,-2.548213155270969,-0.33671713819581894,-0.3129013524939513,-6.839141518309263,-0.4809077638664121,-7.280895556835162,-1647034.6881500762,-1611027.0867648614,-10.374994913736979,0,1,0,-10.374994913736979,1,0,0,0,0,6.296125929952537,7.0,306.588051849573,318.1875,329.786948150427,7.290951498991638,0.26130303650213854,308.1637043116794,320.1177748851136,332.0718454585478,308.5,323.5500030517578,338.6000061035156,5.795498069457977,0.20085729698947996,303.4544921766611,318.1875,334.2169891249033,1441963.0,42.49259176895648,-0.12452440859362589,-82484965.0932607,-2567612.4554795027,-2267217.1739999275,312.28333536783856,-39785679.54402324,1009.933534515714,-12.469013045883417,-2.74402491469942,-9.724988131183997,1.1908660686350419,-0.9547878539914478,5.799724075213493,33.636799348611,316.625,316.625,0.43954575233624243,-0.9036295840328923,0.9071914362300187,33.636799348611,309.83714512416293,-1.2175003051757813,3.304117957038612,12.053882649739581,0.013452168221991467,-0.005882372348221421,-0.07225521098966059,-0.12647896566066108,-0.002493640539929287,,0.013362491145984706,-0.1347985738851063,-0.21717310893137032,-0.17137713938501875,-0.1763560161290545
2026-09-17 00:00:00+05:30,314.0,315.04998779296875,310.5,310.5,3222931,0.0,0.0,317.30749969482423,338.238129272461,341.3528845214844,342.37268493652346,319.20179632462657,331.27970333653604,337.93783432999874,341.9387077457688,314.6719055175781,328.8992498420266,308.2922583880186,319.2916940225271,307.2334020539553,310.1305308308502,310.68766972000975,305.6260646725543,319.91718932491693,309.7438730494153,310.40336107561257,317.9717421971732,338.7776201794954,320.35475801430937,311.4393835524594,311.5749969482422,315.8999938964844,315.8999938964844,34.93826262936624,-7.818675611088167,0.5100178083098008,-8.328693419397968,13.851349029279028,11.757255055273426,2.0940939740056024,68.33468588152894,64.40539265210207,-86.48647534053934,-0.9885223351980261,-5.364219986622865,-3.100006103515625,-4884.475820075037,-18.43906837182527,33.1933343208086,-2.5091698155181383,-2.6962395073834005,-0.3384082957308632,-0.31988976142459286,-6.097109607902607,-0.14793314748817465,-4.697920940456925,-1646703.4898610818,-1630081.29011582,-8.733327229817709,0,1,0,-8.733327229817709,1,0,0,0,0,6.171401777310838,4.54998779296875,306.2150550790728,317.30749969482423,328.3999443105757,6.991605698837746,0.19314700543298305,307.51954432143015,319.20179632462657,330.884048327823,308.5,319.4750061035156,330.45001220703125,5.472716468442519,0.18217723556851506,303.2443062348617,317.30749969482423,332.3692986054671,-1780968.0,43.30777056783538,-0.08886470720320636,-85707896.0932607,-3415110.8923232704,-2933226.4318271214,312.01666259765625,-42001985.99342765,1009.2458665360382,-13.409815574993182,-2.9478619550473475,-10.461953619945835,0.8483477606429913,-1.2274119782680681,5.546222307875722,30.760581888378294,316.4250030517578,316.4250030517578,0.5465874128417464,-0.6378775776949963,0.8999713678344895,30.760581888378294,309.400717163086,-0.8800003051757812,3.3063613778057652,11.188830905490454,-0.0068766797967576565,-0.010516213898472015,-0.053642199866228646,-0.13486495104395624,0.03399371156427655,,-0.006900433117893727,-0.1347985738851063,-0.21717310893137032,-0.17137713938501875,-0.1763560161290545
2026-09-18 00:00:00+05:30,311.0,313.3999938964844,309.04998779296875,312.0,4686436,0.0,0.0,316.57500000000005,337.55005615234376,340.98571838378905,342.2458871459961,318.51591096037646,330.52363653902484,337.4242138482166,341.6408101562587,314.1664293561663,327.8703035960478,308.02481368817155,318.27932811815253,307.4453899870504,309.23117806661384,310.31794765588006,304.8479134677459,319.39202565175447,309.5396952450439,309.3679351510787,317.24315466581623,338.1681977969131,319.6914546829801,311.2562635319463,311.25,313.6000061035156,314.9499969482422,37.209390721730834,-7.452238557362477,0.7011638896283934,-8.15340244699087,22.89528095691054,16.70599863489195,6.189282322018588,88.70771444516043,74.74205479747246,-72.86820421710547,-2.1022943051156346,-4.484920915420855,-6.70001220703125,-5390.737521319733,-17.08917235405187,34.903823594960464,-2.6317985629396894,-2.5091698155181383,-0.3383275181694567,-0.32532428646332806,-5.551953779735452,-1.3410811953358461,-5.691087298851471,-1692381.30045052,-1650713.0461042183,-7.441660563151041,0,1,0,-7.441660563151041,1,0,0,0,0,6.041302086325466,4.350006103515625,306.16642767337436,316.57500000000005,326.98357232662573,6.575738656953762,0.28022922565965414,307.11768179491,318.51591096037646,329.9141401258429,308.5,318.9750061035156,329.45001220703125,5.2395257945999845,0.18399993008812432,302.51080343398843,316.57500000000005,331.4357912269572,2905468.0,31.981614196076585,-0.04706139061697336,-84037999.21533786,-2920019.34693633,-1509957.7987089616,311.4833272298177,-39738007.2494663,1009.2458665360382,-11.218230889131567,-0.6050218153485858,-10.613209073782981,1.2740755723495318,-0.8790830973613812,5.204286163312857,27.08459446964966,315.4499969482422,315.4499969482422,0.7336498238047701,-0.12242547115128147,0.8837642708083395,27.08459446964966,309.3492880684989,-0.7324996948242187,3.3064230411781637,9.954235026041669,0.004830917874396157,-0.0022386062670435303,-0.044849209154208536,-0.1306855546721879,-0.01584752918780108,,0.004819286435948922,-0.1347985738851063,-0.21717310893137032,-0.17137713938501875,-0.1763560161290545
2026-09-21 00:00:00+05:30,312.0,313.45001220703125,310.20001220703125,310.20001220703125,3372052,0.0,0.0,315.6900009155273,336.84369995117186,340.60842620849616,342.09829193115235,317.72392060291503,329.7266316632604,336.88512074641096,341.3279663955699,313.55928766159786,326.7977528530943,307.51541274750264,317.1967424174721,307.24684839501487,308.2290402028391,309.9603009891922,304.192146968106,318.8288564570001,308.87401172747275,308.29076218099965,316.28318059416796,337.68890949498297,318.92663148316007,311.14741734428566,311.1000061035156,313.6000061035156,314.9499969482422,35.60330305128042,-7.223806973884166,0.7436763784853646,-7.9674833523695305,17.941238626461228,18.229289537550265,-0.28805091108903724,82.32909641886738,79.79049891518558,-86.82160456297152,-1.9595391305480094,-5.39798170750832,-6.199981689453125,-6049.814197082314,-15.636960066084498,33.505090192252425,-2.4933271676548956,-2.6317985629396894,-0.3372249348616907,-0.32941763193161544,-5.079528102255557,-0.6423396155333876,-3.8923396155333876,-1801078.0742654896,-1687713.723839795,-6.4249928792317705,0,1,0,-6.4249928792317705,1,0,0,0,0,5.8419233658736465,3.25,306.38433982090226,315.6900009155273,324.9956620101524,5.895442407195586,0.20501887761273194,306.7921894532073,317.72392060291503,328.65565175262276,308.5,318.9750061035156,329.45001220703125,4.714776575951185,0.18292276689101314,302.02601087314287,315.6900009155273,330.48849714023265,-466584.0,33.81794138509559,-0.1324012593461817,-87410051.21533786,-3524951.2286474705,-2161342.7470728043,311.28334554036456,-41683408.671663694,1008.6689473716251,-11.890686584337024,-1.0219820084432332,-10.86870457589379,0.9267596853001306,-1.1799244895490724,4.652830547312533,21.648832102004643,314.2749938964844,314.2749938964844,0.675032534700081,-0.13747323091810407,0.8693991305185189,21.648832102004643,309.29786115373884,-0.8849990844726563,3.306454370807124,9.547076009114585,-0.005769191644130589,-0.007994882962603866,-0.05397981707508315,-0.13641124107653002,-0.029659133183769115,,-0.005785897714912973,-0.1347985738851063,-0.21717310893137032,-0.17137713938501875,-0.1763560161290545
2026-09-22 00:00:00+05:30,310.29998779296875,311.0,307.1000061035156,307.1000061035156,4641953,0.0,0.0,314.7450012207031,336.0477844238281,340.1715911865235,341.93254821777344,316.71211922201985,328.83931301385866,336.29531649605656,340.987389676246,312.7411929175968,325.6313334865196,306.5604108653606,315.94827013416625,306.36881409293403,306.98525176988545,309.26435612534027,303.57617811357943,317.3249535072859,308.0002974874307,307.0715170839813,315.33380811673914,337.0027456877385,317.9440317366435,310.601967378842,308.65000915527344,312.90000915527344,314.25,32.96430941083178,-7.209807707634525,0.6061405157880051,-7.81594822342253,13.436730406641006,18.09108333000426,-4.654352923363254,71.37526965833442,80.8040268407874,-100.0,-3.3820984091782584,-5.797544140025882,-10.75,-6768.522853173543,-14.473016076960278,28.401848169473233,-2.6397497173675526,-2.4933271676548956,-0.3361294640588208,-0.332351981607505,-5.075892291892551,-2.093445291271962,-5.993439187756337,-2005582.6844488205,-1773200.8206236535,-6.991663614908854,1,0,0,-6.991663614908854,1,1,0,0,0,5.703214118060127,3.899993896484375,306.02769536912507,314.7450012207031,323.46230707228113,5.539281524897261,0.06150470986379596,306.07864934438254,316.71211922201985,327.34558909965716,307.1000061035156,318.27500915527344,329.45001220703125,4.443934621193152,0.18446519124296384,301.37124968618957,314.7450012207031,329.42123747915826,-5108537.0,34.08525771237536,-0.18058036553303208,-92052004.21533786,-4928958.295834079,-3908305.5878099278,308.40000406901044,-46322377.74514927,1008.6689473716251,-9.848705866827704,0.8159989672528702,-10.664704834080574,1.2744588690866823,-1.7539811605448166,4.358652925789015,18.997855327489148,313.92498779296875,313.92498779296875,0.3341598591217969,-0.3259339407246678,0.8504225096757684,18.997855327489148,308.7335763113839,-0.9449996948242188,3.3039099305594246,9.111421305338544,-0.009993571829541525,-0.0045380677357678145,-0.05797544140025879,-0.1423390132015857,-0.047421463091586014,,-0.010043842773108326,-0.1347985738851063,-0.21717310893137032,-0.17137713938501875,-0.1763560161290545
2026-09-23 00:00:00+05:30,308.0,313.3999938964844,307.6499938964844,311.5,5448840,0.0,0.0,314.2100006103516,335.3546325683594,339.7521813964844,341.8403280639649,316.2157269151608,328.15933995449166,335.804320129798,340.6939828137958,312.4321451822917,324.66867527382044,306.5817310767395,315.12052071892475,306.87678818009266,306.3670120662265,308.93519860073593,303.1452915877326,317.2063090619118,308.1145560321546,306.5942024491775,314.870567218757,336.3270562656438,317.44445737828147,310.2292851061857,309.3000030517578,312.90000915527344,314.25,39.78639114456,-6.765679906635228,0.8402146534298423,-7.60589456006507,14.649203263373098,15.342390765491777,-0.6931875021186791,71.37526965833442,75.02654524517874,-69.23078564690918,-0.9538950715421304,-3.3209223468793363,-3.0,-7416.493650774501,-13.255794736116911,35.131454209589286,-2.157859448128706,-2.6397497173675526,-0.33317571850318695,-0.33409251628431963,-4.537497136126187,0.5341836468226688,-5.215816353177331,-2224847.3059112113,-1921758.3539650585,-6.424997965494791,1,0,0,-6.424997965494791,1,1,0,0,0,5.745840809125029,6.29998779296875,306.1289951716459,314.2100006103516,322.2910060490573,5.143697159866567,0.3323228074212484,305.39497077959015,316.2157269151608,327.0364830507315,307.1000061035156,315.8249969482422,324.54998779296875,3.97575725965734,0.19104257119828685,300.8279371693697,314.2100006103516,328.44042496233845,340303.0,35.35423599269817,-0.12380764352564122,-90204125.16939697,-4467276.190898851,75004.17372290744,310.84999593098956,-38515519.306065224,1008.6689473716251,-6.6370283817567834,3.2221411618590334,-9.859169543615817,1.4069984541670804,-0.6707087703150081,4.040502719352833,16.325662225097638,313.6999969482422,313.6999969482422,0.46594246312143694,0.1649366938680677,0.8187294303060942,16.325662225097638,308.8764343261719,-0.5350006103515625,3.3057495191897583,8.419997965494796,0.014327560433200492,-0.0036782149973914047,-0.0332092234687934,-0.1448594587896891,-0.03905416534708683,,0.014225890906046751,-0.1347985738851063,-0.21717310893137032,-0.17137713938501875,-0.1763560161290545
2026-09-24 00:00:00+05:30,309.8500061035156,310.8500061035156,307.20001220703125,308.25,5871620,0.0,0.0,313.57750091552737,334.6378186035157,339.2938742065429,341.73065429687506,315.45708625657403,327.3785815249037,335.2586900282178,340.371157114156,311.86452607654394,323.6057485064338,306.05422466404286,314.10094808191184,306.53030255145336,305.46126533395034,308.5558392030129,302.8039375942027,316.8664230180304,307.7036447712798,305.93756729836724,314.0228507993837,335.5709106305814,316.70577672987866,309.71291459082926,309.875,312.4750061035156,314.25,36.80681150522557,-6.599874023725363,0.8048164290717663,-7.404690452797129,12.937045526005408,13.67432639867317,-0.7372808726677622,68.65607126295677,70.46887019320853,-91.95807777507459,-1.7686386261526512,-3.9420361910524058,-5.54998779296875,-7526.649806574617,-12.40456307627727,36.01811009865698,-2.1471131997680333,-2.157859448128706,-0.32973834706671035,-0.334730918585846,-4.562613015645158,-1.356402681908719,-5.006396578393094,-2418738.263214306,-2113446.05303331,-6.25,1,0,0,-6.25,1,1,0,0,0,5.642565593685295,4.29998779296875,305.72421381152884,313.57750091552737,321.4307880195259,5.00883327475339,0.16081076337990668,304.8478330304922,315.45708625657403,326.06633948265585,307.1000061035156,315.1999969482422,323.29998779296875,3.743571044515552,0.1934507470121537,300.67690534411287,313.57750091552737,327.3893916112027,-5531317.0,24.795730290405345,-0.1514827282476826,-92697586.46568552,-4665664.2703445405,-2661819.9939517933,308.7666727701823,-44641607.58856924,1008.6689473716251,-3.3575780926425076,5.2012731607786495,-8.558851253421157,1.4296140388808602,-1.3567569464803746,3.9266435519992586,15.418529584457355,313.15000915527344,313.15000915527344,0.5557743325466916,0.6160566169652473,0.802429871484229,15.418529584457355,308.438576398577,-0.6324996948242188,3.3059525806975762,7.677109849717878,-0.010433386837881198,-0.007246376811594235,-0.039420361910524004,-0.1526366808596672,-0.08599011819186908,,-0.010488196183054133,-0.1347985738851063,-0.21717310893137032,-0.17137713938501875,-0.1763560161290545
2026-09-25 00:00:00+05:30,309.20001220703125,311.3999938964844,307.25,309.79998779296875,2231893,0.0,0.0,313.2275009155274,333.84373840332034,338.85451171874996,341.6299340820313,314.91831497432594,326.6892249079651,334.75455731068814,340.06696637464177,311.50476292201455,322.63171592562804,305.9235042780971,313.26995994842406,306.7234303205039,304.8330109491883,308.3825556899561,302.58186461593533,316.74437268383764,307.6271036862919,305.37923060782157,313.7790391030395,334.9482464028086,316.16703127426695,309.50583881750686,309.0249938964844,312.4750061035156,312.5500030517578,39.147421397839096,-6.271111140254618,0.9068634500340087,-7.177974590288627,21.193874887851692,16.2600412257434,4.933833662108292,87.1554924247879,75.72894444869303,-75.22951191446114,-0.927414231164936,-2.2095960447367675,-2.9000244140625,-7663.295022183782,-11.512774966232428,36.445340157280704,-2.1881547414612843,-2.1471131997680333,-0.32515039139844326,-0.3343038565503985,-4.264439531623506,-0.46264046144631266,-4.612634357930688,-2567678.5847674366,-2310072.067911215,-6.441670735677083,1,0,0,-6.441670735677083,1,1,0,0,0,5.535953329599515,4.149993896484375,305.35500053267555,313.2275009155274,321.10000129837925,5.026698077174868,0.282311022173808,304.528991789493,314.91831497432594,325.3076381591589,307.1000061035156,315.1999969482422,323.29998779296875,3.435622068890302,0.1905396883315315,300.4166416125079,313.2275009155274,326.67912330196094,-3299424.0,22.55122977308942,-0.11329965167642607,-92186680.29673554,-4160110.6790569127,-1787359.0083569086,309.4833272298177,-43519334.46441274,1009.171782016546,-7.315094201176264,0.9950056417959141,-8.310099842972178,0.5753286277684797,-0.8707559113047704,3.9362501914259163,15.494065569500561,312.70001220703125,312.70001220703125,0.7651545473888954,0.8754373787942841,0.8269348147740369,15.494065569500561,308.05928693498885,-0.35,3.307687910733148,7.206444295247396,0.005028346449209353,-0.007051321176382186,-0.022095960447367724,-0.13799727002740592,-0.09238677036518739,,0.005015746535372494,-0.1347985738851063,-0.21717310893137032,-0.17137713938501875,-0.1763560161290545
