Date,Open,High,Low,Close,Volume,Dividends,Stock Splits,SMA_20,SMA_50,SMA_100,SMA_200,EMA_20,EMA_50,EMA_100,EMA_200,WMA_20,WMA_50,DEMA_20,DEMA_50,TEMA_20,TEMA_50,HMA_20,HMA_50,KAMA_10,ZLMA_20,ZLMA_50,VWMA_20,VWMA_50,MCGD_14,ALMA_10,MIDPOINT_2,MIDPOINT_14,MIDPRICE_14,RSI_14,MACD_12_26_9,MACDh_12_26_9,MACDs_12_26_9,STOCHk_14_3_3,STOCHd_14_3_3,STOCHh_14_3_3,STOCHRSIk_14_14_3_3,STOCHRSId_14_14_3_3,WILLR_14,ROC_10,ROC_20,MOM_10,CCI_20,AO_5_34,UO_7_14_28,FISHERT_9_1,FISHERTs_9_1,TRIX_18_9,TRIXs_18_9,COPPOCK_10_14_11,BULLP_13,BEARP_13,RVGI_14_4,RVGIs_14_4,SQZ_20_2_20_1.5,SQZ_ON,SQZ_OFF,SQZ_NO,SQZPRO_20_2_20_2.0_1.5_1.0,SQZPRO_ON_WIDE,SQZPRO_ON_NORMAL,SQZPRO_ON_NARROW,SQZPRO_OFF,SQZPRO_NO,ATR_14,TR,BBL_20_2.0_2.0,BBM_20_2.0_2.0,BBU_20_2.0_2.0,BBB_20_2.0_2.0,BBP_20_2.0_2.0,KCLe_20_2,KCBe_20_2,KCUe_20_2,DCL_20_20,DCM_20_20,DCU_20_20,UI_14,HIST_VOL_20,ACCBL_20,ACCBM_20,ACCBU_20,OBV,MFI_14,CMF_20,AD,ADOSC_3_10,EFI_13,VWAP,PVT,NVI,PVO_12_26_9,PVOh_12_26_9,PVOs_12_26_9,RVOL_10,ZSCORE_20,STDEV_20,VARIANCE_20,MEDIAN_20,QUANTILE_20,SKEW_20,KURT_20,CORRELATION_20,COVARIANCE_20,LINREG_20,SLOPE_20,ENTROPY_10,MAD_30,RETURN_1D,RETURN_5D,RETURN_20D,RETURN_60D,RETURN_120D,RETURN_252D,LOG_RETURN,QOQ_RETURN,QOQ_VOLUME_GROWTH,QOQ_VOLATILITY,QOQ_HL_RANGE
2025-10-08 00:00:00+05:30,30.88428388910702,30.88428388910702,30.09742389392835,30.294137954711918,6942345,0.0,0.0,,,,,,,,,,,,,,,,,,,,,,,,,,,,,,,,,,,,,,,,,,,,,,,,,,,,,0,0,1,,0,0,0,0,1,,0.7868599951786701,,,,,,,,,,,,,,,,,,,,-3471189.051856054,,,30.42528191258243,,1000.0,,,,,,,,,,,,,,,,,,,,,,,,,-0.13260295881877815,-0.4911747001857979,-0.32878460548501,-0.2749755391704196
2025-10-09 00:00:00+05:30,30.2843047238222,30.3924968037804,29.96955884060831,30.24496078491211,5856557,0.0,0.0,,,,,,,,,,,,,,,,,,,,,,30.29060239816614,,30.26954936981201,,,0.0,,,,,,,,,,,,,,,,,,,,,,,,,,0,0,1,,0,0,0,0,1,,0.4229379631720891,,,,,,,,,,,,,,,,,-5856557.0,,,-1700588.7608481278,,,30.20233880976694,-950708.3464854261,999.837667703655,,,,,,,,,,,,,,,,,,-0.0016233229634500246,,,,,,-0.00162464197982484,-0.13260295881877815,-0.4911747001857979,-0.32878460548501,-0.2749755391704196
2025-10-10 00:00:00+05:30,30.471181814434928,31.72032369386502,30.195781755111398,31.27771377563477,33582910,0.0,0.0,,,,,,,,,,,,,,,,,,,,,,30.352622112154698,,30.761337280273438,,,61.76544735061818,,,,,,,,,,,,,,,,,,,,,,,,,,0,0,1,,0,0,0,0,1,,1.5245419387536219,,,,,,,,,,,,,,,,,27726353.0,,,12382524.387140164,,,31.06460640820373,113722446.584407,999.837667703655,,,,,,,,,,,,,,,,,,0.03414628301445366,,,,,,0.03357623901456023,-0.13260295881877815,-0.4911747001857979,-0.32878460548501,-0.2749755391704196
2025-10-13 00:00:00+05:30,31.130177581197856,31.33672950051595,30.736747587285045,31.267879486083984,8268528,0.0,0.0,,,,,,,,,,,,,,,,,,,,,,30.410672662743565,,31.272796630859375,,,61.3766885285937,,,,,,,,,,,,,,,,,,,,,,,,,,0,0,1,,0,0,0,0,1,,0.5999819132309059,,,,,,,,,,,,,,,,,19457825.0,,,18753367.60839243,,,31.113785524628327,113462468.82805924,999.8062258610021,,,,,,,,,,,,,,,,,,-0.00031441842652979446,,,,,,-0.0003144678663667339,-0.13260295881877815,-0.4911747001857979,-0.32878460548501,-0.2749755391704196
2025-10-14 00:00:00+05:30,31.26787999749077,31.326894028537357,30.195782074029623,30.303974151611328,12367112,0.0,0.0,,,,,,,,,,,,,,,,,,,,,,30.4029434353879,,30.785926818847656,,,36.876804681865764,,,,,,,,,,,,,,,,,,,,,,,,,,0,0,1,,0,0,0,0,1,,1.1311119545077342,,,,,,,,,,,,,,,,,7090713.0,,,8752110.792989038,,,30.608883418059435,75337960.78738378,999.8062258610021,,,,,,,,,,,,,,,,,,-0.030827333043216165,,,,,,-0.03131249209160494,-0.13260295881877815,-0.4911747001857979,-0.32878460548501,-0.2749755391704196
2025-10-15 00:00:00+05:30,30.42200343449262,31.36623541498988,30.24495946914384,31.08099937438965,13782623,0.0,0.0,,,,,,,,,,,,,,,,,,,,,,30.447285929411162,,30.69248676300049,,,53.121725703475214,,,,,,,,,,,,,,,,,,,,,,,,,,0,0,1,,0,0,0,0,1,,1.1212759458460406,,,,,,,,,,,,,,,,,20873336.0,,,15522542.319213301,,,30.89739808617446,110678030.88335553,999.8062258610021,,,,,,,,,,,,,,,,,,0.02564103371032611,0.025974048868927957,,,,,0.025317815851857804,-0.13260295881877815,-0.4911747001857979,-0.32878460548501,-0.2749755391704196
2025-10-16 00:00:00+05:30,31.080999425233124,31.671145352020385,30.815433476775528,30.903955459594727,10735400,0.0,0.0,,,,,,,,,,,,,,,,,,,,,,30.47801943255362,,30.992477416992188,,,49.96644738942045,,,,,,,,,,,,,,,,,,,,,,,,,,0,0,1,,0,0,0,0,1,,0.8557118752448576,,,,,,,,,,,,,,,,,10137936.0,,,7008261.183750028,,,31.130178096130216,104562921.06981619,999.2366048116197,,,,,,,,,,,,,,,,,,-0.005696210493823517,0.021788577587158242,,,,,-0.005712495773183315,-0.13260295881877815,-0.4911747001857979,-0.32878460548501,-0.2749755391704196
2025-10-17 00:00:00+05:30,30.99247781485635,31.02198576815808,30.244959882079048,30.38265991210937,9658219,0.0,0.0,,,,,,,,,,,,,,,,,,,,,,30.471122121381544,,30.64330768585205,,,42.047102363330275,,,,,,,,,,,,,,,,,,,,,,,,,,0,0,1,,0,0,0,0,1,,0.7770258860790309,,,,,,,,,,,,,,,,,479717.0,,,773189.520708058,,,30.549868520782166,88271198.90525,997.5497801326011,,,,,,,,,,,,,,,,,,-0.016868246790185837,-0.028616345489504424,,,,,-0.017012136066866294,-0.13260295881877815,-0.4911747001857979,-0.32878460548501,-0.2749755391704196
2025-10-20 00:00:00+05:30,30.45151085003672,32.06457482564192,30.028574762693648,31.415416717529297,30708812,0.0,0.0,,,,,,,,,,,,,,,,,,,,,,30.530820420822177,,30.899038314819336,,,56.691781097721275,,,,,,,,,,,,,,,,0.0,,,,,,,,,,0,0,1,,0,0,0,0,1,,2.036000062948272,,,,,,,,,,,,,,,,,31188529.0,,,11899610.868480822,,,31.169522101954954,192655524.2773705,997.5497801326011,,,,,,,,,,,,,,,,,,0.0339916520939072,0.004718491751606546,,,,,0.03342670264349946,-0.13260295881877815,-0.4911747001857979,-0.32878460548501,-0.2749755391704196
2025-10-21 00:00:00+05:30,31.572786698091143,31.966218581449876,31.56295258942721,31.769502639770508,5513555,0.0,0.0,,,,,,,,,,,,,,,,,30.894120025634766,,,,,30.606285164851872,30.985303326984212,31.592459678649902,,,60.38775914247659,,,,,,,,,,,,,,,,0.34282825441539394,0.0,,,,,,,,,0,0,1,,0,0,0,0,1,,0.5508018639205794,,,,,,,,,,,,,,,,,36702084.0,,,12034065.29822979,2118330.812615403,,31.766224603549194,198869900.5645178,998.6768889194269,,,,0.4012307556974727,,,,,,,,,,,,,,0.011271087868257812,0.048360933811093965,,,,,0.01120804244211977,-0.13260295881877815,-0.4911747001857979,-0.32878460548501,-0.2749755391704196
2025-10-23 00:00:00+05:30,31.81867947242222,32.70389930016164,31.562951384433266,31.71048927307129,20195437,0.0,0.0,,,,,,,,,,,,,,,,,30.939542104479198,,,,,30.674731788878145,31.210143739398262,31.7399959564209,,,59.4767294054949,,,,,,,,,,4.6753313148462565,,1.4163513183593714,,,,0.7913738721291064,0.34282825441539394,,,,,,,,,0,0,1,,0,0,0,0,1,,1.1409479157283722,,,,,,,,,,,,,,,,,16506647.0,,,-2938360.039226249,-2483391.2387342695,,31.992446652555394,195118501.80059752,998.6768889194269,,,,1.3403829913346628,,,,,,,,,,,,,,-0.0018575477044247002,0.020253206504046162,,,,,-0.0018592750856219148,-0.13260295881877815,-0.4911747001857979,-0.32878460548501,-0.2749755391704196
2025-10-24 00:00:00+05:30,31.769502660588344,31.8088465993589,30.923628613266214,31.1400146484375,8568053,0.0,0.0,,,,,,,,,,,,,,,,,30.944838480450056,,,,,30.706024044152144,31.372259645712923,31.425251960754395,,,51.40350547978,,,,,,,,,,2.9593487321428236,,0.8950538635253906,,,,0.7744855875459893,0.7913738721291064,,,,,,,,,0,0,1,,0,0,0,0,1,,0.8852179860926876,,,,,,,,,,,,,,,,,7938594.0,,,-7317598.426475475,-5533545.0885262275,,31.29082995368754,179704495.48575896,996.8778797028828,,,,0.5586136879626843,,,,,,,,,,,,,,-0.01799009216544123,0.007638478160228113,,,,,-0.0181538812340084,-0.13260295881877815,-0.4911747001857979,-0.32878460548501,-0.2749755391704196
2025-10-27 00:00:00+05:30,31.17935898306154,32.01539705630538,31.09083699572617,31.789175033569336,10543484,0.0,0.0,,,,,,,,,,,,,,,,,30.957974599627054,,,,,30.773374149173677,31.49319712254524,31.464594841003418,,,58.334244451891905,,,,,,,,,,1.635225840364948,,0.5114612579345668,,,,0.7155189128804218,0.7744855875459893,,,,0.9707140400418588,0.04615397946264821,,,,0,0,1,,0,0,0,0,1,,0.9245600605792108,,,,,,,,,,,,,,,,,18482078.0,,,-1933688.9719536686,-4565223.647136342,5049882.065767459,31.631803028533625,201683971.76842275,996.8778797028828,,,,0.8089139995256911,,,,,,,,,,,,,,0.020846502240306597,0.0462933504021279,,,,,0.02063218727329914,-0.13260295881877815,-0.4911747001857979,-0.32878460548501,-0.2749755391704196
2025-10-28 00:00:00+05:30,32.113756755339146,32.58587276825368,31.63180288163049,32.23178482055664,21593908,0.0,0.0,,,,,,,,,,,,,,,,,30.99441842415275,,,,,30.85993367048826,31.6170703794011,32.01047992706299,31.238372802734375,31.336729070384976,62.283865779215894,,,,,,,,,-17.26611907290141,3.082733304321612,,0.9639053344726562,,,,0.9500649016316981,0.7155189128804218,,,,1.3716037799482805,0.4175338933250927,,,,0,0,1,,0,0,0,0,1,0.9793603748503756,0.954069886623188,,,,,,,,,,,,,,,,,40075986.0,,,3631744.2303745495,-1983252.1615418338,5693852.487815458,32.149820156813604,231749788.2295626,996.8778797028828,,,,1.5030569073871678,,,,,,,,,,,,,,0.013923286355179476,0.025986225500928217,,,,,0.013827247824975223,-0.13260295881877815,-0.4911747001857979,-0.32878460548501,-0.2749755391704196
2025-10-29 00:00:00+05:30,32.458007695666,32.60554559510052,32.03506971946799,32.2711296081543,10169600,0.0,0.0,,,,,,,,,,,,,,,,,31.12576774194243,,,,,30.944224934159408,31.784522641684305,32.25145721435547,31.258045196533203,31.336729070384976,62.623046356797964,,,,,,,,,-15.82720580735717,6.491410818598427,,1.9671554565429688,,,,1.3156568187491688,0.9500649016316981,,,,1.2402965182452803,0.6698206426127484,,,,0,0,1,,0,0,0,0,1,0.9501543391919582,0.5704758756325321,,,,,,,,,,,,,,,,,50245586.0,82.28357311794446,,1878397.2097751116,-1304578.5911219167,4937605.096977983,32.30391497424094,232991173.88096452,996.9999479898755,,,,0.7188566723737555,,,,,,,,,,,,,,0.001220682869927936,0.015789575747271245,,,,,0.0012199384423385543,-0.13260295881877815,-0.4911747001857979,-0.32878460548501,-0.2749755391704196
2025-10-30 00:00:00+05:30,32.438334100594616,32.438334100594616,31.759668051692064,31.9268741607666,8330848,0.0,0.0,,,,,,,,,,,,,,,,,31.153505698252232,,,,,31.006163809628116,31.935715574805084,32.09900188446045,31.287551879882812,31.366237031427644,57.73099357494702,,,,79.2875100210718,,,,,-29.044145056525995,2.7215173366463348,,0.8458747863769531,,,,1.5312807960161932,1.3156568187491688,,,,0.992852868894893,0.3141868199923401,,,,0,0,1,,0,0,0,0,1,0.9307623184570007,0.6786660489025531,,,,,,,,,,,,,,,,,41914738.0,81.12649014212913,,-2347431.299051186,-2252923.147747416,3822527.253787002,32.041625437684424,224104159.8836788,995.9331881597495,,,,0.6124843692695715,,,,,,,,,,,,,,-0.010667598301260184,0.006823763765734903,,,,,-0.010724905042590402,-0.13260295881877815,-0.4911747001857979,-0.32878460548501,-0.2749755391704196
2025-10-31 00:00:00+05:30,31.90720070600737,33.63829638359693,31.78917264909489,32.664554595947266,33662502,0.0,0.0,,,,,,,,,,,,,,,,,31.278553594979048,,,,,31.10233478627922,32.11106709608291,32.295714378356934,31.484264373779297,31.833435573145287,64.18707330236997,,,,76.05103741374154,,,93.66632116172242,,-26.975536894892173,5.6970025686661,,1.760599136352539,,,,1.8672963404580538,1.5312807960161932,,,,2.0186618141475563,0.16953807964551615,-31330677.421431758,,,0,0,1,,0,0,0,0,1,0.9963595624602178,1.8491237345020404,,,,,,,,,,,,,,,,,75577240.0,81.29425631040905,,-4138029.8813845515,-3005807.0018596086,6823904.663907427,32.69734120954636,301882425.92873067,995.9331881597495,,,,2.1178788424013733,,,,,,,,,,,,,,0.02310531345681066,0.04895758607442602,,,,,0.022842427376526187,-0.13260295881877815,-0.4911747001857979,-0.32878460548501,-0.2749755391704196
2025-11-03 00:00:00+05:30,32.81209263108641,33.628458677191546,32.58587062428512,33.02848052978516,21079360,0.0,0.0,,,,,,,,,,,,,,,,,31.574677886787267,,,,,31.2105226882633,32.31404968476017,32.84651756286621,31.666227340698246,31.833435573145287,66.87508435271619,,,,75.69553646526765,77.01136130002699,-1.31582483475934,93.66632116172244,,-16.893708652778862,8.708324502626146,,2.645820617675792,,,,2.253440776864951,1.8672963404580538,,,,1.8075603991227709,0.7649723462163465,-32445103.345261727,,1.573722203572591,0,0,1,1.573722203572591,0,0,0,0,1,0.9996615974920897,1.0425880529064246,,,,,,,,,,,,,,,,,96656600.0,82.48701146921427,,-7319748.504059545,-4052914.776496675,6944964.822307114,33.080936610420615,325367594.692235,997.0473191752786,,,,1.2373017248163405,,,,,,,,,,,,,,0.011141310155291295,0.03898514179456125,,,,,0.011079702927121269,-0.13260295881877815,-0.4911747001857979,-0.32878460548501,-0.2749755391704196
2025-11-04 00:00:00+05:30,33.19568706388142,33.26453707762814,32.02523307814275,32.15309524536133,11863163,0.0,0.0,,,,,,,,,,,,,,,,,31.590358824165577,,,,,31.270294961794235,32.43290377557436,32.59078788757324,31.705570220947266,31.833435573145287,55.98914330070659,,,,71.66209196551911,74.46955528150943,-2.8074633159903186,85.38484916378705,90.90583049574397,-41.1444785557716,2.3481417880426156,,0.7376785278320312,,,,2.0672306826850617,2.253440776864951,0.0026910242416633423,,,1.3961820899461408,0.1568780904607472,-33776729.564095594,,1.5327393213907883,0,0,1,1.5327393213907883,0,0,0,0,1,1.0167789119201829,1.2393039994853938,,,,,,,,,,,,,,,,,84793437.0,82.40601437401719,,-16735005.692608777,-7108593.900977804,4469278.659560196,32.480955133710744,293925523.6361468,994.3969239091857,,,,0.7829441688554329,,,,,,,,,,,,3.359612793105966,,-0.026503952660928864,-0.002441365739855872,,,,,-0.026861514435885036,-0.13260295881877815,-0.4911747001857979,-0.32878460548501,-0.2749755391704196
2025-11-06 00:00:00+05:30,32.2612909860496,32.35965083403383,31.32689494246676,31.42525291442871,8510115,0.0,0.0,31.464102554321293,,,,31.46410255432129,,,,31.803038224719824,,31.46410255432129,,31.46410255432129,,,,31.58844675048506,33.051728855479844,,31.6574835421793,,31.281146682776622,32.373075394518125,31.78917407989502,31.705570220947266,31.833435573145287,48.86657978315597,,,,60.21798064917854,69.19186969332176,-8.97388904414322,61.207149747514265,80.08610669100791,-61.30787084391389,-1.0835855041395877,,-0.3442497253417969,-3104.9896474316533,,,1.39178862479534,2.0672306826850617,0.004521995971806803,,,0.554596142530869,-0.4781597490361982,-35318725.19504493,-33182178.072531886,1.3753674825032562,0,1,0,1.3753674825032562,1,0,0,0,0,1.0179201247521033,1.0327558915670674,29.868665766019568,31.464102554321293,33.05953934262302,10.141314442687689,0.4878247636705381,29.451706669231164,31.46410255432129,33.476498439411415,29.96955884060831,31.80392761210262,33.63829638359693,,,29.08054010380619,31.464102554321293,34.07464584855704,76283322.0,78.00356418977954,-0.08092329384865625,-23624141.99009495,-9904406.555558613,2945950.002750936,31.703932896976436,274661369.1563437,992.1332465699485,,,,0.550757793004202,-0.04870094531784766,0.7977183941508622,0.6363546363666304,31.420334815979004,31.420334815979004,0.05996578879817567,-0.5907740973507832,,0.6363546363666304,32.48090956551688,,3.3507475268510603,,-0.022636773392372578,-0.02621156135519498,,,,,-0.022896918541586233,-0.13260295881877815,-0.4911747001857979,-0.32878460548501,-0.2749755391704196
2025-11-07 00:00:00+05:30,31.228535524602396,32.182605369630274,30.894119561028813,31.985889434814453,10784373,0.0,0.0,31.54869012832642,,,,31.513796542939687,,,,31.852732213338218,,31.558757770737284,,31.59943697683987,,,,31.59208966168114,33.03077984269047,,31.701457801182425,,31.327193489148282,32.21774269159592,31.705571174621582,31.705570220947266,31.833435573145287,53.74744682556305,,,,50.59035831459884,60.82347697643216,-10.233118661833323,43.58236180627755,63.39145357252628,-45.77657565651795,0.8684828523823355,5.584418617990093,0.27540016174316406,-3376.8102856649602,,,0.5957758076909156,1.39178862479534,0.007755451764901444,,,0.35171714336852844,-0.9367686652329326,-35869941.326583676,-34417659.031687744,1.3048769632975277,1,0,0,1.3048769632975277,1,1,0,0,0,1.0372462450270574,1.2884858086014612,30.03725432982152,31.54869012832642,33.06012592683132,9.581607301964254,0.6446304589716971,29.447631540505483,31.513796542939687,33.57996154537389,29.96955884060831,31.80392761210262,33.63829638359693,,0.314096164708998,29.07182902937554,31.54869012832642,34.19134122748208,87067695.0,72.97263908784652,-0.04280803396741872,-16132716.420226343,-7764112.091514513,3388830.4813953666,31.68753812182451,293901034.05172443,992.1332465699485,,,,0.7432095948237794,0.578521835886786,0.7557178992524506,0.571109543250537,31.56787109375,31.56787109375,-0.06797009848309647,-0.34298805872124427,,0.571109543250537,32.460816383361816,0.08458757400512677,3.3462515091603833,,0.01784031848247536,0.0018484513626570998,0.055844186179900834,,,,0.01768304775259237,-0.13260295881877815,-0.4911747001857979,-0.32878460548501,-0.2749755391704196
2025-11-10 00:00:00+05:30,32.1629339097501,32.1629339097501,31.57278609596672,31.7399959564209,7593678,0.0,0.0,31.623441886901855,,,,31.535339344223612,,,,31.870951816013886,,31.59550965624975,,31.64607525226362,,,,31.594864262488194,32.903164322364944,,31.731112785274856,,31.355175101657483,32.01179949334345,31.862942695617676,32.08424758911133,31.833435573145287,51.42872729178768,,,,46.7756662845335,52.52800174943696,-5.75233546490346,29.606656210806744,44.79872258819952,-52.588554645967655,1.9267213415183908,4.943088477253364,0.5999813079833984,-3821.640156589131,,,0.0336709780644634,0.5957758076909156,0.01097151057347645,,,0.3450302934656193,-0.24511752031776268,-34939306.62558971,-35182228.20549042,1.190126736958823,1,0,0,1.190126736958823,1,1,0,0,0,1.0053106427953664,0.5901478137833822,30.241131651897373,31.623441886901855,33.00575212190634,8.742313628909725,0.542159157390115,29.553542853681545,31.535339344223612,33.517135834765675,30.028574762693648,31.833435573145287,33.63829638359693,,0.3159521982532939,29.135519502988547,31.623441886901855,34.29683416374791,79474017.0,77.15721187090239,-0.0595697206375023,-19423276.424842108,-7229705.076645624,2637963.8558787983,31.825238654045904,288063347.71498543,991.3644904629949,,,,0.5268593409284639,0.16863662956046285,0.6911551175022416,0.4776953964495374,31.725242614746094,31.725242614746094,-0.0571083429707873,0.04912586899187172,,0.4776953964495374,32.36597167423793,0.07475175857543945,3.3439195629963954,,-0.00768756106953572,-0.02830464553896228,0.049430884772533545,,,,-0.007717262687053477,-0.13260295881877815,-0.4911747001857979,-0.32878460548501,-0.2749755391704196
2025-11-11 00:00:00+05:30,31.848189755537945,31.848189755537945,30.835105869357275,30.923627853393555,9061136,0.0,0.0,31.605737590789794,,,,31.477081107001702,,,,31.804302860441666,,31.47881107944362,,31.4716863114514,,32.17469004156269,,31.576447676432895,32.59005066178071,,31.760087216839015,,31.322593270782203,31.764685772658,31.331811904907227,31.97605419158936,32.2367011264771,44.55612111140765,,,,34.930923598600806,44.09898273257771,-9.168059133976904,20.451022293746206,31.21334677027683,-96.84209890171196,-2.7227733316821348,-1.1320709844114187,-0.8655471801757812,-3877.1435509534504,,,-0.5365025175310778,0.0336709780644634,0.011033504843727115,,,0.15803981966644898,-0.8550440665142212,-34060242.846720554,-35166243.99101871,0.6655530929565447,1,0,0,0.6655530929565447,1,1,0,0,0,1.0058658744657454,1.0130838861806704,30.195985433019942,31.605737590789794,33.015489748559645,8.920862256229492,0.25807459004875793,29.491058780095894,31.477081107001702,33.463103433907506,30.028574762693648,31.833435573145287,33.63829638359693,,0.308766009604336,29.21651501992443,31.605737590789794,34.24996516754055,70412881.0,69.91574073945351,-0.14390068945543097,-26900911.300633125,-8733085.569528617,1204365.8182400027,31.20230782609626,264757666.08304957,991.3644904629949,,,,0.6352064252846975,-0.9677016398049674,0.7048760788849264,0.49685028658418895,31.725242614746094,31.725242614746094,-0.020424685024926257,-0.16394585676416562,,0.49685028658418895,32.2014333997454,-0.017704296112060723,3.33364588374398,,-0.025720485413678662,-0.06372841386068151,-0.011320709844114152,,,,-0.026057040548011303,-0.13260295881877815,-0.4911747001857979,-0.32878460548501,-0.2749755391704196
2025-11-12 00:00:00+05:30,31.081001007209007,31.317059014734472,30.50069103520056,30.61871910095215,11153042,0.0,0.0,31.573279571533202,,,,31.395332344520792,,,,31.710301099504747,,31.322934391628372,,31.249420050047203,,31.86182346930235,,31.512623852195198,32.24493236958731,,31.728696509681807,,31.267531552146888,31.481544502049296,30.77117347717285,31.823599815368656,32.06949370939874,42.28336035209048,,,,18.110356948492065,33.27231561054212,-15.161958662050058,4.742476901649586,18.266718468734176,-96.23827560684418,-5.004580815443141,-2.076125390660885,-1.6130657196044922,-3759.2671489753975,,,-1.073609950553776,-0.5365025175310778,0.007691226794892536,,2.7095885528369794,-0.22002937329140337,-1.0363973528253148,-34449781.634904034,-34719803.65101804,0.25409030914306696,1,0,0,0.25409030914306696,1,1,0,0,0,0.992330310542043,0.8163679795339116,30.102215339139427,31.573279571533202,33.04434380392698,9.318412609376836,0.17555445589627505,29.442956338361462,31.395332344520792,33.34770835068012,30.028574762693648,31.833435573145287,33.63829638359693,,0.3105342048713287,29.18357176202463,31.573279571533202,34.2711184262165,59259839.0,65.19088325938618,-0.1942274072310523,-34829005.709577926,-11076763.48586968,546504.9696133444,30.81215638362906,253760702.40767208,991.3644904629949,,,,0.8435992858122754,-1.2977821764149011,0.7355321161968871,0.5410074939570709,31.725242614746094,31.725242614746094,-0.006422900115274607,-0.47885603087431505,,0.5410074939570709,31.984344155447825,-0.032458019256591794,3.3204374247521664,,-0.009860057619596074,-0.0477209466989198,-0.02076125390660888,,,,-0.009908989903508953,-0.13260295881877815,-0.4911747001857979,-0.32878460548501,-0.2749755391704196
2025-11-13 00:00:00+05:30,30.63838990611091,30.835105842916683,30.215451955194048,30.294137954711918,9670775,0.0,0.0,31.572787761688232,,,,31.290456688348517,,,,31.58847808837891,,31.130066280147126,,30.98394108296081,,31.467164157603207,,31.410808135188862,31.903643739022538,,31.74241066976588,,31.188627293899074,31.136457138019377,30.45642852783203,31.661309242248542,31.92687416939549,39.94736199154147,,,,3.0728245831623626,18.704701710085075,-15.631877126922713,0.0,8.39783306513193,-97.70115174195678,-6.126192908173972,-0.032458438784958826,-1.9769916534423793,-3699.472550021073,,,-1.5743195286029943,-1.073609950553776,0.0008018495422534855,,-0.19426989530718322,-0.5244181974929134,-1.144072085215548,-36086971.301231675,-34674387.81501176,-0.20327250162760302,1,0,0,-0.20327250162760302,1,1,0,0,0,0.9657105660549424,0.6196538877226347,30.099931276416232,31.572787761688232,33.04564424696023,9.329910911821512,0.06592858171779742,29.40599194225719,31.290456688348517,33.174921434439845,30.028574762693648,31.833435573145287,33.63829638359693,,0.29193418394530585,29.234250420441946,31.572787761688232,34.193932567937544,49589064.0,58.063416722981096,-0.18594400989207152,-42043717.3746601,-13324152.391819924,20011.22616409982,30.448231917607547,243508963.1883337,990.3044162477083,,,,0.7342532087710458,-1.736285673128811,0.7364282426360002,0.5423265565519475,31.725242614746094,31.725242614746094,-0.011188809018753888,-0.47377228080112854,,0.5423265565519475,31.619858741760254,-0.0004918098449705255,3.3073590786728215,,-0.010600742152866105,-0.03599382200031387,-0.0003245843878495469,,,,-0.010657330292778329,-0.13260295881877815,-0.4911747001857979,-0.32878460548501,-0.2749755391704196
2025-11-14 00:00:00+05:30,30.27446810133577,30.471182163675444,30.077752162973876,30.215452194213867,9430491,0.0,0.0,31.529510402679442,,,,31.18807530795474,,,,31.45920803433373,,30.950329403987684,,30.74813258655494,,31.049538567530636,,31.324212401229328,31.50961574411377,,31.722754882780663,,31.109717374048994,30.79002138358177,30.25479507446289,31.621966361999515,31.8580242732854,39.37938659087445,-0.17230199569685922,,,3.3093199485392475,8.164167160064558,-4.8548472115253105,0.0,1.5808256338831952,-96.1326128055813,-5.3604432364250005,-2.7848112917790577,-1.7114219665527344,-3464.615847904329,,,-2.0452116447877025,-1.5743195286029943,-0.008708134879664708,,-2.523527115987138,-0.7249030415633335,-1.1183330422649007,-37094900.50023005,-35371441.53653701,-0.7130934397379551,0,1,0,-0.7130934397379551,1,0,0,0,0,0.9248333828154156,0.3934300007015674,29.948887607151267,31.529510402679442,33.11013319820762,10.026307261617688,0.08432264415544052,29.408144347071815,31.18807530795474,32.96800626883767,30.028574762693648,31.833435573145287,33.63829638359693,,0.2761970071377755,29.29688965420552,31.529510402679442,34.07461031541499,40158573.0,57.893003440855566,-0.22466368761376573,-44872887.15872418,-13932442.567199968,-88853.9998886316,30.254795506954398,241059494.72247294,990.0446770182386,-13.657135195127019,0.0,-13.657135195127019,0.710081163020763,-1.6627094233782365,0.790311397764088,0.6245921054358266,31.725242614746094,31.725242614746094,-0.10849519996607263,-0.6644577194362108,,0.6245921054358266,31.318603297642298,-0.04327735900878906,3.2973349612925493,,-0.0025973922946967987,-0.05535057088872397,-0.027848112917790546,,,,-0.002600771370521658,-0.13260295881877815,-0.4911747001857979,-0.32878460548501,-0.2749755391704196
2025-11-17 00:00:00+05:30,30.372824452333766,31.474430339672075,30.31381042073311,30.76625633239746,23483642,0.0,0.0,31.522625446319577,,,,31.147902072187378,,,,31.386517170497353,,30.896451421951475,,30.70111191193575,,30.717993940130448,,31.273913983374378,31.223369686103865,,31.67419954446155,,31.084070461364366,30.585254772866726,30.490854263305664,31.621966361999515,31.8580242732854,45.24789795613834,-0.1922373286272041,,,8.501094712775192,4.961079748158934,3.540014964616258,7.114460131296315,2.371486710432105,-80.66295131413635,-5.811492876701674,-0.4455712064991159,-1.8982982635498047,-3368.2244013411596,,,-1.9456222495132303,-2.0452116447877025,-0.01774991810494786,0.0021120567497898454,-4.03250158754528,0.3397492591249147,-0.8208706598140516,-37857966.84361167,-36445248.680239856,-1.0589844385782872,0,1,0,-1.0589844385782872,1,0,0,0,0,0.9487008658613294,1.258978145458208,29.929380512575307,31.522625446319577,33.115870380063846,10.108580178116409,0.2626325061820282,29.297682984634594,31.147902072187378,32.99812115974016,30.028574762693648,31.833435573145287,33.63829638359693,4.918930610103293,0.28407062841315284,29.24232594582201,31.522625446319577,34.09627361795501,63642215.0,60.52429386212371,-0.20263034331792165,-50047214.213306695,-14561079.650204428,1771680.4562700365,30.851499030934217,283868343.3542304,990.0446770182386,-5.30863309059246,6.678801683627647,-11.987434774220107,1.915003268985856,-0.9494699752718878,0.7966224668721342,0.6346073547254446,31.725242614746094,31.725242614746094,-0.1002449780116535,-0.7259682734956026,,0.6346073547254446,31.114300618852887,-0.006884956359863281,3.288547048854957,,0.018229220421499104,-0.03067863100425039,-0.00445571206499118,,,,0.01806506019010723,-0.13260295881877815,-0.4911747001857979,-0.32878460548501,-0.2749755391704196
2025-11-18 00:00:00+05:30,30.83510623396295,31.238372221108957,30.599048232415694,31.03182029724121,8700935,0.0,0.0,31.555083465576168,,,,31.136846665049646,,,,31.33977382296608,,30.899341184568737,,30.73522249576141,,30.51108322473831,,31.24949495087177,31.09833879686741,,31.698733606095818,,31.08031310700469,30.56498854639543,30.899038314819336,31.621966361999515,31.8580242732854,47.868289740695204,-0.18448085063778308,,,16.66666876952294,9.49236114361246,7.17430762591048,17.405649712236954,8.173369947844423,-73.20442957171352,-6.045268206460056,2.1366147236934605,-1.9966602325439524,-3509.668556097839,,33.00305461531489,-1.5918421847781408,-1.9456222495132303,-0.025173573550851813,-0.0009840096716007274,-5.5833231318987,0.11838553817692699,-0.5209384505163364,-39169727.818473145,-37527072.30123138,-1.2032423019409173,0,1,0,-1.2032423019409173,1,0,0,0,0,0.9266025174921819,0.6393239886932636,30.034845426412087,31.555083465576168,33.07532150474025,9.635455668006895,0.32790090931329424,29.34106292132222,31.136846665049646,32.93263040877707,30.028574762693648,31.833435573145287,33.63829638359693,5.177475698681969,0.2784854410103495,29.273476063570914,31.555083465576168,34.09299826135747,72343150.0,57.64828600384031,-0.17013102087182744,-46968451.681358635,-12514908.592158739,1848676.790581139,30.956413583588628,291378697.46258706,990.9078433455767,-7.801477186471901,3.3487660701985646,-11.150243256670466,0.7891907899540459,-0.688396362746821,0.760119019582041,0.5777809239303632,31.725242614746094,31.725242614746094,-0.0763055791553349,-0.49717568955620933,,0.5777809239303632,30.909154537745888,0.032458019256591975,3.282044365569416,,0.008631663273380052,0.003498698288589841,0.02136614723693464,,,,0.008594623458805616,-0.13260295881877815,-0.4911747001857979,-0.32878460548501,-0.2749755391704196
2025-11-19 00:00:00+05:30,30.98264279827983,31.45475880972256,30.599048773485396,31.32689476013184,11982894,0.0,0.0,31.550657367706297,,,,31.1549464836289,,,,31.318041565304714,,30.956436599051216,,30.8432299911856,,30.454287208127763,,31.252109981890577,31.110738588197655,,31.714941187635514,,31.097378051218296,30.714415327389897,31.179357528686523,31.621966361999515,31.8580242732854,50.69206058771096,-0.15276278849938052,,,27.071843718906404,17.41320240040151,9.658641318504895,31.120127391403344,18.54674574497887,-64.91708795743092,-2.5695830492359306,-0.28177871455088344,-0.8262004852294886,-3494.1164008557507,,39.032917098033025,-1.2043482754864399,-1.5918421847781408,-0.030086162736164823,-0.00482936063915313,-6.631187007187856,0.3052138300476983,-0.5504962061894645,-39838746.430004254,-38498172.70906732,-1.2950420379638659,0,1,0,-1.2950420379638659,1,0,0,0,0,0.9215387688311092,0.855710036237163,30.028193365358565,31.550657367706297,33.073121370054025,9.65091778978938,0.42651300548669785,29.367197375258915,31.1549464836289,32.94269559199889,30.077752162973876,31.8580242732854,33.63829638359693,5.357433903328915,0.2534041180389775,29.414532842715637,31.550657367706297,33.93898253382442,84326044.0,57.968799308691764,-0.19269942961401795,-38566633.71826909,-7866813.935415305,2089700.9649160244,31.126900781113264,302772956.5716464,990.9078433455767,-7.718285016909899,2.745566591808455,-10.463851608718354,1.0856914593416005,-0.29394797805321077,0.7612320011738657,0.5794741596111683,31.725242614746094,31.725242614746094,-0.05780386353722545,-0.5163652125332628,,0.5794741596111683,30.852809960501535,-0.004426097869872869,3.2833236368326033,,0.009508770676815992,0.023128846665491976,-0.0028177871455088432,,,,0.009463846872504298,-0.13260295881877815,-0.4911747001857979,-0.32878460548501,-0.2749755391704196
2025-11-20 00:00:00+05:30,31.474429303460838,31.592457362776397,30.471181419167696,30.54003143310547,10738190,0.0,0.0,31.489183807373042,,,,31.096383145483813,,,,31.22179147629511,,30.863793086829876,,30.7305336174539,,30.4198560206921,,31.22625545176337,30.9186847637404,,31.66658298434485,,31.054580934682704,30.832056618615475,30.933463096618652,31.621966361999515,31.8580242732854,43.86820666935965,-0.18894129252980463,,,24.953956814785833,22.897489767738392,2.056467047047441,29.447512644265935,25.991096582635407,-87.01661202649805,-2.816911239294428,-3.8699731015805425,-0.8852214813232422,-3298.3162734198863,,37.59917948701452,-0.8851728361207363,-1.2043482754864399,-0.035934604696929995,-0.0096838113571344,-7.548529145593657,0.5299857468971609,-0.5912901967115403,-39176587.607299514,-39175250.491311,-1.6229009628295896,0,1,0,-1.6229009628295896,1,0,0,0,0,0.9358057098866515,1.1212759436087014,29.90585615987708,31.489183807373042,33.072511454869,10.056327005371495,0.20026659492472723,29.265319486747405,31.096383145483813,32.92744680422022,30.077752162973876,31.8580242732854,33.63829638359693,5.716244743416624,0.2647691270792453,29.2899130656912,31.489183807373042,33.993865244696494,73587854.0,57.33913960525379,-0.22469733377532589,-47986103.67369732,-8247259.840255126,584102.5542649778,30.867890071683185,275800963.41899425,988.3960612712558,-8.364998688773063,1.6790823359562346,-10.044081024729298,0.9536652299596278,-1.1989336203010925,0.7916638237479812,0.6267316098312746,31.56787109375,31.56787109375,0.08509700800813837,-0.7806676260165599,,0.6267316098312746,30.68700681413923,-0.06147356033325195,3.2844541209798446,0.6244617801242407,-0.02511782074320923,0.008116866661172173,-0.03869973101580537,,,,-0.02543865707415389,-0.13260295881877815,-0.4911747001857979,-0.32878460548501,-0.2749755391704196
2025-11-21 00:00:00+05:30,30.687569671238503,30.78592576311571,30.097423739864265,30.195781707763672,5919157,0.0,0.0,31.413448429107664,,,,31.01061157998666,,,,31.09861032395136,,30.722570110516624,,30.551831695104752,,30.349473260904286,,31.11190335341738,30.70276882996574,,31.628643436914746,,30.985956118695007,30.81204102869241,30.36790657043457,31.612131118774418,31.853105420082713,41.25187697284731,-0.2425946137486612,,,17.13013812225181,23.051979551981347,-5.921841429729536,21.426363511339787,27.33133451566969,-96.6758856493156,-5.596554476619842,-4.776676740191186,-1.7901077270507812,-3095.2927536042553,,36.74081771912494,-0.8797547189013977,-0.8851728361207363,-0.04351260288986136,-0.015737601741949714,-8.658550648079212,-0.1527330087470169,-0.8412350319984618,-38262448.31274343,-39243807.36763735,-1.6999470392862959,0,1,0,-1.6999470392862959,1,0,0,0,0,0.9181411608412796,0.6885020232514452,29.732778354812407,31.413448429107664,33.094118503402925,10.700322048934634,0.13774367736791304,29.22279169384392,31.01061157998666,32.7984314661294,30.077752162973876,31.8580242732854,33.63829638359693,6.158694718463367,0.2668437791902459,29.26063431053167,31.413448429107664,33.85147501641774,67668697.0,45.9328653536075,-0.1948893812750514,-52214063.74315489,-8998405.92885746,209563.87915498466,30.359710403581218,269128841.36840546,987.2688531146571,-12.039556253960635,-1.5963801833850688,-10.443176070575566,0.5494236078249807,-1.4490252905283465,0.840335037147629,0.7061629746579071,31.376073837280273,31.376073837280273,0.15812674028610066,-0.9578478826315333,,0.7061629746579071,30.468934113638745,-0.07573537826538086,3.28139495122587,0.6275217522515194,-0.011272081565987802,-0.0006510075150872874,-0.04776676740191188,,,,-0.011336092959755783,-0.13260295881877815,-0.4911747001857979,-0.32878460548501,-0.2749755391704196
2025-11-24 00:00:00+05:30,30.412167522224763,30.70723954782349,29.99906556077323,30.185945510864254,7155780,0.0,0.0,31.365744972229002,,,,30.932071954355955,,,,30.981705284118654,,30.600403344502908,,30.406453555926586,,30.260544359694308,,31.021607486861498,30.58329210028662,,31.604234643004663,,30.922509543967806,30.657837565834534,30.190863609313965,31.169520378112793,31.631801319200683,41.17631064532665,-0.28265073452750045,,,7.343470306249058,16.475855081095567,-9.132384774846509,11.318047531476545,20.73064122902742,-94.27709140543918,-4.896189803207157,-3.0638043955484062,-1.5540504455566442,-2875.5200894211316,,36.95588527530807,-1.039802608139162,-0.8797547189013977,-0.05208688829149155,-0.02275097875697401,-9.986400855968586,-0.12388875818231426,-0.8320627452325766,-38083441.201068744,-38800043.245193146,-1.5704428354899098,0,1,0,-1.5704428354899098,1,0,0,0,0,0.9031435055704927,0.7081739870502626,29.60037150618421,31.365744972229002,33.131118438273795,11.256697187379677,0.1658498940714187,29.17963034555057,30.932071954355955,32.68451356316134,29.99906556077323,31.818680972185078,33.63829638359693,6.372060118508975,0.2603507714422661,29.231687552384095,31.365744972229002,33.77826725850956,60512917.0,35.433764474742844,-0.19200624999019805,-55593167.85921725,-9562825.553954847,169571.08769728476,30.29741687315366,268895743.7068509,987.2688531146571,-14.199311928091145,-3.004908686012463,-11.194403242078682,0.6669192885978031,-1.3366004237143254,0.8826867330223961,0.7791358686537507,31.376073837280273,31.376073837280273,0.1612361705110022,-1.1302431476324142,,0.7791358686537507,30.213625907897946,-0.04770345687866229,3.2810213522799407,0.6293577829996748,-0.0003257473840092562,-0.018861925066980922,-0.030638043955484084,,,,-0.0003258004512129987,-0.13260295881877815,-0.4911747001857979,-0.32878460548501,-0.2749755391704196
2025-11-25 00:00:00+05:30,30.18594635670848,30.44167632820357,29.802350461454715,30.13676643371582,8698082,0.0,0.0,31.28312454223633,,,,30.856328571437846,,,,30.86465970902216,,30.487717720835374,,30.278815408588272,,30.172326076969952,,30.978022148212258,30.49486559230499,,31.545279693281373,,30.86029887579722,30.451243590414684,30.16135597229004,31.061327934265137,31.081000647744272,40.77414285308083,-0.31473576141134174,,,7.37464567210223,10.616084700201032,-3.241439028098802,9.11198169218862,13.952130911668316,-86.92308592893853,-2.5445313965365948,-5.1980229059375525,-0.7868614196777344,-2686.3032298086996,,39.14046781703298,-1.367451694991293,-1.039802608139162,-0.06123862252795931,-0.03040985090395755,-10.443182670383022,-0.29025742461795545,-0.9295832913668107,-37701460.62128633,-38261637.876035035,-1.6278177897135429,0,1,0,-1.6278177897135429,0,0,0,1,0,0.8842993885118045,0.6393258667488555,29.447904548158057,31.28312454223633,33.1183445363146,11.732971184515053,0.18767828592226615,29.14900980789986,30.856328571437846,32.56364733497583,29.802350461454715,31.720323422525823,33.63829638359693,6.518326610587312,0.24682856430271066,29.195110555702733,31.28312454223633,33.67038171337061,51814835.0,36.42291032574233,-0.21338925255535862,-55191735.1981611,-8796648.139890023,84237.55435175772,30.12693107445803,267478648.3053918,987.2688531146571,-14.750221214373118,-2.844654377835548,-11.90556683653757,0.813414285215709,-1.2492868563109356,0.9176099970391361,0.8420081066661635,31.179357528686523,31.179357528686523,0.2982596867326223,-1.181559402641581,,0.8420081066661635,30.027730042593824,-0.08262042999267578,3.2851893487409805,0.6662090937296554,-0.001629204463074796,-0.02884309895301118,-0.05198022905937549,,,,-0.0016305330598993856,-0.13260295881877815,-0.4911747001857979,-0.32878460548501,-0.2749755391704196
2025-11-26 00:00:00+05:30,30.28430460850878,31.228536626488296,30.14660269887008,30.599048614501957,11251899,0.0,0.0,31.201487731933597,,,,30.831825718396335,,,,30.799509620666505,,30.476151415099398,,30.298849056342746,,30.158108653691933,,30.976256555839313,30.53382689535137,,31.43881229203167,,30.840992644070703,30.344568141095067,30.367907524108887,31.061327934265137,30.992477915542494,46.10302044959372,-0.2994096596603413,-0.07384132351157724,-0.22556833614876404,17.423650025893934,10.713922001415074,6.70972802447886,22.440506740362913,14.290178654676026,-66.52887258794047,-0.06424333554038211,-5.065609041337869,-0.01967048645019176,-2747.6532990808737,-0.729929645664189,39.573588453942854,-1.0859922813362461,-1.367451694991293,-0.06873790734711616,-0.03813649055833195,-9.345488573445625,0.5155864648552786,-0.5663474627629377,-36086934.9644884,-37653197.82032366,-1.668800036112468,0,1,0,-1.668800036112468,1,0,0,0,0,0.8991187316732809,1.0917701927724757,29.39898267963193,31.201487731933597,33.003992784235265,11.553968629879583,0.3328883692552287,29.079152514667207,30.831825718396335,32.58449892212546,29.802350461454715,31.720323422525823,33.63829638359693,6.492177488387334,0.24811217861718932,29.108553954836065,31.201487731933597,33.61579112275269,63066734.0,43.49394537827416,-0.25357284712165606,-57032938.007388115,-8269353.897082098,815282.5334022704,30.65806264662011,284738470.851868,987.2688531146571,-13.160368699712544,-1.003841490539978,-12.156527209172566,1.0512664712077047,-0.6684465229790836,0.9012525261508331,0.812256115893258,30.977724075317383,30.977724075317383,0.5238291596728393,-0.9035962418627258,,0.812256115893258,29.995553398132326,-0.0816368103027342,3.2931317396273565,0.685661994086372,0.015339475182345907,-0.02323390655866009,-0.05065609041337871,,,,0.01522301488276878,-0.13260295881877815,-0.4911747001857979,-0.32878460548501,-0.2749755391704196
2025-11-27 00:00:00+05:30,30.73674889082731,30.894120895066568,30.343318880229177,30.520362854003903,5295113,0.0,0.0,31.113949394226076,,,,30.8021625884542,,,,30.734640584673205,,30.453523958380753,,30.299473147660276,,30.189343627665462,,30.970624525812994,30.561583716155425,,31.381945363158025,,30.817112856693377,30.34137162196214,30.55970573425293,30.93838119506836,30.98264218560241,45.35498345038532,-0.2902668809531619,-0.05175883584351826,-0.23850804510964363,25.654925220815834,16.817740306270665,8.837184914545169,35.365254650794604,22.305914361115377,-69.58326582067346,0.7467613028968805,-5.425179643256147,0.22622489929198508,-2901.558852838932,-0.8163103109210859,35.82777977765619,-0.7724799730327324,-1.0859922813362461,-0.07503806646921296,-0.04550648295717065,-8.536311690379687,0.20868320595199563,-0.34211880888539525,-35330348.66638481,-36831763.5065005,-1.5130675633748387,0,1,0,-1.5130675633748387,1,0,0,0,0,0.8742389661850032,0.5508020148373911,29.36079258155809,31.113949394226076,32.867106206894064,11.269265694655441,0.3307092280813022,29.111495972730246,30.8021625884542,32.49282920417815,29.802350461454715,31.720323422525823,33.63829638359693,6.518534828758959,0.24770275868218194,29.025925754732203,31.113949394226076,33.528244457450036,57771621.0,45.30744475310701,-0.2594346109030287,-58924040.77557013,-7903597.687892944,639292.1724407844,30.58593420976655,283376827.23158014,987.0117021114041,-16.303663795637025,-3.3177092691715657,-12.98595452646546,0.5158104310190453,-0.6771630876747898,0.8765784063339925,0.7683897024510422,30.844942092895508,30.844942092895508,0.7696744589808634,-0.4303888030776111,,0.7683897024510422,29.97602296556745,-0.0875383377075197,3.301275897698037,0.6789299011230473,-0.0025715100325296447,-0.0006440261577544959,-0.054251796432561505,,,,-0.002574822043584855,-0.13260295881877815,-0.4911747001857979,-0.32878460548501,-0.2749755391704196
2025-11-28 00:00:00+05:30,30.51052546374641,30.549867524982773,30.22528754668854,30.27446746826172,4201090,0.0,0.0,31.031329059600836,,,,30.75190591034063,,,,30.65468992505755,,30.39100063150476,,30.24052293006785,,30.211941345181813,,30.966601161688356,30.487402276914526,,31.342019562805735,,30.775497863701446,30.3726874995657,30.397415161132812,30.731830596923828,30.82527010849633,43.00660659084784,-0.29941143688618865,-0.04872271342123602,-0.25068872346495263,28.988265574567105,24.022280273758955,4.96598530080815,42.81725178597796,33.54100439237849,-76.92306486768472,0.19531487951437226,-5.175598100159288,0.05901527404785156,-2995.793869855307,-0.8332047456296401,30.38204302237988,-0.6831286759692308,-0.7724799730327324,-0.08111673047489498,-0.052547239887164775,-7.7883553899271885,-0.07686013258139468,-0.40144011087562603,-36374606.27055267,-36151772.3589309,-1.155701319376628,0,1,0,-1.155701319376628,1,0,0,0,0,0.8349776099070909,0.3245799782942316,29.28374334567771,31.031329059600836,32.77891477352396,11.263363619177216,0.283455087407401,29.160430405010533,30.75190591034063,32.34338141567073,29.802350461454715,31.720323422525823,33.63829638359693,6.49695293724575,0.24675771403531294,28.984071235457364,31.031329059600836,33.397868420523125,53570531.0,40.78220656683559,-0.25845116812960217,-61852043.76750724,-7967098.582668923,400389.1983652964,30.34987417997768,279992107.8197265,986.2060256293831,-19.820908583382472,-5.4679632455336105,-14.352945337848862,0.4312048405745353,-0.8661796503703978,0.8737928569615623,0.7635139568770493,30.692487716674805,30.692487716674805,0.9942788141694554,0.007660635307834306,,0.7635139568770493,29.90141165597098,-0.08262033462524414,3.30734168817635,0.7040220048692497,-0.008056764820210005,0.002605852739947956,-0.05175598100159284,,,,-0.008089395935557903,-0.13260295881877815,-0.4911747001857979,-0.32878460548501,-0.2749755391704196
2025-12-01 00:00:00+05:30,30.50068969353551,30.687569644781043,30.176109712962845,30.284303665161133,6410925,0.0,0.0,30.912316513061523,,,,30.707372363180678,,,,30.583544649396625,,30.34054675870827,,30.199043781832295,,30.21566712614777,,30.94487711635958,30.39686749178753,,31.08928626399089,,30.738080328712652,30.386337934864947,30.279385566711426,30.731830596923828,30.697403912115554,43.13344803951302,-0.30237922497979497,-0.041352401211873835,-0.26102682376792113,26.805607135556386,27.149599310313107,-0.34399217475672117,38.28020734628552,38.8209045943527,-73.07684790497264,-1.5664976005833464,-7.2869535808134165,-0.4819526672363281,-3365.142669321258,-0.8019904664320983,33.06714884094304,-0.6494506339761505,-0.6831286759692308,-0.08672348973637334,-0.05938611946333383,-6.608221142226443,0.10975970041730676,-0.4017002314008913,-38395319.313818075,-36315360.692030236,-0.8311214447021497,0,1,0,-0.8311214447021497,1,0,0,0,0,0.8118692043293129,0.5114599318181983,29.315338660441654,30.912316513061523,32.50929436568139,10.332307848524328,0.3033745906775963,29.170045014202362,30.707372363180678,32.24469971215899,29.802350461454715,31.71540456932313,33.628458677191546,6.332505270070234,0.22813804243149705,29.032388238430023,30.912316513061523,33.11176947282481,59981456.0,46.39477452669803,-0.3025492659960634,-65550641.68244693,-8445621.141406365,352199.1872570221,30.382661007635004,280200399.247721,986.2060256293831,-20.76876020946591,-5.132651897293638,-15.636108312172272,0.7978345588365692,-0.7865016372896144,0.7984889263099347,0.6375845654395924,30.60888385772705,30.60888385772705,1.2553376984434614,1.0789125474853727,,0.6375845654395924,29.926000922066827,-0.11901254653930664,3.309266260108327,0.7233000606960724,0.00032490074052415885,0.003258408926150036,-0.07286953580813416,,,,0.0003248479717080045,-0.13260295881877815,-0.4911747001857979,-0.32878460548501,-0.2749755391704196
2025-12-02 00:00:00+05:30,30.19578152075706,30.648225543861205,30.018737554839024,30.0974235534668,5947547,0.0,0.0,30.76576366424561,,,,30.649282000350784,,,,30.50593579610189,,30.264834220410606,,30.120863844480546,,30.180263493938355,,30.872411334950407,30.251256525598407,,30.840281103524866,,30.68829663999987,30.339130268564638,30.190863609313965,30.71215915679932,30.697403912115554,41.25485670282501,-0.31616631316573063,-0.04411159151824762,-0.272054721647483,22.161211028922434,25.98502791301531,-3.8238168840928743,27.275459846042562,36.124306326102015,-83.51645414057532,-3.0110922750396316,-8.874331877529542,-0.9343967437744105,-4119.592883202018,-0.739012806276417,32.94339202666503,-0.7208153382304368,-0.6494506339761505,-0.0924205123169708,-0.0663121583056456,-5.8895858282105555,0.13904222676845635,-0.4904457622537244,-39436552.67792218,-37384458.75217475,-0.6442416508992513,0,1,0,-0.6442416508992513,1,0,0,0,0,0.7988419746645178,0.629487989022181,29.478542881371276,30.76576366424561,32.05298444711995,8.367877988806612,0.24039414229840897,29.13846430574713,30.649282000350784,32.16009969495444,29.802350461454715,31.533443769541428,33.26453707762814,6.115436178798867,0.22135078991843257,28.944353132663196,30.76576366424561,32.920459351086926,54033909.0,48.319658329111355,-0.3337283841413503,-70011301.93244685,-9292897.618489265,143102.410839263,30.254795550722346,276530252.95690197,985.5889399147484,-21.840545308445158,-4.963549597018307,-16.87699571142685,0.7664297825649125,-1.038423430806363,0.6436103914371686,0.4142343359659054,30.56954002380371,30.56954002380371,0.9726363308613456,-0.19196226448207943,,0.4142343359659054,29.98628005981445,-0.14655284881591815,3.307794837136731,0.7321740807427304,-0.006170857146348019,-0.0013054778234271591,-0.0887433187752954,,,,-0.006189975577291672,-0.13260295881877815,-0.4911747001857979,-0.32878460548501,-0.2749755391704196
2025-12-03 00:00:00+05:30,30.10725931818381,30.166273347718622,29.320397461623585,29.45809936523437,8082295,0.0,0.0,30.63101387023926,,,,30.535836035101603,,,,30.381396339053204,,30.08536074183504,,29.8953626515554,,30.061309493836895,,30.567198932542862,30.072676599099825,,30.694982248174103,,30.584801735556304,30.18234403773809,29.777761459350586,30.392497062683105,30.456427412199993,35.55050100389394,-0.37436534812008304,-0.08184850117808001,-0.29251684694200303,16.48912046256854,21.818646209015785,-5.329525746447246,16.587683165988228,27.381116786105437,-93.9393365667464,-5.9654664441104766,-8.381761878790687,-1.868795394897468,-4467.865540560413,-0.8979184035659067,31.796937358910533,-1.02637505382613,-0.7208153382304368,-0.10029337584912534,-0.07346313287811175,-5.978057988743861,-0.19275511910864296,-1.0386310052036798,-38614703.03791428,-38442175.54865791,-0.5540806452433273,0,1,0,-0.5540806452433273,1,0,0,0,0,0.8022015397666978,0.845875886095037,29.391948072181396,30.63101387023926,31.870079668297127,8.090269576494347,0.026694019460734877,29.007786523584958,30.535836035101603,32.06388554661825,29.320397461623585,30.840024147828707,32.35965083403383,5.919876095054093,0.2149084033378539,28.847304567037792,30.63101387023926,32.72505375711394,45951614.0,49.00058871661955,-0.31904576558512737,-75462129.53790548,-10529056.086442813,-615513.1749849202,29.648256724858857,259361983.78346026,985.5889399147484,-20.567701501579748,-2.952564632122318,-17.61513686945743,1.0966467362490444,-1.8932239221570595,0.6195328990289329,0.38382101297919397,30.530197143554688,30.530197143554688,0.620947256656361,0.2513692154636977,0.6458222649566601,0.38382101297919397,29.88216127668108,-0.13474979400634784,3.3011792737464156,0.7747082604302303,-0.021241824473669513,-0.03728708247245471,-0.08381761878790683,,,,-0.02147067868383124,-0.13260295881877815,-0.4911747001857979,-0.32878460548501,-0.2749755391704196
2025-12-04 00:00:00+05:30,29.40891930497557,29.644977298021576,28.976145379713465,29.182697296142575,7189149,0.0,0.0,30.51888608932495,,,,30.406965679010266,,,,30.24346142723447,,29.88279580578169,,29.6442167231821,,29.87983490006748,,30.323403093036532,29.89143243580665,,30.6014845127076,,30.463972150095863,29.93773103955331,29.320398330688473,30.254796028137207,30.28430137124493,33.40757481970598,-0.4376660066800184,-0.11611932779041229,-0.32154667888960614,10.146327741692751,16.26555307772791,-6.119225336035157,5.526162109491886,16.463101707174225,-92.10522606760001,-4.4444425014295845,-7.136157740377264,-1.3573341369628942,-4401.445904184982,-1.1155784632278802,30.078918332617423,-1.4211545414036084,-1.02637505382613,-0.11040984583293723,-0.08089615987178685,-6.513109249363002,-0.546003858707877,-1.2148357770159883,-37477186.30253607,-38662502.841337845,-0.6721099217732764,0,1,0,-0.6721099217732764,1,0,0,0,0,0.7926751382339416,0.6688319183081115,29.18054841648815,30.51888608932495,31.857223762161752,8.770553872245888,0.0008028166949336283,28.897048136531758,30.406965679010266,31.916883221488774,28.976145379713465,30.57937537467187,32.182605369630274,5.762802903634996,0.20457097615118341,28.765247842347964,30.51888608932495,32.55201603910937,38762465.0,49.96243260029514,-0.2986960502618063,-78210902.82377774,-10952180.042797454,-810426.5085026777,29.267939991292543,252640889.91701126,984.6540456920178,-20.192652865656424,-2.062012796959195,-18.13064006869723,1.0248100822800381,-1.996788733220264,0.6691688364184007,0.4477869316335564,30.40725040435791,30.40725040435791,0.3661230652390754,0.7583695331102589,0.7339805072297181,0.4477869316335564,29.692612103053502,-0.11212778091430682,3.2978923068129338,0.8060078260633685,-0.009348942227305312,-0.04382862563791057,-0.07136157740377269,,,,-0.009392917886223888,-0.13260295881877815,-0.4911747001857979,-0.32878460548501,-0.2749755391704196
2025-12-05 00:00:00+05:30,29.182698623824344,29.251548640425693,28.74008869421246,28.976146697998047,7608379,0.0,0.0,30.368398952484135,,,,30.27069720462815,,,,30.096533866155717,,29.673157747266092,,29.390918477364743,,29.651307019155258,,30.10360772651143,29.689043430980476,,30.449479796482315,,30.334132439095278,29.638762525661075,29.079421997070312,30.15152072906494,30.16627302849443,31.856599649468556,-0.4987498637321792,-0.1417625478740584,-0.3569873158581208,7.410432058955051,11.348626754405448,-3.938194695450397,0.0,7.371281758493371,-91.72414118878842,-4.039090696738092,-9.409595262154902,-1.219635009765625,-4276.860252316546,-1.327828156134757,28.68342890672431,-1.8449304771673543,-1.4211545414036084,-0.12248528637345268,-0.08871820410311587,-7.154785380995777,-0.7658847364849919,-1.2773446826982244,-36081080.68445009,-37950235.34054549,-0.9966904322306332,0,1,0,-0.9966904322306332,1,0,0,0,0,0.7725883388038911,0.5114599462132328,29.0478751211903,30.368398952484135,31.68892278377797,8.696697072242689,-0.027159079409409884,28.807160390726025,30.27069720462815,31.734234018530273,28.74008869421246,30.45151130198128,32.1629339097501,5.820741375353658,0.18849380273510516,28.733067943919544,30.368398952484135,32.325579675083894,31154086.0,35.68982951695751,-0.348955805209749,-78796175.62716703,-10315846.64031209,-919153.4691966185,28.989261344212068,247255797.45138785,984.6540456920178,-19.31240063566245,-0.9454084535721741,-18.366992182090275,1.0590689824768031,-2.1086363176376377,0.6602619156469173,0.4359457972537369,30.289220809936523,30.289220809936523,-0.23269528852938168,0.6939236626411209,0.8231635123819713,0.4359457972537369,29.552803693498884,-0.15048713684082032,3.2950742424841883,0.83923082139757,-0.007077844657348731,-0.042885007692530674,-0.09409595262154902,,,,-0.007103011421115843,-0.13260295881877815,-0.4911747001857979,-0.32878460548501,-0.2749755391704196
2025-12-08 00:00:00+05:30,29.015489871478717,29.074503901863302,27.98273589764852,28.130271911621094,11483657,0.0,0.0,30.187912750244145,,,,30.066847176722714,,,,29.88337890988305,,29.341780499575936,,28.971039389859968,,29.320029996318727,,29.65435906832491,29.349494284175325,,30.250897422359056,,30.12127606273634,29.256069851291784,28.55320930480957,29.728583335876465,29.78759663021246,26.44249513904427,-0.6084010182990411,-0.20113096195273622,-0.4072700563463049,6.7526060965280195,8.103121965725274,-1.3505158691972543,0.0,1.8420540364972953,-95.91281445402751,-6.810035479933206,-11.372793020377085,-2.0556735992431605,-3927.3748443278473,-1.6465646729767123,25.12861699010757,-2.2738409322317406,-1.8449304771673543,-0.13864195263649792,-0.09731857411517571,-8.760925611489991,-0.6733349800060111,-1.7651029842207926,-35272199.94684548,-36833906.15978868,-1.340941747029624,0,1,0,-1.340941747029624,0,0,0,1,0,0.7953868863332405,1.0917680042147817,28.682875658644928,30.187912750244145,31.69294984184336,9.971123900157986,-0.1835847601724721,28.534739010960834,30.066847176722714,31.598955342484594,27.98273589764852,29.915462826593235,31.848189755537945,6.221578218244935,0.20782597949004636,28.504946035154074,30.187912750244145,32.22286281392627,19670429.0,27.093405170680292,-0.36929753876959215,-87176145.81262845,-11784078.34009561,-2175522.3895544163,28.395837237044304,213732582.60525262,984.6540456920178,-14.77441309338438,2.874063270964717,-17.648476364349097,1.5076720533111116,-2.734339040689886,0.7525185457996091,0.5662841617723584,30.279385566711426,30.279385566711426,-1.234199161161526,1.8836406332403821,0.8785379111117249,0.5662841617723584,29.274311229160855,-0.18048620223999023,3.2871421116099593,0.9117531585693366,-0.029192107397613132,-0.07112700286445828,-0.11372793020377081,,,,-0.029626675164400647,-0.13260295881877815,-0.4911747001857979,-0.32878460548501,-0.2749755391704196
2025-12-09 00:00:00+05:30,27.75651308715784,28.72041895968443,27.53029106520684,28.63189697265625,8735021,0.0,0.0,30.073326206207277,,,,29.93018525252591,,,,29.735186931065154,,29.150526041786478,,28.765700364507246,,29.001296946537952,,29.545034010304708,29.09380390766439,,30.140392241062546,,29.990968328975047,28.936611350546613,28.381084442138672,29.364660263061523,29.56137421399162,33.64462808766929,-0.6473610232098892,-0.19207277349086738,-0.4552882497190218,13.160575016669451,9.107871057384173,4.052703959285278,12.21081809847081,4.070272699490269,-72.88131930717572,-4.993466914804708,-7.41093797791843,-1.5048694610595703,-3236.319904899161,-2.002271751483427,35.39585959098706,-2.699472869294925,-2.2738409322317406,-0.15522010663768793,-0.10692770736968368,-9.887929137725129,-0.8679996494401614,-2.0581275439177524,-34662109.31670537,-35807642.81363876,-1.5999501546223969,0,1,0,-1.5999501546223969,0,0,0,1,0,0.8235826726292655,1.1901278944775913,28.459132195870172,30.073326206207277,31.68752021654438,10.735054707742487,0.053514254073461165,28.31730112265038,29.93018525252591,31.543069382401438,27.53029106520684,29.56137421399162,31.592457362776397,6.305893836816491,0.20991504780553527,28.322881574149445,30.073326206207277,32.08505935499587,28405450.0,16.64331850366442,-0.28852352370634693,-79740550.56214808,-8947567.51575461,-1238775.5564368754,28.29420233251584,229309059.9888865,986.4372672072991,-13.572520872906445,3.2607643931541226,-16.833285266060567,1.1462518736448983,-1.7859429837061538,0.8070970051685531,0.6514055757520474,30.244959831237793,30.244959831237793,-0.9871228673049295,0.6480411494828102,0.8956322978646158,0.6514055757520474,29.0589083807809,-0.11458654403686523,3.283260191700026,0.9347688335842562,0.01783221515281297,-0.048692758641187495,-0.0741093797791843,,,,0.017675086423323008,-0.13260295881877815,-0.4911747001857979,-0.32878460548501,-0.2749755391704196
2025-12-10 00:00:00+05:30,28.612223597753804,28.985981621053284,28.326985681112426,28.386001586914062,4450545,0.0,0.0,29.961690330505377,,,,29.78312014151526,,,,29.574489348275325,,28.944655278979468,,28.54327455267298,,28.69026939813192,,29.282070961520002,28.823121661203423,,30.065901624403413,,29.84811740173092,28.683357659381183,28.508949279785156,29.364660263061523,29.379413845847566,31.991072562513047,-0.690123496310818,-0.18786819727343695,-0.5022552990373811,18.11471639222858,12.675965835142016,5.438750557086564,21.618124254377573,11.276314117616128,-76.86171706211104,-7.23240469162513,-7.292001689151834,-2.213047027587894,-2814.3404210031385,-2.128227339425912,34.66718878568187,-2.425508012003136,-2.699472869294925,-0.17236424313319398,-0.11774172699901492,-10.809217362852884,-0.43066312775551907,-1.0896590676963775,-33562724.68396454,-34918737.315919384,-1.8802693684895841,0,1,0,-1.8802693684895841,0,0,0,1,0,0.8118264774372366,0.6589959399408587,28.203876764817707,29.961690330505377,31.719503896193046,11.733740962524793,0.05180436243393844,28.198320987829618,29.78312014151526,31.3679192952009,27.53029106520684,29.56137421399162,31.592457362776397,6.280598681038482,0.20947258734384142,28.22961313787723,29.961690330505377,31.952447908825395,23954905.0,21.94639651849449,-0.2752560623835287,-83393964.87114711,-8136211.502682582,-1218145.9740227452,28.56632296302659,225486859.59265324,985.5784509508106,-16.51961683042807,0.2509347485059976,-16.770551578934068,0.6412545229383306,-1.7927825502642452,0.8789067828438354,0.7724771329289007,30.20561695098877,30.20561695098877,-0.766368145062515,-0.205291393196112,0.9138660928865009,0.7724771329289007,28.80008738381522,-0.1116358757019043,3.27629943180516,0.938331595526802,-0.00858816256488415,-0.03639399015625455,-0.07292001689151839,,,,-0.00862525334679707,-0.13260295881877815,-0.4911747001857979,-0.32878460548501,-0.2749755391704196
2025-12-11 00:00:00+05:30,28.42534417398429,28.75976014229181,28.179450189994764,28.68107414245605,5229764,0.0,0.0,29.88103713989258,,,,29.678163379700095,,,,29.452525901794438,,28.824591433858757,,28.44776912992406,,28.45093937572462,,29.192840140118655,28.657841580769798,,30.010960681019835,,29.75033852426221,28.56581419224868,28.53353786468506,29.364660263061523,29.379413845847566,36.052597124711035,-0.6922236517590683,-0.15197468217734977,-0.5402489695817185,27.124654597157406,19.466648668685146,7.65800592847226,37.9115206817697,23.913487678206028,-68.88299983924104,-6.026431338140395,-5.324673092422398,-1.8392887115478516,-2507.803613389252,-2.1886591570250467,40.502765971492764,-2.213440177676751,-2.425508012003136,-0.18811105759903857,-0.1296299855683642,-11.276589028774819,-0.5518030913237446,-1.132113043620791,-31327973.96825942,-33841640.319407456,-1.9048585891723642,0,1,0,-1.9048585891723642,0,0,0,1,0,0.7952895827843659,0.5803099522970465,28.04133332043616,29.88103713989258,31.720740959349,12.31352051699926,0.17387060222794903,28.133762249737458,29.678163379700095,31.222564509662732,27.53029106520684,29.56137421399162,31.592457362776397,6.082614787944417,0.21355815568646455,28.131709941023022,29.88103713989258,31.844708728114785,29184669.0,22.168513940557506,-0.21825529803488636,-79582440.23656274,-5851879.7042687535,-823673.7165392827,28.54009482491421,230923200.54273933,985.5784509508106,-18.13030345350194,-1.0878014996542973,-17.042501953847644,0.7542380718139734,-1.3045175910882045,0.9198519097282101,0.846127535830635,30.190863609313965,30.190863609313965,-0.5360201255183906,-0.7859059578466617,0.9270129547634863,0.846127535830635,28.595503425598146,-0.08065319061279333,3.273064917782745,0.9373479207356776,0.01039500243239666,-0.017189060647688326,-0.05324673092422394,,,,0.010341345914038715,-0.13260295881877815,-0.4911747001857979,-0.32878460548501,-0.2749755391704196
2025-12-12 00:00:00+05:30,28.867953908226543,28.985981969203092,28.48435801999725,28.58271598815918,4578470,0.0,0.0,29.799400329589847,,,,29.5738350566962,,,,29.328876268296018,,28.70716338488385,,28.35437678639773,,28.284224416972236,,29.108063539652996,28.48863079318765,,29.960299543779485,,29.65245082871767,28.539280888645777,28.631895065307617,29.364660263061523,29.379413845847566,35.29591437829676,-0.6938267186010805,-0.12286219921548946,-0.570964519385591,27.570897886770293,24.270089625385424,3.3008082613848693,40.71118526269084,33.41361006627937,-71.54258943833705,-5.588047029649949,-5.403646437458744,-1.691751480102539,-2314.5408527651603,-2.1634045500478756,41.57079699823714,-1.8963332800548351,-2.213440177676751,-0.2025525587145971,-0.14249988212150017,-11.696210030193887,-0.22146022934726872,-0.7230841785531119,-28831101.98531949,-32212434.767745465,-1.9327268600463876,0,1,0,-1.9327268600463876,0,0,0,1,0,0.7743134661001858,0.5016239492058434,27.87904201931019,29.799400329589847,31.719758639869504,12.888570166110371,0.18321423795815342,28.080972329738415,29.5738350566962,31.066697783653986,27.53029106520684,29.56137421399162,31.592457362776397,6.117690346504349,0.213571698656607,28.041403036541514,29.799400329589847,31.781450310759357,24606199.0,27.310182069060048,-0.22431476719774393,-82365425.76177518,-5270886.662551716,-770338.8797056135,28.684351992453173,229353071.55640203,985.235513465944,-20.053332861743982,-2.4086647263170704,-17.64466813542691,0.6567339329567872,-1.2671430481673873,0.9601791551398274,0.9219440099650328,30.16135597229004,30.16135597229004,-0.3341975228096187,-1.179708547534362,0.9405762785901234,0.9219440099650328,28.387828145708358,-0.08163681030273437,3.2718291782539026,0.9448887210422099,-0.0034293748486662334,-0.013577744271499381,-0.05403646437458742,,,,-0.003435268633114531,-0.13260295881877815,-0.4911747001857979,-0.32878460548501,-0.2749755391704196
2025-12-15 00:00:00+05:30,28.563045264619465,28.681073322989736,28.33682138003581,28.64173126220703,4266826,0.0,0.0,29.69317407608033,,,,29.485063266744852,,,,29.218622071402415,,28.62061442038722,,28.30343767335881,,28.182772506119363,,29.047824577472205,28.364574429164755,,29.7943182495872,,29.569513899179086,28.56417585052405,28.612223625183105,29.364660263061523,29.379413845847566,36.161674354734956,-0.6824680543099362,-0.08920282793947609,-0.5932652263704601,29.875861786142053,28.19047142335658,1.6853903627854727,47.78220994513586,42.134971963198794,-69.94682536399574,-5.423840749700665,-6.905374015080489,-1.6425724029541016,-2233.037592166989,-2.07780465750524,45.016339999256466,-1.6643084646178645,-1.8963332800548351,-0.21518454694479106,-0.1561403304134802,-11.751522173841018,-0.4455530275115791,-0.7898049704655037,-27270912.47240528,-30191964.843921274,-1.854040781656901,0,1,0,-1.854040781656901,0,0,0,1,0,0.7435947858754529,0.3442519429539248,27.76299039297209,29.69317407608033,31.62335775918857,13.000857895236743,0.22763141065928927,28.068806143696584,29.485063266744852,30.90132038979312,27.53029106520684,29.56137421399162,31.592457362776397,6.16129928256101,0.19998013115270874,28.02221813915301,29.69317407608033,31.558173419374594,28873025.0,28.686371267097996,-0.19622439701368397,-79073849.03067294,-3506716.307175696,-624317.9103613119,28.553208655077526,230234051.18692005,985.441985356412,-21.90482240856977,-3.408123418514286,-18.496698990055485,0.631452067629602,-1.0894743573628425,0.9650918415541202,0.931402262634323,30.11709499359131,30.11709499359131,-0.12040310940216865,-1.3160543998728411,0.9345558405596505,0.931402262634323,28.269518062046593,-0.10622625350952149,3.2716858726623306,0.9180917951795797,0.002064718904680074,0.018181813250608636,-0.0690537401508049,,,,0.002062590302076183,-0.13260295881877815,-0.4911747001857979,-0.32878460548501,-0.2749755391704196
2025-12-16 00:00:00+05:30,28.64173221707424,28.700746248226803,28.179450324316186,28.23846435546875,3527023,0.0,0.0,29.553506278991705,,,,29.366339560909033,,,,29.080078288487027,,28.476802489876864,,28.167134182145627,,28.100210760372534,,28.93216021226624,28.23640823073984,,29.680449586179886,,29.455205373454405,28.546378315923626,28.44009780883789,29.3253173828125,29.2122059801367,32.92021009214209,-0.6979608420346288,-0.08375649253133499,-0.6142043495032938,26.521058279159302,27.98927265069055,-1.4682143715312463,42.90581101777374,43.79973540853348,-78.94741036018931,-6.17647286218931,-9.00158584000564,-1.8589591979980504,-2194.8005470519197,-1.9069518986615215,42.40759668908844,-1.474441172414134,-1.6643084646178645,-0.22743313529101084,-0.17026697035146748,-12.40040262380887,-0.29899981726985914,-0.8202957411804768,-26522784.795276985,-28342464.613164324,-1.7917480468749998,0,1,0,-1.7917480468749998,0,0,0,1,0,0.7277162957351075,0.5212959239106179,27.6269217480833,29.553506278991705,31.48009080990011,13.037942183380983,0.1587115949428651,27.985669606930006,29.366339560909033,30.74700951488806,27.53029106520684,29.56137421399162,31.592457362776397,6.372730075553607,0.19792368302879054,27.912857824261412,29.553506278991705,31.419306088287332,25346002.0,17.860926415457545,-0.24401692856107662,-81802308.92802529,-3334364.192118019,-738319.8739103777,28.37288697600391,225268109.56075323,984.034015624951,-24.22757819938438,-4.5847033674631135,-19.642874831921265,0.5413602272341281,-1.3651536202285401,0.9632922654542013,0.9279319886838875,29.777761459350586,29.777761459350586,0.007448641419049772,-1.361519843212962,0.9345376318828865,0.9279319886838875,28.133222307477677,-0.13966779708862304,3.2706812320367735,0.9221572028266071,-0.014079697314610118,-0.013741060103814706,-0.09001585840005644,,,,-0.014179756565817664,-0.13260295881877815,-0.4911747001857979,-0.32878460548501,-0.2749755391704196
2025-12-17 00:00:00+05:30,28.18928554081996,28.445015503543264,27.953227546618947,28.022077560424805,4285828,0.0,0.0,29.388265419006352,,,,29.238314608481964,,,,28.9342279343378,,28.317663253923605,,28.009336147547838,,28.015746561603624,,28.82742008446151,28.10546057302243,,29.481739972147267,,29.33023594421509,28.45638941000449,28.130270957946777,29.15319061279297,29.10893035499394,31.298976134346397,-0.7194067210015334,-0.08416189719859157,-0.6352448238029418,22.227347493146947,26.208089186149433,-3.9807416930024857,37.59415744710559,42.76072613667173,-84.42372179637412,-4.874794490320444,-10.549456704891508,-1.4360218048095668,-2188.1594078488133,-1.8772129670323707,44.276859904129765,-1.5187674142895917,-1.474441172414134,-0.23962133534464192,-0.18462380251943467,-12.967772914226003,-0.4150636326574215,-0.9068515895817377,-26510877.9557383,-27154895.746070385,-1.9081382751464844,0,1,0,-1.9081382751464844,0,0,0,1,0,0.7108642715343367,0.4917879569243164,27.53666672633528,29.388265419006352,31.239864111677424,12.600938954863137,0.1310788444631278,27.895463134515357,29.238314608481964,30.581166082448572,27.53029106520684,29.56137421399162,31.592457362776397,6.598693581627629,0.19086410232436612,27.816207798196746,29.388265419006352,31.231675542394456,21060174.0,18.15680133746211,-0.342982975654759,-84888110.31974888,-3942578.3885866553,-765330.8326416955,28.14010687019567,221983948.73190844,984.034015624951,-25.123029285202495,-4.384123562624982,-20.738905722577513,0.6985333893616755,-1.4756846221474875,0.9257993463355366,0.8571044296753069,29.320398330688473,29.320398330688473,-0.06572620057031188,-1.7402207142697739,0.9395440160957261,0.8571044296753069,28.026152965000698,-0.16524085998535173,3.2720402582888015,0.9579813173082145,-0.0076628386133199555,-0.01282054555570189,-0.10549456704891513,,,,-0.007692349013412455,-0.13260295881877815,-0.4911747001857979,-0.32878460548501,-0.2749755391704196
2025-12-18 00:00:00+05:30,28.022078409785344,28.22863033348576,27.71717039253659,28.06142234802246,4315194,0.0,0.0,29.2643349647522,30.48023151397705,,,29.126229631295345,30.48023151397705,,,28.80786192757743,29.93739787083046,28.191849140668936,30.48023151397705,27.900464921315006,30.48023151397705,27.944198471911534,,28.760113707777773,28.014149851596187,27.84087349818303,29.345746473739407,30.94373033747435,29.222069315670172,28.3248064476199,28.041749954223633,29.15319061279297,29.10893035499394,31.955150837208347,-0.724872065101696,-0.07170179303900337,-0.6531702720626926,17.81710248920113,22.18850275383579,-4.371400264634662,32.125095584262205,37.54168801638051,-83.1775603758332,-3.8422594619734687,-8.115934950859906,-1.1212749481201136,-2205.6533295582203,-1.8551980243313757,38.65090003250729,-1.7745922653780406,-1.5187674142895917,-0.2510015526988929,-0.1989033876667058,-12.852435725468258,-0.5173549758323226,-1.0288149167814922,-26399198.55685944,-26622906.088549215,-1.9474811553955087,0,1,0,-1.9474811553955087,0,0,0,1,0,0.6966211050639677,0.5114599409491698,27.405543246413462,29.2643349647522,31.12312668309094,12.703461196556045,0.17642619534457007,27.81384783276381,29.126229631295345,30.43861142982688,27.53029106520684,29.379413845847566,31.228536626488296,6.825313194367061,0.17709717685963502,27.737930667956228,29.2643349647522,31.00094441148906,25375368.0,18.205421677060077,-0.2752686337558433,-83394388.1022087,-3357701.818962261,-631743.5149253561,28.00240769134827,222589829.5450158,984.034015624951,-25.673859946853494,-3.9479633794207842,-21.72589656743271,0.7378833501448606,-1.294295218621721,0.9293958591693691,0.8637766630411696,29.079421997070312,29.079421997070312,0.10082994395778959,-1.7186541642604192,0.93787637734732,0.8637766630411696,27.894915853227886,-0.12393045425415039,3.275311968840304,0.9932806905110679,0.0014040639032852908,-0.021604901941811527,-0.08115934950859904,,,,0.0014030791272475875,-0.13260295881877815,-0.4911747001857979,-0.32878460548501,-0.2749755391704196
2025-12-19 00:00:00+05:30,28.05158693892032,28.26797297559678,27.56963494176211,28.17945098876953,6755331,0.0,0.0,29.163518428802494,30.437937774658202,,,29.036060236769078,30.39000482671401,,,28.70453964415051,29.84717118356742,28.10908653115475,30.303316440912262,27.852154566750222,30.220027599651758,27.904404189865303,,28.72819366003046,28.034576538674454,27.75270770002454,29.246029074634418,30.917155188753554,29.13594791695297,28.212511217723375,28.120436668395996,29.0597505569458,29.08925830453402,33.991903836498736,-0.7114779893929217,-0.04664617386418324,-0.6648318155287385,17.739636381257025,19.2613621212017,-1.5217257399446744,37.69708093468759,35.80544465535179,-79.17980868402161,-2.74948811355776,-6.67752449169322,-0.7966957092285156,-2204.966074942796,-1.8774438621723846,48.82507701047443,-2.1239487111877047,-1.7745922653780406,-0.260745082188063,-0.21247040206132414,-12.402205479824417,-0.39707885935722587,-1.0954168931918957,-25328006.770063505,-26278490.765089326,-1.9179738362630203,0,1,0,-1.9179738362630203,0,0,0,1,0,0.6967437428333035,0.6983380338346701,27.29872791844926,29.163518428802494,31.02830893915573,12.788515315158467,0.23614531107664277,27.71565041260537,29.036060236769078,30.356470060932786,27.53029106520684,29.379413845847566,31.228536626488296,6.978137787499577,0.17741608072777768,27.610652414168957,29.163518428802494,30.87612516034758,32130699.0,18.02124544365134,-0.20188489937569884,-78351681.3409661,-1208690.9056330621,-427591.2219750843,28.005686302042808,225431177.09268472,984.034015624951,-22.735063831614305,-0.8073338113452735,-21.92773002026903,1.1722376229095128,-1.0554187556934282,0.9323952551766179,0.8693609118758705,28.82861042022705,28.82861042022705,0.3113386620379182,-1.6116469887663614,0.9349390903563902,0.8693609118758705,27.786582074846542,-0.10081653594970703,3.2804639115147958,0.9929746797349723,0.004206081904304826,-0.014108701200988283,-0.06677524491693221,,,,0.0041972610672705735,-0.13260295881877815,-0.4911747001857979,-0.32878460548501,-0.2749755391704196
2025-12-22 00:00:00+05:30,28.42534465100909,28.58271665332158,28.17945066289306,28.52370262145996,4762377,0.0,0.0,29.080406284332277,30.40351261138916,,,28.987264273406304,30.316816504939343,,,28.643604805355984,29.772103138343958,28.104425049093688,30.163209472169846,27.91189399295304,30.018892473676033,27.93654128359509,,28.722519575082725,28.07085575120676,27.684585239069804,29.166030137608104,30.903126183652763,29.08833876676531,28.196554657769195,28.351576805114746,28.74008846282959,28.84828220646273,39.664588879803794,-0.665414375453274,-0.00046604793962834457,-0.6649483275136456,25.109736784909156,20.2221585517891,4.887578233120056,61.33158515929712,43.71792055941564,-62.31342058541771,1.3986025839882987,-5.5066782281377735,0.3934307098388672,-2288.8421572315374,-1.7640142187172714,49.25799479446395,-1.64116749067065,-2.1239487111877047,-0.26742328078120936,-0.2249374214106043,-11.307825828309277,-0.06214243684756582,-0.4654084272760848,-23272048.811827738,-25539556.236901987,-1.69175084431966,0,1,0,-1.69175084431966,0,0,0,1,0,0.6757810462329618,0.4032659904285192,27.259838883844473,29.080406284332277,30.90097368482008,12.5209213563751,0.34710709893982705,27.715795196224185,28.987264273406304,30.25873335058842,27.53029106520684,29.379413845847566,31.228536626488296,6.950745557130275,0.18566177991070057,27.549622842959256,29.080406284332277,30.73886858998245,36893076.0,23.900244953724386,-0.15258756669477097,-74983158.8919854,852133.5113712102,-132298.75344473653,28.4286233125582,231249090.50196558,985.2556562907952,-22.75323335314547,-0.6604026663011453,-22.092830686844323,0.9355167453571978,-0.6115716042406922,0.9102837002439009,0.8286164149297282,28.661402702331543,28.661402702331543,0.536646132355519,-1.3414107508571822,0.9120877405756533,0.8286164149297282,27.770001847403393,-0.08311214447021467,3.29186379012586,0.9711611260308166,0.012216406658441592,-0.0041208626554921635,-0.055066782281377735,,,,0.012142388576220338,-0.13260295881877815,-0.4911747001857979,-0.32878460548501,-0.2749755391704196
2025-12-23 00:00:00+05:30,28.563047044703445,28.622061077566407,28.32698716120704,28.366331100463867,4364840,0.0,0.0,28.99188451766968,30.345284957885735,,,28.928127780745122,30.240326881234424,,,28.575597644987564,29.69221366732728,28.075864036816448,30.01925362305312,27.929332801608,29.815775623614385,27.993258056145205,,28.714989133484707,28.097122880997894,27.59521983521593,29.068800396075197,30.856072011916755,29.03131225860445,28.242410964661126,28.445016860961914,28.60238742828369,28.587634181614206,38.054562417535834,-0.634295433153202,0.02452231548835493,-0.658817748641557,32.68057185014882,25.176648338771667,7.503923511377156,79.59671983514397,59.541795309709556,-60.465055180114206,-0.9275175600345339,-5.874669192349914,-0.2655658721923828,-2405.194595947794,-1.6344713768442602,50.737528199479485,-1.0553167767131848,-1.64116749067065,-0.272003343340943,-0.23600843254479864,-9.671057104597653,0.016991700212301453,-0.27808221614706596,-21366959.007350117,-24161044.787998673,-1.4802815119425448,0,1,0,-1.4802815119425448,0,0,0,1,0,0.6485876798134194,0.29507391635936764,27.21596391588742,28.99188451766968,30.767805119451936,12.251156703524307,0.3238791147030937,27.721546441130943,28.928127780745122,30.1347091203593,27.53029106520684,29.379413845847566,31.228536626488296,6.806608819431244,0.18584340900053434,27.50975429175015,28.99188451766968,30.612937051175972,32528236.0,30.42926395632431,-0.1873231684655197,-78184019.35801242,599275.759921521,-211527.71862471558,28.43845977974577,228840912.57773006,984.7039343664553,-23.137051954909452,-0.8353770144521029,-22.30167494045735,0.937945123922672,-0.7044835411876256,0.8879603008911279,0.7884734959586623,28.63681411743164,28.63681411743164,0.7827361487627006,-0.9228237650138669,0.8941855721836125,0.7884734959586623,27.743023899623324,-0.08852176666259766,3.2981724451248966,0.9675109227498379,-0.00551721924339843,0.004528105472929367,-0.05874669192349913,,,,-0.00553249531100731,-0.13260295881877815,-0.4911747001857979,-0.32878460548501,-0.2749755391704196
2025-12-24 00:00:00+05:30,28.42534410029524,28.563046006667506,28.25813611657494,28.31715202331543,3267063,0.0,0.0,28.87778968811035,30.286270408630365,,,28.869939613370867,30.164908259355247,,,28.511337407430016,29.61267904244217,28.046197407906313,29.880043511846157,27.939426729899537,29.623255179501847,28.054265524133456,,28.711922031467598,28.083418787967123,27.536359159855518,28.897360069931917,30.832562407643703,28.97495679746419,28.304210839287858,28.34174156188965,28.499112129211426,28.390919852816268,37.54172093157557,-0.6066091747344657,0.04176685912567302,-0.6483760338601388,40.97861013867116,32.92297292457638,8.05563721409478,90.58925037722062,77.17251845722058,-54.285693818454604,-0.24254759300222276,-7.457410261131637,-0.06884956359863281,-2693.991096083299,-1.491216239341263,46.831649484694914,-0.614732029739977,-1.0553167767131848,-0.2748260886618281,-0.2456434359962197,-8.450039648164388,-0.0008923201096493472,-0.30580221020221643,-20225343.97621802,-22471894.39743954,-1.109800974527994,0,1,0,-1.109800974527994,0,0,0,1,0,0.62403926626193,0.3049098900925673,27.2495564625194,28.87778968811035,30.5060229137013,11.27671641892545,0.32783864867041895,27.720192707988026,28.869939613370867,30.01968651875371,27.53029106520684,29.2122059801367,30.894120895066568,6.584303881464684,0.1730654731737403,27.491289729026107,28.87778968811035,30.400216479070522,29261173.0,32.0525083330161,-0.2017616794672814,-80186389.46618937,-195763.42372071743,-204262.49358201417,28.379444715519284,228274497.61642694,984.5305630659009,-24.85780244992337,-2.044902007572812,-22.812900442350557,0.7203676622145408,-0.688645405318324,0.8141166127954754,0.662785859229578,28.607306480407715,28.607306480407715,1.0028018613946812,-0.3673665400304662,0.8653670455735496,0.662785859229578,27.778432846069336,-0.11409482955932634,3.3044102657336207,0.9668551762898766,-0.0017337130055438132,0.010530070879089859,-0.07457410261131636,,,,-0.0017352176252405844,-0.13260295881877815,-0.4911747001857979,-0.32878460548501,-0.2749755391704196
2025-12-26 00:00:00+05:30,28.31715247275424,28.523702521557603,28.071258485499435,28.159778594970703,4361450,0.0,0.0,28.75976047515869,30.24338649749755,,,28.80230523066609,30.086275723497028,,,28.442955398559572,29.52928720661238,27.995821650893838,29.737033235555888,27.91483455594265,29.428461910731542,28.089725004088827,,28.675844839919307,28.05041139880666,27.480963721515216,28.793594299252792,30.822105899562967,28.909689028500033,28.31985395790639,28.238465309143066,28.35157585144043,28.30239748353507,35.87558245925629,-0.590558742340054,0.0462538332160678,-0.6368125755561218,42.004516490847685,38.55456615988922,3.4499503309584654,81.0370405309913,83.74100358111863,-59.23570152888812,-1.8175593595139594,-7.734456730823302,-0.521295547485348,-3114.3638178244246,-1.3309801535377588,47.42625049942951,-0.2720423331149514,-0.614732029739977,-0.27660342855289066,-0.2538713104226968,-7.306990912177209,0.017501299324223396,-0.43494273673394446,-19723937.67185941,-21030098.7418039,-0.8114496866861973,0,1,0,-0.8114496866861973,0,0,0,1,0,0.6117824641045184,0.4524440360581681,27.2992770117506,28.75976047515869,30.220243938566778,10.156436905443526,0.2945947711082234,27.675878214165774,28.80230523066609,29.928732247166405,27.53029106520684,29.10893035499394,30.687569644781043,6.290226956043953,0.17309394203029685,27.387388789503113,28.75976047515869,30.271726044852723,24899723.0,33.53196859937867,-0.2101264393833944,-82841214.99693091,-1347927.2655629516,-273135.9000780275,28.25157986734258,225850608.59506997,984.5305630659009,-24.53368729913862,-1.376629485430449,-23.15705781370817,0.980444786017355,-0.821620915567107,0.7302417317040437,0.5332529867221205,28.55320930480957,28.55320930480957,1.212122951371111,0.330893032863778,0.8394102813709023,0.5332529867221205,27.809345245361328,-0.11802921295165998,3.3068439899341233,0.9755325571695965,-0.005557530228151086,0.0035050342683422553,-0.07734456730823303,,,,-0.005573030755712902,-0.13260295881877815,-0.4911747001857979,-0.32878460548501,-0.2749755391704196
2025-12-29 00:00:00+05:30,28.071257907454587,28.36632993567532,27.94339198614265,28.041749954223636,3865980,0.0,0.0,28.648124599456786,30.182601509094233,,,28.729871394814428,30.006098242349054,,,28.374573444184804,29.442948518640854,27.934660399726127,29.59351827204775,27.8715853666272,29.236194123968513,28.091578065533657,27.806462976410067,28.632821074974323,27.992445422371762,27.41886923822376,28.71316356043181,30.792262609884254,28.83965414093527,28.273979514376364,28.100764274597168,28.35157585144043,28.258136517204967,34.63409746798418,-0.5806689932320594,0.044914865859249975,-0.6255838590913094,40.537911493628606,41.17367937438248,-0.6357678807538747,65.0516468426691,78.89264591696033,-64.86487017177144,-1.8926334158015168,-7.374919200077607,-0.5409660339355433,-3710.9438402860187,-1.1745628989168715,49.43963391821655,-0.16201733974667898,-0.2720423331149514,-0.2777285913408867,-0.2608206486889296,-6.10874904976711,-0.07352110541381052,-0.4964590549464809,-19250565.868187957,-20086014.695282154,-0.529491424560545,0,1,0,-0.529491424560545,0,0,0,1,0,0.5982935702065294,0.4229379495326706,27.341964521730844,28.648124599456786,29.954284677182727,9.11864281510915,0.26787889341677656,27.63016353235554,28.729871394814428,29.829579257273316,27.53029106520684,29.10893035499394,30.687569644781043,5.699516449451831,0.1724319802688438,27.263602532343885,28.648124599456786,30.172529280503102,21033743.0,37.3856370544851,-0.20316759197457704,-84909059.18120712,-2354678.5989896804,-299301.68071764434,28.117157292013868,224230225.24220926,984.1114239723565,-24.8319483778179,-1.3399124512877805,-23.492035926530118,0.8832102193753839,-0.9284844263328941,0.6530800388629705,0.426513537161259,28.45485210418701,28.45485210418701,1.462832956321093,1.519212902021647,0.8123849615042493,0.426513537161259,27.827471133640834,-0.11163587570190411,3.3084043200105437,0.9811061859130861,-0.0041913909354438506,-0.004886576200536119,-0.07374919200077612,,,,-0.004200199436294038,-0.13260295881877815,-0.4911747001857979,-0.32878460548501,-0.2749755391704196
2025-12-30 00:00:00+05:30,28.081092958893297,28.51386690737018,27.82536485972569,28.356494903564453,7011814,0.0,0.0,28.551734161376952,30.131652297973627,,,28.6943117289811,29.941407915337894,,,28.346799187433156,29.37133649489459,27.942662083385336,29.482854100272974,27.9250068458367,29.095371714992584,28.112331130618134,27.743775811728618,28.626262074525744,28.038357806113517,27.385824302348833,28.60295657360557,30.75386434936,28.802729842464622,28.236740445004862,28.199122428894043,28.35157585144043,28.2778084554826,40.54293473438137,-0.5411954446304392,0.06751073156869625,-0.6087061761991355,43.81833976871963,42.12025591773197,1.6980838509876648,70.40346678347039,72.16405138571027,-44.444408993181526,-0.9958768065775044,-6.365702784226201,-0.2852363586425781,-4790.234968829053,-1.123561397096406,49.709674208570725,-0.1305864543269215,-0.16201733974667898,-0.27682704206452025,-0.2663088605526529,-4.932539554609001,0.0859238859274285,-0.6025781617170622,-18983500.572236493,-19526308.604758207,-0.37047990163167144,0,1,0,-0.37047990163167144,1,0,0,0,0,0.6047370328806696,0.688502047644491,27.49284687852549,28.551734161376952,29.610621444228414,7.417323773516076,0.4078092347625791,27.56819470149077,28.6943117289811,29.820428756471426,27.53029106520684,29.08925830453402,30.648225543861205,5.442780726628986,0.180019385949104,27.128772673739554,28.551734161376952,30.081959950855342,28045557.0,49.1286029281193,-0.13631522145770375,-81102648.05043088,-1341338.9120545685,58731.85113019479,28.231908890220108,232100393.99351725,984.1114239723565,-20.113215666569726,2.703056207968313,-22.81627187453804,1.5073691497068806,-0.3687630609496836,0.5294436414257311,0.2803105694461381,28.376166343688965,28.376166343688965,1.6237493660337754,2.775828090752092,0.7540734950120057,0.2803105694461381,27.93692923954555,-0.09639043807983398,3.310801777980375,0.9465935516357425,0.011224155049332385,-0.005862062163335957,-0.06365702784226202,,,,0.011161631634382939,-0.13260295881877815,-0.4911747001857979,-0.32878460548501,-0.2749755391704196
2025-12-31 00:00:00+05:30,28.47452443462658,29.251548457731698,28.376166464657995,28.966312408447266,11875022,0.0,0.0,28.495178604125975,30.103325347900387,,,28.720216555596924,29.90316887585199,,,28.38628283001128,29.32563689138375,28.06359029080555,29.425858094028648,28.133590039465513,29.035549696971753,28.217232804814458,27.712885273056177,28.651200462451225,28.2166615632903,27.38377535725251,28.564848712961336,30.7169743350254,28.814152594336107,28.307269922369812,28.66140365600586,28.494194984436035,28.410591699746902,49.977866772143045,-0.45545499511281307,0.12260094486905793,-0.578055939981871,57.91056695039751,47.42227273758191,10.488294212815596,79.9556766296997,71.8035967519464,-16.959019983854496,2.5775057871996436,-3.758166020457411,0.7278480529785156,-6212.458981237548,-0.9940765650944172,50.23977740829917,0.24072463105206726,-0.1305864543269215,-0.2718117367732864,-0.2698855718225023,-3.0161714494556264,0.7466955238597315,-0.12868646921397087,-19064328.319287103,-19209399.811999235,-0.1967147191365548,1,0,0,-0.1967147191365548,1,1,0,0,0,0.6254739272582821,0.8950535541672444,27.694567045183675,28.495178604125975,29.295790163068276,5.619277352600102,0.794233701136986,27.530862377550008,28.720216555596924,29.90957073364384,27.53029106520684,28.84828220646273,30.166273347718622,5.087985785237151,0.19949743905005743,27.02273128529908,28.495178604125975,30.037392063427752,39920579.0,54.45880890788979,-0.057951270808306185,-76966383.27241209,511233.29033891857,1084855.3418928105,28.86467577694565,257638092.8914097,984.1114239723565,-9.702559036315174,10.490970270578293,-20.193529306893467,2.1644115302208062,1.176934804547946,0.4003057794711495,0.16024471707800456,28.376166343688965,28.376166343688965,0.9292342855474437,0.2930631579306048,0.5516722728078886,0.16024471707800456,28.16849128178188,-0.05655555725097674,3.318171889133296,0.8783988952636718,0.021505390809290592,0.02115117763585528,-0.0375816602045741,,,,0.021277412607958745,-0.13260295881877815,-0.4911747001857979,-0.32878460548501,-0.2749755391704196
2026-01-01 00:00:00+05:30,29.163026231113445,29.4384281695428,28.91713224623724,29.044998168945312,5479869,0.0,0.0,28.474523544311523,30.05591697692871,,,28.75114813782058,29.869515122639964,,,28.43864659808931,29.28413386475806,28.185043425021213,29.378588412507945,28.330276982753947,28.990504256764552,28.38360755994722,27.711249860090778,28.706440813987676,28.389224651535812,27.391063911238167,28.525770113180368,30.649402082159195,28.830123572324048,28.479268727430057,29.00565528869629,28.53353786468506,28.504031555652453,51.05707724514345,-0.3768121321733702,0.16099504624680072,-0.5378071784201709,72.51464920358582,58.081185307567644,14.433463896018175,99.99999999999999,83.45304780439002,-21.052623412206508,3.650409596914272,-1.4023348593106773,1.0229206085205078,-6910.3678920444945,-0.8010064213946144,44.51763803745772,0.7089273063551966,0.24072463105206726,-0.2633598877285981,-0.27125872015913616,-1.2484114456012063,0.8564116306603538,0.33511570735479523,-19710971.060993653,-19176199.1187048,-0.027867635091144635,1,0,0,-0.027867635091144635,1,1,0,0,0,0.618032641261659,0.5212959233055587,27.762047926077116,28.474523544311523,29.18699916254593,5.004302299391706,0.9003467697936722,27.575771324672314,28.75114813782058,29.926524950968844,27.53029106520684,28.587634181614206,29.644977298021576,4.804294934319408,0.18607383465054828,27.034288898982254,28.474523544311523,29.967804686413558,45400448.0,61.903722846111336,-0.03658746886384517,-79757996.04527238,334387.55537715554,991474.2444359337,29.133519528241788,259126676.089763,984.3830697358508,-9.953952904773843,8.191661121695702,-18.145614026469545,0.9775191967596961,1.6013870791746903,0.3562378091172033,0.126905376644625,28.376166343688965,28.376166343688965,0.5720736144532846,-0.7391273989594668,0.2527385697956637,0.126905376644625,28.36689270564488,-0.020655059814452946,3.325873451148735,0.7880847125583224,0.0027164576349421043,0.025703366815652773,-0.014023348593106721,,,,0.0027127747320264185,-0.13260295881877815,-0.4911747001857979,-0.32878460548501,-0.2749755391704196
2026-01-02 00:00:00+05:30,29.064667735709584,30.1957815464778,29.064667735709584,30.008901596069336,14230336,0.0,0.0,28.51583375930786,30.02070495605469,,,28.870934181463316,29.87498125885288,,,28.584777841113866,29.282290124332203,28.467122052226365,29.408558354499235,28.745359989588643,29.05923605747402,28.676905198365574,27.763357257838905,28.990865326458316,28.71771298980565,27.483309864674982,28.65740596315335,30.616286286718214,28.901851719525247,28.815527113167214,29.526949882507324,29.01548957824707,28.882708244119954,61.90086715382785,-0.23401061708359094,0.243037249069264,-0.47704786615285494,84.95740957844636,71.79420857747655,13.163201000969806,99.99999999999999,93.31855887656656,-7.11612786859993,6.940058931774416,2.8311443988283105,1.947479248046875,-6243.698899607637,-0.5155092844042031,54.180994828774814,1.1916916650046625,0.7089273063551966,-0.24861008383197936,-0.2699103870084602,1.6164871236953335,1.4099242851400824,0.27881047437186623,-20249640.86449695,-19463956.699549157,0.23605855305989704,0,1,0,0.23605855305989704,1,0,0,0,0,0.656086265281004,1.1507833775324876,27.572170413681878,28.51583375930786,29.459497104933842,6.618521861160455,1.2911019558415957,27.5883011833706,28.870934181463316,30.15356717955603,27.53029106520684,28.86303630584232,30.1957815464778,4.4698644028729415,0.21726846214161474,26.993882705638022,28.51583375930786,30.042968966184354,59630784.0,66.61816672883548,0.06412800891049662,-70229865.00583175,3263320.7622259855,2809359.300877424,29.756450292752238,306352258.82087886,984.3830697358508,0.3873484411616503,14.826369974104956,-14.439021532943306,2.156958546236384,3.1644078233663784,0.47183167281299165,0.222625127469506,28.376166343688965,28.376166343688965,1.7669879330141758,4.255391500329742,-0.16888748641665105,0.222625127469506,28.722666004725866,0.041310214996338065,3.337464682193392,0.7658778381347656,0.033186554928229306,0.06566539558762319,0.028311443988283003,,,,0.03264776911599817,-0.13260295881877815,-0.4911747001857979,-0.32878460548501,-0.2749755391704196
2026-01-05 00:00:00+05:30,30.37282469926073,30.736748628471627,29.241712724937425,29.42859268188477,15027182,0.0,0.0,28.5384560585022,29.97506702423096,,,28.924044514836787,29.857475824461975,,,28.671707262311667,29.25907003514907,28.606742890007922,29.392525067628974,28.93675338494301,29.058316100457915,28.961351500507035,27.843536359215317,29.027038655629916,28.871595823377454,27.526038171888057,28.726894195982574,30.52879244000187,28.936853791655096,29.130284639405946,29.71874713897705,29.01548957824707,29.153191785116867,54.12577222130294,-0.16575474950280977,0.24903449332003613,-0.4147892428228459,76.84229720991962,78.1047853306506,-1.2624881207309784,91.5309210493177,97.17697368310589,-41.304357089434674,4.432810609451062,1.5614428950899177,1.249141693115238,-5369.134925260511,-0.12202093820102888,45.87790383322799,1.6633167647508804,1.1916916650046625,-0.23173584671127845,-0.26594511655624564,3.2316265418213503,1.859072021341472,0.3640361178072702,-20706772.11122543,-19948720.71358229,0.5491641362508155,0,1,0,0.5491641362508155,1,0,0,0,0,0.7160112394419467,1.495035903534202,27.528934764681054,28.5384560585022,29.547977352323343,7.074813660218226,0.9408706526700935,27.478798296841624,28.924044514836787,30.36929073283195,27.53029106520684,29.133519846839235,30.736748628471627,4.162227255964742,0.2279288460759351,26.92388178529916,28.5384560585022,30.218862035175732,44603602.0,75.2040470763882,-0.020504988218970416,-81500242.07752033,578826.1183790565,1162249.7336558115,29.802351345097943,277292855.75756884,984.3830697358508,8.12710085583712,18.052897911024342,-9.925797055187221,2.023973757592891,1.7634826106803754,0.5047606469105719,0.254783310669579,28.376166343688965,28.376166343688965,1.5951824720446586,2.764588257801611,-0.3691736111428342,0.254783310669579,28.938209669930597,0.022622299194336115,3.343218041098254,0.7351902770996089,-0.019337892535879364,0.04945635454010766,0.015614428950899262,-0.028571378202644104,,,-0.019527315584524137,-0.13260295881877815,-0.4911747001857979,-0.32878460548501,-0.2749755391704196
2026-01-06 00:00:00+05:30,29.359741579309336,29.920379553395023,29.281055580771383,29.46793365478516,8418652,0.0,0.0,28.605339145660402,29.94162540435791,,,28.975843480546153,29.842199660945237,,,28.76022893814814,29.239182452033546,28.735626788961845,29.380805168844507,29.10395122398152,29.06311923905038,29.208758499261098,27.94690160818332,29.054548982863214,29.03330443154212,27.577505057543565,28.828517537243904,30.497749785811216,28.972126459211797,29.36417308640228,29.448263168334964,29.01548957824707,29.153191785116867,54.54262610051888,-0.10725067593033444,0.24603085351400916,-0.3532815294443436,70.50577637168212,77.43516105334936,-6.929384681667244,83.51590323160109,91.68227476030626,-40.06218592691906,3.3103382329291344,4.755239292981932,0.9442310333251989,-4552.714664185634,0.20296388849658697,46.159185491275586,1.736223920380302,1.6633167647508804,-0.21341296167823876,-0.2594350741492785,4.756991103928375,0.9583805108855792,0.3190565382619397,-21571530.01943915,-20532554.505312927,0.840957959493003,0,1,0,0.840957959493003,1,0,0,0,0,0.7105335775263534,0.6393239726236397,27.534311084698942,28.605339145660402,29.676367206621862,7.488308776957404,0.9026946354469968,27.54646376471746,28.975843480546153,30.40522319637485,27.53029106520684,29.133519846839235,30.736748628471627,3.6828503153924435,0.19764007275577938,27.032643531414962,28.605339145660402,30.21451277339375,53022254.0,71.25843146486339,0.016915739688392085,-84997253.28530683,-1684682.1764339507,1043528.0517320985,29.556456262983854,278418284.906594,984.5167525569277,7.388997150906417,13.851835364874912,-6.462838213968494,1.0806692411080312,1.6107785417879852,0.5355140304807307,0.2867752768417169,28.45485210418701,28.45485210418701,1.248920736475635,1.1682348176250172,-0.3767522180620922,0.2867752768417169,29.070008523123605,0.0668830871582033,3.3465828582492887,0.7064698028564453,0.001336828210769525,0.03919520924573083,0.04755239292981939,-0.025691127049322415,,,0.0013359354514922552,-0.13260295881877815,-0.4911747001857979,-0.32878460548501,-0.2749755391704196
2026-01-07 00:00:00+05:30,29.458099998011203,29.733500059104188,29.251548076169254,29.399084091186523,5539428,0.0,0.0,28.643698501586915,29.893823585510255,,,29.01615211013095,29.824822579778232,,,28.83582369486491,29.217906322105257,28.835282911179007,29.364826362324916,29.22222417905466,29.060942144634936,29.405201749099792,28.065192648105334,29.08026108931625,29.17118173892455,27.64662520497867,28.867351872372303,30.454103103718797,29.000890045407722,29.46626022889476,29.43350887298584,29.025325775146484,29.153191785116867,53.624257239271216,-0.06568419400614545,0.2300778683505585,-0.29576206235670394,58.799127062327926,68.71573354797655,-9.916606485648629,74.30299964850084,83.1166079764732,-42.23607579666251,3.640770415691044,2.6794840707304335,1.0327529907226562,-4116.943572642483,0.3838260251957628,46.63587171384042,1.6140023113549982,1.736223920380302,-0.19462139973276393,-0.25052344204604915,5.825086054762674,0.7090602953551581,0.22710831242022422,-22440635.2061118,-21207813.388656314,1.0983266830444347,0,1,0,1.0983266830444347,1,0,0,0,0,0.6942063207698234,0.48195198293493413,27.515250365836415,28.643698501586915,29.772146637337414,7.879206909596407,0.8347010667429667,27.631103418107855,29.01615211013095,30.401200802154044,27.56963494176211,29.153191785116867,30.736748628471627,3.1420715596178903,0.18962646826333643,27.187399743461015,28.643698501586915,30.192225007554136,47482826.0,70.20372911024664,-0.05894813106168904,-87145201.79551122,-3140948.079701215,839968.730000932,29.46137740881999,277124040.10187167,984.2831102377709,3.9450708972806283,8.326327288999298,-4.38125639171867,0.7005124486834292,1.338804266971868,0.5642240678752493,0.3183487987696939,28.45485210418701,28.45485210418701,1.0036269860256375,0.18847220239207496,-0.44779502371948077,0.3183487987696939,29.220074081420897,0.03835935592651367,3.349695174399847,0.6775307591756186,-0.0023364231915683487,0.014940516992181907,0.026794840707304424,-0.0600628836853061,,,-0.002339156887109924,-0.13260295881877815,-0.4911747001857979,-0.32878460548501,-0.2749755391704196
2026-01-08 00:00:00+05:30,29.42859139882377,29.497441412586184,28.622059450140327,28.740087509155277,5876611,0.0,0.0,28.661402797698976,29.823989639282228,,,28.989860243371364,29.782283949557726,,,28.845003600347614,29.172661770091334,28.802428802965693,29.29945635081229,29.14658125544267,28.985553128260857,29.47459588253136,28.173043693019718,29.074019648376765,29.185392661249814,27.67214883310374,28.87832792925911,30.342875995253788,28.981575844837025,29.389200197196867,29.0695858001709,29.025325775146484,29.153191785116867,45.69369406999124,-0.08493885210215524,0.16865856820363895,-0.2535974203057942,51.55272712391567,60.285876852641906,-8.733149728726232,63.41488870101479,73.74459719370557,-63.04355690467139,1.4935664627982923,1.2473962602906639,0.4229354858398473,-4002.9393753213953,0.4182220981142031,40.55371307141754,1.2540607484765627,1.6140023113549982,-0.17843465490319232,-0.23961580052941603,5.923751817426781,0.5136233994934045,-0.3617585629524527,-23356031.336080134,-22014522.316401243,1.070458094278973,0,1,0,1.070458094278973,1,0,0,0,0,0.7071474380323972,0.8753819624458574,27.538882937313815,28.661402797698976,29.783922658084137,7.83297222615552,0.5350482491371256,27.569981529170306,28.989860243371364,30.409738957572422,27.56963494176211,29.153191785116867,30.736748628471627,2.7020810471573102,0.20530445603177122,27.181075582260338,28.661402797698976,30.23999735197971,41606215.0,69.02108523329284,-0.06331247140133177,-91437121.72424915,-4816763.373845249,166735.11672548112,28.953196123960595,263951294.4785201,984.2831102377709,1.4434749973062924,4.65978511121997,-3.216310113913678,0.7194116803660597,0.14019299654850229,0.5612599301925797,0.3150127092397795,28.55320930480957,28.55320930480957,0.9203858861380569,0.11304724701287618,-0.44569241908382223,0.3150127092397795,29.212205205644878,0.017704296112060723,3.3485483976695463,0.6223849995930989,-0.022415548048614342,-0.010497871544576043,0.012473962602906674,-0.08084308940917218,,,-0.02267059499632838,-0.13260295881877815,-0.4911747001857979,-0.32878460548501,-0.2749755391704196
2026-01-09 00:00:00+05:30,28.622059822581004,28.985981864638447,28.22862982737477,28.307315826416016,6831201,0.0,0.0,28.64271488189697,29.744713363647463,,,28.92485601318514,29.724442062375697,,,28.811281031653998,29.11318436566521,28.696461835030565,29.20497530138656,28.970776338832156,28.868179676779476,29.41625816122278,28.255674480630567,29.068149687992644,29.127058283855394,27.670828681014733,28.856024628496307,30.26535697060711,28.928659164023596,29.164918409690706,28.523701667785645,29.025325775146484,29.281056744098656,41.366991572528065,-0.13357954351153722,0.09601430143540557,-0.2295938449469428,37.09146146353717,49.147771883260255,-12.056310419723083,46.327463975564356,61.348450775026656,-83.44598290805459,0.5239289469117575,-1.3031531322139995,0.1475372314453125,-3992.037679089853,0.2675903657286476,34.144685777054185,0.7372821926966416,1.2540607484765627,-0.16612349552023176,-0.22721523432712104,5.277468086803441,0.09880702107091466,-0.6585450161927611,-24454278.43948809,-22936523.59055185,0.9934110641479509,0,1,0,0.9934110641479509,1,0,0,0,0,0.7107334808346314,0.757352037263676,27.509183155222544,28.64271488189697,29.776246608571398,7.914974061281125,0.3520557265454957,27.49594631228634,28.92485601318514,30.353765714083938,27.56963494176211,29.153191785116867,30.736748628471627,2.5878837326313153,0.20921908001964812,27.16624142831973,28.64271488189697,30.26942371928076,34775014.0,62.439517607098956,-0.13422220244897412,-96848851.06803337,-6786350.478667751,-279419.950221034,28.507309172809745,253664790.12825197,984.2831102377709,0.41581349661336126,2.9056988884216315,-2.4898853918082704,0.8117297980615664,-0.5917770938180174,0.5667658633372132,0.3212235438443766,28.445016860961914,28.445016860961914,0.989510995254378,0.13644603450477372,-0.4714947641724685,0.3212235438443766,29.148413331168037,-0.018687915802001777,3.345166452394361,0.5737525685628254,-0.01505811986833372,-0.05670270083714757,-0.013031531322139966,-0.06588767252789995,,,-0.01517264449337905,-0.13260295881877815,-0.4911747001857979,-0.32878460548501,-0.2749755391704196
2026-01-12 00:00:00+05:30,28.30731661556422,28.523702649954483,27.80569265418373,28.4351806640625,6113595,0.0,0.0,28.635338115692136,29.674879493713387,,,28.87822026564965,29.673882791853615,,,28.791515868050713,29.061830142152075,28.629383666215784,29.126210722362444,28.859077455164535,28.775523551336036,29.283035967195186,28.319059815035892,29.058156693430437,29.068659059160648,27.71276047456333,28.84587269585397,30.207162958048116,28.89089938436832,28.89503568149918,28.371248245239258,29.025325775146484,29.27122064132768,43.081850947477584,-0.15996602929339687,0.055702252522836754,-0.21566828181623363,24.995650820586324,37.879946469346386,-12.884295648760062,32.53432219872025,47.425558291766464,-78.52350772551505,1.4030176807122028,-0.5161697165440765,0.39343070983886363,-3868.0081148840645,-0.03294991854463447,39.148025885020594,0.10635865362786284,0.7372821926966416,-0.15628498924052936,-0.21382167290223317,4.603057382165479,-0.29890159654090454,-1.0169115923116578,-25911275.831245698,-23995421.76474899,0.7180096308390317,0,1,0,0.7180096308390317,1,0,0,0,0,0.7112532319014973,0.7180099957707535,27.49824768427724,28.635338115692136,29.772428547107033,7.941868378301235,0.4119870125982077,27.44863339421345,28.87822026564965,30.30780713708585,27.56963494176211,29.153191785116867,30.736748628471627,2.8183092708269077,0.20971848924228795,27.11114693889069,28.635338115692136,30.268425741492948,40888609.0,57.095900223300895,-0.07587669209027548,-92242721.34992926,-5509562.9768195,-127829.40988783508,28.254858656066904,256426315.93629724,984.7348126825755,-1.17791717115811,1.0495745765201285,-2.2274917476782385,0.7075616313234698,-0.3520519496071693,0.5685452157074484,0.3232436623038291,28.400755882263184,28.400755882263184,1.0207258799149155,0.15597408285366907,-0.5076445022241738,0.3232436623038291,29.10387137276786,-0.007376766204833985,3.342802615692712,0.5225410376654727,0.004517024448046136,-0.03375669467312925,-0.005161697165440793,-0.08512656489762904,,,0.004506853310463851,-0.13260295881877815,-0.4911747001857979,-0.32878460548501,-0.2749755391704196
2026-01-13 00:00:00+05:30,28.474525027469067,28.71058303469508,28.248301129024643,28.454853057861328,4810156,0.0,0.0,28.625994205474857,29.590685462951665,,,28.837899579193618,29.626077704246075,,,28.77432681492397,29.01398596819709,28.576281082436093,29.053952592523785,28.77253469866832,28.69352376017832,29.107027116172755,28.365586922305894,29.054192665200627,28.96149093040967,27.734919245877176,28.83814750019109,29.98000960691507,28.857799730314582,28.66127216138513,28.445016860961914,29.025325775146484,29.27122064132768,43.356342122414944,-0.17724691945428006,0.030737089889562863,-0.20798400934384292,20.05939083601664,27.382167706713375,-7.322776870696735,29.221029252660752,36.02760514231512,-77.85233685838045,0.3468628779098902,-0.6524682556193461,0.098358154296875,-3844.578097892668,-0.2088940946196196,34.388800473297565,-0.3562087809140355,0.10635865362786284,-0.1482709101688795,-0.2000949143906324,4.073454677599403,-0.05948532770973003,-0.5217672333801673,-26750465.9628374,-25139600.973397516,0.5327695210774751,0,1,0,0.5327695210774751,1,0,0,0,0,0.6934695657421359,0.4622819056704375,27.48605723635977,28.625994205474857,29.765931174589944,7.964348493419795,0.4249339427308938,27.45641014205221,28.837899579193618,30.219389016335025,27.56963494176211,29.153191785116867,30.736748628471627,3.04950431039283,0.20957363062703374,27.09508527500951,28.625994205474857,30.281871568290903,45698765.0,57.28032083179174,-0.10465645337655079,-92754430.93609251,-4649188.141949922,-96049.88232303066,28.47124574052701,256759098.35883126,984.8039959736234,-3.9181310136320042,-1.3525114127630125,-2.5656196008689918,0.5712635126754394,-0.3002642290764252,0.5699684845575428,0.32486407338882195,28.400755882263184,28.400755882263184,1.0658923905676534,0.20405789746058312,-0.5812242890520796,0.32486407338882195,29.070992033822197,-0.009343910217285156,3.3382182067656863,0.464313197665745,0.0006918329104794729,-0.03437908503500797,-0.0065246825561934285,-0.07924883288598672,,,0.0006915937044121898,-0.13260295881877815,-0.4911747001857979,-0.32878460548501,-0.2749755391704196
2026-01-14 00:00:00+05:30,28.41550748394424,29.11384735666624,28.277807456656312,28.917131423950195,7993624,0.0,0.0,28.659927558898932,29.508458480834967,,,28.845445469170436,29.59827588933251,,,28.80205416906448,28.98757208431468,28.615570253511702,29.021875508839234,28.82185316062072,28.67147352933519,28.968392732545922,28.412974358311864,29.05345939485778,28.94508843027114,27.802109128822636,28.85846375419734,29.792585132945796,28.862003033677105,28.57706807433381,28.68599224090576,29.025325775146484,29.27122064132768,49.51733787969004,-0.151889263801678,0.04487579643373196,-0.19676506023540996,27.181184350047623,24.07874200221686,3.1024423478307632,39.18474014943713,33.64669720027271,-62.080602365961624,-0.1697868330755418,2.403342688675677,-0.04918098449707031,-3883.102765046893,-0.3096527722259488,43.34291294900529,-0.5991364743542738,-0.3562087809140355,-0.13981021107781766,-0.1863671725405457,3.899631894659874,0.3227699854692325,-0.5132699145406967,-26029464.022843365,-25967871.008416276,0.4442478815714518,0,1,0,0.4442478815714518,1,0,0,0,0,0.7036531610469783,0.8360399000099294,27.52818745108811,28.659927558898932,29.791667666709753,7.897717853508071,0.6136320358694298,27.436280759373936,28.845445469170436,30.254610178966935,27.56963494176211,29.153191785116867,30.736748628471627,3.142525744378833,0.21060218141467493,27.069268858595816,28.659927558898932,30.334741145902033,53692389.0,62.131128230033916,-0.04971105219642612,-88522525.009411,-2528047.629018277,445568.592558653,28.769595412424252,269745563.0379305,984.8039959736234,-2.4709644467641567,0.07572412328386813,-2.546688570048025,0.9952140080931113,0.4545281434777192,0.5658700539054106,0.3202089179069123,28.445016860961914,28.445016860961914,0.9158266712923009,0.001861291835652516,-0.6005790980329923,0.3202089179069123,29.086307389395575,0.03393335342407226,3.333159926828691,0.4151999155680335,0.016246028933934342,-0.016393458576514308,0.024033426886756803,-0.04823568747432383,,,0.01611547430416444,-0.13260295881877815,-0.4911747001857979,-0.32878460548501,-0.2749755391704196
2026-01-15 00:00:00+05:30,28.917131423950195,28.917131423950195,28.917131423950195,28.917131423950195,0,0.0,0.0,28.704680252075196,29.443739204406747,,,28.852272702958984,29.571564341670456,,,28.82654977525984,28.964382787966258,28.650467386028815,28.992103861678082,28.86250087702472,28.652503040675068,28.868420428982024,28.461756753352304,29.052416292184965,28.838447746610182,27.855092641631334,28.885848130811457,29.71817318689435,28.86591083353329,28.6198613233956,28.917131423950195,29.025325775146484,29.27122064132768,49.51733787969003,-0.1302912228909321,0.053179069875582324,-0.18347029276651441,32.6621528032321,26.634242663098785,6.0279101401333115,47.05205386299083,38.48594108836291,-62.080602365961624,-0.4402367121917443,3.1941024415315407,-0.1278667449951172,-3977.4904015356424,-0.2881298541880426,44.801167733884945,-0.6360613656214481,-0.5991364743542738,-0.13112431065522845,-0.17331319774312892,3.4225334300786057,0.10804633093130178,0.10804633093130178,-24587073.532237053,-26009701.55580738,0.3344151178995768,0,1,0,0.3344151178995768,1,0,0,0,0,0.6533922209721942,2.220446049250313e-16,27.60892628651497,28.704680252075196,29.800434217635424,7.634671112429551,0.5969429171841414,27.57731415600025,28.852272702958984,30.12723124991772,27.56963494176211,29.153191785116867,30.736748628471627,3.2534508945895646,0.20805510589276335,27.16621401317433,28.704680252075196,30.30873931124947,53692389.0,64.6856242852575,-0.027764876432415302,-88522525.009411,-1430485.8165445775,381915.9364788454,,269745563.0379305,984.8039959736234,-10.873465971350628,-6.661421921042082,-4.2120440503085455,0.0,0.3877716687365654,0.547876982780114,0.30016918826024136,28.489277839660645,28.489277839660645,0.8344677910832559,-0.030561405191844665,-0.5634680175471605,0.30016918826024136,29.070288821629116,0.04475269317626953,3.328353525385255,0.39356119791666655,0.0,0.006160173128857638,0.03194102441531532,-0.07952418126559813,,,0.0,-0.13260295881877815,-0.4911747001857979,-0.32878460548501,-0.2749755391704196
2026-01-16 00:00:00+05:30,28.9171330302643,29.62530892656269,28.9171330302643,29.1728630065918,9710974,0.0,0.0,28.760252285003666,29.398691406250002,,,28.882805112828777,29.555928995196783,,,28.871138609023323,28.953760191973515,28.727843911202722,28.9841702599647,28.96206650737893,28.66528683377071,28.82392280256593,28.52005163942373,29.06023525141965,28.845941611818624,27.92991293117616,28.932399564680473,29.665665766179387,28.886927678917356,28.75844912643473,29.044997215270996,29.158108711242676,29.27122064132768,52.81037274667687,-0.0914846403952545,0.07358852189700793,-0.16507316229226243,40.82769626867107,33.55701114065026,7.2706851280208085,55.534998593160935,47.25726420186297,-53.35570646206354,-2.785968646006832,3.9607424199139527,-0.8360385894775355,-4060.576758983003,-0.12251281131189273,45.222613624795784,-0.35679775044853895,-0.6360613656214481,-0.12137160404385172,-0.16105050411341482,3.3299330907590874,0.7642555601762346,0.056079663877845576,-23647255.442869734,-25271799.419311326,0.3327760696411133,0,1,0,0.3327760696411133,1,0,0,0,0,0.6573054553750728,0.708177502612493,27.689407667982138,28.760252285003666,29.831096902025195,7.446698355840877,0.6926566726066098,27.59438023651135,28.882805112828777,30.171229989146205,27.56963494176211,29.153191785116867,30.736748628471627,3.2839655928830216,0.2096283130197469,27.206929635547905,28.760252285003666,30.39863392246035,63403363.0,70.06310694462529,-0.05741668004166967,-91220023.50391148,-1709734.067278698,682128.3384120788,29.23843498780626,278333561.3203418,984.8039959736234,-5.537222095651694,-1.0601424362745195,-4.477079659377175,1.3809410540511957,0.7706266904264384,0.5354223085107647,0.2866770484509965,28.631895065307617,28.631895065307617,0.6872937436089787,-0.24215382415178324,-0.4899899486018911,0.2866770484509965,29.092911257062642,0.05557203292846698,3.3208563754794005,0.3931678263346354,0.008843601354932451,0.030576801611407634,0.03960742419913954,-0.0817337199962368,,,0.008804725744615872,-0.13260295881877815,-0.4911747001857979,-0.32878460548501,-0.2749755391704196
2026-01-19 00:00:00+05:30,29.79251626533339,29.881036374415576,28.95647633713732,29.143354415893555,14799664,0.0,0.0,28.80844745635987,29.34184070587159,,,28.90761933216828,29.53974959992999,,,28.90762452625093,28.94374697666542,28.789867300575686,28.974867866705576,29.035448422384434,28.675096988565777,28.826764523064412,28.587066769722185,29.06201916374398,28.843354332312273,27.997170367976313,28.989268672247167,29.579824060496968,28.904607690104868,28.90893606596272,29.158108711242676,29.158108711242676,29.27122064132768,52.38573760803695,-0.06239202441706837,0.08214491030015525,-0.14453693471722362,43.40040946973644,38.96341951387987,4.436989955856568,55.22749927336494,52.60485057650557,-54.36246276276553,-0.9692555436631443,3.420589803215725,-0.2852382659912145,-4168.909449613972,0.15809549775591591,43.95001255370563,0.09563312123387543,-0.35679775044853895,-0.11112538360567026,-0.14968521766090723,2.542291763863792,0.9796542866709643,0.05509424939270957,-23892144.06094448,-24398377.67233357,0.35900465647379554,0,1,0,0.35900465647379554,1,0,0,0,0,0.6763950683681572,0.924560037278255,27.76116068351723,28.80844745635987,29.855734229202508,7.270692212269399,0.6598926713380768,27.56579491316142,28.90761933216828,30.249443751175143,27.80569265418373,29.27122064132768,30.736748628471627,3.359639706861056,0.20970058167829453,27.254228956053314,28.80844745635987,30.50248874382665,48603699.0,72.13668817913569,-0.1502370937386872,-100036879.11279902,-4473904.766563371,522293.2575749872,29.32695570914882,276836563.14313555,984.8039959736234,3.931022252676845,6.726481529643216,-2.795459276966371,2.111405264123892,0.6395706853523075,0.5236433864213194,0.2742023961427872,28.828609466552734,28.828609466552734,0.5297154481748476,-0.33473641971016166,-0.3936699666621067,0.2742023961427872,29.105978666033064,0.048195171356201175,3.317879304899219,0.39985613505045614,-0.0010115082188394409,0.024904844467053877,0.034205898032157345,-0.0809553846700738,,,-0.0010120201385142504,-0.13260295881877815,-0.4911747001857979,-0.32878460548501,-0.2749755391704196
2026-01-20 00:00:00+05:30,29.27122000335348,29.31056206515826,28.130272070681634,28.31715202331543,8318536,0.0,0.0,28.798119926452642,29.27338382720948,,,28.851384350372772,29.491804596925498,,,28.860834485008606,28.903563106761258,28.693967528735918,28.903010281725173,28.88027278128474,28.592020290633606,28.771234800413055,28.63663753466369,28.992743807954042,28.690198677372468,28.01280445908164,28.966456523463396,29.509435395001045,28.859054679022815,28.924069605753452,28.730253219604492,29.158108711242676,29.27122064132768,42.16330974601378,-0.10479552726755159,0.03179312595973763,-0.13658865322728922,36.57716435605312,40.26842336482021,-3.6912590087670907,38.32558775643403,49.69602854098663,-82.55033770701156,-3.9051996144387275,-0.7241366974185596,-1.1507816314697301,-4244.200792296963,0.2537335679511692,41.44524537296665,0.19038456154564704,0.09563312123387543,-0.10400465636803968,-0.1396166906203823,0.8209172583853426,0.4926414151892402,-0.6876485792873837,-25416334.91258304,-24180367.908741415,0.05737495422363281,0,1,0,0.05737495422363281,1,0,0,0,0,0.7123875630901906,1.180289994476624,27.735055443508575,28.798119926452642,29.86118440939671,7.38287419914232,0.2737823477061276,27.412535591371014,28.851384350372772,30.29023310937453,27.80569265418373,29.27122064132768,30.736748628471627,3.682020281758902,0.23174093325782857,27.176206377419007,28.798119926452642,30.61872216620437,40285163.0,64.05247649153242,-0.20783553213864084,-105721202.12965523,-7006631.488310143,-534147.8286424775,28.585995386385108,253253847.6881187,981.9690361375397,4.099578563529268,5.516030272396511,-1.4164517088672433,1.1884677367587573,-0.9048706091754889,0.5315322414720343,0.28252652372428494,28.828609466552734,28.828609466552734,0.5340640662158311,-0.4258421130065519,-0.4258152267260408,0.28252652372428494,28.986263602120538,-0.010327529907226563,3.3106195269605134,0.39487266540527394,-0.028349598360837613,-0.004839281168168119,-0.007241366974185648,-0.09065065180576948,,,-0.028759208313652397,-0.13260295881877815,-0.4911747001857979,-0.32878460548501,-0.2749755391704196
2026-01-21 00:00:00+05:30,28.22863088318599,28.49419496736899,27.786020949510544,28.267972946166992,9563712,0.0,0.0,28.793202018737798,29.22027072906495,,,28.79582135949603,29.44381119885654,,,28.810344296409973,28.864135229073316,28.6031253386504,28.831995552774288,28.739767958339016,28.51108271401544,28.678043528057277,28.66798857044285,28.926431868729082,28.605023411258777,28.032454022721936,28.939932810779947,29.444939129288255,28.8131909631501,28.812407463700197,28.29256248474121,29.138437271118164,29.261384788991087,41.642408446671055,-0.14074651112786185,-0.0033262863204580884,-0.13742022480740376,26.47350879790727,35.483694207898935,-9.010185409991664,19.62688604539969,37.72665769173288,-83.66667313650109,-3.8474366803781623,-0.34674260110877214,-1.1311111450195312,-4124.746385660332,0.18974342672544253,40.43478237984629,-0.1444114191512835,0.19038456154564704,-0.09942666491733476,-0.13083802506639813,-0.7613842709994099,-0.245161724914027,-0.9533357427724738,-27132874.430340335,-24899514.63671085,-0.18524074554443418,0,1,0,-0.18524074554443418,1,0,0,0,0,0.7120865955736374,0.708174017858447,27.72085737020329,28.793202018737798,29.865546667272305,7.4485960112158125,0.2551024881372808,27.359115526521403,28.79582135949603,30.23252719247066,27.786020949510544,29.261384788991087,30.736748628471627,3.995155714969683,0.23100864840699548,27.108586263503888,28.793202018737798,30.654377077664012,30721451.0,57.31292580579043,-0.15731169782818732,-102267633.12918635,-6306917.602665514,-525031.6431611861,28.182729621015508,251592894.88507488,981.9690361375397,5.409768147131347,5.460975884798872,-0.051207737667525066,1.2920779496650772,-0.9795900474508783,0.5361723242672527,0.28748076131014794,28.828609466552734,28.828609466552734,0.5249057210361807,-0.47046528890379574,-0.431434613403354,0.28748076131014794,28.844628851754326,-0.00491790771484375,3.304888429159994,0.40457730611165416,-0.0017367239865062611,-0.022448923728497716,-0.0034674260110877375,-0.1107673314480152,,,-0.0017382338399946637,-0.13260295881877815,-0.4911747001857979,-0.32878460548501,-0.2749755391704196
2026-01-22 00:00:00+05:30,28.47452436228641,29.015490381705927,28.376166392567704,28.513866424560547,4308753,0.0,0.0,28.803037738800054,29.178173675537113,,,28.768968508549793,29.407342776335128,,,28.78374090648833,28.83643309948491,28.570329053119053,28.784481612382585,28.68858069678413,28.465541230523215,28.597235018907686,28.68923697853623,28.920477436856018,28.61601327901557,28.069075845403376,28.94122289568455,29.399443387142185,28.790898642912847,28.653501571205396,28.39091968536377,28.867953300476074,29.261384788991087,45.28239001372321,-0.1476938533559391,-0.008218902838828257,-0.13947495051711084,19.483210860923855,27.51129467162808,-8.028083810704224,11.645438020433208,23.199303940755645,-75.33335657371578,-0.787127333981382,0.694682858937046,-0.22622108459473012,-4244.151384507611,0.16356320029602145,38.091528894528395,-0.2756520059694976,-0.1444114191512835,-0.09572000076283338,-0.12301541453779831,-2.302348386594091,0.30834658481183297,-0.33097740432639,-28498484.175178126,-26248174.486994892,-0.49014886220296283,1,0,0,-0.49014886220296283,1,1,0,0,0,0.714617369856873,0.7475174355389349,27.7455726055545,28.803037738800054,29.860502872045608,7.342733379966111,0.36327146628845,27.32670752908914,28.768968508549793,30.211229488010446,27.786020949510544,29.261384788991087,30.736748628471627,4.087787709842432,0.2330154454343619,27.081594934450138,28.803037738800054,30.71098927337168,35030204.0,53.198431829561436,-0.15917006068746242,-104720314.916376,-6227713.6178562045,-298670.7994654933,28.63517439961139,255340932.51312253,982.8389021122306,1.0659860548735305,0.8937550340328444,0.17223102084068606,0.5947191461060537,-0.5469141348462007,0.5287325666227765,0.27955812700750876,28.828609466552734,28.828609466552734,0.5194205337313855,-0.38650344048219015,-0.40409530117048054,0.27955812700750876,28.74514724186489,0.00983572006225586,3.3054689282489993,0.40116757710774775,0.008698659746909643,-0.013945539530786588,0.006946828589370568,-0.11534944207076292,,,0.008661044384312665,-0.13260295881877815,-0.4911747001857979,-0.32878460548501,-0.2749755391704196
2026-01-23 00:00:00+05:30,28.5925531533648,28.651567186290173,27.992571211219563,28.277809143066406,8583612,0.0,0.0,28.80893926620484,29.137847099304206,,,28.7221914261228,29.363047339736355,,,28.733719135466078,28.801124686446844,28.50014789187057,28.722053743128225,28.58596235530048,28.39819947035895,28.511600636734073,28.69326092405017,28.91710831367207,28.568815597401738,28.08111864744102,28.926785698994955,29.350675442811493,28.751516174070716,28.498199729195186,28.395837783813477,28.867953300476074,28.853200251452783,42.53925740478475,-0.17028458720531603,-0.02464770935056415,-0.14563687785475188,21.347156073620923,22.43462524415068,-1.087469170529758,13.318489474392276,14.86360451340839,-76.95850206892037,-0.10423695249153268,0.419145866852743,-0.029506683349609375,-4271.511397956275,-0.006450994795581977,35.789654739998646,-0.5268703462126287,-0.2756520059694976,-0.09358789369205978,-0.11604907058796836,-3.18021866994744,0.00575691137145995,-0.6532390636991501,-29059510.836022608,-27623093.826607093,-0.7704674402872727,1,0,0,-0.7704674402872727,1,1,0,0,0,0.7106444130864257,0.6589959750706103,27.76536336885303,28.80893926620484,29.852515163556646,7.244806118745265,0.24552396021878475,27.29176559231162,28.7221914261228,30.152617259933983,27.786020949510544,29.261384788991087,30.736748628471627,4.1961866885897665,0.23413892590316995,27.057410347622426,28.80893926620484,30.738442671297076,26446592.0,41.54665251482834,-0.1454425728453577,-105873314.81167108,-5996019.807313919,-545464.1301304919,28.307315846858714,248234831.62890437,982.8389021122306,2.0300148585901687,1.486227070199586,0.5437877883905826,1.1567800848449759,-1.017904159124861,0.5217879486759038,0.27226266338340765,28.828609466552734,28.828609466552734,0.5526577053408792,-0.339913098949698,-0.4109157344295749,0.27226266338340765,28.583278873988558,0.005901527404785156,3.307445878378447,0.4093421724107537,-0.008278683710561618,-0.030681042972133032,0.004191458668527437,-0.12374281636794193,,,-0.008313142325655021,-0.13260295881877815,-0.4911747001857979,-0.32878460548501,-0.2749755391704196
2026-01-27 00:00:00+05:30,28.27780795200466,28.34665796685468,27.736841941592584,28.041749954223636,6673095,0.0,0.0,28.80893926620484,29.094373054504405,,,28.65738747641812,29.31123175599076,,,28.660653486705964,28.75814048467898,28.3978588004571,28.64559156310189,28.44158532963336,28.31075739479893,28.409117199373448,28.67621630806112,28.89331288310759,28.479275716752618,28.06067467252127,28.911370539204615,29.30528240716448,28.69548756424418,28.370303216070262,28.15977954864502,28.720417022705078,28.80893915800408,39.93401222565563,-0.20487424745419247,-0.04738989567955246,-0.15748435177464,20.642769195620332,20.4910453767217,0.15172381889863118,12.87139596615101,12.611774486992163,-85.77983377050286,-1.3836054515950267,0.0,-0.39343070983886363,-4235.283864571427,-0.26753257082578585,37.380064447119274,-0.923278544950931,-0.5268703462126287,-0.09349150186450661,-0.10996246966526026,-3.997222843513252,-0.21285797653616712,-0.8226740017982621,-28924515.512068607,-28528896.66080173,-0.9212821324666353,1,0,0,-0.9212821324666353,1,1,0,0,0,0.7034423853846877,0.6098160252620952,27.76536336885303,28.80893926620484,29.852515163556646,7.244806118745265,0.13242284824322223,27.24703724101522,28.65738747641812,30.067737711821017,27.736841941592584,29.236795285032105,30.736748628471627,4.34723288486432,0.23564951926931443,27.02874044726489,28.80893926620484,30.756492289871897,19773497.0,42.447203749636095,-0.13007878189806857,-105873314.811671,-5356143.2659725845,-692575.7390790993,28.041749954223633,242664225.41679975,982.0041161228052,0.7678331579698287,0.17923629566339683,0.5885968623064318,0.8925769446417294,-1.470308607027111,0.5217879486759038,0.27226266338340765,28.828609466552734,28.828609466552734,0.5526577053409252,-0.3399130989499131,-0.5017865474898678,0.27226266338340765,28.364081927708217,0.0,3.307521988820107,0.42372421264648497,-0.008347859894253906,-0.03779950811253041,0.0,-0.12168821122229401,,,-0.008382898410669961,-0.13260295881877815,-0.4911747001857979,-0.32878460548501,-0.2749755391704196
2026-01-28 00:00:00+05:30,28.041749358087976,28.7204172597946,28.041749358087976,28.64173126220703,5588904,0.0,0.0,28.82320108413697,29.051882553100597,,,28.655896408398014,29.28497683466591,,,28.64472891489665,28.740389826157514,28.41973568765319,28.620214862186053,28.480440221151124,28.299355225974228,28.358080261857992,28.65962445088744,28.890655262057347,28.468519086629883,28.09426121179299,28.92629261917498,29.197944564263235,28.691618920658403,28.3391105630564,28.341740608215332,28.60730648040772,28.80893915800408,48.55748816860694,-0.1817779025969024,-0.0194348406578099,-0.1623430619390925,26.48783187196767,22.82591904706964,3.6619128248980317,25.289533943167154,17.159806461236812,-57.79816854467376,0.6567533628295212,1.0058942743544919,0.18687820434570312,-4351.185269831189,-0.34292074310668497,42.48951164908622,-1.0869155036960165,-0.923278544950931,-0.09234956508000769,-0.10468906455439247,-3.9828135459508496,0.14915627085858674,-0.5295116308480381,-27625110.258093115,-28681941.18824228,-0.881938934326173,1,0,0,-0.881938934326173,1,1,0,0,0,0.7016727794076832,0.678667901706625,27.79802585078867,28.82320108413697,29.84837631748527,7.113541832884838,0.41149326669878517,27.25059516651794,28.655896408398014,30.06119765027809,27.736841941592584,29.236795285032105,30.736748628471627,4.340533782492252,0.24445087112951536,27.040513131087234,28.82320108413697,30.765806437209775,25362401.0,48.105841923898886,-0.12819183155158526,-101580386.31178023,-3241521.6794611216,-114602.35748013842,28.46796596002987,254622244.93265584,984.1437162153915,-1.421918655571716,-1.6084124143025182,0.18649375873080226,0.7398516464080095,-0.35402693320485934,0.51258761667415,0.26274606476768536,28.828609466552734,28.828609466552734,0.5283703002127167,-0.22600743445835905,-0.5757604598685099,0.26274606476768536,28.287784576416016,0.014261817932128907,3.3113791238011174,0.42372421264648497,0.021396000925863357,0.011462284011624968,0.010058942743544907,-0.12315561572786149,,,0.021170319936746777,-0.13260295881877815,-0.4911747001857979,-0.32878460548501,-0.2749755391704196
2026-01-29 00:00:00+05:30,28.720418433204724,28.93680446640573,28.14994445838186,28.248300552368164,3959735,0.0,0.0,28.787300491333013,28.996212158203136,,,28.617077755442793,29.244322862811096,,,28.589976483299623,28.708876806520948,28.368286893523702,28.56657028884249,28.41178277229273,28.245812217326254,28.29746809707575,28.634567973579315,28.863728022948056,28.383847714644766,28.097601912562713,28.905480171484204,29.14152135261108,28.657918245246975,28.323782744859166,28.445015907287598,28.60730648040772,28.80893915800408,44.08770510827769,-0.19299571863492204,-0.02452212535666362,-0.16847359327825842,26.75839338809275,24.62966481856025,2.1287285695324982,33.07655348914797,23.74582779948871,-76.14681752054514,-2.3129226124693743,-2.4787824074897165,-0.6688308715820312,-4170.358753450764,-0.2589407014720848,41.932850110611064,-1.0423950836932243,-1.0869155036960165,-0.09196417647623356,-0.10033793853450416,-4.009101298128166,0.4116806826936923,-0.3751793253301763,-25663985.00481715,-27970457.896860532,-0.6311273574829113,1,0,0,-0.6311273574829113,1,1,0,0,0,0.7077575814516965,0.7868600080238688,27.733342742295232,28.787300491333013,29.841258240370795,7.322379876189478,0.2442971791530859,27.195736630308655,28.617077755442793,30.03841888057693,27.736841941592584,29.236795285032105,30.736748628471627,4.275598539021791,0.23651136565324157,27.037809073316257,28.787300491333013,30.74097188317634,21402666.0,49.09928680168714,-0.1816785048636467,-104550201.7229096,-3026706.6903874874,-320785.0709578053,28.44501649238525,249183043.8677417,982.7700886708931,-5.0696250065702575,-4.204895012240848,-0.8647299943294097,0.5537549933058987,-1.0228112833876568,0.5269788745188906,0.2777067341891966,28.690909385681152,28.690909385681152,0.6366087164462485,-0.2953984189201641,-0.6144822564170581,0.2777067341891966,28.19532846723284,-0.03590059280395508,3.3100273365248047,0.4234619140625,-0.013736275444983348,-0.0006959251671950772,-0.024787824074897213,-0.14472903084676336,,,-0.013831491020255559,-0.13260295881877815,-0.4911747001857979,-0.32878460548501,-0.2749755391704196
2026-01-30 00:00:00+05:30,28.228630947525545,28.80894091699056,27.864707015004903,28.72041893005371,7594933,0.0,0.0,28.771071529388436,28.94408264160157,,,28.626919772072405,29.2237776105461,,,28.58360681079683,28.698061385809204,28.41072795966764,28.55286401279225,28.479575751924006,28.25125547024768,28.29148883192054,28.618572175166285,28.8622967593828,28.372812204061038,28.144012004820517,28.89138357556572,29.05636036436122,28.66234384583319,28.381520809869798,28.484359741210938,28.60730648040772,28.80893915800408,50.031867722415,-0.16192335954865555,0.005240186983682282,-0.16716354653233784,37.308882116184385,30.1850357920816,7.123846324102786,59.21710637874791,39.19439793702101,-54.12836758622795,-0.6802628207221139,-1.1175047662376483,-0.19671249389648438,-4188.720439544289,-0.3268362562838547,52.55512703398317,-1.067347500704834,-1.0423950836932243,-0.0901331155174323,-0.09686699536490201,-3.3318562413601733,0.2559178266582869,-0.6883160753273714,-23662643.496790703,-26527558.25577997,-0.3934297561645514,1,0,0,-0.3934297561645514,1,1,0,0,0,0.7246487472041224,0.9442339019856585,27.72384708597712,28.771071529388436,29.818295972799753,7.279704145475575,0.4758157863610759,27.16109039181092,28.626919772072405,30.09274915233389,27.736841941592584,29.236795285032105,30.736748628471627,4.019450485914162,0.24457694579761163,26.944001513674987,28.771071529388436,30.752898818205093,28997599.0,56.42750426952151,-0.12096269063332744,-98379319.60351959,-700210.1850162297,237285.2886919416,28.464688954016392,261876577.2006339,982.7700886708931,-3.738621399653315,-2.299113124259124,-1.4395082753941908,0.9601452394618295,-0.09673685455569657,0.5236122217056574,0.27416975871953453,28.68107509613037,28.68107509613037,0.7452232930661075,-0.10916566285304637,-0.6359065325576205,0.27416975871953453,28.20867737361363,-0.016228961944580077,3.3118354993387698,0.41008532206217463,0.01671316038323467,0.007243931861701025,-0.011175047662376536,-0.10676036907528652,,,0.016575032430049395,-0.13260295881877815,-0.4911747001857979,-0.32878460548501,-0.2749755391704196
2026-02-02 00:00:00+05:30,27.933557147434943,28.07125905880508,27.028667180815592,27.82536506652832,8336709,0.0,0.0,28.661894702911383,28.88978931427003,,,28.550581228687257,29.168937902937564,,,28.493539528619678,28.65419010835535,28.285910906782096,28.471645511510957,28.304340257847024,28.156520423772747,28.231272929220484,28.58374910948889,28.787705470320706,28.195151586261236,28.123030364585713,28.72394083504986,28.979914963290966,28.59503537340684,28.36023659026022,28.272891998291016,28.49911403656006,28.454851777615584,41.10902075896637,-0.20713394641986227,-0.031976319910019535,-0.17515762650984273,32.55196922230755,32.20641490886156,0.3455543134459873,39.935085920972845,44.076248596289574,-72.06890722630428,-4.619011647087925,-7.276296076851485,-1.3474979400634801,-4308.295570153706,-0.44639844634365033,49.440798883064964,-1.3325561661584078,-1.067347500704834,-0.09081402508406278,-0.09461017775139006,-3.8409946195672755,-0.3778128852694884,-1.4204047632589756,-21795554.08493757,-24678986.891041066,-0.4163796106974284,1,0,0,-0.4163796106974284,1,1,0,0,0,0.7937275330636936,1.6917517492381187,27.706800740402944,28.661894702911383,29.61698866541982,6.664555657665043,0.06206945639881427,26.902116218119602,28.550581228687257,30.199046239254912,27.028667180815592,28.88270790464361,30.736748628471627,3.9642833218381437,0.23510556674442465,26.850867479385933,28.661894702911383,30.637634300721352,20660890.0,55.29065490047322,-0.16038702199459506,-93975015.41452323,1716563.371408701,-862584.5524836066,27.64176376871633,235895745.87045896,982.7700886708931,-1.8234047102549222,-0.307117147888585,-1.5162875623663372,1.072553805271851,-1.7517221744047426,0.4775469812542195,0.2280511193050179,28.57779884338379,28.57779884338379,0.28577138343992853,-0.8431033651195611,-0.40030001196172804,0.2280511193050179,28.156829180036272,-0.10917682647705078,3.306393437134661,0.41648945278591587,-0.0311643735317797,-0.01599996924263214,-0.07276296076851485,-0.11455398171982645,,,-0.03166031360826709,-0.13260295881877815,-0.4911747001857979,-0.32878460548501,-0.2749755391704196
2026-02-03 00:00:00+05:30,28.523702795130376,28.818774832257304,27.89421478204773,27.992570877075195,7047306,0.0,0.0,28.590093612670906,28.84572509765626,,,28.497437385676584,29.12280586270767,,,28.429794402349565,28.619005071602615,28.20989123646702,28.408535330331812,28.205868234155112,28.089455757671317,28.15248218940966,28.537366404127546,28.744664879513714,28.14494569526826,28.10364277580141,28.61154553728219,28.938740676154666,28.548176177764084,28.286565739952508,27.908967971801758,28.49911403656006,28.454851777615584,43.148800337816375,-0.2268564903189727,-0.04135909104730395,-0.18549739927166875,35.8652718172007,35.242041051897544,0.6232307653031555,37.504521350265904,45.55223788332888,-66.20690973586566,-3.9486996671555783,-4.879682220392208,-1.1507835388183594,-4899.159945098883,-0.3789655773943359,46.74518702516788,-0.9867531434053138,-1.3325561661584078,-0.09250382952572522,-0.09333230810224401,-4.115767971582171,0.43491732632550395,-0.4896427238840708,-20682792.456811402,-22877195.43751418,-0.3835938771565755,1,0,0,-0.3835938771565755,1,1,0,0,0,0.807990549682643,0.993409765728984,27.662160773849944,28.590093612670906,29.518026451491867,6.4912892653818295,0.17803556971055834,26.816748135024138,28.497437385676584,30.17812663632903,27.028667180815592,28.474523367105306,29.920379553395023,3.8690012209762323,0.22982229710674545,26.838320867611785,28.590093612670906,30.48246872561605,27708196.0,56.23845632361262,-0.12866978048975405,-99522915.2948958,783951.3760631979,-571022.4004285407,28.235186830460076,240130552.8858728,983.3710001419452,-1.761251388122264,-0.19597106060474112,-1.5652803275175229,1.0071134391073306,-1.2878577211577673,0.46396641941048045,0.21526483834058185,28.484359741210938,28.484359741210938,0.3923340449597496,-0.6371506230053987,-0.1268952055625535,0.21526483834058185,28.10919598170689,-0.07180109024047869,3.302838170597912,0.42188821156819667,0.006009114710520347,-0.001753780603162114,-0.04879682220392212,-0.12484625653063142,,,0.005991131984932523,-0.13260295881877815,-0.4911747001857979,-0.32878460548501,-0.2749755391704196
2026-02-04 00:00:00+05:30,28.031914940214172,28.405672980633906,27.854870966744,28.267972946166992,5091074,0.0,0.0,28.530095577239994,28.80736564636231,,,28.475583629532814,29.089283003235487,,,28.399116243634907,28.596348124485388,28.195650381832177,28.37081484244031,28.198898385867576,28.060215178657742,28.110142888816405,28.489697609860126,28.742137776402473,28.156662576306235,28.08270123494201,28.546029369688892,28.90263008466067,28.527356216893534,28.205953425265974,28.130271911621094,28.49911403656006,28.454851777615584,46.43943829771936,-0.21775397087854387,-0.025805257285500066,-0.1919487135930438,35.05749248793818,34.491577842482144,0.5659146454560329,28.20471592043493,35.21477439722456,-56.55170557401552,-0.17367239865063067,-4.072089759246867,-0.0491790771484375,-5482.649487714335,-0.4200153058394349,48.30699329964018,-0.6996625083482253,-0.9867531434053138,-0.09365325457203477,-0.09269081806387734,-4.212727325984184,0.03837041181136058,-0.5124316020785464,-20443734.340717807,-21510511.820167743,-0.4180192947387701,1,0,0,-0.4180192947387701,1,1,0,0,0,0.7896199399831619,0.5508020138899072,27.69014630212876,28.530095577239994,29.370044852351228,5.888163065119959,0.34396520192347996,26.850045352487285,28.475583629532814,30.101121906578342,27.028667180815592,28.454851777615584,29.881036374415576,3.835487619074919,0.2336224795601653,26.77571266476125,28.530095577239994,30.397730033082084,32799270.0,49.85325843036616,-0.08761133709188706,-96977369.62484024,1141106.329706505,-289148.8698673991,28.176172297848293,245139354.3984474,984.3548399982456,-3.9348236499259173,-1.8956346579267151,-2.039188991999202,0.762732477022887,-0.6241391923060797,0.41997463755561737,0.17637869618997218,28.445016860961914,28.445016860961914,0.4481668529083888,-0.4227058975255552,0.09015012105692057,0.17637869618997218,28.137157576424734,-0.059998035430908384,3.3058034205541222,0.42927595774332705,0.009838398563003725,-0.01304943170572992,-0.04072089759246866,-0.1093895227655669,,,0.009790316628806316,-0.13260295881877815,-0.4911747001857979,-0.32878460548501,-0.2749755391704196
2026-02-05 00:00:00+05:30,28.22862945282918,28.47452343107326,28.04174950407747,28.110599517822266,3546025,0.0,0.0,28.46567134857178,28.766842308044435,,,28.440823237941334,29.05090325870948,,,28.359164237976078,28.56902396258186,28.156100421438943,28.32373566340089,28.15470567236462,28.01695809837142,28.075249194933736,28.436520394126138,28.73699080480735,28.11386924628507,28.047152200893276,28.49950199888734,28.86239082173712,28.495782898981265,28.14348756450927,28.18928623199463,28.49911403656006,28.454851777615584,44.84217671506542,-0.22069484627461122,-0.02299690614525393,-0.1976979401293573,38.390796978978365,36.43785376137241,1.9529432176059558,37.86882338828787,34.5260202196629,-62.06899375318371,-0.5567198916046284,-4.382737126666233,-0.15737342834472656,-6300.688484271472,-0.47879863840588754,46.64649562700689,-0.3456207967293547,-0.6996625083482253,-0.09490734048113181,-0.09260052247702161,-4.00911599533946,0.14389272667932218,-0.28888120031646736,-20900849.348850556,-20824909.504807755,-0.6458810170491542,1,0,0,-0.6458810170491542,1,1,1,0,0,0.7641309390554925,0.43277392699578976,27.71326866952627,28.46567134857178,29.218074027617295,5.286386327110207,0.2640413566841928,26.887665001186658,28.440823237941334,29.99398147469601,27.028667180815592,28.454851777615584,29.881036374415576,3.8356989785008455,0.23395392668979992,26.720078147983877,28.46567134857178,30.329801002319925,29253245.0,51.55966758038734,-0.09090968716912502,-99395120.23139799,414193.95140981674,-327563.33292150055,28.208957484324326,243165211.7448201,983.7981201066409,-7.585477589353059,-4.437030877883085,-3.1484467114699735,0.5838986456577925,-0.9438345732632272,0.3762013395227572,0.14152744785871682,28.376166343688965,28.376166343688965,0.3983884315185236,-0.5493931333923213,0.2949046079337653,0.14152744785871682,28.14615001678467,-0.06442422866821289,3.307412904689181,0.4366637590196402,-0.00556719891604629,-0.0048746661517078405,-0.04382737126666236,-0.09096695733461901,,,-0.005582753525196701,-0.13260295881877815,-0.4911747001857979,-0.32878460548501,-0.2749755391704196
2026-02-06 00:00:00+05:30,28.031914606387147,28.228630547016305,27.815528572512868,28.071258544921875,4419168,0.0,0.0,28.432229900360106,28.71628650665284,,,28.40562660051091,29.012485818953103,,,28.321601113818943,28.5417461679496,28.116175666000267,28.2769237264397,28.11063592911603,27.974111352920488,28.052250506826297,28.377762129232302,28.72370327009975,28.090139598712906,27.972111545712146,28.474696777376327,28.792525792733645,28.463583378006305,28.119556997053085,28.09092903137207,28.484359741210938,28.454851777615584,44.43077007045231,-0.2236222211749883,-0.020739424836504816,-0.2028827963384835,39.310356153660656,37.586215206859066,1.7241409468015902,41.584470827266216,35.886003378663005,-63.44823221181879,-1.5522548680295059,-2.327163979651571,-0.4426078796386719,-6452.824130606113,-0.5431939666158527,44.975154751085405,-0.18632676006939966,-0.3456207967293547,-0.096249569097695,-0.09289626418875886,-4.037569841916403,-0.06494699173876839,-0.4780489662422056,-21147765.300917253,-20753287.5228109,-0.6557165781656906,1,0,0,-0.6557165781656906,1,1,0,0,0,0.7390574415874885,0.41310197450343744,27.671771294872,28.432229900360106,29.192688505848214,5.349271641043364,0.2626620615289519,26.9217021054465,28.40562660051091,29.88955109557532,27.028667180815592,28.454851777615584,29.881036374415576,3.8890634905821932,0.22115169704836118,26.724965621427916,28.432229900360106,30.21911847877836,24834077.0,44.31307819080813,-0.05181012546118683,-98342933.55162813,413953.38099613786,-305604.9094370396,28.038472554817016,242546746.21397984,983.7981201066409,-9.46407759245105,-5.052504704784861,-4.411572887666189,0.7263522767319651,-0.9493517538841932,0.3802293027440534,0.14457432266522902,28.312233924865723,28.312233924865723,0.5925714713075676,-0.4163167709293297,0.3813909049569966,0.14457432266522902,28.100343540736606,-0.0334414482116701,3.3072815956627135,0.44376734839545384,-0.0013995067190029076,-0.02260274777721083,-0.023271639796515697,-0.08319944892636133,,,-0.0014004869431914733,-0.13260295881877815,-0.4911747001857979,-0.32878460548501,-0.2749755391704196
2026-02-09 00:00:00+05:30,28.23846364844112,28.818773588974643,28.189285603049,28.563045501708984,9069491,0.0,0.0,28.445016384124756,28.67714015960694,,,28.42061887681549,28.99486070847294,,,28.334059742518836,28.535736716775332,28.17229913843857,28.271210258537952,28.20450093490239,27.991717399398752,28.08558177923227,28.33110968330661,28.721738371004733,28.18482545113971,27.961342399665913,28.489045661620665,28.758852345296365,28.47058937491698,28.172346954989536,28.31715202331543,28.272891998291016,28.169614622986927,50.539610008379654,-0.18413647878998418,0.014997054038799473,-0.19913353282878365,47.24139505730868,41.6475160633159,5.5938789939927815,58.07705670083058,45.84345030546155,-32.75858886307146,1.0086932732287601,0.9034048896092266,0.2852363586425781,-6434.422732555998,-0.3695931901206251,49.98362449901093,0.21065685876776596,-0.18632676006939966,-0.09551862853298676,-0.09312150048525665,-3.6476288229335636,0.4867006269404399,-0.14278735898520267,-20653529.75509243,-20865748.899224307,-0.6507987976074224,1,0,0,-0.6507987976074224,1,1,0,0,0,0.7396615560492942,0.7475150440527685,27.68480153319392,28.445016384124756,29.205231235055592,5.345153194252434,0.5776287897031406,26.935636706223352,28.42061887681549,29.905601047407625,27.028667180815592,28.454851777615584,29.881036374415576,3.8147126991881737,0.22398528320843736,26.73547739166309,28.445016384124756,30.19766423617903,33903568.0,40.563888710900144,0.0015235670754795913,-96642363.44530529,917313.3286572546,375232.5602679771,28.52370156457754,258435800.03520563,983.7981201066409,-4.941011153099882,-0.4235506123469541,-4.517460540752928,1.4788875727989428,0.3105151588125618,0.3801074254654188,0.14448165489394893,28.376166343688965,28.376166343688965,0.48542594518816296,-0.5021455094779141,0.30882749485775296,0.14448165489394893,28.11214645930699,0.012786483764648438,3.3117659776200092,0.4321174155341256,0.017519234344271162,0.026511078414134914,0.009034048896092273,-0.05714281936626886,,,0.017367541688396715,-0.13260295881877815,-0.4911747001857979,-0.32878460548501,-0.2749755391704196
2026-02-10 00:00:00+05:30,28.582716412828905,28.80894030576913,28.43518039640509,28.602388381958008,8337562,0.0,0.0,28.453376770019528,28.643698577880862,,,28.437930258257634,28.979469636844904,,,28.34904755183629,28.53280527451459,28.22892269722141,28.269410135735328,28.293625816377872,28.0139357513162,28.15613564123839,28.298269460082587,28.718678340100332,28.220846408336783,27.95253850591944,28.49829635258591,28.7361309159672,28.47983126364497,28.26970732169611,28.582716941833496,28.272891998291016,28.02207878126076,51.003656894693854,-0.1479634710463742,0.0409360494259276,-0.1888995204723018,61.00036412128989,49.184038444086404,11.816325677203487,78.70451070488969,59.455346077662156,-20.792086561240076,1.999299004696846,0.5880311430791488,0.5606384277343714,-6504.119560962846,-0.32356763112722575,46.584029175862774,0.6920299805944221,0.21065685876776596,-0.0930512822345797,-0.09319946905798687,-2.6024428924662764,0.43825085517438467,0.06449094581034487,-19720357.013910715,-20703966.079130106,-0.4540840784708664,1,0,0,-0.4540840784708664,1,1,0,0,0,0.7135257241432047,0.37375990936404,27.68994646075376,28.453376770019528,29.216807079285296,5.3661842349072035,0.5975934608109761,27.023182597366837,28.437930258257634,29.85267791914843,27.028667180815592,28.454851777615584,29.881036374415576,3.5062804005171504,0.22350834381022075,26.800705602956477,28.453376770019528,30.176829925870738,42241130.0,49.71015939652662,-0.0383098484752823,-97520019.17116983,760587.0918655992,368488.437848953,28.615503028044078,259584219.95182547,983.9358606015985,-2.355578408080766,1.7295057061377292,-4.085084114218495,1.3236135812427656,0.39037384324390456,0.38171515463288364,0.14570645927640627,28.38600254058838,28.38600254058838,0.4103975903751985,-0.5992680393201055,0.252732994068075,0.14570645927640627,28.140389115469798,0.00836038589477539,3.317448098190582,0.41592119428846613,0.0013774049495762775,0.021784976719742,0.005880311430791485,-0.053385393734559194,,,0.0013764571975710988,-0.13260295881877815,-0.4911747001857979,-0.32878460548501,-0.2749755391704196
2026-02-11 00:00:00+05:30,28.64173277426237,28.661402867681065,28.267972858973256,28.53353881835937,5641543,0.0,0.0,28.45731105804443,28.608683280944827,,,28.44703583541018,28.96198215376704,,,28.35668203263056,28.52848528394512,28.2661721357059,28.262966423861457,28.350176546623985,28.028121324890055,28.23976687691428,28.278406730792405,28.71730162279074,28.277792187004763,27.941379880021902,28.501238897720967,28.70327555243219,28.48363871568206,28.38126427604615,28.56796360015869,28.272891998291016,28.02207878126076,50.11749432783896,-0.12342887494119736,0.05237651642488356,-0.17580539136608092,74.06397633136987,60.768578503322814,13.295397828047058,97.33155371182633,78.0377070391822,-24.257395581578855,-0.37774407858655007,0.27652843730396465,-0.1081924438476598,-6486.056604469218,-0.25639515155077675,47.4002921839121,1.0184157204096467,0.6920299805944221,-0.08958270959656955,-0.0929348616269131,-1.6036547154273602,0.267449221691372,-0.125980787016438,-18936098.112644516,-20138606.158594675,-0.25736904144287226,1,0,0,-0.25736904144287226,1,1,0,0,0,0.690661744469248,0.3934300087078102,27.693038176442204,28.45731105804443,29.221583939646653,5.371364005849571,0.5498694655730416,27.092086997707494,28.44703583541018,29.801984673112866,27.028667180815592,28.454851777615584,29.881036374415576,3.149642652614158,0.22370608185587945,26.80847108155586,28.45731105804443,30.16738243022946,36599587.0,51.87717162661636,-0.02013955110775219,-95545458.94542073,1255596.694837764,260358.97907439663,28.48763818167123,258226229.25403482,983.6951479636215,-3.5201746483827465,0.4519275726685992,-3.9721022210513457,0.8948644798628554,0.19947786229216596,0.38213644080111286,0.14602825938814243,28.41550922393799,28.41550922393799,0.3752619525250887,-0.6320345353476765,0.22379291170828336,0.14602825938814243,28.155423981802805,0.0039342880249021665,3.3189013534738447,0.4111344655354822,-0.0024071263797699194,0.009394584914104609,0.002765284373039689,-0.07257033452220818,,,-0.0024100281660535145,-0.13260295881877815,-0.4911747001857979,-0.32878460548501,-0.2749755391704196
2026-02-12 00:00:00+05:30,28.326986158534027,28.543374064742668,28.130272097279697,28.22863006591797,4762878,0.0,0.0,28.422885990142813,28.571307411193853,,,28.426235285934734,28.933223248361195,,,28.334902890523278,28.513581236297007,28.24377715572451,28.233988794826686,28.318338566573587,28.008143161347938,28.295737475523183,28.260394069052698,28.715002992869753,28.226273045555,27.93258743855754,28.467084737364097,28.671840513808,28.46475664839699,28.434939198835984,28.381084442138672,28.272891998291016,27.98273582361066,46.28235686999443,-0.1271232214929654,0.03894573589849243,-0.16606895739145783,72.6123765122542,69.22557232163798,3.3868041906162176,83.11459623981614,86.38355355217737,-37.11338832041848,-0.06963422954853211,-2.3809462561766597,-0.019670486450195312,-6635.373404568415,-0.2384881823750824,50.568042224656764,1.1238642241481274,1.0184157204096467,-0.08663234683682353,-0.09254588732906768,-1.6212620526676278,0.17303807304893226,-0.24006389441403897,-18696561.969450045,-19443833.662942156,-0.07540734608968218,1,0,0,-0.07540734608968218,1,1,0,0,0,0.6708360461116568,0.41310196746297145,27.68422497542805,28.422885990142813,29.161547004857574,5.197649633263367,0.36850807044429074,27.121643105639357,28.426235285934734,29.73082746623011,27.028667180815592,28.454851777615584,29.881036374415576,3.062832669743323,0.21851931350200407,26.842471340381582,28.422885990142813,30.09564820591845,31836709.0,46.72082929446398,-0.07031775549197886,-98040291.56268404,550145.0910300612,15701.526490825287,28.300758742646774,253136628.56252792,982.6265502184121,-5.5167150542580705,-1.2356902665653795,-4.281024787692691,0.7459866869525528,-0.5259677182228367,0.36933050735738093,0.1364050236648604,28.297480583190918,28.297480583190918,0.6005734805567822,-0.1653712490779428,0.26350902231707213,0.1364050236648604,28.15893669128418,-0.03442506790161133,3.3205043409265818,0.4091672515869144,-0.010685977452092765,0.004198791563334359,-0.023809462561766637,-0.0903327682511893,,,-0.010743482541437985,-0.13260295881877815,-0.4911747001857979,-0.32878460548501,-0.2749755391704196
2026-02-13 00:00:00+05:30,28.0810916911812,28.0810916911812,27.59913971678095,27.66798973083496,5766767,0.0,0.0,28.360428905487055,28.535505218505865,,,28.354021423544282,28.883606247673892,,,28.263008008684434,28.478157013537835,28.123603906429384,28.164121517147052,28.14767240428385,27.927676426694443,28.25976095950965,28.227889362985373,28.635382560577053,28.158115078848965,27.897139446271126,28.434430398411763,28.6354137996958,28.40100040268436,28.348610724363322,27.948309898376465,28.194204330444336,27.98273582361066,40.192151092460655,-0.1732924004048968,-0.00577875441075118,-0.16751364599414562,57.378092165432676,68.01814833635225,-10.640056170919578,50.55858044022154,77.001576797288,-66.49493960170464,-3.6643936210744603,-4.319728934387492,-1.05242919921875,-6414.0325227622,-0.26142904766274455,43.67058108538326,0.5987043498948666,1.1238642241481274,-0.08631806686623111,-0.09204633641597527,-1.9602590820764914,-0.1889091203898552,-0.670861094790105,-18846942.366529536,-18972103.257438228,-0.06557178497314571,1,0,0,-0.06557178497314571,1,1,0,0,0,0.6678827820420399,0.6294903491370185,27.587292093921953,28.360428905487055,29.133565717052157,5.452222278736547,0.052188458566374434,27.053773193917603,28.354021423544282,29.65426965317096,27.028667180815592,28.454851777615584,29.881036374415576,3.029024054355621,0.22842966589569977,26.72879372126894,28.360428905487055,30.10245858040587,26069942.0,48.31544772148724,-0.09663300480005238,-102159417.26194954,-1099092.841296658,-448410.43204009713,27.782740379599034,241683425.9959283,982.6265502184121,-5.814169926420756,-1.2265161109824518,-4.587653815438304,0.9298459107128366,-1.791246165734502,0.3865684057825512,0.14943513234926317,28.2728910446167,28.2728910446167,0.5095317987399913,0.3202441421566755,0.37368195700718115,0.14943513234926317,28.06816621507917,-0.06245708465576172,3.3158026582532707,0.41638015747070345,-0.019860699359970035,-0.014365897184181131,-0.0431972893438749,-0.11679756507349026,,,-0.02006057390871632,-0.13260295881877815,-0.4911747001857979,-0.32878460548501,-0.2749755391704196
2026-02-16 00:00:00+05:30,27.667990102895796,27.94339203883744,27.461440057956214,27.86470603942871,3952699,0.0,0.0,28.295021057128903,28.509145393371586,,,28.30741995839042,28.84364937676232,,,28.215796307155067,28.45185116337795,28.05678373633773,28.113989798909724,28.060266882309964,27.87704123124032,28.19260848280671,28.189285558520965,28.631069584215524,28.117993757223562,27.873495994056373,28.36481826792313,28.614268489548007,28.359658364342067,28.189570337906527,27.766347885131836,28.194204330444336,27.98273582361066,43.02511267444459,-0.1917975227938875,-0.01942710143979351,-0.172370421354094,46.73535658638343,58.90860842135676,-12.173251834973328,28.628096766819045,54.100424482285575,-56.18560231872656,0.14138528930826016,-4.484156960760083,0.039340972900390625,-6832.110129129504,-0.40844455387656,49.55773004009044,-0.016083142440448006,0.5987043498948666,-0.08701140458858836,-0.09143606697851563,-2.09943275203491,-0.2687095195704252,-0.7506615004516526,-18864923.923582353,-18814671.78469767,-0.08852195739746213,1,0,0,-0.08852195739746213,1,1,1,0,0,0.6546020105305532,0.4819519808812276,27.593234498874764,28.295021057128903,28.99680761538304,4.960495041422306,0.19341460545304318,27.03920451617938,28.30741995839042,29.575635400601456,27.028667180815592,28.454851777615584,29.881036374415576,2.87862782564545,0.22740918088105522,26.6781940356402,28.295021057128903,29.99530291592284,30022641.0,49.90875193064663,-0.06114981459830273,-99497394.85843618,-826856.4269218147,-273271.7479969109,27.756512712074123,244493750.72073343,983.3375390199387,-8.375695474230913,-3.0304333270340873,-5.345262147196825,0.6858215319699154,-1.226341578187826,0.3508932791270695,0.12312609333654752,28.267972946166992,28.267972946166992,0.4194663889663671,0.45602436892340104,0.4151635090341211,0.12312609333654752,28.057346807207377,-0.06540784835815447,3.317453311797743,0.3797037845187719,0.007109888015265353,-0.024449054714368312,-0.044841569607600884,-0.08760061035093425,,,0.007084731929060375,-0.13260295881877815,-0.4911747001857979,-0.32878460548501,-0.2749755391704196
2026-02-17 00:00:00+05:30,27.94339289583856,29.06466889080708,27.82536483111675,28.445016860961918,10550054,0.0,0.0,28.26010417938232,28.498522796630862,,,28.32052442530199,28.82801672908387,,,28.23008162180583,28.449336318969724,28.105614742079077,28.11195164965208,28.141090171185656,27.897356563511266,28.171869428560328,28.16142325924276,28.626011989427628,28.166000139941016,27.895522843860537,28.28339224557838,28.60064137395817,28.365682544049445,28.09565238145038,28.154861450195312,28.194204330444336,28.046668035811336,50.47741992150579,-0.15781751015249057,0.011642328961282755,-0.16945983911377333,48.96156936945795,51.02500604042468,-2.0634366709667304,41.22259454075658,40.13642391593238,-30.43474997119494,1.6163073619553023,-2.3962154286220163,0.4524459838867223,-8024.558822292764,-0.45195328064906803,48.184258782944156,-0.009700536080960841,-0.016083142440448006,-0.08595198633426504,-0.09058037050765232,-1.3440589667513012,0.8192937177486357,-0.42001034194169407,-18834370.159167044,-18825777.451473475,-0.18360106150309302,1,0,0,-0.18360106150309302,1,1,1,0,0,0.6963664426133944,1.23930405969033,27.676496297335763,28.26010417938232,28.843712061428878,4.130259947678036,0.6584220221042573,26.93703349002718,28.32052442530199,29.7040153605768,27.028667180815592,28.169614622986927,29.31056206515826,2.848756118617757,0.24154096481825274,26.591410949470898,28.26010417938232,29.987205835356555,40572695.0,52.7468546111002,0.004114665069628581,-99497394.85843612,-640318.2185937613,640382.859425461,28.445016860961914,266465310.3535413,983.3375390199387,-1.8519953284395696,2.7946134550058046,-4.646608783445374,1.72563406136235,0.6336880884170292,0.2918039410232786,0.08514953999671707,28.267972946166992,28.267972946166992,-0.29873117846509095,-0.6356275794341402,0.25690801319228534,0.08514953999671707,28.17003650665283,-0.03491687774658185,3.320792289047633,0.3465244505140518,0.020826016277080583,-0.005502041259441093,-0.023962154286220172,-0.057980444545060794,,,0.02061211944847327,-0.13260295881877815,-0.4911747001857979,-0.32878460548501,-0.2749755391704196
2026-02-18 00:00:00+05:30,28.52370182821724,29.163025804334914,28.52370182821724,29.025325775146484,9976455,0.0,0.0,28.295512866973876,28.516423873901367,,,28.387648363382418,28.835754338733388,,,28.302959869021464,28.469995259303673,28.253937451110644,28.155204416785715,28.359499822591438,27.98314723042928,28.25166931094545,28.15813536438698,28.644563785450824,28.334957463039082,27.944071756899056,28.337026417967007,28.629710118149205,28.40866048607661,28.182886462845012,28.7351713180542,28.346657752990723,28.095846492575255,56.591921909636696,-0.08310405398678355,0.06908462810159183,-0.15218868208837538,68.976019835322,54.890981930387795,14.085037904934211,73.77861034035118,47.87643388264227,-6.451588204112479,2.6791904407924156,2.500865027838842,0.7573528289794922,-7564.263947686587,-0.3770859240322544,51.42223574835524,0.33673115809484283,-0.009700536080960841,-0.08120793176074059,-0.08905821398316441,0.17111593659295465,0.8062291166924638,0.16690514057479078,-18824122.012975153,-18844942.09083391,0.001638730367024166,1,0,0,0.001638730367024166,1,1,1,0,0,0.6979123355247946,0.7180089433729968,27.61882194150216,28.295512866973876,28.972203792445594,4.783026401769461,1.0392512894005925,26.999154861300827,28.387648363382418,29.77614186546401,27.028667180815592,28.095846492575255,29.163025804334914,2.7199209799071293,0.22971133280540776,26.663462330852145,28.295512866973876,29.924015712148062,50549150.0,60.091376535777634,0.08964891207005318,-93818473.49088106,1301133.1398164928,1375960.417859137,28.904017802566216,286818350.73583275,985.377646491209,2.220254201861306,5.493490388245344,-3.273236186384038,1.5110657037929502,2.1570051576023648,0.3383454627358597,0.11447765215394302,28.267972946166992,28.267972946166992,0.13442938672923088,-0.20265248504836259,0.047956300193954846,0.11447765215394302,28.31785387311663,0.03540868759155273,3.3255650894329194,0.3298037083943682,0.020401074712702583,0.017235400064385953,0.02500865027838839,-0.038449010493974756,,,0.02019576051183898,-0.13260295881877815,-0.4911747001857979,-0.32878460548501,-0.2749755391704196
2026-02-19 00:00:00+05:30,29.01548959987844,29.281055548156548,27.923719729861,28.2974796295166,5917363,0.0,0.0,28.296988201141357,28.509735527038572,,,28.379060864919005,28.81464552660724,,,28.303147179739817,28.461409210504268,28.250314683777646,28.140502821320627,28.350315395663976,27.981348928868208,28.32258469090317,28.15498113039161,28.641374309438344,28.352933010760246,27.93363081878862,28.34032862668166,28.623672097569713,28.400593450315036,28.320744009346797,28.661402702331543,28.346657752990723,28.15486136448607,48.50298700237678,-0.08168261642587638,0.056404852529999217,-0.1380874689558756,73.14851004165271,63.69536641547755,9.453143626175162,81.93638593573726,65.645863605615,-43.668131699734424,0.6648030098961532,0.10438202769544658,0.18688011169433594,-7487.563913145278,-0.30704970158329203,46.2022536737368,0.6051297199145216,0.33673115809484283,-0.07682779260088646,-0.08690023881685234,0.054076003577964535,0.9327327259606442,-0.42460309233490534,-19138054.90473553,-18886660.528767046,0.009835243225097635,1,0,0,0.009835243225097635,1,1,1,0,0,0.7450140128655628,1.3573358182955497,27.62042143785489,28.296988201141357,28.973554964427823,4.781899462071918,0.5003631780349789,26.864264683360318,28.379060864919005,29.89385704647769,27.028667180815592,28.15486136448607,29.281055548156548,2.770436380562992,0.24836523854940426,26.607760635517277,28.296988201141357,30.03060446692247,44631787.0,52.92103778803078,0.04484553777511006,-96476992.2589753,1131186.0747891963,564118.9507588489,28.500751635844722,271979827.0093195,982.8700221108029,0.6908380423290477,3.1712593829704687,-2.480421340641421,0.8651876963440349,0.0014527121399156696,0.3382833816432337,0.1144356462959817,28.2728910446167,28.2728910446167,0.11999742078863261,-0.20294824690721186,0.05284261083335731,0.1144356462959817,28.315465136936734,0.0014753341674804688,3.3263720084479482,0.30130201975504567,-0.025076243804061482,0.0024389976926921797,0.001043820276954488,-0.06103132558181479,,,-0.025396009815369755,-0.13260295881877815,-0.4911747001857979,-0.32878460548501,-0.2749755391704196
2026-02-20 00:00:00+05:30,28.513867090662263,28.69091106508734,28.21879505063532,28.454853057861328,5206863,0.0,0.0,28.294037532806396,28.511112556457515,,,28.386279169008752,28.80053601802897,,,28.318181927998864,28.459256956811043,28.276325375485865,28.139274087060752,28.3838048464664,27.998737169637867,28.383882006442903,28.157982065833302,28.63837502122227,28.352335639641524,27.925913653704004,28.33916406830629,28.62421455416175,28.404439659350196,28.44878031519842,28.376166343688965,28.346657752990723,28.37124780305638,50.16171985816523,-0.0670840928116121,0.0568027009154108,-0.1238867937270229,68.1583153753861,70.09428175078693,-1.935966375400838,70.48914662570569,75.40138096726471,-45.4053339699948,1.366502724933385,-0.20696374816565502,0.3835945129394531,-7707.511922015601,-0.14953247835923023,45.289637897891126,0.7033281387583359,0.6051297199145216,-0.07211382828522517,-0.08429970545598994,0.7806934878595618,0.32736963779637307,-0.14474637665565027,-20005880.81414539,-19127434.134788968,0.009835243225098225,1,0,0,0.009835243225098225,1,1,1,0,0,0.7255212986931672,0.47211601445202356,27.62094751771966,28.294037532806396,28.96712754789313,4.7578223101337205,0.6194606378421832,26.925822430560032,28.386279169008752,29.84673590745747,27.028667180815592,28.15486136448607,29.281055548156548,2.5352105901626842,0.24717644788286156,26.61629234192097,28.294037532806396,29.997334179654615,49838650.0,54.63918681809549,0.06339933007613192,-96476992.2589753,958827.1777517349,600590.7979692002,28.454853057861328,274875568.5805108,983.4261614928438,-1.3831981891851517,0.8777785211650153,-2.260976710350167,0.752636156901376,0.47784255136873266,0.336545007543368,0.11326254210236565,28.2728910446167,28.2728910446167,0.14147787500841758,-0.13694537433132734,-0.022968263338806836,0.11326254210236565,28.366470718383788,-0.0029506683349609375,3.3279357496163238,0.2917942047119141,0.0055613938204084334,0.028439483124046205,-0.002069637481656561,-0.07007392888759356,,,0.00554598636800652,-0.13260295881877815,-0.4911747001857979,-0.32878460548501,-0.2749755391704196
2026-02-23 00:00:00+05:30,28.523701615073527,29.044997526854925,28.27780763563324,28.386001586914062,8250297,0.0,0.0,28.299447154998784,28.50521110534668,,,28.386252732618782,28.784279765828387,,,28.326940409342452,28.454350644279927,28.286746810316675,28.133330923176004,28.393442977070247,28.008213910896682,28.412464092304177,28.165595354233496,28.63600203779868,28.334933654139483,27.914256206811086,28.346204533326475,28.617410127346986,28.40311922900812,28.484895921400593,28.420427322387695,28.346657752990723,28.37124780305638,49.411839581151796,-0.06037443703199585,0.05080988535602164,-0.1111843223880175,53.912451031982066,65.07309214967361,-11.160641117691547,55.89527941351889,69.4402706583206,-49.18918123432455,-0.6198355661490264,0.38260546741890916,-0.17704391479492188,-7384.9723408389955,0.08131859572376143,43.76167212582296,0.8743167726814485,0.7033281387583359,-0.06750149248359039,-0.08146083992810224,1.18801945813688,0.6782475053320844,-0.0889423858895988,-21207816.429589864,-19719968.31338781,0.21802584330240943,1,0,0,0.21802584330240943,1,1,1,0,0,0.7284976267309183,0.7671898912216835,27.625168273711285,28.299447154998784,28.973726036286283,4.7653148670672545,0.5641829622114274,26.91875570426581,28.386252732618782,29.853749760971755,27.028667180815592,28.15486136448607,29.281055548156548,2.367409360504551,0.24546001524489813,26.619994880002068,28.299447154998784,30.028085196773475,41588353.0,55.2871294156676,0.0267797991941764,-102400271.54958169,-1083529.1614794284,433642.8148019127,28.56960224980074,272879265.5841582,983.4261614928438,0.5801201020690625,2.2728774499353834,-1.6927573478663211,1.2068457550567833,0.2567318488457099,0.33713944064374934,0.11366300243758018,28.282726287841797,28.282726287841797,0.08843397182207265,-0.1696093179136378,-0.03370733368891513,0.11366300243758018,28.381926918029784,0.005409622192382812,3.3260854146671246,0.28917134602864586,-0.002419674099432556,0.018708094273369058,0.003826054674189061,-0.06993236867135866,,,-0.0024226062416469675,-0.13260295881877815,-0.4911747001857979,-0.32878460548501,-0.2749755391704196
2026-02-24 00:00:00+05:30,28.386001875850205,29.635141878344797,28.159777986685587,28.7597599029541,25161676,0.0,0.0,28.335347652435306,28.508751983642576,,,28.42182484407929,28.783318202578418,,,28.37077971867153,28.464332950068453,28.363979967603555,28.156972910633016,28.498207921842553,28.060401153436057,28.459305695703012,28.188476708339635,28.637020050926747,28.39693816208323,27.964770386253505,28.43014035610859,28.6280032835699,28.42735327675917,28.50419838410346,28.572880744934082,28.346657752990723,28.548290968150503,53.47761863899269,-0.024614078238137438,0.06925619531990405,-0.09387027355804149,55.04466701492857,59.038477807432244,-3.993810792503673,66.00646062467298,64.13029555463251,-40.27148375089492,0.550204125944117,2.560503356254765,0.15737152099609375,-7217.021266027149,0.19249125810994983,44.37703711791772,1.2149355471259549,0.8743167726814485,-0.0615016327117579,-0.07834072027423428,1.4984685348127713,1.2122475880460613,-0.26311630361314897,-23014542.59289764,-20763331.997517277,0.396708488464356,1,0,0,0.396708488464356,1,1,1,0,0,0.7818452170829392,1.4753638916592104,27.642633674757565,28.335347652435306,29.028061630113047,4.889398119794764,0.8063401809370138,26.813067743824845,28.42182484407929,30.030581944333733,27.028667180815592,28.331904529580193,29.635141878344797,2.230960861987704,0.24733350336933957,26.557690066340264,28.335347652435306,30.18216734971095,66750029.0,68.09487363339335,-0.008258895118592161,-107097097.259624,-3314980.4660438597,1715177.5056166486,28.851559922661494,306009629.58315295,983.4261614928438,18.152168378513892,15.875940581104171,2.276227797409722,2.9537130812658963,1.225360723748058,0.3463569888388696,0.11996316371752887,28.341740608215332,28.341740608215332,-0.10388775674246836,-0.34644870702208264,-0.009760366857784517,0.11996316371752887,28.441643851143972,0.03590049743652326,3.3267073050949065,0.2999906539916992,0.013166994121931674,0.011064962398533051,0.02560503356254773,-0.05003250897461908,,,0.013081062738279171,-0.13260295881877815,-0.4911747001857979,-0.32878460548501,-0.2749755391704196
2026-02-25 00:00:00+05:30,29.01549042748628,29.77284435668634,28.769596440812663,29.054834365844727,17790525,0.0,0.0,28.35600280761719,28.517014045715328,,,28.482111465199807,28.79396589525553,,,28.43930226280576,28.48574794544893,28.484320662735566,28.202413299880114,28.66009964067649,28.143056947513028,28.566102118719186,28.23071395772101,28.64594295851962,28.538281067196397,28.038375303871895,28.492062836730362,28.648554766614367,28.46842516756744,28.58418899713964,28.907297134399414,28.361412048339844,28.617142207321276,56.453230455991395,0.027222502793769365,0.09687422108144869,-0.06965171828767933,59.82517859362177,56.26076554684413,3.564413046777645,78.794262494922,66.89866751103796,-31.063799233915212,1.8269572197260624,1.4423119184236877,0.5212955474853551,-6494.427127982388,0.2845715060424894,41.39507861136986,1.6191512750277277,1.2149355471259549,-0.05341418478495008,-0.07464981337958168,2.2607503061772727,1.259672912738175,0.2564249968644994,-25159403.05608419,-22268333.652534097,0.5245736440022787,1,0,0,0.5245736440022787,1,1,1,0,0,0.7983623054150318,1.0130844537322368,27.602826010540866,28.35600280761719,29.109179604693516,5.3122917372119955,0.9639226546411506,26.83360085949679,28.482111465199807,30.130622070902824,27.028667180815592,28.400755768750965,29.77284435668634,2.0075169891558877,0.23853603687816502,26.562532256896876,28.35600280761719,30.268154543809327,84540554.0,71.84022555001474,-0.08224903230598402,-114771413.98061264,-6368313.095858082,2220084.948945304,29.199091721114574,324262666.55783933,984.4521591502871,22.683594433791185,16.32589330910517,6.357701124686015,1.8277515322069753,1.8556906185646003,0.3765883985381628,0.14181882191353812,28.341740608215332,28.341740608215332,0.11248771792235322,-0.3791236297633195,-0.16804573887971316,0.14181882191353812,28.605901173182897,0.020655155181884766,3.3292907306859596,0.31999003092447914,0.010259976574432894,0.0010166497674080066,0.014423119184236777,-0.04059757532846231,,,0.01020770027975917,-0.13260295881877815,-0.4911747001857979,-0.32878460548501,-0.2749755391704196
2026-02-26 00:00:00+05:30,29.06466878113847,29.62530865252955,28.877790700030367,29.340070724487305,11538769,0.0,0.0,28.410591316223147,28.5390461730957,,,28.563821870846237,28.815381770911678,,,28.53302301679339,28.518024677949793,28.639749130868218,28.2676033539265,28.86548454839754,28.2526322455958,28.737976789928616,28.29412778428186,28.685736222923207,28.773887795857657,28.12182235173629,28.556068070939233,28.673713244459705,28.523610165753475,28.75636511032664,29.197452545166016,28.504030227661133,28.617142207321276,59.171753434250846,0.09027887833391546,0.12794447729727582,-0.03766559896336037,69.98043670154883,61.61676077003305,8.363675931515772,93.38812970710879,79.39628427556792,-18.723406910543417,3.937281603726287,3.8649056784678444,1.111440658569336,-5828.512703034616,0.40876275923447025,42.01944683226137,2.0148322081187304,1.6191512750277277,-0.0428499381470826,-0.0698200212996763,3.419572361246659,0.9940087399329371,0.2464907874337534,-27166798.367421143,-24120417.682495773,0.44752724965413404,1,0,0,0.44752724965413404,1,1,0,0,0,0.7947305659210427,0.747517952499184,27.54101799070526,28.410591316223147,29.280164641741035,6.121472910149107,1.0344456763957153,26.929927903305565,28.563821870846237,30.19771583838691,27.028667180815592,28.400755768750965,29.77284435668634,1.7502841941986615,0.23411591814201888,26.60272933358245,28.410591316223147,30.298516106613732,96079323.0,76.70314165856836,-0.04458474180420865,-112038572.78666537,-6168925.783084482,2373112.3066356694,29.281056692349072,335590476.6266756,985.4338765300905,21.065518313235145,11.766253750839304,9.299264562395841,1.1083091249851553,2.137782705582864,0.4347866627589429,0.18903944211305876,28.41550922393799,28.41550922393799,0.331191803364973,-0.20089034214542675,-0.14455035275443254,0.18903944211305876,28.77788641793387,0.05458850860595703,3.3349900596138102,0.33522449069552945,0.009817173798033707,0.036843956020846225,0.03864905678467845,-0.025163377444387902,,,0.009769298426236275,-0.13260295881877815,-0.4911747001857979,-0.32878460548501,-0.2749755391704196
2026-02-27 00:00:00+05:30,29.31056221942944,29.654814173138696,29.04499814178833,29.133520126342773,8812690,0.0,0.0,28.4312463760376,28.56127502441406,,,28.61807884756019,28.827857784850153,,,28.601873379661924,28.541337381998698,28.73586458555937,28.31354763290332,28.9779733481605,28.331319410916546,28.917565573407458,28.367484876607623,28.73121229152407,28.928977930848056,28.195054067731697,28.57877031087314,28.691765299081542,28.56364000164205,28.93768359517147,29.23679542541504,28.504030227661133,28.617142207321276,56.42478761767302,0.12217623164491087,0.127873464486617,-0.005697232841706125,74.18441169627648,67.9966756638157,6.187736032460791,94.89368528108474,89.02535916103851,-27.659558766711946,5.29684451152782,1.4383536580547014,1.4655303955078125,-5263.423753525767,0.5659321935238211,37.156876500392954,2.4275082248070188,2.0148322081187304,-0.031626849810817426,-0.06366618187992396,4.0106345782802535,0.9517685157211986,0.34195248437083237,-28775020.70240546,-26073661.023718957,0.49670600891113337,1,0,0,0.49670600891113337,1,1,0,0,0,0.7815223848802801,0.6098160313503664,27.51245429894159,28.4312463760376,29.350038453133607,6.463255707779194,0.8821722932814273,27.02363839476618,28.61807884756019,30.212519300354202,27.028667180815592,28.400755768750965,29.77284435668634,1.754265761307005,0.2294489007859443,26.69424601937659,28.4312463760376,30.306428324749042,87266633.0,69.88449571070379,-0.11770831357467287,-118292731.13791351,-7516506.286612034,1774058.2070073842,29.277777480423268,329386447.98661125,984.7298884583366,17.595474056599453,6.63696759536289,10.958506461236563,0.8224061744840354,1.52868917312571,0.4593960385480036,0.2110447202335988,28.41550922393799,28.41550922393799,0.3407424961847465,-0.5250549145206245,-0.27336021214142053,0.2110447202335988,28.943127386910575,0.020655059814453126,3.3414494959697176,0.34339917500813777,-0.00703988071753836,0.023850661505839144,0.014383536580546918,-0.011018336073462254,,,-0.007064777593964974,-0.13260295881877815,-0.4911747001857979,-0.32878460548501,-0.2749755391704196
2026-03-02 00:00:00+05:30,28.012241763149024,28.45485167774426,27.766347783045493,28.12043571472168,9492430,0.0,0.0,28.445999908447263,28.562455291748044,29.521343402862552,,28.57068426348033,28.80011574288433,29.52134340286255,,28.572272364298506,28.52404956593233,28.63437149797876,28.27932049775256,28.804476018117196,28.290164567489548,28.960266864495875,28.420545671677125,28.72505260408526,28.821061420146474,28.195213573907697,28.590102387915852,28.684732073490643,28.529939067600072,28.946909926762373,28.626977920532227,28.504030227661133,28.617142207321276,45.313378895040664,0.0649588632932101,0.05652487690793298,0.00843398638527712,60.709217537810396,68.29135531187856,-7.5821377740681655,70.83651515847694,86.37277671555682,-71.48938170931345,0.9177547932180223,1.0604376527958141,0.25572967529296875,-5642.339081242679,0.45736273869733424,36.47322797551178,1.4863559162497944,2.4275082248070188,-0.024379017975484363,-0.05682474095117055,3.4755277302728813,-0.16496398785955435,-0.85346788255832,-29606842.018180806,-27774980.535653032,0.44752693176269587,1,0,0,0.44752693176269587,1,1,0,0,0,0.8233545247672088,1.3671723432972804,27.5592545339644,28.445999908447263,29.332745282930127,6.234587480396762,0.3164274643578225,26.867681502705317,28.57068426348033,30.273687024255345,27.461440057956214,28.617142207321276,29.77284435668634,2.0735603547844015,0.23670178218257099,26.765409237598792,28.445999908447263,30.28906954714857,77774203.0,63.11178550215959,-0.14117458289955181,-118021512.94024695,-7298173.767287388,146816.62580569834,28.113878391837144,296377622.3462487,984.7298884583366,15.181726022984279,3.3785756493981722,11.803150373586107,0.8422956887931886,-0.7342901425687112,0.4433726872414312,0.19657933979168798,28.41550922393799,28.41550922393799,0.39716003565297203,-0.3740254227532049,-0.145405960397806,0.19657933979168798,28.824817276000978,0.01475353240966797,3.3397936570388023,0.32689704895019517,-0.03477384151409335,-0.009355522347141987,0.010604376527958204,-0.0364003906369994,,,-0.03539284397613777,-0.13260295881877815,-0.4911747001857979,-0.32878460548501,-0.2749755391704196
2026-03-04 00:00:00+05:30,27.923720433171667,27.923720433171667,26.704086488462053,26.80244445800781,11990167,0.0,0.0,28.386493587493895,28.53491516113281,29.48642646789551,,28.402280472482946,28.721775692497015,29.467503819796118,,28.41574327378046,28.455029533236633,28.30753692136484,28.146135898762992,28.318098871646555,28.10386092887283,28.749167173641577,28.416494268151453,28.593776305401263,28.417109203072442,28.068466282923417,28.491837494220565,28.635563408694534,28.37152475292334,28.629438663584466,27.461440086364746,28.07125759124756,28.238465422574194,35.51485217998424,-0.08574873482040601,-0.07534617696454651,-0.010402557855859508,34.68539966327402,56.52634296578696,-21.84094330251294,37.50318182514361,67.74446075490177,-96.79486053415253,-5.7745523969380494,-4.251579550494423,-1.6425724029541087,-4793.79107954957,0.17493199203540044,31.274061936836805,0.5902463315033599,1.4863559162497944,-0.025562713770777012,-0.05064193895228571,1.088519895910715,-0.43647077420414604,-1.6561047189137597,-30362959.255557638,-29048913.844025217,0.2573690414428711,1,0,0,0.2573690414428711,1,1,0,0,0,0.8657112891595244,1.4163492262596264,27.24771639995759,28.386493587493895,29.5252707750302,8.023373397819105,-0.19550441773122737,26.591687645827527,28.402280472482946,30.212873299138366,26.704086488462053,28.238465422574194,29.77284435668634,3.1004279885002832,0.2914385726491256,26.677611160039664,28.386493587493895,30.275039943214452,65784036.0,60.49902308267302,-0.16291508268222857,-128077774.30282176,-9745105.1004477,-2131719.3596721417,27.14341712654718,240180288.02021623,984.7298884583366,14.995414041518313,2.5538109343457656,12.441603107172547,1.0505044212784724,-2.78201767092491,0.5693885937681528,0.32420337071327454,28.41550922393799,28.41550922393799,-0.8397195808723588,2.0867476665681535,-0.02440464556172577,0.32420337071327454,28.474242646353584,-0.059506320953369315,3.3267056417886787,0.3492351701524522,-0.04686951760224234,-0.06805743342611303,-0.04251579550494422,-0.07501695317343271,,,-0.048003467179026545,-0.13260295881877815,-0.4911747001857979,-0.32878460548501,-0.2749755391704196
2026-03-05 00:00:00+05:30,27.04833899518148,27.235218953525333,26.65490898500148,27.008995056152344,6984232,0.0,0.0,28.323544692993163,28.504621009826657,29.454066810607912,,28.2695866233086,28.65460782440507,29.418820477941786,,28.28455293746222,28.39518952911975,28.063809927805906,28.03700830618012,27.972907418855687,27.956076933147312,28.399662958946056,28.369718080897496,28.42587833379459,28.160290277331075,27.97831817613962,28.439814427827212,28.607928671225526,28.253025682026486,28.126132169958638,26.905719757080078,28.07125759124756,28.21387667084391,37.785372786630134,-0.18637032397686326,-0.140774212896803,-0.04559611108006026,14.357395098004826,36.584004099696415,-22.22660900169159,12.193502498980015,40.17773316086686,-88.64357246251953,-6.946797891655928,-4.453725395917927,-2.0163307189941406,-4033.969355949798,-0.2388062515854088,34.17650032560105,-0.16682756898524942,0.5902463315033599,-0.03188207186848313,-0.04564796998201867,-0.9981178697134833,-0.9319442322471296,-1.5122542007709825,-30995472.248204008,-29951682.583014388,3.178914388113352e-07,0,1,0,3.178914388113352e-07,1,0,0,0,0,0.8453254805426909,0.5803099685238531,27.028691087075323,28.323544692993163,29.618398298911004,9.143301941569257,-0.007605504913050835,26.520895976615822,28.2695866233086,30.01827727000138,26.65490898500148,28.21387667084391,29.77284435668634,3.729883937064927,0.290382631568715,26.614747919729794,28.323544692993163,30.219553691563064,72768268.0,59.69574847270453,-0.16685629879628153,-126538908.63770048,-9370564.743252188,-1621102.6944075215,26.96637433155972,245562622.82717893,985.5005293544241,10.877621315899956,-1.2511854330180725,12.128806748918029,0.6283891534421716,-2.030422019652205,0.6474268029589196,0.4191614651896078,28.41550922393799,28.41550922393799,-0.808924086753578,0.8401343078258555,0.07915628243478512,0.4191614651896078,28.20656942640032,-0.06294889450073242,3.3130509588664365,0.38993338690863716,0.007706408960874489,-0.07041304327989417,-0.04453725395917929,-0.039860149912220755,,,0.0076768662729545575,-0.13260295881877815,-0.4911747001857979,-0.32878460548501,-0.2749755391704196
2026-03-06 00:00:00+05:30,26.93030765052466,27.097515630639165,26.66474358000812,26.76309967041016,6391679,0.0,0.0,28.25616970062256,28.47255638122558,29.408920669555666,,28.12611167541351,28.580431034052328,29.366231947099575,,28.135939125787647,28.32689457463283,27.810122093291707,27.91578320816396,27.628160544919456,27.792822338475425,27.97888847408872,28.280959022955965,28.28981064984068,27.866105135009924,27.853904930438716,28.386764915494922,28.580666164213635,28.12085020767582,27.5802656402047,26.88604736328125,28.05158519744873,28.21387667084391,36.153361933171475,-0.28269661036689087,-0.1896803994294645,-0.09301621093742637,6.01050445948603,18.351099740254956,-12.340595280768927,4.098917166660444,17.93186716359469,-96.53005362486985,-5.422320217896569,-4.7935649560152,-1.5343799591064418,-3417.65492254319,-0.6530078593464808,32.71440339144219,-0.8071540456115031,-0.16682756898524942,-0.04265903308420249,-0.04237521495968282,-3.105596515291218,-0.8690670529386821,-1.3018391035697263,-31246854.88876408,-30595093.31907803,-0.36228402455647785,0,1,0,-0.36228402455647785,1,0,0,0,0,0.8158573784061448,0.4327720506310444,26.786266512436395,28.25616970062256,29.726072888808726,10.404122028993758,-0.007880397230385857,26.461530223523656,28.12611167541351,29.790693127303367,26.65490898500148,28.21387667084391,29.77284435668634,4.296873791209505,0.29119478136116733,26.545914784215665,28.25616970062256,30.150720086957747,66376589.0,59.52825080595588,-0.17015516449336845,-130025314.26513341,-9474785.047377944,-1614042.934241478,26.841786293685814,239743508.23229063,984.5901090102723,6.943777729678721,-4.148023215391448,11.091800945070169,0.5726319190884216,-2.0315215889215446,0.7349515940930824,0.5401538456599629,28.41550922393799,28.41550922393799,-0.8047963549025547,0.1316051656297991,0.2612048428362024,0.5401538456599629,27.895477976117814,-0.06737499237060529,3.303616200469476,0.44121058993869333,-0.009104203441518743,-0.08783111255169529,-0.04793564956015195,-0.06526976902825576,,,-0.009145899970401123,-0.13260295881877815,-0.4911747001857979,-0.32878460548501,-0.2749755391704196
2026-03-09 00:00:00+05:30,26.16312083837313,26.300820872062683,25.38609493164548,25.740182876586918,8524373,0.0,0.0,28.13961591720581,28.421016998291012,29.353643703460698,,27.898880361239552,28.469048753367414,29.294428995208236,,27.896321333022346,28.21974267249014,27.407394788400527,27.723451199993082,27.083980824462436,27.527537096825434,27.454180383475826,28.13083217573587,27.903774405231978,27.411653614176576,27.689242018917415,28.27180539038666,28.522152815999945,27.878614617140396,27.040291309606392,26.25164127349854,27.54012680053711,27.57946964416591,30.29196208418287,-0.4365445093493392,-0.2748226387295303,-0.16172187061980894,7.632711756708372,9.333537104733075,-1.7008253480247033,4.098917166660444,6.797112277433634,-91.92823864248551,-9.540271305405383,-8.3041366478264,-2.7146701812744105,-2688.137561487631,-1.2534809493930865,31.361388078273517,-1.3649258499603085,-0.8071540456115031,-0.06043955814580837,-0.041590555588818155,-6.0544353494574485,-1.3477046962307462,-2.2624306366479487,-31451554.946052343,-31049861.412591025,-1.0327548980712884,0,1,0,-1.0327548980712884,0,0,0,1,0,0.8559393327174687,1.377004738764679,26.287889840942874,28.13961591720581,29.991341993468744,13.16099041089404,-0.14789092495292627,26.130543859288792,27.898880361239552,29.667216863190312,25.38609493164548,27.57946964416591,29.77284435668634,5.346212667028675,0.31863389322349306,26.37559503824126,28.13961591720581,30.10580633246179,57852216.0,57.94791275250038,-0.18253042326879781,-131950163.66113982,-9268528.611669794,-2629140.2719946112,25.80903289343169,207162363.27562433,984.5901090102723,5.505066500756399,-4.469387555451016,9.974454056207415,0.7416571700014924,-2.5915636998117075,0.9258630381314665,0.8572223653780295,28.41550922393799,28.41550922393799,-1.1536459393370662,1.009021807948767,0.5388013729557088,0.8572223653780295,27.409732164655413,-0.11655378341674787,3.2879797952764926,0.5324427032470704,-0.038221162960215715,-0.11647536017069116,-0.08304136647826399,-0.09320857332534171,,,-0.038970753874329266,-0.13260295881877815,-0.4911747001857979,-0.32878460548501,-0.2749755391704196
2026-03-10 00:00:00+05:30,25.946731657535828,26.52704159400735,25.809031630584,26.39917755126953,9121672,0.0,0.0,28.03142251968384,28.38580497741699,29.31459573745728,,27.756051522194788,28.387877333677302,29.237097283447074,,27.730565298171275,28.140454851038314,27.182148006680883,27.593530673282054,26.814966757840576,27.358462098787157,26.978932097794168,27.95546486074311,27.78819159944382,27.09040995564404,27.576165242703553,28.16471508157254,28.478115799419673,27.747185489422545,26.66775106418703,26.069680213928223,27.54012680053711,27.57946964416591,37.34001602299661,-0.499536370579154,-0.27025159996747605,-0.22928477061167796,11.545286878043978,8.39616769807946,3.1491191799645186,9.034612480396516,5.744148937905801,-76.90584709851271,-6.999309253052591,-7.575760611066437,-1.9868240356445312,-2314.611157038451,-1.5463841687929047,33.4079575072061,-1.6978341599787616,-1.3649258499603085,-0.07994312218969624,-0.04363960997525575,-8.228753067276612,-0.9430056861398057,-1.6610156495631578,-31646048.28528312,-31339723.36718666,-1.4491354624430337,0,1,0,-1.4491354624430337,0,0,0,1,0,0.8510050030533948,0.7868587174204329,26.036537385967797,28.03142251968384,30.026307653399883,14.23320655464575,0.09089249279887437,26.00625016949259,27.756051522194788,29.505852874896988,25.38609493164548,27.57946964416591,29.77284435668634,5.97433980724155,0.32691144604946737,26.248020109191422,28.03142251968384,30.000361897786377,66973888.0,57.32442229192848,-0.15982414642373435,-126077287.4101221,-6472915.025222659,-1394815.4799665948,26.245083591953627,230515473.47310156,984.5901090102723,4.821236682771888,-4.122573898748422,8.94381058152031,0.7876532901859041,-1.6364300288045017,0.9974425668580218,0.9948916741803193,28.341740608215332,28.341740608215332,-0.8747695698974448,-0.06125476621414043,0.6237241846753215,0.9948916741803193,27.128850855146137,-0.10819339752197266,3.278676363132613,0.5975553427802185,0.02560178681877323,-0.061210223800018504,-0.0757576061106644,-0.07956105757589715,,,0.025279549400743503,-0.13260295881877815,-0.4911747001857979,-0.32878460548501,-0.2749755391704196
2026-03-11 00:00:00+05:30,26.40901387641528,26.54671390514477,25.769689902428397,25.96640396118164,5424001,0.0,0.0,27.89962329864502,28.344298057556145,29.263449783325203,,27.585608897336396,28.292917593579432,29.172331079045776,,27.533896864028208,28.045576379813397,26.91215286557098,27.438485953889963,26.48986993524981,27.154907049269045,26.516444312669492,27.755202635600888,27.551585864070102,26.68922553667971,27.42277974205621,28.078799731730715,28.448672934735626,27.581337153024744,26.384567630673086,26.182790756225586,27.54012680053711,27.57946964416591,34.848123612369285,-0.5777194955886777,-0.27874777998159983,-0.2989717156070779,14.798197977640422,11.325398870797589,3.4727991068428334,13.393697258565128,8.842408968540695,-86.77132032608051,-9.712723441357857,-9.215959120529632,-2.793355941772461,-2051.092402656433,-1.7021652106656262,33.07848854508958,-1.907967949892995,-1.6978341599787616,-0.10178089487683506,-0.049013688874354075,-10.939758654166324,-0.7085271865787419,-1.4855511892951156,-32243729.068717793,-31614298.4033588,-1.8458445866902669,0,1,0,-1.8458445866902669,0,0,0,1,0,0.8457206458864647,0.777024002716374,25.723493428914992,27.89962329864502,30.07575316837505,15.599707898821102,0.05581250817001656,25.85445072056462,27.585608897336396,29.31676707410817,25.38609493164548,27.57946964416591,29.77284435668634,6.718384737006241,0.32922049663962644,26.07532920569722,27.89962329864502,29.92848701763026,61549887.0,52.15102340380837,-0.1723239873015327,-128754971.05657409,-5592798.352345124,-1530893.8950299826,26.0942692562516,221623664.70045507,982.9507640373184,0.9678510091078635,-6.380767657929958,7.3486186670378215,0.5645852633822036,-1.7767499673199352,1.088064934865014,1.183885302482807,28.263054847717285,28.263054847717285,-0.6762660394897936,-0.6772057013552645,0.6949279490777377,1.183885302482807,26.802443994794572,-0.13179922103881836,3.265827805425491,0.6876291486952038,-0.016393449729538156,-0.03119269580563888,-0.09215959120529638,-0.0915347592601552,,,-0.01652930917624105,-0.13260295881877815,-0.4911747001857979,-0.32878460548501,-0.2749755391704196
2026-03-12 00:00:00+05:30,25.818869362343037,26.39917933809272,25.445111317023684,26.123777389526367,5606673,0.0,0.0,27.77913522720337,28.299643707275386,29.21564800262452,,27.44638684897354,28.20785327185186,29.111963679253314,,27.364768682207384,27.95849713792988,26.711106681238437,27.30520028931392,26.273105049832427,26.986411816255096,26.12057881541066,27.54862184036705,27.342498652823696,26.329059681240253,27.293923880063044,28.004158786035042,28.41800876141847,27.45197247665557,26.2197381618645,26.045090675354004,27.54012680053711,27.57946964416591,36.50745400835066,-0.6198363770747477,-0.2566917291741358,-0.3631446479006119,17.712994909432172,14.685493255038857,3.0275016543933155,20.56767790224588,14.331995880402507,-83.18384784711026,-10.088018191437186,-8.445364748386865,-2.9310569763183594,-1865.3095176674442,-1.8415147439807384,38.045817814302325,-2.17972766716787,-1.907967949892995,-0.12388575511681488,-0.05801766853765766,-12.8571833645995,-0.6944240818883465,-1.6484921029573805,-32456193.497242376,-31947883.85854942,-2.0786244074503575,0,1,0,-2.0786244074503575,0,0,0,1,0,0.8534597441137911,0.9540680210690342,25.487031939056845,27.77913522720337,30.071238515349894,16.502337235479732,0.13889981611265373,25.698373637404973,27.44638684897354,29.194400060542105,25.38609493164548,27.57946964416591,29.77284435668634,7.298696418221275,0.3314059019155255,25.87960616408732,27.77913522720337,29.87292347911067,67156560.0,52.45583793405592,-0.1701760643200779,-126385150.42993882,-3970280.5729344636,-1186146.0026517261,25.989356014880922,225021676.04209816,982.9507640373184,-2.0619697902334067,-7.528470765816984,5.4665009755835765,0.6683626767661319,-1.4444007355493844,1.1460516440732627,1.3134343708830285,28.174532890319824,28.174532890319824,-0.4543888656448771,-1.1314891135706062,0.7139624109838111,1.3134343708830285,26.536035592215402,-0.12048807144165022,3.2545178715091927,0.7562608506944444,0.006060655475436327,-0.03277492053242215,-0.08445364748386863,-0.08791206961721343,,,0.006042363573111983,-0.13260295881877815,-0.4911747001857979,-0.32878460548501,-0.2749755391704196
2026-03-13 00:00:00+05:30,25.96640431476402,25.9959122681888,24.69759233385393,24.904142379760746,11315750,0.0,0.0,27.612910842895506,28.218400306701657,29.160862827301035,,27.20426832809613,28.078295981965933,29.028640485203955,,27.0909598395938,27.82534022312538,26.31995522887529,27.086564543754765,25.788828719592285,26.694692396541615,25.686803052249925,27.309703736596003,26.78860848122231,25.790555390948676,27.076006324554676,27.81165118927637,28.30331496300489,27.183283230624845,25.990697900443003,25.513959884643555,27.122106552124023,27.235218345270134,30.107658686701143,-0.7430630926696402,-0.3039347558152226,-0.4391283368544176,11.371527122622785,14.627573336565128,-3.2560462139423425,12.432746162400111,15.464707107737038,-95.93025045894088,-15.119010401785845,-11.777006813274536,-4.435928344726559,-1639.49502924564,-2.0498879670142713,37.913258086991746,-2.5298652093189986,-2.17972766716787,-0.1503956921024785,-0.07121420657006444,-16.18155132100511,-0.7849110031893609,-2.083230937524231,-32337579.17519438,-32230578.76539964,-2.5786088307698556,0,1,0,-2.5786088307698556,0,0,0,1,0,0.8943686949394087,1.4261850556724376,24.99853035309754,27.612910842895506,30.227291332693472,18.93592823062055,-0.018051690200627166,25.35107826892982,27.20426832809613,29.05745838726244,24.69759233385393,27.235218345270134,29.77284435668634,8.326014003626547,0.36519710385029897,25.622474412726582,27.612910842895506,29.83709621946791,55840810.0,50.6863913376617,-0.19203904618440348,-134100449.38523167,-5400456.5514110625,-2988280.125380812,25.19921566060116,172192084.60909006,982.9507640373184,0.9298563559280855,-3.6293156957243937,4.559172051652479,1.3525285713331212,-2.072206760802508,1.3071902448989836,1.7087463363590645,27.992570877075195,27.992570877075195,-0.5044678683280411,-0.877876879308302,0.7906682406875697,1.7087463363590645,26.047057832990376,-0.16622438430786116,3.2362894471438004,0.8793171352810331,-0.04668677854583925,-0.06945971556144959,-0.11777006813274538,-0.11807731234018992,,,-0.047811760435634613,-0.13260295881877815,-0.4911747001857979,-0.32878460548501,-0.2749755391704196
2026-03-16 00:00:00+05:30,24.904142861362335,24.972992877996045,24.195968849672735,24.74677085876465,9005462,0.0,0.0,27.46684989929199,28.132435760498044,29.094176368713388,,26.97022095006456,27.947647937918823,28.943850987650702,,26.817994126819432,27.689197891833736,25.95837099445524,26.869283337317732,25.36243747313342,26.409542941816742,25.245481940347908,27.04337192319637,26.327614145355227,25.369845925411433,26.83500592813372,27.671492745286955,28.214629798992988,26.929902211876435,25.68519497826378,24.825456619262695,27.043420791625977,26.984406603179536,29.391696419863184,-0.8436941382702301,-0.3236526411326499,-0.5200414971375802,10.254145252260173,13.11288909477171,-2.8587438425115366,7.173980643680751,13.391468236108913,-90.12346593716835,-15.057395222253247,-10.5581175231344,-4.386749267578125,-1419.7326508379706,-2.1917543059440767,40.148809168739994,-2.9143502304856774,-2.5298652093189986,-0.17977821154797624,-0.08848078363367466,-19.19695619805586,-1.5172514772944723,-2.294275505617783,-31803373.74422109,-32272441.359635398,-3.0162998835245753,0,1,0,-3.0162998835245753,0,0,0,1,0,0.8859869330382589,0.777024028323311,24.55584612484065,27.46684989929199,30.37785367374333,21.19648802192186,0.03279362527793092,25.145520605423936,26.97022095006456,28.794921294705187,24.195968849672735,26.984406603179536,29.77284435668634,9.299594650811766,0.36155216846181354,25.423619442310457,27.46684989929199,29.712009262532547,46835348.0,45.03559532069399,-0.14752467402154887,-130338670.26630712,-4297648.227365404,-2763840.5720710615,24.63857752881114,166501451.9801813,982.3188550215557,1.0944186215598983,-2.7718027440740647,3.866221365633963,1.0739141928027733,-1.8688254988882762,1.4555018872256706,2.118485743717489,27.992570877075195,27.992570877075195,-0.4762917172483163,-1.0408295361077484,0.8364998681510005,2.118485743717489,25.5202825818743,-0.14606094360351562,3.2222544617869424,0.9962534586588542,-0.006319090157627438,-0.038593821286556196,-0.10558117523134403,-0.11688307887227556,,,-0.00633914011746916,-0.13260295881877815,-0.4911747001857979,-0.32878460548501,-0.2749755391704196
2026-03-17 00:00:00+05:30,24.766441795378995,24.864799761906767,24.47136789579569,24.69759178161621,6560505,0.0,0.0,27.308494186401365,28.026209564208976,29.023457260131845,,26.753780076879004,27.820194755318724,28.859766646937146,,26.554255258469357,27.554498127956016,25.642469327016972,26.661663944007778,25.013303041497156,26.142930145883632,24.854773721818795,26.758918587282487,26.01002792732941,25.105359561584116,26.598056487080417,27.566783341136446,28.092901774908377,26.70450568163344,25.331349948712038,24.72218132019043,27.018831253051758,26.984406603179536,29.15834260726853,-0.91684449481507,-0.3174423981419918,-0.5994020966730782,7.646992805550504,9.757555060144487,-2.110562254593983,0.0,6.535575602026953,-91.00530518723927,-12.17208711781636,-11.366042237556773,-3.4228439331054688,-1278.5311668067757,-2.3925193883573073,41.386093898555025,-3.107530111533414,-2.9143502304856774,-0.21038070525917218,-0.10901611602127412,-21.759074165310423,-1.3693513685731382,-1.762783234684214,-30751827.953911223,-31914987.88166409,-3.2425225575764967,0,1,0,-3.2425225575764967,0,0,0,1,0,0.8508044282577459,0.39343186611107606,24.154208897144724,27.308494186401365,30.462779475658007,23.101129397514427,0.08613407390926653,25.027921314373472,26.753780076879004,28.479638839384535,24.195968849672735,26.984406603179536,29.77284435668634,10.213033007767864,0.35876071595050874,25.2828623511158,27.308494186401365,29.549122142645352,40274843.0,36.13480220682807,-0.1542037424380983,-129354575.74662343,-3142683.0905959606,-2415097.5734220115,24.677919813106225,165197687.6087848,982.1201257512638,-1.0497899851593213,-3.9328090806346276,2.8830190954753063,0.8106943960145376,-1.6554637043629332,1.5771426446283214,2.487378921505216,27.56471538543701,27.56471538543701,-0.3560119632666607,-1.3003566956121728,0.8543214568287101,2.487378921505216,25.04577740260533,-0.158355712890625,3.2170985855448166,1.1247739156087233,-0.0019872927029191967,-0.06445601444774907,-0.11366042237556773,-0.11987384405136203,,,-0.0019892699891279958,-0.13260295881877815,-0.4911747001857979,-0.32878460548501,-0.2749755391704196
2026-03-18 00:00:00+05:30,24.835292258838496,25.34675219322624,24.736934290529742,25.258230209350582,6773474,0.0,0.0,27.149154853820797,27.942802314758293,28.95893466949464,,26.61134675616201,27.71972555743762,28.78844909371761,,26.358992022559757,27.445949917961567,25.477006882780987,26.510098097625647,24.886925322222066,25.96261394302499,24.605155442473173,26.482646254634222,25.95846850210688,24.95317916167599,26.41707080524753,27.435611446543952,27.99247448388543,26.575428495370005,25.09405146301038,24.9779109954834,27.018831253051758,26.925391511405714,35.4501135181167,-0.9189843640287663,-0.25566581388455045,-0.6633185501442158,12.77689346767785,10.226010508496174,2.550882959181676,6.987732858396993,4.720571167359248,-80.54054847255883,-5.761467955195629,-11.20332136622811,-1.5442142486572266,-1232.9419187620713,-2.5175781775901065,47.80681834366733,-2.7134359760294275,-3.107530111533414,-0.23843751500113308,-0.1319667208137908,-22.67839796150035,-0.7479816628066196,-1.357799565503118,-28935380.010148834,-31063893.763601303,-3.572020530700683,0,1,0,-3.572020530700683,0,0,0,1,0,0.8364012842114805,0.6491604116100298,23.915635746383934,27.149154853820797,30.38267396125766,23.820403433160998,0.2076057722805437,24.926205892636048,26.61134675616201,28.296487619687973,24.195968849672735,26.984406603179536,29.77284435668634,10.86880555584683,0.3606217272895087,25.189432227611455,27.149154853820797,29.298320479892556,47048317.0,29.01506796633565,-0.131950763110646,-124547594.87041946,-855004.9748893976,-1527587.9466960612,25.113972231035522,180573558.45173198,982.1201257512638,-2.5739235353714878,-4.365554104677436,1.7916305693059478,0.8946861645905778,-1.1695769108778253,1.6167595537184312,2.6139114545398208,26.905719757080078,26.905719757080078,-0.1404164198451954,-1.4911871304235518,0.8395962847909774,2.6139114545398208,24.77866636003767,-0.15933933258056676,3.225102088734778,1.2142137612236874,0.02270012528718235,-0.02727269254879261,-0.11203321366228114,-0.10366492876611244,,,0.022446311336112124,-0.13260295881877815,-0.4911747001857979,-0.32878460548501,-0.2749755391704196
2026-03-19 00:00:00+05:30,24.83529166878872,24.904141682162408,24.353339699150723,24.42218971252441,5246896,0.0,0.0,26.918998050689694,27.841887435913083,28.891756420135504,,26.402855609148908,27.590410426264555,28.701988511911804,,26.099281056722006,27.307886678658278,25.187913257363746,26.303975387867165,24.581103888778124,25.704165683433487,24.396934981242918,26.19335143034429,25.763585622872267,24.67966493243434,26.189568003439035,27.264524614712144,27.912155031008055,26.359779788398694,24.9149656614931,24.840209960937496,26.777854919433594,26.925391511405714,31.024993778366877,-0.9768808326577805,-0.2508498260108517,-0.7260310066469288,10.866087326969147,10.429991200065832,0.43609612690331545,9.269721055961263,5.4191513047860855,-95.85588435929446,-9.577569762406574,-15.859033239735766,-2.5868053436279332,-1206.8475995184137,-2.661122817566387,40.17480585439649,-2.656154695971815,-2.7134359760294275,-0.267051325163814,-0.15689919771152538,-23.790511799430927,-0.9516572962263901,-1.5024592792380744,-26852352.503656853,-29671690.36266634,-3.7736533482869468,0,1,0,-3.7736533482869468,0,0,0,1,0,0.841293371782079,0.9048905101998592,23.593777168069188,26.918998050689694,30.2442189333102,24.705383732031663,0.12456503999252758,24.70584425449211,26.402855609148908,28.099866963805706,24.195968849672735,26.984406603179536,29.77284435668634,11.696613817637587,0.359520022625748,24.989673689858023,26.918998050689694,29.076431443862617,41801421.0,19.536647796477396,-0.18725767647237004,-128482771.33812906,-1093510.5331998318,-1936020.7455445174,24.559890364612514,163206476.5054627,978.8101531605608,-5.323067947218398,-5.691758813219477,0.3686908660010786,0.7093229144029541,-1.501739840029889,1.662610441310254,2.7642734795538777,26.782772064208984,26.782772064208984,-0.00664100387337692,-1.4651637918886653,0.854658666986723,2.7642734795538777,24.45984706878662,-0.2301568031311037,3.2259729984760255,1.3175985463460285,-0.03309972590703014,-0.06513559090746823,-0.15859033239735765,-0.14379314506840202,,,-0.03365991801664905,-0.13260295881877815,-0.4911747001857979,-0.32878460548501,-0.2749755391704196
2026-03-20 00:00:00+05:30,24.83529231689914,25.258230268399984,24.35334033468396,24.451698303222656,9234483,0.0,0.0,26.726708984375,27.742939720153807,28.818381652832038,,26.217031103822595,27.467323676341344,28.617824349363506,,25.864300128391815,27.174938085219438,24.949670614055073,26.11307725226861,24.353226679541184,25.471637381379548,24.23092958673254,25.901729086128146,25.615373651297837,24.535241008379487,25.995287174896735,27.09423898661056,27.809512410357662,26.175702639740855,24.79287648085102,24.436944007873535,26.271312713623047,26.3254102637085,31.350717386550784,-1.0087548070247259,-0.22617904030223768,-0.7825757667224882,9.869393558446692,11.170791451031228,-1.3013978925845358,13.793335736091855,10.016929883483371,-93.99538649280663,-8.63652340593058,-13.590543669064006,-2.3114013671875036,-1178.4489069952435,-2.6654621390959257,38.230538826411006,-2.4698831334838376,-2.656154695971815,-0.2948434938240485,-0.18294407945355207,-24.587863046555515,-0.3969828992507942,-1.3018728329668185,-25584744.938973676,-27985339.65341604,-3.78840700785319,0,1,0,-3.78840700785319,0,0,0,1,0,0.8458359833487894,0.9048899337160246,23.294077617111505,26.726708984375,30.159340351638498,25.686898968895015,0.16862001220859466,24.50927989080625,26.217031103822595,27.92478231683894,24.195968849672735,26.984406603179536,29.77284435668634,12.203825080880868,0.3554480420186563,24.85482914085468,26.726708984375,28.828475423714398,51035904.0,27.614930207237453,-0.20820577088994083,-135709750.5422693,-3391164.3235350996,-1620518.270587171,24.6877563021022,164322251.06279966,978.8101531605608,-3.4322028228429216,-3.0407149510752003,-0.3914878717677215,1.2021986195643828,-1.3255199511656213,1.7163156836317486,2.9457395258803167,26.581138610839844,26.581138610839844,0.1650316480157705,-1.4466130133836597,0.8539200806326613,2.9457395258803167,24.13948241642543,-0.19228906631469728,3.229453793012966,1.4073225360446504,0.0012082696533599613,-0.018167422496981223,-0.13590543669064004,-0.13800278870668603,,,0.001207540283040576,-0.13260295881877815,-0.4911747001857979,-0.32878460548501,-0.2749755391704196
2026-03-23 00:00:00+05:30,24.2353104324052,24.2353104324052,22.917318529731645,23.01567649841309,10622193,0.0,0.0,26.454750156402593,27.62845149993896,28.7262205696106,,25.91214018902169,27.292749277206905,28.506890728552605,,25.510868463062106,26.989555213778626,24.48962701345978,25.82388221177256,23.809611023657055,25.097471131374853,23.95037201778197,25.57358970023157,25.276994395935933,24.06828238334874,25.688281676171275,26.834201107658615,27.66722935247446,25.798077364635176,24.495127087087027,23.73368740081787,25.012335777282715,25.420519481451656,25.13107052765292,-1.1367859587554356,-0.2833681536263579,-0.8534178051290777,4.037791009814355,8.257757298410064,-4.219966288595709,6.805602877694863,9.956219889915992,-98.03535611845585,-10.584642662550852,-19.115110341241202,-2.724506378173828,-1121.3014372911914,-2.7502233968625838,30.20569461935682,-2.5935255924488523,-2.4698831334838376,-0.32691382440893646,-0.2103852685890232,-26.32511619154338,-1.0428260682116246,-2.3608179708851793,-25528273.10302744,-26556307.99973955,-3.811357180277506,0,1,0,-3.811357180277506,0,0,0,1,0,0.8950176826446624,1.5343797734910112,22.747712778298975,26.454750156402593,30.16178753450621,28.025495279201785,0.03614257057359297,24.074769134675282,25.91214018902169,27.7495112433681,22.917318529731645,26.34508144320899,29.77284435668634,12.779413014262207,0.39852894162955477,24.508460063857612,26.454750156402593,28.693575318772712,40413711.0,27.791794023920712,-0.24900724626038892,-144746535.73467514,-6898166.678661823,-3568115.7694883673,23.389435153516644,101939260.0176126,978.8101531605608,-0.5968330217771642,-0.1642761200075542,-0.43255690176961004,1.346096023058046,-1.855429717705629,1.8535186890518078,3.4355315306643326,26.26147747039795,26.26147747039795,0.10706158934372502,-0.9948617302990512,0.881280279910977,3.4355315306643326,23.62310507638114,-0.27195882797241194,3.2291450399767534,1.5330672370062932,-0.05872891882607201,-0.06995233318445071,-0.19115110341241204,-0.1872178219242273,,,-0.060524103121309666,-0.13260295881877815,-0.4911747001857979,-0.32878460548501,-0.2749755391704196
2026-03-24 00:00:00+05:30,23.77303108114902,23.832045113594127,23.212393082864853,23.586151123046875,8796582,0.0,0.0,26.21475763320923,27.53402820587158,28.639370784759524,,25.690617420833615,27.14739248684769,28.409450340324767,,25.237668555123467,26.831033630371092,24.20315632886934,25.596471527359757,23.529141366112356,24.819711061710475,23.66209446787318,25.239658478398027,25.038746047625416,23.795674373973824,25.41530142946385,26.621362730497633,27.56611577830778,25.571944512123466,24.15002641384337,23.30091381072998,25.012335777282715,25.07626874162849,30.988408290914016,-1.1786324926619258,-0.26017175002627846,-0.9184607426356474,7.8196738573448865,7.242286141868645,0.5773877154762417,19.952722355363555,13.51722032305009,-84.51023581670286,-10.655735099169323,-16.909216499444984,-2.8130264282226562,-1112.2694005767764,-2.8372117633127267,36.92448796002543,-2.8663686502877948,-2.5935255924488523,-0.35845996070669184,-0.23890516479234064,-25.637565820880262,-1.204379190226991,-1.8240312209562646,-25883220.378839374,-25826934.827749737,-3.6228380203247075,0,1,0,-3.6228380203247075,0,0,0,1,0,0.8893998921115464,0.8163686151810374,22.413863024244684,26.21475763320923,30.01565224217378,28.99812893291464,0.15421212890740346,23.87273530210476,25.690617420833615,27.508499539562468,22.917318529731645,26.34508144320899,29.77284435668634,13.016984818058368,0.4168800836492146,24.269732522977925,26.21475763320923,28.417963312769928,49210293.0,36.49359614854009,-0.2084995287868284,-142931377.3204591,-7128192.994084761,-2341495.400345699,23.54352977316862,123742776.48108183,981.2887882103414,-0.1527537555376222,0.2238425169855903,-0.3765962725232125,1.1193571212711513,-1.3831514843703863,1.9004473044822736,3.6116999571139394,26.045090675354004,26.045090675354004,0.26013523016613443,-0.908437202840981,0.882427254875485,3.6116999571139394,23.283490398951937,-0.23999252319335937,3.229460704912929,1.606420118543837,0.024786350497806087,-0.045001985148877655,-0.1690921649944498,-0.16241702527947688,,,0.024484152325314396,-0.13260295881877815,-0.4911747001857979,-0.32878460548501,-0.2749755391704196
2026-03-25 00:00:00+05:30,23.851716881112274,24.33366887338115,23.70418086323768,24.2058048248291,6337168,0.0,0.0,25.987059879302986,27.449440689086913,28.562160091400152,,25.54920669740461,27.032036107945,28.326209835067424,,25.046339716230122,26.70051506640864,24.075465531096405,25.43110297890303,23.478055735624146,24.636752799982197,23.484071632401765,24.923909644706576,24.985589474361145,23.65207036313173,25.178869368485337,26.227710274367915,27.49934704213855,25.450397586815214,23.910793857775694,23.89597797393799,24.889388084411625,25.007417080185405,36.77453668165677,-1.1485554647523344,-0.1840757776933496,-0.9644796870589848,16.092661871265893,9.316708912808378,6.775952958457514,47.218547526104324,24.65895758638758,-69.1764224510436,-6.7802963359290676,-15.834468345673615,-1.760599136352539,-1150.6734281118356,-2.920873464338804,38.374929725977445,-2.4405944615395785,-2.8663686502877948,-0.38577816242340024,-0.268004321159739,-24.536138849283486,-0.5840955048696799,-1.2135835150131484,-25521009.929981913,-25654790.305448197,-3.104821205139161,0,1,0,-3.104821205139161,0,0,0,1,0,0.8792654534131699,0.7475177503342749,22.283740495552987,25.987059879302986,29.690379263052986,28.501257171454426,0.2595056124122115,23.76207187563388,25.54920669740461,27.336341519175342,22.917318529731645,26.34508144320899,29.77284435668634,13.094074153702309,0.4283537787843558,24.12859889050482,25.987059879302986,28.065360709917883,55547461.0,42.57851071557688,-0.18267142913630885,-139168669.65577132,-5377051.957622141,-1446017.5417226178,24.081218187149307,140391739.6354763,983.915981170098,-2.165855096214854,-1.4314070589533132,-0.7344480372615407,0.7971362121871286,-0.9619775503511536,1.8516596918750003,3.428643614514621,25.853293418884277,25.853293418884277,0.4667933625379897,-0.6189576120315624,0.862209980582253,3.428643614514621,23.1648993900844,-0.22769775390625,3.237134817498317,1.6427468278672952,0.026271929597565524,-0.04166663205610799,-0.15834468345673613,-0.13679407082854922,,,0.025932750226172734,-0.13260295881877815,-0.4911747001857979,-0.32878460548501,-0.2749755391704196
2026-03-27 00:00:00+05:30,24.12711874113549,24.12711874113549,22.868140849127357,23.21239280700684,18486749,0.0,0.0,25.694937801361093,27.34459148406982,28.467638473510746,,25.326652993557204,26.882246174574878,28.22494613154147,,24.782085709344777,26.534356325934915,23.791910015797363,25.200178918531886,23.196204276199552,24.35902733048932,23.303344610139916,24.600728440115198,24.78612636709077,23.44907730323851,24.902337471074034,25.626122501998292,27.29592433709233,25.219387143070776,23.72783108435967,23.70909881591797,24.70742702484131,24.707427377136064,32.12439651145185,-1.1911484333132343,-0.1813349970033995,-1.0098134363098348,18.557214414372226,14.156516714327667,4.400697700044558,66.311995540557,44.494421807341624,-90.64169848913686,-11.144577367615948,-20.108328566849245,-2.9113845825195277,-1182.7627537096373,-3.0070807413131355,36.16072748058992,-2.449477638989914,-2.4405944615395785,-0.4130444096542618,-0.29718751199882604,-24.38445027915469,-0.5470211269376293,-1.8059990189457622,-24934138.47587622,-25545145.366091035,-2.990070343017578,0,1,0,-2.990070343017578,0,0,0,1,0,0.9120082050052108,1.3376639757017443,22.090114729006235,25.694937801361093,29.29976087371595,28.05862462265938,0.15566340642447596,23.45492834991669,25.326652993557204,27.19837763719772,22.868140849127357,26.261477511133027,29.654814173138696,13.279806620119551,0.4378134141518031,23.80960657138433,25.694937801361093,27.81030088483101,37060712.0,38.85243670226025,-0.18593527900363677,-147545472.20083317,-6837199.438168764,-3863009.12534277,23.402550799089894,64521679.70577781,983.915981170098,7.302263434340296,6.429369177281469,0.8728942570588268,2.001179550449321,-1.377346374302096,1.802411536177429,3.2486873457454797,25.49920654296875,25.49920654296875,0.5496478319083313,-0.26416715173807015,0.8740229377065976,3.2486873457454797,22.956381525312153,-0.2921220779418944,3.2360971535966447,1.7139138539632162,-0.0410402391084006,-0.04953679091671093,-0.20108328566849243,-0.18140824929356814,,,-0.0419061644246942,-0.13260295881877815,-0.4911747001857979,-0.32878460548501,-0.2749755391704196
2026-03-30 00:00:00+05:30,23.0156757361086,23.0156757361086,21.855055871357475,22.081279754638672,12083676,0.0,0.0,25.331998252868654,27.207874450683594,28.358166465759282,,25.017569827945913,26.693972981636204,28.103289371602802,,24.437927800133117,26.327951944388595,23.34934617441965,24.89697921692833,22.689606084328204,23.97839437891529,23.036891428299278,24.246439058262318,24.490141977691664,23.06495457440748,24.54176370559725,25.141485278524055,27.113421872344166,24.83798693994932,23.467496673955754,22.646836280822754,24.2402286529541,24.200884888251124,27.812054531171615,-1.3011758922514218,-0.2330899647532696,-1.0680859274981522,15.001237125641426,16.55037113709318,-1.5491340114517538,58.20261367495323,57.244385580538186,-95.17816768289525,-11.334912008117072,-24.740195884362425,-2.822862625122074,-1201.4644974524915,-3.3168495304034025,31.29793390239225,-2.668082208407891,-2.449477638989914,-0.4438722165271747,-0.32653129032984807,-25.162454977217234,-1.2880555443310264,-2.4486754090821528,-24932816.9558117,-25287722.35772789,-3.021216710408528,0,1,0,-3.021216710408528,0,0,0,1,0,0.9438174000512218,1.3573369356493643,21.811768364940445,25.331998252868654,28.852228140796864,27.792753282142442,0.03828036779962187,23.065564305480805,25.017569827945913,26.96957535041102,21.855055871357475,25.754935022248084,29.654814173138696,13.590777147713618,0.4509604430350958,23.419206547144476,25.331998252868654,27.52317633865414,24977036.0,38.21617274648297,-0.24251882829508364,-154918534.1711173,-9158943.176376522,-5263722.628034942,22.31733712070158,5639324.242354065,979.0430968372656,8.637588213823511,6.211755165411747,2.425833048411764,1.2972668589845138,-1.8468785288015133,1.7601149439641042,3.098004615965762,25.081186294555664,25.081186294555664,0.26232192442419605,-0.06863278721574763,0.9100950679093762,3.098004615965762,22.64978689466204,-0.36293954849243165,3.2337942311894383,1.8105228084988056,-0.04872884332832472,-0.09694290021039442,-0.24740195884362426,-0.2376910307644391,,,-0.04995612913721977,-0.13260295881877815,-0.4911747001857979,-0.32878460548501,-0.2749755391704196
2026-04-01 00:00:00+05:30,23.06485655147114,23.53697255259084,22.67142467451584,23.291078567504883,8872623,0.0,0.0,25.03987617492676,27.09535339355469,28.26954629898072,,24.85314208885629,26.560526141866347,28.00799806855136,,24.24355449676514,26.174352105832565,23.195028924108588,24.70578909050539,22.607268808635023,23.76774834327716,22.839608725345496,23.911254621130514,24.450250589302915,22.952536553358534,24.2929163268717,24.849755212129107,27.033651623718136,24.69508315542956,23.251423982873987,22.686179161071777,24.10252857208252,24.200884888251124,37.47912891396286,-1.2760433591424238,-0.16636594531541715,-1.1096774138270067,14.929377979357927,16.162609839790523,-1.2332318604325962,59.746507157415195,61.42037212430847,-69.39199988989411,-5.882352487796193,-20.05401864759592,-1.4556922912597656,-1312.6883394956167,-3.252454145598822,39.13573666712083,-2.329944610205054,-2.668082208407891,-0.47086857040399277,-0.3554743864570504,-23.807533325681778,-0.622094054572397,-1.4876419326473957,-25644564.87677754,-25149914.27835588,-3.1015421549479165,0,1,0,-3.1015421549479165,0,0,0,1,0,0.9803799284727179,1.4556927979521674,21.898667351541757,25.03987617492676,28.181084998311764,25.089651413934686,0.22163620667260303,22.80976703558745,24.85314208885629,26.896517142125134,21.855055871357475,25.15495377455087,28.45485167774426,13.635662101532615,0.5106766134920466,23.075942460363297,25.03987617492676,27.243845213554117,33849659.0,37.518815875781904,-0.18541465978244406,-151087168.1203863,-8057045.218921989,-2978320.9994000313,23.166491931537184,54251039.19585218,984.5219405741739,6.984767137793887,3.6471472715056983,3.337619866288189,0.9538983065935343,-1.113455173309588,1.5706044116925013,2.466798218027948,24.825456619262695,24.825456619262695,0.039151733001261284,-0.5892925707207478,0.9192634508271568,2.466798218027948,22.65091114044189,-0.29212207794189454,3.2406242398959417,1.8717449824015295,0.054788437369082565,0.011965847239414407,-0.20054018647595917,-0.19810363106142237,,,0.05334021351909146,-0.13260295881877815,-0.4911747001857979,-0.32878460548501,-0.2749755391704196
2026-04-02 00:00:00+05:30,22.818963307558548,23.58615136529121,22.455039372361096,23.507465362548828,7263834,0.0,0.0,24.809227657318118,26.982045440673833,28.19036842346192,,24.724982400636534,26.440798268167622,27.918878609026553,,24.097610609872003,26.033650614420573,23.108830771761212,24.543763340169104,22.615013009264903,23.601869368219614,22.725902281509327,23.606605420596537,24.42648421189873,22.83864740691935,24.05614199335295,24.616152576344167,26.923911156819823,24.591767196249965,23.120503397797204,23.399271965026855,24.10252857208252,24.127117604725097,39.05129048751476,-1.2245491987356552,-0.09189742792691868,-1.1326517708087365,23.93116328978246,17.95392613159394,5.977237158188522,73.98639247629583,63.978504436221414,-63.636342557863244,-4.818795409653098,-16.404334552177147,-1.1901264190673828,-1389.2970466348354,-3.18802992141298,46.621328498935554,-1.9869876948844065,-2.329944610205054,-0.4929389686739061,-0.3837523257540252,-21.952541631146726,-0.4798293497842536,-1.6109413427143693,-25553688.690567784,-25273765.138603747,-2.668768564860027,0,1,0,-2.668768564860027,0,0,0,1,0,0.9911465045053892,1.1311119929301159,21.95620978371568,24.809227657318118,27.662245530920558,22.999650879989154,0.2718622258181676,22.660764591882796,24.724982400636534,26.789200209390273,21.855055871357475,24.889388152264573,27.923720433171667,13.551815800555325,0.5071892484170705,22.76805191196494,24.809227657318118,27.0466066897136,41113493.0,42.750746594458036,-0.15352785387726273,-144833953.87442783,-4884151.0472563505,-2328304.033915564,23.18288536673371,60999536.28427888,985.4509949948044,4.268067714915227,0.7443582789016303,3.5237094360135965,0.7750761814649313,-0.9125510967273301,1.426508936801219,2.034927746773744,24.72218132019043,24.72218132019043,-0.06527535764058373,-0.947604838386724,0.9059374498377144,2.034927746773744,22.674376514979773,-0.23064851760864258,3.24805917687625,1.900924428304036,0.009290544206305817,-0.0033361000736216173,-0.16404334552177147,-0.21665025668157367,,,0.009247652553681875,-0.13260295881877815,-0.4911747001857979,-0.32878460548501,-0.2749755391704196
2026-04-06 00:00:00+05:30,23.6058231861996,24.038597136566164,23.114035203153776,23.950075149536133,9271908,0.0,0.0,24.666609191894533,26.87817985534668,28.11001028060914,,24.651181710055546,26.343122851750703,27.84028844151189,,24.015786561511813,25.914749818689682,23.122177230547457,24.42663644241038,22.754237152002105,23.502990810816787,22.749199940735124,23.348978101335394,24.412755835314574,22.89953437640778,23.85179587334803,24.427756389560017,26.779079052370268,24.540818854377886,23.201373426654143,23.72877025604248,23.66975498199463,23.925484069773137,42.250169484736844,-1.1349418912073155,-0.0018320963188631634,-1.1331097948884523,39.188507379938244,26.016349549692876,13.172157830245368,99.99999999999999,77.91096654457033,-49.4061354124279,-5.1791239883868485,-10.642198374631718,-1.3081550598144496,-1496.4808874226594,-3.132776023059723,54.923953526433465,-1.4976174660285122,-1.9869876948844065,-0.5084222755402212,-0.41057132024029264,-19.798844984608504,-0.01082564057510993,-0.9353875739874979,-24404276.425699856,-25288933.41936703,-2.272059758504232,0,1,0,-2.272059758504232,0,0,0,1,0,0.986390463713032,0.9245619334123882,21.95127044314524,24.666609191894533,27.381947940643826,22.01631142428409,0.3680580751317967,22.607449038628374,24.651181710055546,26.694914381482718,21.855055871357475,24.545137412441406,27.235218953525333,13.303542071599802,0.49415325807666666,22.617146431428612,24.666609191894533,26.821933206352966,50385401.0,48.818413706441184,-0.05385954797654628,-137337519.6205518,-756906.0737729073,-1409426.711235357,23.700902496418692,78457127.57093439,985.4509949948044,3.7579176424343843,0.18736656513662986,3.5705510772977544,0.9636544033290392,-0.5277676994728129,1.357669374374647,1.8432661301148456,24.574645042419434,24.574645042419434,0.07592642880641008,-0.7562888477255291,0.8611251673349607,1.8432661301148456,22.71414130074637,-0.1426184654235838,3.254745918584712,1.8855149586995443,0.01882847768404905,-0.010564807786546115,-0.10642198374631717,-0.1861630826716707,-0.20941552503193228,,0.018653415915518393,-0.13260295881877815,-0.4911747001857979,-0.32878460548501,-0.2749755391704196
2026-04-07 00:00:00+05:30,23.940238740346523,24.07793877283112,23.694344753182754,23.930402755737305,4828994,0.0,0.0,24.51267957687378,26.79044486999512,28.031914348602303,,24.582536095358574,26.248506377397238,27.76286496258566,,23.945671662830172,25.799150716744215,23.137043152982564,24.316270273456148,22.879703044084838,23.413713979661566,22.881929530436853,23.133685035865845,24.407033157999592,22.9480651222977,23.642734654275063,24.307418023240714,26.714897830851346,24.492595867092675,23.42607423273325,23.94023895263672,23.66975498199463,23.600904032291858,42.144294595983325,-1.0533722327778108,0.06379004968851332,-1.117162282466324,48.79805316654448,37.30590794542172,11.492145221122755,99.79384645375916,91.26007964335166,-40.56336253007541,-2.0136890367979703,-11.398396326907285,-0.4917869567871058,-1601.6969493649678,-2.9241712377786158,55.54853290999947,-0.7859546752482593,-1.4976174660285122,-0.5182445700599003,-0.43539366204427615,-17.465020332651626,0.04551885589041049,-0.33807516375795643,-22993815.562864617,-24759051.77869624,-2.1441949208577475,0,1,0,-2.1441949208577475,0,0,0,1,0,0.9433335748512702,0.38359401964836715,22.016223211537298,24.51267957687378,27.00913594221026,20.368694148735464,0.383379331355148,22.66037910318192,24.582536095358574,26.504693087535227,21.855055871357475,24.476285750998322,27.097515630639165,12.752677343457611,0.49203508267578583,22.48847292627368,24.51267957687378,26.64408071397916,45556407.0,55.584823833539716,-0.057043638809343024,-136223132.756414,1354899.6061298847,-1221651.162718903,23.900895427250394,78060477.99456753,985.3688558212277,-0.5902041324753057,-3.3286041678184484,2.7384000353431426,0.5040797735156012,-0.4664826745794079,1.2482281826682406,1.5580735960072585,24.436944007873535,24.436944007873535,0.11250286855846689,-0.588386496598983,0.8182387082291965,1.5580735960072585,22.811655834742954,-0.15392961502075195,3.2660669048768316,1.8394617546929255,-0.0008213917357670075,0.0309321815592285,-0.1139839632690729,-0.18791717681733822,-0.2087804998022964,,-0.0008217292627994009,-0.13260295881877815,-0.4911747001857979,-0.32878460548501,-0.2749755391704196
2026-04-08 00:00:00+05:30,24.83529156053422,25.62215153283535,24.786113515773707,25.494287490844727,14235438,0.0,0.0,24.449238967895504,26.734971160888676,27.977620944976817,,24.66936956159535,26.218929166159885,27.717942636412573,,24.039158130827406,25.748321015601064,23.440106226040804,24.334049706478638,23.402911009876565,23.512387298102123,23.22879833526941,23.00442850411285,24.428663677453248,23.426620680486142,23.57262956412101,24.314172492751467,26.637860348367493,24.5535458737412,23.856912499832276,24.712345123291016,23.7877836227417,23.738603702096412,52.36387669289046,-0.8527058009196011,0.21156518523737833,-1.0642709861569795,68.87875601707537,52.28843885451936,16.590317162556012,99.79384645375914,99.86256430250609,-3.3942340062705134,4.26387228687776,-4.740901447108006,1.0425891876220703,-1715.174394477891,-2.292888976615007,59.70345167898353,-0.07781775230817417,-0.7859546752482593,-0.5163709815173334,-0.45644445727854255,-12.416662801078473,1.380893391051206,0.544855373989563,-22109188.701805476,-23743176.894917034,-1.5737212498982747,0,1,0,-1.5737212498982747,0,0,0,1,0,0.9967918035831826,1.691748777098045,22.135796893220427,24.449238967895504,26.76268104257058,18.924450595070684,0.7258644239225225,22.6080372777978,24.66936956159535,26.7307018453929,21.855055871357475,24.200884888251124,26.54671390514477,12.046754028858471,0.5498082407856345,22.35525305344616,24.449238967895504,26.61167733275929,59791845.0,64.81711108683761,0.020737681669899272,-126342043.73347177,5239630.291014463,2133239.6013506725,25.300850846484593,171091023.3347653,985.3688558212277,4.2416671371495624,1.2026136814451358,3.0390534557044266,1.412257532093644,0.9034576956900905,1.1567210373375378,1.3380035582192296,24.436944007873535,24.436944007873535,-0.07051520367336471,-0.5792436479983294,0.6489586335745097,1.3380035582192296,23.218996456691197,-0.06344060897827167,3.2866453496276185,1.756185726589626,0.065351375447807,0.15456566712303332,-0.047409014471080035,-0.13282034869625092,-0.18490565922677227,,0.06330467474439593,-0.13260295881877815,-0.4911747001857979,-0.32878460548501,-0.2749755391704196
2026-04-09 00:00:00+05:30,25.661496406770954,25.661496406770954,25.16970843711421,25.26806640625,7221541,0.0,0.0,24.42563314437866,26.670055160522466,27.92411441802979,,24.726388308705317,26.181640430477145,27.669430235815295,,24.117141696384977,25.69079533894857,23.665786062017368,24.33485138002939,23.78473137541474,23.582007694578255,23.680440583910258,22.94789885037831,24.48473612345776,23.76217887181633,23.52725966348012,24.284297433478145,26.595190978214788,24.599050496238263,24.321624466715384,25.381176948547363,23.7877836227417,23.758276139064215,50.96157075723873,-0.7038171923838945,0.28836303501846805,-0.9921802274023626,81.90216682973046,66.52632533778343,15.375841491947028,98.07740449383881,99.2216991337857,-10.335902974462662,9.786329365518371,-1.8341612901528812,2.2523899078369105,-1751.318741103586,-1.7633489906296873,61.71604281218459,0.5574210128111985,-0.07781775230817417,-0.5064533655849468,-0.47288816893168195,-8.287738686198672,1.2735513700631174,0.7817634004063727,-21905297.80082931,-22752597.125978224,-0.785221099853515,0,1,0,-0.785221099853515,0,0,0,1,0,0.9607201011598656,0.49178796965674487,22.158482597686003,24.42563314437866,26.69278369107132,18.563699317775292,0.6857912045365246,22.7676994862872,24.726388308705317,26.685077131123435,21.855055871357475,24.200884888251124,26.54671390514477,11.282603704510084,0.5334199747247542,22.38558449636925,24.42563314437866,26.536274282992267,52570304.0,65.05947258158633,0.007232766609102408,-130674957.31427473,4973853.950846806,1595110.3958055356,25.366423750045055,164683059.04844448,984.4815155310707,1.905681193665888,-0.9066978096308314,2.8123790032967193,0.7414426337289153,0.743164818146098,1.1335752733463298,1.2849929003422065,24.436944007873535,24.436944007873535,-0.06983023402706982,-0.4425836706207418,0.5162200017546249,1.2849929003422065,23.500158800397603,-0.02360582351684588,3.3129196428969623,1.6641666793823238,-0.008873402901570238,0.08488176419203541,-0.018341612901528803,-0.12080760372769395,-0.19188423322740034,,-0.00891300599127117,-0.13260295881877815,-0.4911747001857979,-0.32878460548501,-0.2749755391704196
2026-04-10 00:00:00+05:30,25.53363071165125,25.956568669488963,25.474616680052712,25.81886863708496,6260571,0.0,0.0,24.396617698669434,26.62087635040284,27.879361724853524,,24.830434054265282,26.167414085638235,27.63278545168202,,24.249830790928435,25.657415475284353,23.964978172292344,24.379379686245166,24.24915635725117,23.712509829668182,24.213617864253713,22.969896600793543,24.573064338147958,24.111679212532948,23.578555081232356,24.228465589405648,26.54911540164205,24.67084506587837,24.817365835813646,25.54346752166748,23.950074195861816,23.90581227042322,54.179095756414,-0.5352072249188353,0.3655784019868219,-0.9007856269056572,94.30418813444444,81.6950369937501,12.609151140694351,98.28355804007965,98.71826966255921,-3.3572986159334572,9.466222370874311,-2.198208308033685,2.232717514038086,-1793.3474259567265,-1.1440723474939496,68.57855243896364,1.1229916965494748,0.5574210128111985,-0.4879992873187189,-0.48424607169782846,-3.255144139035506,1.3642059755843938,0.8822539861481431,-22098723.775365923,-22186918.723916683,-0.08524290720621686,0,1,0,-0.08524290720621686,0,0,0,1,0,0.9412759698798011,0.6885022632389628,22.22288674176006,24.396617698669434,26.570348655578808,17.819937040108037,0.827145117452275,22.927143736222423,24.830434054265282,26.733724372308142,21.855055871357475,24.200884888251124,26.54671390514477,10.652335676271834,0.5311573602971368,22.391936120935064,24.396617698669434,26.4836114140613,58830875.0,64.95855153983632,-0.011038169195643509,-127991841.5316542,5266677.383353218,1859856.978276268,25.750017995542212,178330072.7045734,986.6613508298204,-0.8667133013347794,-2.9432738437051986,2.0765605423704194,0.6599626689163227,1.3085804698091004,1.0868654784546867,1.181276568256535,24.436944007873535,24.436944007873535,-0.21715292832389776,-0.49973862722696016,0.3057971864497568,1.181276568256535,23.956256975446426,-0.029015445709228517,3.334907651415799,1.5671861012776693,0.021798352987497438,0.09832635032692938,-0.02198208308033689,-0.08790827094276699,-0.14800387210229604,,0.02156416603960463,-0.13260295881877815,-0.4911747001857979,-0.32878460548501,-0.2749755391704196
2026-04-13 00:00:00+05:30,25.35658915080091,25.631989221408144,24.80578525754189,25.484453201293945,7289429,0.0,0.0,24.37252016067505,26.569730415344246,27.832051734924327,,24.892721592077535,26.140631305860026,27.59024421900107,,24.35343417213077,25.612849861593805,24.16604547117025,24.39698342783272,24.54872170804954,23.798911203806252,24.717778011255962,23.04208877890204,24.602473084461646,24.45880629663277,23.593510228887382,24.22691895294997,26.506877848782892,24.721886406354862,25.19555738294393,25.651660919189453,23.950074195861816,23.90581227042322,51.95040592036616,-0.4236831857438581,0.3816819529294394,-0.8053651386732975,91.5986780587397,89.26834434097154,2.3303337177681556,95.72608087540002,97.36234780310616,-11.510764233384752,5.282403893273031,-1.856055080280602,1.2786483764648438,-1865.7277285696935,-0.7089558813120895,68.19780325587763,1.4114911098944023,1.1229916965494748,-0.4647826987547621,-0.4899947704867729,0.781467482290756,0.9121850264479505,0.0859810625816948,-22215923.089611832,-22055525.823967963,0.558999379475912,0,1,0,0.558999379475912,0,0,0,1,0,0.9464050705700348,1.0130833795430725,22.262304499911558,24.37252016067505,26.482735821438546,17.316351750676297,0.7634643134570869,22.977728755840076,24.892721592077535,26.807714428314995,21.855055871357475,24.127117604725097,26.39917933809272,9.74229162191671,0.5299561473585703,22.33902220217941,24.37252016067505,26.442992485593116,51541446.0,63.80680682536362,0.0310825131121317,-123305772.93804197,6398701.759768516,1245920.6134221347,25.307409226747993,168888537.48485708,986.6613508298204,-2.1640345097735336,-3.3924760417151623,1.2284415319416289,0.7607834922056843,1.0538572538283482,1.0551078303817463,1.1132525337328758,24.436944007873535,24.436944007873535,-0.2897121997850654,-0.4262606472461076,0.12799057751672097,1.1132525337328758,24.315262195042198,-0.024097537994384764,3.3472339748488356,1.4502279747856988,-0.01295236598054017,0.06406568840296645,-0.018560550802806053,-0.10377030825402145,-0.18006326327161748,,-0.013036979295307798,-0.13260295881877815,-0.4911747001857979,-0.32878460548501,-0.2749755391704196
2026-04-15 00:00:00+05:30,26.02541905439925,26.23197098195377,25.8680470505588,26.01558494567871,6614545,0.0,0.0,24.367110538482667,26.51720748901368,27.784545021057138,,24.999660959087173,26.13572752702939,27.559062847252115,,24.509916532607306,25.59111866670496,24.438946753179778,24.45574652338156,24.935333652499036,23.942298246269747,25.209599739256355,23.16647413355296,24.761653385810288,24.981766662355245,23.659179248183847,24.233702836594745,26.470782707807246,24.79723880779106,25.48381000251223,25.750019073486328,24.04843235015869,24.043513426655622,55.108891080576505,-0.2891090194792767,0.4130048953552167,-0.7021139148344934,93.39604490172772,93.09963703163729,0.2964078700904338,97.44252283532033,97.1507205836,-4.943802445498601,12.076273919618087,-0.4141531380949262,2.8031921386718714,-1860.3272205928438,-0.20111247116950182,67.35038868861953,1.785249004700841,1.4114911098944023,-0.4359103179440549,-0.4891101150886485,4.520984599258535,1.3270552511766418,0.9631313197816738,-21757008.00171333,-22048599.922083024,1.0966876347859704,0,1,0,1.0966876347859704,0,0,0,1,0,0.9321988355764482,0.7475177806598232,22.275323447233983,24.367110538482667,26.45889762973135,17.168938335508848,0.8940349412453814,23.124664053794266,24.999660959087173,26.87465786438008,21.855055871357475,24.043513426655622,26.23197098195377,9.096937632932061,0.5350082670849895,22.417681872348282,24.367110538482667,26.37411613334347,58155991.0,63.15192009451297,0.010367517009976734,-124557130.95149122,5881943.113134697,1569816.9292420482,26.038534326063758,182674176.89572406,988.7454910708902,-3.8323482195370744,-4.048631801182963,0.21628358164588823,0.7879846741388954,1.5761397649815254,1.0458935456243417,1.093893308778657,24.436944007873535,24.436944007873535,-0.3279986635777991,-0.4515525696873295,-0.11152525505561676,1.093893308778657,24.795528520856585,-0.005409622192382812,3.366886988221533,1.342165773179796,0.020841402410697984,0.08713527353573203,-0.004141531380949304,-0.08572415071771777,-0.15817944470918288,,0.020627191573812452,-0.13260295881877815,-0.4911747001857979,-0.32878460548501,-0.2749755391704196
2026-04-16 00:00:00+05:30,26.26147908860317,26.47786512613413,25.917227124695795,26.113941192626957,5941876,0.0,0.0,24.427600479125974,26.474520301818853,27.735366230010992,,25.10578288609096,26.13487316097439,27.530446576863497,,24.676281356811526,25.575304302140776,24.694485109940075,24.519952903808928,25.278783360056245,24.089149197910046,25.670756385687625,23.33160696259811,25.14452043404141,25.358436867630843,23.77010161134005,24.254677741320602,26.449108635770774,24.873707418043853,25.693703849240386,26.064763069152832,24.097610473632812,24.166460498745803,55.689759279000846,-0.1725326470712254,0.4236650142106143,-0.5961976612818397,91.89102626568483,92.29524974205074,-0.4042234763659138,97.44252283532033,96.8703755153469,-7.872354524062142,18.26280669779175,4.857821620267469,4.032661437988285,-1772.7253229184819,0.06396162941865313,65.21268601924461,2.1910604365763184,1.785249004700841,-0.4028346729485821,-0.4815507931491584,9.772231212243325,1.4002314722355962,0.8395934707972614,-20855066.710948594,-21816608.778160807,1.542575200398764,0,1,0,1.542575200398764,0,0,0,1,0,0.9056587759951544,0.560638001438335,22.20457237152492,24.427600479125974,26.650628586727027,18.20095354433759,0.879289111940373,23.302568923885314,25.10578288609096,26.908996848296606,21.855055871357475,24.166460498745803,26.47786512613413,8.193897489253148,0.5046016786906738,22.549706549913516,24.427600479125974,26.321720327684567,64097867.0,70.32071268470587,0.04545920841401014,-126329291.03461148,4571950.630052164,1429046.0283777348,26.169677814485624,184920601.96904892,989.1235577073069,-5.823098411660689,-4.831505594645262,-0.9915928170154273,0.7637298242810201,1.5171564477614923,1.111514053800526,1.2354634917960783,24.436944007873535,24.436944007873535,-0.2344643099249561,-0.6432491368686298,-0.2372472546832882,1.2354634917960783,25.173643112182617,0.06048994064331055,3.3912264663779688,1.2380378807915582,0.0037806663641666294,0.02430559010542077,0.04857821620267466,-0.09693873815580256,-0.14049851895228782,,0.0037735376070734163,-0.13260295881877815,-0.4911747001857979,-0.32878460548501,-0.2749755391704196
2026-04-17 00:00:00+05:30,26.182791973984276,26.458192032593388,26.07459802180372,26.3303279876709,5131469,0.0,0.0,24.50677833557129,26.426718482971197,27.685400562286386,,25.22240622909857,26.14253805613896,27.506681852325027,,24.85749350048247,25.569649701585956,24.955796027683228,24.598312316177317,25.615354631120493,24.252325056450687,26.077358152711543,23.531168944969743,25.441286153352923,25.719841986217713,23.86780266281974,24.291904423729665,26.40659566126117,24.9565694183542,25.885707540567157,26.222134590148926,24.205803871154785,24.166460498745803,57.007775257001775,-0.06197007367597962,0.4273820700846881,-0.4893521437606677,94.66411303765736,93.31706140168997,1.3470516359673894,99.99999999999999,98.29501522354688,-3.1915039174671644,13.048985307216725,6.3990455075693085,3.0392494201660156,-1641.863803309519,0.30456154911824385,65.72084154010633,2.606349773346822,2.1910604365763184,-0.3662523591725586,-0.4674745032045643,14.905450806558813,1.2016020452987988,0.8180080345091305,-19989928.364623696,-21238333.479926564,2.02288818359375,0,1,0,2.02288818359375,0,0,0,1,0,0.868368435623334,0.3835940107896685,22.128502714094125,24.50677833557129,26.885053957048456,19.409125009509122,0.8833764336715076,23.51786140409543,25.22240622909857,26.92695105410171,21.855055871357475,24.166460498745803,26.47786512613413,7.4611135703252955,0.503918525824723,22.68203316829439,24.50677833557129,26.355689441682028,69229336.0,69.58569709978873,0.03423565129223141,-124618784.63714877,4164664.774342701,1383522.6144348215,26.287706014022675,189172668.41350752,989.9521832810867,-8.25521654010507,-5.810898978471714,-2.444317561633356,0.6928836576970671,1.5335057346860301,1.1891378107385828,1.4140487329281495,24.436944007873535,24.436944007873535,-0.17533169161837034,-0.8342365780165931,-0.33458884306611564,1.4140487329281495,25.558923830304828,0.0791778564453125,3.4038037809724853,1.1508274586995442,0.008286255737798731,0.042039686153355627,0.06399045507569312,-0.08945574159326242,-0.16186602824914942,,0.008252113200254882,-0.13260295881877815,-0.4911747001857979,-0.32878460548501,-0.2749755391704196
2026-04-20 00:00:00+05:30,26.330328066523062,26.50737203388609,25.769690087221605,26.06476211547852,8942298,0.0,0.0,24.575136852264404,26.391506423950204,27.640647869110115,,25.302630599229992,26.139488019250315,27.47812898624886,,25.005872908092684,25.5554553342333,25.13399579949692,24.652889723845135,25.819383708890783,24.375838136720855,26.38358314291223,23.742935684296985,25.554922159398117,25.95409028099897,23.957815117994475,24.369753113342767,26.371215998256346,25.023098530873114,26.0249110158353,26.197545051574707,24.205803871154785,24.181213952621782,54.85137069210861,0.004174494862507316,0.39482131089854006,-0.39064681603603274,93.14079582844604,93.23197837726275,-0.09118254881670396,97.53799014457925,98.32683765996651,-9.51375407313254,10.878657964562509,5.53564228428121,2.557296752929691,-1541.9546712258366,0.47029419309724574,57.448192728741546,2.7875918044998067,2.606349773346822,-0.32897093812275235,-0.44753546571373437,17.09291054308036,1.1353288854223642,0.39764693875788026,-19649518.70554018,-20516086.143066347,2.545822461446126,0,1,0,2.545822461446126,0,0,0,1,0,0.8590336864119876,0.7376819466644842,22.09726119688166,24.575136852264404,27.053012507647146,20.165711957404024,0.8005851524426115,23.619912529624393,25.302630599229992,26.98534866883559,21.855055871357475,24.181213952621782,26.50737203388609,7.015638116561842,0.5058365456089301,22.713251470543362,24.575136852264404,26.472970264069353,60287038.0,62.61415662519704,0.01739282006365275,-126407262.43030053,3050380.828791201,846623.788404966,26.113941412195402,180153528.3219517,989.9521832810867,-6.150857727316755,-2.965232132546719,-3.185625594770036,1.1806873502412636,1.202340609770447,1.2389378276913707,1.5349669408846125,24.436944007873535,24.436944007873535,-0.2230640093761667,-1.0272890657128007,-0.4129257259557635,1.5349669408846125,25.867345019749234,0.0683585166931154,3.4098798690129186,1.0868731689453126,-0.010085931034232831,0.009523789824019246,0.05535642284281206,-0.10654082495814643,-0.1795665669990859,,-0.010137138645232371,-0.13260295881877815,-0.4911747001857979,-0.32878460548501,-0.2749755391704196
2026-04-21 00:00:00+05:30,26.16312108689181,26.576223067906707,26.074599099815597,26.20246315002441,6388556,0.0,0.0,24.622348499298095,26.355704269409188,27.600714683532722,,25.38832893740089,26.14195763222185,27.452868276620652,,25.16085636502221,25.548041872510723,25.313291186463683,24.716030074589522,26.0180871010163,24.50813474874207,26.59355649048115,23.966474975371405,25.66291935983329,26.19413154417159,24.04892624711322,24.403409387611692,26.341447691303312,25.093165918809763,26.1187262074717,26.133612632751465,24.205803871154785,24.21563946963209,55.785296738352265,0.06693428784232935,0.3660648831026897,-0.29913059526036034,93.12601912592677,93.64364266401006,-0.517623538083285,96.1422621768524,97.89341744047721,-7.9166846316199635,9.404513290355593,3.738317898156909,2.2523880004882777,-1462.1288341144032,0.7782404124123659,58.529670489777686,3.0868555040710293,2.7875918044998067,-0.2912991361569306,-0.4223193063911822,19.525931073942484,1.0855484906485984,0.5839245225574885,-19545494.494496673,-19946575.89096217,2.8031915028889967,0,1,0,2.8031915028889967,0,0,0,1,0,0.834207062556002,0.5114609524281875,22.055295409843144,24.622348499298095,27.189401588753046,20.851407326381807,0.807768206512202,23.768448597771407,25.38832893740089,27.00820927703037,21.855055871357475,24.21563946963209,26.576223067906707,6.23115715703507,0.500587844128638,22.79068950729935,24.622348499298095,26.523359817173993,66675594.0,74.82804332003278,-0.029522154558205303,-129538930.01544133,1320790.3622670472,851350.5001263083,26.284428439248906,183528624.42509988,990.48048671979,-7.0801135945805065,-3.115590399848376,-3.9645231947321307,0.8768898244433507,1.2310728260488089,1.283526544727475,1.6474403910200508,24.436944007873535,24.436944007873535,-0.21291487354637031,-1.1501494381618773,-0.547154359202903,1.6474403910200508,26.237872096470426,0.047211647033691406,3.410737412308773,1.0682070838080513,0.005283034387032259,0.02817443023239008,0.037383178981569065,-0.10091121371619827,-0.1736972922623532,,0.005269128117562602,-0.13260295881877815,-0.4911747001857979,-0.32878460548501,-0.2749755391704196
2026-04-22 00:00:00+05:30,26.00574772291977,26.71392170648886,26.00574772291977,26.586057662963867,6506671,0.0,0.0,24.73054189682007,26.322065963745125,27.564715805053712,,25.50239833983546,26.15937331970193,27.435703710013584,,25.347876285371328,25.55707533892463,25.537712691190215,24.806097209163497,26.275227563573402,24.676157011929682,26.755760433230048,24.206771369852706,25.838166911441746,26.33543595282982,24.21437905884082,24.486208576328067,26.321952803098828,25.17779241188859,26.210042142454586,26.39426040649414,24.938568115234375,24.58448053942498,58.36878711444416,0.14594241399727892,0.3560584074061114,-0.2101159934088325,93.18909007879498,93.15196834438926,0.037121734405715756,96.1422621768524,96.60750483276135,-3.0022910588625384,11.097409994864671,8.860253629631588,2.6556549072265625,-1365.4610469324339,0.9252559921483154,61.024893732150865,3.4422787495527976,3.0868555040710293,-0.2524141699766447,-0.3929907717755501,22.593848918075558,1.0667638312727874,0.35858984770369773,-19094302.15286362,-19579042.819593504,2.9048274358113604,0,1,0,2.9048274358113604,0,0,0,1,0,0.8252046997712225,0.7081739835690899,22.020585931220314,24.73054189682007,27.44049786241983,21.91586401063223,0.8423516451369977,23.90190203568134,25.50239833983546,27.10289464398958,21.855055871357475,24.28448878892317,26.71392170648886,4.440541715384241,0.4842276850062909,22.85790807382936,24.73054189682007,26.62992138384336,73182265.0,84.13211906748182,0.018205149180644722,-125381877.2822797,1815857.3717615902,1086289.4705514482,26.435242364124168,193054153.68092468,990.48048671979,-7.639787496767683,-2.940211441628442,-4.699576055139241,0.872999061320907,1.36940658054799,1.3549779827998794,1.8359653338724304,24.859882354736328,24.859882354736328,-0.26953921836693306,-1.2431731468060545,-0.5983118228798744,1.8359653338724304,26.58254506247384,0.10819339752197284,3.412157288935936,1.0550490315755208,0.014639635622924141,0.021928114185259417,0.08860253629631587,-0.06113236101307906,-0.14624132444658744,,0.014533510657407173,-0.13260295881877815,-0.4911747001857979,-0.32878460548501,-0.2749755391704196
2026-04-23 00:00:00+05:30,26.586058653749053,26.70408671739804,26.064762723902984,26.18279266357422,5713770,0.0,0.0,24.81709661483765,26.28350982666016,27.525176067352298,,25.56719779923915,26.160291725343985,27.41089359028211,,25.486185882205056,25.551613640878713,25.657776961353935,24.860967655933738,26.37505381753113,24.787959427518533,26.82049810582941,24.447478277674524,25.851438100580847,26.40801528312207,24.34788632980329,24.54623244979551,26.30510412457568,25.239174952848398,26.25905921960418,26.384425163269043,25.046761512756348,24.58448053942498,54.74715356620688,0.17401091842381078,0.30730152946611466,-0.13329061104230386,92.2033114832202,92.83947356264731,-0.636162079427109,92.35495719578,94.8798271831616,-12.471089859856853,2.700625279199279,7.079648778929232,0.6885051727294922,-1292.2532155131892,1.0498517534546323,54.78671451429335,3.8239152046387836,3.4422787495527976,-0.21534838941056345,-0.36064577442284085,23.18237563135396,0.9804095867022333,0.34108559320717546,-18320354.062354695,-19208244.343769245,2.872041384379069,0,1,0,2.872041384379069,0,0,0,1,0,0.8119275064657822,0.6393239934950581,22.035019182066012,24.81709661483765,27.599174047609285,22.420651988019323,0.7454453698249511,23.997353715767314,25.56719779923915,27.137041882710985,21.855055871357475,24.28448878892317,26.71392170648886,3.388844783660489,0.48911367496403174,22.969159890496798,24.81709661483765,26.67478171545556,67468495.0,77.96216319606314,0.04030827491434605,-128985931.59740914,706562.2870352864,601939.052535157,26.31721403495842,184387342.35909247,988.9636578446633,-8.891736695708282,-3.3537285124552323,-5.53800818325305,0.8655820570735732,0.9817814792998047,1.3910387163858182,1.9349887104843049,25.376259803771973,25.376259803771973,-0.3897923173965009,-1.298521002119706,-0.6627702855104182,1.9349887104843049,26.824364416939872,0.08655471801757812,3.399017119348219,1.0369950358072917,-0.01516828875126619,0.00263657907626369,0.07079648778929237,-0.07376476150460987,-0.17636136716586015,,-0.015284503930960543,-0.13260295881877815,-0.4911747001857979,-0.32878460548501,-0.2749755391704196
2026-04-24 00:00:00+05:30,26.300819469322533,26.428685387519398,25.81886750109149,26.035253524780277,5531288,0.0,0.0,24.96807546615601,26.242789726257328,27.479538116455085,,25.611774535004972,26.15538826649835,27.38365319294544,,25.602200826009117,25.541878099628523,25.734058442611236,24.902306915821125,26.411708463168605,24.876591033969614,26.804485682367762,24.67914097452852,25.85993918160584,26.393122247822404,24.466514915612745,24.697693114511114,26.283214577896118,25.28939548039574,26.26276931797761,26.109023094177246,25.258230209350586,24.91397845482132,53.44069003768416,0.18224937756161808,0.25243199088313756,-0.07018261332151948,88.55804359511154,91.31681505237557,-2.7587714572640323,83.62587525825072,90.70769821029437,-18.852488295945935,3.036192426423713,13.119653582962833,0.767187118530277,-1335.6599649711711,1.079764015878638,50.075161416319006,3.1088865814456343,3.8239152046387836,-0.18114013562279263,-0.32655031312329347,21.88099609210041,0.6604973433829464,0.05067945695503795,-18127846.89618459,-18750442.30351965,2.9048271179199214,0,1,0,2.9048271179199214,0,0,0,1,0,0.7974911050345056,0.6098178864279087,22.271188955276614,24.96807546615601,27.664961977035404,21.602678304421172,0.6978537202657974,24.07528362397276,25.611774535004972,27.148265446037186,21.855055871357475,24.28448878892317,26.71392170648886,2.15092338815147,0.4290634469549359,23.18208250239037,24.96807546615601,26.710660823287718,61937207.0,72.10546733032876,0.0875266974877284,-130591806.96903092,-322433.5283265263,399364.69246709684,26.09426880446372,181270480.53909034,988.4001612738823,-10.046303059023549,-3.606635900616398,-6.4396671584071505,0.8599576063440951,0.791414881063189,1.3484432554396983,1.8182992131408113,25.489370346069336,25.489370346069336,-0.6202277719417234,-0.9440116569612971,-0.60093048657426,1.8182992131408113,26.870451545715333,0.15097885131835936,3.3877677836726146,1.0461750115288626,-0.00563496570781008,-0.011206638330855223,0.1311965358296283,-0.08692658031270373,-0.19224908984327693,,-0.005650902022328588,-0.13260295881877815,-0.4911747001857979,-0.32878460548501,-0.2749755391704196
2026-04-27 00:00:00+05:30,26.074599129449638,26.48770111093403,25.828705137518977,26.113941192626957,7674310,0.0,0.0,25.094464969635013,26.19380764007569,27.435473899841313,,25.65959993096897,26.153762891052413,27.358510381057947,,25.711330895196827,25.536825215956743,25.81350834848492,24.948260350267418,26.4552329236694,24.96926590858105,26.738250444420483,24.902083014324035,25.86442831851424,26.426484813168837,24.564677161114336,24.82625425719255,26.23130531939767,25.341197990859577,26.227146103914098,26.074597358703617,25.258230209350586,25.204133229835808,54.07021688202938,0.1929041737221837,0.21046942963496257,-0.017565255912778847,82.93557801076685,87.89897769636619,-4.963399685599342,74.79443265683867,83.59175503695646,-19.869687811896675,1.1428562563665858,10.717263941848007,0.29507255554199574,-1399.2854177537183,1.117689614983476,49.43089451286074,2.0284740682176015,3.1088865814456343,-0.1494726693366255,-0.2915158654101672,20.358674064497283,0.6701197598703601,0.011123786455307538,-19242550.369282227,-18538875.739870735,2.488446871439617,0,1,0,2.488446871439617,0,0,0,1,0,0.7875985956331162,0.6589959734150528,22.433578995658234,25.094464969635013,27.75535094361179,21.206955216590774,0.6915670631816485,24.143918445098862,25.65959993096897,27.175281416839077,21.855055871357475,24.28448878892317,26.71392170648886,1.7134084048834188,0.42363845454207977,23.308977622655608,25.094464969635013,26.8473919292244,69611517.0,71.89515088262002,0.07041656787086749,-131622707.90923978,-1042088.1584658623,428580.24443357624,26.143449147026654,183589926.19249135,988.4001612738823,-8.434207787684445,-1.595632503421835,-6.8385752842626095,1.1674757734982812,0.7662682527265942,1.3304429869883896,1.7700785416265883,25.656578063964844,25.656578063964844,-0.8605120005024895,-0.5155376551099298,-0.5388565509412082,1.7700785416265883,26.945062746320453,0.12638950347900407,3.3745400244320116,1.037300991482205,0.003022350743455693,0.0018868032223180453,0.10717263941847999,-0.07652176798746169,-0.1907955652711808,,0.0030177926232966027,-0.13260295881877815,-0.4911747001857979,-0.32878460548501,-0.2749755391704196
2026-04-28 00:00:00+05:30,26.05492685365671,26.07459882302533,25.74018284784785,25.82870483398437,6492194,0.0,0.0,25.17560997009278,26.138333969116214,27.391016273498536,,25.67570515982758,26.141015516265433,27.328217201907975,,25.781258501325336,25.522507458855124,25.829527030356942,24.970540107186476,26.41005667491694,25.02437543681322,26.61346698463737,25.10648654412514,25.863668007174482,26.35175528070419,24.669404329519434,24.891199096410688,26.1782035766928,25.37346440708591,26.136169823765048,25.971323013305664,25.927062034606934,25.750017611131284,51.35933850503962,0.17629971277424517,0.1550919749496192,0.02120773782462596,71.78650581882982,81.09337580823606,-9.306869989406238,49.50041519241038,69.30690770249991,-45.9183064356679,1.3508299745389363,6.704590162978512,0.34425163269042613,-1461.351282300126,1.0646053633522925,47.083886048092516,0.9799953909211447,2.0284740682176015,-0.12172591778377706,-0.25660648761458077,18.07086961919114,0.25542840297298497,-0.07898757220449326,-21298331.746420752,-19059913.389951512,1.9179728825887044,0,1,0,1.9179728825887044,0,0,0,1,0,0.7580385777149725,0.3737583447791053,22.529890750620545,25.17560997009278,27.821329189565013,21.01811413995689,0.6234248251070783,24.233182225987175,25.67570515982758,27.118228093667984,21.855055871357475,24.28448878892317,26.71392170648886,1.2415317284221257,0.4197985930159426,23.439675878506744,25.17560997009278,26.90432217633404,63119323.0,65.97505330269922,0.027936344039666564,-134677853.74215627,-2213848.8941357583,102810.24149145972,25.88116216828585,176498657.34685236,987.3078850964238,-8.409304379848008,-1.2565832764683176,-7.15272110337969,0.9997684370185572,0.4936993004283131,1.3228596097361172,1.749957547071192,25.823786735534668,25.823786735534668,-1.0524065603086459,-0.16548940786155744,-0.5138962449168867,1.749957547071192,26.99255556379046,0.08114500045776349,3.362494413493974,1.0330170186360677,-0.010922761774584955,-0.014264243552220779,0.06704590162978508,-0.07891965101507281,-0.1910042710750549,,-0.01098285311319258,-0.13260295881877815,-0.4911747001857979,-0.32878460548501,-0.2749755391704196
2026-04-29 00:00:00+05:30,26.074598888660702,26.58605883739868,25.96640493288321,26.192626953125,7254497,0.0,0.0,25.324621677398685,26.091515731811526,27.35009950637818,,25.724935806808286,26.143039494181494,27.30573026628851,,25.878117261614122,25.524636595482917,25.908649989317396,25.020409687770083,26.460936521424784,25.11810313252342,26.499143887309277,25.30489114069266,25.86759818137845,26.34409408383932,24.797410261813862,25.161912135329608,26.14704679104714,25.424992597935113,26.079684136362385,26.010665893554688,25.927062034606934,25.759853482015373,54.4941228179651,0.19031223050688695,0.1352835941458088,0.05502863636107816,68.96414384458326,74.5620758913933,-5.597932046810044,42.18878604675842,55.49454463200249,-27.31957421868566,0.6805228781745937,12.838978604646712,0.17704200744628906,-1621.9908314130096,1.065675906856761,45.645063966086845,0.6486935451926062,0.9799953909211447,-0.09586360779828551,-0.22249859148677004,15.417625182604692,0.7135374840502422,0.09388357953477211,-23240063.563517936,-20408279.115184747,1.4950351715087895,0,1,0,1.4950351715087895,0,0,0,1,0,0.7579896795506395,0.75735400341431,22.812117976205958,25.324621677398685,27.837125378591413,19.842378955931625,0.6727371138427096,24.275538104111863,25.724935806808286,27.17433350950471,21.855055871357475,24.28448878892317,26.71392170648886,1.303005765930075,0.3855545602405106,23.655879390066794,25.324621677398685,26.960694691020922,70373820.0,63.58712455154219,0.07296731950600996,-136635435.94756213,-3114813.6337084174,465276.1957840129,26.248363574468964,186720121.947995,987.3078850964238,-7.434407606425834,-0.2253492024369148,-7.209058403988919,1.1062575071180902,0.6909484553708387,1.2562518505963631,1.5781687121267869,25.922144889831543,25.922144889831543,-1.371956674695479,0.8970869469924443,-0.2902548624236832,1.5781687121267869,26.985108430044992,0.14901170730590801,3.3512144525234433,1.0351590050591362,0.014089832280780756,-0.014798384733323622,0.1283897860464671,-0.08550824971651216,-0.19813304430072487,,0.013991493237833007,-0.13260295881877815,-0.4911747001857979,-0.32878460548501,-0.2749755391704196
2026-04-30 00:00:00+05:30,26.192626504840337,26.45819245937325,25.87788250362602,26.350000381469727,6665927,0.0,0.0,25.538057708740237,26.053943138122563,27.312625274658206,,25.784465766299853,26.151155607408484,27.286804922034673,,25.975772376287555,25.53477324841069,26.00454379953856,25.080348333564626,26.537132241152975,25.224000939225867,26.418393682256916,25.499585280719437,25.874871415935417,26.346530149689723,24.989053948194748,25.475198244123252,26.126903335341083,25.48226404925751,26.08789995906229,26.271313667297363,26.035255432128906,25.759853482015373,55.820113358918874,0.2116759041481977,0.12531781422969562,0.08635808991850208,69.23001285375953,69.99355417239087,-0.76354131863134,38.90004679294465,43.52974934403781,-19.072080784367852,0.9039584913724901,19.33185338107187,0.23605918884276988,-1962.7731185800149,1.0128520008017219,50.82020375035279,0.46125589477803497,0.6486935451926062,-0.07132777733478424,-0.1897291935047951,12.925228245161476,0.5174598162932007,-0.0628501394540315,-24100598.965851642,-22069989.992501874,1.12619431813558,0,1,0,1.12619431813558,0,0,0,1,0,0.7452982707075391,0.5803099557472324,23.506400806513206,25.538057708740237,27.569714610967267,15.91081769332606,0.6998227830298185,24.362570710384567,25.784465766299853,27.20636082221514,22.455039372361096,24.58448053942498,26.71392170648886,1.3030329405077705,0.32402124854392983,23.912693126054705,25.538057708740237,27.072430949757866,77039747.0,56.20746128973836,0.1558860804274771,-132455078.89562397,-1870111.6348525137,548670.9942556794,26.228691781489665,190725217.68338293,987.908716118934,-7.253043612743208,-0.035188167003430415,-7.217855445739778,1.005403992520171,0.799291132119273,1.0158284511135163,1.0319074420916856,26.025419235229492,26.025419235229492,-1.342544779705455,0.4326670266624418,0.07420951863801152,1.0319074420916856,26.851201711382185,0.21343603134155273,3.343280247921474,1.0727753236558704,0.006008310225101399,0.00638616820000748,0.19331853381071862,-0.06720050883695716,-0.20220367516733828,,0.005990332304562982,-0.13260295881877815,-0.4911747001857979,-0.32878460548501,-0.2749755391704196
2026-05-01 00:00:00+05:30,26.350000381469727,26.350000381469727,26.350000381469727,26.350000381469727,0,0.0,0.0,25.691003799438477,26.027583351135256,27.281544284820562,,25.83832620583984,26.158953441685398,27.26825433707299,,26.05310024988084,25.54638333638509,26.08617530025866,25.137630646807352,26.593167231358468,25.323193728115697,26.368390730242705,25.688639744341668,25.877189257177736,26.374026197096505,25.15081064198682,25.61850222370052,26.105706122375032,25.536475282755486,26.15131853865903,26.350000381469727,26.035255432128906,25.759853482015373,55.82011335891888,0.22600156407631644,0.11171477932625148,0.11428678475006496,78.17875473752622,72.12430381195634,6.054450925569881,58.32319723864026,46.47067669278111,-19.072080784367852,0.07471381977482267,13.133448522356424,0.019672393798828125,-2358.645115095455,1.0527449126706294,46.373553546359275,0.6231500499132487,0.46125589477803497,-0.04842089790368931,-0.1585569668137881,10.329788631549151,0.35080091861972207,0.35080091861972207,-23988455.585955396,-23328018.73185255,0.8098106384277349,0,1,0,0.8098106384277349,0,0,0,1,0,0.6920626799427149,2.220446049250313e-16,23.928904160150655,25.691003799438477,27.4531034387263,13.717639474455536,0.6869918611122334,24.551849726678395,25.83832620583984,27.12480268500129,22.455039372361096,24.58448053942498,26.71392170648886,1.3244646373759257,0.27905272887438654,24.181555407033155,25.691003799438477,27.12490626121756,77039747.0,53.06861447850914,0.13778163886512662,-132455078.89562397,-1190905.2139703184,470289.42364772526,,190725217.68338293,987.908716118934,-15.243550624568412,-6.420556143062907,-8.822994481505505,0.0,0.7479674444489333,0.8810498196439114,0.7762487846945688,26.050007820129398,26.050007820129398,-1.6266679612716957,1.6216078865722958,0.27350468235549813,0.7762487846945688,26.777293150765555,0.1529460906982422,3.3360695591335205,1.0976707458496093,0.0,0.012089256453365227,0.13133448522356428,-0.08253426088097637,-0.18048324180325392,,0.0,-0.13260295881877815,-0.4911747001857979,-0.32878460548501,-0.2749755391704196
2026-05-04 00:00:00+05:30,26.809999465942383,26.93000030517578,26.5,26.6299991607666,5567709,0.44,0.0,25.847130489349365,26.002889213562007,27.256017303466802,,25.91372363011858,26.177425822825835,27.255615620710486,,26.142528379531136,25.570007485782398,26.206184766083034,25.21390287629362,26.70525502704796,25.44772216164763,26.376798691439934,25.877988297261698,25.912522012799833,26.439122289897675,25.303884479426713,25.77551167709666,26.096122013141112,25.602523246848147,26.269506155103173,26.489999771118164,26.22935199737549,26.335091576511815,58.32584108174979,0.2569859402707273,0.11415932441652987,0.14282661585419743,78.88059682145573,75.42978813758049,3.4508086838752376,75.55540704087039,57.59288369081843,-25.214047966897102,2.168587009479811,13.283158137467563,0.5652370452880824,-3018.303754319693,1.14772789926052,48.97473462097674,0.9744398096604462,0.6231500499132487,-0.026065337353575746,-0.12908654472452646,8.72775457016185,0.8406865997662614,0.4106862945904801,-24032170.937515266,-23908390.60077455,0.5450118382771804,0,1,0,0.5450118382771804,0,0,0,1,0,0.684058197354382,0.5799999237060547,24.369216723161408,25.847130489349365,27.32504425553732,11.435805354075567,0.7648560049063357,24.639292544457067,25.91372363011858,27.18815471578009,23.114035203153776,25.02201775416478,26.93000030517578,1.278426885285535,0.27928556260266135,24.4514818207436,25.847130489349365,27.219554752989424,82607456.0,60.642533408793476,0.07621834500386397,-134656290.29699194,-1505169.3773201108,625812.6093380824,26.68666648864746,196641542.92403278,987.908716118934,-14.648647744076785,-4.660522610057022,-9.988125134019763,0.9633560886196887,1.0594240196253433,0.738956883093978,0.5460572750719671,26.089351654052738,26.089351654052738,-1.8435577607673392,3.1249653059775655,0.42042690517691633,0.5460572750719671,26.733324159894668,0.15612668991088868,3.334275788339724,1.1202086681789818,0.010626139477925012,0.019761780281765784,0.13283158137467566,-0.04295957673524464,-0.15259236788705044,,0.010570078846854656,-0.13260295881877815,-0.4911747001857979,-0.32878460548501,-0.2749755391704196
2026-05-05 00:00:00+05:30,26.6299991607666,26.75,26.399999618530277,26.479999542236328,4293575,0.0,0.0,25.973626708984376,25.963588867187497,27.231055831909185,,25.96765466936789,26.18929145888115,27.240256886483273,,26.202801622663227,25.588717694750017,26.281057113608913,25.274954042932755,26.751543771494077,25.54686063079459,26.400877387472043,26.0595289715013,25.923455309301595,26.432914588146353,25.47814807934982,25.930698982942456,26.040328772574252,25.65729624840682,26.375676825091645,26.554999351501465,26.22935199737549,26.335091576511815,56.47782418447642,0.26636705244603576,0.09883234927347068,0.16753470317256508,72.63095981712783,76.56343712536992,-3.9324773082420847,78.68314153282981,70.85391527078015,-37.820991797351546,1.059199628000084,10.563325488142342,0.2775363922119176,-3974.391977360338,1.2620480916230825,47.96506019507559,1.1872181926296457,0.9744398096604462,-0.0054534945931661305,-0.10164646968191773,6.969461887337504,0.6048740321866504,0.25487365071692736,-24837390.584332988,-24163207.09952099,0.4666814804077136,0,1,0,0.4666814804077136,1,0,0,0,0,0.6601969247911921,0.35000038146972323,24.772156852121192,25.973626708984376,27.17509656584756,9.251460108553815,0.7107305607208481,24.74793123348943,25.96765466936789,27.187378105246346,23.694344753182754,25.312172529179268,26.93000030517578,1.287259846829463,0.2782751519962226,24.671653809439093,25.973626708984376,27.296086353699252,78313881.0,54.28996017186334,0.002725902435319508,-136987092.1652379,-2238517.1861032695,444405.86341391085,26.543333053588867,194223087.67646387,987.3454430312229,-15.767294921783813,-4.623335830211241,-11.143959091572572,0.7708401342830866,0.8429222428833918,0.6007349284315924,0.3608824542377104,26.113941192626957,26.113941192626957,-2.234195251916635,6.580216178561496,0.49815231516622105,0.3608824542377104,26.661151450020927,0.12649621963500976,3.3318878803471446,1.150074140760634,-0.005632730877110359,0.025215925941242334,0.10563325488142339,-0.054034741627736804,-0.17213496294354536,,-0.005648654529595771,-0.13260295881877815,-0.4911747001857979,-0.32878460548501,-0.2749755391704196
2026-05-06 00:00:00+05:30,26.950000762939453,27.100000381469727,26.63999938964844,26.96999931335449,7476960,0.0,0.0,26.12560653686523,25.922482337951653,27.21945310592652,,26.063116064033277,26.219907453174226,27.234905251371814,,26.297694251650857,25.62818477107029,26.433040489710507,25.370841773544605,26.90985783004889,25.694797418345583,26.4835355305362,26.244920154362756,25.95113950495279,26.559037576240488,25.728366541809446,26.063548654286485,25.984935241409612,25.73409572795781,26.510279962837554,26.72499942779541,26.39935207366943,26.420091614658787,60.84248461031537,0.3097697055222035,0.11378800187971072,0.1959817036424928,75.80159183745523,75.77104949201293,0.03054234544229928,90.80332338805559,81.68062398725192,-9.560184723385646,1.444146609692634,12.701819474761836,0.38394165039062145,-5541.133897136988,1.3360002921614758,53.50426582449564,1.5329639098902135,1.1872181926296457,0.01549815249421993,-0.07599685391471958,6.1067934129432775,0.837035364293353,0.3770343724720675,-26030017.4488612,-24626266.013085518,0.5241146087646467,1,0,0,0.5241146087646467,1,1,0,0,0,0.6573257758227783,0.6200008392333984,25.303183478556594,26.12560653686523,26.948029595173868,6.2959155198799674,1.0133567012492348,24.84146136695593,26.063116064033277,27.284770761110625,24.786113515773707,25.943056948621717,27.100000381469727,1.287259846829463,0.28123328417212407,24.811381581406184,26.12560653686523,27.454915868709577,85790841.0,55.23832698646073,0.018954401051830203,-133736265.6020655,-1300667.6390412152,904306.2670204438,26.90333302815755,208058845.80333215,987.3454430312229,-12.185880790527305,-0.8335373591637865,-11.352343431363519,1.3193805636574971,2.053426804996939,0.41121152915431847,0.1690949217094329,26.148366928100586,26.148366928100586,-0.25104680013612707,0.3166108415130022,0.7014566011925801,0.1690949217094329,26.641869681222097,0.1519798278808592,3.3318816360661097,1.1566240098741318,0.01850452339837072,0.02967905287318806,0.12701819474761833,-0.045916756581179,-0.15028346725738806,,0.018335397910374918,-0.13260295881877815,-0.4911747001857979,-0.32878460548501,-0.2749755391704196
2026-05-07 00:00:00+05:30,27.149999618530277,27.489999771118164,27.06999969482422,27.290000915527344,6522653,0.0,0.0,26.215392208099363,25.902332763671865,27.206034145355225,,26.179962240366045,26.26187190267827,27.235996254622417,,26.408588954380583,25.681812950583065,26.62037373742271,25.486421701185066,27.115553919453117,25.868401799693544,26.640506272336616,26.437179373412572,26.122601802304168,26.74815288386277,25.946427589720834,26.19395132263171,25.972404582000422,25.821972994745103,26.688609031372856,27.130000114440918,26.55935287475586,26.615091309483006,63.42234763897342,0.3657716873874364,0.13583198699595483,0.22993970039148154,80.39637390803985,76.2763085208743,4.120065387165553,91.00755263673356,86.83133918587299,-11.42970175514324,4.22876301309709,7.043591335225498,1.107208251953125,-5557.638166128613,1.479112775716473,55.99134156334669,1.9306704764482852,1.5329639098902135,0.03747180099162861,-0.05170663873533944,5.717775929918614,1.0803153398916514,0.6603152635977061,-26554098.46363746,-25386847.577923518,0.6430778503417957,0,1,0,0.6430778503417957,1,0,0,0,0,0.6475168245328423,0.5200004577636754,25.296717566822842,26.215392208099363,27.134066849375884,7.008666008000386,1.0848690380387476,24.975607903436316,26.179962240366045,27.384316577295774,24.80578525754189,26.147892514330024,27.489999771118164,1.287259846829463,0.18491941718850965,24.966116401190202,26.215392208099363,27.505641203301664,92313494.0,56.09746327979707,-0.057361664150521574,-133425626.40419175,-699919.6578249931,1073299.5732200348,27.28333346048991,215798035.50877663,988.5319525244374,-10.517006385229068,0.66826963690756,-11.185276022136629,1.1347866484996036,2.3394761521549867,0.45933732063826116,0.21099077413113676,26.18770980834961,26.18770980834961,0.26401409629428135,1.0907900608675336,0.7531882782603623,0.21099077413113676,26.79498244694301,0.08978567123413086,3.3366945661366443,1.1652728610568572,0.011865094932145714,0.03567364403981799,0.07043591335225496,-0.02919178588754956,-0.11750325528081462,,0.01179525657630079,-0.13260295881877815,-0.4911747001857979,-0.32878460548501,-0.2749755391704196
2026-05-08 00:00:00+05:30,27.34000015258789,27.34000015258789,26.670000076293945,26.780000686645508,6254419,0.0,0.0,26.290988922119137,25.86883571624755,27.18997413635254,,26.23710875905933,26.282190678520124,27.226966639414954,,26.462361190432595,25.716231300503598,26.687280297118804,25.55667224995314,27.144130975101238,25.971646400939424,26.778059064196295,26.61153697870128,26.15881144968267,26.814620245462894,26.10745144936873,26.278439443819533,25.9533728968608,25.881124442965675,26.824766673835022,27.035000801086426,26.55935287475586,26.615091309483006,56.97916417793869,0.3647957667455515,0.1078848530832559,0.25691091366229557,79.47816414538963,78.55870996362823,0.9194541817613953,82.19575400715522,88.00221001064813,-40.57562108530226,2.8605335498514837,5.983577279271097,0.7447471618652308,-5720.889200665034,1.5413798903815987,51.60948055721749,1.935503858880429,1.9306704764482852,0.057120457909576317,-0.028751846819094793,5.380757001873561,0.8774133991586623,0.20741332286471703,-26680134.809651304,-26114292.869830266,0.5311438242594388,1,0,0,0.5311438242594388,1,1,0,0,0,0.6491227710872068,0.6700000762939455,25.455476598448463,26.290988922119137,27.12650124578981,6.3558835777968055,0.7926418621678644,25.0198357730193,26.23710875905933,27.454381745099358,24.80578525754189,26.147892514330024,27.489999771118164,1.354193181922295,0.19670918026169681,25.02366511400085,26.290988922119137,27.607742942771612,86059075.0,57.773380558302364,-0.05673549589724199,-137626344.42194718,-1727122.1568110287,464291.75968532945,26.93000030517578,204109669.75387478,986.6631353321608,-9.43723676130377,1.398431408666287,-10.835668169970058,1.0746010067927965,1.170567448671455,0.41775616183533776,0.17452021075139293,26.197545051574707,26.197545051574707,0.5671198384118885,0.780619672318563,0.7733554157646133,0.17452021075139293,26.8051057270595,0.07559671401977539,3.339030110580347,1.0847545369466152,-0.018688171922766728,0.016318796924123413,0.05983577279271102,-0.04599928628814387,-0.12537161994432577,,-0.01886500236507371,-0.13260295881877815,-0.4911747001857979,-0.32878460548501,-0.2749755391704196
2026-05-11 00:00:00+05:30,26.700000762939453,26.700000762939453,26.21999931335449,26.36000061035156,4286518,0.0,0.0,26.31804552078247,25.828315696716306,27.1667634010315,,26.248812744896682,26.285242048395865,27.209798995275086,,26.468933732169017,25.735492668899834,26.66670012366048,25.591107031221927,27.05083173580564,26.019960375468727,26.842616981324696,26.75286520885409,26.161439598025503,26.821922735106305,26.211862218851017,26.30520696629933,25.908651933545215,25.912911190163012,26.8461232773733,26.570000648498535,26.55935287475586,26.615091309483006,52.26969626985589,0.32636966025059166,0.05556699727063685,0.2708026629799548,61.1388468949571,73.67112831612886,-12.53228142117176,51.37798362252649,74.86043008880509,-64.5781364746832,0.9422530896794507,2.0958779444322455,0.24605941772460227,-6049.905500444534,1.4486693734855045,46.13942971429967,1.327480039921653,1.935503858880429,0.07250726263727802,-0.00717038232786645,4.6089327998503276,0.2520691728070332,-0.22793227677793126,-26936287.65443267,-26572461.941645227,0.504942576090493,1,0,0,0.504942576090493,1,1,0,0,0,0.6427569569589077,0.5600013732910192,25.512393400059096,26.31804552078247,27.123697641505842,6.122431242754533,0.5260379688018566,25.040803591185984,26.248812744896682,27.45682189860738,24.80578525754189,26.147892514330024,27.489999771118164,1.626813612033507,0.1944106358404239,25.06111304826184,26.31804552078247,27.64470324206978,81772557.0,51.35382051289893,-0.09473797605371226,-139412377.97499323,-2558613.6590189636,140773.23872522745,26.426666895548504,197386974.30624858,985.0948005094384,-11.10208107135286,-0.21313032110624164,-10.888950750246618,0.7820050814336336,0.10415187520742664,0.40282606036168633,0.16226883490651695,26.266395568847656,26.266395568847656,0.5027414123167049,1.117265972030246,0.7141838704460012,0.16226883490651695,26.770710154942105,0.0270565986633299,3.3378644615133783,1.0187714046902132,-0.015683348227223615,-0.010138886929175195,0.02095877944432245,-0.07712920147907942,-0.1298646408173647,,-0.015807633114495716,-0.13260295881877815,-0.4911747001857979,-0.32878460548501,-0.2749755391704196
2026-05-12 00:00:00+05:30,26.26000022888184,26.34000015258789,25.40999984741211,25.479999542236328,5178936,0.0,0.0,26.317822837829592,25.762720489501948,27.135736236572267,,26.17559243988141,26.253663910899412,27.17554554075947,,26.389119829450337,25.721833211861405,26.487434078034838,25.556410095627857,26.73903558085203,25.96544916937903,26.7452886854725,26.836486741743887,26.151077931224638,26.626251249034055,26.243930223160206,26.31963753244293,25.71892817903704,25.879833254479763,26.642324093423305,25.920000076293945,26.385000228881836,26.449999809265137,44.05375680307607,0.22234490858579647,-0.03876620351532667,0.26111111210112314,32.73720416897588,57.78473840310753,-25.047534234131653,18.044650289193164,50.53946263962496,-96.6346299330869,-1.3500688245476054,-0.017475984367563584,-0.3487052917480433,-6433.207533731012,1.2720147260635528,39.382549777667236,0.5645489165849014,1.327480039921653,0.08027846157263596,0.012400958713347046,2.494732979013599,0.03034456929776752,-0.8996557358780137,-27759718.808484595,-26924443.70004833,0.3263905843098941,1,0,0,0.3263905843098941,1,1,0,0,0,0.6647029431003749,0.9500007629394496,25.511198712423102,26.317822837829592,27.124446963236082,6.129869711312423,-0.019339348529311275,24.901679250726122,26.17559243988141,27.449505629036697,25.40999984741211,26.449999809265137,27.489999771118164,2.405959651543062,0.2260911895857836,25.081262072563167,26.317822837829592,27.690801351698486,76593621.0,44.058024977952336,-0.17313607382101087,-143811692.85552353,-4065950.0392710567,-530404.2541927223,25.74333318074544,180097637.7881352,985.0948005094384,-11.14328599524985,-0.2034681960025857,-10.939817799247264,0.9680038168867782,-2.0773573941172465,0.40331206270324466,0.16266061992194597,26.266395568847656,26.266395568847656,0.49444620255965255,1.1246087105201907,0.40570930056819776,0.16266061992194597,26.531713812691827,-0.00022268295288085938,3.332906504507985,0.9621405283610023,-0.03338395477007894,-0.037764351106010174,-0.00017475984367565367,-0.10916531857497747,-0.15672287879525293,,-0.03395392005041069,-0.13260295881877815,-0.4911747001857979,-0.32878460548501,-0.2749755391704196
2026-05-13 00:00:00+05:30,25.399999618530277,25.65999984741211,25.100000381469727,25.32999992370605,5369484,0.0,0.0,26.28354358673096,25.688223800659177,27.102618923187258,,26.09505981929328,26.217441793754578,27.139000082996034,,26.295041456676667,25.704863777908624,26.30433940661426,25.51272962339373,26.439184625076646,25.898562078578678,26.520770368287057,26.86424983370846,26.111615560291412,26.405655841120563,26.201647169568332,26.29145606521851,25.556141736979477,25.837036762759887,26.282661307418174,25.40499973297119,26.3100004196167,26.295000076293945,42.818297930509665,0.12634440812708192,-0.10781336317923298,0.2341577713063149,16.136882619627315,36.67097789452009,-20.534095274892778,2.515562948704612,23.979398953474757,-90.37658573334795,-3.293396385794859,-2.6352858234945744,-0.8626270294189489,-5853.460378007802,0.9571261008723049,38.96964628219325,-0.13690736243778118,0.5645489165849014,0.08158768216115497,0.029391565324006958,0.8997806187027598,-0.5097049273660055,-1.0697043933083883,-28955853.594911337,-27504666.888399526,0.17078844706217156,0,1,0,0.17078844706217156,1,0,0,0,0,0.6572241233033755,0.559999465942383,25.371461318556126,26.28354358673096,27.195625854905796,6.940329527220162,-0.02272897758063132,24.835805130830423,26.09505981929328,27.354314507756136,25.100000381469727,26.295000076293945,27.489999771118164,3.051031249379833,0.21322151296435296,25.023615789199486,26.28354358673096,27.682173951971663,71224137.0,44.35972065840159,-0.1724794478506159,-144770533.85618776,-4618041.600560874,-569692.2966943942,25.363333384195965,176936646.55511206,985.0948005094384,-10.805459775895802,0.10748641868116948,-10.912946194576971,1.0402714606103851,-2.0909159103225217,0.45604113408741836,0.20797351597973868,26.266395568847656,26.266395568847656,0.01574808557418215,0.8493332919833126,0.1721873065022162,0.20797351597973868,26.31803719656808,-0.03427925109863299,3.324957974919566,0.8680246565077036,-0.005886955307108033,-0.06080828444205311,-0.02635285823494571,-0.11227275085108135,-0.1766954142862981,,-0.005904351736770987,-0.13260295881877815,-0.4911747001857979,-0.32878460548501,-0.2749755391704196
2026-05-14 00:00:00+05:30,25.32999992370605,25.75,25.18000030517578,25.450000762939453,5164907,0.0,0.0,26.250346565246584,25.61042240142822,27.074734287261965,,26.033625623450057,26.187346067055945,27.105554551905804,,26.21565642583938,25.695521697998046,26.167390501453742,25.48135416595958,26.221070485918347,25.85082639141099,26.250323244152646,26.847272314919508,26.077297691836648,26.228926822386146,26.1793055205511,26.26318449573028,25.43698598605981,25.80767088811308,25.91027836832063,25.390000343322754,26.3100004196167,26.295000076293945,44.167300513144276,0.05926323502133002,-0.1399156290279879,0.19917886404931792,9.21105183297185,19.361712873858345,-10.150661040886495,2.182423037739787,7.580878758545854,-85.3556288346496,-3.4155582751459304,-2.5424750128293976,-0.8999996185302734,-5282.858312954903,0.5385766062215431,40.329094294780866,-0.7100052795609302,-0.13690736243778118,0.0786881362748959,0.04351479134384976,-0.4814789734068291,-0.3168899159440244,-0.8868896107682431,-29926351.28683727,-28382297.291343633,-0.0432017644246431,0,1,0,-0.0432017644246431,1,0,0,0,0,0.6509938069834358,0.569999694824219,25.26674580906498,26.250346565246584,27.23394732142819,7.494002060024733,0.09315515097094912,24.785728582493334,26.033625623450057,27.28152266440678,25.100000381469727,26.295000076293945,27.489999771118164,3.499905443873215,0.21355086207852877,24.985856318705665,26.250346565246584,27.646754904824306,76389044.0,51.02506365128742,-0.16074290863629365,-145042360.1511644,-4510565.460348278,-399765.80080055614,25.46000035603841,179383520.52443418,985.5685503696628,-10.716737825870789,0.15696669496494664,-10.873704520835735,1.030607683770586,-1.6273793961162044,0.4918003780908024,0.24186761189025618,26.266395568847656,26.266395568847656,-0.04440384601075921,0.24826735411705372,0.040111013073577,0.24186761189025618,26.14627614702497,-0.03319702148437518,3.3175684296028316,0.718303722805447,0.00473749860224415,-0.06742396815168206,-0.025424750128293927,-0.09843301982738839,-0.1798740609102455,,0.004726311972921588,-0.13260295881877815,-0.4911747001857979,-0.32878460548501,-0.2749755391704196
2026-05-15 00:00:00+05:30,25.549999237060547,25.56999969482422,25.1200008392334,25.190000534057617,2944406,0.0,0.0,26.19333019256592,25.531552009582516,27.046413516998292,,25.953280376841253,26.1482344775266,27.067622789176134,,26.11467108953567,25.679034565944296,26.001612424293764,25.43235073163131,25.97288365878687,25.777829920885658,25.952106118800828,26.786574061795882,26.01748873376242,25.99283873523972,26.1158477523346,26.232505494335403,25.345782997928854,25.759062495305344,25.60510135235988,25.320000648498535,26.24000072479248,26.295000076293945,41.86289406536369,-0.014709363134969067,-0.1711105817474296,0.15640121861246054,9.344494384891828,11.56414294583033,-2.219648560938502,2.182423037739787,2.293469674728062,-96.23430227732696,-4.402276397035133,-4.330851686113581,-1.1599998474121094,-4569.1035131490025,0.15296542589208073,34.6420714986557,-1.2405548224410867,-0.7100052795609302,0.07160387224729448,0.05436692574394645,-2.188588011503968,-0.37162030942174695,-0.8216191650125673,-30206640.981683575,-29288461.592277564,-0.3915624618530291,0,1,0,-0.3915624618530291,1,0,0,0,0,0.6366370247411061,0.44999885559082053,25.102854297538833,26.19333019256592,27.283806087593007,8.326363139090889,0.039957892199267354,24.73851660538692,25.953280376841253,27.168044148295586,25.100000381469727,26.295000076293945,27.489999771118164,4.031591668428629,0.21269515158884397,24.93160536010085,26.19333019256592,27.60910515741978,73444638.0,43.972771736526795,-0.19655193011187735,-147070730.39294901,-4701937.074433833,-452020.14838919824,25.29333368937175,176375480.4027386,984.5469384989848,-13.800849616977365,-2.3417160769133023,-11.459133540064062,0.5549246189664533,-1.840168431202931,0.5452379475135433,0.29728441940878136,26.197545051574707,26.197545051574707,-0.11298007402928464,-0.14752507555474614,-0.04020998255585591,0.29728441940878136,25.957352883475167,-0.05701637268066406,3.309103245786116,0.6386470794677738,-0.010216118706780186,-0.05937267034428351,-0.04330851686113579,-0.089561591604023,-0.19589858085405698,,-0.010268661408811525,-0.13260295881877815,-0.4911747001857979,-0.32878460548501,-0.2749755391704196
2026-05-18 00:00:00+05:30,25.100000381469727,25.149999618530277,24.459999084472656,24.68000030517578,4531905,0.0,0.0,26.124092102050785,25.4627433013916,27.012599296569825,,25.832015608111206,26.09065666684618,27.020343136027613,,25.97054443359375,25.645640381457756,25.766028860288674,25.347526936018536,25.636604876724064,25.65328040683771,25.611073254011405,26.67866685976219,25.831701558872666,25.696378005037385,26.027992836911974,26.182096998294742,25.26428508981819,25.667596848939862,25.347739623133425,24.9350004196167,25.985000610351562,25.97499942779541,37.70702532499984,-0.11318125330343776,-0.21566597753271863,0.10248472422928087,8.556944534153143,9.03749691733894,-0.4805523831857972,2.182423037739787,2.1824230377397864,-92.73923528556402,-7.322564465055302,-5.312773637325464,-1.9499988555908203,-3759.958498773881,-0.20115454917796427,32.42607191655404,-1.7333824669711964,-1.2405548224410867,0.059360648233197644,0.061568497169097985,-4.214718456203866,-0.6113890001342348,-1.3013895341918555,-29549295.79160179,-29795188.987259135,-0.7022196451822934,0,1,0,-0.7022196451822934,0,0,0,1,0,0.6433059122299529,0.7300014495849609,24.840498191613907,26.124092102050785,27.407686012487662,9.8268977572324,-0.06251894977575098,24.593895729255387,25.832015608111206,27.070135486967025,24.459999084472656,25.97499942779541,27.489999771118164,4.712493097936659,0.22079104258406554,24.870807694831207,26.124092102050785,27.53638713899843,68912733.0,45.28047755052898,-0.2031115991741661,-148712711.1598546,-4875225.062899351,-717627.6396579895,24.763333002726238,167200122.96618026,984.5469384989848,-13.844672543282423,-1.908431202574688,-11.936241340707735,0.8711221062574809,-2.2500757991030045,0.6417969552184386,0.4119033317276585,26.197545051574707,26.197545051574707,-0.474405302501094,0.11161871497796669,-0.14399310289586037,0.4119033317276585,25.663449096679688,-0.0692380905151369,3.296640641758159,0.5917456817626957,-0.020246138073411357,-0.0637329387813459,-0.05312773637325463,-0.11429173987145436,-0.19188032405157907,,-0.020453900163200197,-0.13260295881877815,-0.4911747001857979,-0.32878460548501,-0.2749755391704196
2026-05-19 00:00:00+05:30,24.649999618530277,25.0,24.63999938964844,24.770000457763672,4477008,0.0,0.0,26.052468967437743,25.422094421386717,26.97850479125977,,25.730871308078108,26.038866227274315,26.975781894873872,,25.841583324614028,25.618473995433135,25.579657502875392,25.275119396890474,25.385449418211053,25.549073949672547,25.273376836074892,26.541595590768566,25.709620442369125,25.39862787143124,25.9298133519291,26.122304124635605,25.205718216100674,25.593672102905785,25.1386326368345,24.725000381469727,25.985000610351562,25.97499942779541,38.860510298420756,-0.18186228039931862,-0.22747760370287962,0.04561532330356098,7.085842848011694,8.329093922352222,-1.2432510743405274,1.4951980241420992,1.9533480332072242,-89.76893389307394,-6.457700581698125,-5.466900894236748,-1.7099990844726562,-3222.493988569978,-0.4510478425570348,32.77409375828862,-2.181373048609445,-1.7333824669711964,0.04415081095152651,0.06475212588657649,-6.238850375938483,-0.6197617385358214,-0.9797623488873803,-28867724.663251314,-29717658.249443218,-0.9950876235961925,0,1,0,-0.9950876235961925,0,0,0,1,0,0.623069819238639,0.36000061035155917,24.634465330403046,26.052468967437743,27.47047260447244,10.885752431426143,0.047790825009467006,24.54209606333207,25.730871308078108,26.919646552824144,24.459999084472656,25.97499942779541,27.489999771118164,5.304889508845539,0.2200828777825615,24.81302320994563,26.052468967437743,27.443196814677965,73389741.0,42.86345632429121,-0.18921244656227515,-149956303.40874198,-4898601.76801765,-557547.7764015328,24.803333282470703,168832746.1353652,984.9116068599046,-13.84191769083109,-1.5245410800986843,-12.317376610732406,0.8575461513006751,-1.80883669996213,0.7090018185173496,0.5026835786609087,26.18770980834961,26.18770980834961,-0.421411661790389,-0.42136682417390187,-0.18226884089024667,0.5026835786609087,25.419812038966587,-0.07162313461303693,3.287343293761728,0.5589486694335938,0.003646683609198176,-0.027864956720102918,-0.05466900894236748,-0.1291971954582265,-0.1796867291766443,,0.003640050579341945,-0.13260295881877815,-0.4911747001857979,-0.32878460548501,-0.2749755391704196
2026-05-20 00:00:00+05:30,24.700000762939453,24.76000022888184,24.38999938964844,24.530000686645508,3574997,0.0,0.0,25.949666118621828,25.37251453399658,26.938567771911625,,25.616502677465476,25.979695029602595,26.927350583819845,,25.696586345490957,25.583489927404067,25.37621380696588,25.1890482967649,25.119910004620014,25.426414529433185,24.93455157507033,26.379787961774486,25.43294433326354,25.053044308224806,25.812803423644194,26.039332623829832,25.16274312411168,25.503635392727134,24.935381105483046,24.65000057220459,25.910000801086426,25.9399995803833,36.89836030368776,-0.2527449781801714,-0.2386882411869859,-0.014056736993185492,7.3360003788329875,7.659595920332608,-0.32359554149962033,1.4951980241420992,1.7242730286746617,-95.48382968486308,-9.047084496960997,-7.733591051307251,-2.439998626708981,-2797.9263772044173,-0.6749783155195992,32.55080906477519,-2.617368225218542,-2.181373048609445,0.02615517800321765,0.0634947233323086,-8.313098683030411,-0.7040813593839381,-1.0740821986173366,-28626815.262165703,-29277916.192259245,-1.25254503885905,0,1,0,-1.25254503885905,0,0,0,1,0,0.605707765586967,0.3800010681152308,24.40232121098919,25.949666118621828,27.497011026254466,11.925740397270411,0.041257600366443756,24.46856296686378,25.616502677465476,26.764442388067174,24.38999938964844,25.9399995803833,27.489999771118164,5.949083854450417,0.2114047750718119,24.765380366506573,25.949666118621828,27.31101068515498,69814744.0,45.045236722763384,-0.24238046050999631,-150825878.34646985,-4739520.466841519,-600469.3028796172,24.56000010172526,165368884.827768,983.9426937929574,-15.164149417871949,-2.277418245711633,-12.886731172160315,0.7400848268343929,-1.8349695985342256,0.7736724538163189,0.5985690657941641,26.148366928100586,26.148366928100586,-0.3434746087691427,-0.6447000465863355,-0.13116276310715128,0.5985690657941641,25.190426799229215,-0.10280284881591797,3.274817413912529,0.534964752197266,-0.009689130669472412,-0.03158307301500751,-0.07733591051307254,-0.1548759563742843,-0.18737013959635984,,-0.009736375719367309,-0.13260295881877815,-0.4911747001857979,-0.32878460548501,-0.2749755391704196
2026-05-21 00:00:00+05:30,24.75,24.950000762939453,24.71999931335449,24.81999969482422,3972708,0.0,0.0,25.881526470184326,25.333652534484862,26.903104457855225,,25.540645250547264,25.934216781179913,26.885620863245673,,25.58899906703404,25.561822678809072,25.254608124312103,25.13088101487092,24.981322928905097,25.34674734351116,24.663399516596936,26.212308265515066,25.283886357609216,24.8441828220132,25.714641383578837,25.98446960047568,25.12932714727315,25.44919791766625,24.803180767669815,24.675000190734863,25.910000801086426,25.9399995803833,40.78879367507386,-0.2822657466930174,-0.21456720775986554,-0.06769853893315188,9.53940410049631,7.987082442446996,1.5523216580493129,6.38439928714444,3.1249317784762125,-86.12902412057404,-9.050938577644953,-5.204918307457447,-2.470001220703125,-2576.9524915925713,-0.851884262660537,39.044630682352064,-2.5597001788976375,-2.617368225218542,0.008001489661779715,0.05803706019366454,-9.925412739110941,-0.42206912626324566,-0.6520705758482102,-29209240.723116066,-28957936.060925312,-1.3985548019409173,0,1,0,-1.3985548019409173,0,0,0,1,0,0.5924429306374654,0.4200000762939453,24.259198691025162,25.881526470184326,27.50385424934349,12.536569518247662,0.17283837797862098,24.422033116899264,25.540645250547264,26.659257384195264,24.38999938964844,25.9399995803833,27.489999771118164,6.4176848673673605,0.21407273341688,24.73840637801507,25.881526470184326,27.181706060685958,73787452.0,48.042555836811985,-0.2165763973163348,-151344066.24509904,-4408454.223484039,-350104.91964201047,24.829999923706055,170065506.70927835,983.9426937929574,-15.479882297567736,-2.0745209003259344,-13.405361397241801,0.8682511188652119,-1.3086464880855166,0.8111638895795817,0.657986855757876,26.074597358703617,26.074597358703617,-0.17665693424301118,-1.0041293678096583,-0.10574001809438612,0.657986855757876,25.00394426073347,-0.0681396484375,3.264856005899186,0.5619362640380863,0.011822217695109494,-0.024754461659295846,-0.05204918307457451,-0.12289009410806628,-0.17642127434559185,,0.011752881218432907,-0.13260295881877815,-0.4911747001857979,-0.32878460548501,-0.2749755391704196
2026-05-22 00:00:00+05:30,24.81999969482422,24.86000061035156,24.670000076293945,24.739999771118164,2485324,0.0,0.0,25.816763782501223,25.313648872375484,26.867332935333256,,25.464393300125444,25.887384741569647,26.843133316866908,,25.480282238551553,25.53854217828489,25.13660794505484,25.070556849608007,24.85157770407358,25.26499480934119,24.471057813404954,26.041697089152713,25.16446114218245,24.679974832477157,25.62446867938978,25.950794943536206,25.111209685404393,25.39247779151832,24.737318847157603,24.77999973297119,25.910000801086426,25.9399995803833,40.05513628804162,-0.3085596105620496,-0.1926888573031182,-0.11587075325893142,9.892493230451267,8.922632569926854,0.9698606605244127,8.856397628125908,5.578664979804149,-88.70966650320906,-7.617628316733537,-4.974999580585202,-2.0400009155273438,-2381.0687844103313,-1.0191902760634122,38.25832552997279,-2.384264178378321,-2.5597001788976375,-0.010080178440630139,0.04886067785167474,-11.656997405198684,-0.42177354769620834,-0.611774081753822,-30255057.289134342,-29132482.32049153,-1.707104047139485,0,1,0,-1.707104047139485,0,0,0,1,0,0.5636970451674761,0.19000053405761386,24.118633706121727,25.816763782501223,27.51489385888072,13.155251298619385,0.18295596834408073,24.416125077480565,25.464393300125444,26.512661522770323,24.38999938964844,25.9399995803833,27.489999771118164,6.886453831614569,0.21379825756929322,24.722305866254576,25.816763782501223,27.060651210832887,71302128.0,41.84104515948724,-0.21366043507450672,-151998112.00788578,-4080354.937225938,-328493.6068909842,24.75666681925456,169264436.0693529,983.6203733872777,-18.19207514710784,-3.8293709998928307,-14.362704147215009,0.5919384022266558,-1.2681761266236768,0.849065038189748,0.7209114390761583,25.971323013305664,25.971323013305664,-0.04173189386978339,-1.255108220224336,-0.07215417561287042,0.7209114390761583,24.807319150652205,-0.06476268768310564,3.2598967994428554,0.5830589294433595,-0.00322320405679688,-0.017864261746681542,-0.04974999580585204,-0.1305525380570134,-0.19147813767670496,,-0.003228409768048925,-0.13260295881877815,-0.4911747001857979,-0.32878460548501,-0.2749755391704196
2026-05-25 00:00:00+05:30,24.90999984741211,25.6200008392334,24.90999984741211,25.540000915527344,5082494,0.0,0.0,25.788066768646242,25.296465339660642,26.841135158538822,,25.471594025401814,25.873761846430735,26.817328714860185,,25.453923870268323,25.547418728996725,25.181541265111793,25.075877756863537,24.95779577569213,25.280891606750863,24.44081518049364,25.89540997230038,25.180848030978932,24.767596494985842,25.595177306905093,25.916573542843956,25.082796151584837,25.402773796785898,24.824606993317417,25.140000343322754,25.910000801086426,25.9399995803833,49.782464082339125,-0.2618261122095653,-0.1167642871605071,-0.1450618250490582,20.752709408908537,13.39486891328537,7.357840495623167,25.048160975249377,13.42965263017324,-62.903181149491274,-3.1107726700969867,-2.197830932014429,-0.8199996948242152,-2340.5381234327865,-0.9768572592715898,47.269931442768446,-1.5640948457597328,-2.384264178378321,-0.023931742408322965,0.03728176629823486,-11.496252443673004,0.301337144402833,-0.40866384741845607,-29559659.72514328,-29519178.5019683,-1.8316663106282545,0,1,0,-1.8316663106282545,0,0,0,1,0,0.5862901896637445,0.8800010681152344,24.09168484530036,25.788066768646242,27.484448691992124,13.15633264458881,0.4268838432828786,24.35554162051069,25.471594025401814,26.58764643029294,24.38999938964844,25.9399995803833,27.489999771118164,7.094916073666179,0.24580731253605062,24.67143763319849,25.788066768646242,27.022534232378362,76384622.0,48.90365042469233,-0.16843060752016253,-148060966.0761849,-2322462.8930131793,299291.33930098335,25.356667200724285,185699363.53123388,983.6203733872777,-15.694570337307571,-1.0654929520740488,-14.629077385233522,1.1879935306692841,-0.2924646268684854,0.8481909616729414,0.7194279074636691,25.68435287475586,25.68435287475586,0.06641475812415108,-1.2442738549902495,-0.026420046656073372,0.7194279074636691,24.785638073512484,-0.028697013854980646,3.2646812953599396,0.5942136383056641,0.032336344050540866,0.03484605347315206,-0.02197830932014433,-0.10026070993734904,-0.1631816096781168,,0.0318245287383425,-0.13260295881877815,-0.4911747001857979,-0.32878460548501,-0.2749755391704196
2026-05-26 00:00:00+05:30,25.540000915527344,25.799999237060547,25.309999465942383,25.40999984741211,3687303,0.0,0.0,25.76713151931763,25.28533725738525,26.814817657470705,,25.46572791321232,25.85557510137118,26.789460816494874,,25.417917496817456,25.55187106263404,25.197991790492758,25.07150704457293,25.015746638819667,25.28175536320347,24.520318190834736,25.769121790653514,25.182325724335993,24.836396806998444,25.54179553141314,25.902886378336667,25.072092468309272,25.403289356386328,24.987435695763537,25.475000381469727,25.910000801086426,25.9399995803833,48.407795906935526,-0.23259823019091996,-0.07002912411348938,-0.16256910607743058,27.0967962904739,19.247332976611233,7.8494633138626675,34.62314447421206,22.842567692529116,-67.09676347587796,-0.2747240819537119,-1.6210839423173355,-0.06999969482421875,-2304.111712745667,-0.8789413746565664,46.13434784734185,-0.6901131946017487,-1.5640948457597328,-0.03489062113557484,0.024339732598598215,-11.37280091785619,0.46828752043261446,-0.021712250685549606,-27531526.03343557,-29395033.464184478,-1.7816664377848301,0,1,0,-1.7816664377848301,0,0,0,1,0,0.5794123026247744,0.4899997711181643,24.06254651391246,25.76713151931763,27.4717165247228,13.230692784932177,0.3952438069169123,24.362632923812125,25.46572791321232,26.568822902612514,24.38999938964844,25.9399995803833,27.489999771118164,7.329917365000325,0.24355115871680164,24.63462402091603,25.76713151931763,27.02461656908108,72697319.0,45.54480375717814,-0.1642061734411459,-150243240.9993226,-2086552.4511051476,188056.38676305604,25.50666618347168,183822490.73843348,983.1113637417996,-15.998529248946378,-1.0955614909702849,-14.902967757976093,0.8930140795459763,-0.4190247723323505,0.8522925027025862,0.7264025101630379,25.510000228881836,25.510000228881836,0.1422453196011396,-1.2730404722851432,-0.005403462242615822,0.7264025101630379,24.719489451817104,-0.020935249328613105,3.2746563477947706,0.597191772460938,-0.005090096454781201,0.025837681785259914,-0.016210839423173362,-0.11647385328825077,-0.1606788831529169,,-0.005103095124155783,-0.13260295881877815,-0.4911747001857979,-0.32878460548501,-0.2749755391704196
2026-05-27 00:00:00+05:30,25.309999465942383,25.690000534057617,25.299999237060547,25.540000915527344,3747300,0.0,0.0,25.73450021743775,25.273661727905274,26.786652717590336,,25.472801532480418,25.843199643102796,26.764719036277697,,25.39628601074219,25.561857872757255,25.236964029357665,25.077989207058383,25.100936214621985,25.29811059980024,24.674388857094232,25.665706970861724,25.1868311599766,24.911978165200043,25.51651763478833,25.864963603123858,25.059657690397465,25.41284705621703,25.187017785704207,25.475000381469727,25.655000686645508,25.864999771118164,49.89771839921212,-0.19667774476893385,-0.027286910953202598,-0.16939083381573125,36.32771595495049,28.05907388477764,8.268642070172852,52.23436395493532,37.301889801465585,-61.01690750977927,0.8290603728930734,-2.4916402572587035,0.21000099182129262,-2349.3961034031513,-0.7034962817876185,49.53971221448893,0.02154450460804075,-0.6901131946017487,-0.042814066432184106,0.010839487853367104,-10.614611946041839,0.32853321758691223,-0.06146807941015808,-25659616.10047234,-28349507.48446073,-1.6549997329711903,0,1,0,-1.6549997329711903,0,0,0,1,0,0.5658829450799384,0.39000129699707053,24.0392502838175,25.73450021743775,27.429750151058,13.174920198928481,0.44263403346813696,24.40047724740461,25.472801532480418,26.545125817556226,24.38999938964844,25.9399995803833,27.489999771118164,7.433646984627391,0.23837171644055138,24.623836649524346,25.73450021743775,26.95641604580979,76444619.0,42.64539109781333,-0.13959677699632012,-149378462.5439764,-1525200.2662503123,230784.47473236488,25.510000228881836,185739661.16532677,983.1113637417996,-16.003820870308335,-0.8806824898657926,-15.123138380442542,0.9446573429619662,-0.22946386612745243,0.8476249668101242,0.7184680843598642,25.510000228881836,25.510000228881836,0.2644767840658863,-1.1888245053038615,0.08478920933334563,0.7184680843598642,24.719857597351076,-0.032631301879882814,3.2859276458482056,0.6070447497897683,0.005116138091141087,0.04117408074234974,-0.024916402572586982,-0.12097241395563518,-0.15665880259586762,,0.0051030951241557805,-0.13260295881877815,-0.4911747001857979,-0.32878460548501,-0.2749755391704196
2026-05-28 00:00:00+05:30,25.540000915527344,25.540000915527344,25.540000915527344,25.540000915527344,0,0.0,0.0,25.694000244140632,25.286378898620608,26.75238960266114,,25.47920147372298,25.831309496923367,26.740467192302443,,25.377762267703105,25.57230254678165,25.271615108212334,25.084683447335756,25.1741028765291,25.31402821558545,24.861506869658758,25.581827177509258,25.18943934870002,25.00512322537119,25.49801687680739,25.826754278843936,25.065125071216944,25.42174994949652,25.353722216452272,25.540000915527344,25.445000648498535,25.545000076293945,49.897718399212124,-0.16629357248938348,0.0024778090610782233,-0.1687713815504617,40.55663841900007,34.66038355480815,5.896254864191924,64.2322086855473,50.363239038231555,-50.216413757342536,0.353635166561369,-3.0740017237798742,0.09000015258789062,-2417.0746171102323,-0.566154885534619,51.71328575821176,0.6364649360565212,0.02154450460804075,-0.04826994652173955,-0.0024798253431922313,-9.40646220041505,0.15302879919140366,0.15302879919140366,-24400808.072009336,-26723792.01082807,-1.2949997584025053,0,1,0,-1.2949997584025053,0,0,0,1,0,0.5254627347170857,2.220446049250313e-16,24.02212275098219,25.694000244140632,27.365877737299073,13.0137578989064,0.45394419470222086,24.509003311035347,25.47920147372298,26.449399636410615,24.38999938964844,25.9399995803833,27.489999771118164,7.463300370076193,0.2368984413768445,24.664330109636378,25.694000244140632,26.85183201698502,76444619.0,47.85591230806557,-0.199996010905124,-149378462.5439764,-1156901.620968759,197815.26405631276,,185739661.16532677,983.1113637417996,-23.240414764558697,-6.4938211072929235,-16.746593657265773,0.0,-0.1842232211911165,0.8359387465792201,0.6987935880324375,25.510000228881836,25.510000228881836,0.41327246471182766,-0.996035225837982,0.19033437847797255,0.6987935880324375,24.745286314828057,-0.04049997329711914,3.2956151645663154,0.6117240481906469,0.0,0.029008913358418376,-0.030740017237798734,-0.12951808619153782,-0.15142235114721325,,0.0,-0.13260295881877815,-0.4911747001857979,-0.32878460548501,-0.2749755391704196
2026-05-29 00:00:00+05:30,25.5,25.780000686645508,25.100000381469727,25.209999084472656,3517568,0.0,0.0,25.63700017929078,25.29564346313477,26.714039611816414,,25.453563150937235,25.806944382709617,26.710160893137495,,25.331666919163297,25.56930725995232,25.24255033771669,25.066188166508308,25.15122486588481,25.292178666119362,25.01342896250935,25.504614580952126,25.18953765314853,25.07511128617103,25.451273351298017,25.8021392060867,25.0757974740508,25.406110278656925,25.4171434042139,25.375,25.035000801086426,25.364999771118164,45.987855339201424,-0.1669181582520558,0.0014825786387247242,-0.16840073689078053,43.60597622717547,40.16344353370867,3.442532693466795,73.07557231358868,63.18071498469043,-57.94875005135178,0.07939082965877844,-4.326380571131834,0.019998550415039062,-2511.6122689195813,-0.42304919619019543,47.38495502811435,1.0505068504039752,0.6364649360565212,-0.0532274223900564,-0.014989610967998236,-8.495156101659902,0.41831043200432205,-0.2616898731714592,-23594723.182024408,-25207849.59340389,-1.0383332570393862,0,1,0,-1.0383332570393862,0,0,0,1,0,0.5365011326069926,0.6800003051757815,23.981640846880303,25.63700017929078,27.292359511701257,12.913830173841115,0.37102465112624833,24.44624094561494,25.453563150937235,26.46088535625953,24.38999938964844,25.9399995803833,27.489999771118164,7.41556307003734,0.2402361646683429,24.534738884946897,25.63700017929078,26.89224086858947,72927051.0,48.70604094720512,-0.21901255745067782,-151758007.76728195,-1658189.1443172991,3726.8147826431086,25.363333384195965,181194618.7250438,983.1113637417996,-22.009686354007613,-4.21047415739347,-17.799212196614143,1.0028244750126487,-0.5159013954950061,0.8276796662052393,0.6850536298496163,25.46500015258789,25.46500015258789,0.6148980200442238,-0.7429045726556409,0.2968918169597933,0.6850536298496163,24.72100039890834,-0.05700006484985352,3.3039268605031475,0.6181164211697049,-0.012920979609443162,0.018997547198976728,-0.04326380571131838,-0.13467377182211626,-0.1442082270173617,,-0.013005181567406663,-0.13260295881877815,-0.4911747001857979,-0.32878460548501,-0.2749755391704196
2026-06-01 00:00:00+05:30,25.290000915527344,25.350000381469727,24.799999237060547,24.88999938964844,3691893,0.0,0.0,25.55000019073487,25.299491615295416,26.6628505897522,,25.399890411766872,25.770985755530745,26.674118091088204,,25.26052398681641,25.553399649227366,25.160413007222715,25.02473031777332,25.052031521510603,25.23657487904179,25.101218791400196,25.42204432249737,25.185438299277358,25.068910051443616,25.392450629494665,25.709665605133868,25.08152382347527,25.366091101205328,25.35848677860257,25.049999237060547,25.035000801086426,25.094999313354492,42.509419986436754,-0.19103234602073016,-0.018105287303959716,-0.17292705871677044,42.43194431221272,42.19818631946275,0.23375799274997178,65.88519942985515,67.73099347633037,-64.5390032546675,0.8508876899349945,-6.5339835747410175,0.2099990844726598,-2707.5729603107584,-0.45681731976025475,42.896047637182676,0.9791779027034141,1.0505068504039752,-0.05906437046285795,-0.0264579644584854,-7.304623656616511,0.05569453611321862,-0.49430660829596107,-22722569.435361926,-24062208.00731696,-0.760000228881834,0,1,0,-0.760000228881834,0,0,0,1,0,0.5374654191642917,0.5500011444091799,23.931905000672938,25.55000019073487,27.168095380796803,12.66610706835688,0.29605625023174076,24.383741531825905,25.399890411766872,26.41603929170784,24.38999938964844,25.9399995803833,27.489999771118164,7.232642191883947,0.23804452181231694,24.437995895065058,25.55000019073487,26.825498088515985,69235158.0,50.225512154066635,-0.2270493132540511,-154241645.34194058,-2502765.16450423,-165577.67780397108,25.013333002726238,176508364.55516043,983.1113637417996,-20.44578718795909,-2.117259993075958,-18.328527194883133,1.078347014357006,-0.8157749990730377,0.8090475950309656,0.6545580110253892,25.43000030517578,25.43000030517578,0.864111080340423,-0.22399419461592276,0.4053091908554698,0.6545580110253892,24.681571578979494,-0.08699998855590803,3.3120940101537033,0.6410612742106118,-0.012693364000211704,-0.025450332912232865,-0.0653398357474102,-0.11487860137892647,-0.14709736604990076,,-0.012774613026247418,-0.13260295881877815,-0.4911747001857979,-0.32878460548501,-0.2749755391704196
2026-06-02 00:00:00+05:30,24.5,25.040000915527344,24.15999984741211,24.82999992370605,4323831,0.0,0.0,25.467500209808357,25.290927009582525,26.616864662170414,,25.34561512718965,25.73408435036115,26.637600899654892,,25.191952532813666,25.53498821034151,25.07983888465126,24.981639540490093,24.957985258440758,25.179229820266315,25.128370580384225,25.3326628070339,25.183180735717688,25.07472806185533,25.316957384976725,25.627257890698225,25.074179733006545,25.324383237758003,25.219256046175328,24.859999656677246,25.035000801086426,24.979999542236328,41.869941935862244,-0.21253450356685377,-0.031685955880066646,-0.18084854768678713,39.45530836232297,41.83107630057039,-2.375767938247421,50.44386603779098,63.1348792604116,-59.14632160701182,0.24222634167765467,-6.231116491896014,0.05999946594237926,-2901.791068674221,-0.6051698009787643,48.938456011051755,0.4443883130746804,0.9791779027034141,-0.06555944714015105,-0.03664847836330414,-5.857279653079789,-0.18797551245052802,-1.0679765805657624,-21449381.964827664,-23080795.87860161,-0.5283336639404285,0,1,0,-0.5283336639404285,0,0,0,1,0,0.5619322512322162,0.8800010681152346,23.881112133363974,25.467500209808357,27.05388828625274,12.45813733876726,0.29907177330431234,24.258623079983014,25.34561512718965,26.432607174396285,24.15999984741211,25.824999809265137,27.489999771118164,7.012747959810459,0.23791229775602424,24.274339345102646,25.467500209808357,26.794341710214958,64911327.0,51.37907054626629,-0.1737660139034447,-151981468.19729874,-1901602.157239765,-178984.80252128234,24.676666895548504,175466068.22254965,983.1113637417996,-17.671906387398405,0.5252966459877833,-18.197203033386188,1.2686025210265004,-0.80371290678275,0.7931940382221919,0.6291567822712281,25.369999885559082,25.369999885559082,1.1269864997435257,0.45156491437612034,0.46044278801123634,0.6291567822712281,24.640857178824287,-0.08249998092651385,3.317861899760117,0.6557555728488498,-0.002410585271743426,-0.02282565632384792,-0.06231116491896016,-0.07359196424759118,-0.14308827248512146,,-0.002413495410118089,-0.13260295881877815,-0.4911747001857979,-0.32878460548501,-0.2749755391704196
2026-06-03 00:00:00+05:30,24.88999938964844,25.190000534057617,24.5,25.100000381469727,3868584,0.0,0.0,25.374000263214118,25.30448322296143,26.573185329437262,,25.322223246644896,25.709218312365408,26.607153364641324,,25.156952549162366,25.527500891591988,25.060594944807765,24.962390242846325,24.954099324585115,25.157628360224397,25.14290730505278,25.24387892446701,25.179618841286477,25.103801681499128,25.259429659349,25.481164072197256,25.08554881803687,25.307775050508685,25.0947067402736,24.96500015258789,25.035000801086426,24.979999542236328,45.81981166588379,-0.20542037961680748,-0.01965746554401629,-0.1857629140727912,44.54393406833449,42.14372891429005,2.4002051540444356,50.01296354736855,55.447343005004896,-42.682872933317206,2.323683974189756,-6.933626175358529,0.5699996948242188,-3259.9804689957623,-0.6953889641440512,48.80910285034326,0.0288770924355998,0.4443883130746804,-0.07103085277486709,-0.04542984974515379,-4.370264389957428,-0.019693601561950658,-0.7096941356195678,-19372100.44349803,-21885121.0709836,-0.23000017801920453,0,1,0,-0.23000017801920453,0,0,0,1,0,0.5710799857197449,0.6900005340576174,23.948171851705265,25.374000263214118,26.79982867472297,11.238499225334552,0.40391554848649824,24.207325578399345,25.322223246644896,26.437120914890446,24.15999984741211,25.824999809265137,27.489999771118164,6.792900522902839,0.23025105301113158,24.1449038139668,25.374000263214118,26.722406064638186,68779911.0,50.01439953603043,-0.1860836828245644,-149122080.95328268,-572993.8805137277,-4198.480604351964,24.93000030517578,179672751.4851621,984.1987598698435,-16.22481276333902,1.5779122160377348,-17.802724979376755,1.125340616496405,-0.3843378060540071,0.7129142057544262,0.5082466647664643,25.269999504089355,25.269999504089355,1.4365539213869736,1.9449574331231732,0.4465124260991138,0.5082466647664643,24.722857121058873,-0.0934999465942381,3.325279092782647,0.6420586734347874,0.010873961280438715,-0.017227898131754293,-0.06933626175358532,-0.0706799594251386,-0.10772279555888364,,0.01081526488831193,-0.13260295881877815,-0.4911747001857979,-0.32878460548501,-0.2749755391704196
2026-06-04 00:00:00+05:30,25.18000030517578,25.239999771118164,24.90999984741211,25.06999969482422,2019197,0.0,0.0,25.263000202178958,25.316849250793464,26.52989448547364,,25.298201955995307,25.684150915599087,26.576714678110292,,25.128000114077615,25.518305459116018,25.03975708660256,24.942525859756245,24.946284154803177,25.13510655429862,25.14548950864123,25.157149412294473,25.177634816761184,25.132011008835427,25.201804927930556,25.31962872185174,25.104796768827402,25.29013753730601,25.025687360683463,25.085000038146973,25.035000801086426,24.979999542236328,45.45026455702397,-0.19989887996251454,-0.011308772711778686,-0.18859010725073586,51.21954056141192,45.07292766402312,6.146612897388799,57.5539630053847,52.670264196848066,-44.5121837754352,1.0072522283396046,-8.134852129814325,0.25,-3942.7689307448377,-0.7533481495749186,51.698063221722684,-0.11595598408737086,0.0288770924355998,-0.0756563106293906,-0.052716086655016064,-2.8204886889555723,0.05026198418364558,-0.2797379395224091,-17162817.689689696,-20254725.323617168,-0.043333689371744206,0,1,0,-0.043333689371744206,0,0,0,1,0,0.5538599812901958,0.3299999237060549,24.154979282227927,25.263000202178958,26.37102112212999,8.771887037038956,0.41290755261043766,24.226627889733894,25.298201955995307,26.36977602225672,24.15999984741211,25.75,27.34000015258789,6.492746043583574,0.22324691431067564,24.045797671406948,25.263000202178958,26.600799883931366,66760714.0,55.12048036735309,-0.20155908481144638,-149183270.15578535,3148.748306363821,-12252.597156951604,25.073333104451496,179431407.67818245,984.0792352236699,-18.843557507557335,-0.832666022544462,-18.010891485012873,0.6227573746370456,-0.3483697895582497,0.5540104599755147,0.3069275897622813,25.199999809265137,25.199999809265137,1.3097129810140307,2.1345795006207244,0.40259454250722554,0.3069275897622813,24.857999937874933,-0.11100006103515625,3.328284149222741,0.6386876932779948,-0.0011952464617354108,-0.01840255300920457,-0.0813485212981433,-0.06326247693415976,-0.12440311870476761,,-0.0011959613384802637,-0.13260295881877815,-0.4911747001857979,-0.32878460548501,-0.2749755391704196
2026-06-05 00:00:00+05:30,25.049999237060547,25.489999771118164,25.049999237060547,25.26000022888184,4810187,0.0,0.0,25.187000179290774,25.361735725402834,26.495093612670907,,25.294563696270217,25.667517555335667,26.550641124660224,,25.127714402335034,25.51607608570772,25.057440865163603,24.938994763390436,24.99216148531828,25.13661172346023,25.158583018810717,25.07993506356576,25.181031146775524,25.11753372630218,25.150361648286108,25.19686000338806,25.182117346833532,25.287974580776385,25.042973717633682,25.164999961853027,25.035000801086426,24.979999542236328,48.29447527868177,-0.17813813102122467,0.008361580983608952,-0.18649971200483362,59.95938741521607,51.90762068165415,8.05176673356192,74.02793886278101,60.531621805178084,-32.926781045599384,2.101861206849046,-5.675879084355861,0.5200004577636754,-4777.214703351402,-0.7618033097902028,51.483640375299224,-0.011781149832804753,-0.11595598408737086,-0.0785849046454179,-0.0587886602369155,-1.1166183699762773,0.2902244924768844,-0.14977604158073277,-15737637.254575744,-18376142.580963142,0.06833267211914179,0,1,0,0.06833267211914179,1,0,0,0,0,0.5457271636307258,0.4400005340576174,24.339114553206525,25.187000179290774,26.034885805375023,6.732724183496823,0.5430482882037986,24.2412346774513,25.294563696270217,26.347892715089134,24.15999984741211,25.43000030517578,26.700000762939453,5.975625488155041,0.21996589028552965,23.987349504959973,25.187000179290774,26.484851831925315,71570901.0,64.55046094477893,-0.1534583116066323,-149401898.9068419,168993.5167323947,120060.35942504498,25.266666412353516,183076952.5925915,984.0792352236699,-14.784795893669518,2.580876473074685,-17.365672366744203,1.3842919249390697,0.17219315281519446,0.423942813042124,0.1797275087300693,25.199999809265137,25.199999809265137,0.8477543256494224,1.648746216001365,0.2515298856451764,0.1797275087300693,25.00914284842355,-0.07600002288818342,3.3314116138259275,0.6319559393988714,0.007578800812544362,0.0019833854115440808,-0.056758790843558615,-0.018654981979240315,-0.11012475104888697,,0.007550225986128833,-0.13260295881877815,-0.4911747001857979,-0.32878460548501,-0.2749755391704196
2026-06-08 00:00:00+05:30,25.020000457763672,25.530000686645508,24.88999938964844,25.030000686645508,4115477,0.0,0.0,25.12050018310547,25.39061271667481,26.4623204612732,,25.2693672191631,25.642516893818406,26.52052943281835,,25.11276206970215,25.50306686850155,25.03203070220782,24.918543379707383,24.972775071341825,25.112781529850444,25.144631138095605,25.007301298925213,25.171874302943582,25.07300685007139,25.088778910355465,25.122770807338156,25.228056314452722,25.268776382938164,25.07657107436897,25.145000457763672,25.035000801086426,24.979999542236328,45.22075884017909,-0.17740658885506377,0.007274498519815903,-0.18468108737487968,58.5366288608318,56.57185227915326,1.9647765816785352,72.491830127507,68.0245773318909,-46.951148596470006,-1.9968684831635042,-5.045523114228461,-0.5100002288818359,-5705.932911644804,-0.7019970567869471,48.158817654728004,0.12406334404220262,-0.011781149832804753,-0.08116121140152588,-0.06392983693313228,-0.1322777726619063,0.3544789211464803,-0.2855223758505865,-15181312.98244362,-16725720.552412087,0.12333297729492244,1,0,0,0.12333297729492244,1,1,0,0,0,0.5524610302997502,0.640001296997067,24.475667033663647,25.12050018310547,25.765333332547293,5.133919665146624,0.4298271990682395,24.194450240803686,25.2693672191631,26.344284197522516,24.15999984741211,25.25,26.34000015258789,5.468293677687427,0.21602606005668784,23.905226526587477,25.12050018310547,26.442728815405836,67455424.0,55.896116120698146,-0.16070924482746124,-151716841.68772376,-515096.64616778493,-32313.6670762688,25.150000254313152,179329692.82415384,983.1687065611509,-12.904206626869282,3.569172591899939,-16.47337921876922,1.2182693167292948,-0.2806912037270427,0.32241657472091045,0.10395244765476444,25.145000457763672,25.145000457763672,-0.19780463401516152,-1.2377050963194784,0.07891749028111598,0.10395244765476444,25.09728584289551,-0.06649999618530256,3.3266040391576626,0.6233924865722648,-0.009105286625189946,0.005624801142232849,-0.05045523114228456,-0.051864375773258864,-0.12729904876212184,,-0.009146993106800528,-0.13260295881877815,-0.4911747001857979,-0.32878460548501,-0.2749755391704196
2026-06-09 00:00:00+05:30,25.01000022888184,26.100000381469727,25.01000022888184,26.040000915527344,9143165,0.0,0.0,25.14850025177002,25.427296638488773,26.438368663787852,,25.342760904531122,25.658104502512877,26.51101401663437,,25.200333568028043,25.52853307237812,25.19443167595217,24.977498436524428,25.221349842271042,25.205786168191413,25.220131708285507,24.971329363642308,25.210937433405167,25.212720570591003,25.08961120868271,25.20393937892703,25.275216539687843,25.317622007621075,25.220372774617676,25.535000801086426,25.390000343322754,25.130000114440918,57.89404079708986,-0.09424189694678375,0.07235135234247675,-0.1665932492892605,72.34310507763857,63.613040451228805,8.730064626409764,83.89612104071087,76.80529667699962,-3.0927551250148677,2.4793430613869014,2.197807626969311,0.6300010681152344,-5728.666837458175,-0.48732547176548735,59.406333514830486,0.5055811498211704,0.12406334404220262,-0.07872011390517297,-0.06791939776346438,1.734133351247378,0.8009815945380794,-0.2890185580498077,-14672198.744121369,-15612152.817974966,0.4333333969116211,1,0,0,0.4333333969116211,1,1,0,0,0,0.5908566818917601,1.0900001525878873,24.397969459071668,25.14850025177002,25.899031044468373,5.96879165902172,1.0939134492751108,24.16259789504634,25.342760904531122,26.522923914015905,24.15999984741211,25.130000114440918,26.100000381469727,4.753543731533571,0.23150830391505767,23.86987985011105,25.14850025177002,26.447382100782434,76598589.0,67.01388899531959,0.002874019580968451,-143580254.5597004,1840789.3412139118,1291530.9628923968,25.71666717529297,216223813.8364294,983.1687065611509,-1.7528830648863674,11.776396923106283,-13.52927998799265,2.330228592752358,2.3756537971004454,0.37526539634917594,0.14082411769710412,25.145000457763672,25.145000457763672,0.43422525125310646,0.051971726807417275,-0.21251494016099767,0.14082411769710412,25.304000200544085,0.028000068664550782,3.3296902727110917,0.6327834235297309,0.04035158614361167,0.048731413432911985,0.02197807626969306,0.0028343144647879903,-0.08895988308756919,,0.0395587196222847,-0.13260295881877815,-0.4911747001857979,-0.32878460548501,-0.2749755391704196
2026-06-10 00:00:00+05:30,26.239999771118164,26.34000015258789,25.549999237060547,25.75,8100647,0.0,0.0,25.169500255584715,25.478048782348637,26.411320133209237,,25.381545580290062,25.661708247512372,26.49594443214656,,25.257619258335662,25.541188106162874,25.282433842024336,25.011255037150434,25.35131848373909,25.259560699452027,25.32694694147481,24.959418588612415,25.21755950910229,25.283889952865447,25.055116615576438,25.2489383425056,25.422831727244844,25.34648346502694,25.3897897258781,25.895000457763672,25.390000343322754,25.25,54.0289292989261,-0.05114436923226151,0.09235910404559919,-0.1435034732778607,74.29729096142498,68.39234163329844,5.904949328126534,80.78495260621987,79.05763459147924,-27.064223394240162,0.822236009964216,1.6581132157875598,0.20999908447265625,-5270.804318284221,-0.2544013207409286,57.67900300138784,0.9602959295869695,0.5055811498211704,-0.0739776629627098,-0.07077581070134996,2.7317144698780917,0.9765554780750492,0.18655456254770542,-14093751.725379571,-14923068.738847548,0.5283333460489914,1,0,0,0.5283333460489914,1,1,0,0,0,0.6050812700085876,0.790000915527344,24.375350853062752,25.169500255584715,25.96364965810668,6.310410571983876,0.8654852239212193,24.16330268303672,25.381545580290062,26.599788477543406,24.15999984741211,25.25,26.34000015258789,4.1028498320645115,0.23437428287292228,23.869964579174543,25.169500255584715,26.504967192242162,68497942.0,69.47923996724182,-0.03373529267200159,-147579297.24897194,1364793.7220824063,771427.2472843644,25.87999979654948,207202327.80044758,982.0550318094944,4.203416747054908,14.186157388038048,-9.982740640983138,1.8583493866984788,1.4619408956848767,0.3970747012609818,0.15766831838149795,25.145000457763672,25.145000457763672,0.38776607695482146,-0.42149934464075733,-0.3533186663686152,0.15766831838149795,25.43385726383754,0.021000003814697445,3.3296985628949796,0.6131111145019531,-0.011136747516564793,0.02589639875105898,0.01658113215787549,-0.014307938088471972,-0.10096216725637297,,-0.01119922538912288,-0.13260295881877815,-0.4911747001857979,-0.32878460548501,-0.2749755391704196
2026-06-11 00:00:00+05:30,25.600000381469727,25.6299991607666,25.01000022888184,25.1200008392334,4664380,0.0,0.0,25.153000259399413,25.53882320404053,26.373348827362072,,25.356636557332283,25.640464819736728,26.4686980243661,,25.252905028206964,25.527147010354433,25.244427297177683,24.995109226231992,25.294901357972527,25.238575121894367,25.382318929201592,24.950486145862033,25.215653230326872,25.25971020440151,24.992563061703684,25.229123040017317,25.56351472928318,25.32971477582746,25.48427057443095,25.4350004196167,25.4350004196167,25.25,46.73014429271294,-0.06705200143466072,0.061161177474559986,-0.1282131789092207,71.29325268672896,72.64454957526416,-1.3512968885352024,69.5546092588211,78.07856096858394,-55.963263420558064,-1.6444794880120828,-1.2966597792272128,-0.4200000762939453,-5447.755858611513,-0.18176085099731054,50.85775982168586,0.9417784577871344,0.9602959295869695,-0.07051095320660394,-0.07269620301429969,2.580249637416296,0.3013321770079642,-0.31866675487679785,-13789826.350039037,-14417173.378580756,0.41000016530354877,1,0,0,0.41000016530354877,1,1,0,0,0,0.6147183058021285,0.7399997711181605,24.36975159829094,25.153000259399413,25.936248920507886,6.227874631502709,0.4789342632776974,24.113464455794844,25.356636557332283,26.599808658869723,24.15999984741211,25.25,26.34000015258789,3.3894543037540474,0.2506775447568619,23.856585799042897,25.153000259399413,26.504088221375653,63833562.0,66.94327306984526,-0.06701681309253996,-150588562.6333649,88502.55357789993,241429.7140299523,25.253333409627277,195790461.8373543,979.6084331269057,3.1750697395032574,10.526248304389117,-7.35117856488586,0.966612136140538,-0.08426294688921032,0.39162433055423684,0.15336961628205414,25.110000610351562,25.110000610351562,0.5231045422859776,-0.16899659671537096,-0.430752339298808,0.15336961628205414,25.452714565822056,-0.016499996185302734,3.3254251282405667,0.5865334574381507,-0.02446598682588741,0.0019944613090483454,-0.012966597792272161,0.008667572493806341,-0.11043318351096598,,-0.024770252100774885,-0.13260295881877815,-0.4911747001857979,-0.32878460548501,-0.2749755391704196
2026-06-12 00:00:00+05:30,25.270000457763672,26.040000915527344,25.270000457763672,25.989999771118164,5924272,0.0,0.0,25.19300022125244,25.592801628112795,26.34407751083375,,25.41695686340713,25.65417207273208,26.459218851034453,,25.332619267418274,25.54484020906336,25.37000971447783,25.047294255379928,25.474723393924634,25.318181312613905,25.492869620467673,24.97026409752897,25.24213987299569,25.43402353280021,25.017168389946082,25.283041026376672,25.646313464890582,25.372264768309723,25.58084775773604,25.55500030517578,25.4350004196167,25.25,55.64185394453119,-0.009349496469265972,0.0950909459519638,-0.10444044242122977,66.97248402085367,70.85434255633587,-3.881858535482195,64.86960976303433,71.73639054269177,-16.055061122640744,3.09401314943294,3.175860341800805,0.7800006866455078,-5059.710733556336,-0.08996054279252164,53.223902580910185,0.9896483605206715,0.9417784577871344,-0.06401981182652117,-0.07324680761026227,3.0220757439517203,0.6168578192887715,-0.1531426384749004,-13854205.237705834,-14048926.688777402,0.435000101725261,1,0,0,0.435000101725261,1,1,0,0,0,0.636524146551544,0.9200000762939453,24.324702196658922,25.19300022125244,26.061298245845958,6.893168872050693,0.9589435466231937,24.116943995102982,25.41695686340713,26.716969731711277,24.15999984741211,25.25,26.34000015258789,2.9246852391137206,0.2761892050336613,23.83284166129164,25.19300022125244,26.560344484167608,69757834.0,67.44535626073838,0.019093424743959215,-145433693.75982946,1198523.303171128,943241.2280535055,25.766667048136398,216308416.21634036,979.6084331269057,4.309483508588046,9.328529658779125,-5.0190461501910795,1.1693803869290988,1.8357741864927748,0.4341490122967588,0.1884853648782512,25.110000610351562,25.110000610351562,0.4949380717843977,-0.6051553637120333,-0.5272909087438705,0.1884853648782512,25.611857359749933,0.039999961853027344,3.329450217875995,0.5721334330240881,0.034633714284195705,0.028899427380117526,0.03175860341800796,0.05023802577915726,-0.07251702822265105,,0.03404746483789396,-0.13260295881877815,-0.4911747001857979,-0.32878460548501,-0.2749755391704196
2026-06-15 00:00:00+05:30,26.549999237060547,26.690000534057617,26.100000381469727,26.18000030517578,5542729,0.0,0.0,25.268000221252443,25.64625232696533,26.31414888381959,,25.489627667385097,25.674792787729874,26.453689770918437,,25.42661927541097,25.56786760816387,25.512901450524367,25.111526159977643,25.671175622847795,25.41369114222982,25.64340601083004,25.01999676721051,25.310792355453604,25.633640404595003,25.090220651835068,25.37185495831757,25.714230923390097,25.423162626179444,25.684093353632527,26.085000038146973,25.505000114440918,25.425000190734863,57.32109692845479,0.05112230354490421,0.1244501967729072,-0.07332789322800298,69.27452303807596,69.1800865818862,0.09443645618975438,70.90002304920264,68.44141402368602,-20.15810634257329,5.182808144478468,6.077795710907777,1.2900009155273402,-4663.018224585956,0.13269808165060937,51.005331903886976,1.2691139641025104,0.9896483605206715,-0.0546143113564268,-0.07203068141207068,3.9132029334814247,1.1587349793994406,0.56873482681155,-14136078.590893604,-13919648.915293816,0.4200000762939453,0,1,0,0.4200000762939453,1,0,0,0,0,0.6410581905792518,0.7000007629394531,24.329948243738826,25.268000221252443,26.20605219876606,7.42482166613754,0.986113832594154,24.180092069788113,25.489627667385097,26.79916326498208,24.15999984741211,25.425000190734863,26.690000534057617,2.272428054421764,0.2641494533748617,23.924541482750538,25.268000221252443,26.627044210259076,75300563.0,68.48922835673814,-0.008767823397408642,-149473311.63289705,258333.07719492912,958938.4054939537,26.323333740234375,220360441.91626725,980.3394855922033,4.535504806969367,7.643640765728358,-3.1081359587589903,1.0555072167716966,1.9444553303766126,0.469025988756809,0.21998537812930233,25.164999961853027,25.164999961853027,0.47621007219982975,-0.6598030948916935,-0.4969696642715172,0.21998537812930233,25.743857383728027,0.075,3.336448258266298,0.5541334788004557,0.007310524652976769,0.045944849659706355,0.06077795710907785,0.060022391521711516,-0.06704656733051406,,0.007283932291718644,-0.13260295881877815,-0.4911747001857979,-0.32878460548501,-0.2749755391704196
2026-06-16 00:00:00+05:30,26.280000686645508,26.549999237060547,26.149999618530277,26.32999992370605,3775060,0.0,0.0,25.346000194549564,25.693850822448734,26.286015338897712,,25.569663120368045,25.70048718521914,26.45124046701324,,25.527762104216077,25.594681239408605,25.663133381621478,25.18399621888805,25.86984492249358,25.519252915750652,25.834041051823334,25.097947735773083,25.401613597243667,25.81710317234237,25.17805513308491,25.445205030234625,25.784249764792524,25.479463639200763,25.843496954222726,26.255000114440918,25.57999992370605,25.425000190734863,58.65190574610264,0.10988368562058426,0.1465692630788698,-0.03668557745828554,83.18585442006794,73.14428715966585,10.04156726040209,94.12316256562482,76.6309317926206,-14.229269274582123,6.041079358070793,6.297938785275347,1.5,-4307.274093902895,0.28952827256705405,50.61994050136807,1.590827858512954,1.2691139641025104,-0.04265693746356991,-0.06887802415525988,4.9792762404017274,0.9046287725383877,0.5046291540081178,-14362582.347384328,-14022162.725770373,0.5716667175292962,0,1,0,0.5716667175292962,1,0,0,0,0,0.6238397211471817,0.3999996185302701,24.32641494643238,25.346000194549564,26.36558544266675,8.045334492946447,0.9825490222487959,24.308654795203104,25.569663120368045,26.830671445532985,24.15999984741211,25.425000190734863,26.690000534057617,1.9059145700152686,0.26432371948686584,23.9960841174545,25.346000194549564,26.708586597007717,79075623.0,68.56415005082013,0.001226011761949337,-149850808.6324441,-269887.70394167304,902841.1418418004,26.343332926432293,222523381.38658088,980.9124405837302,1.9087693449211063,4.013524242944078,-2.1047548980229713,0.7264802439580031,1.9301960889951846,0.5097926240585922,0.25988851954454506,25.234999656677246,25.234999656677246,0.43985712732356574,-0.7075353354596116,-0.4441991401349101,0.25988851954454506,25.891285923549106,0.07799997329711897,3.3439121615399383,0.5481334940592446,0.005729549915269194,0.011136674269691893,0.06297938785275337,0.042432494496732476,-0.0656311957887522,,0.005713198472029857,-0.13260295881877815,-0.4911747001857979,-0.32878460548501,-0.2749755391704196
2026-06-17 00:00:00+05:30,26.450000762939453,30.040000915527344,26.350000381469727,28.200000762939453,157521699,0.0,0.0,25.52950019836426,25.779242782592778,26.284843826293955,,25.820171467279607,25.798507325521896,26.485869383764253,,25.79957168215797,25.69296162923177,26.13139020800032,25.39644712012213,26.515425464497856,25.828499775649625,26.23674843016125,25.25037770746597,25.863789835438574,26.342141139838784,25.404405942098816,27.266968443308595,26.71269758963779,25.608970049851663,26.26350228319753,27.265000343322754,26.515000343322754,27.100000381469727,70.85366998293698,0.3038434258680667,0.2724232026610818,0.0314202232069849,78.1067034884551,76.85569364886632,1.2510098395887752,98.8081620614116,87.94378255874635,-31.29251391747929,12.350598941657093,14.961271804170586,3.1000003814697266,-3302.873571608957,0.6799118995666511,51.82371146280548,1.9757194925416928,1.590827858512954,-0.020648912133636177,-0.06276609098906495,8.6061144705194,4.029683265516997,0.33968273145938,-19266151.54733599,-15019613.11026628,0.9066667556762683,0,1,0,0.9066667556762683,0,0,0,1,0,0.8442798119096182,3.7100009918212926,23.957113417848625,25.52950019836426,27.101886978879897,12.318194780925502,1.349186916879144,23.97259231749775,25.820171467279607,27.667750617061465,24.15999984741211,27.100000381469727,30.040000915527344,1.7150226626934217,0.34732075160024745,23.785951970170768,25.52950019836426,27.328454373430038,236597322.0,91.59497756001191,0.005841681705749722,-149423910.85036615,-325611.66520529985,42854679.45407459,28.196667353312176,1341268957.463324,980.9124405837302,75.5398612529041,62.11569292074166,13.424168332162445,7.660934760232861,3.396747667516576,0.786193390257818,0.6181000468850817,25.335000038146973,25.335000038146973,2.1899778314252942,6.444034994384317,-0.1548689013544826,0.6181000468850817,26.339714649745396,0.18350000381469728,3.3605332481941335,0.5990000915527335,0.07102168038936285,0.09514566069667785,0.14961271804170595,0.15468764655765788,-0.011348521712499116,,0.06861303438804531,-0.13260295881877815,-0.4911747001857979,-0.32878460548501,-0.2749755391704196
2026-06-18 00:00:00+05:30,28.5,28.670000076293945,27.780000686645508,27.989999771118164,18663218,0.0,0.0,25.68800020217896,25.829157028198246,26.28206409454347,,26.0268217819309,25.88444820574136,26.515654143909874,,26.033904974801203,25.779657981722963,26.49536997488652,25.580725716842636,26.985176139930154,26.09031646643868,26.717989081097883,25.453027610844565,26.164813171492877,26.759080013506946,25.61560567018038,27.358121219755027,26.809843871876634,25.728147379474386,26.790713281864896,28.09500026702881,26.515000343322754,27.100000381469727,68.41212657437532,0.4355913663056441,0.3233369144789274,0.11225445182671674,73.20475270002757,78.1657702028502,-4.961017502822628,97.19205272167868,96.7077924495717,-34.86395870785588,11.647387761623262,12.771958562735172,2.9200000762939453,-2584.9294653253028,1.205764978072228,46.7430642532669,2.383736410271841,1.9757194925416928,0.006950375382386298,-0.0532621709859756,11.53312607725634,2.376870694696766,1.4868713050483287,-27567824.93507516,-18160228.55256823,1.398333549499511,0,1,0,1.398333549499511,0,0,0,1,0,0.8475454960338196,0.8899993896484377,23.80779175630864,25.68800020217896,27.56820864804928,14.638807467082106,1.1121660537147637,24.185678857909515,26.0268217819309,27.867964705952282,24.15999984741211,27.100000381469727,30.040000915527344,1.6916449287016528,0.35050124269596283,23.87424892728637,25.68800020217896,27.581750815561513,217934104.0,85.44849251231182,-0.0311590969153845,-159279799.90408054,-3454771.4696127474,36172683.20483866,28.14666684468587,1327370751.135161,980.1677562357168,64.40123375098527,40.78165233505826,23.61958141592701,0.8396989097953264,2.4486642148590563,0.9401042229351595,0.8837959499805201,25.475000381469727,25.475000381469727,1.7868384968754478,2.986223926142476,0.06732073841379495,0.8837959499805201,26.72571452004569,0.15850000381469725,3.3739975380625813,0.6316667048136388,-0.0074468434801346906,0.11425154601915022,0.12771958562735164,0.14470575515931228,-0.013266831301265825,,-0.007474709648567693,-0.13260295881877815,-0.4911747001857979,-0.32878460548501,-0.2749755391704196
2026-06-19 00:00:00+05:30,27.920000076293945,27.920000076293945,27.450000762939453,27.57999992370605,10035499,0.0,0.0,25.830000209808354,25.87539569854737,26.272725429534923,,26.174743509719008,25.95094042997527,26.536730297965242,,26.21409542447045,25.84831848742915,26.73250200943952,25.723013312944367,27.256374055361523,26.285443115919456,27.164300257282335,25.68196464131706,26.29466300124852,27.080119932293577,25.806366214182574,27.39142554654239,26.854045865145302,25.82831685128464,27.26321662862145,27.78499984741211,26.515000343322754,27.100000381469727,63.79039792346919,0.5011421424525686,0.31111015250068147,0.19003198995188714,64.00226113760564,71.7712391086961,-7.76897797109045,89.06879122820003,95.02300200376344,-41.8367439618479,9.184480102148079,11.479386333314945,2.3199996948242116,-2256.146744127033,1.5832355050479698,47.328463839665986,2.290206335141148,2.383736410271841,0.03580953123074604,-0.040265421804612046,13.768606187654077,1.4430320458240686,0.9730327324695764,-34483415.98632747,-23752325.216422345,1.8599999745686837,0,1,0,1.8599999745686837,0,0,0,1,0,0.8255778897584547,0.5399990081787109,23.826329833762273,25.830000209808354,27.833670585854435,15.514288499968597,0.936698504609086,24.406090576903715,26.174743509719008,27.9433964425343,24.15999984741211,27.100000381469727,30.040000915527344,1.6565854545559655,0.3568621990210659,23.98557514948972,25.830000209808354,27.763076732589077,207898605.0,83.08163306330093,-0.04486694867243408,-163763773.99412796,-5847531.193738818,30417363.738618225,27.650000254313152,1312670668.6330166,978.7029479085828,52.91855557975416,23.43917933106172,29.479376248692443,0.441147699605408,1.7467940184363457,1.0018351880230396,1.0036737439611592,25.540000915527344,25.540000915527344,1.444115298536646,1.2040863097045595,0.2891919760572698,1.0036737439611592,26.982285853794643,0.14200000762939435,3.3819479631372906,0.6690000025431309,-0.014648083271339485,0.06117738232359682,0.11479386333314934,0.19831367657638332,-0.026031999934259975,,-0.014756425751212653,-0.13260295881877815,-0.4911747001857979,-0.32878460548501,-0.2749755391704196
2026-06-22 00:00:00+05:30,27.780000686645508,27.940000534057617,27.459999084472656,27.56999969482422,8184209,0.0,0.0,25.931500148773196,25.910418319702153,26.2656473350525,,26.307625051157597,26.014432950165425,26.557191078101063,,26.379809661138626,25.914773546106673,26.932489850301547,25.85644676888706,27.467184543709322,26.464018655115563,27.536018750822382,25.926041447438706,26.438384048767023,27.27248931722953,25.985332203112073,27.43239749832517,26.882833513464693,25.92414176018012,27.559003365853645,27.574999809265137,26.61500072479248,27.270000457763672,63.677400742447034,0.5459908275292129,0.2847670700618606,0.2612237574673523,59.571481706268344,65.59283184796718,-6.021350141698832,79.73668792745644,88.66584395911171,-44.58485221149119,10.147818371950347,7.948311301988691,2.539999008178711,-1977.3787790402537,1.8111471400541461,47.326108424449636,2.1104596987616624,2.290206335141148,0.06456770626472874,-0.02434455289684519,15.58422038407667,1.3068851229656886,0.8268836733807277,-38547851.499066204,-30319414.14820124,2.2016668319702135,0,1,0,2.2016668319702135,0,0,0,1,0,0.8008938583174908,0.48000144958496116,23.788838007258253,25.931500148773196,28.07416229028814,16.52555485970457,0.8823513549580293,24.615986407260912,26.307625051157597,27.99926369505428,24.15999984741211,27.100000381469727,30.040000915527344,1.5964840417112043,0.3433242478019024,24.135493324610856,25.931500148773196,27.85549502215114,199714396.0,84.94747243194675,-0.07588828917798587,-168196877.7171619,-7705326.702415824,26060334.066927515,27.656666437784832,1312373917.4965293,978.6666889205136,42.426514361784136,10.357710490473352,32.068803871310784,0.35344576070645334,1.529405419832118,1.071331070757471,1.1477502631703496,25.540000915527344,25.540000915527344,1.115818374211036,-0.0061368998575279474,0.4320011101153086,1.1477502631703496,27.27642868586949,0.10149993896484374,3.3893545043185713,0.7254666264851889,-0.00036258988069237663,0.053093940926105976,0.07948311301988698,0.16890625990624564,-0.020944017658285796,,-0.00036265563229755836,-0.13260295881877815,-0.4911747001857979,-0.32878460548501,-0.2749755391704196
2026-06-23 00:00:00+05:30,27.600000381469727,27.75,26.729999542236328,26.850000381469727,6843422,0.0,0.0,26.003500175476077,25.93772926330567,26.253729839324958,,26.359279844520657,26.047200300412655,26.562989282128164,,26.467285873776394,25.95161990147011,26.971368999646046,25.926892011774896,27.443581472902956,26.546837877747173,27.71991521711473,26.15114608997673,26.44836044641977,27.33701421682095,26.110221139315282,27.44532749000378,26.906112852867594,25.981613852057816,27.56284178553293,27.210000038146973,26.61500072479248,27.46500015258789,55.987664016200036,0.5174707258540998,0.204997574709398,0.3124731511447018,50.54555474544566,58.039765863106545,-7.494211117660882,63.212709562811185,77.33939623948922,-61.9417395903239,3.110596918064583,5.667062348307233,0.8099994659423828,-1853.2103031487065,1.9782648591434295,39.73983126185665,1.7585536594571514,2.1104596987616624,0.0889740204003564,-0.006238810300948947,15.993952509329729,1.0859010217112406,0.06590056394756871,-41172115.405177556,-35800412.55184001,2.3600002924601218,0,1,0,2.3600002924601218,0,0,0,1,0,0.8165443297065037,1.020000457763672,23.837968514174342,26.003500175476077,28.169031836777812,16.655693631152392,0.6954485868576046,24.634463841421052,26.359279844520657,28.08409584762026,24.15999984741211,27.100000381469727,30.040000915527344,1.9934226647644513,0.3587170273647264,24.154933182466063,26.003500175476077,28.007435051667724,192870974.0,82.45031569220124,-0.08635937806329866,-173430072.23740408,-9429957.057641149,21633535.037224296,27.109999974568684,1294502103.2218268,976.055157105772,32.82505648165823,0.6050020882779563,32.22005439338027,0.2985068142530373,0.7817943474304184,1.082765830650867,1.172381844025062,25.645000457763672,25.645000457763672,0.9010716827782599,-0.45202502001235284,0.5103984094677853,1.172381844025062,27.394857270377024,0.07200002670288086,3.384211629080122,0.7757777320014106,-0.026115318147415856,0.019749352801763376,0.05667062348307228,0.1092380763943177,-0.04249911559369024,,-0.026462378804267946,-0.13260295881877815,-0.4911747001857979,-0.32878460548501,-0.2749755391704196
2026-06-24 00:00:00+05:30,26.86000061035156,27.57999992370605,26.649999618530277,27.11000061035156,7233661,0.0,0.0,26.082000160217287,25.959617576599122,26.238412532806404,,26.430777060314078,26.088878743939674,26.57382118961774,,26.572666867574057,25.997591326844457,27.04925996733586,26.01333242216661,27.48228464723647,26.651973281166836,27.805085368135792,26.360079150015977,26.47993401574241,27.504917661073215,26.239232134866796,27.46266042576533,26.923287764460635,26.049608750790558,27.42280266428466,26.980000495910645,26.61500072479248,27.46500015258789,57.96188476202815,0.5099695735595695,0.15799713793189418,0.35197243562767533,45.52673841522308,51.881258288979026,-6.354519873755947,54.57134484442449,65.84024744489737,-56.89319295251566,5.281555768355569,6.147218631733547,1.360000610351559,-1772.480028067848,1.7671176237218518,41.279798183163074,1.3655814651200897,1.7585536594571514,0.11056703775582655,0.013880966472654441,15.929121441269109,0.8522007122654607,-0.07779959291031346,-44038027.10970087,-39660229.48408598,2.5200001398722307,0,1,0,2.5200001398722307,0,0,0,1,0,0.8246483279543088,0.9300003051757744,23.873808629012796,26.082000160217287,28.29019169142178,16.932685512153565,0.7327697655767961,24.693086332714287,26.430777060314078,28.16846778791387,24.15999984741211,27.100000381469727,30.040000915527344,2.1906600855097644,0.35947065296077685,24.16972987969953,26.082000160217287,28.157231500945866,200104635.0,82.81313121314389,-0.08871789625837034,-173507840.45762694,-9302963.26779139,18811709.10557134,27.113333384195965,1301506771.7094727,976.055157105772,24.645271844858808,-6.0598260388171745,30.705097883675982,0.3167266354087401,0.9310790623071848,1.104095765602245,1.2190274596208077,25.869999885559082,25.869999885559082,0.675623131047032,-0.8921592971664559,0.5774294778595559,1.2190274596208077,27.5540002822876,0.07849998474121075,3.382201528881097,0.827311074998643,0.009683434830089155,-0.03865248663469456,0.06147218631733553,0.16791064306684467,-0.04395798202323686,,0.009636850862151694,-0.13260295881877815,-0.4911747001857979,-0.32878460548501,-0.2749755391704196
2026-06-25 00:00:00+05:30,27.09000015258789,27.32999992370605,27.0,27.15999984741211,5972740,0.0,0.0,26.163000106811527,25.980538749694826,26.22752952575684,,26.50022684956151,26.130883493095457,26.585428687791886,,26.675333504449757,26.044665141386144,27.12264214618604,26.098657276267087,27.517984256689076,26.753874672998478,27.830446832747686,26.549182230767133,26.551178996189044,27.5834969241811,26.370242636389904,27.456156725134164,26.937797620219015,26.116725930949094,27.26403655992495,27.135000228881836,26.61500072479248,27.46500015258789,58.348806449551624,0.5022695264440706,0.12023767265311619,0.38203185379095445,41.747577729680444,45.939956963449724,-4.19237923376928,47.641979359015565,55.142011255417074,-55.9223342681191,8.121014888632331,6.342986976558283,2.039999008178711,-1719.454857960304,1.550411661933449,41.418060263207046,0.9480806421206176,1.3655814651200897,0.12955223395090254,0.03538897155903485,15.870671065792761,0.5404577642695259,0.21045784056347472,-45991065.31391685,-42493200.30712331,2.15499973297119,0,1,0,2.15499973297119,0,0,0,1,0,0.7893162990794332,0.32999992370605136,23.919946640514084,26.163000106811527,28.40605357310897,17.146760364943507,0.7222416352487369,24.865173348646262,26.50022684956151,28.13528035047676,24.15999984741211,27.100000381469727,30.040000915527344,2.3842475453962906,0.35932733788217514,24.20993028320505,26.163000106811527,28.2799318853779,206077375.0,82.91195492588166,-0.08746266755881608,-173688836.7632652,-8462877.063029468,16166983.868084153,27.163333257039383,1302608329.9405227,976.2395880756535,16.965793783959093,-10.991443279773513,27.957237063732606,0.2600274608439957,0.8889665409949481,1.1215267331487206,1.2578222131672414,26.015000343322754,26.015000343322754,0.4619564416823518,-1.2030583119496936,0.6249645362924898,1.2578222131672414,27.700000299726216,0.08099994659423829,3.383465687167039,0.8795110872056744,0.0018443096988149943,-0.02965344517660551,0.06342986976558285,0.23000116611024501,-0.06235907890396131,,0.001842611047920622,-0.13260295881877815,-0.4911747001857979,-0.32878460548501,-0.2749755391704196
2026-06-26 00:00:00+05:30,27.15999984741211,27.15999984741211,27.15999984741211,27.15999984741211,0,0.0,0.0,26.2605001449585,25.99713218688965,26.21192533493042,,26.56306237316633,26.171240997186306,26.59680633451704,,26.77028586069743,26.090918517767214,27.18305121051669,26.17905341043849,27.538546323533293,26.84704449502252,27.8024965910478,26.714784019678167,26.588190816269012,27.636497158987517,26.464742877288217,27.484946947856116,26.94515405308227,26.180438656999808,27.167793670884343,27.15999984741211,26.660000801086426,27.52500057220459,58.34880644955163,0.4905128567502288,0.08678480236741948,0.40372805438280934,43.30933270931641,43.52788295140664,-0.218550242090231,49.694971988674865,50.63609873070497,-57.25647465141601,4.501731768363184,7.735029090661482,1.1700000762939453,-1712.916155596145,1.424823317808265,35.86331871480888,0.603568452279126,0.9480806421206176,0.14590885726315506,0.05766932362787728,16.2345297740273,0.3175351611219277,0.3175351611219277,-46514829.801150456,-44624188.34226057,1.863333066304523,0,1,0,1.863333066304523,0,0,0,1,0,0.7329365634309023,2.220446049250313e-16,24.02234797311377,26.2605001449585,28.498652316803227,17.0457695739996,0.700946949400725,25.083728253290626,26.56306237316633,28.04239649304203,24.15999984741211,27.100000381469727,30.040000915527344,2.5241458808048027,0.3545418309362793,24.380021481191655,26.2605001449585,28.280023007070557,206077375.0,84.14227933560612,-0.0799129823005569,-173688836.7632652,-7349852.973533273,13857414.744072132,,1302608329.9405227,976.2395880756535,6.888740781033392,-16.854797026159375,23.743537807192766,0.0,0.8037877976029002,1.1190760859223634,1.252331286083317,26.110000610351562,26.110000610351562,0.25127597033669374,-1.3457808949389063,0.6634338473239462,1.252331286083317,27.78985729217529,0.09750003814697265,3.3780871776675854,0.9175999704996743,0.0,-0.015228429204342975,0.07735029090661483,0.1661117268010528,-0.06489924050154117,,0.0,-0.13260295881877815,-0.4911747001857979,-0.32878460548501,-0.2749755391704196
2026-06-29 00:00:00+05:30,27.1200008392334,27.200000762939453,26.559999465942383,26.790000915527344,7304132,0.0,0.0,26.355500221252445,26.011636962890627,26.20157169342041,,26.584675567676904,26.19550609202321,26.600631969784573,,26.82071450551351,26.122011409086337,27.165172644122514,26.22632565861861,27.451080438890376,26.89022592643106,27.700586263152942,26.85046492773252,26.593052482926957,27.59968808740286,26.53161578341976,27.5011467471941,26.961120520479835,26.220149288710385,27.09419718568099,26.975000381469727,26.660000801086426,27.52500057220459,54.07711559165426,0.44619631633547385,0.03397460956213161,0.41222170677334224,40.736291285652456,41.93106724154977,-1.1947759558973132,43.27814094215757,46.871697429949336,-64.61231722350753,2.330025222463292,7.6335941039399895,0.6100006103515625,-1784.741203156116,1.231264551948101,35.7466991292692,0.05308209764916216,0.603568452279126,0.15800683918079095,0.07996529881058405,14.419625503108138,0.3650309010439585,-0.2749703959531118,-47721324.80671076,-46128523.69109103,1.7283331553141261,0,1,0,1.7283331553141261,0,0,0,1,0,0.7262983301142001,0.6400012969970705,24.202612667467825,26.355500221252445,28.508387775037065,16.33729229732914,0.6009111445488823,25.124325402647067,26.584675567676904,28.04502573270674,24.15999984741211,27.100000381469727,30.040000915527344,2.8560508101538558,0.3551385218777282,24.45918019228024,26.355500221252445,28.381681756306108,198773243.0,81.22564084138253,-0.077330541238073,-175743101.44005072,-6879986.1546681225,11491709.632298209,26.850000381469727,1292657957.8730397,976.2395880756535,2.5709311774813535,-16.93808530376913,19.509016481250484,0.32385997938045963,0.4036445781955293,1.0764437768923096,1.1587312048101803,26.255000114440918,26.255000114440918,0.11499575299562914,-1.2770661556373615,0.6649835010018963,1.1587312048101803,27.751143074035646,0.09500007629394513,3.36930129763897,0.9182222239176425,-0.013622935712940376,-0.02829157736419219,0.0763359410394,0.13963800445317776,-0.10726486173567962,,-0.013716579341648102,-0.13260295881877815,-0.4911747001857979,-0.32878460548501,-0.2749755391704196
2026-06-30 00:00:00+05:30,27.07999992370605,27.239999771118164,26.76000022888184,26.989999771118164,3981635,0.0,0.0,26.463500213623046,26.027387695312505,26.191545982360836,,26.623277872766547,26.22666270688968,26.608342223276328,,26.881143034072153,26.16037857803644,27.1834154084413,26.28620844986285,27.423673352533825,26.95167307271228,27.558974577338144,26.968572145201886,26.603399055888204,27.42638434377372,26.606454326293846,27.53540764992348,26.97294271998303,26.26912801279923,27.045351415087254,26.890000343322754,26.660000801086426,27.52500057220459,55.95420108713751,0.4223448464697839,0.00809851175715326,0.4142463347126306,39.165003582756064,41.07020919257498,-1.905205609818914,38.95186606385144,43.974992998227954,-60.636197376808276,2.5066458386803343,8.699153661091586,0.6599998474121129,-1898.6546023672988,1.13561754226685,37.80088365462385,-0.4387579012455802,0.05308209764916216,0.16739518891339955,0.10085908781581024,12.976206617490213,0.38288277933371617,-0.0971167629026084,-50254072.869540125,-47452907.899863236,1.4783331553141263,0,1,0,1.4783331553141263,0,0,0,1,0,0.7087055595514947,0.4799995422363248,24.418838283244177,26.463500213623046,28.508162144001915,15.452694570813462,0.6287497824634412,25.2105801915993,26.623277872766547,28.035975553933795,24.5,27.270000457763672,30.040000915527344,3.063248965928731,0.35461854293963585,24.628033042258146,26.463500213623046,28.45053422481429,202754878.0,80.94500441525882,-0.0861620507900016,-175909006.85378683,-6115102.70998767,9963797.176738515,26.996666590372723,1295630419.299567,976.9861309974751,-3.359230858271385,-18.294597871617498,14.935367013346111,0.1763812885533045,0.5149991298537647,1.022330965189434,1.0451606023851594,26.5600004196167,26.5600004196167,-0.010997935699896853,-1.192500393972975,0.6675166120036712,1.0451606023851594,27.716428674970352,0.10799999237060565,3.36148697018836,0.9207555770874019,0.007465429218216357,0.005214129894205,0.08699153661091596,0.12692756087827584,-0.08286474780249076,,0.007437700818930991,-0.13260295881877815,-0.4911747001857979,-0.32878460548501,-0.2749755391704196
2026-07-01 00:00:00+05:30,27.1200008392334,27.18000030517578,26.809999465942383,26.8799991607666,3244560,0.0,0.0,26.552500152587893,26.033266525268562,26.17766624450683,,26.647727519242743,26.25228374429662,26.613721568573165,,26.920809600466775,26.193814321779737,27.176639731665027,26.334110650936335,27.365764483853653,26.994886014451684,27.37907101701348,27.06934231501873,26.6485874183119,27.268633315834798,26.669730525498238,27.56173603287099,26.978263566908353,26.30892839128609,26.98861570811094,26.934999465942383,27.09500026702881,27.655000686645508,54.631533965092,0.3900697732823559,-0.019341249144219808,0.40941102242657573,36.168025171633616,38.68977334668071,-2.521748175047094,23.99903952452538,35.4096821768448,-66.24740988478337,-4.680856618655141,7.091628494997845,-1.3200016021728516,-2052.39476474865,1.0666175730088234,37.98011068163701,-0.8074162977261069,-0.4387579012455802,0.17384935578894645,0.1194034189720947,11.765996879569355,0.31961443210816753,-0.0503864071252309,-52699508.29234868,-49194188.90766682,1.3299996058146153,0,1,0,1.3299996058146153,0,0,0,1,0,0.6845123652430594,0.37000083923339866,24.605087767244736,26.552500152587893,28.49991253793105,14.668391858785888,0.5840856848409639,25.299096124046965,26.647727519242743,27.99635891443852,24.88999938964844,27.46500015258789,30.040000915527344,3.1712667945798176,0.3548594962750624,24.774828409720307,26.552500152587893,28.517329668570397,199510318.0,81.30583094890414,-0.10395493801413684,-177925903.63924152,-5888017.304355115,8489411.35430126,26.956666310628254,1294308064.4149842,976.5785703776737,-9.06426771019429,-19.19970777883232,10.135440068638031,0.4540190797272706,0.3363427393638557,0.9737061926715779,0.94810374964698,26.820000648498535,26.820000648498535,-0.15314541488579636,-0.9625307433140669,0.6395520097425952,0.94810374964698,27.65742849622454,0.08899993896484375,3.3430533697011877,0.9088666152954095,-0.004075606198013837,-0.008484007539901528,0.07091628494997848,0.12325728217516652,-0.08782205513070696,,-0.004083934116199626,-0.13260295881877815,-0.4911747001857979,-0.32878460548501,-0.2749755391704196
2026-07-02 00:00:00+05:30,26.899999618530277,27.479999542236328,26.8799991607666,27.149999618530277,6088262,0.0,0.0,26.656500148773198,26.052610664367677,26.16806024551391,,26.695562957270127,26.287488288384214,26.624340935899045,,26.977714311508908,26.237607776417452,27.21738226005792,26.39993027045555,27.382077736654516,27.064207358855576,27.23262588500976,27.164448529559714,26.686580951761584,27.216382458455723,26.764643059893913,27.57071542737775,26.991676762670078,26.361899378228806,26.975040289900832,27.014999389648438,27.190000534057617,28.070000648498535,57.299642308852135,0.38187629350375474,-0.022027783138256818,0.40390407664201156,33.25537198501661,36.196133579802094,-2.940761594785485,20.2500012871073,27.73363562516137,-73.35027678335854,-3.001072381053221,8.296768843341791,-0.8400001525878871,-2240.3717517622767,1.0156468896304887,41.46560810924367,-0.879193168060591,-0.8074162977261069,0.17901465846834608,0.13531509977627248,9.307391591375808,0.578240276959761,-0.021760104509965572,-54710486.824038975,-51389828.992421225,1.1199995676676444,0,1,0,1.1199995676676444,0,0,0,1,0,0.6784757949735356,0.6000003814697268,24.823650813150273,26.656500148773198,28.489349484396122,13.751612742809952,0.6346263056557662,25.361086860384475,26.695562957270127,28.03003905415578,24.88999938964844,27.46500015258789,30.040000915527344,3.3233369790491474,0.3551495622652335,24.84677343366961,26.656500148773198,28.65677480696062,205598580.0,81.34085091455538,-0.1043982325370514,-178534724.03302604,-5453560.008768201,7511471.66468468,27.169999440511067,1300423516.7152376,976.5785703776737,-11.591396191709602,-17.381469008278106,5.790072816568504,1.033869310142691,0.5385052226230642,0.9164246678114627,0.8398341717733497,26.864999771118164,26.864999771118164,-0.2999082151696798,-0.6751470145263129,0.6167044548955342,0.8398341717733497,27.62014263698033,0.10399999618530291,3.3306436602538763,0.9071110280354815,0.010044660200650757,-0.00036819694175316275,0.08296768843341784,0.06494443621066615,-0.07650185514896679,,0.009994547896026528,-0.13260295881877815,-0.4911747001857979,-0.32878460548501,-0.2749755391704196
2026-07-03 00:00:00+05:30,27.600000381469727,27.75,26.82999992370605,26.959999084472656,6948881,0.0,0.0,26.741500091552737,26.07110557556153,26.156947650909416,,26.720747350337035,26.313861260779838,26.6309876319104,,27.006618972051715,26.27319163602941,27.215655456110337,26.44723249154221,27.340317423351287,27.1055679918846,27.116052547801623,27.247745129684517,26.701779620154056,27.1338696980429,26.853480539086185,27.594970551331844,27.003799746057332,26.400954037487733,26.978769391815263,27.054999351501465,27.265000343322754,28.09500026702881,54.854863843225885,0.3559482961626017,-0.03836462438352789,0.3943129205461296,27.07497158940128,32.1661229153505,-5.09115132594922,9.049719499362553,17.766253436998408,-79.17739856365425,-2.2480088504296214,6.730003326156221,-0.6200008392333949,-2491.486780366739,0.968558659273036,35.41453777631596,-0.4061397993601817,-0.879193168060591,0.18202063670167412,0.14836542538037753,6.9832919805102325,0.8399207605525625,-0.08007931574138638,-56400770.0811786,-53579138.863915674,0.7266661326090506,0,1,0,0.7266661326090506,0,0,0,1,0,0.6957275293535652,0.9200000762939491,25.02751740810786,26.741500091552737,28.455482774997613,12.818897051974272,0.5637401401514645,25.338126105289266,26.720747350337035,28.103368595384804,24.88999938964844,27.46500015258789,30.040000915527344,3.5250031030892246,0.3569719898565977,24.88894120137066,26.741500091552737,28.818942460220754,198649699.0,81.45773196951394,-0.12043555379819104,-183519803.67790884,-6366211.001330078,6249791.269572176,27.179999669392902,1295560565.9982817,976.5785703776737,-12.877138708383724,-14.933769219961782,2.0566305115780588,1.245285655572497,0.25496056060585803,0.8569913417224372,0.7344341597872232,26.91999912261963,26.91999912261963,-0.44284525461171925,-0.16645838413117067,0.5617320215456442,0.7344341597872232,27.536856733049664,0.08499994277954084,3.3218275859009774,0.8900443013509111,-0.006998178148332035,-0.007363798382293063,0.06730003326156231,0.06695932530097193,-0.06193747406355554,,-0.007022780244117837,-0.13260295881877815,-0.4911747001857979,-0.32878460548501,-0.2749755391704196
2026-07-06 00:00:00+05:30,26.809999465942383,26.93000030517578,26.5,26.56999969482422,3035333,0.0,0.0,26.818500041961673,26.080226745605476,26.13701719284057,,26.706390430764387,26.32390590525217,26.6297799499879,,26.990285600934712,26.292756111294615,27.141174837326883,26.46169762851688,27.19956660363987,27.098463190269662,26.988166709751273,27.30888139280875,26.689940654457725,27.05350106091298,26.910598928374664,27.621351659252397,27.017127880749566,26.412724357462952,26.941580929242345,26.764999389648438,27.385000228881836,28.195000648498535,50.127117957526025,0.30046688487022877,-0.07507682854072067,0.37554371341094944,17.81145493413722,26.047266169518366,-8.235811235381146,7.948145718662554,12.415955501710801,-94.03795985057553,-3.62713097957608,6.152612728454143,-1.0,-2899.8043742879836,0.8798233593211471,32.76011590293066,-0.5209538366597036,-0.4061397993601817,0.18141583175930176,0.15863673775359366,4.677729759662192,0.06850385781737245,-0.3614964473584088,-58575400.755023815,-55582903.8096346,0.2549994786580414,0,1,0,0.2549994786580414,1,0,0,0,0,0.6788897832906431,0.45999908447265625,25.30117196365547,26.818500041961673,28.335828120267877,11.315532754867796,0.4181125194048817,25.367828526297803,26.706390430764387,28.04495233523097,25.01000022888184,27.52500057220459,30.040000915527344,3.84864668227602,0.3599785309871241,24.989975012492682,26.818500041961673,28.867476023387454,195614366.0,80.22436605495326,-0.11994738469634364,-185566893.73420662,-6812168.606988311,5187852.800007614,26.66666666666667,1291169697.8321862,975.1319850553729,-17.438095741365746,-15.595781002355045,-1.8423147390107022,0.5992449433914838,-0.32754992238047326,0.7586640391531015,0.5755711243040987,26.91999912261963,26.91999912261963,-0.307117152714001,0.1504892169629815,0.43627385085172493,0.5755711243040987,27.33385671888079,0.07699995040893555,3.3128551581808257,0.8776665369669593,-0.014465853223008973,-0.008212064695212962,0.06152612728454132,0.029092330430790847,-0.06137339697784261,,-0.014571503799381838,-0.13260295881877815,-0.4911747001857979,-0.32878460548501,-0.2749755391704196
2026-07-07 00:00:00+05:30,26.670000076293945,26.729999542236328,26.26000022888184,26.399999618530277,2849043,0.0,0.0,26.83649997711182,26.091652641296392,26.11499330520629,,26.677210353408757,26.326889972439545,26.625229844414477,,26.95042841775077,26.305296223958333,27.044185698881638,26.46214514365822,27.035665289321834,27.07150242749411,26.848083505589205,27.345450710197174,26.678421015656824,26.923643686226885,26.941555788265493,27.661142648043928,27.031659798569812,26.411813693901877,26.83735902277747,26.484999656677246,27.19499969482422,27.46500015258789,48.177915881527596,0.2400131589981065,-0.10842444353027436,0.34843760252838085,10.86458175282833,18.58366942545561,-7.71908767262728,1.5453078811299288,6.181057699718345,-94.19089632728522,-1.6759804713076032,1.3824834498691214,-0.4500007629394496,-3135.5413400839257,0.722352745953728,30.7705462740722,-0.8591249677646109,-0.5209538366597036,0.17727752175447087,0.16604901375344305,1.3570568793953273,-0.06556878671806388,-0.5355681000725525,-57715087.5046912,-57062986.000189155,-0.22000058492024502,0,1,0,-0.22000058492024502,1,0,0,0,0,0.6639690354380606,0.46999931335448886,25.349825615498453,26.83649997711182,28.323174338725188,11.07949518663995,0.35319570652047666,25.37660685634766,26.677210353408757,27.977813850469854,25.01000022888184,27.52500057220459,30.040000915527344,4.1372727689579625,0.3340878886922771,25.112567371671535,26.83649997711182,28.83506817275796,192765323.0,42.28734098492034,-0.15634756302515188,-186718639.44142812,-6741782.297329158,4377539.896097281,26.463333129882812,1289346824.1666698,974.4921654157548,-21.53877587009223,-15.757168904865223,-5.781606965227008,0.6106193831071278,-0.5872171739180939,0.7433371808066832,0.5525501643696277,26.91999912261963,26.91999912261963,-0.35050125260069337,0.42180061536493024,0.3184890365295122,0.5525501643696277,27.178285299028666,0.01799993515014666,3.3085595636113627,0.850799848768446,-0.0063981963961805555,-0.021859953967811485,0.013824834498691319,0.035925684181046025,-0.07157264339467917,,-0.006418752583334895,-0.13260295881877815,-0.4911747001857979,-0.32878460548501,-0.2749755391704196
2026-07-08 00:00:00+05:30,26.399999618530277,26.729999542236328,25.84000015258789,26.11000061035156,6530848,0.0,0.0,26.854500007629397,26.090000114440926,26.09075792312621,,26.623190377879503,26.318384507259626,26.61502728532412,,26.88123800186884,26.306015752156576,26.906340474495167,26.44016363659098,26.822789640689294,27.012676986698434,26.66765670999304,27.352366859466443,26.6048812100881,26.746153942137752,26.949730130916997,27.680648185681633,27.03182485749771,26.389241415431528,26.654515633561967,26.255000114440918,26.845000267028805,26.890000343322754,44.96574940696773,0.1667801120470216,-0.14532599238508742,0.312106104432109,8.209435380673185,12.295157355879578,-4.085721975206393,0.0,3.1644845332641607,-87.1428376801197,-3.6886756823537827,1.3980606227245007,-1.0,-3258.262121029256,0.5377056851106516,30.589014222089794,-1.2759512946178337,-0.8591249677646109,0.16924276645347014,0.170459072920395,-1.3016152084752906,0.03236945879662656,-0.8576299308518109,-51604271.05505628,-56764336.27594415,-0.630000432332355,0,1,0,-0.630000432332355,1,0,0,0,0,0.6801140607388019,0.8899993896484377,25.41525369677673,26.854500007629397,28.293746318482064,10.718846453620625,0.24135789278599323,25.27693018727214,26.623190377879503,27.969450568486867,25.01000022888184,27.52500057220459,30.040000915527344,4.371107584648995,0.33401583161971027,25.117371581518864,26.854500007629397,28.864872001135563,186234475.0,49.34669488243889,-0.1520270432862866,-189286941.01702783,-6917285.463129461,3481614.2762882463,26.226666768391922,1282172811.0229855,974.4921654157548,-21.03897230576051,-12.205892272426802,-8.833080033333708,1.4211263895364363,-1.0345684288560264,0.719623155426334,0.5178574858257537,26.91999912261963,26.91999912261963,-0.3286042943604672,0.7054158304640883,0.13536391585237287,0.5178574858257537,26.934713990347724,0.018000030517577946,3.3020359233884977,0.830533192952474,-0.01098481107458682,-0.02864578029968523,0.013980606227244952,0.0036291963017549556,-0.0824060641867187,,-0.011045589615461678,-0.13260295881877815,-0.4911747001857979,-0.32878460548501,-0.2749755391704196
2026-07-09 00:00:00+05:30,26.399999618530277,26.46999931335449,26.0,26.049999237060547,3410956,0.0,0.0,26.900999927520754,26.08400009155274,26.068971614837636,,26.568600745420557,26.3078595947028,26.60383861110108,,26.804618880862282,26.30444709029852,26.775393546324256,26.414750901015584,26.630714762474785,26.950508760375488,26.470302595576165,27.331361029024297,26.52024158542037,26.574139150192153,26.94542691971395,27.704016880027858,27.03477100320165,26.363722713885192,26.44720638217742,26.079999923706055,26.809999465942383,26.890000343322754,44.307520659167196,0.10271673081658506,-0.16751149889241918,0.27022822970900423,9.555406859846885,9.543141331116132,0.012265528730752706,0.0,0.5151026270433096,-90.00004541305444,-4.086894759159311,3.702222797598958,-1.1100006103515625,-3626.9685484843344,0.3054704722236181,27.952152401899124,-1.7140784020407056,-1.2759512946178337,0.1582196852137674,0.17182694269268525,-3.5626268853642418,-0.13511207774533318,-0.6051113910998218,-41415837.35869455,-53104992.53886888,-0.8800004323323549,0,1,0,-0.8800004323323549,1,0,0,0,0,0.6651058644970652,0.46999931335448886,25.649913536093333,26.900999927520754,28.152086318948175,9.301411804752371,0.15989531326878953,25.261032132327326,26.568600745420557,27.87616935851379,25.270000457763672,27.655000686645508,30.040000915527344,4.575198599049468,0.32054701087932364,25.181533452058808,26.900999927520754,28.89153396704294,182823519.0,54.15256339306161,-0.15153826571286072,-191972171.7114742,-7214629.664359838,2955003.373356323,26.173332850138348,1281388965.6018786,974.2623631488517,-23.879954052445242,-12.037499215289227,-11.842454837156016,0.7860495717691414,-1.3604187469248419,0.6255431957137105,0.39130428970372155,26.91999912261963,26.91999912261963,0.37373174313659224,-0.36039347370074604,-0.1922566247401939,0.39130428970372155,26.611856787545342,0.04649991989135742,3.296932463903498,0.8133332570393882,-0.002298022669031452,-0.040515668395036175,0.03702222797598953,-0.0024485754599333776,-0.09914995180037078,,-0.002300667175325559,-0.13260295881877815,-0.4911747001857979,-0.32878460548501,-0.2749755391704196
2026-07-10 00:00:00+05:30,26.209999084472656,27.049999237060547,26.13999938964844,26.700000762939453,10242162,0.0,0.0,26.93649997711181,26.09100009918214,26.059291725158683,,26.58111503280331,26.32323767973169,26.60574281212758,,26.785476103283113,26.32860397937251,26.779535731729148,26.44071219298153,26.64106112074251,26.965628119423705,26.355096648080004,27.305549239528716,26.525261165579025,26.57755452735019,27.001292563616673,27.70355188935271,27.026532841762748,26.38655515410296,26.350304620581696,26.375,26.604999542236328,26.795000076293945,52.43123678557369,0.10320603555440044,-0.13361775532368303,0.23682379087808347,22.62777682332436,13.46420635461481,9.163570468709551,19.285309165370183,6.428436388456728,-54.97378643685278,-1.6936637962333656,2.7318237709655153,-0.45999908447265625,-4012.0737542812285,0.1273527257582714,34.305428482380755,-1.6072238513616686,-1.7140784020407056,0.14813620933191718,0.1707302060428104,-4.577504333383201,0.4313322214122053,-0.47866762599990054,-32010180.32355135,-45960914.1092907,-1.0850003560384103,0,1,0,-1.0850003560384103,1,0,0,0,0,0.6890268741758463,1.0,25.75595096895384,26.93649997711181,28.117048985269783,8.765422450289343,0.3998350714209774,25.207600573338006,26.58111503280331,27.954629492268616,25.84000015258789,27.940000534057617,30.040000915527344,4.558600391114368,0.3095582534975367,25.211434804216964,26.93649997711181,28.9564351666132,193065681.0,55.22758668875078,-0.15924148285491563,-189608562.83847848,-5928337.681240916,3483920.166919556,26.62999979654948,1306945284.6931577,974.2623631488517,-18.4777156391594,-5.3082086416027074,-13.169506997556692,1.9095752666147758,-0.40065971431608993,0.5902745040789863,0.3484239901656932,26.91999912261963,26.91999912261963,0.4567493202842005,-0.10423968447584203,-0.3976357439033935,0.3484239901656932,26.483428355625698,0.03550004959106445,3.2975805382441226,0.784088804456923,0.024952074660876233,-0.009643854983769184,0.027318237709655246,0.014039808977755808,-0.07667187413943954,,0.024645855068842197,-0.13260295881877815,-0.4911747001857979,-0.32878460548501,-0.2749755391704196
2026-07-13 00:00:00+05:30,26.68000030517578,26.8799991607666,26.26000022888184,26.46999931335449,5113047,0.0,0.0,26.950999927520748,26.087800102233896,26.045344657897935,,26.570532583331993,26.32899303791298,26.603054822052865,,26.741047468639557,26.343466693653777,26.740481475695603,26.447390365366417,26.589434716960916,26.952607978928043,26.287435638047913,27.269035668824152,26.524181353983046,26.517787320515964,26.997320216462356,27.711268814229246,27.024998756106356,26.39244064875206,26.34033512709113,26.585000038146973,26.604999542236328,26.795000076293945,49.670303691899285,0.08406556282591282,-0.12220658244173652,0.20627214526764934,29.336806679988555,20.5066634543866,8.830143225601955,32.016296704048344,17.100535289806174,-67.01574811012712,-1.1944814902465488,1.107712012216343,-0.3200016021728551,-4112.796206491308,0.06849968293133557,34.0495937440027,-1.416347928106854,-1.6072238513616686,0.13783650470906572,0.1674459077978844,-5.039382958902406,0.2825703883030961,-0.33742854358166596,-28662651.68896733,-37853159.68475256,-0.9933334986368809,0,1,0,-0.9933334986368809,1,0,0,0,0,0.6840963068693403,0.6199989318847623,25.802895589922404,26.950999927520748,28.09910426511909,8.51993870866341,0.29052399750860725,25.20973399012343,26.570532583331993,27.931331176540557,25.84000015258789,27.940000534057617,30.040000915527344,4.427739329075487,0.3106712317943596,25.216498882878085,26.950999927520748,28.968998940098537,187952634.0,56.65452989077629,-0.1508588226275589,-191257941.9718209,-5387989.9868248105,2818216.1113887546,26.53666623433431,1302540759.6437488,973.4009345233356,-19.56055610012086,-5.112839282051333,-14.447716818069527,0.9938913661646994,-0.8379040099655709,0.5740521687991721,0.3295358925030331,26.91999912261963,26.91999912261963,0.5148139494254035,0.04493554429120055,-0.6353976313129479,0.3295358925030331,26.321142550877163,0.01449995040893537,3.299820631690331,0.7325776757134331,-0.008614286255160475,-0.0037636576070119165,0.01107712012216333,0.015547320020823152,-0.09264992923823012,,-0.008651603682223187,-0.13260295881877815,-0.4911747001857979,-0.32878460548501,-0.2749755391704196
2026-07-14 00:00:00+05:30,26.46999931335449,26.46999931335449,26.020000457763672,26.190000534057617,4091193,0.0,0.0,26.94399995803833,26.08200012207032,26.022794494628894,,26.534291435782052,26.32354235148728,26.594875529221277,,26.66857133592878,26.3474745537253,26.655265109661087,26.43205971247471,26.474292844557947,26.907972353801874,26.22848162985467,27.21645908201596,26.50379569458428,26.420855376404788,26.98291554397816,27.70762853574878,27.022409063029897,26.37752834558727,26.359020218145446,26.329999923706055,26.604999542236328,26.795000076293945,46.462701608633424,0.04577536888873723,-0.12839742110312968,0.17417278999186692,32.11169807301178,28.025427192108232,4.086270880903548,37.13259203872515,29.478065969381223,-81.67537123398476,-2.9640579616329648,-0.5317105585039762,-0.7999992370605469,-4057.4715400597825,-0.003559140598074606,36.05011192460844,-1.5553619464985542,-1.416347928106854,0.1262953814609835,0.1621621328725552,-5.625996309595142,-0.0692254250510338,-0.5192242806418506,-26831561.573922805,-31598843.826275785,-0.9183333714803054,0,1,0,-0.9183333714803054,1,0,0,0,0,0.6673750603494458,0.449998855590817,25.77838008335534,26.94399995803833,28.109619832721318,8.652166541703425,0.17656718954548714,25.217378640861767,26.534291435782052,27.851204230702336,25.84000015258789,27.940000534057617,30.040000915527344,4.410079322439042,0.31248238061635947,25.20508118220166,26.94399995803833,28.970081048687252,183861441.0,48.731456859438744,-0.15293196760469677,-192258002.12340465,-4995322.343083501,2251966.8032092317,26.226666768391926,1298213109.188201,972.3431378230705,-21.510878755929767,-5.650529550288191,-15.860349205641576,0.7935699234311949,-1.293731241818051,0.5828099373414944,0.33966742306399667,26.91999912261963,26.91999912261963,0.4725465369834029,-0.021959442638926317,-0.8907576201403189,0.33966742306399667,26.11771409170968,-0.006999969482421697,3.299690936555388,0.6856665929158529,-0.010577967002651456,-0.007954510890419098,-0.0053171055850397275,-0.00047562764979147687,-0.1013388452025723,,-0.010634311387209616,-0.13260295881877815,-0.4911747001857979,-0.32878460548501,-0.2749755391704196
2026-07-15 00:00:00+05:30,26.190000534057617,26.739999771118164,26.07999992370605,26.239999771118164,6430063,0.0,0.0,26.845999908447265,26.06740013122559,25.99494123458861,,26.506263658195014,26.32026617186496,26.58784828648656,,26.601523699079245,26.353670618393842,26.590357564363963,26.421380248078503,26.393253344199614,26.871516688688512,26.181225438551465,27.154236984421424,26.49172770136926,26.31696438090967,26.997703118841876,27.018291919864396,27.011217135395874,26.367497304906557,26.359701623076628,26.21500015258789,26.604999542236328,26.795000076293945,47.11940898544933,0.019242815696191684,-0.1239439794365402,0.1431867951327319,24.083756911226665,28.510753888075666,-4.426996976849001,24.522569757712652,31.223819500162044,-79.05760992220813,-2.3809501846360366,-6.95035793898676,-0.6399993896484375,-4280.914452871713,-0.004147344477036796,35.78355346031193,-1.6115566922749869,-1.5553619464985542,0.11430585373006785,0.15497226567941316,-6.063272316919179,0.24352145661083568,-0.41647839080127724,-26300467.45219277,-28216512.383587398,-0.8133335113525395,0,1,0,-0.8133335113525395,1,0,0,0,0,0.6668482594253506,0.6599998474121131,25.80174957698653,26.845999908447265,27.890250239908,7.77955997185379,0.20983962414385524,25.189056872807686,26.506263658195014,27.82347044358234,25.84000015258789,27.255000114440918,28.670000076293945,4.392821107057368,0.17841348979945623,25.47125960624982,26.845999908447265,28.478759301074028,190291504.0,48.93165554752074,-0.36565374794044797,-195570461.07278475,-5434529.577893585,1976185.580500949,26.353333155314132,1299440670.2332387,972.3431378230705,-20.215448084242606,-3.4840791028808233,-16.731368981361783,1.1746598287885222,-1.1606415034245783,0.5221251657303675,0.2726146886889637,26.864999771118164,26.864999771118164,0.33319054229622896,-0.242095435205245,-0.8648957366804833,0.2726146886889637,26.112571280343193,-0.09800004959106445,3.300229435492892,0.6476666132609049,0.001909096450591008,0.0049789030152325164,-0.06950357938986762,-0.013016517764037783,-0.07335314831403261,,0.0019072764419753622,-0.13260295881877815,-0.4911747001857979,-0.32878460548501,-0.2749755391704196
2026-07-16 00:00:00+05:30,26.100000381469727,26.3799991607666,26.0,26.100000381469727,3197043,0.0,0.0,26.751499938964844,26.04360012054444,25.972966442108138,,26.46757191755451,26.311628297731815,26.578187931931772,,26.530476125081382,26.354949059579887,26.508650067318335,26.400477982083565,26.291398659945955,26.821178577939694,26.120478791406143,27.080613669457296,26.450965300816584,26.21439650448654,26.966812839350872,26.828011596465487,26.99970964105121,26.347594955696287,26.305296173886305,26.170000076293945,26.59999942779541,26.795000076293945,45.43871393197981,-0.012932131029991467,-0.12489514093017869,0.11196300990018722,17.62653245322335,24.607329145820596,-6.980796692597245,14.693836634732765,25.449666143723523,-86.38742148413705,-3.8674005591657923,-6.752409450173191,-1.0499992370605504,-4486.127429203491,-0.03520615521598813,35.64541491599479,-1.8700928516685107,-1.6115566922749869,0.10161527935066417,0.1460383370848565,-6.339148074130709,-0.05983944902106941,-0.439838609787671,-26703873.826896537,-26938430.594682503,-0.7183335622151692,0,1,0,-0.7183335622151692,1,0,0,0,0,0.6463590380925829,0.3799991607666018,25.805722196195884,26.751499938964844,27.697277681733805,7.070838980444532,0.15557470427052042,25.203432604915193,26.46757191755451,27.731711230193824,25.84000015258789,26.890000343322754,27.940000534057617,4.403830477700453,0.17796055540522454,25.432132084613077,26.751499938964844,28.31213172221683,187094461.0,46.812428148152506,-0.3413957936125601,-197084839.72726277,-5602004.875114024,1629932.7734751266,26.15999984741211,1297734938.249306,971.8096035590858,-22.93240221454975,-4.960826586550372,-17.97157562799938,0.6166116175742478,-1.3777011829179207,0.47288887138447955,0.22362388467928684,26.820000648498535,26.820000648498535,0.06639280755761984,-0.9316663152396003,-0.8176712652538154,0.22362388467928684,26.088428497314453,-0.09449996948242187,3.2980536851828166,0.613333257039388,-0.0053353426398475845,0.0019194297840148256,-0.06752409450173191,-0.003162087527037283,-0.07669359839935863,,-0.00534962640891136,-0.13260295881877815,-0.4911747001857979,-0.32878460548501,-0.2749755391704196
2026-07-17 00:00:00+05:30,26.059999465942383,26.190000534057617,25.920000076293945,26.059999465942383,2639502,0.0,0.0,26.67549991607666,26.029200096130378,25.949017906188946,,26.428755493591446,26.30176050040674,26.56792677418941,,26.46461893717448,26.35559217116412,26.430801816934995,26.37764505853041,26.19892651017021,26.769390901898532,26.062174926444044,26.995503969593205,26.415745518589834,26.151120574255494,26.9265456153257,26.73536902290333,26.996995411832533,26.326130477323073,26.225899328684328,26.079999923706055,26.59999942779541,26.795000076293945,44.94542311239551,-0.04118400413639378,-0.1225176112292648,0.08133360709287102,15.357752723714038,19.02268069605468,-3.664927972340644,11.21418046346205,16.810195618635824,-88.4817104225127,-3.3382776301673514,-5.511241704018899,-0.8999996185302734,-4508.49181777564,-0.1720295008491064,36.74190014898411,-2.218859038895064,-1.8700928516685107,0.08852461473696227,0.135717090749041,-6.466044978649419,-0.19557534089501516,-0.46557579865868703,-26980585.21879327,-26636804.89181578,-0.721666653951009,0,1,0,-0.721666653951009,1,0,0,0,0,0.6194762823548036,0.2700004577636721,25.76646984665327,26.67549991607666,27.58452998550005,6.815467918376601,0.16145209557000856,25.233581742581844,26.428755493591446,27.623929244601047,25.84000015258789,26.890000343322754,27.940000534057617,4.331200862662059,0.17298326259552707,25.375372881356064,26.67549991607666,28.205372805062108,184454959.0,50.11727567833732,-0.3214931343221132,-196987096.96822408,-5130144.35745424,1382002.020616358,26.05666669209798,1297330407.6171486,971.6563433485774,-25.89839082321402,-6.341452156171712,-19.556938667042306,0.5552265404606178,-1.3541916177199669,0.45451503471169513,0.20658391677897345,26.7450008392334,26.7450008392334,0.07748500870322707,-1.0616278632663885,-0.7551109358456431,0.20658391677897345,26.042856979370114,-0.07600002288818342,3.2971205549381435,0.5880444166395401,-0.0015326021050844352,-0.02397008534491929,-0.05511241704018899,0.000950478209807093,-0.08605872392333702,,-0.001533777741032313,-0.13260295881877815,-0.4911747001857979,-0.32878460548501,-0.2749755391704196
2026-07-20 00:00:00+05:30,26.0,26.729999542236328,25.93000030517578,26.63999938964844,5949497,0.0,0.0,26.62899990081787,26.034800071716315,25.931557884216293,,26.44887395988259,26.315024770573082,26.56935395469355,,26.461237934657508,26.379545084635417,26.468927817171124,26.40067756638113,26.275428403667497,26.78644599719628,26.081325948475758,26.916978807447283,26.417233021504227,26.220537582494647,26.92746535023806,26.662196365818637,26.998477588771074,26.347511651045412,26.22697641982595,26.34999942779541,26.59999942779541,26.795000076293945,52.92547377246807,-0.01658152899093679,-0.07833210886704625,0.06175057987610946,22.338549416311388,18.440944864416256,3.8976045518951317,26.649608943570012,17.519208680588275,-58.115219844416075,0.26345387891689775,-3.373232917918272,0.0699996948242223,-4958.867909601756,-0.2709117945502797,45.668001480922996,-1.7546032716110314,-2.218859038895064,0.07802756536228195,0.12468931781657558,-5.709336899420428,0.30807745089857974,-0.49192178616196713,-26109385.410502903,-26629795.15901255,-0.7383333841959641,1,0,0,-0.7383333841959641,1,1,0,0,0,0.6323707791194996,0.7999992370605471,25.823364509391176,26.62899990081787,27.434635292244565,6.0508122304807275,0.5068265923689697,25.21514547333856,26.44887395988259,27.68260244642662,25.84000015258789,26.795000076293945,27.75,4.206695160704624,0.1941605511906101,25.267672618052174,26.62899990081787,28.177671988627115,190404456.0,51.456828481965346,-0.2391486895457822,-192376240.33940396,-3003643.0040184855,1677531.4185410815,26.433333079020183,1310571803.921086,971.6563433485774,-23.720747680890742,-3.3310472110787472,-20.389700469811995,1.1792074318785624,0.027306369475878493,0.40281769571334775,0.16226209597981123,26.670000076293945,26.670000076293945,-0.1424929333336679,-1.4710915617061204,-0.6896949259391053,0.16226209597981123,26.125714002336775,-0.046500015258788885,3.302314179326015,0.5379555681016709,0.02225632907107533,0.006422367990322808,-0.033732329179182674,0.020144726264835544,-0.057918551792034756,,0.022012271557779982,-0.13260295881877815,-0.4911747001857979,-0.32878460548501,-0.2749755391704196
2026-07-21 00:00:00+05:30,26.600000381469727,26.940000534057617,26.5,26.86000061035156,5244113,0.0,0.0,26.629499912261966,26.06240009307862,25.91256029129027,,26.488028878974873,26.336396372133024,26.57510933401351,,26.483238002232145,26.41190589007209,26.541598724271804,26.43922373431011,26.396851815490407,26.826365045330213,26.17698008434081,26.8495796099266,26.430571637679403,26.352867394671495,26.872270648572396,26.65970493162942,27.015917349454725,26.38140315381507,26.328668723107835,26.75,26.59999942779541,26.795000076293945,55.556941197900336,0.020432832720320704,-0.03305419772463101,0.05348703044495171,35.602079775778336,24.432793971934586,11.16928580384375,52.60951382219542,30.157767743075823,-46.59683040573621,1.7424280245004444,0.0372447997756229,0.46000099182128196,-5229.845030571814,-0.23105877707986622,46.77557293012827,-0.9281815385410627,-1.7546032716110314,0.07059298576965745,0.11372823107392972,-4.3209749259188035,0.45549579714646526,0.015495263088848077,-24326042.018403444,-26201642.850648716,-0.6399997075398768,1,0,0,-0.6399997075398768,1,1,0,0,0,0.6186300473293651,0.4400005340576174,25.8232747982445,26.629499912261966,27.43572502627943,6.055127709298261,0.6429505817184201,25.28798871799549,26.488028878974873,27.688069039954257,25.84000015258789,26.795000076293945,27.75,4.026505707503727,0.1734606108845016,25.312625216275787,26.629499912261966,28.077624605924214,195648569.0,57.39175910474387,-0.15686386644991818,-189039073.38802403,-798826.3290812969,1602699.9675359398,26.766667048136394,1314902551.998931,972.4821737755428,-22.70004991411823,-1.8482795554449858,-20.851770358673246,0.9922931665852514,0.5718023268736816,0.4031125570087319,0.16249973361811812,26.670000076293945,26.670000076293945,-0.1449468800420108,-1.4749964352174878,-0.718169376604348,0.16249973361811812,26.190714182172503,0.0005000114440916192,3.309618136860845,0.5250000635782877,0.008258304269654237,0.025582285705671115,0.00037244799775626447,0.03992828068600063,-0.04214249630644329,,0.008224391057436298,-0.13260295881877815,-0.4911747001857979,-0.32878460548501,-0.2749755391704196
2026-07-22 00:00:00+05:30,26.920000076293945,26.940000534057617,26.459999084472656,26.549999237060547,4163323,0.0,0.0,26.601499843597416,26.08680007934571,25.88751194000243,,26.493930817840177,26.34477295507136,26.57461210437088,,26.47566650935582,26.431027425130207,26.547738622558388,26.45161596116265,26.41699243028019,26.827433427668154,26.28637958014682,26.7843970500023,26.43394277235893,26.41926090347045,26.803161944824573,26.6211922008408,27.03334697130588,26.393142744544335,26.457519902741833,26.704999923706055,26.5049991607666,26.795000076293945,51.21270927435678,0.024470381687748954,-0.023213319005762206,0.04768370069351116,44.153559885093046,34.03139635906092,10.122163526032125,71.4337466696755,50.23095647848031,-62.82727009456855,1.685172793655724,-2.065663447743279,0.4399986267089879,-5611.656393342621,-0.2208529023563166,45.08946653996696,-0.18064655675663932,-0.9281815385410627,0.06411992461330396,0.10327270211832268,-3.6277411519887766,0.44613943998226446,-0.033862009602696475,-22729672.75858941,-25096852.139199227,-0.4816665649414068,1,0,0,-0.4816665649414068,1,1,0,0,0,0.6087280046333362,0.48000144958496116,25.827276389067823,26.601499843597416,27.37572329812701,5.82090076936724,0.46674047638600635,25.316751348461693,26.493930817840177,27.67111028721866,25.84000015258789,26.795000076293945,27.75,3.9227127156048667,0.17422778464037889,25.346961663668907,26.601499843597416,27.999461339419632,191485246.0,50.147524770977554,-0.1880340252395924,-191641152.3309627,-652169.5048982799,1189366.2796802262,26.649999618530273,1310097504.2769415,971.3280361499035,-23.185159626693594,-1.8667114144162795,-21.318448212277314,0.8247323408404433,-0.13303809445597448,0.38711172726479703,0.1498554893859346,26.604999542236328,26.604999542236328,-0.034470042882333296,-1.3387504963824157,-0.6912297542161984,0.1498554893859346,26.223999840872626,-0.028000068664550605,3.3157883379095856,0.4983334223429361,-0.011541376256392955,0.0118140041404875,-0.020656634477432823,0.013644003122524229,-0.07303092142012169,,-0.01160849486653162,-0.13260295881877815,-0.4911747001857979,-0.32878460548501,-0.2749755391704196
2026-07-23 00:00:00+05:30,26.489999771118164,26.489999771118164,25.850000381469727,26.0,7101549,0.0,0.0,26.543499851226812,26.097800064086922,25.854111232757557,,26.44688978756968,26.331252447029346,26.563233646858585,,26.41838080996559,26.427623500449982,26.45301210730809,26.420915239272766,26.291573923122282,26.765488285943828,26.32783063310565,26.70906517425813,26.431541563594,26.312664554288556,26.709704616646903,26.542992295841213,27.035394363416263,26.36332373156684,26.490779215193633,26.274999618530273,26.43000030517578,26.44499969482422,44.5559408716817,-0.016519744233630007,-0.05136275594171293,0.034843011708082926,34.59967913002382,38.11843959696507,-3.518760466941245,50.05912910882311,58.034129866898,-86.77686210962376,-0.19193565652552677,-4.270986207397338,-0.049999237060546875,-5616.008539478996,-0.25132340823902766,43.22414669298235,-0.12121783913267868,-0.18064655675663932,0.05602396678239252,0.09303800850170882,-3.502408347793458,0.06669026191071481,-0.5733091277377227,-21996670.1831105,-23702914.191266518,-0.45666631062825636,1,0,0,-0.45666631062825636,1,1,0,0,0,0.6152473511302994,0.6999988555908203,25.771645743984195,26.543499851226812,27.31535395846943,5.815767412502263,0.14792578926060346,25.248489533257565,26.44688978756968,27.645290041881797,25.84000015258789,26.795000076293945,27.75,3.839120158146802,0.18747705749802837,25.25904386846883,26.543499851226812,27.989043410705154,184383697.0,40.02306435510398,-0.2226719330252075,-195413855.52828404,-1733290.9573440254,461478.7351618955,26.113333384195965,1295386217.481513,971.3280361499035,-19.265989818067023,1.641966715368234,-20.907956533435257,1.310938417572106,-1.4082968429575846,0.38592705362130925,0.1489396907168249,26.559999465942383,26.559999465942383,0.07149269183896012,-1.3358226424988353,-0.5334962836389324,0.1489396907168249,26.16814272744315,-0.05799999237060547,3.31771918510553,0.470844506157769,-0.020715602744455608,-0.003831432184220329,-0.042709862073973426,-0.013282746732552586,-0.0795906482303298,,-0.02093318093051607,-0.13260295881877815,-0.4911747001857979,-0.32878460548501,-0.2749755391704196
2026-07-24 00:00:00+05:30,25.600000381469727,25.950000762939453,25.280000686645508,25.8799991607666,4743797,0.0,0.0,26.479499816894535,26.111600036621105,25.821576023101795,,26.392900204064624,26.313556239724925,26.549704251094386,,26.355190268017,26.41908228855507,26.34959172732337,26.382700605646708,26.15880550672128,26.694047201668706,26.290261266303776,26.62432005103254,26.394126917507577,26.21526783561143,26.610892617041497,26.512251044138978,27.035279333306516,26.326148433680935,26.394274764017904,25.9399995803833,26.369999885559082,26.164999961853027,43.23545839182027,-0.05801897258114863,-0.07428958743138525,0.016270614850236616,28.09803814483569,35.61709238665085,-7.519054241815162,21.196969814499433,47.56328186433267,-66.10175336130062,-3.0711669615794275,-4.712815514862642,-0.8200016021728516,-5418.992717333949,-0.35123510921702916,51.11267367729216,-0.42684237660414726,-0.12121783913267868,0.046423556428809576,0.08288101424834703,-3.3434247532601113,-0.3956929822050199,-1.0656930584989652,-21447513.477203716,-22537706.896501165,-0.3466666539510097,1,0,0,-0.3466666539510097,1,1,0,0,0,0.6227296341463132,0.7199993133544922,25.7106188861806,26.479499816894535,27.24838074760847,5.807367480735945,0.11014727236681808,25.171490580952806,26.392900204064624,27.61430982717644,25.280000686645508,26.515000343322754,27.75,3.6473637251230615,0.18748195345904184,25.098920147363923,26.479499816894535,27.996419708673734,179639900.0,39.15484328746077,-0.17566877029221234,-191661322.26729617,-824008.1541807652,314230.39854549937,25.703333536783855,1293196757.4001558,970.8664944605442,-19.205642708602586,1.3618510598661402,-20.567493768468726,0.9746234302965576,-1.5594109105327263,0.3844404653569672,0.1477944714038815,26.50999927520752,26.50999927520752,0.09083909052365836,-1.2929541524298236,-0.2658435977552572,0.1477944714038815,26.106571170261926,-0.06400003433227539,3.3144249476412853,0.4742667473687065,-0.004615416893592239,-0.006907149227344478,-0.04712815514862645,-0.017836858212482154,-0.09889896718445246,,-0.0046261008166574935,-0.13260295881877815,-0.4911747001857979,-0.32878460548501,-0.2749755391704196
2026-07-27 00:00:00+05:30,26.25,27.09000015258789,26.209999084472656,26.65999984741211,16555999,0.0,0.0,26.472999763488776,26.15120002746583,25.8069716644287,27.664157533645646,26.418338265335812,26.327142263555796,26.5518883223086,27.66415753364563,26.372380747113912,26.44058816348805,26.40216979419623,26.40662832429854,26.25410893300537,26.71570138804962,26.291901885523938,26.556473058245615,26.396881294749164,26.302385104673828,26.60536738944593,26.515992567086005,27.045803911141377,26.34882273512751,26.314650966921185,26.269999504089355,26.369999885559082,26.1850004196167,52.98824782212863,-0.02764915115428579,-0.035135812803617925,0.007486661649332136,41.12148486049343,34.60640071178432,6.515084148709114,27.120339548434806,32.792146157252446,-23.756929947595317,0.7177957649653689,-0.485259662831465,0.19000053405762074,-5586.017792399351,-0.31944103240966726,54.57513638308966,-0.16014535796989782,-0.42684237660414726,0.0394428427940019,0.07323073217423796,-2.4708839062502648,0.6994055356908966,-0.1805955324243378,-20928613.071073882,-21757775.52504862,-0.10833326975504613,1,0,0,-0.10833326975504613,1,1,0,0,0,0.6646775882659544,1.210000991821289,25.713024795541894,26.472999763488776,27.232974731435657,5.741510027095828,0.6230304232444166,25.082776988840113,26.418338265335812,27.75389954183151,25.280000686645508,26.515000343322754,27.75,3.322336530369191,0.21419228713889604,25.058111154947195,26.472999763488776,28.015610659036547,196195899.0,52.368262523661784,-0.13931362209070675,-191285041.4072694,-257393.26522541046,2114153.2827679054,26.65333302815755,1343095099.77599,970.8664944605442,-4.091885716184494,13.180486441827385,-17.27237215801188,2.7540051306406723,0.49212169297766545,0.3799874839734413,0.1443904879764663,26.50999927520752,26.50999927520752,0.1254569929502868,-1.206130014664677,-0.22967493627283866,0.1443904879764663,26.17114271436419,-0.006500053405761719,3.3179724748758077,0.4593334282769096,0.030139131064114144,0.0007507679512726018,-0.004852596628314609,0.0011265748250457452,-0.041881399087843496,,0.029693871822261315,-0.13260295881877815,-0.4911747001857979,-0.32878460548501,-0.2749755391704196
2026-07-28 00:00:00+05:30,26.700000762939453,27.020000457763672,26.399999618530277,26.670000076293945,8710410,0.0,0.0,26.456999778747566,26.189200019836438,25.80564722061156,27.64603684425355,26.442306056855635,26.3405876679769,26.55422716892217,27.65426541964213,26.391142681666786,26.460933263442094,26.449362584818708,26.429874761957855,26.33641585245319,26.736243992398542,26.337715725836816,26.504519226404646,26.404566116058245,26.378348464368674,26.590647081712223,26.511298637321595,27.061958449244816,26.370678683592665,26.31504235937706,26.664999961853027,26.369999885559082,26.1850004196167,53.099505188561324,-0.002742302420106313,-0.008183171255550759,0.005440868835444446,62.31229524659314,43.84393941730742,18.46835582928572,53.06946827690098,33.795592546611736,-23.20443095132466,1.832758810417488,-1.185623184653186,0.4799995422363281,-5863.428767723898,-0.34394108828376346,54.172071115195514,0.2964549087340879,-0.16014535796989782,0.034549612654921624,0.06436892761033282,-1.3099374096147904,0.5894907752385414,-0.030510063994853454,-20822011.693566605,-21261822.495538715,-0.028333346048991473,1,0,0,-0.028333346048991473,1,1,0,0,0,0.6614863919064858,0.6200008392333951,25.730100177097547,26.456999778747566,27.183899380397584,5.494951111077407,0.6465128726600494,25.115845694457928,26.442306056855635,27.768766419253343,25.280000686645508,26.515000343322754,27.75,3.0074066319614206,0.21229188816527728,25.026403911505465,26.456999778747566,28.01890373984408,204906309.0,61.021292605088924,-0.1418867940649867,-192408962.68503743,-359808.1931039095,1824575.112894581,26.696666717529297,1343421829.3114483,970.9040046966247,-2.0697563665569287,12.162092633163962,-14.23184899972089,1.345542623300896,0.5860514906401986,0.3634498008250087,0.1320957577197385,26.50999927520752,26.50999927520752,0.13120536497147767,-1.028580706773273,-0.17066597925306443,0.1320957577197385,26.259428487505232,-0.015999984741210938,3.322676998307604,0.44875564575195287,0.0003751023608054016,-0.007073735284443328,-0.01185623184653184,0.007175246878481367,-0.047247207360449406,,0.0003750320275024364,-0.13260295881877815,-0.4911747001857979,-0.32878460548501,-0.2749755391704196
2026-07-29 00:00:00+05:30,26.700000762939453,26.799999237060547,26.450000762939453,26.51000022888184,4294029,0.0,0.0,26.438499832153326,26.22880001068116,25.80065727233886,27.6273620414734,26.44875312085813,26.347231297816315,26.553351387931276,27.642879696350985,26.396190343584337,26.473513663796815,26.460970656446023,26.439400032467255,26.36345023882349,26.736523418436335,26.400330922180434,26.460734144530146,26.406094145101722,26.42993433217108,26.561994278913765,26.50105612748499,27.077540725369122,26.380422667307897,26.39172322688747,26.59000015258789,26.369999885559082,26.1850004196167,51.01909303086603,0.004039341124169482,-0.0011212221690199715,0.005160563293189454,73.66481165541407,59.03286392083355,14.631947734580521,74.12655142603003,51.43878641712193,-32.0442041348378,1.0289651681356318,-1.3764841645709707,0.2700004577636754,-6246.479095364226,-0.39732341205372634,49.579672175710876,0.7167164860055408,0.2964549087340879,0.030553155193846493,0.05647313603735308,-0.28826805659940047,0.3581337621987437,0.00813528807764996,-21250685.34876316,-21033241.392541308,-0.005000114440916775,1,0,0,-0.005000114440916775,1,1,0,0,0,0.6392372549218149,0.34999847412109397,25.738596830344285,26.438499832153326,27.138402833962367,5.294574247800928,0.5510787898778161,25.181955940760947,26.44875312085813,27.71555030095531,25.280000686645508,26.515000343322754,27.75,2.644739413804441,0.21282341480448658,25.01038069118262,26.438499832153326,27.997879928243165,200612280.0,60.372705461161715,-0.14747738470206836,-195230759.85666677,-1266839.9279268086,1465772.384654904,26.586666742960613,1340845736.3874972,970.3040802611001,-5.35044347905249,7.10512441653472,-12.45556789558721,0.685955211420863,0.20431515951126497,0.34995150090451954,0.12246605298532595,26.489999771118164,26.489999771118164,0.2202953449346471,-0.7378773322782695,-0.12486399834006605,0.12246605298532595,26.31157136644636,-0.018499946594238103,3.325246148651223,0.4013334401448564,-0.00599924435524557,-0.0015065540236578467,-0.01376484164570968,-0.017055954623064307,-0.06218955708755647,,-0.0060173121198616,-0.13260295881877815,-0.4911747001857979,-0.32878460548501,-0.2749755391704196
2026-07-30 00:00:00+05:30,26.51000022888184,26.56999969482422,25.690000534057617,25.81999969482422,7438918,0.0,0.0,26.371999835968026,26.24880001068116,25.791226272583,27.600073471069347,26.38887184218823,26.32655554867937,26.538829572226184,27.624741586883058,26.337285568600613,26.45748227886125,26.345747503209274,26.395244887702617,26.20744352456174,26.65815774116787,26.38799805364567,26.405767869363693,26.398577801099673,26.348988198031556,26.480347426495044,26.425082723754304,27.076647301570834,26.33680223548758,26.394454121484333,26.164999961853027,26.34000015258789,26.1850004196167,43.1648599233262,-0.04573621540983552,-0.04071742296241998,-0.0050187924474155415,58.19519102119764,64.72409930773495,-6.528908286537309,47.742309681208496,58.31277646137983,-70.16579185024463,-1.0727995500118863,-4.89871065338179,-0.2800006866455078,-6504.703715518575,-0.419293975830076,42.69437847879806,0.6924005021744617,0.7167164860055408,0.024236539631594667,0.049330016581201126,-0.8665176265013959,0.21697218853921285,-0.6630269722273887,-22058192.33766806,-21188699.915566914,-0.06333351135253787,1,0,0,-0.06333351135253787,1,1,0,0,0,0.6564345339107283,0.8799991607666018,25.704763510639516,26.371999835968026,27.039236161296536,5.060187543445113,0.08635335023761381,25.075103124811427,26.38887184218823,27.702640559565033,25.280000686645508,26.515000343322754,27.75,2.803676298903645,0.22726209831527705,24.92370044823204,26.371999835968026,27.981199380116806,193173362.0,50.428781509159585,-0.18482734955846986,-200471827.81288007,-3190343.6302470565,523110.98787408264,26.02666664123535,1321483769.7768037,970.3040802611001,-4.359170475326235,6.4771179362087805,-10.836288411535016,1.112925113766392,-1.6545865990495479,0.3336181626642543,0.11130107845947286,26.434999465942383,26.434999465942383,-0.011926771700424036,-1.1299623436849282,0.06797115134633346,0.11130107845947286,26.26785703386579,-0.06649999618530292,3.323326165708369,0.3844889831542968,-0.026027933915514834,-0.00692308866060698,-0.04898710653381788,-0.053865927863224417,-0.08148527111795656,,-0.026372655335586595,-0.13260295881877815,-0.4911747001857979,-0.32878460548501,-0.2749755391704196
2026-07-31 00:00:00+05:30,25.940000534057617,26.26000022888184,25.8799991607666,26.170000076293945,4036886,0.0,0.0,26.332499885559084,26.277400016784675,25.795524444580067,27.5745840740204,26.368026912103062,26.320416118389744,26.531526017851288,27.6102665469767,26.3180474962507,26.45439208535587,26.310149954378378,26.38051308952597,26.171670175784474,26.624860222728582,26.34287905804522,26.354465621261088,26.39703763447468,26.287179870879925,26.443863183772123,26.38408338404581,27.08159710978832,26.32458111833547,26.33421276938615,25.994999885559082,26.34000015258789,26.1850004196167,47.573697092513164,-0.05629268978037416,-0.041019117866366896,-0.015273571914007265,48.98708517350386,60.282362616705186,-11.295277443201329,32.916369391419245,51.59507683288592,-50.82874849440599,0.422105190352446,-2.9302634829602163,0.1100006103515625,-7088.967430304632,-0.318735335854921,47.06120303626886,0.5051284697313738,0.6924005021744617,0.017973960003447864,0.042657393763552896,-0.7464893477263193,-0.0668805016901608,-0.4468815698053987,-22669139.22264532,-21684817.714845724,-0.008333524068194837,1,0,0,-0.008333524068194837,1,1,1,0,0,0.6409749624926492,0.44000053405762074,25.720587205900983,26.332499885559084,26.944412565217185,4.64758516903044,0.367219772798356,25.095569399417833,26.368026912103062,27.64048442478829,25.280000686645508,26.1850004196167,27.09000015258789,2.805522475149231,0.23341990708791177,24.928926507694815,26.332499885559084,27.851425687534896,197210248.0,55.83447026943577,-0.12806735451850074,-198347148.83788636,-3011166.0500394404,650225.3667420421,26.10333315531413,1326955929.562433,971.6596200969116,-7.504230516808567,2.6656463157811583,-10.169876832589726,0.591584627105268,-0.5311209088065756,0.3059563398290506,0.0936092818815895,26.31999969482422,26.31999969482422,-0.014534856910019755,-1.2519063400850698,0.09258499458420574,0.0936092818815895,26.28914271763393,-0.039499950408935544,3.323496518282031,0.367666753133138,0.013555398358114035,0.011205599881431993,-0.02930263482960216,-0.02277821488838694,-0.06772971954874707,,0.013464345858235218,-0.13260295881877815,-0.4911747001857979,-0.32878460548501,-0.2749755391704196
2026-08-03 00:00:00+05:30,26.399999618530277,26.57999992370605,26.280000686645508,26.309999465942383,3408343,0.0,0.0,26.319499874114992,26.29279998779297,25.794632663726798,27.55461420059206,26.362500488659187,26.32000762221534,26.527139353457052,27.59732856607089,26.315904599144346,26.45567049512676,26.305135524744777,26.377355372668852,26.18030752898816,26.609478857246796,26.29347472178471,26.31209798829716,26.395695260960682,26.236972104275477,26.411946947575828,26.377050958332113,27.093642486794085,26.323537260812156,26.253101866754275,26.239999771118164,26.34000015258789,26.1850004196167,49.26890764233443,-0.052753877195247156,-0.02998424422499191,-0.022769632970255246,45.303828783971795,50.828701659557765,-5.52487287558597,28.278502094089603,36.312393722239115,-43.09397330343396,-1.238738480730923,-0.978548106391147,-0.32999992370605824,-7488.049907973216,-0.36508816550759704,48.5146720787107,0.5260090173538363,0.5051284697313738,0.012541202432614362,0.036207195614992554,-0.31823916759177884,0.2555308023668523,-0.044468434693690995,-23177808.406630117,-22313859.47933667,0.06499989827474077,1,0,0,0.06499989827474077,1,1,1,0,0,0.6244767399868961,0.4099998474121058,25.71787112702725,26.319499874114992,26.921128621202733,4.571733885258493,0.49210442634382295,25.13313419672263,26.362500488659187,27.591866780595744,25.280000686645508,26.1850004196167,27.09000015258789,2.6943222196119843,0.22927862410842428,24.930750848282635,26.319499874114992,27.8207497610939,200618591.0,60.33318907976153,-0.1335071825110697,-201073849.24154598,-3531710.254751742,625502.591452111,26.390000025431316,1328779261.386359,972.1945814619872,-10.893337710386998,-0.5787687022378165,-10.314569008149181,0.5187944594491892,-0.03158229462470829,0.3008143735438699,0.09048928733059092,26.274999618530273,26.274999618530273,0.1000499560903091,-1.1135462996397638,0.06258759856000055,0.09048928733059092,26.308714049203058,-0.013000011444091797,3.320814902728564,0.34408894009060326,0.0053496136507564795,-0.013128296454349098,-0.009785481063911416,-0.0018968567242574341,-0.07887975515887469,,0.005335355296170819,-0.13260295881877815,-0.4911747001857979,-0.32878460548501,-0.2749755391704196
2026-08-04 00:00:00+05:30,26.450000762939453,26.450000762939453,26.200000762939453,26.32999992370605,2213528,0.0,0.0,26.31599988937378,26.31119998931885,25.798268623352044,27.530859203338643,26.35940519675889,26.320399477175762,26.52323560237287,27.584718330823478,26.316904603867307,26.45712931614296,26.30470306054558,26.37587478433817,26.19417267040011,26.597096373025522,26.259346579266833,26.276897006553707,26.39387452496859,26.224879581044625,26.387164741264836,26.375583354991033,27.104132654494045,26.323998426542303,26.21883774002378,26.31999969482422,26.34000015258789,26.1850004196167,49.52003379683075,-0.047784641334637,-0.0200120066915054,-0.0277726346431316,54.69610096375573,49.66233830707713,5.033762656678604,45.37321963370633,35.52269703973839,-41.988975310892855,-1.9731968525765826,-0.2651503630139932,-0.5300006866455078,-7641.99192494694,-0.38708802391500186,45.91479226271736,0.5471308454752892,0.5260090173538363,0.007943924854525442,0.02996541786401716,-0.3678630125290643,0.12474152697641827,-0.12525847302358173,-23312628.558171976,-22844119.359065153,0.00833320617675841,1,0,0,0.00833320617675841,1,1,1,0,0,0.5977284014164036,0.2500000000000002,25.715529634427412,26.31599988937378,26.91647014432015,4.5635374484770015,0.5116575585692584,25.19950236119724,26.35940519675889,27.519308032320538,25.280000686645508,26.1850004196167,27.09000015258789,2.5918923195729198,0.22823091898774564,24.94945264487806,26.31599988937378,27.78445172935071,202832119.0,55.46638685385551,-0.12350480976029149,-200985322.98287904,-3395428.1421262026,542469.5888550519,26.326667149861652,1328947530.3873904,972.2705999270943,-15.360904476647644,-4.0370683747987695,-11.323836101848874,0.35322190311288043,0.04663023427703388,0.3002351274731841,0.09014113176883912,26.274999618530273,26.274999618530273,0.13836556887651416,-1.0882949256114425,0.04465436717683737,0.09014113176883912,26.318714032854352,-0.0034999847412112927,3.317432967256848,0.3403333663940431,0.0007601846510698618,-0.012748412134055753,-0.002651503630139884,0.03335951321587505,-0.0794475072468196,,0.0007598958570665786,-0.13260295881877815,-0.4911747001857979,-0.32878460548501,-0.2749755391704196
2026-08-05 00:00:00+05:30,26.5,26.770000457763672,26.40999984741211,26.489999771118164,3883691,0.0,0.0,26.33499984741211,26.33019996643067,25.801930847167963,27.50878942489626,26.371842775269297,26.327050469095074,26.5225774671005,27.573825608836362,26.333476021176295,26.46414107229195,26.3336034135381,26.38674044272261,26.24849461841411,26.60333606041813,26.27055220938348,26.251165641331774,26.394439132639913,26.296795767824786,26.365315140576257,26.39488765378536,27.112201714184945,26.33556123087633,26.261889129554397,26.40999984741211,26.34000015258789,26.1850004196167,51.584767607022364,-0.030583290466989155,-0.002248524659086041,-0.028334765807903114,60.58928308609796,53.52973761127516,7.059545474822798,56.1625573987812,43.27142637552571,-33.14920212737932,-0.22598669554246506,1.4553778318026955,-0.05999946594238281,-7520.235459938765,-0.34599975137149386,41.35286032704098,0.7496140451212352,0.5471308454752892,0.0047842031230871385,0.02427211079076101,-0.21363575255090253,0.42120685963561755,0.06120624928405505,-23140522.815587677,-23131755.99463953,-0.011666615804036454,1,0,0,-0.011666615804036454,1,1,0,0,0,0.5864621251764907,0.44000053405762074,25.73793654451981,26.33499984741211,26.932063150304412,4.534371037416004,0.6298019179500745,25.23859725089302,26.371842775269297,27.505088299645575,25.280000686645508,26.1850004196167,27.09000015258789,2.405224146573924,0.22544225125546036,25.02968945817023,26.33499984741211,27.732188847818666,206715810.0,59.81483644370653,-0.12276275502483398,-203142933.6665458,-3717513.5733891726,553743.9286465868,26.55666669209798,1331307537.866298,972.2705999270943,-16.663435814253667,-4.271679769923834,-12.391756044329833,0.6225145723117661,0.5192076718002984,0.2985316514461505,0.08912114691516589,26.31999969482422,26.31999969482422,-0.04090904136157846,-1.060431177588744,0.050489229750625114,0.08912114691516589,26.33042836870466,0.018999958038330256,3.317736153941871,0.3210000356038416,0.006076712794368833,-0.0007544495507730842,0.014553778318026955,0.04579549352175416,-0.07161884336359747,,0.006058324033054788,-0.13260295881877815,-0.4911747001857979,-0.32878460548501,-0.2749755391704196
2026-08-06 00:00:00+05:30,26.489999771118164,26.770000457763672,26.399999618530277,26.63999938964844,3699848,0.0,0.0,26.364499855041505,26.35219993591309,25.81928941726684,27.49007612228396,26.397381500448265,26.339322975783443,26.524902653685608,27.564533805660364,26.362523596627373,26.476290069280886,26.38589044832958,26.40846339804774,26.333088104295385,26.62564491275915,26.32423051776308,26.239271150513776,26.405672890449818,26.40186280122531,26.363538064272255,26.41329814952391,27.108180842682792,26.356329701691813,26.356424382676025,26.5649995803833,26.34000015258789,26.1850004196167,53.50479935404787,-0.004792139557245889,0.01883410100052578,-0.02362624055777167,66.66663154053046,60.65067186346138,6.015959677069077,67.5566394147015,56.364138815729675,-24.86192794013644,2.4615361140324654,2.2648758920058576,0.639999389648441,-7495.117437753497,-0.22264681423411403,42.75238564365035,0.9213876409931643,0.7496140451212352,0.003408361897982992,0.019492644731780275,0.3536882589448452,0.3796060322755608,0.009605193042165894,-22977601.13548593,-23176952.048272558,-0.05500030517578124,1,0,0,-0.05500030517578124,1,1,0,0,0,0.5710006047519838,0.3700008392333951,25.76842565350562,26.364499855041505,26.96057405657739,4.521794115672567,0.7310949994959234,25.301587770920513,26.397381500448265,27.493175229976018,25.280000686645508,26.1850004196167,27.09000015258789,2.163730717292719,0.22579348255995707,25.059525762443815,26.364499855041505,27.73702553356198,210415658.0,63.56323614613568,-0.08899871735291259,-202042994.32005343,-3161339.314713806,553919.9086427899,26.60333315531413,1333402576.7240374,972.8368499075636,-17.9052551024957,-4.410799246532694,-13.494455855963007,0.6272475776186768,0.9243799979836922,0.2980371007679428,0.0888261134341609,26.39999961853027,26.39999961853027,-0.25837301002883517,-0.9795689181303249,0.07758386205686844,0.0888261134341609,26.35857107979911,0.029500007629394708,3.3225391186029456,0.30444446139865505,0.005662499804693022,0.031758315434395445,0.022648758920058576,0.04675829434323142,-0.05627728559833911,,0.005646528117426095,-0.13260295881877815,-0.4911747001857979,-0.32878460548501,-0.2749755391704196
2026-08-07 00:00:00+05:30,26.5,26.540000915527344,26.350000381469727,26.399999618530277,2882482,0.0,0.0,26.349499797821046,26.37599994659424,25.835821704864497,27.464999036788964,26.397630845027503,26.341702451969596,26.522429326256788,27.5529464008133,26.365904526483448,26.478164566638423,26.387459776301338,26.410417648520028,26.340880497625538,26.61867369089022,26.371222251049883,26.234188354786443,26.405488082644194,26.37692342869418,26.358301259486534,26.385180338528397,27.118865371325263,26.359428393424945,26.428583585045995,26.51999950408936,26.34000015258789,26.1850004196167,50.08250184719815,-0.003676067001407546,0.015960138845091298,-0.019636205846498844,67.95576073902593,65.0705584552181,2.8852022838078284,69.06961650037599,64.26293777128623,-38.12158771540645,2.009275404274288,-1.1235997596883531,0.5200004577636754,-7793.460986098879,-0.1107348834766988,41.41124659976805,0.872904445212344,0.9213876409931643,0.0022884955077406843,0.015364383922195697,0.4516067010926309,0.1482343196046365,-0.04176621445298068,-23384814.2463742,-23155615.11778223,-0.018333435058593153,1,0,0,-0.018333435058593153,1,1,0,0,0,0.5509290621396075,0.2899990081787145,25.77423866811346,26.349499797821046,26.924760927528634,4.366391272104216,0.5438929540875639,25.350960516754068,26.397630845027503,27.44430117330094,25.280000686645508,26.1850004196167,27.09000015258789,2.153876824111727,0.21038206927610176,25.140537127510463,26.349499797821046,27.638037070290004,207533176.0,58.4596542807559,-0.13043669538256208,-203408407.9438449,-3080868.787851721,375960.6330863589,26.43000030517578,1330805748.5104413,971.9359498451881,-20.12310337836302,-5.30291801792001,-14.82018536044301,0.5045996846096608,0.17557181635025595,0.2876305648537937,0.08273134183811241,26.364999771118164,26.364999771118164,-0.20614008436014422,-0.7977759002307997,-0.03819432594189276,0.08273134183811241,26.398713983808243,-0.015000057220458806,3.32555155511811,0.2854666561550566,-0.009009000623754537,0.008788671821391203,-0.01123599759688354,0.04803489713454767,-0.04582877630938087,,-0.009049827058433886,-0.13260295881877815,-0.4911747001857979,-0.32878460548501,-0.2749755391704196
2026-08-10 00:00:00+05:30,26.38999938964844,26.38999938964844,26.049999237060547,26.1200008392334,2808351,0.0,0.0,26.33199987411499,26.40059997558594,25.850045795440668,27.43675152778628,26.37118989209473,26.33300827107798,26.514460445325632,27.538688236021464,26.344047482808435,26.468125385957606,26.338064729641403,26.390675521416842,26.27515358318158,26.580149966745715,26.369593326023644,26.22811776479907,26.3926188015914,26.300073730930244,26.337975800680653,26.373794008343214,27.131391423122167,26.341690693624393,26.42757793533782,26.260000228881836,26.244999885559082,26.1850004196167,46.35711469708428,-0.02509584363802375,-0.004367710233219923,-0.02072813340480383,61.141782082368806,65.25472478730839,-4.112942704939584,56.71200949282482,64.44608846930076,-53.59113809735068,-2.025502667927167,-1.32224587533144,-0.5399990081787109,-7756.777538089055,-0.12273506837732384,43.75636360708315,0.5468090924575567,0.872904445212344,0.00014719437120280787,0.011541893001782495,0.030629081144866628,0.03705647325277539,-0.3029436793351188,-24828623.55612739,-23448996.189239223,0.013333320617676371,1,0,0,0.013333320617676371,1,1,0,0,0,0.5365770135203306,0.3500003814697301,25.750908308347544,26.33199987411499,26.91309143988244,4.413577157416556,0.31758551717954636,25.35753571290072,26.37118989209473,27.38484407128874,25.280000686645508,26.1850004196167,27.09000015258789,2.2048730311523648,0.21152532229930726,25.157534028722875,26.33199987411499,27.5850342766782,204724825.0,53.40673315955827,-0.13336621041368324,-205060353.17186272,-3293488.982336372,209918.4209544265,26.18666648864746,1327827207.3619587,970.8753483931323,-22.010589264231395,-5.75232312303071,-16.258266141200686,0.647436263048141,-0.7296579312818129,0.29054578288372457,0.08441685195151642,26.31999969482422,26.31999969482422,-0.031963180493698465,-0.9195803736195526,-0.0537334728944878,0.08441685195151642,26.36814270019531,-0.01749992370605451,3.3215042863952497,0.28533325195312526,-0.01060601452055876,-0.0072215366995705965,-0.013222458753314403,0.05834686046400206,-0.06261344360592014,,-0.010662659164514119,-0.13260295881877815,-0.4911747001857979,-0.32878460548501,-0.2749755391704196
2026-08-11 00:00:00+05:30,26.020000457763672,26.229999542236328,25.920000076293945,26.1200008392334,2845024,0.0,0.0,26.32849988937378,26.42639999389649,25.858663501739493,27.408799085617094,26.347267125155554,26.324655038456623,26.506649364016877,27.52457194351611,26.323857098533995,26.457121498257504,26.29565233189567,26.372035173126385,26.222004009607044,26.544195548681852,26.333954961619852,26.219474996046063,26.379930018218985,26.24578113270688,26.329819928815343,26.374086311245406,27.147783826637987,26.325311232110632,26.362098668752616,26.1200008392334,26.244999885559082,26.1850004196167,46.35711469708428,-0.04159172740017425,-0.016690875196296338,-0.024900852203877912,51.56537869663073,60.220973839341816,-8.655595142711086,39.18972862491899,54.99045153937327,-53.59113809735068,-2.062239353157792,-0.26727641617720005,-0.5499992370605469,-7504.090905413374,-0.14214702494003362,42.345243297129535,0.017977539249696917,0.5468090924575567,-0.0026597424231611377,0.007851571044337202,-0.6723760458078326,-0.08966593456472793,-0.39966540050711075,-26584734.420865014,-24331535.19355902,0.018333752950033137,1,0,0,0.018333752950033137,1,1,0,0,0,0.5203929029790487,0.30999946594238303,25.742980782322693,26.32849988937378,26.91401899642487,4.447796946360807,0.3219536752690546,25.371103921895756,26.347267125155554,27.323430328415352,25.280000686645508,26.1850004196167,27.09000015258789,2.236077526884035,0.20822054229421832,25.166332438298646,26.32849988937378,27.558832838841862,204724825.0,54.40334495559275,-0.11713230469974942,-204234358.13412791,-2818245.278770238,179930.07510379414,26.09000015258789,1327827207.3619587,970.8753483931323,-23.411266319530405,-5.722400142663776,-17.68886617686663,0.7584485658911628,-0.7121852989237821,0.2927595535255436,0.08570815618047563,26.31999969482422,26.31999969482422,-0.006924025801556258,-0.9836425609665977,0.047126067052901434,0.08570815618047563,26.31457151685442,-0.0034999847412109375,3.318121752457418,0.27511099921332494,0.0,-0.007975658377559758,-0.002672764161771979,0.05450142739285235,-0.08173719963300086,,0.0,-0.13260295881877815,-0.4911747001857979,-0.32878460548501,-0.2749755391704196
2026-08-12 00:00:00+05:30,25.920000076293945,26.450000762939453,25.920000076293945,26.170000076293945,3124920,0.0,0.0,26.324999904632566,26.447799987792973,25.876141605377185,27.383949012756375,26.330384549073496,26.318590137979655,26.49998304148771,27.511093616479076,26.308761878240677,26.447066599527993,26.2684107387165,26.358285166909987,26.192404098319876,26.516310426145004,26.289356392534263,26.209480793494084,26.374356172133343,26.271897258902765,26.32825839888248,26.37635464458808,27.159081337473793,26.313951874348888,26.27302973656815,26.145000457763672,26.244999885559082,26.1850004196167,47.17094682366299,-0.0500533299280832,-0.02012198217936423,-0.029931347748718973,47.329658436964216,53.34560640532125,-6.0159479683570325,33.49663866495764,43.13279226090049,-50.82874849440599,-1.2825354570064256,-0.26676713199237906,-0.3400001525878942,-7258.929772730402,-0.19432345558614728,44.68719420075079,-0.3582185659623499,0.017977539249696917,-0.005632957680978823,0.004532738009606814,-0.8156164583207214,0.15171605763941187,-0.37828462900609594,-27182928.946164962,-25565743.191087328,-0.10833295186360557,1,0,0,-0.10833295186360557,1,1,0,0,0,0.5210791732409387,0.530000686645508,25.73642448096689,26.324999904632566,26.913575328298244,4.4716081732034665,0.3683262823197117,25.34623675819168,26.330384549073496,27.314532339955313,25.280000686645508,26.1850004196167,27.09000015258789,2.1257585161502024,0.20822120698978838,25.171044051931815,26.324999904632566,27.531044662283378,207849745.0,61.81527282127515,-0.08935386279009144,-204411244.21762648,-2423905.219445467,176546.2952140013,26.18000030517578,1328425383.5137777,970.8753483931323,-23.922998121318823,-4.987305555561754,-18.93569256575707,0.8598648323918191,-0.5266948707211532,0.29428771183283864,0.08660525733580786,26.31999969482422,26.31999969482422,0.0252828920951608,-1.030503565149403,0.12487883904722041,0.08660525733580786,26.276285825456892,-0.0034999847412109375,3.316666644809149,0.26666653951009184,0.0019142126896660727,-0.012080018784036084,-0.0026676713199237367,0.06685688315293348,-0.09837359693986514,,0.0019123829192298574,-0.13260295881877815,-0.4911747001857979,-0.32878460548501,-0.2749755391704196
2026-08-13 00:00:00+05:30,26.25,26.309999465942383,26.049999237060547,26.09000015258789,1804221,0.0,0.0,26.324499893188474,26.468199996948243,25.89252462387084,27.355453138351468,26.307490797027246,26.309625824827037,26.49186456844019,27.496953383007526,26.28638094947452,26.43303523344152,26.230705859614783,26.339151414495824,26.148537403348605,26.48120896701936,26.24495216221004,26.195592645671034,26.365636261181034,26.24695468461506,26.29499334568067,26.380115542336515,27.164398792300275,26.29739896457801,26.19409141595832,26.130000114440918,26.244999885559082,26.390000343322754,45.96923359355153,-0.06249414257547059,-0.026050235861401295,-0.036443906714069295,41.383840838975146,46.75962599085669,-5.375785151881544,32.246208698284626,34.977525329387085,-71.42859089131788,1.0457027922343283,-0.03831505262710962,0.2700004577636719,-7243.738353557021,-0.24650004891788058,41.18073177244186,-0.64020125727127,-0.3582185659623499,-0.0089804939087057,0.0015377986860341962,-0.8008728524142807,0.041469696744076856,-0.21853053213775908,-26917790.548464976,-26546956.806442052,-0.17999966939290185,1,0,0,-0.17999966939290185,1,1,0,0,0,0.5024306772152886,0.26000022888183616,25.735103236975036,26.324499893188474,26.913896549401912,4.477932409769697,0.3010679750822477,25.367547514061442,26.307490797027246,27.24743407999305,25.280000686645508,26.1850004196167,27.09000015258789,1.9763131182641231,0.20761853452590262,25.185397336865414,26.324499893188474,27.515398214245792,206045524.0,64.39714452945833,-0.08790985423169839,-205660308.07700366,-2439658.675937563,130705.74699073518,26.149999618530273,1327873845.3329291,970.5696551433316,-26.7712046547979,-6.268409671232661,-20.502794983565238,0.587554539973467,-0.7957280996710079,0.29469832810671953,0.08684710458889573,26.31999969482422,26.31999969482422,0.02720618219900526,-1.039588402566998,0.2825743897230401,0.08684710458889573,26.210143062046594,-0.0005000114440917968,3.3191913262846566,0.24817765129937128,-0.003056932498006426,-0.0206456174797911,-0.00038315052627113655,0.05116843164299101,-0.07800975584504455,,-0.0030616144602180497,-0.13260295881877815,-0.4911747001857979,-0.32878460548501,-0.2749755391704196
2026-08-14 00:00:00+05:30,26.01000022888184,26.07999992370605,25.93000030517578,26.0,2028065,0.0,0.0,26.321499919891355,26.482999992370605,25.92236785888671,27.32429421424868,26.27820595921513,26.297483635618136,26.482124675995827,27.482058324470138,26.255476197742283,26.41467444924747,26.18223806734527,26.3141853340992,26.090539171928704,26.438351008715962,26.19252102773427,26.175522095820586,26.35750612340301,26.193911432181018,26.264993633561645,26.380879419917722,27.18029316266833,26.275167442100038,26.13421552036835,26.045000076293945,26.244999885559082,26.355000495910645,44.59287967413382,-0.07870853340222794,-0.03381170135052691,-0.04489683205170103,33.68363082443671,40.79904336679202,-7.115412542355308,26.558763961072646,30.767203774771637,-76.69176814096598,-0.6495990668641214,-0.23023586788938988,-0.1700000762939453,-7163.758885492923,-0.3087648616117562,40.45510046257442,-1.043081671716012,-0.64020125727127,-0.012880306578055833,-0.0012868134262624922,-1.0439436212321747,-0.1501684498925009,-0.3001680684227708,-27075313.286100086,-26976914.44937083,-0.22833283742268878,1,0,0,-0.22833283742268878,1,1,0,0,0,0.4779713322293472,0.15999984741210938,25.72585702174033,26.321499919891355,26.91714281804238,4.5259039185748815,0.2301236018348028,25.397304922739,26.27820595921513,27.159106995691257,25.280000686645508,26.1850004196167,27.09000015258789,2.0777397327492095,0.20791633710105045,25.197800796078205,26.321499919891355,27.497801463650216,204017459.0,50.76080123142251,-0.09086746470130559,-205795515.84876975,-2267336.7740701437,85958.3317837501,26.003333409627277,1327174243.3459969,970.5696551433316,-28.640750680146066,-6.510364557264662,-22.130386122881404,0.7066804564828241,-1.0795055926607877,0.2978214490755121,0.08869761552943785,26.31999969482422,26.31999969482422,0.02525759420194854,-1.085507128698204,0.46842587814531805,0.08869761552943785,26.123428753444127,-0.0029999732971191405,3.318745751570897,0.2360443454318581,-0.0034496033752979827,-0.015151500920837724,-0.0023023586788939454,0.05092967827561501,-0.08627185854270703,,-0.0034555669756752036,-0.13260295881877815,-0.4911747001857979,-0.32878460548501,-0.2749755391704196
2026-08-17 00:00:00+05:30,26.0,26.170000076293945,25.809999465942383,26.11000061035156,2113964,0.0,0.0,26.294999980926516,26.504599990844724,25.947606353759756,27.293488569259665,26.262186402180504,26.29013136011749,26.474755882616734,27.468406008906772,26.23533340635754,26.400047022501628,26.160864424600256,26.29911413905946,26.073054584533008,26.41099435472232,26.145471743876797,26.154970325962324,26.35063852287169,26.164967609782547,26.255778223878657,26.35817020019518,27.195764046326502,26.263068448588186,26.101783478327057,26.05500030517578,26.229999542236328,26.244999885559082,46.693648908759975,-0.08174017515124632,-0.029474674479636226,-0.05226550067161009,29.905843297054105,34.99110498682199,-5.085261689767883,25.020076950054378,27.941683203137217,-62.16211107655383,-0.760162902510573,-1.9894849528518563,-0.19999885559082387,-6889.168751843119,-0.32505888097426094,43.026787973279056,-1.4821851584967698,-1.043081671716012,-0.016554999081919153,-0.004008916085867447,-1.3705031051918029,-0.04300147398360821,-0.4030020843351707,-27217360.449154884,-27064416.17740833,-0.1549994150797538,1,0,0,-0.1549994150797538,1,1,0,0,0,0.46954485209521973,0.3600006103515627,25.711995095967872,26.294999980926516,26.87800486588516,4.434340257703256,0.3413397766057484,25.396609157682757,26.262186402180504,27.12776364667825,25.280000686645508,26.1850004196167,27.09000015258789,2.1363471264805987,0.19176756592134445,25.234834602899326,26.294999980926516,27.42483561379409,206131423.0,43.61773086663351,-0.12899860625447787,-204386199.0486596,-1542300.9438101947,106898.18870910336,26.03000005086263,1328068617.6931553,970.5696551433316,-29.903768551275284,-6.218705942715101,-23.685062608560184,0.7714044478171765,-0.6346408935770075,0.29150244247932156,0.08497367397141019,26.239999771118164,26.239999771118164,0.2322271180834118,-0.9125057538772385,0.42970032218048715,0.08497367397141019,26.116000257219586,-0.026499938964844105,3.317998421912497,0.2330220794677738,0.004230792705829156,-0.00038285714244001845,-0.01989484952851861,0.02231791990569887,-0.0801804005257204,,0.004221868065715943,-0.13260295881877815,-0.4911747001857979,-0.32878460548501,-0.2749755391704196
2026-08-18 00:00:00+05:30,25.979999542236328,26.1299991607666,25.850000381469727,25.899999618530277,1487265,0.0,0.0,26.246999931335452,26.501799964904784,25.96454830169677,27.263354196548484,26.227692422785246,26.274832076133677,26.463374570456605,27.452799975171686,26.197714324224567,26.376337203979492,26.104811318855027,26.268763277171907,26.005858444477546,26.361794713450276,26.08065398269917,26.130113125307705,26.3216765821721,26.08354207227396,26.22849278239096,26.321088205695567,27.216429091232467,26.235649944188456,26.06062822594496,26.005000114440918,26.229999542236328,26.230000495910645,43.317027637329,-0.09993609695002093,-0.03813647702272867,-0.06179961992729226,26.863493943157902,30.150989354882903,-3.2874954117250006,16.47003990198945,22.682960271038823,-80.55563895300648,-1.633119279991437,-3.574091474336407,-0.43000030517577414,-7136.5259354477585,-0.312500061708338,43.32569173527653,-1.925569169156129,-1.4821851584967698,-0.020864238542117608,-0.006858742937556863,-1.9071913124162043,-0.03828782783276807,-0.3182866071296431,-26090759.32342727,-26932316.223733693,-0.21999963124593158,1,0,0,-0.21999963124593158,1,1,0,0,0,0.45600584689533796,0.2799987792968752,25.703092182716958,26.246999931335452,26.790907679953946,4.144532708815533,0.18101179502724207,25.39121800551645,26.227692422785246,27.064166840054042,25.280000686645508,26.1850004196167,27.09000015258789,2.2346907934579745,0.19008411824951485,25.21812334705144,26.246999931335452,27.368123919256018,204644158.0,46.488168140217944,-0.18247580722614942,-205342303.76650697,-1409701.3376725614,47008.85816479162,25.959999720255535,1326872420.382546,969.7653618192709,-32.29611489343973,-6.888841827903633,-25.407273065536096,0.5574909744349156,-1.275952819891031,0.2719538743092473,0.07395890975180988,26.170000076293945,26.170000076293945,0.177167102521557,-1.1996134225275783,0.3215227500539009,0.07395890975180988,26.09914311000279,-0.048000049591064096,3.3155227630105113,0.24048876868353966,-0.008042933240607675,-0.008422711088610257,-0.03574091474336405,0.01928373766472391,-0.09943616685513701,,-0.008075452110266848,-0.13260295881877815,-0.4911747001857979,-0.32878460548501,-0.2749755391704196
2026-08-19 00:00:00+05:30,25.799999237060547,25.8799991607666,25.649999618530277,25.68000030517578,1993714,0.0,0.0,26.203499984741214,26.500399971008303,25.98922437667846,27.228431425094623,26.1755312687272,26.251505340017683,26.447862208767877,27.435160177460286,26.143714359828408,26.34410976634306,26.017159701975917,26.2232625710214,25.895520492129613,26.291341313098837,25.984840564149795,26.096403564361882,26.21611637532951,25.953681038791025,26.190512682253345,26.295493982788127,27.23782675102916,26.19241248023417,25.988989827592935,25.789999961853027,26.15999984741211,26.210000038146973,40.04959021951834,-0.13060309091238054,-0.055042776788070624,-0.07556031412430991,19.986960233168606,25.585432491126866,-5.59847225795826,11.86646763938754,17.785528163810454,-97.32136927093387,-3.0577556547415257,-3.276832229322077,-0.8099994659423828,-7161.527793248709,-0.3548826217651353,44.092990019891296,-2.3627068215456464,-1.925569169156129,-0.026444262432034904,-0.01017570119644774,-2.2343606885209346,-0.21853258734368453,-0.4485321295800091,-23712741.29162875,-26234049.02048219,-0.3649997711181646,1,0,0,-0.3649997711181646,1,1,0,0,0,0.44129114354567095,0.25,25.62365347601204,26.203499984741214,26.783346493470386,4.42571800764652,0.04858771098513045,25.371102034055433,26.1755312687272,26.97996050339897,25.280000686645508,26.1850004196167,27.09000015258789,2.2023993375279933,0.18828730529633245,25.202294759445188,26.203499984741214,27.28979485481261,202650444.0,53.06529161265202,-0.1740722970531868,-206815905.52286345,-1696174.663304925,-22366.08029092791,25.736666361490887,1325178923.4038377,969.7653618192709,-32.959149341456914,-6.0415010207366535,-26.91764832072026,0.8043108532106087,-1.8056491560594814,0.2899232543645857,0.08405549342135225,26.145000457763672,26.145000457763672,0.14612776401801972,-0.8351310554599796,0.3626234021510983,0.08405549342135225,26.02414311000279,-0.04349994659423828,3.3108466304702846,0.2529109997219513,-0.00849418210790609,-0.018723720660667076,-0.0327683222932208,0.005481573399761519,-0.1161539597223179,,-0.008530463271378713,-0.13260295881877815,-0.4911747001857979,-0.32878460548501,-0.2749755391704196
2026-08-20 00:00:00+05:30,25.700000762939453,25.940000534057617,25.700000762939453,25.809999465942383,1587371,0.0,0.0,26.193999958038336,26.514199943542483,26.026511573791495,27.19233901977541,26.14071871608103,26.234191384171595,26.43523126336539,27.418989424111853,26.106238119942805,26.317035236732632,25.965933084245233,26.190421197558337,25.84102774026021,26.240911685765443,25.891932691186014,26.059604904768253,26.144826924983352,25.88380658874945,26.165786673770562,26.311753983406728,27.256441167279764,26.163442069564937,25.913328858615316,25.744999885559082,26.15999984741211,26.210000038146973,42.795478682994975,-0.14277128029851838,-0.05376877293936677,-0.0890025073591516,12.13622724445515,19.662227140260548,-7.525999895805398,7.293091256198409,11.876532932525132,-85.7143100426942,-3.1156154006091046,-0.7307712848369892,-0.8299999237060582,-6823.2807400006695,-0.38364708844353146,41.98759228780927,-2.4141627713923124,-2.3627068215456464,-0.03215913723064734,-0.014003215945157521,-2.6740739041839663,-0.11731231660011332,-0.3573120877182774,-22202732.517715733,-24837849.032830443,-0.36999988555908203,1,0,0,-0.36999988555908203,1,1,0,0,0,0.42834179249825416,0.26000022888183594,25.59423162041668,26.193999958038336,26.793768295659994,4.579432989100259,0.17987598877036212,25.36337793635289,26.14071871608103,26.918059495809167,25.280000686645508,26.1850004196167,27.09000015258789,2.2522339240856324,0.17515379403744655,25.234123707623723,26.193999958038336,27.221623898358583,204237815.0,49.854749719173654,-0.1412469998818673,-206948202.20865926,-1701264.9998800159,10308.6308685248,25.816666920979817,1325982493.8686855,970.2715890748071,-34.403045865746854,-5.988318036021273,-28.41472782972558,0.7000417236723341,-1.2804960449185554,0.299884168810828,0.08993051470336119,26.145000457763672,26.145000457763672,0.1238294802232815,-0.9669377891431711,0.594135445674415,0.08993051470336119,25.930714443751743,-0.00950002670288086,3.307107318307615,0.25984432644314254,0.005062272555362846,-0.010732107512760325,-0.007307712848369841,0.010571595173706205,-0.12031570379272172,,0.005049502333082266,-0.13260295881877815,-0.4911747001857979,-0.32878460548501,-0.2749755391704196
2026-08-21 00:00:00+05:30,25.75,25.93000030517578,25.68000030517578,25.71999931335449,2191411,0.0,0.0,26.185999965667726,26.50879993438721,26.05080078124999,27.16017354011538,26.100650201535643,26.214026989237592,26.421068254454283,27.402084049875462,26.061095201401486,26.285890113980162,25.90625835480981,26.152599646182377,25.7755098015419,26.184145396309678,25.804376250923454,26.01838941821505,26.080380577188624,25.830110512437653,26.112226382134875,26.321252079174027,27.266648160647954,26.129526021983107,25.83690727219201,25.764999389648438,26.15999984741211,26.210000038146973,41.38231364321151,-0.15785723822574127,-0.05508378469327173,-0.10277345353246954,7.738096251778515,13.287094576467423,-5.548998324688908,10.104170675685332,9.754576523757093,-93.75003193103639,-2.5757587689451826,-0.6182374520887485,-0.6800003051757884,-6903.95144068897,-0.3968823489020892,38.76947796265299,-2.402378189399781,-2.4141627713923124,-0.03815688748157742,-0.01825922503991088,-3.3142584276198517,-0.07912489729577388,-0.3291248972957739,-21503247.415857285,-23237492.392995585,-0.4016666412353521,0,1,0,-0.4016666412353521,1,0,0,0,0,0.41560309303409315,0.2500000000000002,25.564714389788556,26.185999965667726,26.807285541546896,4.745173578963824,0.12497064924305706,25.34972282940066,26.100650201535643,26.851577573670628,25.649999618530277,26.369999885559082,27.09000015258789,2.371696862911804,0.17483425047597093,25.295368552177287,26.185999965667726,27.17786872383866,202046404.0,41.78530938867231,-0.2120766988865891,-208438379.07656398,-2022834.1410049498,-19339.362738805852,25.77666664123535,1325218343.041627,970.2715890748071,-33.812806240711126,-4.3184627287884325,-29.494343511922693,0.9968069949535818,-1.5001174030277704,0.3106427879395855,0.0964989416988783,26.145000457763672,26.145000457763672,0.049906421399847835,-0.9881201422865549,0.8223395697695131,0.0964989416988783,25.811285672869,-0.007999992370605646,3.3052771265580967,0.2574887466430665,-0.00348702651879762,-0.010769257178673497,-0.006182374520887435,0.020230077247243905,-0.11716815538201131,,-0.003493120366164786,-0.13260295881877815,-0.4911747001857979,-0.32878460548501,-0.2749755391704196
2026-08-24 00:00:00+05:30,25.899999618530277,26.059999465942383,25.709999084472656,25.88999938964844,4403702,0.0,0.0,26.147499942779547,26.502999916076664,26.074626121520986,27.132497272491477,26.080588219451148,26.201320024547822,26.410552039309614,27.387038431365742,26.03290467035203,26.26162342595119,25.88655856481323,26.130092944557543,25.768589952317043,26.15098617291871,25.753435798166112,25.979356808484663,26.073868511383765,25.813909315068685,26.065472334558812,26.209127698837914,27.266550756100337,26.111774984559965,25.803027363346846,25.804999351501465,26.15999984741211,26.210000038146973,45.071919483207864,-0.15431651839911353,-0.04123445189331519,-0.11308206650579834,13.988064320742865,11.287462605658842,2.700601715084023,22.546264572739503,13.314508834874413,-78.57146506404082,-0.8805568231050169,-2.888223789087577,-0.23000144958495738,-7352.5422046510785,-0.3999412536621101,42.2289613372183,-2.066556676116457,-2.402378189399781,-0.043378381704906044,-0.022783518293438092,-3.4587375226914756,0.06789223673127154,-0.282108144738455,-21286551.921967767,-22068542.18012376,-0.4416666030883789,0,1,0,-0.4416666030883789,1,0,0,0,0,0.41091718506520986,0.3500003814697268,25.55513175888305,26.147499942779547,26.739868126676043,4.5309737848193405,0.2826516007010108,25.33451100057288,26.080588219451148,26.826665438329414,25.649999618530277,26.335000038146973,27.020000457763672,2.4316622621816486,0.13749206220961063,25.32215233327607,26.147499942779547,27.072152333276073,206450106.0,51.198754133896905,-0.2543084787529509,-208312556.27676445,-1930456.6132557988,90370.49993471368,25.88666598002116,1328129033.9279487,970.2715890748071,-27.15183704297419,1.8740051751588034,-29.025842218132993,1.8675852664014576,-0.8693935971959592,0.2961840919482475,0.08772501632320794,26.1200008392334,26.1200008392334,0.1953731255730782,-0.8681627113272027,0.7789546033341055,0.08772501632320794,25.803714125497002,-0.03850002288818342,3.3064668209384562,0.2565332285563154,0.006609645444495937,-0.008425937018779583,-0.02888223789087574,0.04017677880763193,-0.07931727472862571,,0.006587897516176545,-0.13260295881877815,-0.4911747001857979,-0.32878460548501,-0.2749755391704196
2026-08-25 00:00:00+05:30,26.11000061035156,26.420000076293945,25.899999618530277,26.049999237060547,5578151,0.0,0.0,26.116499900817875,26.49739990234375,26.095625362396234,27.102817821502708,26.077674983032995,26.19538587601891,26.403412379859137,27.373734558785593,26.023618888854983,26.243858693440753,25.89948855779179,26.121250578029883,25.80708940165417,26.13853029386829,25.749474113596463,25.948373180665584,26.073645345377432,25.82496541818854,26.04525770328437,26.132322126279703,27.258541533448607,26.107320425798413,25.827286985850222,25.969999313354492,26.15999984741211,26.210000038146973,48.366057010970906,-0.13702033676532466,-0.019150616207621055,-0.1178697205577036,21.130909299395924,14.285689957305767,6.845219342090157,36.34656618153029,22.99900047665171,-64.28577510673502,-0.2679999997079099,-2.3247125514052627,-0.07000160217285156,-8368.821938560359,-0.3622647678150841,40.35941947521309,-1.2050943837407582,-2.066556676116457,-0.04712569397590238,-0.027393822326207375,-3.2665914820505577,0.41962256024719835,-0.10037789751646997,-21382772.292450584,-21527517.24763607,-0.5483334859212239,1,0,0,-0.5483334859212239,1,1,0,0,0,0.4194231494638023,0.5300006866455043,25.576703592996882,26.116499900817875,26.656296208638867,4.133756895992699,0.4384020761222206,25.30170022563923,26.077674983032995,26.85364974042676,25.649999618530277,26.22499942779541,26.799999237060547,2.475438667630624,0.14002979459018172,25.306949609279428,26.116499900817875,27.031949513912,212028257.0,53.26392266637437,-0.28615606612827627,-210672554.25550488,-2468078.198479831,204960.90120713823,26.123332977294922,1331576323.7305067,970.2715890748071,-18.884958119825107,8.112707278646308,-26.997665398471415,2.1199394940497367,-0.24639169551111698,0.26989815391049704,0.07284501348429435,26.11500072479248,26.11500072479248,0.21578217416538856,-0.6653420034413433,0.6597829131185958,0.07284501348429435,25.8378568649292,-0.031000041961669923,3.308473247101032,0.26026659647623757,0.00617998652700158,0.005791491148245065,-0.023247125514052613,0.04913408445844247,-0.02807375357595243,,0.006160968723226027,-0.13260295881877815,-0.4911747001857979,-0.32878460548501,-0.2749755391704196
2026-08-26 00:00:00+05:30,26.049999237060547,26.440000534057617,26.049999237060547,26.190000534057617,3611760,0.0,0.0,26.100499916076664,26.457199897766117,26.11822134017944,27.07506784439089,26.08837265455915,26.195174686138078,26.39918640271455,27.36195611077835,26.03061894916353,26.231803816253063,25.93683521072173,26.123743746812135,25.87734695739111,26.14294413211749,25.789103070874233,25.929665381508226,26.074267416312797,25.86925451317319,26.05838489406205,26.109936887017724,26.65459888178897,26.11315192431795,25.90543797260323,26.119999885559082,26.039999961853027,26.09500026702881,51.127939085726226,-0.11073951735714971,0.005704162560443121,-0.11644367991759283,39.2723105267868,24.79709471564186,14.475215811144935,66.37827011030075,41.75703362152351,-39.32582824886378,0.0764251345256558,-1.2070905019291263,0.020000457763671875,-9247.184550297832,-0.26655879301183205,35.3735691265584,-0.3830877244211314,-1.2050943837407582,-0.04902683303483757,-0.03184341556244425,-3.013317017851237,0.4125340154378847,0.022532718440814392,-21698349.76287407,-21423374.267928008,-0.4916667938232428,1,0,0,-0.4916667938232428,1,1,0,0,0,0.41732158857332147,0.39000129699707053,25.591735654490982,26.100499916076664,26.609264177662347,3.8985020457198805,0.5879588295982143,25.312014293679635,26.08837265455915,26.864731015438668,25.649999618530277,26.210000038146973,26.770000457763672,2.4748885277377037,0.1406351435636872,25.283008977163885,26.100499916076664,27.01800958751544,215640017.0,53.0912565340568,-0.2606914716725692,-211691240.39479956,-2787770.9641670883,247916.64166928118,26.226666768391926,1333517402.8063278,970.8090220924554,-16.895078268500576,8.082069703976671,-24.977147972477248,1.3476905496883091,0.35183531839285764,0.254382130792841,0.06471026846670606,26.11500072479248,26.11500072479248,0.2526233212744684,-0.26458806786291167,0.48899719666828967,0.06471026846670606,25.89085701533726,-0.015999984741211115,3.3108721258926943,0.25879991743299724,0.005374330176482145,0.01985982176094625,-0.012070905019291311,0.04342630023992311,-0.03032302832415712,,0.005359939999409459,-0.13260295881877815,-0.4911747001857979,-0.32878460548501,-0.2749755391704196
2026-08-27 00:00:00+05:30,26.1200008392334,26.229999542236328,25.450000762939453,25.489999771118164,4071522,0.0,0.0,26.083999919891365,26.407199897766116,26.118178462982172,27.047899703979517,26.031384760898106,26.167520767902005,26.381182707039375,27.343329679537955,25.972476078215102,26.19387439952177,25.842718979351872,26.072321591028693,25.755303968411436,26.067932870247144,25.78031821321099,25.902237847457023,26.03966110557553,25.784563563560155,26.020801187685883,26.10379262257951,26.52961757473842,26.064126211170077,25.917097685750306,25.84000015258789,25.84000015258789,25.950000762939453,39.695022588297164,-0.14472765968087486,-0.022627183810625617,-0.12210047587024925,33.462765820757426,31.28866188231338,2.174103938444045,53.93617621324658,52.22033750169254,-96.0000991821289,-2.2997331466485713,-1.2780787281426855,-0.6000003814697266,-8578.88723297281,-0.2403530345243503,30.119706311349464,-0.2738816042280107,-0.3830877244211314,-0.05258984645480913,-0.03625558665986128,-3.597159989715135,0.2793139875453896,-0.5006847917514854,-22380470.950305548,-21638211.163820438,-0.4916671117146816,0,1,0,-0.4916671117146816,1,0,0,0,0,0.44322710219643247,0.7799987792968752,25.5186718537476,26.083999919891365,26.649327986035132,4.334673116699821,-0.025358799913307948,25.180394095474377,26.031384760898106,26.882375426321836,25.450000762939453,26.110000610351562,26.770000457763672,2.5349248452554796,0.14239394725995913,25.280704448817172,26.083999919891365,26.990704963801296,211568495.0,51.62124365310634,-0.24882553936534732,-215345180.0956975,-3827737.821855098,-194652.66518701156,25.72333335876465,1322635125.4172208,970.8090220924554,-14.088503317393476,8.71091572406702,-22.799419041460496,1.400740532409259,-2.101435199653229,0.28266403307188387,0.07989895559246307,26.11500072479248,26.11500072479248,-0.15309669841831722,0.03839233919519061,0.6876826490560325,0.07989895559246307,25.749428394862584,-0.016499996185302734,3.309385787697064,0.27453330993652375,-0.026727787272442738,-0.012398283667013454,-0.012780787281426842,0.01675309459140739,-0.047569224602917015,,-0.027091469502537463,-0.13260295881877815,-0.4911747001857979,-0.32878460548501,-0.2749755391704196
2026-08-28 00:00:00+05:30,25.549999237060547,25.709999084472656,25.350000381469727,25.479999542236328,3624254,0.0,0.0,26.049499893188482,26.365199890136722,26.12029779434204,27.022206106185934,25.978871882930317,26.140559151209235,26.36333749585516,27.324789081156844,25.914952232724147,26.157513601265702,25.760662619560485,26.023188976998686,25.654843030869216,25.997670816453187,25.73371733479685,25.86709606598071,26.011096762516623,25.695557364565957,25.953318758249594,26.061205208102177,26.467501251570532,26.018443274351043,25.854086533950806,25.484999656677246,25.835000038146973,25.90000057220459,39.558928464500575,-0.1705049671138994,-0.03872359299492012,-0.13178137411897928,25.497391331612203,32.74415589305214,-7.246764561439935,33.33333333333333,51.215926552293546,-88.18189857417069,-2.000001760629507,-2.636608834719313,-0.5200004577636719,-7461.17415277462,-0.2647649147931226,31.62044415839851,-0.5429066374901953,-0.2738816042280107,-0.05722089137577546,-0.04077401913695643,-3.8565815403684875,-0.17344561129619507,-0.5334443142991248,-23039286.76134636,-22096616.746692695,-0.5200004577636731,0,1,0,-0.5200004577636731,1,0,0,0,0,0.43728221653975374,0.3599987030029299,25.425135703124454,26.049499893188482,26.67386408325251,4.793675061894677,0.04393576696498885,25.140356766022578,25.978871882930317,26.817386999838057,25.350000381469727,26.0600004196167,26.770000457763672,2.5781818070472453,0.13232491028597035,25.256181615331585,26.049499893188482,26.961181539037636,207944241.0,50.69081959109856,-0.303306849722536,-216351924.78538665,-4225530.499278128,-172022.76580685412,25.513333002726238,1322492938.7955992,970.7697901231669,-12.732270287905893,8.053719002843684,-20.785989290749576,1.1819588838889619,-1.824256932140046,0.312182095032014,0.09745766045857743,26.100000381469727,26.100000381469727,-0.16845198113605583,-0.3155515162425931,0.7485566785864792,0.09745766045857743,25.64585691179548,-0.03450002670288086,3.3087292819005594,0.2915555572509767,-0.0003923196928846684,-0.009331251070195279,-0.026366088347193117,0.008709394749052413,-0.01010806083228144,,-0.00039239667038923326,-0.13260295881877815,-0.4911747001857979,-0.32878460548501,-0.2749755391704196
2026-08-31 00:00:00+05:30,25.479999542236328,25.489999771118164,24.850000381469727,24.88999938964844,4461307,0.0,0.0,25.978499889373783,26.311599884033203,26.111009101867673,26.99518541336062,25.875169740712995,26.09151759193234,26.334162483851063,27.30056231805726,25.80452361333938,26.099662601246553,25.58391656422938,25.931631808777738,25.42208768164386,25.866266030248557,25.600983527295,25.807691338676182,25.859207520152275,25.522647059442207,25.841816010985017,25.960681662318336,26.39681668876875,25.92219839738503,25.656930347189018,25.184999465942383,25.539999961853027,25.65000057220459,32.48296138753575,-0.2358233259403626,-0.08323356145710664,-0.15258976448325595,6.10597988627951,21.688712346216377,-15.582732459936867,0.0,29.089836515526635,-97.50006258486187,-4.672543822995687,-5.397187780760298,-1.220001220703118,-6435.06218193054,-0.37614711312685856,26.63439791470792,-0.9460235102283543,-0.5429066374901953,-0.06502874987309726,-0.04568118706262084,-4.823093058854236,-0.2515241666334873,-0.8915235562819248,-23957147.004836068,-22749168.69850232,-0.5916671752929688,0,1,0,-0.5916671752929688,0,0,0,1,0,0.4517620146189455,0.6399993896484377,25.180151999477484,25.978499889373783,26.77684777927008,6.146220091968081,-0.18172065931478357,24.994608560720575,25.875169740712995,26.755730920705414,24.850000381469727,25.8100004196167,26.770000457763672,2.8466031528601623,0.15114214672683943,25.15132499012455,25.978499889373783,26.94132495197757,203482934.0,48.93621624066478,-0.31750186249971835,-220255581.70613024,-5246197.387617022,-523472.6293689334,25.076666514078777,1312162593.9838645,970.7697901231669,-9.672811764135757,8.890542021291056,-18.563353785426813,1.3514829558403265,-2.7268826372591373,0.39917394494814884,0.15933983832546775,26.06999969482422,26.06999969482422,-0.9306351516799088,1.7166611723975391,0.8146492619826184,0.15933983832546775,25.456571061270576,-0.0710000038146971,3.3036443022778808,0.3133335452609591,-0.023155422417095672,-0.03862495262938581,-0.05397187780760293,-0.005593339718594659,-0.05716762041886092,,-0.02342772088081384,-0.13260295881877815,-0.4911747001857979,-0.32878460548501,-0.2749755391704196
2026-09-01 00:00:00+05:30,25.0,25.1200008392334,24.51000022888184,24.59000015258789,3061545,0.0,0.0,25.891499900817877,26.26639987945557,26.102064571380613,26.967058153152493,25.752772637082032,26.032634555095306,26.299624615905255,27.273591550241647,25.672285543169295,26.032148886287914,25.378517621740272,25.822444904515105,25.15700411186267,25.711311323107573,25.39276276683394,25.720819335749272,25.67710334377652,25.330014006161996,25.71743107236968,25.878838873175045,26.358179331433547,25.804683204836284,25.3692691689372,24.739999771118164,25.390000343322754,25.475000381469727,29.585164252828207,-0.30824279605776894,-0.12452242525961038,-0.18372037079815856,6.15437065089747,12.58591395626306,-6.431543305365589,0.0,11.111111111111109,-95.85492688827503,-5.057913070412329,-6.608430596885657,-1.3099994659423864,-5289.846597484254,-0.5982352312873331,24.96593223086892,-1.388897672029385,-0.9460235102283543,-0.07613769438084006,-0.05120267950137696,-6.192472275547408,-0.4570197006377157,-1.0670203109892746,-25518054.401098236,-23648565.480628107,-0.7016671498616536,0,1,0,-0.7016671498616536,0,0,0,1,0,0.4630647714569894,0.6100006103515592,24.89884729153216,25.891499900817877,26.884152510103593,7.66778759892825,-0.15556657790206524,24.839883834164784,25.752772637082032,26.66566143999928,24.51000022888184,25.640000343322754,26.770000457763672,3.243143449471483,0.15403958659465097,25.031455943558342,25.891499900817877,26.911456057999256,200421389.0,41.64685536336553,-0.35141813016794615,-222514100.07872576,-5905435.379798174,-579899.5629200204,24.740000406901043,1308472512.8800116,969.5644898241829,-10.229171590498815,6.667345755942399,-16.896517346441215,0.8852300944199749,-2.6222663116082643,0.4963263046428577,0.2463398006804348,26.024999618530273,26.024999618530273,-1.1946937363035603,1.7771967807077151,0.869429227411234,0.2463398006804348,25.233856827872142,-0.08699998855590803,3.2984589855556816,0.34442237854003904,-0.012053002989840134,-0.056046031755561776,-0.0660843059688565,-0.0556835910890785,-0.05300710143196563,,-0.01212622942415798,-0.13260295881877815,-0.4911747001857979,-0.32878460548501,-0.2749755391704196
2026-09-02 00:00:00+05:30,24.59000015258789,24.790000915527344,24.299999237060547,24.38999938964844,6678091,0.0,0.0,25.78649988174439,26.211999855041505,26.085808715820306,26.93517686843875,25.622984708755023,25.968217489783665,26.26181025498928,27.244899090932265,25.529285494486494,25.9585645533543,25.166945854959472,25.70437966471111,24.892533968373925,25.546059938454352,25.139145011984425,25.607329568441664,25.494679001868683,25.10525070208509,25.609296484609015,25.68656992853381,26.27480681070989,25.678070199196604,25.05001686513474,24.489999771118164,25.289999961853027,25.369999885559082,27.804339702528218,-0.3774234355459747,-0.1549624517982529,-0.22246098374772177,3.61687419495482,5.2924082440439335,-1.6755340490891135,0.0,0.0,-95.79438794199865,-5.0233679914222655,-7.927521327347601,-1.2900009155273402,-4482.280610569855,-0.8898528547847881,22.634525883687378,-1.8363204871012748,-1.388897672029385,-0.0900837096386442,-0.0576387431022655,-7.504959141864957,-0.617445174311964,-1.1074468527787609,-28021424.116214104,-25001852.281571507,-0.9300006230672182,0,1,0,-0.9300006230672182,0,0,0,1,0,0.46498883624340426,0.4900016784667971,24.629711421520206,25.78649988174439,26.943288341968575,8.972047121782012,-0.1036110058641615,24.703704043550502,25.622984708755023,26.542265373959545,24.299999237060547,25.53499984741211,26.770000457763672,3.68159929090473,0.15067141071356968,24.913201209764253,25.78649988174439,26.82570159123397,193743298.0,37.600701792421994,-0.36836094662642366,-226739019.0370444,-6982558.283355653,-687860.0960713135,24.493333180745438,1303040941.970328,969.5644898241829,-2.9183542110844995,11.182530508285373,-14.100884719369873,1.700596300695758,-2.4144440234566433,0.578394230112093,0.33453988542696084,25.949999809265137,25.949999809265137,-1.2306439111839995,1.1645546647686689,0.9074404612078303,0.33453988542696084,25.0148567199707,-0.10500001907348615,3.2937127221630145,0.392533543904622,-0.008133418531858005,-0.06872856463169774,-0.07927521327347598,-0.052815557683555725,-0.06636781404258318,,-0.008166675230218993,-0.13260295881877815,-0.4911747001857979,-0.32878460548501,-0.2749755391704196
2026-09-03 00:00:00+05:30,24.530000686645508,25.09000015258789,24.530000686645508,24.63999938964844,6948260,0.0,0.0,25.68649988174439,26.16159984588623,26.071069297790523,26.903217763900784,25.529367059316304,25.91613050546464,26.229695188348867,27.21897969091949,25.420094971429737,25.896917476280063,25.032058794485295,25.61259490428449,24.746442382352,25.422342794169715,24.89997530181686,25.482126929002234,25.399079881565992,24.95808391769055,25.51128480689897,25.526116361562465,26.200446074227695,25.590614986671575,24.801558411766784,24.51499938964844,25.289999961853027,25.369999885559082,33.21579355202751,-0.4073806495547281,-0.14793573264560506,-0.259444916909123,8.079511046029829,5.9502519639607065,2.1292590820691224,7.733874691453257,2.577958230484419,-84.11215203163684,-4.533127084476762,-7.507507679512726,-1.1700000762939418,-4084.065718262555,-1.059235157686114,23.253639446995674,-1.9463879628166159,-1.8363204871012748,-0.10443599303892048,-0.06500308816419251,-8.090369353281524,-0.2078106943670086,-0.7678101603093914,-31017470.103976768,-27008929.02390625,-1.1516672770182272,0,1,0,-1.1516672770182272,0,0,0,1,0,0.48177540243597894,0.7000007629394496,24.495104433541243,25.68649988174439,26.877895329947535,9.276432785222562,0.06080892634168079,24.564303454999937,25.529367059316304,26.49443066363267,24.299999237060547,25.420000076293945,26.540000915527344,3.95034851041982,0.1553807855189958,24.80107592531952,25.68649988174439,26.76107596346649,200691558.0,47.25360447881172,-0.4296037066818596,-230957635.0476846,-8130708.35789147,-341442.225203983,24.753333409627277,1310162979.868932,969.5644898241829,2.8264727197801456,13.541885951320015,-10.71541323153987,1.5568585106301696,-1.7567642946332769,0.5956977241015728,0.35485577849979366,25.89499950408936,25.89499950408936,-1.150305988766496,0.14079240360149692,0.9106580631376012,0.35485577849979366,24.88728515080043,-0.1,3.2901829756354557,0.4407335578070744,0.010250102757530355,-0.03334642562189538,-0.07507507679512726,-0.01910833732279471,-0.010606387727969735,,0.010197926691392929,-0.13260295881877815,-0.4911747001857979,-0.32878460548501,-0.2749755391704196
2026-09-04 00:00:00+05:30,24.649999618530277,25.020000457763672,24.549999237060547,24.780000686645508,5993994,0.0,0.0,25.605499935150153,26.113999862670898,26.055566024780273,26.870483293533354,25.457998833347656,25.871576394922716,26.200988366532957,27.194711243115773,25.333761714753653,25.842737117094153,24.943482008338442,25.53713726013092,24.66949750958042,25.324654386746715,24.713089704389695,25.354955582609463,25.35147369668846,24.83540944778122,25.422607046132292,25.426833853651306,26.163403905739674,25.524757695973243,24.673645866252294,24.710000038146973,25.289999961853027,25.369999885559082,36.104159315626354,-0.41504069211390515,-0.12447662016382566,-0.2905640719500795,14.174473570611035,8.623619603865228,5.550853966745807,19.595708245721912,9.10986097905839,-77.5700393145314,-3.6547381485383994,-6.136359679140619,-0.9399986267089808,-3682.331425114384,-1.1627939560834015,23.868697922146712,-1.9573637558224055,-1.9463879628166159,-0.11791034195116623,-0.07328441708044364,-8.543072623099665,-0.20383750914702858,-0.6738387298501536,-33921608.17052121,-29586241.83533353,-1.1966670354207338,0,1,0,-1.1966670354207338,0,0,0,1,0,0.48093438945506084,0.4700012207031252,24.398180252124362,25.605499935150153,26.812819618175944,9.43015903679688,0.15812731287715995,24.4953220064513,25.457998833347656,26.42067566024401,24.299999237060547,25.375,26.450000762939453,4.170475166413148,0.157677847707358,24.68345317894044,25.605499935150153,26.713453388748782,206685552.0,50.750364411177934,-0.39304116339176576,-231085145.0979573,-7901822.190025479,-172783.77386160888,24.78333346048991,1313568689.9134915,970.132676920226,5.282246522942817,12.79812780358615,-7.515881280643333,1.2375952834729909,-1.3674907484913608,0.6036598415128951,0.3644052042553736,25.84999942779541,25.84999942779541,-0.9498816451016274,-0.6017222974495705,0.8944666470814064,0.3644052042553736,24.790285273960656,-0.08099994659423845,3.288571572665849,0.4855778927273217,0.005681870960430491,-0.027472483052069285,-0.06136359679140624,-0.0465563330176435,0.0013427945031903032,,0.005665790016104042,-0.13260295881877815,-0.4911747001857979,-0.32878460548501,-0.2749755391704196
2026-09-07 00:00:00+05:30,24.75,24.899999618530277,24.31999969482422,24.420000076293945,4573497,0.0,0.0,25.520499897003177,26.066599845886227,26.03911840438843,26.839883136749297,25.35914180886635,25.814651833407865,26.165721271676738,27.167102176779238,25.22085696629116,25.776305752922507,24.80418451647017,25.438635733034808,24.51970478519613,25.194539025009163,24.538689827031384,25.221562784729628,25.22041644219949,24.64060863518561,25.308387170946,25.336071558225825,26.108145731747822,25.430568120742592,24.61068499022805,24.600000381469727,25.289999961853027,25.369999885559082,32.24258709434462,-0.4450303389092376,-0.12357301356732647,-0.3214573253419111,14.641773702431863,12.298586106357575,2.343187596074287,25.938707767218943,17.7560969014647,-94.39248754653616,-5.677865384354714,-6.508425376411078,-1.4699993133544957,-3282.4571215975357,-1.2127351985258166,25.241920241250245,-2.1072382950434014,-1.9573637558224055,-0.13182276564482898,-0.08269520282143548,-9.24038049778902,-0.20900436400659927,-0.7890042877126575,-36690920.19382469,-32431750.143172454,-1.3133335113525373,0,1,0,-1.3133335113525373,0,0,0,1,0,0.48801049904441784,0.5799999237060585,24.229242045449283,25.520499897003177,26.81175774855707,10.119377416314043,0.07386519687570736,24.377672313349446,25.35914180886635,26.340611304383255,24.299999237060547,25.375,26.450000762939453,4.4837702786239655,0.16078200411227314,24.573416243939832,25.520499897003177,26.663416396527722,202112055.0,48.23219811005449,-0.4020559071991419,-234081567.94343573,-8043246.736730248,-383309.1935158133,24.546666463216145,1306924373.2637007,968.6798899937689,4.6591160311691295,9.73999784944997,-5.08088181828084,0.9410026640464385,-1.7045392124971717,0.6456289257769465,0.4168367097998939,25.764999389648438,25.764999389648438,-0.7265406083492182,-1.1179728764886243,0.9050579442003885,0.4168367097998939,24.621571104867115,-0.08500003814697266,3.2839141675013352,0.5251111772325303,-0.014527869264570836,-0.018883058452382473,-0.06508425376411076,-0.06722689871527177,-0.011239626429038863,,-0.01463443210386253,-0.13260295881877815,-0.4911747001857979,-0.32878460548501,-0.2749755391704196
2026-09-08 00:00:00+05:30,24.420000076293945,24.450000762939453,24.13999938964844,24.18000030517578,3477238,0.0,0.0,25.42349987030029,26.01039985656738,26.018893775939944,26.809804229736358,25.246842618038677,25.75054785190857,26.12640006441929,27.13737977009662,25.093190338498072,25.70232145720837,24.643134371312332,25.327687381090037,24.341639941479958,25.048155756676607,24.360141055780055,25.080297968452847,25.01083279909855,24.405312581957833,25.173548491270992,25.250233520494113,26.06306555402251,25.321278667398946,24.54427948153315,24.300000190734863,25.1850004196167,25.289999961853027,29.94327217884033,-0.48260021100151107,-0.12891430852767993,-0.35368590247383114,9.925547504631483,12.913931592558127,-2.9883840879266437,21.26172614098296,22.265380717974605,-98.26083062503798,-7.1784989890685855,-7.427260611506759,-1.8699989318847656,-2919.791890394877,-1.246000003814693,24.16251244159517,-2.3993904819397676,-2.1072382950434014,-0.14655999108581508,-0.09353222038265521,-10.112359601248428,-0.5262884085458381,-0.8362897818368502,-38973126.608388044,-35202608.90684277,-1.3699998855590803,0,1,0,-1.3699998855590803,0,0,0,1,0,0.4752955614906032,0.3100013732910123,24.03412248921833,25.42349987030029,26.81287725138225,10.929867155741444,0.052497549601624754,24.29979852718224,25.246842618038677,26.193886708895114,24.13999938964844,25.295000076293945,26.450000762939453,4.83568290919395,0.16185910325753347,24.484429522451837,25.42349987030029,26.574430151876875,198634817.0,47.18219020799261,-0.4453397324460114,-236661437.63806444,-8190765.614424944,-447770.21217403753,24.25666681925456,1303506943.6096628,967.6970899513105,2.2057170431869597,5.82927908917424,-3.6235620459872804,0.7477695112765043,-1.7900098015934998,0.6946886905409806,0.48259237676554234,25.699999809265137,25.699999809265137,-0.5723691735615528,-1.3273452767040723,0.9173182751181601,0.48259237676554234,24.432571274893625,-0.09700002670288085,3.2776007783735293,0.5724444495307074,-0.009828000424584205,-0.016673438180884292,-0.07427260611506759,-0.08165589155944242,-0.04268826023193184,,-0.009876613999152179,-0.13260295881877815,-0.4911747001857979,-0.32878460548501,-0.2749755391704196
2026-09-09 00:00:00+05:30,24.13999938964844,24.239999771118164,23.93000030517578,23.979999542236328,4455335,0.0,0.0,25.313999843597415,25.952399864196774,25.99283319473267,26.77877449989322,25.126190896533693,25.681114584862602,26.083897083782002,27.105963051411443,24.955714116777695,25.6226979154699,24.470817591943444,25.2081264837771,24.151292341170624,24.891395043005744,24.17093677801487,24.93160523681953,24.74315073112171,24.220997032567038,25.02242893062602,25.135140754522542,26.010695050634364,25.20217175156083,24.420960988807977,24.079999923706055,25.085000038146973,25.1850004196167,28.142196061231033,-0.5224900552854841,-0.13504332224932236,-0.38744673303616173,3.1128943744316953,9.226738527165015,-6.11384415273332,9.88274595931768,19.027726622506528,-98.00799870513077,-8.438338857410072,-8.368362734707922,-2.210000991821289,-2637.1301758118952,-1.27667648091035,24.798854413772723,-2.756765221099651,-2.3993904819397676,-0.1621849195869829,-0.10570945073067452,-11.264129349658022,-0.5939623104744172,-0.9039617764168,-40835498.980178885,-37680866.792520925,-1.453333218892414,0,1,0,-1.453333218892414,0,0,0,1,0,0.4634886975228732,0.30999946594238303,23.830342862304665,25.313999843597415,26.797656824890165,11.722027261274606,0.050435067478084905,24.210293963674555,25.126190896533693,26.04208782939283,23.93000030517578,25.1850004196167,26.440000534057617,5.27034908117202,0.1610890041050753,24.406592779874238,25.313999843597415,26.44159310412349,194179482.0,42.62294071307802,-0.47566931598463885,-239679587.2534254,-8466819.522512645,-511098.81031358195,24.049999872843426,1299821788.986401,967.6970899513105,1.9697625497070967,4.474659676555502,-2.5048971268484053,0.941035157577109,-1.7982597300876586,0.7418284906463758,0.55030950953468,25.585000038146973,25.585000038146973,-0.46471169413191277,-1.395657693870032,0.9271195903079908,0.55030950953468,24.239142663138253,-0.10950002670288086,3.2704064467331038,0.6295555962456596,-0.00827133004198688,-0.016810162266183704,-0.08368362734707924,-0.14964542930967106,-0.018106082030036608,,-0.008305727297672708,-0.13260295881877815,-0.4911747001857979,-0.32878460548501,-0.2749755391704196
2026-09-10 00:00:00+05:30,23.989999771118164,24.200000762939453,23.76000022888184,23.93000030517578,3531333,0.0,0.0,25.20599985122681,25.887999877929683,25.97030527114868,26.74774066925052,25.012267983071037,25.61244343663959,26.041245662423464,27.074361432045915,24.823904636928017,25.543388128841624,24.316238071499363,25.092025726519644,23.99035924781695,24.742145502196422,23.995036403523894,24.778802215524387,24.566608635731768,24.045664083571626,24.882725874202304,25.056342949920516,25.947286304921274,25.090382857627148,24.259888097919237,23.954999923706055,25.0600004196167,25.100000381469727,27.693728892974146,-0.5517770227915975,-0.13146423180434857,-0.4203127909872489,3.3581521254632785,5.465531334842152,-2.1073792093788732,3.5397464378206465,11.561406179373762,-93.65671429344141,-6.120045037073575,-8.279033479414744,-1.5599994659423828,-2456.0919695262082,-1.3945882236256217,27.449042795788348,-3.1429669364723694,-2.756765221099651,-0.17803249233864227,-0.11913296194877082,-12.26876169439197,-0.5048239220221582,-0.9448244560797718,-41953657.68534488,-39710304.84271724,-1.5199995040893555,0,1,0,-1.5199995040893555,0,0,0,1,0,0.46181097156106893,0.44000053405761386,23.647601283403795,25.20599985122681,26.764398419049826,12.36529855606713,0.0906055188970304,24.099789703997036,25.012267983071037,25.92474626214504,23.76000022888184,25.100000381469727,26.440000534057617,5.678340417520121,0.16123101491941425,24.274367363225632,25.20599985122681,26.35436776376883,190648149.0,41.87890280168554,-0.4589566424385598,-240482165.0226842,-8065405.45490244,-463308.11681260343,23.96333376566569,1299085492.2425427,967.488586039655,0.09085472544045033,2.0766014818310845,-1.9857467563906344,0.7544800802070657,-1.6375779244118789,0.7791992839115076,0.6071515240482063,25.484999656677246,25.484999656677246,-0.32133121849931423,-1.5091120804578058,0.9310464117946463,0.6071515240482063,24.059714208330426,-0.10799999237060547,3.268658916705103,0.6965778054131399,-0.0020850391165555537,-0.028814898622560037,-0.08279033479414744,-0.14505178632161853,-0.021335859439183258,,-0.002087215836838605,-0.13260295881877815,-0.4911747001857979,-0.32878460548501,-0.2749755391704196
2026-09-11 00:00:00+05:30,23.700000762939453,24.170000076293945,23.59000015258789,24.1200008392334,5092337,0.0,0.0,25.111999893188482,25.831199913024896,25.951152744293214,26.715345430374178,24.927290159848404,25.553916275956997,26.00320121047911,27.04496480923186,24.72047615959531,25.474054833206473,24.220664114082126,24.997675125578084,23.916234390288636,24.62709709490108,23.874176364172065,24.631149336081897,24.498858649204056,23.97941057930941,24.77438371596823,24.971692561086403,25.874137338935743,25.00922425075022,24.135617615192167,24.02500057220459,25.0600004196167,25.015000343322754,32.120503497730596,-0.553277857604705,-0.10637205329396487,-0.4469058043107402,8.977266611065897,5.149437703653623,3.8278289074122736,6.77959443100354,6.734028942713955,-81.40348716823014,-5.337514628870222,-7.230766002948467,-1.3599987030029297,-2344.502731566222,-1.4941175965701774,35.97268337307929,-3.5411226409557495,-3.1429669364723694,-0.1925266990064678,-0.13329940074136756,-12.485777645578453,-0.45127834499220754,-1.0312782686982622,-40838952.04715954,-40898398.66443252,-1.6549994150797525,0,1,0,-1.6549994150797525,0,0,0,1,0,0.47025303957142506,0.5799999237060549,23.528657875909136,25.111999893188482,26.69534191046783,12.610242306578064,0.18673885896755454,23.991238398075534,24.927290159848404,25.863341921621274,23.59000015258789,25.015000343322754,26.440000534057617,6.011616233124372,0.1669835230139894,24.11502841930772,25.111999893188482,26.30252889614487,195740486.0,34.63380930211587,-0.3860376550922771,-236267803.87905425,-5827038.840188503,-258900.27875346525,23.96000035603841,1303128729.7572205,967.488586039655,1.4472693671425254,2.746412898826528,-1.2991435316840025,1.05490515317102,-1.2530445641297807,0.7916710086396737,0.6267429859205582,25.184999465942383,25.184999465942383,-0.11859361053873284,-1.6373020322442406,0.9207205209479042,0.6267429859205582,23.937428692408968,-0.09399995803833008,3.2691285457994006,0.7382666524251301,0.007939846704327902,-0.026634375670852917,-0.07230766002948463,-0.12545319412777278,0.04798139828288139,,0.007908491979936604,-0.13260295881877815,-0.4911747001857979,-0.32878460548501,-0.2749755391704196
2026-09-14 00:00:00+05:30,24.1200008392334,24.1200008392334,24.1200008392334,24.1200008392334,0,0.0,0.0,25.01249990463257,25.782199935913084,25.931213340759275,26.68334362030032,24.850405462646975,25.497684298046266,25.965910114018797,27.0158606901274,24.626000059218637,25.406948987175436,24.141514790438098,24.909229723807194,23.86402942593878,24.522234012585212,23.810559658034023,24.490166823985735,24.46367277804994,23.948038288506503,24.670290269821766,24.940368988256925,25.864552968009768,24.935810998944326,24.075239444847007,24.1200008392334,25.0600004196167,25.015000343322754,32.120503497730596,-0.5481485645653486,-0.08099420820368669,-0.46715435636166186,14.512103790032773,8.94917417552065,5.562929614512123,12.593482116800327,7.637607661874838,-81.40348716823014,-3.0936061442222416,-7.621599864418258,-0.7699985504150426,-2334.8019013183616,-1.515940913032079,36.61514668300584,-2.8806547483520815,-3.5411226409557495,-0.20540809638330826,-0.1476627787416418,-12.665116806869094,-0.42966649890236397,-0.42966649890236397,-37931062.91471221,-40725296.89331665,-1.7333326339721677,0,1,0,-1.7333326339721677,0,0,0,1,0,0.4366635367448947,2.220446049250313e-16,23.443177659395683,25.01249990463257,26.581822149869456,12.548303857834155,0.21564187402936796,24.003501487709617,24.850405462646975,25.697309437584334,23.59000015258789,25.015000343322754,26.440000534057617,6.344391058583263,0.16496968951307728,24.0662792214957,25.01249990463257,26.163779545744962,195740486.0,28.171916211362998,-0.4150057109278294,-236267803.87905425,-4381612.603242964,-221914.52464582736,,1303128729.7572205,967.488586039655,-7.292803070642066,-4.79492763116645,-2.4978754394756155,0.0,-1.1374325038825286,0.784661122618443,0.6156930773488353,24.835000038146973,24.835000038146973,0.06478300612791706,-1.6651329082872275,0.9061588498465901,0.6156930773488353,23.853000368390763,-0.09949998855590803,3.2736846406480593,0.7749332555135091,0.0,-0.012284981004229256,-0.0762159986441826,-0.1251359772861549,0.022634032716973396,,0.0,-0.13260295881877815,-0.4911747001857979,-0.32878460548501,-0.2749755391704196
2026-09-15 00:00:00+05:30,24.1200008392334,24.13999938964844,23.65999984741211,23.71999931335449,3373905,0.0,0.0,24.90349988937378,25.728599929809565,25.910126285552973,26.65057127952578,24.74274773414293,25.42797116139169,25.921436632817525,26.9830660495625,24.5029047648112,25.32607837452608,24.003965847783622,24.795613948964455,23.725863229005277,24.381613574040983,23.748698214493785,24.346549200556503,24.38628755702479,23.862510759797363,24.5369454965117,24.86992398668378,25.824892665298243,24.82974563677349,24.021642706108416,23.920000076293945,24.604999542236328,24.90999984741211,27.943469873284844,-0.5697921340255334,-0.0821102221310972,-0.4876819118944362,14.03907914569508,12.509483182264582,1.5295959634304985,13.28713228111004,10.886736276304635,-95.07578822645448,-3.5380269777747104,-8.416989719243459,-0.870000839233402,-2302.351392106262,-1.5147939345415935,32.209404323486545,-2.7131125880735794,-2.8806547483520815,-0.21832356967311783,-0.16191165207880553,-13.027842182217068,-0.2911439449471409,-0.7711434871834726,-35483727.54814671,-39162902.526205845,-1.7949994405110683,0,1,0,-1.7949994405110683,0,0,0,1,0,0.4397589657085688,0.4799995422363319,23.291475961160014,24.90349988937378,26.515523817587546,12.946163674782193,0.13291469955700602,23.885072796392688,24.74274773414293,25.600422671893174,23.59000015258789,25.015000343322754,26.440000534057617,6.606831936106664,0.1705881962978315,23.937110300027943,24.90349988937378,26.084610815012066,192366581.0,21.958666592470934,-0.42506005167509037,-238798239.33240765,-4197112.004810154,-383007.756577921,23.839999516805012,1297533509.6029356,967.488586039655,-7.627725770191544,-4.103880264572743,-3.5238455056188016,0.7646418648902785,-1.4683412017719775,0.8060119641068823,0.649655286283434,24.710000038146973,24.710000038146973,0.19423039268679437,-1.5057750299593478,0.9093849552627982,0.649655286283434,23.701714515686035,-0.10900001525878941,3.2770876382169316,0.8189332834879558,-0.01658381061199099,-0.019024027544070288,-0.08416989719243462,-0.11657359492163655,-0.020069793794928792,,-0.01672286147150345,-0.13260295881877815,-0.4911747001857979,-0.32878460548501,-0.2749755391704196
2026-09-16 00:00:00+05:30,23.739999771118164,24.020000457763672,23.57999992370605,23.68000030517578,4352333,0.0,0.0,24.803499889373782,25.67999992370605,25.88500001907348,26.617549762725854,24.641533693288917,25.35942328467734,25.87705175504244,26.95019972374771,24.38638099488758,25.24574113434436,23.881537378191148,24.68600466961974,23.610726716152133,24.248788451969975,23.682238053243395,24.20390665144736,24.325595752399654,23.753700327502674,24.40883000479609,24.78611706640105,25.773698827860578,24.730471553185193,23.951066519817925,23.699999809265137,24.579999923706055,24.644999504089355,27.557548820926453,-0.5834467929840912,-0.07661190487172398,-0.5068348881123672,9.405193348415374,12.652125428047741,-3.2469320796323675,6.990391222709875,10.957001873540081,-95.30514456006925,-2.911025429438905,-7.788161901216574,-0.7099990844726598,-2285.693500212006,-1.5032644945032452,33.98693661133475,-2.8423563345118543,-2.7131125880735794,-0.2308286000653137,-0.1759552750817381,-12.743742924368059,-0.3038367297719411,-0.7438372638295618,-34634794.45014969,-37050554.57050451,-1.7399994532267269,0,1,0,-1.7399994532267269,0,0,0,1,0,0.439776220590644,0.44000053405762096,23.1467784106265,24.803499889373782,26.460221368121065,13.35877183572024,0.16092683694560223,23.781732457408673,24.641533693288917,25.50133492916916,23.57999992370605,25.010000228881836,26.440000534057617,6.834077690216724,0.17011727195250115,23.81291428153851,24.803499889373782,26.012915044477957,188014248.0,21.97856626107424,-0.4237998426916074,-241172234.00508967,-4495440.7917764485,-353162.2203901406,23.760000228881836,1296799576.1783867,967.488586039655,-5.751068767642482,-1.7817786096189443,-3.969290158023538,1.0412720327500933,-1.3562926522175913,0.8283607393736413,0.6861815145356457,24.614999771118164,24.614999771118164,0.346786567056769,-1.341936169905561,0.91092032308544,0.6861815145356457,23.55214320591518,-0.1,3.2813025986023057,0.8482221645779082,-0.0016862988759105413,-0.012510393777620976,-0.07788161901216573,-0.1265215871616795,0.020144734843009937,,-0.0016877222782729277,-0.13260295881877815,-0.4911747001857979,-0.32878460548501,-0.2749755391704196
2026-09-17 00:00:00+05:30,23.57999992370605,23.979999542236328,23.56999969482422,23.59000015258789,2624177,0.0,0.0,24.692499923706052,25.630799942016598,25.857400016784663,26.585012645721456,24.54138764179358,25.29003414224246,25.831763604498786,26.91676490214413,24.270809591384165,25.163780359006395,23.763163595828388,24.57635610073008,23.50165266891304,24.11760499168846,23.602072226619303,24.06308028297367,24.18687789836646,23.62477645045768,24.28220923226196,24.728091940911877,25.743080453720886,24.632076293034068,23.846471985093324,23.635000228881836,24.239999771118164,24.52999973297119,26.665186013825764,-0.5946754206596694,-0.07027242603784178,-0.5244029946218276,3.5535858935359235,8.99928612921546,-5.445700235679536,0.6936501643097117,6.990391222709876,-98.95830953286848,-4.261360645575615,-8.601314836460555,-1.0499992370605504,-2339.165969191545,-1.4767646677353845,32.12399012703343,-3.1155978700782674,-2.8423563345118543,-0.2428285453742518,-0.18983507546208095,-12.4688343499752,-0.23900378316389492,-0.6490036305760043,-35018089.47411274,-35531032.730902955,-1.5883328119913749,0,1,0,-1.5883328119913749,0,0,0,1,0,0.43764933679217727,0.4099998474121096,23.022292300800306,24.692499923706052,26.362707546611798,13.528056114741645,0.1699512815059227,23.685377028871052,24.54138764179358,25.39739825471611,23.56999969482422,25.005000114440918,26.440000534057617,6.9374492829647405,0.16670175369901122,23.689656201628473,24.692499923706052,25.93215698364141,185390071.0,22.443911608614,-0.4456800865939685,-243540387.7817437,-4962311.425218374,-336449.95039406815,23.713333129882812,1295802209.9310308,967.108517832611,-7.867743386782774,-3.1187625830073884,-4.748980803775385,0.7002632668189477,-1.3201948739763085,0.8351038114528735,0.6973983759031165,24.505000114440918,24.505000114440918,0.5024442517529709,-1.0583471498866388,0.9097011301043315,0.6973983759031165,23.427428926740372,-0.1109999656677246,3.282861348870654,0.8635555097791883,-0.0038006820704398203,-0.014208113173920567,-0.0860131483646055,-0.13144328847131348,0.06832576801316415,,-0.0038079230153825866,-0.13260295881877815,-0.4911747001857979,-0.32878460548501,-0.2749755391704196
2026-09-18 00:00:00+05:30,23.59000015258789,23.940000534057617,23.530000686645508,23.75,3517779,0.0,0.0,24.593999958038328,25.57179992675781,25.83140001296997,26.556472148895285,24.466017390194192,25.229640646468248,25.79054056282554,26.885254803615332,24.18104769388835,25.090023498535157,23.693717787635762,24.48592485574191,23.46247287398514,24.016304188006156,23.5409899142707,23.931340830740655,24.108699686209434,23.572892971719433,24.168789238433977,24.660797765869454,25.66348202906483,24.55917625705959,23.759726180132926,23.670000076293945,24.1850004196167,24.325000762939453,30.946226152117866,-0.5839323300631065,-0.04762346835302311,-0.5363088617100834,6.524326460462476,6.494368567471257,0.029957892991219204,15.118311428622029,7.600784271880538,-86.16356652567482,-4.156580541180525,-7.659406555005677,-1.0300006866455078,-2374.7918709709224,-1.4264998716466621,36.01973822419264,-3.4579950330746945,-3.1155978700782674,-0.2531260254790779,-0.20331321544366418,-11.712626132628898,-0.21200231628543165,-0.622002163697541,-34760465.399996966,-34924993.46611142,-1.3416662216186541,0,1,0,-1.3416662216186541,0,0,0,1,0,0.4356743732650296,0.4099998474121096,22.946732658737908,24.593999958038328,26.241267257338748,13.395684330413491,0.24381815313253435,23.613436388519123,24.466017390194192,25.318598391869262,23.530000686645508,24.985000610351562,26.440000534057617,6.8994480797997975,0.17142632052124662,23.56638925351815,24.593999958038328,25.848889997384113,188907850.0,28.86450143392919,-0.4176483692004352,-243282999.69610837,-4620288.527540803,-207979.3713049838,23.740000406901043,1298188153.549466,967.108517832611,-7.564860695744859,-2.252703913575579,-5.31215678216928,1.005139046207699,-1.0247273874698624,0.8236336496502102,0.6783723888361253,24.40499973297119,24.40499973297119,0.7232019958316136,-0.6590578244868303,0.8967782976370701,0.6783723888361253,23.355143165588377,-0.09849996566772443,3.2847364336182463,0.8679999669392902,0.006782528460244963,-0.015340001092850608,-0.07659406555005677,-0.1255522778560334,0.019703743266548113,,0.006759630592737214,-0.13260295881877815,-0.4911747001857979,-0.32878460548501,-0.2749755391704196
2026-09-21 00:00:00+05:30,23.75,23.84000015258789,23.51000022888184,23.6200008392334,3228395,0.0,0.0,24.48050003051758,25.51479995727539,25.801300029754636,26.52865866661074,24.385444385340783,25.166517516772764,25.74755957819995,26.852764714417503,24.088285873049784,25.013482357847924,23.613797740539596,24.39131933832827,23.40516692330273,23.90986738308824,23.49782631308485,23.80560710584365,24.036012683523882,23.524046152821487,24.057856407904666,24.55414019459788,25.61226597495931,24.480769366665793,23.698875742970316,23.6850004196167,24.1850004196167,24.300000190734863,29.44233297662579,-0.5792311826760894,-0.034337856772804765,-0.5448933259032847,7.280062741312413,5.785991698436938,1.4940710428754755,24.92568797973574,13.579216524222494,-93.03793571751945,-3.2760001415280797,-8.76785864785556,-0.7999992370605469,-2485.2338699826687,-1.43755880804623,36.135159828975965,-3.8331085803470373,-3.4579950330746945,-0.2622097644718324,-0.21616319026433276,-11.051501531576704,-0.23600241045377857,-0.5660023341598297,-33660982.40874414,-34642147.7678522,-1.1666660308837913,0,1,0,-1.1666660308837913,0,0,0,1,0,0.4281261982965312,0.32999992370605136,22.897665100556974,24.48050003051758,26.063334960478183,12.931393786788917,0.2281778488090361,23.551204445976474,24.385444385340783,25.219684324705092,23.51000022888184,24.975000381469727,26.440000534057617,6.819219599174649,0.16684674406942776,23.458382721797555,24.48050003051758,25.7358833512226,185679455.0,28.851507646553138,-0.4382283059222105,-244359118.92302513,-4402745.411824316,-238223.5526361422,23.656667073567704,1296421043.4836845,966.5611529451727,-7.884779027222736,-2.058097796042764,-5.826681231179972,0.959323423360031,-1.087288604763855,0.7914174649803026,0.6263416038758485,24.28499984741211,24.28499984741211,0.9308458724751324,-0.024789463700455622,0.888159483764191,0.6263416038758485,23.30385755811419,-0.11349992752075214,3.287853218086057,0.8746665785047741,-0.005473648874383175,-0.02072968418751897,-0.08767858647855564,-0.1183277330332837,0.004787222907657984,,-0.00548868418080803,-0.13260295881877815,-0.4911747001857979,-0.32878460548501,-0.2749755391704196
2026-09-22 00:00:00+05:30,23.6200008392334,23.780000686645508,23.6200008392334,23.71999931335449,2058479,0.0,0.0,24.36400003433228,25.465399932861327,25.773700027465814,26.502377929687515,24.322068664199232,25.109791312717146,25.707409869985188,26.821592919382052,24.015857233319966,24.943098018870632,23.56657223787009,24.31049141580527,23.39242312470192,23.82476337636089,23.483990300909262,23.690164001002902,24.01328393716426,23.51794643202636,23.967744326086176,24.426355601098322,25.582073142555465,24.4191145608296,23.68053980369133,23.670000076293945,24.1850004196167,24.300000190734863,32.172883132778814,-0.5609699361304337,-0.012861288181719166,-0.5481086479487145,11.363193231444532,8.389194144406472,2.9739990870380595,44.375886438299005,28.139961948885592,-86.70891806247212,-1.9024027544070312,-8.944337780982494,-0.4600009918212926,-2701.6938088725396,-1.3925585971159151,30.059693752114804,-3.683585096456209,-3.8331085803470373,-0.2694127376781097,-0.22807739227445797,-9.881637454712203,-0.24514426929799527,-0.40514411671010464,-31987046.468464933,-33974671.926676646,-1.114999771118167,0,1,0,-1.114999771118167,0,0,0,1,0,0.4089743160905011,0.1599998474121096,22.931734322958995,24.36400003433228,25.79626574570556,11.757229595756204,0.2751811288003573,23.53680398621969,24.322068664199232,25.107333342178773,23.51000022888184,24.975000381469727,26.440000534057617,6.665940644617834,0.16532688229669523,23.379920031717127,24.36400003433228,25.56742050855428,187737934.0,35.222543344869095,-0.4213088689646296,-243844535.9815332,-3749769.982027024,-174785.2224009351,23.706666946411133,1297292528.4612312,966.9845164954186,-10.760852342051763,-3.947336888697432,-6.813515453354331,0.6386034430088932,-0.8992754847985712,0.7161328556866413,0.5128462669939039,24.15000057220459,24.15000057220459,1.1180119142531466,0.807809940719749,0.8782718120166749,0.5128462669939039,23.31957163129534,-0.1164999961853029,3.292571656845719,0.8673332341512044,0.004233635502459032,0.0,-0.08944337780982492,-0.12115600168559038,-0.009606476587030732,,0.004224698881726376,-0.13260295881877815,-0.4911747001857979,-0.32878460548501,-0.2749755391704196
2026-09-23 00:00:00+05:30,23.700000762939453,24.1200008392334,23.700000762939453,24.040000915527344,3219016,0.0,0.0,24.256500053405762,25.42139995574951,25.74440004348754,26.481926574707046,24.295205069087626,25.06783874812147,25.674391870887014,26.793915387005388,23.985000174386162,24.887200018190867,23.58735552587933,24.259576579222056,23.47290112726509,23.78428588784629,23.52599032108918,23.595605212143596,24.013495221051045,23.57814215525041,23.901166209969556,24.32917316149774,25.5370207154662,24.39028599016926,23.723762349325607,23.880000114440918,24.1850004196167,24.265000343322754,40.154338356718924,-0.5147426785651454,0.026692775506855337,-0.5414354540720008,18.450841373764504,12.36469911550715,6.086142258257354,62.590908343010305,43.96416092034835,-64.9006220987149,0.2502142386839262,-8.209238544055783,0.060001373291015625,-3161.050818694025,-1.291882026896758,36.15815652064093,-2.556242888715429,-3.683585096456209,-0.27329258419913627,-0.23866184692562398,-8.363365820522867,0.09273360334934821,-0.3272664729445971,-29377598.04484291,-32572353.533209667,-0.8849995930989606,0,1,0,-0.8849995930989606,0,0,0,1,0,0.4097618703907472,0.42000007629394553,23.106337432511214,24.256500053405762,25.40666267430031,9.483335339906617,0.4058832490530623,23.504727488764434,24.295205069087626,25.085682649410817,23.51000022888184,24.869999885559082,26.229999542236328,6.524559992202657,0.17404041076189705,23.25949934210696,24.256500053405762,25.454499513768337,190956950.0,30.06093564929046,-0.3849820424973587,-241851810.3988156,-2507706.440606445,-2660.150997936493,23.95333417256673,1301635236.333234,966.9845164954186,-10.286302092344917,-2.7782293111924687,-7.508072781152448,1.0384674967096004,-0.3764670037877508,0.5750813104472743,0.3307185136257543,24.1200008392334,24.1200008392334,0.9071604644143757,0.12685940794370543,0.8635130301261174,0.3307185136257543,23.44200041634696,-0.10749998092651367,3.299648948107925,0.8435331641303171,0.013490793062236328,0.015202728281759281,-0.08209238544055786,-0.10565469992218046,0.004579871091545451,,0.013400602568937688,-0.13260295881877815,-0.4911747001857979,-0.32878460548501,-0.2749755391704196
2026-09-24 00:00:00+05:30,23.989999771118164,23.989999771118164,23.649999618530277,23.739999771118164,2411463,0.0,0.0,24.16900005340576,25.37419994354248,25.708900032043452,26.457467088699353,24.242328374042916,25.015766631376245,25.636087076832187,26.76352816694681,23.935809671311155,24.821262756048462,23.55405225371877,24.189170945168648,23.468207561391537,23.714904548589953,23.566612789187076,23.512680349586287,24.008826926043973,23.5573665883697,23.81719891659357,24.249010388609527,25.506851619449687,24.338534692545416,23.766229667241323,23.890000343322754,24.005000114440918,24.20499992370606,35.89038641679864,-0.49659044351882287,0.03587600844254235,-0.5324664519613652,21.645732253935062,17.1532556197147,4.492476634220363,75.58012213962942,60.848972306979576,-83.45326307700778,-0.7939846704327967,-6.865437488088424,-0.1900005340576172,-3649.952507271024,-1.2056761012357846,36.68591898719706,-1.8626692805516907,-2.556242888715429,-0.2757319317090223,-0.24790687278146337,-7.460725261151653,0.003770744486381261,-0.3362294081015058,-26702032.282981917,-30515383.953056954,-0.7566665013631202,0,1,0,-0.7566665013631202,0,0,0,1,0,0.40835040086262714,0.39000129699706676,23.155846794682134,24.16900005340576,25.182153312129387,8.383907124704223,0.2882846062065417,23.452848411465347,24.242328374042916,25.031808336620486,23.51000022888184,24.609999656677246,25.709999084472656,6.407293811682693,0.155429299928271,23.212564560120573,24.16900005340576,25.297565075104707,188545487.0,19.044276056631926,-0.36046489144979527,-242986614.92494068,-2132690.3919190466,-105628.93795543037,23.793333053588867,1298625911.7402673,965.7365916493949,-11.76138580304873,-3.402650417517025,-8.358735385531705,0.8071063533147127,-0.8468615751738344,0.5065766293618125,0.2566198814155751,24.08000087738037,24.08000087738037,1.002725339798571,0.6970480512671973,0.8473799865510224,0.2566198814155751,23.46942890712193,-0.0875,3.303720689783268,0.8240887663099501,-0.012479248460236514,0.006358610324715075,-0.06865437488088422,-0.12559852284803485,-0.06881101189262673,,-0.012557768210173683,-0.13260295881877815,-0.4911747001857979,-0.32878460548501,-0.2749755391704196
2026-09-25 00:00:00+05:30,23.739999771118164,23.950000762939453,23.549999237060547,23.899999618530277,2615016,0.0,0.0,24.090000057220458,25.330999946594236,25.6801000213623,26.435037078857434,24.209725635422664,24.97201106224503,25.60170910736086,26.735035345569532,23.910190582275394,24.763450978597003,23.557501905901542,24.135791228684212,23.512451728332024,23.67087678451433,23.618777183681335,23.445614444006882,24.006618853486245,23.569045808318027,23.74240679623351,24.177993637541878,25.478997641774683,24.304847685009953,23.815605389803792,23.81999969482422,23.885000228881836,23.980000495910645,39.575686781600446,-0.4639459359993019,0.05481641276965066,-0.5187623487689526,31.045129341135528,23.713900989611698,7.33122835152383,88.03333871064152,75.40145639776041,-58.51072680087073,-0.9121111652088719,-6.200941727204513,-0.22000122070312145,-4321.777648121369,-1.1300291846780226,44.800409604393316,-1.4436638459563995,-1.8626692805516907,-0.27602358042689845,-0.2557530376751956,-6.211922302186217,-0.02390977682068751,-0.42391130269959376,-23960727.552305188,-28017839.112736627,-0.6033331553141288,0,1,0,-0.6033331553141288,1,0,0,0,0,0.40775405264950426,0.40000152587890647,23.281544826783446,24.090000057220458,24.89845528765747,6.7119570653109655,0.3824916757681959,23.41924347387555,24.209725635422664,25.00020779696978,23.51000022888184,24.5,25.489999771118164,6.155218576344531,0.15934801376158073,23.1186472480775,24.090000057220458,25.213648468780633,191160503.0,25.881538021728154,-0.32605126773407206,-241025365.39426103,-1161359.8493380547,-30767.352393192625,23.799999872843426,1300388347.1447077,965.7365916493949,-12.36797403790791,-3.207390921900963,-9.160583116006947,0.9543657916809958,-0.47003329692721635,0.404227615218506,0.16339996490524053,24.010000228881836,24.010000228881836,0.6214984992878644,-0.7853555343357393,0.8242444827770579,0.16339996490524053,23.550571632385253,-0.07899999618530255,3.306708447244789,0.7961332194010418,0.006739673502725418,0.006315773411801118,-0.06200941727204512,-0.11350146772463188,-0.05414212412317132,,0.006717063436056015,-0.13260295881877815,-0.4911747001857979,-0.32878460548501,-0.2749755391704196
2026-09-28 00:00:00+05:30,23.8700008392334,23.8700008392334,23.229999542236328,23.32999992370605,3548489,0.0,0.0,24.01200008392334,25.26479995727539,25.649800014495845,26.408281707763688,24.125942234306798,24.907618468576835,25.55672476709047,26.701154396098254,23.837809617178785,24.684980389464133,23.460031020873334,24.04232417574896,23.406887422389747,23.56770738617229,23.61295718238467,23.376611859248232,23.955793076474855,23.509136734578938,23.61956733796363,24.09525532582438,25.406647947592603,24.222827370826415,23.778347746664636,23.614999771118164,23.725000381469727,23.734999656677246,32.4247072806059,-0.4785526828460611,0.03216773273831319,-0.5107204155843743,22.645678582227752,25.112180059099448,-2.466501476871695,68.93248176617132,77.51531420548075,-90.09897437543823,-3.2752938973465464,-6.26757534831914,-0.7900009155273473,-4827.3667001692165,-1.0807644900153655,43.26170837220567,-1.490368809385242,-1.4436638459563995,-0.2770769476723278,-0.2622811907862189,-5.96884187537708,-0.011922469661875823,-0.6519237666589461,-21809096.52731926,-25418702.373789396,-0.5966666539510102,0,1,0,-0.5966666539510102,1,0,0,0,0,0.4264859114812503,0.6700000762939489,23.227878626149803,24.01200008392334,24.796121541696877,6.5310799186489,0.06511829037698787,23.283125025993893,24.125942234306798,24.968759442619703,23.229999542236328,24.175000190734863,25.1200008392334,5.8690518183864695,0.16055978219764486,23.03770299245494,24.01200008392334,25.13270468999523,187612014.0,25.907195910231415,-0.31044885188128746,-243464949.59889233,-1434650.5243614316,-315320.25163518253,23.476666768391926,1291925427.9841611,965.7365916493949,-10.389809371146429,-0.9833810041115854,-9.406428367034843,1.1465582209109344,-1.739526838492051,0.392060728886768,0.1537116151352238,23.954999923706055,23.954999923706055,0.4307348102579365,-0.5643539661652451,0.8238510263109095,0.1537116151352238,23.489428683689663,-0.0779999732971195,3.305197610978639,0.7730665037367085,-0.023849359996737873,-0.012277769061110666,-0.06267575348319143,-0.12194203268091541,-0.09639728015828009,,-0.024138360213257846,-0.13260295881877815,-0.4911747001857979,-0.32878460548501,-0.2749755391704196
2026-09-29 00:00:00+05:30,23.399999618530277,23.450000762939453,22.96999931335449,23.049999237060547,4035725,0.0,0.0,23.935000038146974,25.188599929809566,25.62550001144409,26.38061812400819,24.023471472664298,24.834770655576197,25.507086637782947,26.664824494018276,23.746190488906137,24.59812545925963,23.328268733309855,23.93341843625076,23.253684573134297,23.442770179630426,23.53885270428347,23.299205392275717,23.898197064065084,23.40540925213764,23.474094028242057,24.01955637387435,25.320842226386688,24.120657695199487,23.64203793227536,23.1899995803833,23.585000038146973,23.585000038146973,29.59569535788253,-0.5068793605598749,0.0030728440195995077,-0.5099522045794744,19.298116665466395,24.32964152960989,-5.0315248641434955,53.37753583899078,70.11445210526787,-93.49594882729184,-2.8246209767667576,-6.262712102363577,-0.6700000762939418,-5018.884838390177,-1.0912646237541601,39.450701999505846,-1.7482345671461752,-1.490368809385242,-0.2796440339918438,-0.2677051278891667,-6.1111012641842395,-0.31307624997943506,-0.7930776995643996,-20359771.572089598,-23100242.002386734,-0.605000495910645,0,1,0,-0.605000495910645,1,0,0,0,0,0.4303084499172299,0.4800014495849647,23.089790366674357,23.935000038146974,24.78020970961959,7.062541634640015,-0.023539206280307954,23.16949372236501,24.023471472664298,24.877449222963584,22.96999931335449,24.02999973297119,25.09000015258789,5.546650945633275,0.16052178256828334,22.973449453917276,23.935000038146974,25.035951361265912,183576289.0,26.25008545214605,-0.3121592563144013,-246155438.27771962,-2272093.059737742,-431703.897274789,23.156666437784832,1287081854.153009,965.7365916493949,-7.541898224410951,1.4916241140991149,-9.033522338510066,1.2766889189263744,-2.0941568251212352,0.42260483573630764,0.17859484718771154,23.914999961853027,23.914999961853027,0.1189226732026406,0.1834437134081939,0.8253820836436995,0.17859484718771154,23.368571390424457,-0.07700004577636718,3.3044185794868004,0.7609332021077476,-0.012001744001764458,-0.028246209767667563,-0.06262712102363577,-0.1268939556771187,-0.09552702367221255,,-0.0120743464197993,-0.13260295881877815,-0.4911747001857979,-0.32878460548501,-0.2749755391704196
2026-09-30 00:00:00+05:30,23.049999237060547,23.5,23.049999237060547,23.280000686645508,2802505,0.0,0.0,23.87950010299683,25.12319995880127,25.605000019073486,26.35380947113038,23.9526647311387,24.773799284245584,25.462985925879234,26.631144655138947,23.68380959828695,24.52327843011594,23.259608534151997,23.849213873615263,23.194069737087784,23.35548463933417,23.453747061114285,23.22393413114229,23.88086363046017,23.36394182057245,23.379815893886402,23.956287427484025,25.26619441600941,24.051456207802417,23.479266922801333,23.164999961853027,23.585000038146973,23.56999969482422,34.64027615556411,-0.5049485296216467,0.00400293996626222,-0.5089514695879089,14.079502715689372,18.67443265446117,-4.594929938771799,41.181536909434655,54.49718483819892,-74.1665686502018,-1.6891875564834549,-4.551040306602209,-0.39999961853027344,-5040.310737799928,-1.1328236916485928,41.24147444688921,-1.9190770958125536,-1.7482345671461752,-0.28186498838709273,-0.272042510446149,-5.678554914910336,-0.19406610916554712,-0.6440668721050002,-19372310.944442865,-21278462.44926096,-0.568333625793457,0,1,0,-0.568333625793457,0,0,0,1,0,0.43171504370453156,0.45000076293945335,23.01454534529545,23.87950010299683,24.74445486069821,7.244328850860909,0.1534504197973933,23.094303764117544,23.9526647311387,24.811025698159856,22.96999931335449,24.02999973297119,25.09000015258789,5.129600377679967,0.16590734374137903,22.914895458064624,23.87950010299683,24.967397136531424,186378794.0,33.17512963347688,-0.2693337482749413,-246093147.19044796,-2388309.38192001,-277949.02445423335,23.27666664123535,1289878297.683613,966.7344287738975,-8.205627823744996,0.6623156118120566,-8.867943435557052,0.9322713475952465,-1.386198320810427,0.43247737885068993,0.18703668321756317,23.824999809265137,23.824999809265137,0.26994335353869203,0.18172487951193225,0.834968164194675,0.18703668321756317,23.292428588867185,-0.05549993515014666,3.3055802882515715,0.7409331766764325,0.009978371245026096,-0.03161398502239465,-0.045510403066022054,-0.10838758550561167,-0.1051517490283298,,0.00992891601498702,-0.13260295881877815,-0.4911747001857979,-0.32878460548501,-0.2749755391704196
2026-10-01 00:00:00+05:30,23.21999931335449,23.350000381469727,22.809999465942383,22.93000030517578,3788182,0.0,0.0,23.794000148773193,25.061799964904786,25.579800014495852,26.327267150878914,23.85526811914223,24.70149344192912,25.412827794776195,26.59431734817414,23.593381046113517,24.437270600562,23.14009653006222,23.7436959636077,23.060790358919704,23.237419026418728,23.332376538066114,23.14306854645463,23.835935790594615,23.244518848170458,23.262176096797337,23.830545480950843,25.194082600822327,23.954493791903346,23.301059525988897,23.105000495910645,23.52500057220459,23.47499942779541,31.000181077271073,-0.5256016294924457,-0.013320127923629355,-0.5122815015688164,13.78670084377056,15.72144007497544,-1.9347392312048797,37.66135969067524,44.07347747970022,-90.97737999119467,-2.797795011203955,-6.939931521228246,-0.6599998474121094,-5253.285649942764,-1.1947942284976705,36.6176731087402,-2.2247415925652114,-1.9190770958125536,-0.285091367318846,-0.27559421509501214,-6.001045401358442,-0.2349134699829989,-0.7749143855103426,-19354604.726715725,-20104644.38118332,-0.6366669336954746,0,1,0,-0.6366669336954746,0,0,0,1,0,0.4394497488347324,0.540000915527344,22.907768286661604,23.794000148773193,24.680232010884783,7.449204476509876,0.012543003397105472,22.975798498403595,23.85526811914223,24.734737739880867,22.809999465942383,23.914999961853027,25.020000457763672,4.8568843087953635,0.1649170223981347,22.830894967977972,23.794000148773193,24.878397008841016,182590612.0,34.351332036427884,-0.25094978223919207,-248197683.82579178,-2888358.681156695,-427651.3274003074,23.03000005086263,1284183000.8366618,966.7344287738975,-6.254963141961948,2.0903842348760833,-8.345347376838031,1.2131868872327471,-1.9498279864115777,0.44311593105579494,0.19635172835544404,23.744999885559082,23.744999885559082,0.0315522121747594,0.4547156979806868,0.8309516610076866,0.19635172835544404,23.192142840794155,-0.08549995422363299,3.3043299331700835,0.723066482543946,-0.0150343802038847,-0.03411960715045248,-0.06939931521228249,-0.11976963620966397,-0.12192494667752918,,-0.015148542179487622,-0.13260295881877815,-0.4911747001857979,-0.32878460548501,-0.2749755391704196
2026-10-02 00:00:00+05:30,22.93000030517578,22.93000030517578,22.93000030517578,22.93000030517578,0,0.0,0.0,23.701500129699706,25.00279998779297,25.557200012207037,26.30180676460267,23.767147374954952,24.632023122840753,25.36366289399203,26.557856482074655,23.511095346723287,24.35367061390596,23.040359073427403,23.64504033709409,22.95809551208402,23.130576611876513,23.20231210477424,23.06017176668594,23.771411602228955,23.148850364641667,23.172286885970113,23.73978700409138,25.17697924524301,23.86733465620531,23.15910744754276,22.93000030517578,23.485000610351562,23.47499942779541,31.000181077271076,-0.5357930709354655,-0.018809255493319244,-0.5169838154421462,14.626223789136283,14.164142449532072,0.46208133960421094,41.13201444022667,39.99163701344552,-90.97737999119467,-3.4526302939967106,-7.465699476218065,-0.8199996948242188,-5349.749243204251,-1.2687941831700904,33.19543181542797,-2.590781374059546,-2.2247415925652114,-0.2886446009601973,-0.27853141914927493,-6.303578913133165,-0.5613544682373828,-0.5613544682373828,-20022999.927685495,-19639433.807015378,-0.6883335113525384,0,1,0,-0.6883335113525384,0,0,0,1,0,0.408060481060823,2.220446049250313e-16,22.863726584461038,23.701500129699706,24.539273674938375,7.069371479899515,0.03955348142191774,22.971436765715236,23.767147374954952,24.562857984194668,22.809999465942383,23.854999542236328,24.899999618530277,4.544229911478492,0.16189528590393426,22.796449508697496,23.701500129699706,24.72645124438475,182590612.0,34.351332036427884,-0.2729046017908566,-248197683.82579178,-2830346.241648376,-366558.28062883497,,1284183000.8366618,966.7344287738975,-14.331458625115992,-4.788888998622369,-9.542569626493624,0.0,-1.841786074312328,0.4188867726193346,0.1754661282754421,23.729999542236328,23.729999542236328,-0.48982546167613206,-0.3875491582796046,0.8286407468933719,0.1754661282754421,23.130285780770436,-0.09250001907348633,3.3016616609808875,0.6970665020412874,0.0,-0.040585745976432164,-0.07465699476218068,-0.14119851498268743,-0.12914110618323138,,0.0,-0.13260295881877815,-0.4911747001857979,-0.32878460548501,-0.2749755391704196
2026-10-05 00:00:00+05:30,23.049999237060547,23.899999618530277,22.959999084472656,23.15999984741211,7010331,0.0,0.0,23.63850011825561,24.93279998779297,25.5420000076294,26.277299652099618,23.709323800903253,24.57429671988277,25.320026001980544,26.524046963321794,23.459523891267324,24.281403941734162,22.999436865855362,23.570556518970466,22.94029964193104,23.060167580170905,23.101041140040273,22.986649663111848,23.752992488165695,23.096578937672913,23.11572659798055,23.629636131578764,24.962853841441184,23.810349928579083,23.085243312690697,23.045000076293945,23.485000610351562,23.46500015258789,36.116394160878166,-0.5193243727316812,-0.0018724458316279335,-0.5174519269000533,14.920932793653881,14.444619142186907,0.4763136514669739,44.77968126611079,41.1910184656709,-73.28244163664901,-1.9475062467280533,-5.159706080857054,-0.46000099182128906,-5483.0640428650295,-1.2175002210280432,32.25433534597822,-1.98394096661237,-2.590781374059546,-0.29094592278029463,-0.28092399527173995,-6.089693099032364,0.4559812631172626,-0.4840192709403581,-21076312.23884224,-19867305.415347926,-0.74666690826416,0,1,0,-0.74666690826416,1,0,0,0,0,0.4481989690817996,0.9699993133544957,22.8396250155932,23.63850011825561,24.43737522091802,6.759101454541552,0.20051622008947131,22.804633380475984,23.709323800903253,24.61401422133052,22.809999465942383,23.630000114440918,24.450000762939453,4.261810168226346,0.16377434007450434,22.693651574233215,23.63850011825561,24.713653462508358,189600943.0,47.04473026366153,-0.27851934296320274,-252224885.56647974,-3830692.048282206,-83853.82326398138,23.339999516805012,1291214718.6712282,966.7344287738975,-2.7314394875351886,5.4489041111667476,-8.180343598701937,2.2262647714902686,-1.1979351196421146,0.39943755133120545,0.15955035741346937,23.71999931335449,23.71999931335449,-0.520645771901163,-0.851212012956731,0.814758442570581,0.15955035741346937,23.101571437290737,-0.0630000114440918,3.3016308266548426,0.6497998852199985,0.010030507595955473,-0.0072867585447868866,-0.051597060808570516,-0.1250472063394591,-0.11144403525330548,,0.009980535937539902,-0.13260295881877815,-0.4911747001857979,-0.32878460548501,-0.2749755391704196
2026-10-06 00:00:00+05:30,23.200000762939453,23.489999771118164,23.13999938964844,23.270000457763672,3053454,0.0,0.0,23.593000125885006,24.864799995422363,25.5270000076294,26.25275239944459,23.667483482509006,24.523147846858492,25.279431436748528,26.491668391127188,23.424428685506186,24.21619611702713,22.98734930082326,23.509626971899817,22.96076335126701,23.009856167400788,23.035396176870766,22.926751056869232,23.738906045637826,23.039761895989777,23.077855026525583,23.58309782099604,24.848373832549417,23.768041758679313,23.079929825147417,23.21500015258789,23.485000610351562,23.46500015258789,38.46638364613901,-0.49172834256982867,0.020578867464179695,-0.5123072100340084,23.61824036314698,17.721798981979045,5.896441381167936,63.2295743828851,49.713756696407515,-64.88545728271536,-1.897128451169326,-3.7634401816666725,-0.44999885559081676,-5430.438932249571,-1.1244414946612196,29.428127526875862,-1.4698180390711832,-1.98394096661237,-0.29144404889317466,-0.2829408246821886,-5.647845252909926,0.07084111536934046,-0.27915926610038255,-21642508.708640013,-20532622.96140187,-0.7266667683919265,0,1,0,-0.7266667683919265,1,0,0,0,0,0.4411847842523656,0.35000038146972323,22.82076872450197,23.593000125885006,24.36523152726804,6.546275567012633,0.2908660101474413,22.782287315175818,23.667483482509006,24.552679649842194,22.809999465942383,23.524999618530273,24.239999771118164,3.915503525727348,0.16343582340554408,22.639716601332797,23.593000125885006,24.669718241652614,192654397.0,48.516125646724525,-0.25261197018034687,-253010043.28763658,-4141502.60333848,-23891.590843352635,23.299999872843426,1292664985.5360527,967.2093882345033,-3.4433115436227846,3.789625644063322,-7.232937187686106,0.939981833003578,-0.8365359594102356,0.38611570069151707,0.1490853343205012,23.699999809265137,23.699999809265137,-0.39384171110356936,-1.0240735551980333,0.7967571233440611,0.1490853343205012,23.087285804748532,-0.045499992370605466,3.301695480743886,0.5957111824883362,0.004749594606057617,0.009544521821475804,-0.037634401816666774,-0.11149293687477257,-0.11191553540102994,,0.0047383508696674246,-0.13260295881877815,-0.4911747001857979,-0.32878460548501,-0.2749755391704196
2026-10-07 00:00:00+05:30,23.200000762939453,23.530000686645508,22.950000762939453,23.399999618530277,3707604,0.0,0.0,23.564000129699703,24.80259998321533,25.515699996948246,26.22713388442994,23.642008828796747,24.479102818296603,25.24221496510064,26.460905517768015,23.406047684805735,24.15875296499215,23.00360083486522,23.46301008746312,23.017299145615763,22.980367139260803,23.018729061688177,22.884998071017492,23.721317476585092,23.04168928360431,23.04186070577604,23.544842924157738,24.77669395161398,23.740059696473452,23.140903962456534,23.335000038146973,23.485000610351562,23.46500015258789,41.21838200670787,-0.4541334759993063,0.04653898722776173,-0.500672463227068,35.62341115113474,24.72086143597853,10.902549715156209,85.8506085461147,64.61995473170353,-54.9618676272314,-2.6622349110797763,-2.418681963210586,-0.6400012969970668,-5361.434166041509,-1.0555589227115405,37.75530057094705,-1.1330002067235374,-1.4698180390711832,-0.2896951188274266,-0.28449228991756687,-5.057145868842014,0.11357903621361487,-0.4664208874924398,-20786445.711744603,-21041181.255732432,-0.5850000381469714,0,1,0,-0.5850000381469714,1,0,0,0,0,0.4511001513562006,0.5799999237060549,22.80960500719252,23.564000129699703,24.318395252206887,6.402946175139047,0.39130330626715787,22.730640882408423,23.642008828796747,24.553376775185072,22.809999465942383,23.505000114440918,24.200000762939453,3.72677899700669,0.16366512821522944,22.56424082930622,23.564000129699703,24.661742584066957,196362001.0,47.40706628241678,-0.1764077384177806,-250964482.54125804,-3241291.901710272,48376.551913541756,23.293333689371746,1294736259.2746577,967.2093882345033,-2.440161493448221,3.8342205553903086,-6.27438204883853,1.1244442345742938,-0.43478677493136747,0.37719756125359266,0.14227800021565778,23.65000057220459,23.65000057220459,-0.2366266957827391,-0.9913565238458607,0.7759366491438472,0.14227800021565778,23.090142795017787,-0.028999996185302558,3.3008503815280523,0.528977809482151,0.00558655600383684,0.005154593141984076,-0.024186819632105894,-0.10823171407622567,-0.11983943181135803,,0.0055710090754924795,-0.13260295881877815,-0.4911747001857979,-0.32878460548501,-0.2749755391704196
2026-10-08 00:00:00+05:30,23.399999618530277,23.489999771118164,22.899999618530277,22.959999084472656,3559011,0.0,0.0,23.515500068664547,24.7453999710083,25.497099990844728,26.200102224349983,23.5770555198135,24.419530122852528,25.197022571424835,26.426070627884478,23.348523775736492,24.086494106217927,22.94068100765251,23.386047654468207,22.954914534219203,22.90562409364655,22.993428954087292,22.84640603308584,23.672822060096806,22.944385404252948,22.967277834267165,23.491066652719983,24.69329067898066,23.67637426803204,23.17573275633677,23.179999351501465,23.485000610351562,23.46500015258789,35.440909035235286,-0.454603255893101,0.03685536586717364,-0.49145862176027466,30.534338548688872,29.925330020990195,0.609008527698677,79.47511994562572,76.18510095820851,-88.54965944398661,-3.2855968583219974,-4.0534943933674965,-0.7800006866455078,-5186.364311288874,-0.9557942446540366,35.745412973730346,-0.8775308934396935,-1.1330002067235374,-0.28812804616248355,-0.2858372305548541,-5.511954626487373,0.138781344394733,-0.4512188081931541,-19652940.166795556,-20931193.54106784,-0.5716667175292951,0,1,0,-0.5716667175292951,1,0,0,0,0,0.4610215800156068,0.5900001525878873,22.735878295336228,23.515500068664547,24.295121841992867,6.630705458543066,0.1437368713931782,22.64010353925494,23.5770555198135,24.514007500372056,22.809999465942383,23.489999771118164,24.170000076293945,3.7545202963030464,0.17541298514310616,22.50658754387375,23.515500068664547,24.641589203267053,192802990.0,39.543428964978624,-0.20809129470407373,-253799633.52750576,-3480454.4828766286,-182243.9184622423,23.116666158040363,1288044093.6069417,965.3290440412103,-1.9731226368852082,3.441007529562658,-5.414130166447866,1.0430767686009481,-1.425052514427284,0.38981088666416047,0.15195252736189896,23.605000495910645,23.605000495910645,-0.06336023438767245,-1.1119887990124548,0.7919671688665469,0.15195252736189896,23.01457118988037,-0.04850006103515625,3.299282113325162,0.5012000613742411,-0.018803441932930154,0.001308276445600498,-0.04053494393367496,-0.12030656134497164,-0.1230882289949593,-0.2420976256595715,-0.01898247448505018,-0.13260295881877815,-0.4911747001857979,-0.32878460548501,-0.2749755391704196
